time,fmu.x
0.001, 1.000000
0.002, 1.000000
0.003, 1.000000
0.004, 1.000000
0.005, 1.000000
0.006, 1.000000
0.007, 1.000000
0.008, 1.000000
0.009, 1.000000
0.01, 1.000000
0.011, 1.000000
0.012, 1.000000
0.013, 1.000000
0.014, 1.000000
0.015, 1.000000
0.016, 1.000000
0.017, 1.000000
0.018, 1.000000
0.019, 1.000000
0.02, 1.000000
0.021, 1.000000
0.022, 1.000000
0.023, 1.000000
0.024, 1.000000
0.025, 1.000000
0.026, 1.000000
0.027, 1.000000
0.028, 1.000000
0.029, 1.000000
0.03, 1.000000
0.031, 1.000000
0.032, 1.000000
0.033, 1.000000
0.034, 1.000000
0.035, 1.000000
0.036, 1.000000
0.037, 1.000000
0.038, 1.000000
0.039, 1.000000
0.04, 1.000000
0.041, 1.000000
0.042, 1.000000
0.043, 1.000000
0.044, 1.000000
0.045, 1.000000
0.046, 1.000000
0.047, 1.000000
0.048, 1.000000
0.049, 1.000000
0.05, 1.000000
0.051, 1.000000
0.052, 1.000000
0.053, 1.000000
0.054, 1.000000
0.055, 1.000000
0.056, 1.000000
0.057, 1.000000
0.058, 1.000000
0.059, 1.000000
0.06, 1.000000
0.061, 1.000000
0.062, 1.000000
0.063, 1.000000
0.064, 1.000000
0.065, 1.000000
0.066, 1.000000
0.067, 1.000000
0.068, 1.000000
0.069, 1.000000
0.07, 1.000000
0.071, 1.000000
0.072, 1.000000
0.073, 1.000000
0.074, 1.000000
0.075, 1.000000
0.076, 1.000000
0.077, 1.000000
0.078, 1.000000
0.079, 1.000000
0.08, 1.000000
0.081, 1.000000
0.082, 1.000000
0.083, 1.000000
0.084, 1.000000
0.085, 1.000000
0.086, 1.000000
0.087, 1.000000
0.088, 1.000000
0.089, 1.000000
0.09, 1.000000
0.091, 1.000000
0.092, 1.000000
0.093, 1.000000
0.094, 1.000000
0.095, 1.000000
0.096, 1.000000
0.097, 1.000000
0.098, 1.000000
0.099, 1.000000
0.1, 0.900000
0.101, 0.900000
0.102, 0.900000
0.103, 0.900000
0.104, 0.900000
0.105, 0.900000
0.106, 0.900000
0.107, 0.900000
0.108, 0.900000
0.109, 0.900000
0.11, 0.900000
0.111, 0.900000
0.112, 0.900000
0.113, 0.900000
0.114, 0.900000
0.115, 0.900000
0.116, 0.900000
0.117, 0.900000
0.118, 0.900000
0.119, 0.900000
0.12, 0.900000
0.121, 0.900000
0.122, 0.900000
0.123, 0.900000
0.124, 0.900000
0.125, 0.900000
0.126, 0.900000
0.127, 0.900000
0.128, 0.900000
0.129, 0.900000
0.13, 0.900000
0.131, 0.900000
0.132, 0.900000
0.133, 0.900000
0.134, 0.900000
0.135, 0.900000
0.136, 0.900000
0.137, 0.900000
0.138, 0.900000
0.139, 0.900000
0.14, 0.900000
0.141, 0.900000
0.142, 0.900000
0.143, 0.900000
0.144, 0.900000
0.145, 0.900000
0.146, 0.900000
0.147, 0.900000
0.148, 0.900000
0.149, 0.900000
0.15, 0.900000
0.151, 0.900000
0.152, 0.900000
0.153, 0.900000
0.154, 0.900000
0.155, 0.900000
0.156, 0.900000
0.157, 0.900000
0.158, 0.900000
0.159, 0.900000
0.16, 0.900000
0.161, 0.900000
0.162, 0.900000
0.163, 0.900000
0.164, 0.900000
0.165, 0.900000
0.166, 0.900000
0.167, 0.900000
0.168, 0.900000
0.169, 0.900000
0.17, 0.900000
0.171, 0.900000
0.172, 0.900000
0.173, 0.900000
0.174, 0.900000
0.175, 0.900000
0.176, 0.900000
0.177, 0.900000
0.178, 0.900000
0.179, 0.900000
0.18, 0.900000
0.181, 0.900000
0.182, 0.900000
0.183, 0.900000
0.184, 0.900000
0.185, 0.900000
0.186, 0.900000
0.187, 0.900000
0.188, 0.900000
0.189, 0.900000
0.19, 0.900000
0.191, 0.900000
0.192, 0.900000
0.193, 0.900000
0.194, 0.900000
0.195, 0.900000
0.196, 0.900000
0.197, 0.900000
0.198, 0.900000
0.199, 0.900000
0.2, 0.810000
0.201, 0.810000
0.202, 0.810000
0.203, 0.810000
0.204, 0.810000
0.205, 0.810000
0.206, 0.810000
0.207, 0.810000
0.208, 0.810000
0.209, 0.810000
0.21, 0.810000
0.211, 0.810000
0.212, 0.810000
0.213, 0.810000
0.214, 0.810000
0.215, 0.810000
0.216, 0.810000
0.217, 0.810000
0.218, 0.810000
0.219, 0.810000
0.22, 0.810000
0.221, 0.810000
0.222, 0.810000
0.223, 0.810000
0.224, 0.810000
0.225, 0.810000
0.226, 0.810000
0.227, 0.810000
0.228, 0.810000
0.229, 0.810000
0.23, 0.810000
0.231, 0.810000
0.232, 0.810000
0.233, 0.810000
0.234, 0.810000
0.235, 0.810000
0.236, 0.810000
0.237, 0.810000
0.238, 0.810000
0.239, 0.810000
0.24, 0.810000
0.241, 0.810000
0.242, 0.810000
0.243, 0.810000
0.244, 0.810000
0.245, 0.810000
0.246, 0.810000
0.247, 0.810000
0.248, 0.810000
0.249, 0.810000
0.25, 0.810000
0.251, 0.810000
0.252, 0.810000
0.253, 0.810000
0.254, 0.810000
0.255, 0.810000
0.256, 0.810000
0.257, 0.810000
0.258, 0.810000
0.259, 0.810000
0.26, 0.810000
0.261, 0.810000
0.262, 0.810000
0.263, 0.810000
0.264, 0.810000
0.265, 0.810000
0.266, 0.810000
0.267, 0.810000
0.268, 0.810000
0.269, 0.810000
0.27, 0.810000
0.271, 0.810000
0.272, 0.810000
0.273, 0.810000
0.274, 0.810000
0.275, 0.810000
0.276, 0.810000
0.277, 0.810000
0.278, 0.810000
0.279, 0.810000
0.28, 0.810000
0.281, 0.810000
0.282, 0.810000
0.283, 0.810000
0.284, 0.810000
0.285, 0.810000
0.286, 0.810000
0.287, 0.810000
0.288, 0.810000
0.289, 0.810000
0.29, 0.810000
0.291, 0.810000
0.292, 0.810000
0.293, 0.810000
0.294, 0.810000
0.295, 0.810000
0.296, 0.810000
0.297, 0.810000
0.298, 0.810000
0.299, 0.810000
0.3, 0.729000
0.301, 0.729000
0.302, 0.729000
0.303, 0.729000
0.304, 0.729000
0.305, 0.729000
0.306, 0.729000
0.307, 0.729000
0.308, 0.729000
0.309, 0.729000
0.31, 0.729000
0.311, 0.729000
0.312, 0.729000
0.313, 0.729000
0.314, 0.729000
0.315, 0.729000
0.316, 0.729000
0.317, 0.729000
0.318, 0.729000
0.319, 0.729000
0.32, 0.729000
0.321, 0.729000
0.322, 0.729000
0.323, 0.729000
0.324, 0.729000
0.325, 0.729000
0.326, 0.729000
0.327, 0.729000
0.328, 0.729000
0.329, 0.729000
0.33, 0.729000
0.331, 0.729000
0.332, 0.729000
0.333, 0.729000
0.334, 0.729000
0.335, 0.729000
0.336, 0.729000
0.337, 0.729000
0.338, 0.729000
0.339, 0.729000
0.34, 0.729000
0.341, 0.729000
0.342, 0.729000
0.343, 0.729000
0.344, 0.729000
0.345, 0.729000
0.346, 0.729000
0.347, 0.729000
0.348, 0.729000
0.349, 0.729000
0.35, 0.729000
0.351, 0.729000
0.352, 0.729000
0.353, 0.729000
0.354, 0.729000
0.355, 0.729000
0.356, 0.729000
0.357, 0.729000
0.358, 0.729000
0.359, 0.729000
0.36, 0.729000
0.361, 0.729000
0.362, 0.729000
0.363, 0.729000
0.364, 0.729000
0.365, 0.729000
0.366, 0.729000
0.367, 0.729000
0.368, 0.729000
0.369, 0.729000
0.37, 0.729000
0.371, 0.729000
0.372, 0.729000
0.373, 0.729000
0.374, 0.729000
0.375, 0.729000
0.376, 0.729000
0.377, 0.729000
0.378, 0.729000
0.379, 0.729000
0.38, 0.729000
0.381, 0.729000
0.382, 0.729000
0.383, 0.729000
0.384, 0.729000
0.385, 0.729000
0.386, 0.729000
0.387, 0.729000
0.388, 0.729000
0.389, 0.729000
0.39, 0.729000
0.391, 0.729000
0.392, 0.729000
0.393, 0.729000
0.394, 0.729000
0.395, 0.729000
0.396, 0.729000
0.397, 0.729000
0.398, 0.729000
0.399, 0.729000
0.4, 0.656100
0.401, 0.656100
0.402, 0.656100
0.403, 0.656100
0.404, 0.656100
0.405, 0.656100
0.406, 0.656100
0.407, 0.656100
0.408, 0.656100
0.409, 0.656100
0.41, 0.656100
0.411, 0.656100
0.412, 0.656100
0.413, 0.656100
0.414, 0.656100
0.415, 0.656100
0.416, 0.656100
0.417, 0.656100
0.418, 0.656100
0.419, 0.656100
0.42, 0.656100
0.421, 0.656100
0.422, 0.656100
0.423, 0.656100
0.424, 0.656100
0.425, 0.656100
0.426, 0.656100
0.427, 0.656100
0.428, 0.656100
0.429, 0.656100
0.43, 0.656100
0.431, 0.656100
0.432, 0.656100
0.433, 0.656100
0.434, 0.656100
0.435, 0.656100
0.436, 0.656100
0.437, 0.656100
0.438, 0.656100
0.439, 0.656100
0.44, 0.656100
0.441, 0.656100
0.442, 0.656100
0.443, 0.656100
0.444, 0.656100
0.445, 0.656100
0.446, 0.656100
0.447, 0.656100
0.448, 0.656100
0.449, 0.656100
0.45, 0.656100
0.451, 0.656100
0.452, 0.656100
0.453, 0.656100
0.454, 0.656100
0.455, 0.656100
0.456, 0.656100
0.457, 0.656100
0.458, 0.656100
0.459, 0.656100
0.46, 0.656100
0.461, 0.656100
0.462, 0.656100
0.463, 0.656100
0.464, 0.656100
0.465, 0.656100
0.466, 0.656100
0.467, 0.656100
0.468, 0.656100
0.469, 0.656100
0.47, 0.656100
0.471, 0.656100
0.472, 0.656100
0.473, 0.656100
0.474, 0.656100
0.475, 0.656100
0.476, 0.656100
0.477, 0.656100
0.478, 0.656100
0.479, 0.656100
0.48, 0.656100
0.481, 0.656100
0.482, 0.656100
0.483, 0.656100
0.484, 0.656100
0.485, 0.656100
0.486, 0.656100
0.487, 0.656100
0.488, 0.656100
0.489, 0.656100
0.49, 0.656100
0.491, 0.656100
0.492, 0.656100
0.493, 0.656100
0.494, 0.656100
0.495, 0.656100
0.496, 0.656100
0.497, 0.656100
0.498, 0.656100
0.499, 0.656100
0.5, 0.590490
0.501, 0.590490
0.502, 0.590490
0.503, 0.590490
0.504, 0.590490
0.505, 0.590490
0.506, 0.590490
0.507, 0.590490
0.508, 0.590490
0.509, 0.590490
0.51, 0.590490
0.511, 0.590490
0.512, 0.590490
0.513, 0.590490
0.514, 0.590490
0.515, 0.590490
0.516, 0.590490
0.517, 0.590490
0.518, 0.590490
0.519, 0.590490
0.52, 0.590490
0.521, 0.590490
0.522, 0.590490
0.523, 0.590490
0.524, 0.590490
0.525, 0.590490
0.526, 0.590490
0.527, 0.590490
0.528, 0.590490
0.529, 0.590490
0.53, 0.590490
0.531, 0.590490
0.532, 0.590490
0.533, 0.590490
0.534, 0.590490
0.535, 0.590490
0.536, 0.590490
0.537, 0.590490
0.538, 0.590490
0.539, 0.590490
0.54, 0.590490
0.541, 0.590490
0.542, 0.590490
0.543, 0.590490
0.544, 0.590490
0.545, 0.590490
0.546, 0.590490
0.547, 0.590490
0.548, 0.590490
0.549, 0.590490
0.55, 0.590490
0.551, 0.590490
0.552, 0.590490
0.553, 0.590490
0.554, 0.590490
0.555, 0.590490
0.556, 0.590490
0.557, 0.590490
0.558, 0.590490
0.559, 0.590490
0.56, 0.590490
0.561, 0.590490
0.562, 0.590490
0.563, 0.590490
0.564, 0.590490
0.565, 0.590490
0.566, 0.590490
0.567, 0.590490
0.568, 0.590490
0.569, 0.590490
0.57, 0.590490
0.571, 0.590490
0.572, 0.590490
0.573, 0.590490
0.574, 0.590490
0.575, 0.590490
0.576, 0.590490
0.577, 0.590490
0.578, 0.590490
0.579, 0.590490
0.58, 0.590490
0.581, 0.590490
0.582, 0.590490
0.583, 0.590490
0.584, 0.590490
0.585, 0.590490
0.586, 0.590490
0.587, 0.590490
0.588, 0.590490
0.589, 0.590490
0.59, 0.590490
0.591, 0.590490
0.592, 0.590490
0.593, 0.590490
0.594, 0.590490
0.595, 0.590490
0.596, 0.590490
0.597, 0.590490
0.598, 0.590490
0.599, 0.590490
0.6, 0.531441
0.601, 0.531441
0.602, 0.531441
0.603, 0.531441
0.604, 0.531441
0.605, 0.531441
0.606, 0.531441
0.607, 0.531441
0.608, 0.531441
0.609, 0.531441
0.61, 0.531441
0.611, 0.531441
0.612, 0.531441
0.613, 0.531441
0.614, 0.531441
0.615, 0.531441
0.616, 0.531441
0.617, 0.531441
0.618, 0.531441
0.619, 0.531441
0.62, 0.531441
0.621, 0.531441
0.622, 0.531441
0.623, 0.531441
0.624, 0.531441
0.625, 0.531441
0.626, 0.531441
0.627, 0.531441
0.628, 0.531441
0.629, 0.531441
0.63, 0.531441
0.631, 0.531441
0.632, 0.531441
0.633, 0.531441
0.634, 0.531441
0.635, 0.531441
0.636, 0.531441
0.637, 0.531441
0.638, 0.531441
0.639, 0.531441
0.64, 0.531441
0.641, 0.531441
0.642, 0.531441
0.643, 0.531441
0.644, 0.531441
0.645, 0.531441
0.646, 0.531441
0.647, 0.531441
0.648, 0.531441
0.649, 0.531441
0.65, 0.531441
0.651, 0.531441
0.652, 0.531441
0.653, 0.531441
0.654, 0.531441
0.655, 0.531441
0.656, 0.531441
0.657, 0.531441
0.658, 0.531441
0.659, 0.531441
0.66, 0.531441
0.661, 0.531441
0.662, 0.531441
0.663, 0.531441
0.664, 0.531441
0.665, 0.531441
0.666, 0.531441
0.667, 0.531441
0.668, 0.531441
0.669, 0.531441
0.67, 0.531441
0.671, 0.531441
0.672, 0.531441
0.673, 0.531441
0.674, 0.531441
0.675, 0.531441
0.676, 0.531441
0.677, 0.531441
0.678, 0.531441
0.679, 0.531441
0.68, 0.531441
0.681, 0.531441
0.682, 0.531441
0.683, 0.531441
0.684, 0.531441
0.685, 0.531441
0.686, 0.531441
0.687, 0.531441
0.688, 0.531441
0.689, 0.531441
0.69, 0.531441
0.691, 0.531441
0.692, 0.531441
0.693, 0.531441
0.694, 0.531441
0.695, 0.531441
0.696, 0.531441
0.697, 0.531441
0.698, 0.531441
0.699, 0.531441
0.7, 0.478297
0.701, 0.478297
0.702, 0.478297
0.703, 0.478297
0.704, 0.478297
0.705, 0.478297
0.706, 0.478297
0.707, 0.478297
0.708, 0.478297
0.709, 0.478297
0.71, 0.478297
0.711, 0.478297
0.712, 0.478297
0.713, 0.478297
0.714, 0.478297
0.715, 0.478297
0.716, 0.478297
0.717, 0.478297
0.718, 0.478297
0.719, 0.478297
0.72, 0.478297
0.721, 0.478297
0.722, 0.478297
0.723, 0.478297
0.724, 0.478297
0.725, 0.478297
0.726, 0.478297
0.727, 0.478297
0.728, 0.478297
0.729, 0.478297
0.73, 0.478297
0.731, 0.478297
0.732, 0.478297
0.733, 0.478297
0.734, 0.478297
0.735, 0.478297
0.736, 0.478297
0.737, 0.478297
0.738, 0.478297
0.739, 0.478297
0.74, 0.478297
0.741, 0.478297
0.742, 0.478297
0.743, 0.478297
0.744, 0.478297
0.745, 0.478297
0.746, 0.478297
0.747, 0.478297
0.748, 0.478297
0.749, 0.478297
0.75, 0.478297
0.751, 0.478297
0.752, 0.478297
0.753, 0.478297
0.754, 0.478297
0.755, 0.478297
0.756, 0.478297
0.757, 0.478297
0.758, 0.478297
0.759, 0.478297
0.76, 0.478297
0.761, 0.478297
0.762, 0.478297
0.763, 0.478297
0.764, 0.478297
0.765, 0.478297
0.766, 0.478297
0.767, 0.478297
0.768, 0.478297
0.769, 0.478297
0.77, 0.478297
0.771, 0.478297
0.772, 0.478297
0.773, 0.478297
0.774, 0.478297
0.775, 0.478297
0.776, 0.478297
0.777, 0.478297
0.778, 0.478297
0.779, 0.478297
0.78, 0.478297
0.781, 0.478297
0.782, 0.478297
0.783, 0.478297
0.784, 0.478297
0.785, 0.478297
0.786, 0.478297
0.787, 0.478297
0.788, 0.478297
0.789, 0.478297
0.79, 0.478297
0.791, 0.478297
0.792, 0.478297
0.793, 0.478297
0.794, 0.478297
0.795, 0.478297
0.796, 0.478297
0.797, 0.478297
0.798, 0.478297
0.799, 0.478297
0.8, 0.430467
0.801, 0.430467
0.802, 0.430467
0.803, 0.430467
0.804, 0.430467
0.805, 0.430467
0.806, 0.430467
0.807, 0.430467
0.808, 0.430467
0.809, 0.430467
0.81, 0.430467
0.811, 0.430467
0.812, 0.430467
0.813, 0.430467
0.814, 0.430467
0.815, 0.430467
0.816, 0.430467
0.817, 0.430467
0.818, 0.430467
0.819, 0.430467
0.82, 0.430467
0.821, 0.430467
0.822, 0.430467
0.823, 0.430467
0.824, 0.430467
0.825, 0.430467
0.826, 0.430467
0.827, 0.430467
0.828, 0.430467
0.829, 0.430467
0.83, 0.430467
0.831, 0.430467
0.832, 0.430467
0.833, 0.430467
0.834, 0.430467
0.835, 0.430467
0.836, 0.430467
0.837, 0.430467
0.838, 0.430467
0.839, 0.430467
0.84, 0.430467
0.841, 0.430467
0.842, 0.430467
0.843, 0.430467
0.844, 0.430467
0.845, 0.430467
0.846, 0.430467
0.847, 0.430467
0.848, 0.430467
0.849, 0.430467
0.85, 0.430467
0.851, 0.430467
0.852, 0.430467
0.853, 0.430467
0.854, 0.430467
0.855, 0.430467
0.856, 0.430467
0.857, 0.430467
0.858, 0.430467
0.859, 0.430467
0.86, 0.430467
0.861, 0.430467
0.862, 0.430467
0.863, 0.430467
0.864, 0.430467
0.865, 0.430467
0.866, 0.430467
0.867, 0.430467
0.868, 0.430467
0.869, 0.430467
0.87, 0.430467
0.871, 0.430467
0.872, 0.430467
0.873, 0.430467
0.874, 0.430467
0.875, 0.430467
0.876, 0.430467
0.877, 0.430467
0.878, 0.430467
0.879, 0.430467
0.88, 0.430467
0.881, 0.430467
0.882, 0.430467
0.883, 0.430467
0.884, 0.430467
0.885, 0.430467
0.886, 0.430467
0.887, 0.430467
0.888, 0.430467
0.889, 0.430467
0.89, 0.430467
0.891, 0.430467
0.892, 0.430467
0.893, 0.430467
0.894, 0.430467
0.895, 0.430467
0.896, 0.430467
0.897, 0.430467
0.898, 0.430467
0.899, 0.430467
0.9, 0.387420
0.901, 0.387420
0.902, 0.387420
0.903, 0.387420
0.904, 0.387420
0.905, 0.387420
0.906, 0.387420
0.907, 0.387420
0.908, 0.387420
0.909, 0.387420
0.91, 0.387420
0.911, 0.387420
0.912, 0.387420
0.913, 0.387420
0.914, 0.387420
0.915, 0.387420
0.916, 0.387420
0.917, 0.387420
0.918, 0.387420
0.919, 0.387420
0.92, 0.387420
0.921, 0.387420
0.922, 0.387420
0.923, 0.387420
0.924, 0.387420
0.925, 0.387420
0.926, 0.387420
0.927, 0.387420
0.928, 0.387420
0.929, 0.387420
0.93, 0.387420
0.931, 0.387420
0.932, 0.387420
0.933, 0.387420
0.934, 0.387420
0.935, 0.387420
0.936, 0.387420
0.937, 0.387420
0.938, 0.387420
0.939, 0.387420
0.94, 0.387420
0.941, 0.387420
0.942, 0.387420
0.943, 0.387420
0.944, 0.387420
0.945, 0.387420
0.946, 0.387420
0.947, 0.387420
0.948, 0.387420
0.949, 0.387420
0.95, 0.387420
0.951, 0.387420
0.952, 0.387420
0.953, 0.387420
0.954, 0.387420
0.955, 0.387420
0.956, 0.387420
0.957, 0.387420
0.958, 0.387420
0.959, 0.387420
0.96, 0.387420
0.961, 0.387420
0.962, 0.387420
0.963, 0.387420
0.964, 0.387420
0.965, 0.387420
0.966, 0.387420
0.967, 0.387420
0.968, 0.387420
0.969, 0.387420
0.97, 0.387420
0.971, 0.387420
0.972, 0.387420
0.973, 0.387420
0.974, 0.387420
0.975, 0.387420
0.976, 0.387420
0.977, 0.387420
0.978, 0.387420
0.979, 0.387420
0.98, 0.387420
0.981, 0.387420
0.982, 0.387420
0.983, 0.387420
0.984, 0.387420
0.985, 0.387420
0.986, 0.387420
0.987, 0.387420
0.988, 0.387420
0.989, 0.387420
0.99, 0.387420
0.991, 0.387420
0.992, 0.387420
0.993, 0.387420
0.994, 0.387420
0.995, 0.387420
0.996, 0.387420
0.997, 0.387420
0.998, 0.387420
0.999, 0.387420
1, 0.348678
1.001, 0.348678
1.002, 0.348678
1.003, 0.348678
1.004, 0.348678
1.005, 0.348678
1.006, 0.348678
1.007, 0.348678
1.008, 0.348678
1.009, 0.348678
1.01, 0.348678
1.011, 0.348678
1.012, 0.348678
1.013, 0.348678
1.014, 0.348678
1.015, 0.348678
1.016, 0.348678
1.017, 0.348678
1.018, 0.348678
1.019, 0.348678
1.02, 0.348678
1.021, 0.348678
1.022, 0.348678
1.023, 0.348678
1.024, 0.348678
1.025, 0.348678
1.026, 0.348678
1.027, 0.348678
1.028, 0.348678
1.029, 0.348678
1.03, 0.348678
1.031, 0.348678
1.032, 0.348678
1.033, 0.348678
1.034, 0.348678
1.035, 0.348678
1.036, 0.348678
1.037, 0.348678
1.038, 0.348678
1.039, 0.348678
1.04, 0.348678
1.041, 0.348678
1.042, 0.348678
1.043, 0.348678
1.044, 0.348678
1.045, 0.348678
1.046, 0.348678
1.047, 0.348678
1.048, 0.348678
1.049, 0.348678
1.05, 0.348678
1.051, 0.348678
1.052, 0.348678
1.053, 0.348678
1.054, 0.348678
1.055, 0.348678
1.056, 0.348678
1.057, 0.348678
1.058, 0.348678
1.059, 0.348678
1.06, 0.348678
1.061, 0.348678
1.062, 0.348678
1.063, 0.348678
1.064, 0.348678
1.065, 0.348678
1.066, 0.348678
1.067, 0.348678
1.068, 0.348678
1.069, 0.348678
1.07, 0.348678
1.071, 0.348678
1.072, 0.348678
1.073, 0.348678
1.074, 0.348678
1.075, 0.348678
1.076, 0.348678
1.077, 0.348678
1.078, 0.348678
1.079, 0.348678
1.08, 0.348678
1.081, 0.348678
1.082, 0.348678
1.083, 0.348678
1.084, 0.348678
1.085, 0.348678
1.086, 0.348678
1.087, 0.348678
1.088, 0.348678
1.089, 0.348678
1.09, 0.348678
1.091, 0.348678
1.092, 0.348678
1.093, 0.348678
1.094, 0.348678
1.095, 0.348678
1.096, 0.348678
1.097, 0.348678
1.098, 0.348678
1.099, 0.348678
1.1, 0.313811
1.101, 0.313811
1.102, 0.313811
1.103, 0.313811
1.104, 0.313811
1.105, 0.313811
1.106, 0.313811
1.107, 0.313811
1.108, 0.313811
1.109, 0.313811
1.11, 0.313811
1.111, 0.313811
1.112, 0.313811
1.113, 0.313811
1.114, 0.313811
1.115, 0.313811
1.116, 0.313811
1.117, 0.313811
1.118, 0.313811
1.119, 0.313811
1.12, 0.313811
1.121, 0.313811
1.122, 0.313811
1.123, 0.313811
1.124, 0.313811
1.125, 0.313811
1.126, 0.313811
1.127, 0.313811
1.128, 0.313811
1.129, 0.313811
1.13, 0.313811
1.131, 0.313811
1.132, 0.313811
1.133, 0.313811
1.134, 0.313811
1.135, 0.313811
1.136, 0.313811
1.137, 0.313811
1.138, 0.313811
1.139, 0.313811
1.14, 0.313811
1.141, 0.313811
1.142, 0.313811
1.143, 0.313811
1.144, 0.313811
1.145, 0.313811
1.146, 0.313811
1.147, 0.313811
1.148, 0.313811
1.149, 0.313811
1.15, 0.313811
1.151, 0.313811
1.152, 0.313811
1.153, 0.313811
1.154, 0.313811
1.155, 0.313811
1.156, 0.313811
1.157, 0.313811
1.158, 0.313811
1.159, 0.313811
1.16, 0.313811
1.161, 0.313811
1.162, 0.313811
1.163, 0.313811
1.164, 0.313811
1.165, 0.313811
1.166, 0.313811
1.167, 0.313811
1.168, 0.313811
1.169, 0.313811
1.17, 0.313811
1.171, 0.313811
1.172, 0.313811
1.173, 0.313811
1.174, 0.313811
1.175, 0.313811
1.176, 0.313811
1.177, 0.313811
1.178, 0.313811
1.179, 0.313811
1.18, 0.313811
1.181, 0.313811
1.182, 0.313811
1.183, 0.313811
1.184, 0.313811
1.185, 0.313811
1.186, 0.313811
1.187, 0.313811
1.188, 0.313811
1.189, 0.313811
1.19, 0.313811
1.191, 0.313811
1.192, 0.313811
1.193, 0.313811
1.194, 0.313811
1.195, 0.313811
1.196, 0.313811
1.197, 0.313811
1.198, 0.313811
1.199, 0.313811
1.2, 0.282430
1.201, 0.282430
1.202, 0.282430
1.203, 0.282430
1.204, 0.282430
1.205, 0.282430
1.206, 0.282430
1.207, 0.282430
1.208, 0.282430
1.209, 0.282430
1.21, 0.282430
1.211, 0.282430
1.212, 0.282430
1.213, 0.282430
1.214, 0.282430
1.215, 0.282430
1.216, 0.282430
1.217, 0.282430
1.218, 0.282430
1.219, 0.282430
1.22, 0.282430
1.221, 0.282430
1.222, 0.282430
1.223, 0.282430
1.224, 0.282430
1.225, 0.282430
1.226, 0.282430
1.227, 0.282430
1.228, 0.282430
1.229, 0.282430
1.23, 0.282430
1.231, 0.282430
1.232, 0.282430
1.233, 0.282430
1.234, 0.282430
1.235, 0.282430
1.236, 0.282430
1.237, 0.282430
1.238, 0.282430
1.239, 0.282430
1.24, 0.282430
1.241, 0.282430
1.242, 0.282430
1.243, 0.282430
1.244, 0.282430
1.245, 0.282430
1.246, 0.282430
1.247, 0.282430
1.248, 0.282430
1.249, 0.282430
1.25, 0.282430
1.251, 0.282430
1.252, 0.282430
1.253, 0.282430
1.254, 0.282430
1.255, 0.282430
1.256, 0.282430
1.257, 0.282430
1.258, 0.282430
1.259, 0.282430
1.26, 0.282430
1.261, 0.282430
1.262, 0.282430
1.263, 0.282430
1.264, 0.282430
1.265, 0.282430
1.266, 0.282430
1.267, 0.282430
1.268, 0.282430
1.269, 0.282430
1.27, 0.282430
1.271, 0.282430
1.272, 0.282430
1.273, 0.282430
1.274, 0.282430
1.275, 0.282430
1.276, 0.282430
1.277, 0.282430
1.278, 0.282430
1.279, 0.282430
1.28, 0.282430
1.281, 0.282430
1.282, 0.282430
1.283, 0.282430
1.284, 0.282430
1.285, 0.282430
1.286, 0.282430
1.287, 0.282430
1.288, 0.282430
1.289, 0.282430
1.29, 0.282430
1.291, 0.282430
1.292, 0.282430
1.293, 0.282430
1.294, 0.282430
1.295, 0.282430
1.296, 0.282430
1.297, 0.282430
1.298, 0.282430
1.299, 0.282430
1.3, 0.254187
1.301, 0.254187
1.302, 0.254187
1.303, 0.254187
1.304, 0.254187
1.305, 0.254187
1.306, 0.254187
1.307, 0.254187
1.308, 0.254187
1.309, 0.254187
1.31, 0.254187
1.311, 0.254187
1.312, 0.254187
1.313, 0.254187
1.314, 0.254187
1.315, 0.254187
1.316, 0.254187
1.317, 0.254187
1.318, 0.254187
1.319, 0.254187
1.32, 0.254187
1.321, 0.254187
1.322, 0.254187
1.323, 0.254187
1.324, 0.254187
1.325, 0.254187
1.326, 0.254187
1.327, 0.254187
1.328, 0.254187
1.329, 0.254187
1.33, 0.254187
1.331, 0.254187
1.332, 0.254187
1.333, 0.254187
1.334, 0.254187
1.335, 0.254187
1.336, 0.254187
1.337, 0.254187
1.338, 0.254187
1.339, 0.254187
1.34, 0.254187
1.341, 0.254187
1.342, 0.254187
1.343, 0.254187
1.344, 0.254187
1.345, 0.254187
1.346, 0.254187
1.347, 0.254187
1.348, 0.254187
1.349, 0.254187
1.35, 0.254187
1.351, 0.254187
1.352, 0.254187
1.353, 0.254187
1.354, 0.254187
1.355, 0.254187
1.356, 0.254187
1.357, 0.254187
1.358, 0.254187
1.359, 0.254187
1.36, 0.254187
1.361, 0.254187
1.362, 0.254187
1.363, 0.254187
1.364, 0.254187
1.365, 0.254187
1.366, 0.254187
1.367, 0.254187
1.368, 0.254187
1.369, 0.254187
1.37, 0.254187
1.371, 0.254187
1.372, 0.254187
1.373, 0.254187
1.374, 0.254187
1.375, 0.254187
1.376, 0.254187
1.377, 0.254187
1.378, 0.254187
1.379, 0.254187
1.38, 0.254187
1.381, 0.254187
1.382, 0.254187
1.383, 0.254187
1.384, 0.254187
1.385, 0.254187
1.386, 0.254187
1.387, 0.254187
1.388, 0.254187
1.389, 0.254187
1.39, 0.254187
1.391, 0.254187
1.392, 0.254187
1.393, 0.254187
1.394, 0.254187
1.395, 0.254187
1.396, 0.254187
1.397, 0.254187
1.398, 0.254187
1.399, 0.254187
1.4, 0.228768
1.401, 0.228768
1.402, 0.228768
1.403, 0.228768
1.404, 0.228768
1.405, 0.228768
1.406, 0.228768
1.407, 0.228768
1.408, 0.228768
1.409, 0.228768
1.41, 0.228768
1.411, 0.228768
1.412, 0.228768
1.413, 0.228768
1.414, 0.228768
1.415, 0.228768
1.416, 0.228768
1.417, 0.228768
1.418, 0.228768
1.419, 0.228768
1.42, 0.228768
1.421, 0.228768
1.422, 0.228768
1.423, 0.228768
1.424, 0.228768
1.425, 0.228768
1.426, 0.228768
1.427, 0.228768
1.428, 0.228768
1.429, 0.228768
1.43, 0.228768
1.431, 0.228768
1.432, 0.228768
1.433, 0.228768
1.434, 0.228768
1.435, 0.228768
1.436, 0.228768
1.437, 0.228768
1.438, 0.228768
1.439, 0.228768
1.44, 0.228768
1.441, 0.228768
1.442, 0.228768
1.443, 0.228768
1.444, 0.228768
1.445, 0.228768
1.446, 0.228768
1.447, 0.228768
1.448, 0.228768
1.449, 0.228768
1.45, 0.228768
1.451, 0.228768
1.452, 0.228768
1.453, 0.228768
1.454, 0.228768
1.455, 0.228768
1.456, 0.228768
1.457, 0.228768
1.458, 0.228768
1.459, 0.228768
1.46, 0.228768
1.461, 0.228768
1.462, 0.228768
1.463, 0.228768
1.464, 0.228768
1.465, 0.228768
1.466, 0.228768
1.467, 0.228768
1.468, 0.228768
1.469, 0.228768
1.47, 0.228768
1.471, 0.228768
1.472, 0.228768
1.473, 0.228768
1.474, 0.228768
1.475, 0.228768
1.476, 0.228768
1.477, 0.228768
1.478, 0.228768
1.479, 0.228768
1.48, 0.228768
1.481, 0.228768
1.482, 0.228768
1.483, 0.228768
1.484, 0.228768
1.485, 0.228768
1.486, 0.228768
1.487, 0.228768
1.488, 0.228768
1.489, 0.228768
1.49, 0.228768
1.491, 0.228768
1.492, 0.228768
1.493, 0.228768
1.494, 0.228768
1.495, 0.228768
1.496, 0.228768
1.497, 0.228768
1.498, 0.228768
1.499, 0.228768
1.5, 0.205891
1.501, 0.205891
1.502, 0.205891
1.503, 0.205891
1.504, 0.205891
1.505, 0.205891
1.506, 0.205891
1.507, 0.205891
1.508, 0.205891
1.509, 0.205891
1.51, 0.205891
1.511, 0.205891
1.512, 0.205891
1.513, 0.205891
1.514, 0.205891
1.515, 0.205891
1.516, 0.205891
1.517, 0.205891
1.518, 0.205891
1.519, 0.205891
1.52, 0.205891
1.521, 0.205891
1.522, 0.205891
1.523, 0.205891
1.524, 0.205891
1.525, 0.205891
1.526, 0.205891
1.527, 0.205891
1.528, 0.205891
1.529, 0.205891
1.53, 0.205891
1.531, 0.205891
1.532, 0.205891
1.533, 0.205891
1.534, 0.205891
1.535, 0.205891
1.536, 0.205891
1.537, 0.205891
1.538, 0.205891
1.539, 0.205891
1.54, 0.205891
1.541, 0.205891
1.542, 0.205891
1.543, 0.205891
1.544, 0.205891
1.545, 0.205891
1.546, 0.205891
1.547, 0.205891
1.548, 0.205891
1.549, 0.205891
1.55, 0.205891
1.551, 0.205891
1.552, 0.205891
1.553, 0.205891
1.554, 0.205891
1.555, 0.205891
1.556, 0.205891
1.557, 0.205891
1.558, 0.205891
1.559, 0.205891
1.56, 0.205891
1.561, 0.205891
1.562, 0.205891
1.563, 0.205891
1.564, 0.205891
1.565, 0.205891
1.566, 0.205891
1.567, 0.205891
1.568, 0.205891
1.569, 0.205891
1.57, 0.205891
1.571, 0.205891
1.572, 0.205891
1.573, 0.205891
1.574, 0.205891
1.575, 0.205891
1.576, 0.205891
1.577, 0.205891
1.578, 0.205891
1.579, 0.205891
1.58, 0.205891
1.581, 0.205891
1.582, 0.205891
1.583, 0.205891
1.584, 0.205891
1.585, 0.205891
1.586, 0.205891
1.587, 0.205891
1.588, 0.205891
1.589, 0.205891
1.59, 0.205891
1.591, 0.205891
1.592, 0.205891
1.593, 0.205891
1.594, 0.205891
1.595, 0.205891
1.596, 0.205891
1.597, 0.205891
1.598, 0.205891
1.599, 0.205891
1.6, 0.185302
1.601, 0.185302
1.602, 0.185302
1.603, 0.185302
1.604, 0.185302
1.605, 0.185302
1.606, 0.185302
1.607, 0.185302
1.608, 0.185302
1.609, 0.185302
1.61, 0.185302
1.611, 0.185302
1.612, 0.185302
1.613, 0.185302
1.614, 0.185302
1.615, 0.185302
1.616, 0.185302
1.617, 0.185302
1.618, 0.185302
1.619, 0.185302
1.62, 0.185302
1.621, 0.185302
1.622, 0.185302
1.623, 0.185302
1.624, 0.185302
1.625, 0.185302
1.626, 0.185302
1.627, 0.185302
1.628, 0.185302
1.629, 0.185302
1.63, 0.185302
1.631, 0.185302
1.632, 0.185302
1.633, 0.185302
1.634, 0.185302
1.635, 0.185302
1.636, 0.185302
1.637, 0.185302
1.638, 0.185302
1.639, 0.185302
1.64, 0.185302
1.641, 0.185302
1.642, 0.185302
1.643, 0.185302
1.644, 0.185302
1.645, 0.185302
1.646, 0.185302
1.647, 0.185302
1.648, 0.185302
1.649, 0.185302
1.65, 0.185302
1.651, 0.185302
1.652, 0.185302
1.653, 0.185302
1.654, 0.185302
1.655, 0.185302
1.656, 0.185302
1.657, 0.185302
1.658, 0.185302
1.659, 0.185302
1.66, 0.185302
1.661, 0.185302
1.662, 0.185302
1.663, 0.185302
1.664, 0.185302
1.665, 0.185302
1.666, 0.185302
1.667, 0.185302
1.668, 0.185302
1.669, 0.185302
1.67, 0.185302
1.671, 0.185302
1.672, 0.185302
1.673, 0.185302
1.674, 0.185302
1.675, 0.185302
1.676, 0.185302
1.677, 0.185302
1.678, 0.185302
1.679, 0.185302
1.68, 0.185302
1.681, 0.185302
1.682, 0.185302
1.683, 0.185302
1.684, 0.185302
1.685, 0.185302
1.686, 0.185302
1.687, 0.185302
1.688, 0.185302
1.689, 0.185302
1.69, 0.185302
1.691, 0.185302
1.692, 0.185302
1.693, 0.185302
1.694, 0.185302
1.695, 0.185302
1.696, 0.185302
1.697, 0.185302
1.698, 0.185302
1.699, 0.185302
1.7, 0.166772
1.701, 0.166772
1.702, 0.166772
1.703, 0.166772
1.704, 0.166772
1.705, 0.166772
1.706, 0.166772
1.707, 0.166772
1.708, 0.166772
1.709, 0.166772
1.71, 0.166772
1.711, 0.166772
1.712, 0.166772
1.713, 0.166772
1.714, 0.166772
1.715, 0.166772
1.716, 0.166772
1.717, 0.166772
1.718, 0.166772
1.719, 0.166772
1.72, 0.166772
1.721, 0.166772
1.722, 0.166772
1.723, 0.166772
1.724, 0.166772
1.725, 0.166772
1.726, 0.166772
1.727, 0.166772
1.728, 0.166772
1.729, 0.166772
1.73, 0.166772
1.731, 0.166772
1.732, 0.166772
1.733, 0.166772
1.734, 0.166772
1.735, 0.166772
1.736, 0.166772
1.737, 0.166772
1.738, 0.166772
1.739, 0.166772
1.74, 0.166772
1.741, 0.166772
1.742, 0.166772
1.743, 0.166772
1.744, 0.166772
1.745, 0.166772
1.746, 0.166772
1.747, 0.166772
1.748, 0.166772
1.749, 0.166772
1.75, 0.166772
1.751, 0.166772
1.752, 0.166772
1.753, 0.166772
1.754, 0.166772
1.755, 0.166772
1.756, 0.166772
1.757, 0.166772
1.758, 0.166772
1.759, 0.166772
1.76, 0.166772
1.761, 0.166772
1.762, 0.166772
1.763, 0.166772
1.764, 0.166772
1.765, 0.166772
1.766, 0.166772
1.767, 0.166772
1.768, 0.166772
1.769, 0.166772
1.77, 0.166772
1.771, 0.166772
1.772, 0.166772
1.773, 0.166772
1.774, 0.166772
1.775, 0.166772
1.776, 0.166772
1.777, 0.166772
1.778, 0.166772
1.779, 0.166772
1.78, 0.166772
1.781, 0.166772
1.782, 0.166772
1.783, 0.166772
1.784, 0.166772
1.785, 0.166772
1.786, 0.166772
1.787, 0.166772
1.788, 0.166772
1.789, 0.166772
1.79, 0.166772
1.791, 0.166772
1.792, 0.166772
1.793, 0.166772
1.794, 0.166772
1.795, 0.166772
1.796, 0.166772
1.797, 0.166772
1.798, 0.166772
1.799, 0.166772
1.8, 0.150095
1.801, 0.150095
1.802, 0.150095
1.803, 0.150095
1.804, 0.150095
1.805, 0.150095
1.806, 0.150095
1.807, 0.150095
1.808, 0.150095
1.809, 0.150095
1.81, 0.150095
1.811, 0.150095
1.812, 0.150095
1.813, 0.150095
1.814, 0.150095
1.815, 0.150095
1.816, 0.150095
1.817, 0.150095
1.818, 0.150095
1.819, 0.150095
1.82, 0.150095
1.821, 0.150095
1.822, 0.150095
1.823, 0.150095
1.824, 0.150095
1.825, 0.150095
1.826, 0.150095
1.827, 0.150095
1.828, 0.150095
1.829, 0.150095
1.83, 0.150095
1.831, 0.150095
1.832, 0.150095
1.833, 0.150095
1.834, 0.150095
1.835, 0.150095
1.836, 0.150095
1.837, 0.150095
1.838, 0.150095
1.839, 0.150095
1.84, 0.150095
1.841, 0.150095
1.842, 0.150095
1.843, 0.150095
1.844, 0.150095
1.845, 0.150095
1.846, 0.150095
1.847, 0.150095
1.848, 0.150095
1.849, 0.150095
1.85, 0.150095
1.851, 0.150095
1.852, 0.150095
1.853, 0.150095
1.854, 0.150095
1.855, 0.150095
1.856, 0.150095
1.857, 0.150095
1.858, 0.150095
1.859, 0.150095
1.86, 0.150095
1.861, 0.150095
1.862, 0.150095
1.863, 0.150095
1.864, 0.150095
1.865, 0.150095
1.866, 0.150095
1.867, 0.150095
1.868, 0.150095
1.869, 0.150095
1.87, 0.150095
1.871, 0.150095
1.872, 0.150095
1.873, 0.150095
1.874, 0.150095
1.875, 0.150095
1.876, 0.150095
1.877, 0.150095
1.878, 0.150095
1.879, 0.150095
1.88, 0.150095
1.881, 0.150095
1.882, 0.150095
1.883, 0.150095
1.884, 0.150095
1.885, 0.150095
1.886, 0.150095
1.887, 0.150095
1.888, 0.150095
1.889, 0.150095
1.89, 0.150095
1.891, 0.150095
1.892, 0.150095
1.893, 0.150095
1.894, 0.150095
1.895, 0.150095
1.896, 0.150095
1.897, 0.150095
1.898, 0.150095
1.899, 0.150095
1.9, 0.135085
1.901, 0.135085
1.902, 0.135085
1.903, 0.135085
1.904, 0.135085
1.905, 0.135085
1.906, 0.135085
1.907, 0.135085
1.908, 0.135085
1.909, 0.135085
1.91, 0.135085
1.911, 0.135085
1.912, 0.135085
1.913, 0.135085
1.914, 0.135085
1.915, 0.135085
1.916, 0.135085
1.917, 0.135085
1.918, 0.135085
1.919, 0.135085
1.92, 0.135085
1.921, 0.135085
1.922, 0.135085
1.923, 0.135085
1.924, 0.135085
1.925, 0.135085
1.926, 0.135085
1.927, 0.135085
1.928, 0.135085
1.929, 0.135085
1.93, 0.135085
1.931, 0.135085
1.932, 0.135085
1.933, 0.135085
1.934, 0.135085
1.935, 0.135085
1.936, 0.135085
1.937, 0.135085
1.938, 0.135085
1.939, 0.135085
1.94, 0.135085
1.941, 0.135085
1.942, 0.135085
1.943, 0.135085
1.944, 0.135085
1.945, 0.135085
1.946, 0.135085
1.947, 0.135085
1.948, 0.135085
1.949, 0.135085
1.95, 0.135085
1.951, 0.135085
1.952, 0.135085
1.953, 0.135085
1.954, 0.135085
1.955, 0.135085
1.956, 0.135085
1.957, 0.135085
1.958, 0.135085
1.959, 0.135085
1.96, 0.135085
1.961, 0.135085
1.962, 0.135085
1.963, 0.135085
1.964, 0.135085
1.965, 0.135085
1.966, 0.135085
1.967, 0.135085
1.968, 0.135085
1.969, 0.135085
1.97, 0.135085
1.971, 0.135085
1.972, 0.135085
1.973, 0.135085
1.974, 0.135085
1.975, 0.135085
1.976, 0.135085
1.977, 0.135085
1.978, 0.135085
1.979, 0.135085
1.98, 0.135085
1.981, 0.135085
1.982, 0.135085
1.983, 0.135085
1.984, 0.135085
1.985, 0.135085
1.986, 0.135085
1.987, 0.135085
1.988, 0.135085
1.989, 0.135085
1.99, 0.135085
1.991, 0.135085
1.992, 0.135085
1.993, 0.135085
1.994, 0.135085
1.995, 0.135085
1.996, 0.135085
1.997, 0.135085
1.998, 0.135085
1.999, 0.135085
2, 0.121577
2.001, 0.121577
2.002, 0.121577
2.003, 0.121577
2.004, 0.121577
2.005, 0.121577
2.006, 0.121577
2.007, 0.121577
2.008, 0.121577
2.009, 0.121577
2.01, 0.121577
2.011, 0.121577
2.012, 0.121577
2.013, 0.121577
2.014, 0.121577
2.015, 0.121577
2.016, 0.121577
2.017, 0.121577
2.018, 0.121577
2.019, 0.121577
2.02, 0.121577
2.021, 0.121577
2.022, 0.121577
2.023, 0.121577
2.024, 0.121577
2.025, 0.121577
2.026, 0.121577
2.027, 0.121577
2.028, 0.121577
2.029, 0.121577
2.03, 0.121577
2.031, 0.121577
2.032, 0.121577
2.033, 0.121577
2.034, 0.121577
2.035, 0.121577
2.036, 0.121577
2.037, 0.121577
2.038, 0.121577
2.039, 0.121577
2.04, 0.121577
2.041, 0.121577
2.042, 0.121577
2.043, 0.121577
2.044, 0.121577
2.045, 0.121577
2.046, 0.121577
2.047, 0.121577
2.048, 0.121577
2.049, 0.121577
2.05, 0.121577
2.051, 0.121577
2.052, 0.121577
2.053, 0.121577
2.054, 0.121577
2.055, 0.121577
2.056, 0.121577
2.057, 0.121577
2.058, 0.121577
2.059, 0.121577
2.06, 0.121577
2.061, 0.121577
2.062, 0.121577
2.063, 0.121577
2.064, 0.121577
2.065, 0.121577
2.066, 0.121577
2.067, 0.121577
2.068, 0.121577
2.069, 0.121577
2.07, 0.121577
2.071, 0.121577
2.072, 0.121577
2.073, 0.121577
2.074, 0.121577
2.075, 0.121577
2.076, 0.121577
2.077, 0.121577
2.078, 0.121577
2.079, 0.121577
2.08, 0.121577
2.081, 0.121577
2.082, 0.121577
2.083, 0.121577
2.084, 0.121577
2.085, 0.121577
2.086, 0.121577
2.087, 0.121577
2.088, 0.121577
2.089, 0.121577
2.09, 0.121577
2.091, 0.121577
2.092, 0.121577
2.093, 0.121577
2.094, 0.121577
2.095, 0.121577
2.096, 0.121577
2.097, 0.121577
2.098, 0.121577
2.099, 0.121577
2.1, 0.109419
2.101, 0.109419
2.102, 0.109419
2.103, 0.109419
2.104, 0.109419
2.105, 0.109419
2.106, 0.109419
2.107, 0.109419
2.108, 0.109419
2.109, 0.109419
2.11, 0.109419
2.111, 0.109419
2.112, 0.109419
2.113, 0.109419
2.114, 0.109419
2.115, 0.109419
2.116, 0.109419
2.117, 0.109419
2.118, 0.109419
2.119, 0.109419
2.12, 0.109419
2.121, 0.109419
2.122, 0.109419
2.123, 0.109419
2.124, 0.109419
2.125, 0.109419
2.126, 0.109419
2.127, 0.109419
2.128, 0.109419
2.129, 0.109419
2.13, 0.109419
2.131, 0.109419
2.132, 0.109419
2.133, 0.109419
2.134, 0.109419
2.135, 0.109419
2.136, 0.109419
2.137, 0.109419
2.138, 0.109419
2.139, 0.109419
2.14, 0.109419
2.141, 0.109419
2.142, 0.109419
2.143, 0.109419
2.144, 0.109419
2.145, 0.109419
2.146, 0.109419
2.147, 0.109419
2.148, 0.109419
2.149, 0.109419
2.15, 0.109419
2.151, 0.109419
2.152, 0.109419
2.153, 0.109419
2.154, 0.109419
2.155, 0.109419
2.156, 0.109419
2.157, 0.109419
2.158, 0.109419
2.159, 0.109419
2.16, 0.109419
2.161, 0.109419
2.162, 0.109419
2.163, 0.109419
2.164, 0.109419
2.165, 0.109419
2.166, 0.109419
2.167, 0.109419
2.168, 0.109419
2.169, 0.109419
2.17, 0.109419
2.171, 0.109419
2.172, 0.109419
2.173, 0.109419
2.174, 0.109419
2.175, 0.109419
2.176, 0.109419
2.177, 0.109419
2.178, 0.109419
2.179, 0.109419
2.18, 0.109419
2.181, 0.109419
2.182, 0.109419
2.183, 0.109419
2.184, 0.109419
2.185, 0.109419
2.186, 0.109419
2.187, 0.109419
2.188, 0.109419
2.189, 0.109419
2.19, 0.109419
2.191, 0.109419
2.192, 0.109419
2.193, 0.109419
2.194, 0.109419
2.195, 0.109419
2.196, 0.109419
2.197, 0.109419
2.198, 0.109419
2.199, 0.109419
2.2, 0.098477
2.201, 0.098477
2.202, 0.098477
2.203, 0.098477
2.204, 0.098477
2.205, 0.098477
2.206, 0.098477
2.207, 0.098477
2.208, 0.098477
2.209, 0.098477
2.21, 0.098477
2.211, 0.098477
2.212, 0.098477
2.213, 0.098477
2.214, 0.098477
2.215, 0.098477
2.216, 0.098477
2.217, 0.098477
2.218, 0.098477
2.219, 0.098477
2.22, 0.098477
2.221, 0.098477
2.222, 0.098477
2.223, 0.098477
2.224, 0.098477
2.225, 0.098477
2.226, 0.098477
2.227, 0.098477
2.228, 0.098477
2.229, 0.098477
2.23, 0.098477
2.231, 0.098477
2.232, 0.098477
2.233, 0.098477
2.234, 0.098477
2.235, 0.098477
2.236, 0.098477
2.237, 0.098477
2.238, 0.098477
2.239, 0.098477
2.24, 0.098477
2.241, 0.098477
2.242, 0.098477
2.243, 0.098477
2.244, 0.098477
2.245, 0.098477
2.246, 0.098477
2.247, 0.098477
2.248, 0.098477
2.249, 0.098477
2.25, 0.098477
2.251, 0.098477
2.252, 0.098477
2.253, 0.098477
2.254, 0.098477
2.255, 0.098477
2.256, 0.098477
2.257, 0.098477
2.258, 0.098477
2.259, 0.098477
2.26, 0.098477
2.261, 0.098477
2.262, 0.098477
2.263, 0.098477
2.264, 0.098477
2.265, 0.098477
2.266, 0.098477
2.267, 0.098477
2.268, 0.098477
2.269, 0.098477
2.27, 0.098477
2.271, 0.098477
2.272, 0.098477
2.273, 0.098477
2.274, 0.098477
2.275, 0.098477
2.276, 0.098477
2.277, 0.098477
2.278, 0.098477
2.279, 0.098477
2.28, 0.098477
2.281, 0.098477
2.282, 0.098477
2.283, 0.098477
2.284, 0.098477
2.285, 0.098477
2.286, 0.098477
2.287, 0.098477
2.288, 0.098477
2.289, 0.098477
2.29, 0.098477
2.291, 0.098477
2.292, 0.098477
2.293, 0.098477
2.294, 0.098477
2.295, 0.098477
2.296, 0.098477
2.297, 0.098477
2.298, 0.098477
2.299, 0.098477
2.3, 0.088629
2.301, 0.088629
2.302, 0.088629
2.303, 0.088629
2.304, 0.088629
2.305, 0.088629
2.306, 0.088629
2.307, 0.088629
2.308, 0.088629
2.309, 0.088629
2.31, 0.088629
2.311, 0.088629
2.312, 0.088629
2.313, 0.088629
2.314, 0.088629
2.315, 0.088629
2.316, 0.088629
2.317, 0.088629
2.318, 0.088629
2.319, 0.088629
2.32, 0.088629
2.321, 0.088629
2.322, 0.088629
2.323, 0.088629
2.324, 0.088629
2.325, 0.088629
2.326, 0.088629
2.327, 0.088629
2.328, 0.088629
2.329, 0.088629
2.33, 0.088629
2.331, 0.088629
2.332, 0.088629
2.333, 0.088629
2.334, 0.088629
2.335, 0.088629
2.336, 0.088629
2.337, 0.088629
2.338, 0.088629
2.339, 0.088629
2.34, 0.088629
2.341, 0.088629
2.342, 0.088629
2.343, 0.088629
2.344, 0.088629
2.345, 0.088629
2.346, 0.088629
2.347, 0.088629
2.348, 0.088629
2.349, 0.088629
2.35, 0.088629
2.351, 0.088629
2.352, 0.088629
2.353, 0.088629
2.354, 0.088629
2.355, 0.088629
2.356, 0.088629
2.357, 0.088629
2.358, 0.088629
2.359, 0.088629
2.36, 0.088629
2.361, 0.088629
2.362, 0.088629
2.363, 0.088629
2.364, 0.088629
2.365, 0.088629
2.366, 0.088629
2.367, 0.088629
2.368, 0.088629
2.369, 0.088629
2.37, 0.088629
2.371, 0.088629
2.372, 0.088629
2.373, 0.088629
2.374, 0.088629
2.375, 0.088629
2.376, 0.088629
2.377, 0.088629
2.378, 0.088629
2.379, 0.088629
2.38, 0.088629
2.381, 0.088629
2.382, 0.088629
2.383, 0.088629
2.384, 0.088629
2.385, 0.088629
2.386, 0.088629
2.387, 0.088629
2.388, 0.088629
2.389, 0.088629
2.39, 0.088629
2.391, 0.088629
2.392, 0.088629
2.393, 0.088629
2.394, 0.088629
2.395, 0.088629
2.396, 0.088629
2.397, 0.088629
2.398, 0.088629
2.399, 0.088629
2.4, 0.079766
2.401, 0.079766
2.402, 0.079766
2.403, 0.079766
2.404, 0.079766
2.405, 0.079766
2.406, 0.079766
2.407, 0.079766
2.408, 0.079766
2.409, 0.079766
2.41, 0.079766
2.411, 0.079766
2.412, 0.079766
2.413, 0.079766
2.414, 0.079766
2.415, 0.079766
2.416, 0.079766
2.417, 0.079766
2.418, 0.079766
2.419, 0.079766
2.42, 0.079766
2.421, 0.079766
2.422, 0.079766
2.423, 0.079766
2.424, 0.079766
2.425, 0.079766
2.426, 0.079766
2.427, 0.079766
2.428, 0.079766
2.429, 0.079766
2.43, 0.079766
2.431, 0.079766
2.432, 0.079766
2.433, 0.079766
2.434, 0.079766
2.435, 0.079766
2.436, 0.079766
2.437, 0.079766
2.438, 0.079766
2.439, 0.079766
2.44, 0.079766
2.441, 0.079766
2.442, 0.079766
2.443, 0.079766
2.444, 0.079766
2.445, 0.079766
2.446, 0.079766
2.447, 0.079766
2.448, 0.079766
2.449, 0.079766
2.45, 0.079766
2.451, 0.079766
2.452, 0.079766
2.453, 0.079766
2.454, 0.079766
2.455, 0.079766
2.456, 0.079766
2.457, 0.079766
2.458, 0.079766
2.459, 0.079766
2.46, 0.079766
2.461, 0.079766
2.462, 0.079766
2.463, 0.079766
2.464, 0.079766
2.465, 0.079766
2.466, 0.079766
2.467, 0.079766
2.468, 0.079766
2.469, 0.079766
2.47, 0.079766
2.471, 0.079766
2.472, 0.079766
2.473, 0.079766
2.474, 0.079766
2.475, 0.079766
2.476, 0.079766
2.477, 0.079766
2.478, 0.079766
2.479, 0.079766
2.48, 0.079766
2.481, 0.079766
2.482, 0.079766
2.483, 0.079766
2.484, 0.079766
2.485, 0.079766
2.486, 0.079766
2.487, 0.079766
2.488, 0.079766
2.489, 0.079766
2.49, 0.079766
2.491, 0.079766
2.492, 0.079766
2.493, 0.079766
2.494, 0.079766
2.495, 0.079766
2.496, 0.079766
2.497, 0.079766
2.498, 0.079766
2.499, 0.079766
2.5, 0.071790
2.501, 0.071790
2.502, 0.071790
2.503, 0.071790
2.504, 0.071790
2.505, 0.071790
2.506, 0.071790
2.507, 0.071790
2.508, 0.071790
2.509, 0.071790
2.51, 0.071790
2.511, 0.071790
2.512, 0.071790
2.513, 0.071790
2.514, 0.071790
2.515, 0.071790
2.516, 0.071790
2.517, 0.071790
2.518, 0.071790
2.519, 0.071790
2.52, 0.071790
2.521, 0.071790
2.522, 0.071790
2.523, 0.071790
2.524, 0.071790
2.525, 0.071790
2.526, 0.071790
2.527, 0.071790
2.528, 0.071790
2.529, 0.071790
2.53, 0.071790
2.531, 0.071790
2.532, 0.071790
2.533, 0.071790
2.534, 0.071790
2.535, 0.071790
2.536, 0.071790
2.537, 0.071790
2.538, 0.071790
2.539, 0.071790
2.54, 0.071790
2.541, 0.071790
2.542, 0.071790
2.543, 0.071790
2.544, 0.071790
2.545, 0.071790
2.546, 0.071790
2.547, 0.071790
2.548, 0.071790
2.549, 0.071790
2.55, 0.071790
2.551, 0.071790
2.552, 0.071790
2.553, 0.071790
2.554, 0.071790
2.555, 0.071790
2.556, 0.071790
2.557, 0.071790
2.558, 0.071790
2.559, 0.071790
2.56, 0.071790
2.561, 0.071790
2.562, 0.071790
2.563, 0.071790
2.564, 0.071790
2.565, 0.071790
2.566, 0.071790
2.567, 0.071790
2.568, 0.071790
2.569, 0.071790
2.57, 0.071790
2.571, 0.071790
2.572, 0.071790
2.573, 0.071790
2.574, 0.071790
2.575, 0.071790
2.576, 0.071790
2.577, 0.071790
2.578, 0.071790
2.579, 0.071790
2.58, 0.071790
2.581, 0.071790
2.582, 0.071790
2.583, 0.071790
2.584, 0.071790
2.585, 0.071790
2.586, 0.071790
2.587, 0.071790
2.588, 0.071790
2.589, 0.071790
2.59, 0.071790
2.591, 0.071790
2.592, 0.071790
2.593, 0.071790
2.594, 0.071790
2.595, 0.071790
2.596, 0.071790
2.597, 0.071790
2.598, 0.071790
2.599, 0.071790
2.6, 0.064611
2.601, 0.064611
2.602, 0.064611
2.603, 0.064611
2.604, 0.064611
2.605, 0.064611
2.606, 0.064611
2.607, 0.064611
2.608, 0.064611
2.609, 0.064611
2.61, 0.064611
2.611, 0.064611
2.612, 0.064611
2.613, 0.064611
2.614, 0.064611
2.615, 0.064611
2.616, 0.064611
2.617, 0.064611
2.618, 0.064611
2.619, 0.064611
2.62, 0.064611
2.621, 0.064611
2.622, 0.064611
2.623, 0.064611
2.624, 0.064611
2.625, 0.064611
2.626, 0.064611
2.627, 0.064611
2.628, 0.064611
2.629, 0.064611
2.63, 0.064611
2.631, 0.064611
2.632, 0.064611
2.633, 0.064611
2.634, 0.064611
2.635, 0.064611
2.636, 0.064611
2.637, 0.064611
2.638, 0.064611
2.639, 0.064611
2.64, 0.064611
2.641, 0.064611
2.642, 0.064611
2.643, 0.064611
2.644, 0.064611
2.645, 0.064611
2.646, 0.064611
2.647, 0.064611
2.648, 0.064611
2.649, 0.064611
2.65, 0.064611
2.651, 0.064611
2.652, 0.064611
2.653, 0.064611
2.654, 0.064611
2.655, 0.064611
2.656, 0.064611
2.657, 0.064611
2.658, 0.064611
2.659, 0.064611
2.66, 0.064611
2.661, 0.064611
2.662, 0.064611
2.663, 0.064611
2.664, 0.064611
2.665, 0.064611
2.666, 0.064611
2.667, 0.064611
2.668, 0.064611
2.669, 0.064611
2.67, 0.064611
2.671, 0.064611
2.672, 0.064611
2.673, 0.064611
2.674, 0.064611
2.675, 0.064611
2.676, 0.064611
2.677, 0.064611
2.678, 0.064611
2.679, 0.064611
2.68, 0.064611
2.681, 0.064611
2.682, 0.064611
2.683, 0.064611
2.684, 0.064611
2.685, 0.064611
2.686, 0.064611
2.687, 0.064611
2.688, 0.064611
2.689, 0.064611
2.69, 0.064611
2.691, 0.064611
2.692, 0.064611
2.693, 0.064611
2.694, 0.064611
2.695, 0.064611
2.696, 0.064611
2.697, 0.064611
2.698, 0.064611
2.699, 0.064611
2.7, 0.058150
2.701, 0.058150
2.702, 0.058150
2.703, 0.058150
2.704, 0.058150
2.705, 0.058150
2.706, 0.058150
2.707, 0.058150
2.708, 0.058150
2.709, 0.058150
2.71, 0.058150
2.711, 0.058150
2.712, 0.058150
2.713, 0.058150
2.714, 0.058150
2.715, 0.058150
2.716, 0.058150
2.717, 0.058150
2.718, 0.058150
2.719, 0.058150
2.72, 0.058150
2.721, 0.058150
2.722, 0.058150
2.723, 0.058150
2.724, 0.058150
2.725, 0.058150
2.726, 0.058150
2.727, 0.058150
2.728, 0.058150
2.729, 0.058150
2.73, 0.058150
2.731, 0.058150
2.732, 0.058150
2.733, 0.058150
2.734, 0.058150
2.735, 0.058150
2.736, 0.058150
2.737, 0.058150
2.738, 0.058150
2.739, 0.058150
2.74, 0.058150
2.741, 0.058150
2.742, 0.058150
2.743, 0.058150
2.744, 0.058150
2.745, 0.058150
2.746, 0.058150
2.747, 0.058150
2.748, 0.058150
2.749, 0.058150
2.75, 0.058150
2.751, 0.058150
2.752, 0.058150
2.753, 0.058150
2.754, 0.058150
2.755, 0.058150
2.756, 0.058150
2.757, 0.058150
2.758, 0.058150
2.759, 0.058150
2.76, 0.058150
2.761, 0.058150
2.762, 0.058150
2.763, 0.058150
2.764, 0.058150
2.765, 0.058150
2.766, 0.058150
2.767, 0.058150
2.768, 0.058150
2.769, 0.058150
2.77, 0.058150
2.771, 0.058150
2.772, 0.058150
2.773, 0.058150
2.774, 0.058150
2.775, 0.058150
2.776, 0.058150
2.777, 0.058150
2.778, 0.058150
2.779, 0.058150
2.78, 0.058150
2.781, 0.058150
2.782, 0.058150
2.783, 0.058150
2.784, 0.058150
2.785, 0.058150
2.786, 0.058150
2.787, 0.058150
2.788, 0.058150
2.789, 0.058150
2.79, 0.058150
2.791, 0.058150
2.792, 0.058150
2.793, 0.058150
2.794, 0.058150
2.795, 0.058150
2.796, 0.058150
2.797, 0.058150
2.798, 0.058150
2.799, 0.058150
2.8, 0.052335
2.801, 0.052335
2.802, 0.052335
2.803, 0.052335
2.804, 0.052335
2.805, 0.052335
2.806, 0.052335
2.807, 0.052335
2.808, 0.052335
2.809, 0.052335
2.81, 0.052335
2.811, 0.052335
2.812, 0.052335
2.813, 0.052335
2.814, 0.052335
2.815, 0.052335
2.816, 0.052335
2.817, 0.052335
2.818, 0.052335
2.819, 0.052335
2.82, 0.052335
2.821, 0.052335
2.822, 0.052335
2.823, 0.052335
2.824, 0.052335
2.825, 0.052335
2.826, 0.052335
2.827, 0.052335
2.828, 0.052335
2.829, 0.052335
2.83, 0.052335
2.831, 0.052335
2.832, 0.052335
2.833, 0.052335
2.834, 0.052335
2.835, 0.052335
2.836, 0.052335
2.837, 0.052335
2.838, 0.052335
2.839, 0.052335
2.84, 0.052335
2.841, 0.052335
2.842, 0.052335
2.843, 0.052335
2.844, 0.052335
2.845, 0.052335
2.846, 0.052335
2.847, 0.052335
2.848, 0.052335
2.849, 0.052335
2.85, 0.052335
2.851, 0.052335
2.852, 0.052335
2.853, 0.052335
2.854, 0.052335
2.855, 0.052335
2.856, 0.052335
2.857, 0.052335
2.858, 0.052335
2.859, 0.052335
2.86, 0.052335
2.861, 0.052335
2.862, 0.052335
2.863, 0.052335
2.864, 0.052335
2.865, 0.052335
2.866, 0.052335
2.867, 0.052335
2.868, 0.052335
2.869, 0.052335
2.87, 0.052335
2.871, 0.052335
2.872, 0.052335
2.873, 0.052335
2.874, 0.052335
2.875, 0.052335
2.876, 0.052335
2.877, 0.052335
2.878, 0.052335
2.879, 0.052335
2.88, 0.052335
2.881, 0.052335
2.882, 0.052335
2.883, 0.052335
2.884, 0.052335
2.885, 0.052335
2.886, 0.052335
2.887, 0.052335
2.888, 0.052335
2.889, 0.052335
2.89, 0.052335
2.891, 0.052335
2.892, 0.052335
2.893, 0.052335
2.894, 0.052335
2.895, 0.052335
2.896, 0.052335
2.897, 0.052335
2.898, 0.052335
2.899, 0.052335
2.9, 0.047101
2.901, 0.047101
2.902, 0.047101
2.903, 0.047101
2.904, 0.047101
2.905, 0.047101
2.906, 0.047101
2.907, 0.047101
2.908, 0.047101
2.909, 0.047101
2.91, 0.047101
2.911, 0.047101
2.912, 0.047101
2.913, 0.047101
2.914, 0.047101
2.915, 0.047101
2.916, 0.047101
2.917, 0.047101
2.918, 0.047101
2.919, 0.047101
2.92, 0.047101
2.921, 0.047101
2.922, 0.047101
2.923, 0.047101
2.924, 0.047101
2.925, 0.047101
2.926, 0.047101
2.927, 0.047101
2.928, 0.047101
2.929, 0.047101
2.93, 0.047101
2.931, 0.047101
2.932, 0.047101
2.933, 0.047101
2.934, 0.047101
2.935, 0.047101
2.936, 0.047101
2.937, 0.047101
2.938, 0.047101
2.939, 0.047101
2.94, 0.047101
2.941, 0.047101
2.942, 0.047101
2.943, 0.047101
2.944, 0.047101
2.945, 0.047101
2.946, 0.047101
2.947, 0.047101
2.948, 0.047101
2.949, 0.047101
2.95, 0.047101
2.951, 0.047101
2.952, 0.047101
2.953, 0.047101
2.954, 0.047101
2.955, 0.047101
2.956, 0.047101
2.957, 0.047101
2.958, 0.047101
2.959, 0.047101
2.96, 0.047101
2.961, 0.047101
2.962, 0.047101
2.963, 0.047101
2.964, 0.047101
2.965, 0.047101
2.966, 0.047101
2.967, 0.047101
2.968, 0.047101
2.969, 0.047101
2.97, 0.047101
2.971, 0.047101
2.972, 0.047101
2.973, 0.047101
2.974, 0.047101
2.975, 0.047101
2.976, 0.047101
2.977, 0.047101
2.978, 0.047101
2.979, 0.047101
2.98, 0.047101
2.981, 0.047101
2.982, 0.047101
2.983, 0.047101
2.984, 0.047101
2.985, 0.047101
2.986, 0.047101
2.987, 0.047101
2.988, 0.047101
2.989, 0.047101
2.99, 0.047101
2.991, 0.047101
2.992, 0.047101
2.993, 0.047101
2.994, 0.047101
2.995, 0.047101
2.996, 0.047101
2.997, 0.047101
2.998, 0.047101
2.999, 0.047101
3, 0.042391
3.001, 0.042391
3.002, 0.042391
3.003, 0.042391
3.004, 0.042391
3.005, 0.042391
3.006, 0.042391
3.007, 0.042391
3.008, 0.042391
3.009, 0.042391
3.01, 0.042391
3.011, 0.042391
3.012, 0.042391
3.013, 0.042391
3.014, 0.042391
3.015, 0.042391
3.016, 0.042391
3.017, 0.042391
3.018, 0.042391
3.019, 0.042391
3.02, 0.042391
3.021, 0.042391
3.022, 0.042391
3.023, 0.042391
3.024, 0.042391
3.025, 0.042391
3.026, 0.042391
3.027, 0.042391
3.028, 0.042391
3.029, 0.042391
3.03, 0.042391
3.031, 0.042391
3.032, 0.042391
3.033, 0.042391
3.034, 0.042391
3.035, 0.042391
3.036, 0.042391
3.037, 0.042391
3.038, 0.042391
3.039, 0.042391
3.04, 0.042391
3.041, 0.042391
3.042, 0.042391
3.043, 0.042391
3.044, 0.042391
3.045, 0.042391
3.046, 0.042391
3.047, 0.042391
3.048, 0.042391
3.049, 0.042391
3.05, 0.042391
3.051, 0.042391
3.052, 0.042391
3.053, 0.042391
3.054, 0.042391
3.055, 0.042391
3.056, 0.042391
3.057, 0.042391
3.058, 0.042391
3.059, 0.042391
3.06, 0.042391
3.061, 0.042391
3.062, 0.042391
3.063, 0.042391
3.064, 0.042391
3.065, 0.042391
3.066, 0.042391
3.067, 0.042391
3.068, 0.042391
3.069, 0.042391
3.07, 0.042391
3.071, 0.042391
3.072, 0.042391
3.073, 0.042391
3.074, 0.042391
3.075, 0.042391
3.076, 0.042391
3.077, 0.042391
3.078, 0.042391
3.079, 0.042391
3.08, 0.042391
3.081, 0.042391
3.082, 0.042391
3.083, 0.042391
3.084, 0.042391
3.085, 0.042391
3.086, 0.042391
3.087, 0.042391
3.088, 0.042391
3.089, 0.042391
3.09, 0.042391
3.091, 0.042391
3.092, 0.042391
3.093, 0.042391
3.094, 0.042391
3.095, 0.042391
3.096, 0.042391
3.097, 0.042391
3.098, 0.042391
3.099, 0.042391
3.1, 0.038152
3.101, 0.038152
3.102, 0.038152
3.103, 0.038152
3.104, 0.038152
3.105, 0.038152
3.106, 0.038152
3.107, 0.038152
3.108, 0.038152
3.109, 0.038152
3.11, 0.038152
3.111, 0.038152
3.112, 0.038152
3.113, 0.038152
3.114, 0.038152
3.115, 0.038152
3.116, 0.038152
3.117, 0.038152
3.118, 0.038152
3.119, 0.038152
3.12, 0.038152
3.121, 0.038152
3.122, 0.038152
3.123, 0.038152
3.124, 0.038152
3.125, 0.038152
3.126, 0.038152
3.127, 0.038152
3.128, 0.038152
3.129, 0.038152
3.13, 0.038152
3.131, 0.038152
3.132, 0.038152
3.133, 0.038152
3.134, 0.038152
3.135, 0.038152
3.136, 0.038152
3.137, 0.038152
3.138, 0.038152
3.139, 0.038152
3.14, 0.038152
3.141, 0.038152
3.142, 0.038152
3.143, 0.038152
3.144, 0.038152
3.145, 0.038152
3.146, 0.038152
3.147, 0.038152
3.148, 0.038152
3.149, 0.038152
3.15, 0.038152
3.151, 0.038152
3.152, 0.038152
3.153, 0.038152
3.154, 0.038152
3.155, 0.038152
3.156, 0.038152
3.157, 0.038152
3.158, 0.038152
3.159, 0.038152
3.16, 0.038152
3.161, 0.038152
3.162, 0.038152
3.163, 0.038152
3.164, 0.038152
3.165, 0.038152
3.166, 0.038152
3.167, 0.038152
3.168, 0.038152
3.169, 0.038152
3.17, 0.038152
3.171, 0.038152
3.172, 0.038152
3.173, 0.038152
3.174, 0.038152
3.175, 0.038152
3.176, 0.038152
3.177, 0.038152
3.178, 0.038152
3.179, 0.038152
3.18, 0.038152
3.181, 0.038152
3.182, 0.038152
3.183, 0.038152
3.184, 0.038152
3.185, 0.038152
3.186, 0.038152
3.187, 0.038152
3.188, 0.038152
3.189, 0.038152
3.19, 0.038152
3.191, 0.038152
3.192, 0.038152
3.193, 0.038152
3.194, 0.038152
3.195, 0.038152
3.196, 0.038152
3.197, 0.038152
3.198, 0.038152
3.199, 0.038152
3.2, 0.034337
3.201, 0.034337
3.202, 0.034337
3.203, 0.034337
3.204, 0.034337
3.205, 0.034337
3.206, 0.034337
3.207, 0.034337
3.208, 0.034337
3.209, 0.034337
3.21, 0.034337
3.211, 0.034337
3.212, 0.034337
3.213, 0.034337
3.214, 0.034337
3.215, 0.034337
3.216, 0.034337
3.217, 0.034337
3.218, 0.034337
3.219, 0.034337
3.22, 0.034337
3.221, 0.034337
3.222, 0.034337
3.223, 0.034337
3.224, 0.034337
3.225, 0.034337
3.226, 0.034337
3.227, 0.034337
3.228, 0.034337
3.229, 0.034337
3.23, 0.034337
3.231, 0.034337
3.232, 0.034337
3.233, 0.034337
3.234, 0.034337
3.235, 0.034337
3.236, 0.034337
3.237, 0.034337
3.238, 0.034337
3.239, 0.034337
3.24, 0.034337
3.241, 0.034337
3.242, 0.034337
3.243, 0.034337
3.244, 0.034337
3.245, 0.034337
3.246, 0.034337
3.247, 0.034337
3.248, 0.034337
3.249, 0.034337
3.25, 0.034337
3.251, 0.034337
3.252, 0.034337
3.253, 0.034337
3.254, 0.034337
3.255, 0.034337
3.256, 0.034337
3.257, 0.034337
3.258, 0.034337
3.259, 0.034337
3.26, 0.034337
3.261, 0.034337
3.262, 0.034337
3.263, 0.034337
3.264, 0.034337
3.265, 0.034337
3.266, 0.034337
3.267, 0.034337
3.268, 0.034337
3.269, 0.034337
3.27, 0.034337
3.271, 0.034337
3.272, 0.034337
3.273, 0.034337
3.274, 0.034337
3.275, 0.034337
3.276, 0.034337
3.277, 0.034337
3.278, 0.034337
3.279, 0.034337
3.28, 0.034337
3.281, 0.034337
3.282, 0.034337
3.283, 0.034337
3.284, 0.034337
3.285, 0.034337
3.286, 0.034337
3.287, 0.034337
3.288, 0.034337
3.289, 0.034337
3.29, 0.034337
3.291, 0.034337
3.292, 0.034337
3.293, 0.034337
3.294, 0.034337
3.295, 0.034337
3.296, 0.034337
3.297, 0.034337
3.298, 0.034337
3.299, 0.034337
3.3, 0.030903
3.301, 0.030903
3.302, 0.030903
3.303, 0.030903
3.304, 0.030903
3.305, 0.030903
3.306, 0.030903
3.307, 0.030903
3.308, 0.030903
3.309, 0.030903
3.31, 0.030903
3.311, 0.030903
3.312, 0.030903
3.313, 0.030903
3.314, 0.030903
3.315, 0.030903
3.316, 0.030903
3.317, 0.030903
3.318, 0.030903
3.319, 0.030903
3.32, 0.030903
3.321, 0.030903
3.322, 0.030903
3.323, 0.030903
3.324, 0.030903
3.325, 0.030903
3.326, 0.030903
3.327, 0.030903
3.328, 0.030903
3.329, 0.030903
3.33, 0.030903
3.331, 0.030903
3.332, 0.030903
3.333, 0.030903
3.334, 0.030903
3.335, 0.030903
3.336, 0.030903
3.337, 0.030903
3.338, 0.030903
3.339, 0.030903
3.34, 0.030903
3.341, 0.030903
3.342, 0.030903
3.343, 0.030903
3.344, 0.030903
3.345, 0.030903
3.346, 0.030903
3.347, 0.030903
3.348, 0.030903
3.349, 0.030903
3.35, 0.030903
3.351, 0.030903
3.352, 0.030903
3.353, 0.030903
3.354, 0.030903
3.355, 0.030903
3.356, 0.030903
3.357, 0.030903
3.358, 0.030903
3.359, 0.030903
3.36, 0.030903
3.361, 0.030903
3.362, 0.030903
3.363, 0.030903
3.364, 0.030903
3.365, 0.030903
3.366, 0.030903
3.367, 0.030903
3.368, 0.030903
3.369, 0.030903
3.37, 0.030903
3.371, 0.030903
3.372, 0.030903
3.373, 0.030903
3.374, 0.030903
3.375, 0.030903
3.376, 0.030903
3.377, 0.030903
3.378, 0.030903
3.379, 0.030903
3.38, 0.030903
3.381, 0.030903
3.382, 0.030903
3.383, 0.030903
3.384, 0.030903
3.385, 0.030903
3.386, 0.030903
3.387, 0.030903
3.388, 0.030903
3.389, 0.030903
3.39, 0.030903
3.391, 0.030903
3.392, 0.030903
3.393, 0.030903
3.394, 0.030903
3.395, 0.030903
3.396, 0.030903
3.397, 0.030903
3.398, 0.030903
3.399, 0.030903
3.4, 0.027813
3.401, 0.027813
3.402, 0.027813
3.403, 0.027813
3.404, 0.027813
3.405, 0.027813
3.406, 0.027813
3.407, 0.027813
3.408, 0.027813
3.409, 0.027813
3.41, 0.027813
3.411, 0.027813
3.412, 0.027813
3.413, 0.027813
3.414, 0.027813
3.415, 0.027813
3.416, 0.027813
3.417, 0.027813
3.418, 0.027813
3.419, 0.027813
3.42, 0.027813
3.421, 0.027813
3.422, 0.027813
3.423, 0.027813
3.424, 0.027813
3.425, 0.027813
3.426, 0.027813
3.427, 0.027813
3.428, 0.027813
3.429, 0.027813
3.43, 0.027813
3.431, 0.027813
3.432, 0.027813
3.433, 0.027813
3.434, 0.027813
3.435, 0.027813
3.436, 0.027813
3.437, 0.027813
3.438, 0.027813
3.439, 0.027813
3.44, 0.027813
3.441, 0.027813
3.442, 0.027813
3.443, 0.027813
3.444, 0.027813
3.445, 0.027813
3.446, 0.027813
3.447, 0.027813
3.448, 0.027813
3.449, 0.027813
3.45, 0.027813
3.451, 0.027813
3.452, 0.027813
3.453, 0.027813
3.454, 0.027813
3.455, 0.027813
3.456, 0.027813
3.457, 0.027813
3.458, 0.027813
3.459, 0.027813
3.46, 0.027813
3.461, 0.027813
3.462, 0.027813
3.463, 0.027813
3.464, 0.027813
3.465, 0.027813
3.466, 0.027813
3.467, 0.027813
3.468, 0.027813
3.469, 0.027813
3.47, 0.027813
3.471, 0.027813
3.472, 0.027813
3.473, 0.027813
3.474, 0.027813
3.475, 0.027813
3.476, 0.027813
3.477, 0.027813
3.478, 0.027813
3.479, 0.027813
3.48, 0.027813
3.481, 0.027813
3.482, 0.027813
3.483, 0.027813
3.484, 0.027813
3.485, 0.027813
3.486, 0.027813
3.487, 0.027813
3.488, 0.027813
3.489, 0.027813
3.49, 0.027813
3.491, 0.027813
3.492, 0.027813
3.493, 0.027813
3.494, 0.027813
3.495, 0.027813
3.496, 0.027813
3.497, 0.027813
3.498, 0.027813
3.499, 0.027813
3.5, 0.025032
3.501, 0.025032
3.502, 0.025032
3.503, 0.025032
3.504, 0.025032
3.505, 0.025032
3.506, 0.025032
3.507, 0.025032
3.508, 0.025032
3.509, 0.025032
3.51, 0.025032
3.511, 0.025032
3.512, 0.025032
3.513, 0.025032
3.514, 0.025032
3.515, 0.025032
3.516, 0.025032
3.517, 0.025032
3.518, 0.025032
3.519, 0.025032
3.52, 0.025032
3.521, 0.025032
3.522, 0.025032
3.523, 0.025032
3.524, 0.025032
3.525, 0.025032
3.526, 0.025032
3.527, 0.025032
3.528, 0.025032
3.529, 0.025032
3.53, 0.025032
3.531, 0.025032
3.532, 0.025032
3.533, 0.025032
3.534, 0.025032
3.535, 0.025032
3.536, 0.025032
3.537, 0.025032
3.538, 0.025032
3.539, 0.025032
3.54, 0.025032
3.541, 0.025032
3.542, 0.025032
3.543, 0.025032
3.544, 0.025032
3.545, 0.025032
3.546, 0.025032
3.547, 0.025032
3.548, 0.025032
3.549, 0.025032
3.55, 0.025032
3.551, 0.025032
3.552, 0.025032
3.553, 0.025032
3.554, 0.025032
3.555, 0.025032
3.556, 0.025032
3.557, 0.025032
3.558, 0.025032
3.559, 0.025032
3.56, 0.025032
3.561, 0.025032
3.562, 0.025032
3.563, 0.025032
3.564, 0.025032
3.565, 0.025032
3.566, 0.025032
3.567, 0.025032
3.568, 0.025032
3.569, 0.025032
3.57, 0.025032
3.571, 0.025032
3.572, 0.025032
3.573, 0.025032
3.574, 0.025032
3.575, 0.025032
3.576, 0.025032
3.577, 0.025032
3.578, 0.025032
3.579, 0.025032
3.58, 0.025032
3.581, 0.025032
3.582, 0.025032
3.583, 0.025032
3.584, 0.025032
3.585, 0.025032
3.586, 0.025032
3.587, 0.025032
3.588, 0.025032
3.589, 0.025032
3.59, 0.025032
3.591, 0.025032
3.592, 0.025032
3.593, 0.025032
3.594, 0.025032
3.595, 0.025032
3.596, 0.025032
3.597, 0.025032
3.598, 0.025032
3.599, 0.025032
3.6, 0.022528
3.601, 0.022528
3.602, 0.022528
3.603, 0.022528
3.604, 0.022528
3.605, 0.022528
3.606, 0.022528
3.607, 0.022528
3.608, 0.022528
3.609, 0.022528
3.61, 0.022528
3.611, 0.022528
3.612, 0.022528
3.613, 0.022528
3.614, 0.022528
3.615, 0.022528
3.616, 0.022528
3.617, 0.022528
3.618, 0.022528
3.619, 0.022528
3.62, 0.022528
3.621, 0.022528
3.622, 0.022528
3.623, 0.022528
3.624, 0.022528
3.625, 0.022528
3.626, 0.022528
3.627, 0.022528
3.628, 0.022528
3.629, 0.022528
3.63, 0.022528
3.631, 0.022528
3.632, 0.022528
3.633, 0.022528
3.634, 0.022528
3.635, 0.022528
3.636, 0.022528
3.637, 0.022528
3.638, 0.022528
3.639, 0.022528
3.64, 0.022528
3.641, 0.022528
3.642, 0.022528
3.643, 0.022528
3.644, 0.022528
3.645, 0.022528
3.646, 0.022528
3.647, 0.022528
3.648, 0.022528
3.649, 0.022528
3.65, 0.022528
3.651, 0.022528
3.652, 0.022528
3.653, 0.022528
3.654, 0.022528
3.655, 0.022528
3.656, 0.022528
3.657, 0.022528
3.658, 0.022528
3.659, 0.022528
3.66, 0.022528
3.661, 0.022528
3.662, 0.022528
3.663, 0.022528
3.664, 0.022528
3.665, 0.022528
3.666, 0.022528
3.667, 0.022528
3.668, 0.022528
3.669, 0.022528
3.67, 0.022528
3.671, 0.022528
3.672, 0.022528
3.673, 0.022528
3.674, 0.022528
3.675, 0.022528
3.676, 0.022528
3.677, 0.022528
3.678, 0.022528
3.679, 0.022528
3.68, 0.022528
3.681, 0.022528
3.682, 0.022528
3.683, 0.022528
3.684, 0.022528
3.685, 0.022528
3.686, 0.022528
3.687, 0.022528
3.688, 0.022528
3.689, 0.022528
3.69, 0.022528
3.691, 0.022528
3.692, 0.022528
3.693, 0.022528
3.694, 0.022528
3.695, 0.022528
3.696, 0.022528
3.697, 0.022528
3.698, 0.022528
3.699, 0.022528
3.7, 0.020276
3.701, 0.020276
3.702, 0.020276
3.703, 0.020276
3.704, 0.020276
3.705, 0.020276
3.706, 0.020276
3.707, 0.020276
3.708, 0.020276
3.709, 0.020276
3.71, 0.020276
3.711, 0.020276
3.712, 0.020276
3.713, 0.020276
3.714, 0.020276
3.715, 0.020276
3.716, 0.020276
3.717, 0.020276
3.718, 0.020276
3.719, 0.020276
3.72, 0.020276
3.721, 0.020276
3.722, 0.020276
3.723, 0.020276
3.724, 0.020276
3.725, 0.020276
3.726, 0.020276
3.727, 0.020276
3.728, 0.020276
3.729, 0.020276
3.73, 0.020276
3.731, 0.020276
3.732, 0.020276
3.733, 0.020276
3.734, 0.020276
3.735, 0.020276
3.736, 0.020276
3.737, 0.020276
3.738, 0.020276
3.739, 0.020276
3.74, 0.020276
3.741, 0.020276
3.742, 0.020276
3.743, 0.020276
3.744, 0.020276
3.745, 0.020276
3.746, 0.020276
3.747, 0.020276
3.748, 0.020276
3.749, 0.020276
3.75, 0.020276
3.751, 0.020276
3.752, 0.020276
3.753, 0.020276
3.754, 0.020276
3.755, 0.020276
3.756, 0.020276
3.757, 0.020276
3.758, 0.020276
3.759, 0.020276
3.76, 0.020276
3.761, 0.020276
3.762, 0.020276
3.763, 0.020276
3.764, 0.020276
3.765, 0.020276
3.766, 0.020276
3.767, 0.020276
3.768, 0.020276
3.769, 0.020276
3.77, 0.020276
3.771, 0.020276
3.772, 0.020276
3.773, 0.020276
3.774, 0.020276
3.775, 0.020276
3.776, 0.020276
3.777, 0.020276
3.778, 0.020276
3.779, 0.020276
3.78, 0.020276
3.781, 0.020276
3.782, 0.020276
3.783, 0.020276
3.784, 0.020276
3.785, 0.020276
3.786, 0.020276
3.787, 0.020276
3.788, 0.020276
3.789, 0.020276
3.79, 0.020276
3.791, 0.020276
3.792, 0.020276
3.793, 0.020276
3.794, 0.020276
3.795, 0.020276
3.796, 0.020276
3.797, 0.020276
3.798, 0.020276
3.799, 0.020276
3.8, 0.018248
3.801, 0.018248
3.802, 0.018248
3.803, 0.018248
3.804, 0.018248
3.805, 0.018248
3.806, 0.018248
3.807, 0.018248
3.808, 0.018248
3.809, 0.018248
3.81, 0.018248
3.811, 0.018248
3.812, 0.018248
3.813, 0.018248
3.814, 0.018248
3.815, 0.018248
3.816, 0.018248
3.817, 0.018248
3.818, 0.018248
3.819, 0.018248
3.82, 0.018248
3.821, 0.018248
3.822, 0.018248
3.823, 0.018248
3.824, 0.018248
3.825, 0.018248
3.826, 0.018248
3.827, 0.018248
3.828, 0.018248
3.829, 0.018248
3.83, 0.018248
3.831, 0.018248
3.832, 0.018248
3.833, 0.018248
3.834, 0.018248
3.835, 0.018248
3.836, 0.018248
3.837, 0.018248
3.838, 0.018248
3.839, 0.018248
3.84, 0.018248
3.841, 0.018248
3.842, 0.018248
3.843, 0.018248
3.844, 0.018248
3.845, 0.018248
3.846, 0.018248
3.847, 0.018248
3.848, 0.018248
3.849, 0.018248
3.85, 0.018248
3.851, 0.018248
3.852, 0.018248
3.853, 0.018248
3.854, 0.018248
3.855, 0.018248
3.856, 0.018248
3.857, 0.018248
3.858, 0.018248
3.859, 0.018248
3.86, 0.018248
3.861, 0.018248
3.862, 0.018248
3.863, 0.018248
3.864, 0.018248
3.865, 0.018248
3.866, 0.018248
3.867, 0.018248
3.868, 0.018248
3.869, 0.018248
3.87, 0.018248
3.871, 0.018248
3.872, 0.018248
3.873, 0.018248
3.874, 0.018248
3.875, 0.018248
3.876, 0.018248
3.877, 0.018248
3.878, 0.018248
3.879, 0.018248
3.88, 0.018248
3.881, 0.018248
3.882, 0.018248
3.883, 0.018248
3.884, 0.018248
3.885, 0.018248
3.886, 0.018248
3.887, 0.018248
3.888, 0.018248
3.889, 0.018248
3.89, 0.018248
3.891, 0.018248
3.892, 0.018248
3.893, 0.018248
3.894, 0.018248
3.895, 0.018248
3.896, 0.018248
3.897, 0.018248
3.898, 0.018248
3.899, 0.018248
3.9, 0.016423
3.901, 0.016423
3.902, 0.016423
3.903, 0.016423
3.904, 0.016423
3.905, 0.016423
3.906, 0.016423
3.907, 0.016423
3.908, 0.016423
3.909, 0.016423
3.91, 0.016423
3.911, 0.016423
3.912, 0.016423
3.913, 0.016423
3.914, 0.016423
3.915, 0.016423
3.916, 0.016423
3.917, 0.016423
3.918, 0.016423
3.919, 0.016423
3.92, 0.016423
3.921, 0.016423
3.922, 0.016423
3.923, 0.016423
3.924, 0.016423
3.925, 0.016423
3.926, 0.016423
3.927, 0.016423
3.928, 0.016423
3.929, 0.016423
3.93, 0.016423
3.931, 0.016423
3.932, 0.016423
3.933, 0.016423
3.934, 0.016423
3.935, 0.016423
3.936, 0.016423
3.937, 0.016423
3.938, 0.016423
3.939, 0.016423
3.94, 0.016423
3.941, 0.016423
3.942, 0.016423
3.943, 0.016423
3.944, 0.016423
3.945, 0.016423
3.946, 0.016423
3.947, 0.016423
3.948, 0.016423
3.949, 0.016423
3.95, 0.016423
3.951, 0.016423
3.952, 0.016423
3.953, 0.016423
3.954, 0.016423
3.955, 0.016423
3.956, 0.016423
3.957, 0.016423
3.958, 0.016423
3.959, 0.016423
3.96, 0.016423
3.961, 0.016423
3.962, 0.016423
3.963, 0.016423
3.964, 0.016423
3.965, 0.016423
3.966, 0.016423
3.967, 0.016423
3.968, 0.016423
3.969, 0.016423
3.97, 0.016423
3.971, 0.016423
3.972, 0.016423
3.973, 0.016423
3.974, 0.016423
3.975, 0.016423
3.976, 0.016423
3.977, 0.016423
3.978, 0.016423
3.979, 0.016423
3.98, 0.016423
3.981, 0.016423
3.982, 0.016423
3.983, 0.016423
3.984, 0.016423
3.985, 0.016423
3.986, 0.016423
3.987, 0.016423
3.988, 0.016423
3.989, 0.016423
3.99, 0.016423
3.991, 0.016423
3.992, 0.016423
3.993, 0.016423
3.994, 0.016423
3.995, 0.016423
3.996, 0.016423
3.997, 0.016423
3.998, 0.016423
3.999, 0.016423
4, 0.014781
4.001, 0.014781
4.002, 0.014781
4.003, 0.014781
4.004, 0.014781
4.005, 0.014781
4.006, 0.014781
4.007, 0.014781
4.008, 0.014781
4.009, 0.014781
4.01, 0.014781
4.011, 0.014781
4.012, 0.014781
4.013, 0.014781
4.014, 0.014781
4.015, 0.014781
4.016, 0.014781
4.017, 0.014781
4.018, 0.014781
4.019, 0.014781
4.02, 0.014781
4.021, 0.014781
4.022, 0.014781
4.023, 0.014781
4.024, 0.014781
4.025, 0.014781
4.026, 0.014781
4.027, 0.014781
4.028, 0.014781
4.029, 0.014781
4.03, 0.014781
4.031, 0.014781
4.032, 0.014781
4.033, 0.014781
4.034, 0.014781
4.035, 0.014781
4.036, 0.014781
4.037, 0.014781
4.038, 0.014781
4.039, 0.014781
4.04, 0.014781
4.041, 0.014781
4.042, 0.014781
4.043, 0.014781
4.044, 0.014781
4.045, 0.014781
4.046, 0.014781
4.047, 0.014781
4.048, 0.014781
4.049, 0.014781
4.05, 0.014781
4.051, 0.014781
4.052, 0.014781
4.053, 0.014781
4.054, 0.014781
4.055, 0.014781
4.056, 0.014781
4.057, 0.014781
4.058, 0.014781
4.059, 0.014781
4.06, 0.014781
4.061, 0.014781
4.062, 0.014781
4.063, 0.014781
4.064, 0.014781
4.065, 0.014781
4.066, 0.014781
4.067, 0.014781
4.068, 0.014781
4.069, 0.014781
4.07, 0.014781
4.071, 0.014781
4.072, 0.014781
4.073, 0.014781
4.074, 0.014781
4.075, 0.014781
4.076, 0.014781
4.077, 0.014781
4.078, 0.014781
4.079, 0.014781
4.08, 0.014781
4.081, 0.014781
4.082, 0.014781
4.083, 0.014781
4.084, 0.014781
4.085, 0.014781
4.086, 0.014781
4.087, 0.014781
4.088, 0.014781
4.089, 0.014781
4.09, 0.014781
4.091, 0.014781
4.092, 0.014781
4.093, 0.014781
4.094, 0.014781
4.095, 0.014781
4.096, 0.014781
4.097, 0.014781
4.098, 0.014781
4.099, 0.014781
4.1, 0.013303
4.101, 0.013303
4.102, 0.013303
4.103, 0.013303
4.104, 0.013303
4.105, 0.013303
4.106, 0.013303
4.107, 0.013303
4.108, 0.013303
4.109, 0.013303
4.11, 0.013303
4.111, 0.013303
4.112, 0.013303
4.113, 0.013303
4.114, 0.013303
4.115, 0.013303
4.116, 0.013303
4.117, 0.013303
4.118, 0.013303
4.119, 0.013303
4.12, 0.013303
4.121, 0.013303
4.122, 0.013303
4.123, 0.013303
4.124, 0.013303
4.125, 0.013303
4.126, 0.013303
4.127, 0.013303
4.128, 0.013303
4.129, 0.013303
4.13, 0.013303
4.131, 0.013303
4.132, 0.013303
4.133, 0.013303
4.134, 0.013303
4.135, 0.013303
4.136, 0.013303
4.137, 0.013303
4.138, 0.013303
4.139, 0.013303
4.14, 0.013303
4.141, 0.013303
4.142, 0.013303
4.143, 0.013303
4.144, 0.013303
4.145, 0.013303
4.146, 0.013303
4.147, 0.013303
4.148, 0.013303
4.149, 0.013303
4.15, 0.013303
4.151, 0.013303
4.152, 0.013303
4.153, 0.013303
4.154, 0.013303
4.155, 0.013303
4.156, 0.013303
4.157, 0.013303
4.158, 0.013303
4.159, 0.013303
4.16, 0.013303
4.161, 0.013303
4.162, 0.013303
4.163, 0.013303
4.164, 0.013303
4.165, 0.013303
4.166, 0.013303
4.167, 0.013303
4.168, 0.013303
4.169, 0.013303
4.17, 0.013303
4.171, 0.013303
4.172, 0.013303
4.173, 0.013303
4.174, 0.013303
4.175, 0.013303
4.176, 0.013303
4.177, 0.013303
4.178, 0.013303
4.179, 0.013303
4.18, 0.013303
4.181, 0.013303
4.182, 0.013303
4.183, 0.013303
4.184, 0.013303
4.185, 0.013303
4.186, 0.013303
4.187, 0.013303
4.188, 0.013303
4.189, 0.013303
4.19, 0.013303
4.191, 0.013303
4.192, 0.013303
4.193, 0.013303
4.194, 0.013303
4.195, 0.013303
4.196, 0.013303
4.197, 0.013303
4.198, 0.013303
4.199, 0.013303
4.2, 0.011973
4.201, 0.011973
4.202, 0.011973
4.203, 0.011973
4.204, 0.011973
4.205, 0.011973
4.206, 0.011973
4.207, 0.011973
4.208, 0.011973
4.209, 0.011973
4.21, 0.011973
4.211, 0.011973
4.212, 0.011973
4.213, 0.011973
4.214, 0.011973
4.215, 0.011973
4.216, 0.011973
4.217, 0.011973
4.218, 0.011973
4.219, 0.011973
4.22, 0.011973
4.221, 0.011973
4.222, 0.011973
4.223, 0.011973
4.224, 0.011973
4.225, 0.011973
4.226, 0.011973
4.227, 0.011973
4.228, 0.011973
4.229, 0.011973
4.23, 0.011973
4.231, 0.011973
4.232, 0.011973
4.233, 0.011973
4.234, 0.011973
4.235, 0.011973
4.236, 0.011973
4.237, 0.011973
4.238, 0.011973
4.239, 0.011973
4.24, 0.011973
4.241, 0.011973
4.242, 0.011973
4.243, 0.011973
4.244, 0.011973
4.245, 0.011973
4.246, 0.011973
4.247, 0.011973
4.248, 0.011973
4.249, 0.011973
4.25, 0.011973
4.251, 0.011973
4.252, 0.011973
4.253, 0.011973
4.254, 0.011973
4.255, 0.011973
4.256, 0.011973
4.257, 0.011973
4.258, 0.011973
4.259, 0.011973
4.26, 0.011973
4.261, 0.011973
4.262, 0.011973
4.263, 0.011973
4.264, 0.011973
4.265, 0.011973
4.266, 0.011973
4.267, 0.011973
4.268, 0.011973
4.269, 0.011973
4.27, 0.011973
4.271, 0.011973
4.272, 0.011973
4.273, 0.011973
4.274, 0.011973
4.275, 0.011973
4.276, 0.011973
4.277, 0.011973
4.278, 0.011973
4.279, 0.011973
4.28, 0.011973
4.281, 0.011973
4.282, 0.011973
4.283, 0.011973
4.284, 0.011973
4.285, 0.011973
4.286, 0.011973
4.287, 0.011973
4.288, 0.011973
4.289, 0.011973
4.29, 0.011973
4.291, 0.011973
4.292, 0.011973
4.293, 0.011973
4.294, 0.011973
4.295, 0.011973
4.296, 0.011973
4.297, 0.011973
4.298, 0.011973
4.299, 0.011973
4.3, 0.010775
4.301, 0.010775
4.302, 0.010775
4.303, 0.010775
4.304, 0.010775
4.305, 0.010775
4.306, 0.010775
4.307, 0.010775
4.308, 0.010775
4.309, 0.010775
4.31, 0.010775
4.311, 0.010775
4.312, 0.010775
4.313, 0.010775
4.314, 0.010775
4.315, 0.010775
4.316, 0.010775
4.317, 0.010775
4.318, 0.010775
4.319, 0.010775
4.32, 0.010775
4.321, 0.010775
4.322, 0.010775
4.323, 0.010775
4.324, 0.010775
4.325, 0.010775
4.326, 0.010775
4.327, 0.010775
4.328, 0.010775
4.329, 0.010775
4.33, 0.010775
4.331, 0.010775
4.332, 0.010775
4.333, 0.010775
4.334, 0.010775
4.335, 0.010775
4.336, 0.010775
4.337, 0.010775
4.338, 0.010775
4.339, 0.010775
4.34, 0.010775
4.341, 0.010775
4.342, 0.010775
4.343, 0.010775
4.344, 0.010775
4.345, 0.010775
4.346, 0.010775
4.347, 0.010775
4.348, 0.010775
4.349, 0.010775
4.35, 0.010775
4.351, 0.010775
4.352, 0.010775
4.353, 0.010775
4.354, 0.010775
4.355, 0.010775
4.356, 0.010775
4.357, 0.010775
4.358, 0.010775
4.359, 0.010775
4.36, 0.010775
4.361, 0.010775
4.362, 0.010775
4.363, 0.010775
4.364, 0.010775
4.365, 0.010775
4.366, 0.010775
4.367, 0.010775
4.368, 0.010775
4.369, 0.010775
4.37, 0.010775
4.371, 0.010775
4.372, 0.010775
4.373, 0.010775
4.374, 0.010775
4.375, 0.010775
4.376, 0.010775
4.377, 0.010775
4.378, 0.010775
4.379, 0.010775
4.38, 0.010775
4.381, 0.010775
4.382, 0.010775
4.383, 0.010775
4.384, 0.010775
4.385, 0.010775
4.386, 0.010775
4.387, 0.010775
4.388, 0.010775
4.389, 0.010775
4.39, 0.010775
4.391, 0.010775
4.392, 0.010775
4.393, 0.010775
4.394, 0.010775
4.395, 0.010775
4.396, 0.010775
4.397, 0.010775
4.398, 0.010775
4.399, 0.010775
4.4, 0.009698
4.401, 0.009698
4.402, 0.009698
4.403, 0.009698
4.404, 0.009698
4.405, 0.009698
4.406, 0.009698
4.407, 0.009698
4.408, 0.009698
4.409, 0.009698
4.41, 0.009698
4.411, 0.009698
4.412, 0.009698
4.413, 0.009698
4.414, 0.009698
4.415, 0.009698
4.416, 0.009698
4.417, 0.009698
4.418, 0.009698
4.419, 0.009698
4.42, 0.009698
4.421, 0.009698
4.422, 0.009698
4.423, 0.009698
4.424, 0.009698
4.425, 0.009698
4.426, 0.009698
4.427, 0.009698
4.428, 0.009698
4.429, 0.009698
4.43, 0.009698
4.431, 0.009698
4.432, 0.009698
4.433, 0.009698
4.434, 0.009698
4.435, 0.009698
4.436, 0.009698
4.437, 0.009698
4.438, 0.009698
4.439, 0.009698
4.44, 0.009698
4.441, 0.009698
4.442, 0.009698
4.443, 0.009698
4.444, 0.009698
4.445, 0.009698
4.446, 0.009698
4.447, 0.009698
4.448, 0.009698
4.449, 0.009698
4.45, 0.009698
4.451, 0.009698
4.452, 0.009698
4.453, 0.009698
4.454, 0.009698
4.455, 0.009698
4.456, 0.009698
4.457, 0.009698
4.458, 0.009698
4.459, 0.009698
4.46, 0.009698
4.461, 0.009698
4.462, 0.009698
4.463, 0.009698
4.464, 0.009698
4.465, 0.009698
4.466, 0.009698
4.467, 0.009698
4.468, 0.009698
4.469, 0.009698
4.47, 0.009698
4.471, 0.009698
4.472, 0.009698
4.473, 0.009698
4.474, 0.009698
4.475, 0.009698
4.476, 0.009698
4.477, 0.009698
4.478, 0.009698
4.479, 0.009698
4.48, 0.009698
4.481, 0.009698
4.482, 0.009698
4.483, 0.009698
4.484, 0.009698
4.485, 0.009698
4.486, 0.009698
4.487, 0.009698
4.488, 0.009698
4.489, 0.009698
4.49, 0.009698
4.491, 0.009698
4.492, 0.009698
4.493, 0.009698
4.494, 0.009698
4.495, 0.009698
4.496, 0.009698
4.497, 0.009698
4.498, 0.009698
4.499, 0.009698
4.5, 0.008728
4.501, 0.008728
4.502, 0.008728
4.503, 0.008728
4.504, 0.008728
4.505, 0.008728
4.506, 0.008728
4.507, 0.008728
4.508, 0.008728
4.509, 0.008728
4.51, 0.008728
4.511, 0.008728
4.512, 0.008728
4.513, 0.008728
4.514, 0.008728
4.515, 0.008728
4.516, 0.008728
4.517, 0.008728
4.518, 0.008728
4.519, 0.008728
4.52, 0.008728
4.521, 0.008728
4.522, 0.008728
4.523, 0.008728
4.524, 0.008728
4.525, 0.008728
4.526, 0.008728
4.527, 0.008728
4.528, 0.008728
4.529, 0.008728
4.53, 0.008728
4.531, 0.008728
4.532, 0.008728
4.533, 0.008728
4.534, 0.008728
4.535, 0.008728
4.536, 0.008728
4.537, 0.008728
4.538, 0.008728
4.539, 0.008728
4.54, 0.008728
4.541, 0.008728
4.542, 0.008728
4.543, 0.008728
4.544, 0.008728
4.545, 0.008728
4.546, 0.008728
4.547, 0.008728
4.548, 0.008728
4.549, 0.008728
4.55, 0.008728
4.551, 0.008728
4.552, 0.008728
4.553, 0.008728
4.554, 0.008728
4.555, 0.008728
4.556, 0.008728
4.557, 0.008728
4.558, 0.008728
4.559, 0.008728
4.56, 0.008728
4.561, 0.008728
4.562, 0.008728
4.563, 0.008728
4.564, 0.008728
4.565, 0.008728
4.566, 0.008728
4.567, 0.008728
4.568, 0.008728
4.569, 0.008728
4.57, 0.008728
4.571, 0.008728
4.572, 0.008728
4.573, 0.008728
4.574, 0.008728
4.575, 0.008728
4.576, 0.008728
4.577, 0.008728
4.578, 0.008728
4.579, 0.008728
4.58, 0.008728
4.581, 0.008728
4.582, 0.008728
4.583, 0.008728
4.584, 0.008728
4.585, 0.008728
4.586, 0.008728
4.587, 0.008728
4.588, 0.008728
4.589, 0.008728
4.59, 0.008728
4.591, 0.008728
4.592, 0.008728
4.593, 0.008728
4.594, 0.008728
4.595, 0.008728
4.596, 0.008728
4.597, 0.008728
4.598, 0.008728
4.599, 0.008728
4.6, 0.007855
4.601, 0.007855
4.602, 0.007855
4.603, 0.007855
4.604, 0.007855
4.605, 0.007855
4.606, 0.007855
4.607, 0.007855
4.608, 0.007855
4.609, 0.007855
4.61, 0.007855
4.611, 0.007855
4.612, 0.007855
4.613, 0.007855
4.614, 0.007855
4.615, 0.007855
4.616, 0.007855
4.617, 0.007855
4.618, 0.007855
4.619, 0.007855
4.62, 0.007855
4.621, 0.007855
4.622, 0.007855
4.623, 0.007855
4.624, 0.007855
4.625, 0.007855
4.626, 0.007855
4.627, 0.007855
4.628, 0.007855
4.629, 0.007855
4.63, 0.007855
4.631, 0.007855
4.632, 0.007855
4.633, 0.007855
4.634, 0.007855
4.635, 0.007855
4.636, 0.007855
4.637, 0.007855
4.638, 0.007855
4.639, 0.007855
4.64, 0.007855
4.641, 0.007855
4.642, 0.007855
4.643, 0.007855
4.644, 0.007855
4.645, 0.007855
4.646, 0.007855
4.647, 0.007855
4.648, 0.007855
4.649, 0.007855
4.65, 0.007855
4.651, 0.007855
4.652, 0.007855
4.653, 0.007855
4.654, 0.007855
4.655, 0.007855
4.656, 0.007855
4.657, 0.007855
4.658, 0.007855
4.659, 0.007855
4.66, 0.007855
4.661, 0.007855
4.662, 0.007855
4.663, 0.007855
4.664, 0.007855
4.665, 0.007855
4.666, 0.007855
4.667, 0.007855
4.668, 0.007855
4.669, 0.007855
4.67, 0.007855
4.671, 0.007855
4.672, 0.007855
4.673, 0.007855
4.674, 0.007855
4.675, 0.007855
4.676, 0.007855
4.677, 0.007855
4.678, 0.007855
4.679, 0.007855
4.68, 0.007855
4.681, 0.007855
4.682, 0.007855
4.683, 0.007855
4.684, 0.007855
4.685, 0.007855
4.686, 0.007855
4.687, 0.007855
4.688, 0.007855
4.689, 0.007855
4.69, 0.007855
4.691, 0.007855
4.692, 0.007855
4.693, 0.007855
4.694, 0.007855
4.695, 0.007855
4.696, 0.007855
4.697, 0.007855
4.698, 0.007855
4.699, 0.007855
4.7, 0.007070
4.701, 0.007070
4.702, 0.007070
4.703, 0.007070
4.704, 0.007070
4.705, 0.007070
4.706, 0.007070
4.707, 0.007070
4.708, 0.007070
4.709, 0.007070
4.71, 0.007070
4.711, 0.007070
4.712, 0.007070
4.713, 0.007070
4.714, 0.007070
4.715, 0.007070
4.716, 0.007070
4.717, 0.007070
4.718, 0.007070
4.719, 0.007070
4.72, 0.007070
4.721, 0.007070
4.722, 0.007070
4.723, 0.007070
4.724, 0.007070
4.725, 0.007070
4.726, 0.007070
4.727, 0.007070
4.728, 0.007070
4.729, 0.007070
4.73, 0.007070
4.731, 0.007070
4.732, 0.007070
4.733, 0.007070
4.734, 0.007070
4.735, 0.007070
4.736, 0.007070
4.737, 0.007070
4.738, 0.007070
4.739, 0.007070
4.74, 0.007070
4.741, 0.007070
4.742, 0.007070
4.743, 0.007070
4.744, 0.007070
4.745, 0.007070
4.746, 0.007070
4.747, 0.007070
4.748, 0.007070
4.749, 0.007070
4.75, 0.007070
4.751, 0.007070
4.752, 0.007070
4.753, 0.007070
4.754, 0.007070
4.755, 0.007070
4.756, 0.007070
4.757, 0.007070
4.758, 0.007070
4.759, 0.007070
4.76, 0.007070
4.761, 0.007070
4.762, 0.007070
4.763, 0.007070
4.764, 0.007070
4.765, 0.007070
4.766, 0.007070
4.767, 0.007070
4.768, 0.007070
4.769, 0.007070
4.77, 0.007070
4.771, 0.007070
4.772, 0.007070
4.773, 0.007070
4.774, 0.007070
4.775, 0.007070
4.776, 0.007070
4.777, 0.007070
4.778, 0.007070
4.779, 0.007070
4.78, 0.007070
4.781, 0.007070
4.782, 0.007070
4.783, 0.007070
4.784, 0.007070
4.785, 0.007070
4.786, 0.007070
4.787, 0.007070
4.788, 0.007070
4.789, 0.007070
4.79, 0.007070
4.791, 0.007070
4.792, 0.007070
4.793, 0.007070
4.794, 0.007070
4.795, 0.007070
4.796, 0.007070
4.797, 0.007070
4.798, 0.007070
4.799, 0.007070
4.8, 0.006363
4.801, 0.006363
4.802, 0.006363
4.803, 0.006363
4.804, 0.006363
4.805, 0.006363
4.806, 0.006363
4.807, 0.006363
4.808, 0.006363
4.809, 0.006363
4.81, 0.006363
4.811, 0.006363
4.812, 0.006363
4.813, 0.006363
4.814, 0.006363
4.815, 0.006363
4.816, 0.006363
4.817, 0.006363
4.818, 0.006363
4.819, 0.006363
4.82, 0.006363
4.821, 0.006363
4.822, 0.006363
4.823, 0.006363
4.824, 0.006363
4.825, 0.006363
4.826, 0.006363
4.827, 0.006363
4.828, 0.006363
4.829, 0.006363
4.83, 0.006363
4.831, 0.006363
4.832, 0.006363
4.833, 0.006363
4.834, 0.006363
4.835, 0.006363
4.836, 0.006363
4.837, 0.006363
4.838, 0.006363
4.839, 0.006363
4.84, 0.006363
4.841, 0.006363
4.842, 0.006363
4.843, 0.006363
4.844, 0.006363
4.845, 0.006363
4.846, 0.006363
4.847, 0.006363
4.848, 0.006363
4.849, 0.006363
4.85, 0.006363
4.851, 0.006363
4.852, 0.006363
4.853, 0.006363
4.854, 0.006363
4.855, 0.006363
4.856, 0.006363
4.857, 0.006363
4.858, 0.006363
4.859, 0.006363
4.86, 0.006363
4.861, 0.006363
4.862, 0.006363
4.863, 0.006363
4.864, 0.006363
4.865, 0.006363
4.866, 0.006363
4.867, 0.006363
4.868, 0.006363
4.869, 0.006363
4.87, 0.006363
4.871, 0.006363
4.872, 0.006363
4.873, 0.006363
4.874, 0.006363
4.875, 0.006363
4.876, 0.006363
4.877, 0.006363
4.878, 0.006363
4.879, 0.006363
4.88, 0.006363
4.881, 0.006363
4.882, 0.006363
4.883, 0.006363
4.884, 0.006363
4.885, 0.006363
4.886, 0.006363
4.887, 0.006363
4.888, 0.006363
4.889, 0.006363
4.89, 0.006363
4.891, 0.006363
4.892, 0.006363
4.893, 0.006363
4.894, 0.006363
4.895, 0.006363
4.896, 0.006363
4.897, 0.006363
4.898, 0.006363
4.899, 0.006363
4.9, 0.005726
4.901, 0.005726
4.902, 0.005726
4.903, 0.005726
4.904, 0.005726
4.905, 0.005726
4.906, 0.005726
4.907, 0.005726
4.908, 0.005726
4.909, 0.005726
4.91, 0.005726
4.911, 0.005726
4.912, 0.005726
4.913, 0.005726
4.914, 0.005726
4.915, 0.005726
4.916, 0.005726
4.917, 0.005726
4.918, 0.005726
4.919, 0.005726
4.92, 0.005726
4.921, 0.005726
4.922, 0.005726
4.923, 0.005726
4.924, 0.005726
4.925, 0.005726
4.926, 0.005726
4.927, 0.005726
4.928, 0.005726
4.929, 0.005726
4.93, 0.005726
4.931, 0.005726
4.932, 0.005726
4.933, 0.005726
4.934, 0.005726
4.935, 0.005726
4.936, 0.005726
4.937, 0.005726
4.938, 0.005726
4.939, 0.005726
4.94, 0.005726
4.941, 0.005726
4.942, 0.005726
4.943, 0.005726
4.944, 0.005726
4.945, 0.005726
4.946, 0.005726
4.947, 0.005726
4.948, 0.005726
4.949, 0.005726
4.95, 0.005726
4.951, 0.005726
4.952, 0.005726
4.953, 0.005726
4.954, 0.005726
4.955, 0.005726
4.956, 0.005726
4.957, 0.005726
4.958, 0.005726
4.959, 0.005726
4.96, 0.005726
4.961, 0.005726
4.962, 0.005726
4.963, 0.005726
4.964, 0.005726
4.965, 0.005726
4.966, 0.005726
4.967, 0.005726
4.968, 0.005726
4.969, 0.005726
4.97, 0.005726
4.971, 0.005726
4.972, 0.005726
4.973, 0.005726
4.974, 0.005726
4.975, 0.005726
4.976, 0.005726
4.977, 0.005726
4.978, 0.005726
4.979, 0.005726
4.98, 0.005726
4.981, 0.005726
4.982, 0.005726
4.983, 0.005726
4.984, 0.005726
4.985, 0.005726
4.986, 0.005726
4.987, 0.005726
4.988, 0.005726
4.989, 0.005726
4.99, 0.005726
4.991, 0.005726
4.992, 0.005726
4.993, 0.005726
4.994, 0.005726
4.995, 0.005726
4.996, 0.005726
4.997, 0.005726
4.998, 0.005726
4.999, 0.005726
5, 0.005154
5.001, 0.005154
5.002, 0.005154
5.003, 0.005154
5.004, 0.005154
5.005, 0.005154
5.006, 0.005154
5.007, 0.005154
5.008, 0.005154
5.009, 0.005154
5.01, 0.005154
5.011, 0.005154
5.012, 0.005154
5.013, 0.005154
5.014, 0.005154
5.015, 0.005154
5.016, 0.005154
5.017, 0.005154
5.018, 0.005154
5.019, 0.005154
5.02, 0.005154
5.021, 0.005154
5.022, 0.005154
5.023, 0.005154
5.024, 0.005154
5.025, 0.005154
5.026, 0.005154
5.027, 0.005154
5.028, 0.005154
5.029, 0.005154
5.03, 0.005154
5.031, 0.005154
5.032, 0.005154
5.033, 0.005154
5.034, 0.005154
5.035, 0.005154
5.036, 0.005154
5.037, 0.005154
5.038, 0.005154
5.039, 0.005154
5.04, 0.005154
5.041, 0.005154
5.042, 0.005154
5.043, 0.005154
5.044, 0.005154
5.045, 0.005154
5.046, 0.005154
5.047, 0.005154
5.048, 0.005154
5.049, 0.005154
5.05, 0.005154
5.051, 0.005154
5.052, 0.005154
5.053, 0.005154
5.054, 0.005154
5.055, 0.005154
5.056, 0.005154
5.057, 0.005154
5.058, 0.005154
5.059, 0.005154
5.06, 0.005154
5.061, 0.005154
5.062, 0.005154
5.063, 0.005154
5.064, 0.005154
5.065, 0.005154
5.066, 0.005154
5.067, 0.005154
5.068, 0.005154
5.069, 0.005154
5.07, 0.005154
5.071, 0.005154
5.072, 0.005154
5.073, 0.005154
5.074, 0.005154
5.075, 0.005154
5.076, 0.005154
5.077, 0.005154
5.078, 0.005154
5.079, 0.005154
5.08, 0.005154
5.081, 0.005154
5.082, 0.005154
5.083, 0.005154
5.084, 0.005154
5.085, 0.005154
5.086, 0.005154
5.087, 0.005154
5.088, 0.005154
5.089, 0.005154
5.09, 0.005154
5.091, 0.005154
5.092, 0.005154
5.093, 0.005154
5.094, 0.005154
5.095, 0.005154
5.096, 0.005154
5.097, 0.005154
5.098, 0.005154
5.099, 0.005154
5.1, 0.004638
5.101, 0.004638
5.102, 0.004638
5.103, 0.004638
5.104, 0.004638
5.105, 0.004638
5.106, 0.004638
5.107, 0.004638
5.108, 0.004638
5.109, 0.004638
5.11, 0.004638
5.111, 0.004638
5.112, 0.004638
5.113, 0.004638
5.114, 0.004638
5.115, 0.004638
5.116, 0.004638
5.117, 0.004638
5.118, 0.004638
5.119, 0.004638
5.12, 0.004638
5.121, 0.004638
5.122, 0.004638
5.123, 0.004638
5.124, 0.004638
5.125, 0.004638
5.126, 0.004638
5.127, 0.004638
5.128, 0.004638
5.129, 0.004638
5.13, 0.004638
5.131, 0.004638
5.132, 0.004638
5.133, 0.004638
5.134, 0.004638
5.135, 0.004638
5.136, 0.004638
5.137, 0.004638
5.138, 0.004638
5.139, 0.004638
5.14, 0.004638
5.141, 0.004638
5.142, 0.004638
5.143, 0.004638
5.144, 0.004638
5.145, 0.004638
5.146, 0.004638
5.147, 0.004638
5.148, 0.004638
5.149, 0.004638
5.15, 0.004638
5.151, 0.004638
5.152, 0.004638
5.153, 0.004638
5.154, 0.004638
5.155, 0.004638
5.156, 0.004638
5.157, 0.004638
5.158, 0.004638
5.159, 0.004638
5.16, 0.004638
5.161, 0.004638
5.162, 0.004638
5.163, 0.004638
5.164, 0.004638
5.165, 0.004638
5.166, 0.004638
5.167, 0.004638
5.168, 0.004638
5.169, 0.004638
5.17, 0.004638
5.171, 0.004638
5.172, 0.004638
5.173, 0.004638
5.174, 0.004638
5.175, 0.004638
5.176, 0.004638
5.177, 0.004638
5.178, 0.004638
5.179, 0.004638
5.18, 0.004638
5.181, 0.004638
5.182, 0.004638
5.183, 0.004638
5.184, 0.004638
5.185, 0.004638
5.186, 0.004638
5.187, 0.004638
5.188, 0.004638
5.189, 0.004638
5.19, 0.004638
5.191, 0.004638
5.192, 0.004638
5.193, 0.004638
5.194, 0.004638
5.195, 0.004638
5.196, 0.004638
5.197, 0.004638
5.198, 0.004638
5.199, 0.004638
5.2, 0.004175
5.201, 0.004175
5.202, 0.004175
5.203, 0.004175
5.204, 0.004175
5.205, 0.004175
5.206, 0.004175
5.207, 0.004175
5.208, 0.004175
5.209, 0.004175
5.21, 0.004175
5.211, 0.004175
5.212, 0.004175
5.213, 0.004175
5.214, 0.004175
5.215, 0.004175
5.216, 0.004175
5.217, 0.004175
5.218, 0.004175
5.219, 0.004175
5.22, 0.004175
5.221, 0.004175
5.222, 0.004175
5.223, 0.004175
5.224, 0.004175
5.225, 0.004175
5.226, 0.004175
5.227, 0.004175
5.228, 0.004175
5.229, 0.004175
5.23, 0.004175
5.231, 0.004175
5.232, 0.004175
5.233, 0.004175
5.234, 0.004175
5.235, 0.004175
5.236, 0.004175
5.237, 0.004175
5.238, 0.004175
5.239, 0.004175
5.24, 0.004175
5.241, 0.004175
5.242, 0.004175
5.243, 0.004175
5.244, 0.004175
5.245, 0.004175
5.246, 0.004175
5.247, 0.004175
5.248, 0.004175
5.249, 0.004175
5.25, 0.004175
5.251, 0.004175
5.252, 0.004175
5.253, 0.004175
5.254, 0.004175
5.255, 0.004175
5.256, 0.004175
5.257, 0.004175
5.258, 0.004175
5.259, 0.004175
5.26, 0.004175
5.261, 0.004175
5.262, 0.004175
5.263, 0.004175
5.264, 0.004175
5.265, 0.004175
5.266, 0.004175
5.267, 0.004175
5.268, 0.004175
5.269, 0.004175
5.27, 0.004175
5.271, 0.004175
5.272, 0.004175
5.273, 0.004175
5.274, 0.004175
5.275, 0.004175
5.276, 0.004175
5.277, 0.004175
5.278, 0.004175
5.279, 0.004175
5.28, 0.004175
5.281, 0.004175
5.282, 0.004175
5.283, 0.004175
5.284, 0.004175
5.285, 0.004175
5.286, 0.004175
5.287, 0.004175
5.288, 0.004175
5.289, 0.004175
5.29, 0.004175
5.291, 0.004175
5.292, 0.004175
5.293, 0.004175
5.294, 0.004175
5.295, 0.004175
5.296, 0.004175
5.297, 0.004175
5.298, 0.004175
5.299, 0.004175
5.3, 0.003757
5.301, 0.003757
5.302, 0.003757
5.303, 0.003757
5.304, 0.003757
5.305, 0.003757
5.306, 0.003757
5.307, 0.003757
5.308, 0.003757
5.309, 0.003757
5.31, 0.003757
5.311, 0.003757
5.312, 0.003757
5.313, 0.003757
5.314, 0.003757
5.315, 0.003757
5.316, 0.003757
5.317, 0.003757
5.318, 0.003757
5.319, 0.003757
5.32, 0.003757
5.321, 0.003757
5.322, 0.003757
5.323, 0.003757
5.324, 0.003757
5.325, 0.003757
5.326, 0.003757
5.327, 0.003757
5.328, 0.003757
5.329, 0.003757
5.33, 0.003757
5.331, 0.003757
5.332, 0.003757
5.333, 0.003757
5.334, 0.003757
5.335, 0.003757
5.336, 0.003757
5.337, 0.003757
5.338, 0.003757
5.339, 0.003757
5.34, 0.003757
5.341, 0.003757
5.342, 0.003757
5.343, 0.003757
5.344, 0.003757
5.345, 0.003757
5.346, 0.003757
5.347, 0.003757
5.348, 0.003757
5.349, 0.003757
5.35, 0.003757
5.351, 0.003757
5.352, 0.003757
5.353, 0.003757
5.354, 0.003757
5.355, 0.003757
5.356, 0.003757
5.357, 0.003757
5.358, 0.003757
5.359, 0.003757
5.36, 0.003757
5.361, 0.003757
5.362, 0.003757
5.363, 0.003757
5.364, 0.003757
5.365, 0.003757
5.366, 0.003757
5.367, 0.003757
5.368, 0.003757
5.369, 0.003757
5.37, 0.003757
5.371, 0.003757
5.372, 0.003757
5.373, 0.003757
5.374, 0.003757
5.375, 0.003757
5.376, 0.003757
5.377, 0.003757
5.378, 0.003757
5.379, 0.003757
5.38, 0.003757
5.381, 0.003757
5.382, 0.003757
5.383, 0.003757
5.384, 0.003757
5.385, 0.003757
5.386, 0.003757
5.387, 0.003757
5.388, 0.003757
5.389, 0.003757
5.39, 0.003757
5.391, 0.003757
5.392, 0.003757
5.393, 0.003757
5.394, 0.003757
5.395, 0.003757
5.396, 0.003757
5.397, 0.003757
5.398, 0.003757
5.399, 0.003757
5.4, 0.003381
5.401, 0.003381
5.402, 0.003381
5.403, 0.003381
5.404, 0.003381
5.405, 0.003381
5.406, 0.003381
5.407, 0.003381
5.408, 0.003381
5.409, 0.003381
5.41, 0.003381
5.411, 0.003381
5.412, 0.003381
5.413, 0.003381
5.414, 0.003381
5.415, 0.003381
5.416, 0.003381
5.417, 0.003381
5.418, 0.003381
5.419, 0.003381
5.42, 0.003381
5.421, 0.003381
5.422, 0.003381
5.423, 0.003381
5.424, 0.003381
5.425, 0.003381
5.426, 0.003381
5.427, 0.003381
5.428, 0.003381
5.429, 0.003381
5.43, 0.003381
5.431, 0.003381
5.432, 0.003381
5.433, 0.003381
5.434, 0.003381
5.435, 0.003381
5.436, 0.003381
5.437, 0.003381
5.438, 0.003381
5.439, 0.003381
5.44, 0.003381
5.441, 0.003381
5.442, 0.003381
5.443, 0.003381
5.444, 0.003381
5.445, 0.003381
5.446, 0.003381
5.447, 0.003381
5.448, 0.003381
5.449, 0.003381
5.45, 0.003381
5.451, 0.003381
5.452, 0.003381
5.453, 0.003381
5.454, 0.003381
5.455, 0.003381
5.456, 0.003381
5.457, 0.003381
5.458, 0.003381
5.459, 0.003381
5.46, 0.003381
5.461, 0.003381
5.462, 0.003381
5.463, 0.003381
5.464, 0.003381
5.465, 0.003381
5.466, 0.003381
5.467, 0.003381
5.468, 0.003381
5.469, 0.003381
5.47, 0.003381
5.471, 0.003381
5.472, 0.003381
5.473, 0.003381
5.474, 0.003381
5.475, 0.003381
5.476, 0.003381
5.477, 0.003381
5.478, 0.003381
5.479, 0.003381
5.48, 0.003381
5.481, 0.003381
5.482, 0.003381
5.483, 0.003381
5.484, 0.003381
5.485, 0.003381
5.486, 0.003381
5.487, 0.003381
5.488, 0.003381
5.489, 0.003381
5.49, 0.003381
5.491, 0.003381
5.492, 0.003381
5.493, 0.003381
5.494, 0.003381
5.495, 0.003381
5.496, 0.003381
5.497, 0.003381
5.498, 0.003381
5.499, 0.003381
5.5, 0.003043
5.501, 0.003043
5.502, 0.003043
5.503, 0.003043
5.504, 0.003043
5.505, 0.003043
5.506, 0.003043
5.507, 0.003043
5.508, 0.003043
5.509, 0.003043
5.51, 0.003043
5.511, 0.003043
5.512, 0.003043
5.513, 0.003043
5.514, 0.003043
5.515, 0.003043
5.516, 0.003043
5.517, 0.003043
5.518, 0.003043
5.519, 0.003043
5.52, 0.003043
5.521, 0.003043
5.522, 0.003043
5.523, 0.003043
5.524, 0.003043
5.525, 0.003043
5.526, 0.003043
5.527, 0.003043
5.528, 0.003043
5.529, 0.003043
5.53, 0.003043
5.531, 0.003043
5.532, 0.003043
5.533, 0.003043
5.534, 0.003043
5.535, 0.003043
5.536, 0.003043
5.537, 0.003043
5.538, 0.003043
5.539, 0.003043
5.54, 0.003043
5.541, 0.003043
5.542, 0.003043
5.543, 0.003043
5.544, 0.003043
5.545, 0.003043
5.546, 0.003043
5.547, 0.003043
5.548, 0.003043
5.549, 0.003043
5.55, 0.003043
5.551, 0.003043
5.552, 0.003043
5.553, 0.003043
5.554, 0.003043
5.555, 0.003043
5.556, 0.003043
5.557, 0.003043
5.558, 0.003043
5.559, 0.003043
5.56, 0.003043
5.561, 0.003043
5.562, 0.003043
5.563, 0.003043
5.564, 0.003043
5.565, 0.003043
5.566, 0.003043
5.567, 0.003043
5.568, 0.003043
5.569, 0.003043
5.57, 0.003043
5.571, 0.003043
5.572, 0.003043
5.573, 0.003043
5.574, 0.003043
5.575, 0.003043
5.576, 0.003043
5.577, 0.003043
5.578, 0.003043
5.579, 0.003043
5.58, 0.003043
5.581, 0.003043
5.582, 0.003043
5.583, 0.003043
5.584, 0.003043
5.585, 0.003043
5.586, 0.003043
5.587, 0.003043
5.588, 0.003043
5.589, 0.003043
5.59, 0.003043
5.591, 0.003043
5.592, 0.003043
5.593, 0.003043
5.594, 0.003043
5.595, 0.003043
5.596, 0.003043
5.597, 0.003043
5.598, 0.003043
5.599, 0.003043
5.6, 0.002739
5.601, 0.002739
5.602, 0.002739
5.603, 0.002739
5.604, 0.002739
5.605, 0.002739
5.606, 0.002739
5.607, 0.002739
5.608, 0.002739
5.609, 0.002739
5.61, 0.002739
5.611, 0.002739
5.612, 0.002739
5.613, 0.002739
5.614, 0.002739
5.615, 0.002739
5.616, 0.002739
5.617, 0.002739
5.618, 0.002739
5.619, 0.002739
5.62, 0.002739
5.621, 0.002739
5.622, 0.002739
5.623, 0.002739
5.624, 0.002739
5.625, 0.002739
5.626, 0.002739
5.627, 0.002739
5.628, 0.002739
5.629, 0.002739
5.63, 0.002739
5.631, 0.002739
5.632, 0.002739
5.633, 0.002739
5.634, 0.002739
5.635, 0.002739
5.636, 0.002739
5.637, 0.002739
5.638, 0.002739
5.639, 0.002739
5.64, 0.002739
5.641, 0.002739
5.642, 0.002739
5.643, 0.002739
5.644, 0.002739
5.645, 0.002739
5.646, 0.002739
5.647, 0.002739
5.648, 0.002739
5.649, 0.002739
5.65, 0.002739
5.651, 0.002739
5.652, 0.002739
5.653, 0.002739
5.654, 0.002739
5.655, 0.002739
5.656, 0.002739
5.657, 0.002739
5.658, 0.002739
5.659, 0.002739
5.66, 0.002739
5.661, 0.002739
5.662, 0.002739
5.663, 0.002739
5.664, 0.002739
5.665, 0.002739
5.666, 0.002739
5.667, 0.002739
5.668, 0.002739
5.669, 0.002739
5.67, 0.002739
5.671, 0.002739
5.672, 0.002739
5.673, 0.002739
5.674, 0.002739
5.675, 0.002739
5.676, 0.002739
5.677, 0.002739
5.678, 0.002739
5.679, 0.002739
5.68, 0.002739
5.681, 0.002739
5.682, 0.002739
5.683, 0.002739
5.684, 0.002739
5.685, 0.002739
5.686, 0.002739
5.687, 0.002739
5.688, 0.002739
5.689, 0.002739
5.69, 0.002739
5.691, 0.002739
5.692, 0.002739
5.693, 0.002739
5.694, 0.002739
5.695, 0.002739
5.696, 0.002739
5.697, 0.002739
5.698, 0.002739
5.699, 0.002739
5.7, 0.002465
5.701, 0.002465
5.702, 0.002465
5.703, 0.002465
5.704, 0.002465
5.705, 0.002465
5.706, 0.002465
5.707, 0.002465
5.708, 0.002465
5.709, 0.002465
5.71, 0.002465
5.711, 0.002465
5.712, 0.002465
5.713, 0.002465
5.714, 0.002465
5.715, 0.002465
5.716, 0.002465
5.717, 0.002465
5.718, 0.002465
5.719, 0.002465
5.72, 0.002465
5.721, 0.002465
5.722, 0.002465
5.723, 0.002465
5.724, 0.002465
5.725, 0.002465
5.726, 0.002465
5.727, 0.002465
5.728, 0.002465
5.729, 0.002465
5.73, 0.002465
5.731, 0.002465
5.732, 0.002465
5.733, 0.002465
5.734, 0.002465
5.735, 0.002465
5.736, 0.002465
5.737, 0.002465
5.738, 0.002465
5.739, 0.002465
5.74, 0.002465
5.741, 0.002465
5.742, 0.002465
5.743, 0.002465
5.744, 0.002465
5.745, 0.002465
5.746, 0.002465
5.747, 0.002465
5.748, 0.002465
5.749, 0.002465
5.75, 0.002465
5.751, 0.002465
5.752, 0.002465
5.753, 0.002465
5.754, 0.002465
5.755, 0.002465
5.756, 0.002465
5.757, 0.002465
5.758, 0.002465
5.759, 0.002465
5.76, 0.002465
5.761, 0.002465
5.762, 0.002465
5.763, 0.002465
5.764, 0.002465
5.765, 0.002465
5.766, 0.002465
5.767, 0.002465
5.768, 0.002465
5.769, 0.002465
5.77, 0.002465
5.771, 0.002465
5.772, 0.002465
5.773, 0.002465
5.774, 0.002465
5.775, 0.002465
5.776, 0.002465
5.777, 0.002465
5.778, 0.002465
5.779, 0.002465
5.78, 0.002465
5.781, 0.002465
5.782, 0.002465
5.783, 0.002465
5.784, 0.002465
5.785, 0.002465
5.786, 0.002465
5.787, 0.002465
5.788, 0.002465
5.789, 0.002465
5.79, 0.002465
5.791, 0.002465
5.792, 0.002465
5.793, 0.002465
5.794, 0.002465
5.795, 0.002465
5.796, 0.002465
5.797, 0.002465
5.798, 0.002465
5.799, 0.002465
5.8, 0.002219
5.801, 0.002219
5.802, 0.002219
5.803, 0.002219
5.804, 0.002219
5.805, 0.002219
5.806, 0.002219
5.807, 0.002219
5.808, 0.002219
5.809, 0.002219
5.81, 0.002219
5.811, 0.002219
5.812, 0.002219
5.813, 0.002219
5.814, 0.002219
5.815, 0.002219
5.816, 0.002219
5.817, 0.002219
5.818, 0.002219
5.819, 0.002219
5.82, 0.002219
5.821, 0.002219
5.822, 0.002219
5.823, 0.002219
5.824, 0.002219
5.825, 0.002219
5.826, 0.002219
5.827, 0.002219
5.828, 0.002219
5.829, 0.002219
5.83, 0.002219
5.831, 0.002219
5.832, 0.002219
5.833, 0.002219
5.834, 0.002219
5.835, 0.002219
5.836, 0.002219
5.837, 0.002219
5.838, 0.002219
5.839, 0.002219
5.84, 0.002219
5.841, 0.002219
5.842, 0.002219
5.843, 0.002219
5.844, 0.002219
5.845, 0.002219
5.846, 0.002219
5.847, 0.002219
5.848, 0.002219
5.849, 0.002219
5.85, 0.002219
5.851, 0.002219
5.852, 0.002219
5.853, 0.002219
5.854, 0.002219
5.855, 0.002219
5.856, 0.002219
5.857, 0.002219
5.858, 0.002219
5.859, 0.002219
5.86, 0.002219
5.861, 0.002219
5.862, 0.002219
5.863, 0.002219
5.864, 0.002219
5.865, 0.002219
5.866, 0.002219
5.867, 0.002219
5.868, 0.002219
5.869, 0.002219
5.87, 0.002219
5.871, 0.002219
5.872, 0.002219
5.873, 0.002219
5.874, 0.002219
5.875, 0.002219
5.876, 0.002219
5.877, 0.002219
5.878, 0.002219
5.879, 0.002219
5.88, 0.002219
5.881, 0.002219
5.882, 0.002219
5.883, 0.002219
5.884, 0.002219
5.885, 0.002219
5.886, 0.002219
5.887, 0.002219
5.888, 0.002219
5.889, 0.002219
5.89, 0.002219
5.891, 0.002219
5.892, 0.002219
5.893, 0.002219
5.894, 0.002219
5.895, 0.002219
5.896, 0.002219
5.897, 0.002219
5.898, 0.002219
5.899, 0.002219
5.9, 0.001997
5.901, 0.001997
5.902, 0.001997
5.903, 0.001997
5.904, 0.001997
5.905, 0.001997
5.906, 0.001997
5.907, 0.001997
5.908, 0.001997
5.909, 0.001997
5.91, 0.001997
5.911, 0.001997
5.912, 0.001997
5.913, 0.001997
5.914, 0.001997
5.915, 0.001997
5.916, 0.001997
5.917, 0.001997
5.918, 0.001997
5.919, 0.001997
5.92, 0.001997
5.921, 0.001997
5.922, 0.001997
5.923, 0.001997
5.924, 0.001997
5.925, 0.001997
5.926, 0.001997
5.927, 0.001997
5.928, 0.001997
5.929, 0.001997
5.93, 0.001997
5.931, 0.001997
5.932, 0.001997
5.933, 0.001997
5.934, 0.001997
5.935, 0.001997
5.936, 0.001997
5.937, 0.001997
5.938, 0.001997
5.939, 0.001997
5.94, 0.001997
5.941, 0.001997
5.942, 0.001997
5.943, 0.001997
5.944, 0.001997
5.945, 0.001997
5.946, 0.001997
5.947, 0.001997
5.948, 0.001997
5.949, 0.001997
5.95, 0.001997
5.951, 0.001997
5.952, 0.001997
5.953, 0.001997
5.954, 0.001997
5.955, 0.001997
5.956, 0.001997
5.957, 0.001997
5.958, 0.001997
5.959, 0.001997
5.96, 0.001997
5.961, 0.001997
5.962, 0.001997
5.963, 0.001997
5.964, 0.001997
5.965, 0.001997
5.966, 0.001997
5.967, 0.001997
5.968, 0.001997
5.969, 0.001997
5.97, 0.001997
5.971, 0.001997
5.972, 0.001997
5.973, 0.001997
5.974, 0.001997
5.975, 0.001997
5.976, 0.001997
5.977, 0.001997
5.978, 0.001997
5.979, 0.001997
5.98, 0.001997
5.981, 0.001997
5.982, 0.001997
5.983, 0.001997
5.984, 0.001997
5.985, 0.001997
5.986, 0.001997
5.987, 0.001997
5.988, 0.001997
5.989, 0.001997
5.99, 0.001997
5.991, 0.001997
5.992, 0.001997
5.993, 0.001997
5.994, 0.001997
5.995, 0.001997
5.996, 0.001997
5.997, 0.001997
5.998, 0.001997
5.999, 0.001997
6, 0.001797
6.001, 0.001797
6.002, 0.001797
6.003, 0.001797
6.004, 0.001797
6.005, 0.001797
6.006, 0.001797
6.007, 0.001797
6.008, 0.001797
6.009, 0.001797
6.01, 0.001797
6.011, 0.001797
6.012, 0.001797
6.013, 0.001797
6.014, 0.001797
6.015, 0.001797
6.016, 0.001797
6.017, 0.001797
6.018, 0.001797
6.019, 0.001797
6.02, 0.001797
6.021, 0.001797
6.022, 0.001797
6.023, 0.001797
6.024, 0.001797
6.025, 0.001797
6.026, 0.001797
6.027, 0.001797
6.028, 0.001797
6.029, 0.001797
6.03, 0.001797
6.031, 0.001797
6.032, 0.001797
6.033, 0.001797
6.034, 0.001797
6.035, 0.001797
6.036, 0.001797
6.037, 0.001797
6.038, 0.001797
6.039, 0.001797
6.04, 0.001797
6.041, 0.001797
6.042, 0.001797
6.043, 0.001797
6.044, 0.001797
6.045, 0.001797
6.046, 0.001797
6.047, 0.001797
6.048, 0.001797
6.049, 0.001797
6.05, 0.001797
6.051, 0.001797
6.052, 0.001797
6.053, 0.001797
6.054, 0.001797
6.055, 0.001797
6.056, 0.001797
6.057, 0.001797
6.058, 0.001797
6.059, 0.001797
6.06, 0.001797
6.061, 0.001797
6.062, 0.001797
6.063, 0.001797
6.064, 0.001797
6.065, 0.001797
6.066, 0.001797
6.067, 0.001797
6.068, 0.001797
6.069, 0.001797
6.07, 0.001797
6.071, 0.001797
6.072, 0.001797
6.073, 0.001797
6.074, 0.001797
6.075, 0.001797
6.076, 0.001797
6.077, 0.001797
6.078, 0.001797
6.079, 0.001797
6.08, 0.001797
6.081, 0.001797
6.082, 0.001797
6.083, 0.001797
6.084, 0.001797
6.085, 0.001797
6.086, 0.001797
6.087, 0.001797
6.088, 0.001797
6.089, 0.001797
6.09, 0.001797
6.091, 0.001797
6.092, 0.001797
6.093, 0.001797
6.094, 0.001797
6.095, 0.001797
6.096, 0.001797
6.097, 0.001797
6.098, 0.001797
6.099, 0.001797
6.1, 0.001617
6.101, 0.001617
6.102, 0.001617
6.103, 0.001617
6.104, 0.001617
6.105, 0.001617
6.106, 0.001617
6.107, 0.001617
6.108, 0.001617
6.109, 0.001617
6.11, 0.001617
6.111, 0.001617
6.112, 0.001617
6.113, 0.001617
6.114, 0.001617
6.115, 0.001617
6.116, 0.001617
6.117, 0.001617
6.118, 0.001617
6.119, 0.001617
6.12, 0.001617
6.121, 0.001617
6.122, 0.001617
6.123, 0.001617
6.124, 0.001617
6.125, 0.001617
6.126, 0.001617
6.127, 0.001617
6.128, 0.001617
6.129, 0.001617
6.13, 0.001617
6.131, 0.001617
6.132, 0.001617
6.133, 0.001617
6.134, 0.001617
6.135, 0.001617
6.136, 0.001617
6.137, 0.001617
6.138, 0.001617
6.139, 0.001617
6.14, 0.001617
6.141, 0.001617
6.142, 0.001617
6.143, 0.001617
6.144, 0.001617
6.145, 0.001617
6.146, 0.001617
6.147, 0.001617
6.148, 0.001617
6.149, 0.001617
6.15, 0.001617
6.151, 0.001617
6.152, 0.001617
6.153, 0.001617
6.154, 0.001617
6.155, 0.001617
6.156, 0.001617
6.157, 0.001617
6.158, 0.001617
6.159, 0.001617
6.16, 0.001617
6.161, 0.001617
6.162, 0.001617
6.163, 0.001617
6.164, 0.001617
6.165, 0.001617
6.166, 0.001617
6.167, 0.001617
6.168, 0.001617
6.169, 0.001617
6.17, 0.001617
6.171, 0.001617
6.172, 0.001617
6.173, 0.001617
6.174, 0.001617
6.175, 0.001617
6.176, 0.001617
6.177, 0.001617
6.178, 0.001617
6.179, 0.001617
6.18, 0.001617
6.181, 0.001617
6.182, 0.001617
6.183, 0.001617
6.184, 0.001617
6.185, 0.001617
6.186, 0.001617
6.187, 0.001617
6.188, 0.001617
6.189, 0.001617
6.19, 0.001617
6.191, 0.001617
6.192, 0.001617
6.193, 0.001617
6.194, 0.001617
6.195, 0.001617
6.196, 0.001617
6.197, 0.001617
6.198, 0.001617
6.199, 0.001617
6.2, 0.001456
6.201, 0.001456
6.202, 0.001456
6.203, 0.001456
6.204, 0.001456
6.205, 0.001456
6.206, 0.001456
6.207, 0.001456
6.208, 0.001456
6.209, 0.001456
6.21, 0.001456
6.211, 0.001456
6.212, 0.001456
6.213, 0.001456
6.214, 0.001456
6.215, 0.001456
6.216, 0.001456
6.217, 0.001456
6.218, 0.001456
6.219, 0.001456
6.22, 0.001456
6.221, 0.001456
6.222, 0.001456
6.223, 0.001456
6.224, 0.001456
6.225, 0.001456
6.226, 0.001456
6.227, 0.001456
6.228, 0.001456
6.229, 0.001456
6.23, 0.001456
6.231, 0.001456
6.232, 0.001456
6.233, 0.001456
6.234, 0.001456
6.235, 0.001456
6.236, 0.001456
6.237, 0.001456
6.238, 0.001456
6.239, 0.001456
6.24, 0.001456
6.241, 0.001456
6.242, 0.001456
6.243, 0.001456
6.244, 0.001456
6.245, 0.001456
6.246, 0.001456
6.247, 0.001456
6.248, 0.001456
6.249, 0.001456
6.25, 0.001456
6.251, 0.001456
6.252, 0.001456
6.253, 0.001456
6.254, 0.001456
6.255, 0.001456
6.256, 0.001456
6.257, 0.001456
6.258, 0.001456
6.259, 0.001456
6.26, 0.001456
6.261, 0.001456
6.262, 0.001456
6.263, 0.001456
6.264, 0.001456
6.265, 0.001456
6.266, 0.001456
6.267, 0.001456
6.268, 0.001456
6.269, 0.001456
6.27, 0.001456
6.271, 0.001456
6.272, 0.001456
6.273, 0.001456
6.274, 0.001456
6.275, 0.001456
6.276, 0.001456
6.277, 0.001456
6.278, 0.001456
6.279, 0.001456
6.28, 0.001456
6.281, 0.001456
6.282, 0.001456
6.283, 0.001456
6.284, 0.001456
6.285, 0.001456
6.286, 0.001456
6.287, 0.001456
6.288, 0.001456
6.289, 0.001456
6.29, 0.001456
6.291, 0.001456
6.292, 0.001456
6.293, 0.001456
6.294, 0.001456
6.295, 0.001456
6.296, 0.001456
6.297, 0.001456
6.298, 0.001456
6.299, 0.001456
6.3, 0.001310
6.301, 0.001310
6.302, 0.001310
6.303, 0.001310
6.304, 0.001310
6.305, 0.001310
6.306, 0.001310
6.307, 0.001310
6.308, 0.001310
6.309, 0.001310
6.31, 0.001310
6.311, 0.001310
6.312, 0.001310
6.313, 0.001310
6.314, 0.001310
6.315, 0.001310
6.316, 0.001310
6.317, 0.001310
6.318, 0.001310
6.319, 0.001310
6.32, 0.001310
6.321, 0.001310
6.322, 0.001310
6.323, 0.001310
6.324, 0.001310
6.325, 0.001310
6.326, 0.001310
6.327, 0.001310
6.328, 0.001310
6.329, 0.001310
6.33, 0.001310
6.331, 0.001310
6.332, 0.001310
6.333, 0.001310
6.334, 0.001310
6.335, 0.001310
6.336, 0.001310
6.337, 0.001310
6.338, 0.001310
6.339, 0.001310
6.34, 0.001310
6.341, 0.001310
6.342, 0.001310
6.343, 0.001310
6.344, 0.001310
6.345, 0.001310
6.346, 0.001310
6.347, 0.001310
6.348, 0.001310
6.349, 0.001310
6.35, 0.001310
6.351, 0.001310
6.352, 0.001310
6.353, 0.001310
6.354, 0.001310
6.355, 0.001310
6.356, 0.001310
6.357, 0.001310
6.358, 0.001310
6.359, 0.001310
6.36, 0.001310
6.361, 0.001310
6.362, 0.001310
6.363, 0.001310
6.364, 0.001310
6.365, 0.001310
6.366, 0.001310
6.367, 0.001310
6.368, 0.001310
6.369, 0.001310
6.37, 0.001310
6.371, 0.001310
6.372, 0.001310
6.373, 0.001310
6.374, 0.001310
6.375, 0.001310
6.376, 0.001310
6.377, 0.001310
6.378, 0.001310
6.379, 0.001310
6.38, 0.001310
6.381, 0.001310
6.382, 0.001310
6.383, 0.001310
6.384, 0.001310
6.385, 0.001310
6.386, 0.001310
6.387, 0.001310
6.388, 0.001310
6.389, 0.001310
6.39, 0.001310
6.391, 0.001310
6.392, 0.001310
6.393, 0.001310
6.394, 0.001310
6.395, 0.001310
6.396, 0.001310
6.397, 0.001310
6.398, 0.001310
6.399, 0.001310
6.4, 0.001179
6.401, 0.001179
6.402, 0.001179
6.403, 0.001179
6.404, 0.001179
6.405, 0.001179
6.406, 0.001179
6.407, 0.001179
6.408, 0.001179
6.409, 0.001179
6.41, 0.001179
6.411, 0.001179
6.412, 0.001179
6.413, 0.001179
6.414, 0.001179
6.415, 0.001179
6.416, 0.001179
6.417, 0.001179
6.418, 0.001179
6.419, 0.001179
6.42, 0.001179
6.421, 0.001179
6.422, 0.001179
6.423, 0.001179
6.424, 0.001179
6.425, 0.001179
6.426, 0.001179
6.427, 0.001179
6.428, 0.001179
6.429, 0.001179
6.43, 0.001179
6.431, 0.001179
6.432, 0.001179
6.433, 0.001179
6.434, 0.001179
6.435, 0.001179
6.436, 0.001179
6.437, 0.001179
6.438, 0.001179
6.439, 0.001179
6.44, 0.001179
6.441, 0.001179
6.442, 0.001179
6.443, 0.001179
6.444, 0.001179
6.445, 0.001179
6.446, 0.001179
6.447, 0.001179
6.448, 0.001179
6.449, 0.001179
6.45, 0.001179
6.451, 0.001179
6.452, 0.001179
6.453, 0.001179
6.454, 0.001179
6.455, 0.001179
6.456, 0.001179
6.457, 0.001179
6.458, 0.001179
6.459, 0.001179
6.46, 0.001179
6.461, 0.001179
6.462, 0.001179
6.463, 0.001179
6.464, 0.001179
6.465, 0.001179
6.466, 0.001179
6.467, 0.001179
6.468, 0.001179
6.469, 0.001179
6.47, 0.001179
6.471, 0.001179
6.472, 0.001179
6.473, 0.001179
6.474, 0.001179
6.475, 0.001179
6.476, 0.001179
6.477, 0.001179
6.478, 0.001179
6.479, 0.001179
6.48, 0.001179
6.481, 0.001179
6.482, 0.001179
6.483, 0.001179
6.484, 0.001179
6.485, 0.001179
6.486, 0.001179
6.487, 0.001179
6.488, 0.001179
6.489, 0.001179
6.49, 0.001179
6.491, 0.001179
6.492, 0.001179
6.493, 0.001179
6.494, 0.001179
6.495, 0.001179
6.496, 0.001179
6.497, 0.001179
6.498, 0.001179
6.499, 0.001179
6.5, 0.001061
6.501, 0.001061
6.502, 0.001061
6.503, 0.001061
6.504, 0.001061
6.505, 0.001061
6.506, 0.001061
6.507, 0.001061
6.508, 0.001061
6.509, 0.001061
6.51, 0.001061
6.511, 0.001061
6.512, 0.001061
6.513, 0.001061
6.514, 0.001061
6.515, 0.001061
6.516, 0.001061
6.517, 0.001061
6.518, 0.001061
6.519, 0.001061
6.52, 0.001061
6.521, 0.001061
6.522, 0.001061
6.523, 0.001061
6.524, 0.001061
6.525, 0.001061
6.526, 0.001061
6.527, 0.001061
6.528, 0.001061
6.529, 0.001061
6.53, 0.001061
6.531, 0.001061
6.532, 0.001061
6.533, 0.001061
6.534, 0.001061
6.535, 0.001061
6.536, 0.001061
6.537, 0.001061
6.538, 0.001061
6.539, 0.001061
6.54, 0.001061
6.541, 0.001061
6.542, 0.001061
6.543, 0.001061
6.544, 0.001061
6.545, 0.001061
6.546, 0.001061
6.547, 0.001061
6.548, 0.001061
6.549, 0.001061
6.55, 0.001061
6.551, 0.001061
6.552, 0.001061
6.553, 0.001061
6.554, 0.001061
6.555, 0.001061
6.556, 0.001061
6.557, 0.001061
6.558, 0.001061
6.559, 0.001061
6.56, 0.001061
6.561, 0.001061
6.562, 0.001061
6.563, 0.001061
6.564, 0.001061
6.565, 0.001061
6.566, 0.001061
6.567, 0.001061
6.568, 0.001061
6.569, 0.001061
6.57, 0.001061
6.571, 0.001061
6.572, 0.001061
6.573, 0.001061
6.574, 0.001061
6.575, 0.001061
6.576, 0.001061
6.577, 0.001061
6.578, 0.001061
6.579, 0.001061
6.58, 0.001061
6.581, 0.001061
6.582, 0.001061
6.583, 0.001061
6.584, 0.001061
6.585, 0.001061
6.586, 0.001061
6.587, 0.001061
6.588, 0.001061
6.589, 0.001061
6.59, 0.001061
6.591, 0.001061
6.592, 0.001061
6.593, 0.001061
6.594, 0.001061
6.595, 0.001061
6.596, 0.001061
6.597, 0.001061
6.598, 0.001061
6.599, 0.001061
6.6, 0.000955
6.601, 0.000955
6.602, 0.000955
6.603, 0.000955
6.604, 0.000955
6.605, 0.000955
6.606, 0.000955
6.607, 0.000955
6.608, 0.000955
6.609, 0.000955
6.61, 0.000955
6.611, 0.000955
6.612, 0.000955
6.613, 0.000955
6.614, 0.000955
6.615, 0.000955
6.616, 0.000955
6.617, 0.000955
6.618, 0.000955
6.619, 0.000955
6.62, 0.000955
6.621, 0.000955
6.622, 0.000955
6.623, 0.000955
6.624, 0.000955
6.625, 0.000955
6.626, 0.000955
6.627, 0.000955
6.628, 0.000955
6.629, 0.000955
6.63, 0.000955
6.631, 0.000955
6.632, 0.000955
6.633, 0.000955
6.634, 0.000955
6.635, 0.000955
6.636, 0.000955
6.637, 0.000955
6.638, 0.000955
6.639, 0.000955
6.64, 0.000955
6.641, 0.000955
6.642, 0.000955
6.643, 0.000955
6.644, 0.000955
6.645, 0.000955
6.646, 0.000955
6.647, 0.000955
6.648, 0.000955
6.649, 0.000955
6.65, 0.000955
6.651, 0.000955
6.652, 0.000955
6.653, 0.000955
6.654, 0.000955
6.655, 0.000955
6.656, 0.000955
6.657, 0.000955
6.658, 0.000955
6.659, 0.000955
6.66, 0.000955
6.661, 0.000955
6.662, 0.000955
6.663, 0.000955
6.664, 0.000955
6.665, 0.000955
6.666, 0.000955
6.667, 0.000955
6.668, 0.000955
6.669, 0.000955
6.67, 0.000955
6.671, 0.000955
6.672, 0.000955
6.673, 0.000955
6.674, 0.000955
6.675, 0.000955
6.676, 0.000955
6.677, 0.000955
6.678, 0.000955
6.679, 0.000955
6.68, 0.000955
6.681, 0.000955
6.682, 0.000955
6.683, 0.000955
6.684, 0.000955
6.685, 0.000955
6.686, 0.000955
6.687, 0.000955
6.688, 0.000955
6.689, 0.000955
6.69, 0.000955
6.691, 0.000955
6.692, 0.000955
6.693, 0.000955
6.694, 0.000955
6.695, 0.000955
6.696, 0.000955
6.697, 0.000955
6.698, 0.000955
6.699, 0.000955
6.7, 0.000860
6.701, 0.000860
6.702, 0.000860
6.703, 0.000860
6.704, 0.000860
6.705, 0.000860
6.706, 0.000860
6.707, 0.000860
6.708, 0.000860
6.709, 0.000860
6.71, 0.000860
6.711, 0.000860
6.712, 0.000860
6.713, 0.000860
6.714, 0.000860
6.715, 0.000860
6.716, 0.000860
6.717, 0.000860
6.718, 0.000860
6.719, 0.000860
6.72, 0.000860
6.721, 0.000860
6.722, 0.000860
6.723, 0.000860
6.724, 0.000860
6.725, 0.000860
6.726, 0.000860
6.727, 0.000860
6.728, 0.000860
6.729, 0.000860
6.73, 0.000860
6.731, 0.000860
6.732, 0.000860
6.733, 0.000860
6.734, 0.000860
6.735, 0.000860
6.736, 0.000860
6.737, 0.000860
6.738, 0.000860
6.739, 0.000860
6.74, 0.000860
6.741, 0.000860
6.742, 0.000860
6.743, 0.000860
6.744, 0.000860
6.745, 0.000860
6.746, 0.000860
6.747, 0.000860
6.748, 0.000860
6.749, 0.000860
6.75, 0.000860
6.751, 0.000860
6.752, 0.000860
6.753, 0.000860
6.754, 0.000860
6.755, 0.000860
6.756, 0.000860
6.757, 0.000860
6.758, 0.000860
6.759, 0.000860
6.76, 0.000860
6.761, 0.000860
6.762, 0.000860
6.763, 0.000860
6.764, 0.000860
6.765, 0.000860
6.766, 0.000860
6.767, 0.000860
6.768, 0.000860
6.769, 0.000860
6.77, 0.000860
6.771, 0.000860
6.772, 0.000860
6.773, 0.000860
6.774, 0.000860
6.775, 0.000860
6.776, 0.000860
6.777, 0.000860
6.778, 0.000860
6.779, 0.000860
6.78, 0.000860
6.781, 0.000860
6.782, 0.000860
6.783, 0.000860
6.784, 0.000860
6.785, 0.000860
6.786, 0.000860
6.787, 0.000860
6.788, 0.000860
6.789, 0.000860
6.79, 0.000860
6.791, 0.000860
6.792, 0.000860
6.793, 0.000860
6.794, 0.000860
6.795, 0.000860
6.796, 0.000860
6.797, 0.000860
6.798, 0.000860
6.799, 0.000860
6.8, 0.000774
6.801, 0.000774
6.802, 0.000774
6.803, 0.000774
6.804, 0.000774
6.805, 0.000774
6.806, 0.000774
6.807, 0.000774
6.808, 0.000774
6.809, 0.000774
6.81, 0.000774
6.811, 0.000774
6.812, 0.000774
6.813, 0.000774
6.814, 0.000774
6.815, 0.000774
6.816, 0.000774
6.817, 0.000774
6.818, 0.000774
6.819, 0.000774
6.82, 0.000774
6.821, 0.000774
6.822, 0.000774
6.823, 0.000774
6.824, 0.000774
6.825, 0.000774
6.826, 0.000774
6.827, 0.000774
6.828, 0.000774
6.829, 0.000774
6.83, 0.000774
6.831, 0.000774
6.832, 0.000774
6.833, 0.000774
6.834, 0.000774
6.835, 0.000774
6.836, 0.000774
6.837, 0.000774
6.838, 0.000774
6.839, 0.000774
6.84, 0.000774
6.841, 0.000774
6.842, 0.000774
6.843, 0.000774
6.844, 0.000774
6.845, 0.000774
6.846, 0.000774
6.847, 0.000774
6.848, 0.000774
6.849, 0.000774
6.85, 0.000774
6.851, 0.000774
6.852, 0.000774
6.853, 0.000774
6.854, 0.000774
6.855, 0.000774
6.856, 0.000774
6.857, 0.000774
6.858, 0.000774
6.859, 0.000774
6.86, 0.000774
6.861, 0.000774
6.862, 0.000774
6.863, 0.000774
6.864, 0.000774
6.865, 0.000774
6.866, 0.000774
6.867, 0.000774
6.868, 0.000774
6.869, 0.000774
6.87, 0.000774
6.871, 0.000774
6.872, 0.000774
6.873, 0.000774
6.874, 0.000774
6.875, 0.000774
6.876, 0.000774
6.877, 0.000774
6.878, 0.000774
6.879, 0.000774
6.88, 0.000774
6.881, 0.000774
6.882, 0.000774
6.883, 0.000774
6.884, 0.000774
6.885, 0.000774
6.886, 0.000774
6.887, 0.000774
6.888, 0.000774
6.889, 0.000774
6.89, 0.000774
6.891, 0.000774
6.892, 0.000774
6.893, 0.000774
6.894, 0.000774
6.895, 0.000774
6.896, 0.000774
6.897, 0.000774
6.898, 0.000774
6.899, 0.000774
6.9, 0.000696
6.901, 0.000696
6.902, 0.000696
6.903, 0.000696
6.904, 0.000696
6.905, 0.000696
6.906, 0.000696
6.907, 0.000696
6.908, 0.000696
6.909, 0.000696
6.91, 0.000696
6.911, 0.000696
6.912, 0.000696
6.913, 0.000696
6.914, 0.000696
6.915, 0.000696
6.916, 0.000696
6.917, 0.000696
6.918, 0.000696
6.919, 0.000696
6.92, 0.000696
6.921, 0.000696
6.922, 0.000696
6.923, 0.000696
6.924, 0.000696
6.925, 0.000696
6.926, 0.000696
6.927, 0.000696
6.928, 0.000696
6.929, 0.000696
6.93, 0.000696
6.931, 0.000696
6.932, 0.000696
6.933, 0.000696
6.934, 0.000696
6.935, 0.000696
6.936, 0.000696
6.937, 0.000696
6.938, 0.000696
6.939, 0.000696
6.94, 0.000696
6.941, 0.000696
6.942, 0.000696
6.943, 0.000696
6.944, 0.000696
6.945, 0.000696
6.946, 0.000696
6.947, 0.000696
6.948, 0.000696
6.949, 0.000696
6.95, 0.000696
6.951, 0.000696
6.952, 0.000696
6.953, 0.000696
6.954, 0.000696
6.955, 0.000696
6.956, 0.000696
6.957, 0.000696
6.958, 0.000696
6.959, 0.000696
6.96, 0.000696
6.961, 0.000696
6.962, 0.000696
6.963, 0.000696
6.964, 0.000696
6.965, 0.000696
6.966, 0.000696
6.967, 0.000696
6.968, 0.000696
6.969, 0.000696
6.97, 0.000696
6.971, 0.000696
6.972, 0.000696
6.973, 0.000696
6.974, 0.000696
6.975, 0.000696
6.976, 0.000696
6.977, 0.000696
6.978, 0.000696
6.979, 0.000696
6.98, 0.000696
6.981, 0.000696
6.982, 0.000696
6.983, 0.000696
6.984, 0.000696
6.985, 0.000696
6.986, 0.000696
6.987, 0.000696
6.988, 0.000696
6.989, 0.000696
6.99, 0.000696
6.991, 0.000696
6.992, 0.000696
6.993, 0.000696
6.994, 0.000696
6.995, 0.000696
6.996, 0.000696
6.997, 0.000696
6.998, 0.000696
6.999, 0.000696
7, 0.000627
7.001, 0.000627
7.002, 0.000627
7.003, 0.000627
7.004, 0.000627
7.005, 0.000627
7.006, 0.000627
7.007, 0.000627
7.008, 0.000627
7.009, 0.000627
7.01, 0.000627
7.011, 0.000627
7.012, 0.000627
7.013, 0.000627
7.014, 0.000627
7.015, 0.000627
7.016, 0.000627
7.017, 0.000627
7.018, 0.000627
7.019, 0.000627
7.02, 0.000627
7.021, 0.000627
7.022, 0.000627
7.023, 0.000627
7.024, 0.000627
7.025, 0.000627
7.026, 0.000627
7.027, 0.000627
7.028, 0.000627
7.029, 0.000627
7.03, 0.000627
7.031, 0.000627
7.032, 0.000627
7.033, 0.000627
7.034, 0.000627
7.035, 0.000627
7.036, 0.000627
7.037, 0.000627
7.038, 0.000627
7.039, 0.000627
7.04, 0.000627
7.041, 0.000627
7.042, 0.000627
7.043, 0.000627
7.044, 0.000627
7.045, 0.000627
7.046, 0.000627
7.047, 0.000627
7.048, 0.000627
7.049, 0.000627
7.05, 0.000627
7.051, 0.000627
7.052, 0.000627
7.053, 0.000627
7.054, 0.000627
7.055, 0.000627
7.056, 0.000627
7.057, 0.000627
7.058, 0.000627
7.059, 0.000627
7.06, 0.000627
7.061, 0.000627
7.062, 0.000627
7.063, 0.000627
7.064, 0.000627
7.065, 0.000627
7.066, 0.000627
7.067, 0.000627
7.068, 0.000627
7.069, 0.000627
7.07, 0.000627
7.071, 0.000627
7.072, 0.000627
7.073, 0.000627
7.074, 0.000627
7.075, 0.000627
7.076, 0.000627
7.077, 0.000627
7.078, 0.000627
7.079, 0.000627
7.08, 0.000627
7.081, 0.000627
7.082, 0.000627
7.083, 0.000627
7.084, 0.000627
7.085, 0.000627
7.086, 0.000627
7.087, 0.000627
7.088, 0.000627
7.089, 0.000627
7.09, 0.000627
7.091, 0.000627
7.092, 0.000627
7.093, 0.000627
7.094, 0.000627
7.095, 0.000627
7.096, 0.000627
7.097, 0.000627
7.098, 0.000627
7.099, 0.000627
7.1, 0.000564
7.101, 0.000564
7.102, 0.000564
7.103, 0.000564
7.104, 0.000564
7.105, 0.000564
7.106, 0.000564
7.107, 0.000564
7.108, 0.000564
7.109, 0.000564
7.11, 0.000564
7.111, 0.000564
7.112, 0.000564
7.113, 0.000564
7.114, 0.000564
7.115, 0.000564
7.116, 0.000564
7.117, 0.000564
7.118, 0.000564
7.119, 0.000564
7.12, 0.000564
7.121, 0.000564
7.122, 0.000564
7.123, 0.000564
7.124, 0.000564
7.125, 0.000564
7.126, 0.000564
7.127, 0.000564
7.128, 0.000564
7.129, 0.000564
7.13, 0.000564
7.131, 0.000564
7.132, 0.000564
7.133, 0.000564
7.134, 0.000564
7.135, 0.000564
7.136, 0.000564
7.137, 0.000564
7.138, 0.000564
7.139, 0.000564
7.14, 0.000564
7.141, 0.000564
7.142, 0.000564
7.143, 0.000564
7.144, 0.000564
7.145, 0.000564
7.146, 0.000564
7.147, 0.000564
7.148, 0.000564
7.149, 0.000564
7.15, 0.000564
7.151, 0.000564
7.152, 0.000564
7.153, 0.000564
7.154, 0.000564
7.155, 0.000564
7.156, 0.000564
7.157, 0.000564
7.158, 0.000564
7.159, 0.000564
7.16, 0.000564
7.161, 0.000564
7.162, 0.000564
7.163, 0.000564
7.164, 0.000564
7.165, 0.000564
7.166, 0.000564
7.167, 0.000564
7.168, 0.000564
7.169, 0.000564
7.17, 0.000564
7.171, 0.000564
7.172, 0.000564
7.173, 0.000564
7.174, 0.000564
7.175, 0.000564
7.176, 0.000564
7.177, 0.000564
7.178, 0.000564
7.179, 0.000564
7.18, 0.000564
7.181, 0.000564
7.182, 0.000564
7.183, 0.000564
7.184, 0.000564
7.185, 0.000564
7.186, 0.000564
7.187, 0.000564
7.188, 0.000564
7.189, 0.000564
7.19, 0.000564
7.191, 0.000564
7.192, 0.000564
7.193, 0.000564
7.194, 0.000564
7.195, 0.000564
7.196, 0.000564
7.197, 0.000564
7.198, 0.000564
7.199, 0.000564
7.2, 0.000508
7.201, 0.000508
7.202, 0.000508
7.203, 0.000508
7.204, 0.000508
7.205, 0.000508
7.206, 0.000508
7.207, 0.000508
7.208, 0.000508
7.209, 0.000508
7.21, 0.000508
7.211, 0.000508
7.212, 0.000508
7.213, 0.000508
7.214, 0.000508
7.215, 0.000508
7.216, 0.000508
7.217, 0.000508
7.218, 0.000508
7.219, 0.000508
7.22, 0.000508
7.221, 0.000508
7.222, 0.000508
7.223, 0.000508
7.224, 0.000508
7.225, 0.000508
7.226, 0.000508
7.227, 0.000508
7.228, 0.000508
7.229, 0.000508
7.23, 0.000508
7.231, 0.000508
7.232, 0.000508
7.233, 0.000508
7.234, 0.000508
7.235, 0.000508
7.236, 0.000508
7.237, 0.000508
7.238, 0.000508
7.239, 0.000508
7.24, 0.000508
7.241, 0.000508
7.242, 0.000508
7.243, 0.000508
7.244, 0.000508
7.245, 0.000508
7.246, 0.000508
7.247, 0.000508
7.248, 0.000508
7.249, 0.000508
7.25, 0.000508
7.251, 0.000508
7.252, 0.000508
7.253, 0.000508
7.254, 0.000508
7.255, 0.000508
7.256, 0.000508
7.257, 0.000508
7.258, 0.000508
7.259, 0.000508
7.26, 0.000508
7.261, 0.000508
7.262, 0.000508
7.263, 0.000508
7.264, 0.000508
7.265, 0.000508
7.266, 0.000508
7.267, 0.000508
7.268, 0.000508
7.269, 0.000508
7.27, 0.000508
7.271, 0.000508
7.272, 0.000508
7.273, 0.000508
7.274, 0.000508
7.275, 0.000508
7.276, 0.000508
7.277, 0.000508
7.278, 0.000508
7.279, 0.000508
7.28, 0.000508
7.281, 0.000508
7.282, 0.000508
7.283, 0.000508
7.284, 0.000508
7.285, 0.000508
7.286, 0.000508
7.287, 0.000508
7.288, 0.000508
7.289, 0.000508
7.29, 0.000508
7.291, 0.000508
7.292, 0.000508
7.293, 0.000508
7.294, 0.000508
7.295, 0.000508
7.296, 0.000508
7.297, 0.000508
7.298, 0.000508
7.299, 0.000508
7.3, 0.000457
7.301, 0.000457
7.302, 0.000457
7.303, 0.000457
7.304, 0.000457
7.305, 0.000457
7.306, 0.000457
7.307, 0.000457
7.308, 0.000457
7.309, 0.000457
7.31, 0.000457
7.311, 0.000457
7.312, 0.000457
7.313, 0.000457
7.314, 0.000457
7.315, 0.000457
7.316, 0.000457
7.317, 0.000457
7.318, 0.000457
7.319, 0.000457
7.32, 0.000457
7.321, 0.000457
7.322, 0.000457
7.323, 0.000457
7.324, 0.000457
7.325, 0.000457
7.326, 0.000457
7.327, 0.000457
7.328, 0.000457
7.329, 0.000457
7.33, 0.000457
7.331, 0.000457
7.332, 0.000457
7.333, 0.000457
7.334, 0.000457
7.335, 0.000457
7.336, 0.000457
7.337, 0.000457
7.338, 0.000457
7.339, 0.000457
7.34, 0.000457
7.341, 0.000457
7.342, 0.000457
7.343, 0.000457
7.344, 0.000457
7.345, 0.000457
7.346, 0.000457
7.347, 0.000457
7.348, 0.000457
7.349, 0.000457
7.35, 0.000457
7.351, 0.000457
7.352, 0.000457
7.353, 0.000457
7.354, 0.000457
7.355, 0.000457
7.356, 0.000457
7.357, 0.000457
7.358, 0.000457
7.359, 0.000457
7.36, 0.000457
7.361, 0.000457
7.362, 0.000457
7.363, 0.000457
7.364, 0.000457
7.365, 0.000457
7.366, 0.000457
7.367, 0.000457
7.368, 0.000457
7.369, 0.000457
7.37, 0.000457
7.371, 0.000457
7.372, 0.000457
7.373, 0.000457
7.374, 0.000457
7.375, 0.000457
7.376, 0.000457
7.377, 0.000457
7.378, 0.000457
7.379, 0.000457
7.38, 0.000457
7.381, 0.000457
7.382, 0.000457
7.383, 0.000457
7.384, 0.000457
7.385, 0.000457
7.386, 0.000457
7.387, 0.000457
7.388, 0.000457
7.389, 0.000457
7.39, 0.000457
7.391, 0.000457
7.392, 0.000457
7.393, 0.000457
7.394, 0.000457
7.395, 0.000457
7.396, 0.000457
7.397, 0.000457
7.398, 0.000457
7.399, 0.000457
7.4, 0.000411
7.401, 0.000411
7.402, 0.000411
7.403, 0.000411
7.404, 0.000411
7.405, 0.000411
7.406, 0.000411
7.407, 0.000411
7.408, 0.000411
7.409, 0.000411
7.41, 0.000411
7.411, 0.000411
7.412, 0.000411
7.413, 0.000411
7.414, 0.000411
7.415, 0.000411
7.416, 0.000411
7.417, 0.000411
7.418, 0.000411
7.419, 0.000411
7.42, 0.000411
7.421, 0.000411
7.422, 0.000411
7.423, 0.000411
7.424, 0.000411
7.425, 0.000411
7.426, 0.000411
7.427, 0.000411
7.428, 0.000411
7.429, 0.000411
7.43, 0.000411
7.431, 0.000411
7.432, 0.000411
7.433, 0.000411
7.434, 0.000411
7.435, 0.000411
7.436, 0.000411
7.437, 0.000411
7.438, 0.000411
7.439, 0.000411
7.44, 0.000411
7.441, 0.000411
7.442, 0.000411
7.443, 0.000411
7.444, 0.000411
7.445, 0.000411
7.446, 0.000411
7.447, 0.000411
7.448, 0.000411
7.449, 0.000411
7.45, 0.000411
7.451, 0.000411
7.452, 0.000411
7.453, 0.000411
7.454, 0.000411
7.455, 0.000411
7.456, 0.000411
7.457, 0.000411
7.458, 0.000411
7.459, 0.000411
7.46, 0.000411
7.461, 0.000411
7.462, 0.000411
7.463, 0.000411
7.464, 0.000411
7.465, 0.000411
7.466, 0.000411
7.467, 0.000411
7.468, 0.000411
7.469, 0.000411
7.47, 0.000411
7.471, 0.000411
7.472, 0.000411
7.473, 0.000411
7.474, 0.000411
7.475, 0.000411
7.476, 0.000411
7.477, 0.000411
7.478, 0.000411
7.479, 0.000411
7.48, 0.000411
7.481, 0.000411
7.482, 0.000411
7.483, 0.000411
7.484, 0.000411
7.485, 0.000411
7.486, 0.000411
7.487, 0.000411
7.488, 0.000411
7.489, 0.000411
7.49, 0.000411
7.491, 0.000411
7.492, 0.000411
7.493, 0.000411
7.494, 0.000411
7.495, 0.000411
7.496, 0.000411
7.497, 0.000411
7.498, 0.000411
7.499, 0.000411
7.5, 0.000370
7.501, 0.000370
7.502, 0.000370
7.503, 0.000370
7.504, 0.000370
7.505, 0.000370
7.506, 0.000370
7.507, 0.000370
7.508, 0.000370
7.509, 0.000370
7.51, 0.000370
7.511, 0.000370
7.512, 0.000370
7.513, 0.000370
7.514, 0.000370
7.515, 0.000370
7.516, 0.000370
7.517, 0.000370
7.518, 0.000370
7.519, 0.000370
7.52, 0.000370
7.521, 0.000370
7.522, 0.000370
7.523, 0.000370
7.524, 0.000370
7.525, 0.000370
7.526, 0.000370
7.527, 0.000370
7.528, 0.000370
7.529, 0.000370
7.53, 0.000370
7.531, 0.000370
7.532, 0.000370
7.533, 0.000370
7.534, 0.000370
7.535, 0.000370
7.536, 0.000370
7.537, 0.000370
7.538, 0.000370
7.539, 0.000370
7.54, 0.000370
7.541, 0.000370
7.542, 0.000370
7.543, 0.000370
7.544, 0.000370
7.545, 0.000370
7.546, 0.000370
7.547, 0.000370
7.548, 0.000370
7.549, 0.000370
7.55, 0.000370
7.551, 0.000370
7.552, 0.000370
7.553, 0.000370
7.554, 0.000370
7.555, 0.000370
7.556, 0.000370
7.557, 0.000370
7.558, 0.000370
7.559, 0.000370
7.56, 0.000370
7.561, 0.000370
7.562, 0.000370
7.563, 0.000370
7.564, 0.000370
7.565, 0.000370
7.566, 0.000370
7.567, 0.000370
7.568, 0.000370
7.569, 0.000370
7.57, 0.000370
7.571, 0.000370
7.572, 0.000370
7.573, 0.000370
7.574, 0.000370
7.575, 0.000370
7.576, 0.000370
7.577, 0.000370
7.578, 0.000370
7.579, 0.000370
7.58, 0.000370
7.581, 0.000370
7.582, 0.000370
7.583, 0.000370
7.584, 0.000370
7.585, 0.000370
7.586, 0.000370
7.587, 0.000370
7.588, 0.000370
7.589, 0.000370
7.59, 0.000370
7.591, 0.000370
7.592, 0.000370
7.593, 0.000370
7.594, 0.000370
7.595, 0.000370
7.596, 0.000370
7.597, 0.000370
7.598, 0.000370
7.599, 0.000370
7.6, 0.000333
7.601, 0.000333
7.602, 0.000333
7.603, 0.000333
7.604, 0.000333
7.605, 0.000333
7.606, 0.000333
7.607, 0.000333
7.608, 0.000333
7.609, 0.000333
7.61, 0.000333
7.611, 0.000333
7.612, 0.000333
7.613, 0.000333
7.614, 0.000333
7.615, 0.000333
7.616, 0.000333
7.617, 0.000333
7.618, 0.000333
7.619, 0.000333
7.62, 0.000333
7.621, 0.000333
7.622, 0.000333
7.623, 0.000333
7.624, 0.000333
7.625, 0.000333
7.626, 0.000333
7.627, 0.000333
7.628, 0.000333
7.629, 0.000333
7.63, 0.000333
7.631, 0.000333
7.632, 0.000333
7.633, 0.000333
7.634, 0.000333
7.635, 0.000333
7.636, 0.000333
7.637, 0.000333
7.638, 0.000333
7.639, 0.000333
7.64, 0.000333
7.641, 0.000333
7.642, 0.000333
7.643, 0.000333
7.644, 0.000333
7.645, 0.000333
7.646, 0.000333
7.647, 0.000333
7.648, 0.000333
7.649, 0.000333
7.65, 0.000333
7.651, 0.000333
7.652, 0.000333
7.653, 0.000333
7.654, 0.000333
7.655, 0.000333
7.656, 0.000333
7.657, 0.000333
7.658, 0.000333
7.659, 0.000333
7.66, 0.000333
7.661, 0.000333
7.662, 0.000333
7.663, 0.000333
7.664, 0.000333
7.665, 0.000333
7.666, 0.000333
7.667, 0.000333
7.668, 0.000333
7.669, 0.000333
7.67, 0.000333
7.671, 0.000333
7.672, 0.000333
7.673, 0.000333
7.674, 0.000333
7.675, 0.000333
7.676, 0.000333
7.677, 0.000333
7.678, 0.000333
7.679, 0.000333
7.68, 0.000333
7.681, 0.000333
7.682, 0.000333
7.683, 0.000333
7.684, 0.000333
7.685, 0.000333
7.686, 0.000333
7.687, 0.000333
7.688, 0.000333
7.689, 0.000333
7.69, 0.000333
7.691, 0.000333
7.692, 0.000333
7.693, 0.000333
7.694, 0.000333
7.695, 0.000333
7.696, 0.000333
7.697, 0.000333
7.698, 0.000333
7.699, 0.000333
7.7, 0.000300
7.701, 0.000300
7.702, 0.000300
7.703, 0.000300
7.704, 0.000300
7.705, 0.000300
7.706, 0.000300
7.707, 0.000300
7.708, 0.000300
7.709, 0.000300
7.71, 0.000300
7.711, 0.000300
7.712, 0.000300
7.713, 0.000300
7.714, 0.000300
7.715, 0.000300
7.716, 0.000300
7.717, 0.000300
7.718, 0.000300
7.719, 0.000300
7.72, 0.000300
7.721, 0.000300
7.722, 0.000300
7.723, 0.000300
7.724, 0.000300
7.725, 0.000300
7.726, 0.000300
7.727, 0.000300
7.728, 0.000300
7.729, 0.000300
7.73, 0.000300
7.731, 0.000300
7.732, 0.000300
7.733, 0.000300
7.734, 0.000300
7.735, 0.000300
7.736, 0.000300
7.737, 0.000300
7.738, 0.000300
7.739, 0.000300
7.74, 0.000300
7.741, 0.000300
7.742, 0.000300
7.743, 0.000300
7.744, 0.000300
7.745, 0.000300
7.746, 0.000300
7.747, 0.000300
7.748, 0.000300
7.749, 0.000300
7.75, 0.000300
7.751, 0.000300
7.752, 0.000300
7.753, 0.000300
7.754, 0.000300
7.755, 0.000300
7.756, 0.000300
7.757, 0.000300
7.758, 0.000300
7.759, 0.000300
7.76, 0.000300
7.761, 0.000300
7.762, 0.000300
7.763, 0.000300
7.764, 0.000300
7.765, 0.000300
7.766, 0.000300
7.767, 0.000300
7.768, 0.000300
7.769, 0.000300
7.77, 0.000300
7.771, 0.000300
7.772, 0.000300
7.773, 0.000300
7.774, 0.000300
7.775, 0.000300
7.776, 0.000300
7.777, 0.000300
7.778, 0.000300
7.779, 0.000300
7.78, 0.000300
7.781, 0.000300
7.782, 0.000300
7.783, 0.000300
7.784, 0.000300
7.785, 0.000300
7.786, 0.000300
7.787, 0.000300
7.788, 0.000300
7.789, 0.000300
7.79, 0.000300
7.791, 0.000300
7.792, 0.000300
7.793, 0.000300
7.794, 0.000300
7.795, 0.000300
7.796, 0.000300
7.797, 0.000300
7.798, 0.000300
7.799, 0.000300
7.8, 0.000270
7.801, 0.000270
7.802, 0.000270
7.803, 0.000270
7.804, 0.000270
7.805, 0.000270
7.806, 0.000270
7.807, 0.000270
7.808, 0.000270
7.809, 0.000270
7.81, 0.000270
7.811, 0.000270
7.812, 0.000270
7.813, 0.000270
7.814, 0.000270
7.815, 0.000270
7.816, 0.000270
7.817, 0.000270
7.818, 0.000270
7.819, 0.000270
7.82, 0.000270
7.821, 0.000270
7.822, 0.000270
7.823, 0.000270
7.824, 0.000270
7.825, 0.000270
7.826, 0.000270
7.827, 0.000270
7.828, 0.000270
7.829, 0.000270
7.83, 0.000270
7.831, 0.000270
7.832, 0.000270
7.833, 0.000270
7.834, 0.000270
7.835, 0.000270
7.836, 0.000270
7.837, 0.000270
7.838, 0.000270
7.839, 0.000270
7.84, 0.000270
7.841, 0.000270
7.842, 0.000270
7.843, 0.000270
7.844, 0.000270
7.845, 0.000270
7.846, 0.000270
7.847, 0.000270
7.848, 0.000270
7.849, 0.000270
7.85, 0.000270
7.851, 0.000270
7.852, 0.000270
7.853, 0.000270
7.854, 0.000270
7.855, 0.000270
7.856, 0.000270
7.857, 0.000270
7.858, 0.000270
7.859, 0.000270
7.86, 0.000270
7.861, 0.000270
7.862, 0.000270
7.863, 0.000270
7.864, 0.000270
7.865, 0.000270
7.866, 0.000270
7.867, 0.000270
7.868, 0.000270
7.869, 0.000270
7.87, 0.000270
7.871, 0.000270
7.872, 0.000270
7.873, 0.000270
7.874, 0.000270
7.875, 0.000270
7.876, 0.000270
7.877, 0.000270
7.878, 0.000270
7.879, 0.000270
7.88, 0.000270
7.881, 0.000270
7.882, 0.000270
7.883, 0.000270
7.884, 0.000270
7.885, 0.000270
7.886, 0.000270
7.887, 0.000270
7.888, 0.000270
7.889, 0.000270
7.89, 0.000270
7.891, 0.000270
7.892, 0.000270
7.893, 0.000270
7.894, 0.000270
7.895, 0.000270
7.896, 0.000270
7.897, 0.000270
7.898, 0.000270
7.899, 0.000270
7.9, 0.000243
7.901, 0.000243
7.902, 0.000243
7.903, 0.000243
7.904, 0.000243
7.905, 0.000243
7.906, 0.000243
7.907, 0.000243
7.908, 0.000243
7.909, 0.000243
7.91, 0.000243
7.911, 0.000243
7.912, 0.000243
7.913, 0.000243
7.914, 0.000243
7.915, 0.000243
7.916, 0.000243
7.917, 0.000243
7.918, 0.000243
7.919, 0.000243
7.92, 0.000243
7.921, 0.000243
7.922, 0.000243
7.923, 0.000243
7.924, 0.000243
7.925, 0.000243
7.926, 0.000243
7.927, 0.000243
7.928, 0.000243
7.929, 0.000243
7.93, 0.000243
7.931, 0.000243
7.932, 0.000243
7.933, 0.000243
7.934, 0.000243
7.935, 0.000243
7.936, 0.000243
7.937, 0.000243
7.938, 0.000243
7.939, 0.000243
7.94, 0.000243
7.941, 0.000243
7.942, 0.000243
7.943, 0.000243
7.944, 0.000243
7.945, 0.000243
7.946, 0.000243
7.947, 0.000243
7.948, 0.000243
7.949, 0.000243
7.95, 0.000243
7.951, 0.000243
7.952, 0.000243
7.953, 0.000243
7.954, 0.000243
7.955, 0.000243
7.956, 0.000243
7.957, 0.000243
7.958, 0.000243
7.959, 0.000243
7.96, 0.000243
7.961, 0.000243
7.962, 0.000243
7.963, 0.000243
7.964, 0.000243
7.965, 0.000243
7.966, 0.000243
7.967, 0.000243
7.968, 0.000243
7.969, 0.000243
7.97, 0.000243
7.971, 0.000243
7.972, 0.000243
7.973, 0.000243
7.974, 0.000243
7.975, 0.000243
7.976, 0.000243
7.977, 0.000243
7.978, 0.000243
7.979, 0.000243
7.98, 0.000243
7.981, 0.000243
7.982, 0.000243
7.983, 0.000243
7.984, 0.000243
7.985, 0.000243
7.986, 0.000243
7.987, 0.000243
7.988, 0.000243
7.989, 0.000243
7.99, 0.000243
7.991, 0.000243
7.992, 0.000243
7.993, 0.000243
7.994, 0.000243
7.995, 0.000243
7.996, 0.000243
7.997, 0.000243
7.998, 0.000243
7.999, 0.000243
8, 0.000218
8.001, 0.000218
8.002, 0.000218
8.003, 0.000218
8.004, 0.000218
8.005, 0.000218
8.006, 0.000218
8.007, 0.000218
8.008, 0.000218
8.009, 0.000218
8.01, 0.000218
8.011, 0.000218
8.012, 0.000218
8.013, 0.000218
8.014, 0.000218
8.015, 0.000218
8.016, 0.000218
8.017, 0.000218
8.018, 0.000218
8.019, 0.000218
8.02, 0.000218
8.021, 0.000218
8.022, 0.000218
8.023, 0.000218
8.024, 0.000218
8.025, 0.000218
8.026, 0.000218
8.027, 0.000218
8.028, 0.000218
8.029, 0.000218
8.03, 0.000218
8.031, 0.000218
8.032, 0.000218
8.033, 0.000218
8.034, 0.000218
8.035, 0.000218
8.036, 0.000218
8.037, 0.000218
8.038, 0.000218
8.039, 0.000218
8.04, 0.000218
8.041, 0.000218
8.042, 0.000218
8.043, 0.000218
8.044, 0.000218
8.045, 0.000218
8.046, 0.000218
8.047, 0.000218
8.048, 0.000218
8.049, 0.000218
8.05, 0.000218
8.051, 0.000218
8.052, 0.000218
8.053, 0.000218
8.054, 0.000218
8.055, 0.000218
8.056, 0.000218
8.057, 0.000218
8.058, 0.000218
8.059, 0.000218
8.06, 0.000218
8.061, 0.000218
8.062, 0.000218
8.063, 0.000218
8.064, 0.000218
8.065, 0.000218
8.066, 0.000218
8.067, 0.000218
8.068, 0.000218
8.069, 0.000218
8.07, 0.000218
8.071, 0.000218
8.072, 0.000218
8.073, 0.000218
8.074, 0.000218
8.075, 0.000218
8.076, 0.000218
8.077, 0.000218
8.078, 0.000218
8.079, 0.000218
8.08, 0.000218
8.081, 0.000218
8.082, 0.000218
8.083, 0.000218
8.084, 0.000218
8.085, 0.000218
8.086, 0.000218
8.087, 0.000218
8.088, 0.000218
8.089, 0.000218
8.09, 0.000218
8.091, 0.000218
8.092, 0.000218
8.093, 0.000218
8.094, 0.000218
8.095, 0.000218
8.096, 0.000218
8.097, 0.000218
8.098, 0.000218
8.099, 0.000218
8.1, 0.000197
8.101, 0.000197
8.102, 0.000197
8.103, 0.000197
8.104, 0.000197
8.105, 0.000197
8.106, 0.000197
8.107, 0.000197
8.108, 0.000197
8.109, 0.000197
8.11, 0.000197
8.111, 0.000197
8.112, 0.000197
8.113, 0.000197
8.114, 0.000197
8.115, 0.000197
8.116, 0.000197
8.117, 0.000197
8.118, 0.000197
8.119, 0.000197
8.12, 0.000197
8.121, 0.000197
8.122, 0.000197
8.123, 0.000197
8.124, 0.000197
8.125, 0.000197
8.126, 0.000197
8.127, 0.000197
8.128, 0.000197
8.129, 0.000197
8.13, 0.000197
8.131, 0.000197
8.132, 0.000197
8.133, 0.000197
8.134, 0.000197
8.135, 0.000197
8.136, 0.000197
8.137, 0.000197
8.138, 0.000197
8.139, 0.000197
8.14, 0.000197
8.141, 0.000197
8.142, 0.000197
8.143, 0.000197
8.144, 0.000197
8.145, 0.000197
8.146, 0.000197
8.147, 0.000197
8.148, 0.000197
8.149, 0.000197
8.15, 0.000197
8.151, 0.000197
8.152, 0.000197
8.153, 0.000197
8.154, 0.000197
8.155, 0.000197
8.156, 0.000197
8.157, 0.000197
8.158, 0.000197
8.159, 0.000197
8.16, 0.000197
8.161, 0.000197
8.162, 0.000197
8.163, 0.000197
8.164, 0.000197
8.165, 0.000197
8.166, 0.000197
8.167, 0.000197
8.168, 0.000197
8.169, 0.000197
8.17, 0.000197
8.171, 0.000197
8.172, 0.000197
8.173, 0.000197
8.174, 0.000197
8.175, 0.000197
8.176, 0.000197
8.177, 0.000197
8.178, 0.000197
8.179, 0.000197
8.18, 0.000197
8.181, 0.000197
8.182, 0.000197
8.183, 0.000197
8.184, 0.000197
8.185, 0.000197
8.186, 0.000197
8.187, 0.000197
8.188, 0.000197
8.189, 0.000197
8.19, 0.000197
8.191, 0.000197
8.192, 0.000197
8.193, 0.000197
8.194, 0.000197
8.195, 0.000197
8.196, 0.000197
8.197, 0.000197
8.198, 0.000197
8.199, 0.000197
8.2, 0.000177
8.201, 0.000177
8.202, 0.000177
8.203, 0.000177
8.204, 0.000177
8.205, 0.000177
8.206, 0.000177
8.207, 0.000177
8.208, 0.000177
8.209, 0.000177
8.21, 0.000177
8.211, 0.000177
8.212, 0.000177
8.213, 0.000177
8.214, 0.000177
8.215, 0.000177
8.216, 0.000177
8.217, 0.000177
8.218, 0.000177
8.219, 0.000177
8.22, 0.000177
8.221, 0.000177
8.222, 0.000177
8.223, 0.000177
8.224, 0.000177
8.225, 0.000177
8.226, 0.000177
8.227, 0.000177
8.228, 0.000177
8.229, 0.000177
8.23, 0.000177
8.231, 0.000177
8.232, 0.000177
8.233, 0.000177
8.234, 0.000177
8.235, 0.000177
8.236, 0.000177
8.237, 0.000177
8.238, 0.000177
8.239, 0.000177
8.24, 0.000177
8.241, 0.000177
8.242, 0.000177
8.243, 0.000177
8.244, 0.000177
8.245, 0.000177
8.246, 0.000177
8.247, 0.000177
8.248, 0.000177
8.249, 0.000177
8.25, 0.000177
8.251, 0.000177
8.252, 0.000177
8.253, 0.000177
8.254, 0.000177
8.255, 0.000177
8.256, 0.000177
8.257, 0.000177
8.258, 0.000177
8.259, 0.000177
8.26, 0.000177
8.261, 0.000177
8.262, 0.000177
8.263, 0.000177
8.264, 0.000177
8.265, 0.000177
8.266, 0.000177
8.267, 0.000177
8.268, 0.000177
8.269, 0.000177
8.27, 0.000177
8.271, 0.000177
8.272, 0.000177
8.273, 0.000177
8.274, 0.000177
8.275, 0.000177
8.276, 0.000177
8.277, 0.000177
8.278, 0.000177
8.279, 0.000177
8.28, 0.000177
8.281, 0.000177
8.282, 0.000177
8.283, 0.000177
8.284, 0.000177
8.285, 0.000177
8.286, 0.000177
8.287, 0.000177
8.288, 0.000177
8.289, 0.000177
8.29, 0.000177
8.291, 0.000177
8.292, 0.000177
8.293, 0.000177
8.294, 0.000177
8.295, 0.000177
8.296, 0.000177
8.297, 0.000177
8.298, 0.000177
8.299, 0.000177
8.3, 0.000159
8.301, 0.000159
8.302, 0.000159
8.303, 0.000159
8.304, 0.000159
8.305, 0.000159
8.306, 0.000159
8.307, 0.000159
8.308, 0.000159
8.309, 0.000159
8.31, 0.000159
8.311, 0.000159
8.312, 0.000159
8.313, 0.000159
8.314, 0.000159
8.315, 0.000159
8.316, 0.000159
8.317, 0.000159
8.318, 0.000159
8.319, 0.000159
8.32, 0.000159
8.321, 0.000159
8.322, 0.000159
8.323, 0.000159
8.324, 0.000159
8.325, 0.000159
8.326, 0.000159
8.327, 0.000159
8.328, 0.000159
8.329, 0.000159
8.33, 0.000159
8.331, 0.000159
8.332, 0.000159
8.333, 0.000159
8.334, 0.000159
8.335, 0.000159
8.336, 0.000159
8.337, 0.000159
8.338, 0.000159
8.339, 0.000159
8.34, 0.000159
8.341, 0.000159
8.342, 0.000159
8.343, 0.000159
8.344, 0.000159
8.345, 0.000159
8.346, 0.000159
8.347, 0.000159
8.348, 0.000159
8.349, 0.000159
8.35, 0.000159
8.351, 0.000159
8.352, 0.000159
8.353, 0.000159
8.354, 0.000159
8.355, 0.000159
8.356, 0.000159
8.357, 0.000159
8.358, 0.000159
8.359, 0.000159
8.36, 0.000159
8.361, 0.000159
8.362, 0.000159
8.363, 0.000159
8.364, 0.000159
8.365, 0.000159
8.366, 0.000159
8.367, 0.000159
8.368, 0.000159
8.369, 0.000159
8.37, 0.000159
8.371, 0.000159
8.372, 0.000159
8.373, 0.000159
8.374, 0.000159
8.375, 0.000159
8.376, 0.000159
8.377, 0.000159
8.378, 0.000159
8.379, 0.000159
8.38, 0.000159
8.381, 0.000159
8.382, 0.000159
8.383, 0.000159
8.384, 0.000159
8.385, 0.000159
8.386, 0.000159
8.387, 0.000159
8.388, 0.000159
8.389, 0.000159
8.39, 0.000159
8.391, 0.000159
8.392, 0.000159
8.393, 0.000159
8.394, 0.000159
8.395, 0.000159
8.396, 0.000159
8.397, 0.000159
8.398, 0.000159
8.399, 0.000159
8.4, 0.000143
8.401, 0.000143
8.402, 0.000143
8.403, 0.000143
8.404, 0.000143
8.405, 0.000143
8.406, 0.000143
8.407, 0.000143
8.408, 0.000143
8.409, 0.000143
8.41, 0.000143
8.411, 0.000143
8.412, 0.000143
8.413, 0.000143
8.414, 0.000143
8.415, 0.000143
8.416, 0.000143
8.417, 0.000143
8.418, 0.000143
8.419, 0.000143
8.42, 0.000143
8.421, 0.000143
8.422, 0.000143
8.423, 0.000143
8.424, 0.000143
8.425, 0.000143
8.426, 0.000143
8.427, 0.000143
8.428, 0.000143
8.429, 0.000143
8.43, 0.000143
8.431, 0.000143
8.432, 0.000143
8.433, 0.000143
8.434, 0.000143
8.435, 0.000143
8.436, 0.000143
8.437, 0.000143
8.438, 0.000143
8.439, 0.000143
8.44, 0.000143
8.441, 0.000143
8.442, 0.000143
8.443, 0.000143
8.444, 0.000143
8.445, 0.000143
8.446, 0.000143
8.447, 0.000143
8.448, 0.000143
8.449, 0.000143
8.45, 0.000143
8.451, 0.000143
8.452, 0.000143
8.453, 0.000143
8.454, 0.000143
8.455, 0.000143
8.456, 0.000143
8.457, 0.000143
8.458, 0.000143
8.459, 0.000143
8.46, 0.000143
8.461, 0.000143
8.462, 0.000143
8.463, 0.000143
8.464, 0.000143
8.465, 0.000143
8.466, 0.000143
8.467, 0.000143
8.468, 0.000143
8.469, 0.000143
8.47, 0.000143
8.471, 0.000143
8.472, 0.000143
8.473, 0.000143
8.474, 0.000143
8.475, 0.000143
8.476, 0.000143
8.477, 0.000143
8.478, 0.000143
8.479, 0.000143
8.48, 0.000143
8.481, 0.000143
8.482, 0.000143
8.483, 0.000143
8.484, 0.000143
8.485, 0.000143
8.486, 0.000143
8.487, 0.000143
8.488, 0.000143
8.489, 0.000143
8.49, 0.000143
8.491, 0.000143
8.492, 0.000143
8.493, 0.000143
8.494, 0.000143
8.495, 0.000143
8.496, 0.000143
8.497, 0.000143
8.498, 0.000143
8.499, 0.000143
8.5, 0.000129
8.501, 0.000129
8.502, 0.000129
8.503, 0.000129
8.504, 0.000129
8.505, 0.000129
8.506, 0.000129
8.507, 0.000129
8.508, 0.000129
8.509, 0.000129
8.51, 0.000129
8.511, 0.000129
8.512, 0.000129
8.513, 0.000129
8.514, 0.000129
8.515, 0.000129
8.516, 0.000129
8.517, 0.000129
8.518, 0.000129
8.519, 0.000129
8.52, 0.000129
8.521, 0.000129
8.522, 0.000129
8.523, 0.000129
8.524, 0.000129
8.525, 0.000129
8.526, 0.000129
8.527, 0.000129
8.528, 0.000129
8.529, 0.000129
8.53, 0.000129
8.531, 0.000129
8.532, 0.000129
8.533, 0.000129
8.534, 0.000129
8.535, 0.000129
8.536, 0.000129
8.537, 0.000129
8.538, 0.000129
8.539, 0.000129
8.54, 0.000129
8.541, 0.000129
8.542, 0.000129
8.543, 0.000129
8.544, 0.000129
8.545, 0.000129
8.546, 0.000129
8.547, 0.000129
8.548, 0.000129
8.549, 0.000129
8.55, 0.000129
8.551, 0.000129
8.552, 0.000129
8.553, 0.000129
8.554, 0.000129
8.555, 0.000129
8.556, 0.000129
8.557, 0.000129
8.558, 0.000129
8.559, 0.000129
8.56, 0.000129
8.561, 0.000129
8.562, 0.000129
8.563, 0.000129
8.564, 0.000129
8.565, 0.000129
8.566, 0.000129
8.567, 0.000129
8.568, 0.000129
8.569, 0.000129
8.57, 0.000129
8.571, 0.000129
8.572, 0.000129
8.573, 0.000129
8.574, 0.000129
8.575, 0.000129
8.576, 0.000129
8.577, 0.000129
8.578, 0.000129
8.579, 0.000129
8.58, 0.000129
8.581, 0.000129
8.582, 0.000129
8.583, 0.000129
8.584, 0.000129
8.585, 0.000129
8.586, 0.000129
8.587, 0.000129
8.588, 0.000129
8.589, 0.000129
8.59, 0.000129
8.591, 0.000129
8.592, 0.000129
8.593, 0.000129
8.594, 0.000129
8.595, 0.000129
8.596, 0.000129
8.597, 0.000129
8.598, 0.000129
8.599, 0.000129
8.6, 0.000116
8.601, 0.000116
8.602, 0.000116
8.603, 0.000116
8.604, 0.000116
8.605, 0.000116
8.606, 0.000116
8.607, 0.000116
8.608, 0.000116
8.609, 0.000116
8.61, 0.000116
8.611, 0.000116
8.612, 0.000116
8.613, 0.000116
8.614, 0.000116
8.615, 0.000116
8.616, 0.000116
8.617, 0.000116
8.618, 0.000116
8.619, 0.000116
8.62, 0.000116
8.621, 0.000116
8.622, 0.000116
8.623, 0.000116
8.624, 0.000116
8.625, 0.000116
8.626, 0.000116
8.627, 0.000116
8.628, 0.000116
8.629, 0.000116
8.63, 0.000116
8.631, 0.000116
8.632, 0.000116
8.633, 0.000116
8.634, 0.000116
8.635, 0.000116
8.636, 0.000116
8.637, 0.000116
8.638, 0.000116
8.639, 0.000116
8.64, 0.000116
8.641, 0.000116
8.642, 0.000116
8.643, 0.000116
8.644, 0.000116
8.645, 0.000116
8.646, 0.000116
8.647, 0.000116
8.648, 0.000116
8.649, 0.000116
8.65, 0.000116
8.651, 0.000116
8.652, 0.000116
8.653, 0.000116
8.654, 0.000116
8.655, 0.000116
8.656, 0.000116
8.657, 0.000116
8.658, 0.000116
8.659, 0.000116
8.66, 0.000116
8.661, 0.000116
8.662, 0.000116
8.663, 0.000116
8.664, 0.000116
8.665, 0.000116
8.666, 0.000116
8.667, 0.000116
8.668, 0.000116
8.669, 0.000116
8.67, 0.000116
8.671, 0.000116
8.672, 0.000116
8.673, 0.000116
8.674, 0.000116
8.675, 0.000116
8.676, 0.000116
8.677, 0.000116
8.678, 0.000116
8.679, 0.000116
8.68, 0.000116
8.681, 0.000116
8.682, 0.000116
8.683, 0.000116
8.684, 0.000116
8.685, 0.000116
8.686, 0.000116
8.687, 0.000116
8.688, 0.000116
8.689, 0.000116
8.69, 0.000116
8.691, 0.000116
8.692, 0.000116
8.693, 0.000116
8.694, 0.000116
8.695, 0.000116
8.696, 0.000116
8.697, 0.000116
8.698, 0.000116
8.699, 0.000116
8.7, 0.000104
8.701, 0.000104
8.702, 0.000104
8.703, 0.000104
8.704, 0.000104
8.705, 0.000104
8.706, 0.000104
8.707, 0.000104
8.708, 0.000104
8.709, 0.000104
8.71, 0.000104
8.711, 0.000104
8.712, 0.000104
8.713, 0.000104
8.714, 0.000104
8.715, 0.000104
8.716, 0.000104
8.717, 0.000104
8.718, 0.000104
8.719, 0.000104
8.72, 0.000104
8.721, 0.000104
8.722, 0.000104
8.723, 0.000104
8.724, 0.000104
8.725, 0.000104
8.726, 0.000104
8.727, 0.000104
8.728, 0.000104
8.729, 0.000104
8.73, 0.000104
8.731, 0.000104
8.732, 0.000104
8.733, 0.000104
8.734, 0.000104
8.735, 0.000104
8.736, 0.000104
8.737, 0.000104
8.738, 0.000104
8.739, 0.000104
8.74, 0.000104
8.741, 0.000104
8.742, 0.000104
8.743, 0.000104
8.744, 0.000104
8.745, 0.000104
8.746, 0.000104
8.747, 0.000104
8.748, 0.000104
8.749, 0.000104
8.75, 0.000104
8.751, 0.000104
8.752, 0.000104
8.753, 0.000104
8.754, 0.000104
8.755, 0.000104
8.756, 0.000104
8.757, 0.000104
8.758, 0.000104
8.759, 0.000104
8.76, 0.000104
8.761, 0.000104
8.762, 0.000104
8.763, 0.000104
8.764, 0.000104
8.765, 0.000104
8.766, 0.000104
8.767, 0.000104
8.768, 0.000104
8.769, 0.000104
8.77, 0.000104
8.771, 0.000104
8.772, 0.000104
8.773, 0.000104
8.774, 0.000104
8.775, 0.000104
8.776, 0.000104
8.777, 0.000104
8.778, 0.000104
8.779, 0.000104
8.78, 0.000104
8.781, 0.000104
8.782, 0.000104
8.783, 0.000104
8.784, 0.000104
8.785, 0.000104
8.786, 0.000104
8.787, 0.000104
8.788, 0.000104
8.789, 0.000104
8.79, 0.000104
8.791, 0.000104
8.792, 0.000104
8.793, 0.000104
8.794, 0.000104
8.795, 0.000104
8.796, 0.000104
8.797, 0.000104
8.798, 0.000104
8.799, 0.000104
8.8, 0.000094
8.801, 0.000094
8.802, 0.000094
8.803, 0.000094
8.804, 0.000094
8.805, 0.000094
8.806, 0.000094
8.807, 0.000094
8.808, 0.000094
8.809, 0.000094
8.81, 0.000094
8.811, 0.000094
8.812, 0.000094
8.813, 0.000094
8.814, 0.000094
8.815, 0.000094
8.816, 0.000094
8.817, 0.000094
8.818, 0.000094
8.819, 0.000094
8.82, 0.000094
8.821, 0.000094
8.822, 0.000094
8.823, 0.000094
8.824, 0.000094
8.825, 0.000094
8.826, 0.000094
8.827, 0.000094
8.828, 0.000094
8.829, 0.000094
8.83, 0.000094
8.831, 0.000094
8.832, 0.000094
8.833, 0.000094
8.834, 0.000094
8.835, 0.000094
8.836, 0.000094
8.837, 0.000094
8.838, 0.000094
8.839, 0.000094
8.84, 0.000094
8.841, 0.000094
8.842, 0.000094
8.843, 0.000094
8.844, 0.000094
8.845, 0.000094
8.846, 0.000094
8.847, 0.000094
8.848, 0.000094
8.849, 0.000094
8.85, 0.000094
8.851, 0.000094
8.852, 0.000094
8.853, 0.000094
8.854, 0.000094
8.855, 0.000094
8.856, 0.000094
8.857, 0.000094
8.858, 0.000094
8.859, 0.000094
8.86, 0.000094
8.861, 0.000094
8.862, 0.000094
8.863, 0.000094
8.864, 0.000094
8.865, 0.000094
8.866, 0.000094
8.867, 0.000094
8.868, 0.000094
8.869, 0.000094
8.87, 0.000094
8.871, 0.000094
8.872, 0.000094
8.873, 0.000094
8.874, 0.000094
8.875, 0.000094
8.876, 0.000094
8.877, 0.000094
8.878, 0.000094
8.879, 0.000094
8.88, 0.000094
8.881, 0.000094
8.882, 0.000094
8.883, 0.000094
8.884, 0.000094
8.885, 0.000094
8.886, 0.000094
8.887, 0.000094
8.888, 0.000094
8.889, 0.000094
8.89, 0.000094
8.891, 0.000094
8.892, 0.000094
8.893, 0.000094
8.894, 0.000094
8.895, 0.000094
8.896, 0.000094
8.897, 0.000094
8.898, 0.000094
8.899, 0.000094
8.9, 0.000085
8.901, 0.000085
8.902, 0.000085
8.903, 0.000085
8.904, 0.000085
8.905, 0.000085
8.906, 0.000085
8.907, 0.000085
8.908, 0.000085
8.909, 0.000085
8.91, 0.000085
8.911, 0.000085
8.912, 0.000085
8.913, 0.000085
8.914, 0.000085
8.915, 0.000085
8.916, 0.000085
8.917, 0.000085
8.918, 0.000085
8.919, 0.000085
8.92, 0.000085
8.921, 0.000085
8.922, 0.000085
8.923, 0.000085
8.924, 0.000085
8.925, 0.000085
8.926, 0.000085
8.927, 0.000085
8.928, 0.000085
8.929, 0.000085
8.93, 0.000085
8.931, 0.000085
8.932, 0.000085
8.933, 0.000085
8.934, 0.000085
8.935, 0.000085
8.936, 0.000085
8.937, 0.000085
8.938, 0.000085
8.939, 0.000085
8.94, 0.000085
8.941, 0.000085
8.942, 0.000085
8.943, 0.000085
8.944, 0.000085
8.945, 0.000085
8.946, 0.000085
8.947, 0.000085
8.948, 0.000085
8.949, 0.000085
8.95, 0.000085
8.951, 0.000085
8.952, 0.000085
8.953, 0.000085
8.954, 0.000085
8.955, 0.000085
8.956, 0.000085
8.957, 0.000085
8.958, 0.000085
8.959, 0.000085
8.96, 0.000085
8.961, 0.000085
8.962, 0.000085
8.963, 0.000085
8.964, 0.000085
8.965, 0.000085
8.966, 0.000085
8.967, 0.000085
8.968, 0.000085
8.969, 0.000085
8.97, 0.000085
8.971, 0.000085
8.972, 0.000085
8.973, 0.000085
8.974, 0.000085
8.975, 0.000085
8.976, 0.000085
8.977, 0.000085
8.978, 0.000085
8.979, 0.000085
8.98, 0.000085
8.981, 0.000085
8.982, 0.000085
8.983, 0.000085
8.984, 0.000085
8.985, 0.000085
8.986, 0.000085
8.987, 0.000085
8.988, 0.000085
8.989, 0.000085
8.99, 0.000085
8.991, 0.000085
8.992, 0.000085
8.993, 0.000085
8.994, 0.000085
8.995, 0.000085
8.996, 0.000085
8.997, 0.000085
8.998, 0.000085
8.999, 0.000085
9, 0.000076
9.001, 0.000076
9.002, 0.000076
9.003, 0.000076
9.004, 0.000076
9.005, 0.000076
9.006, 0.000076
9.007, 0.000076
9.008, 0.000076
9.009, 0.000076
9.01, 0.000076
9.011, 0.000076
9.012, 0.000076
9.013, 0.000076
9.014, 0.000076
9.015, 0.000076
9.016, 0.000076
9.017, 0.000076
9.018, 0.000076
9.019, 0.000076
9.02, 0.000076
9.021, 0.000076
9.022, 0.000076
9.023, 0.000076
9.024, 0.000076
9.025, 0.000076
9.026, 0.000076
9.027, 0.000076
9.028, 0.000076
9.029, 0.000076
9.03, 0.000076
9.031, 0.000076
9.032, 0.000076
9.033, 0.000076
9.034, 0.000076
9.035, 0.000076
9.036, 0.000076
9.037, 0.000076
9.038, 0.000076
9.039, 0.000076
9.04, 0.000076
9.041, 0.000076
9.042, 0.000076
9.043, 0.000076
9.044, 0.000076
9.045, 0.000076
9.046, 0.000076
9.047, 0.000076
9.048, 0.000076
9.049, 0.000076
9.05, 0.000076
9.051, 0.000076
9.052, 0.000076
9.053, 0.000076
9.054, 0.000076
9.055, 0.000076
9.056, 0.000076
9.057, 0.000076
9.058, 0.000076
9.059, 0.000076
9.06, 0.000076
9.061, 0.000076
9.062, 0.000076
9.063, 0.000076
9.064, 0.000076
9.065, 0.000076
9.066, 0.000076
9.067, 0.000076
9.068, 0.000076
9.069, 0.000076
9.07, 0.000076
9.071, 0.000076
9.072, 0.000076
9.073, 0.000076
9.074, 0.000076
9.075, 0.000076
9.076, 0.000076
9.077, 0.000076
9.078, 0.000076
9.079, 0.000076
9.08, 0.000076
9.081, 0.000076
9.082, 0.000076
9.083, 0.000076
9.084, 0.000076
9.085, 0.000076
9.086, 0.000076
9.087, 0.000076
9.088, 0.000076
9.089, 0.000076
9.09, 0.000076
9.091, 0.000076
9.092, 0.000076
9.093, 0.000076
9.094, 0.000076
9.095, 0.000076
9.096, 0.000076
9.097, 0.000076
9.098, 0.000076
9.099, 0.000076
9.1, 0.000069
9.101, 0.000069
9.102, 0.000069
9.103, 0.000069
9.104, 0.000069
9.105, 0.000069
9.106, 0.000069
9.107, 0.000069
9.108, 0.000069
9.109, 0.000069
9.11, 0.000069
9.111, 0.000069
9.112, 0.000069
9.113, 0.000069
9.114, 0.000069
9.115, 0.000069
9.116, 0.000069
9.117, 0.000069
9.118, 0.000069
9.119, 0.000069
9.12, 0.000069
9.121, 0.000069
9.122, 0.000069
9.123, 0.000069
9.124, 0.000069
9.125, 0.000069
9.126, 0.000069
9.127, 0.000069
9.128, 0.000069
9.129, 0.000069
9.13, 0.000069
9.131, 0.000069
9.132, 0.000069
9.133, 0.000069
9.134, 0.000069
9.135, 0.000069
9.136, 0.000069
9.137, 0.000069
9.138, 0.000069
9.139, 0.000069
9.14, 0.000069
9.141, 0.000069
9.142, 0.000069
9.143, 0.000069
9.144, 0.000069
9.145, 0.000069
9.146, 0.000069
9.147, 0.000069
9.148, 0.000069
9.149, 0.000069
9.15, 0.000069
9.151, 0.000069
9.152, 0.000069
9.153, 0.000069
9.154, 0.000069
9.155, 0.000069
9.156, 0.000069
9.157, 0.000069
9.158, 0.000069
9.159, 0.000069
9.16, 0.000069
9.161, 0.000069
9.162, 0.000069
9.163, 0.000069
9.164, 0.000069
9.165, 0.000069
9.166, 0.000069
9.167, 0.000069
9.168, 0.000069
9.169, 0.000069
9.17, 0.000069
9.171, 0.000069
9.172, 0.000069
9.173, 0.000069
9.174, 0.000069
9.175, 0.000069
9.176, 0.000069
9.177, 0.000069
9.178, 0.000069
9.179, 0.000069
9.18, 0.000069
9.181, 0.000069
9.182, 0.000069
9.183, 0.000069
9.184, 0.000069
9.185, 0.000069
9.186, 0.000069
9.187, 0.000069
9.188, 0.000069
9.189, 0.000069
9.19, 0.000069
9.191, 0.000069
9.192, 0.000069
9.193, 0.000069
9.194, 0.000069
9.195, 0.000069
9.196, 0.000069
9.197, 0.000069
9.198, 0.000069
9.199, 0.000069
9.2, 0.000062
9.201, 0.000062
9.202, 0.000062
9.203, 0.000062
9.204, 0.000062
9.205, 0.000062
9.206, 0.000062
9.207, 0.000062
9.208, 0.000062
9.209, 0.000062
9.21, 0.000062
9.211, 0.000062
9.212, 0.000062
9.213, 0.000062
9.214, 0.000062
9.215, 0.000062
9.216, 0.000062
9.217, 0.000062
9.218, 0.000062
9.219, 0.000062
9.22, 0.000062
9.221, 0.000062
9.222, 0.000062
9.223, 0.000062
9.224, 0.000062
9.225, 0.000062
9.226, 0.000062
9.227, 0.000062
9.228, 0.000062
9.229, 0.000062
9.23, 0.000062
9.231, 0.000062
9.232, 0.000062
9.233, 0.000062
9.234, 0.000062
9.235, 0.000062
9.236, 0.000062
9.237, 0.000062
9.238, 0.000062
9.239, 0.000062
9.24, 0.000062
9.241, 0.000062
9.242, 0.000062
9.243, 0.000062
9.244, 0.000062
9.245, 0.000062
9.246, 0.000062
9.247, 0.000062
9.248, 0.000062
9.249, 0.000062
9.25, 0.000062
9.251, 0.000062
9.252, 0.000062
9.253, 0.000062
9.254, 0.000062
9.255, 0.000062
9.256, 0.000062
9.257, 0.000062
9.258, 0.000062
9.259, 0.000062
9.26, 0.000062
9.261, 0.000062
9.262, 0.000062
9.263, 0.000062
9.264, 0.000062
9.265, 0.000062
9.266, 0.000062
9.267, 0.000062
9.268, 0.000062
9.269, 0.000062
9.27, 0.000062
9.271, 0.000062
9.272, 0.000062
9.273, 0.000062
9.274, 0.000062
9.275, 0.000062
9.276, 0.000062
9.277, 0.000062
9.278, 0.000062
9.279, 0.000062
9.28, 0.000062
9.281, 0.000062
9.282, 0.000062
9.283, 0.000062
9.284, 0.000062
9.285, 0.000062
9.286, 0.000062
9.287, 0.000062
9.288, 0.000062
9.289, 0.000062
9.29, 0.000062
9.291, 0.000062
9.292, 0.000062
9.293, 0.000062
9.294, 0.000062
9.295, 0.000062
9.296, 0.000062
9.297, 0.000062
9.298, 0.000062
9.299, 0.000062
9.3, 0.000056
9.301, 0.000056
9.302, 0.000056
9.303, 0.000056
9.304, 0.000056
9.305, 0.000056
9.306, 0.000056
9.307, 0.000056
9.308, 0.000056
9.309, 0.000056
9.31, 0.000056
9.311, 0.000056
9.312, 0.000056
9.313, 0.000056
9.314, 0.000056
9.315, 0.000056
9.316, 0.000056
9.317, 0.000056
9.318, 0.000056
9.319, 0.000056
9.32, 0.000056
9.321, 0.000056
9.322, 0.000056
9.323, 0.000056
9.324, 0.000056
9.325, 0.000056
9.326, 0.000056
9.327, 0.000056
9.328, 0.000056
9.329, 0.000056
9.33, 0.000056
9.331, 0.000056
9.332, 0.000056
9.333, 0.000056
9.334, 0.000056
9.335, 0.000056
9.336, 0.000056
9.337, 0.000056
9.338, 0.000056
9.339, 0.000056
9.34, 0.000056
9.341, 0.000056
9.342, 0.000056
9.343, 0.000056
9.344, 0.000056
9.345, 0.000056
9.346, 0.000056
9.347, 0.000056
9.348, 0.000056
9.349, 0.000056
9.35, 0.000056
9.351, 0.000056
9.352, 0.000056
9.353, 0.000056
9.354, 0.000056
9.355, 0.000056
9.356, 0.000056
9.357, 0.000056
9.358, 0.000056
9.359, 0.000056
9.36, 0.000056
9.361, 0.000056
9.362, 0.000056
9.363, 0.000056
9.364, 0.000056
9.365, 0.000056
9.366, 0.000056
9.367, 0.000056
9.368, 0.000056
9.369, 0.000056
9.37, 0.000056
9.371, 0.000056
9.372, 0.000056
9.373, 0.000056
9.374, 0.000056
9.375, 0.000056
9.376, 0.000056
9.377, 0.000056
9.378, 0.000056
9.379, 0.000056
9.38, 0.000056
9.381, 0.000056
9.382, 0.000056
9.383, 0.000056
9.384, 0.000056
9.385, 0.000056
9.386, 0.000056
9.387, 0.000056
9.388, 0.000056
9.389, 0.000056
9.39, 0.000056
9.391, 0.000056
9.392, 0.000056
9.393, 0.000056
9.394, 0.000056
9.395, 0.000056
9.396, 0.000056
9.397, 0.000056
9.398, 0.000056
9.399, 0.000056
9.4, 0.000050
9.401, 0.000050
9.402, 0.000050
9.403, 0.000050
9.404, 0.000050
9.405, 0.000050
9.406, 0.000050
9.407, 0.000050
9.408, 0.000050
9.409, 0.000050
9.41, 0.000050
9.411, 0.000050
9.412, 0.000050
9.413, 0.000050
9.414, 0.000050
9.415, 0.000050
9.416, 0.000050
9.417, 0.000050
9.418, 0.000050
9.419, 0.000050
9.42, 0.000050
9.421, 0.000050
9.422, 0.000050
9.423, 0.000050
9.424, 0.000050
9.425, 0.000050
9.426, 0.000050
9.427, 0.000050
9.428, 0.000050
9.429, 0.000050
9.43, 0.000050
9.431, 0.000050
9.432, 0.000050
9.433, 0.000050
9.434, 0.000050
9.435, 0.000050
9.436, 0.000050
9.437, 0.000050
9.438, 0.000050
9.439, 0.000050
9.44, 0.000050
9.441, 0.000050
9.442, 0.000050
9.443, 0.000050
9.444, 0.000050
9.445, 0.000050
9.446, 0.000050
9.447, 0.000050
9.448, 0.000050
9.449, 0.000050
9.45, 0.000050
9.451, 0.000050
9.452, 0.000050
9.453, 0.000050
9.454, 0.000050
9.455, 0.000050
9.456, 0.000050
9.457, 0.000050
9.458, 0.000050
9.459, 0.000050
9.46, 0.000050
9.461, 0.000050
9.462, 0.000050
9.463, 0.000050
9.464, 0.000050
9.465, 0.000050
9.466, 0.000050
9.467, 0.000050
9.468, 0.000050
9.469, 0.000050
9.47, 0.000050
9.471, 0.000050
9.472, 0.000050
9.473, 0.000050
9.474, 0.000050
9.475, 0.000050
9.476, 0.000050
9.477, 0.000050
9.478, 0.000050
9.479, 0.000050
9.48, 0.000050
9.481, 0.000050
9.482, 0.000050
9.483, 0.000050
9.484, 0.000050
9.485, 0.000050
9.486, 0.000050
9.487, 0.000050
9.488, 0.000050
9.489, 0.000050
9.49, 0.000050
9.491, 0.000050
9.492, 0.000050
9.493, 0.000050
9.494, 0.000050
9.495, 0.000050
9.496, 0.000050
9.497, 0.000050
9.498, 0.000050
9.499, 0.000050
9.5, 0.000045
9.501, 0.000045
9.502, 0.000045
9.503, 0.000045
9.504, 0.000045
9.505, 0.000045
9.506, 0.000045
9.507, 0.000045
9.508, 0.000045
9.509, 0.000045
9.51, 0.000045
9.511, 0.000045
9.512, 0.000045
9.513, 0.000045
9.514, 0.000045
9.515, 0.000045
9.516, 0.000045
9.517, 0.000045
9.518, 0.000045
9.519, 0.000045
9.52, 0.000045
9.521, 0.000045
9.522, 0.000045
9.523, 0.000045
9.524, 0.000045
9.525, 0.000045
9.526, 0.000045
9.527, 0.000045
9.528, 0.000045
9.529, 0.000045
9.53, 0.000045
9.531, 0.000045
9.532, 0.000045
9.533, 0.000045
9.534, 0.000045
9.535, 0.000045
9.536, 0.000045
9.537, 0.000045
9.538, 0.000045
9.539, 0.000045
9.54, 0.000045
9.541, 0.000045
9.542, 0.000045
9.543, 0.000045
9.544, 0.000045
9.545, 0.000045
9.546, 0.000045
9.547, 0.000045
9.548, 0.000045
9.549, 0.000045
9.55, 0.000045
9.551, 0.000045
9.552, 0.000045
9.553, 0.000045
9.554, 0.000045
9.555, 0.000045
9.556, 0.000045
9.557, 0.000045
9.558, 0.000045
9.559, 0.000045
9.56, 0.000045
9.561, 0.000045
9.562, 0.000045
9.563, 0.000045
9.564, 0.000045
9.565, 0.000045
9.566, 0.000045
9.567, 0.000045
9.568, 0.000045
9.569, 0.000045
9.57, 0.000045
9.571, 0.000045
9.572, 0.000045
9.573, 0.000045
9.574, 0.000045
9.575, 0.000045
9.576, 0.000045
9.577, 0.000045
9.578, 0.000045
9.579, 0.000045
9.58, 0.000045
9.581, 0.000045
9.582, 0.000045
9.583, 0.000045
9.584, 0.000045
9.585, 0.000045
9.586, 0.000045
9.587, 0.000045
9.588, 0.000045
9.589, 0.000045
9.59, 0.000045
9.591, 0.000045
9.592, 0.000045
9.593, 0.000045
9.594, 0.000045
9.595, 0.000045
9.596, 0.000045
9.597, 0.000045
9.598, 0.000045
9.599, 0.000045
9.6, 0.000040
9.601, 0.000040
9.602, 0.000040
9.603, 0.000040
9.604, 0.000040
9.605, 0.000040
9.606, 0.000040
9.607, 0.000040
9.608, 0.000040
9.609, 0.000040
9.61, 0.000040
9.611, 0.000040
9.612, 0.000040
9.613, 0.000040
9.614, 0.000040
9.615, 0.000040
9.616, 0.000040
9.617, 0.000040
9.618, 0.000040
9.619, 0.000040
9.62, 0.000040
9.621, 0.000040
9.622, 0.000040
9.623, 0.000040
9.624, 0.000040
9.625, 0.000040
9.626, 0.000040
9.627, 0.000040
9.628, 0.000040
9.629, 0.000040
9.63, 0.000040
9.631, 0.000040
9.632, 0.000040
9.633, 0.000040
9.634, 0.000040
9.635, 0.000040
9.636, 0.000040
9.637, 0.000040
9.638, 0.000040
9.639, 0.000040
9.64, 0.000040
9.641, 0.000040
9.642, 0.000040
9.643, 0.000040
9.644, 0.000040
9.645, 0.000040
9.646, 0.000040
9.647, 0.000040
9.648, 0.000040
9.649, 0.000040
9.65, 0.000040
9.651, 0.000040
9.652, 0.000040
9.653, 0.000040
9.654, 0.000040
9.655, 0.000040
9.656, 0.000040
9.657, 0.000040
9.658, 0.000040
9.659, 0.000040
9.66, 0.000040
9.661, 0.000040
9.662, 0.000040
9.663, 0.000040
9.664, 0.000040
9.665, 0.000040
9.666, 0.000040
9.667, 0.000040
9.668, 0.000040
9.669, 0.000040
9.67, 0.000040
9.671, 0.000040
9.672, 0.000040
9.673, 0.000040
9.674, 0.000040
9.675, 0.000040
9.676, 0.000040
9.677, 0.000040
9.678, 0.000040
9.679, 0.000040
9.68, 0.000040
9.681, 0.000040
9.682, 0.000040
9.683, 0.000040
9.684, 0.000040
9.685, 0.000040
9.686, 0.000040
9.687, 0.000040
9.688, 0.000040
9.689, 0.000040
9.69, 0.000040
9.691, 0.000040
9.692, 0.000040
9.693, 0.000040
9.694, 0.000040
9.695, 0.000040
9.696, 0.000040
9.697, 0.000040
9.698, 0.000040
9.699, 0.000040
9.7, 0.000036
9.701, 0.000036
9.702, 0.000036
9.703, 0.000036
9.704, 0.000036
9.705, 0.000036
9.706, 0.000036
9.707, 0.000036
9.708, 0.000036
9.709, 0.000036
9.71, 0.000036
9.711, 0.000036
9.712, 0.000036
9.713, 0.000036
9.714, 0.000036
9.715, 0.000036
9.716, 0.000036
9.717, 0.000036
9.718, 0.000036
9.719, 0.000036
9.72, 0.000036
9.721, 0.000036
9.722, 0.000036
9.723, 0.000036
9.724, 0.000036
9.725, 0.000036
9.726, 0.000036
9.727, 0.000036
9.728, 0.000036
9.729, 0.000036
9.73, 0.000036
9.731, 0.000036
9.732, 0.000036
9.733, 0.000036
9.734, 0.000036
9.735, 0.000036
9.736, 0.000036
9.737, 0.000036
9.738, 0.000036
9.739, 0.000036
9.74, 0.000036
9.741, 0.000036
9.742, 0.000036
9.743, 0.000036
9.744, 0.000036
9.745, 0.000036
9.746, 0.000036
9.747, 0.000036
9.748, 0.000036
9.749, 0.000036
9.75, 0.000036
9.751, 0.000036
9.752, 0.000036
9.753, 0.000036
9.754, 0.000036
9.755, 0.000036
9.756, 0.000036
9.757, 0.000036
9.758, 0.000036
9.759, 0.000036
9.76, 0.000036
9.761, 0.000036
9.762, 0.000036
9.763, 0.000036
9.764, 0.000036
9.765, 0.000036
9.766, 0.000036
9.767, 0.000036
9.768, 0.000036
9.769, 0.000036
9.77, 0.000036
9.771, 0.000036
9.772, 0.000036
9.773, 0.000036
9.774, 0.000036
9.775, 0.000036
9.776, 0.000036
9.777, 0.000036
9.778, 0.000036
9.779, 0.000036
9.78, 0.000036
9.781, 0.000036
9.782, 0.000036
9.783, 0.000036
9.784, 0.000036
9.785, 0.000036
9.786, 0.000036
9.787, 0.000036
9.788, 0.000036
9.789, 0.000036
9.79, 0.000036
9.791, 0.000036
9.792, 0.000036
9.793, 0.000036
9.794, 0.000036
9.795, 0.000036
9.796, 0.000036
9.797, 0.000036
9.798, 0.000036
9.799, 0.000036
9.8, 0.000033
9.801, 0.000033
9.802, 0.000033
9.803, 0.000033
9.804, 0.000033
9.805, 0.000033
9.806, 0.000033
9.807, 0.000033
9.808, 0.000033
9.809, 0.000033
9.81, 0.000033
9.811, 0.000033
9.812, 0.000033
9.813, 0.000033
9.814, 0.000033
9.815, 0.000033
9.816, 0.000033
9.817, 0.000033
9.818, 0.000033
9.819, 0.000033
9.82, 0.000033
9.821, 0.000033
9.822, 0.000033
9.823, 0.000033
9.824, 0.000033
9.825, 0.000033
9.826, 0.000033
9.827, 0.000033
9.828, 0.000033
9.829, 0.000033
9.83, 0.000033
9.831, 0.000033
9.832, 0.000033
9.833, 0.000033
9.834, 0.000033
9.835, 0.000033
9.836, 0.000033
9.837, 0.000033
9.838, 0.000033
9.839, 0.000033
9.84, 0.000033
9.841, 0.000033
9.842, 0.000033
9.843, 0.000033
9.844, 0.000033
9.845, 0.000033
9.846, 0.000033
9.847, 0.000033
9.848, 0.000033
9.849, 0.000033
9.85, 0.000033
9.851, 0.000033
9.852, 0.000033
9.853, 0.000033
9.854, 0.000033
9.855, 0.000033
9.856, 0.000033
9.857, 0.000033
9.858, 0.000033
9.859, 0.000033
9.86, 0.000033
9.861, 0.000033
9.862, 0.000033
9.863, 0.000033
9.864, 0.000033
9.865, 0.000033
9.866, 0.000033
9.867, 0.000033
9.868, 0.000033
9.869, 0.000033
9.87, 0.000033
9.871, 0.000033
9.872, 0.000033
9.873, 0.000033
9.874, 0.000033
9.875, 0.000033
9.876, 0.000033
9.877, 0.000033
9.878, 0.000033
9.879, 0.000033
9.88, 0.000033
9.881, 0.000033
9.882, 0.000033
9.883, 0.000033
9.884, 0.000033
9.885, 0.000033
9.886, 0.000033
9.887, 0.000033
9.888, 0.000033
9.889, 0.000033
9.89, 0.000033
9.891, 0.000033
9.892, 0.000033
9.893, 0.000033
9.894, 0.000033
9.895, 0.000033
9.896, 0.000033
9.897, 0.000033
9.898, 0.000033
9.899, 0.000033
9.9, 0.000030
9.901, 0.000030
9.902, 0.000030
9.903, 0.000030
9.904, 0.000030
9.905, 0.000030
9.906, 0.000030
9.907, 0.000030
9.908, 0.000030
9.909, 0.000030
9.91, 0.000030
9.911, 0.000030
9.912, 0.000030
9.913, 0.000030
9.914, 0.000030
9.915, 0.000030
9.916, 0.000030
9.917, 0.000030
9.918, 0.000030
9.919, 0.000030
9.92, 0.000030
9.921, 0.000030
9.922, 0.000030
9.923, 0.000030
9.924, 0.000030
9.925, 0.000030
9.926, 0.000030
9.927, 0.000030
9.928, 0.000030
9.929, 0.000030
9.93, 0.000030
9.931, 0.000030
9.932, 0.000030
9.933, 0.000030
9.934, 0.000030
9.935, 0.000030
9.936, 0.000030
9.937, 0.000030
9.938, 0.000030
9.939, 0.000030
9.94, 0.000030
9.941, 0.000030
9.942, 0.000030
9.943, 0.000030
9.944, 0.000030
9.945, 0.000030
9.946, 0.000030
9.947, 0.000030
9.948, 0.000030
9.949, 0.000030
9.95, 0.000030
9.951, 0.000030
9.952, 0.000030
9.953, 0.000030
9.954, 0.000030
9.955, 0.000030
9.956, 0.000030
9.957, 0.000030
9.958, 0.000030
9.959, 0.000030
9.96, 0.000030
9.961, 0.000030
9.962, 0.000030
9.963, 0.000030
9.964, 0.000030
9.965, 0.000030
9.966, 0.000030
9.967, 0.000030
9.968, 0.000030
9.969, 0.000030
9.97, 0.000030
9.971, 0.000030
9.972, 0.000030
9.973, 0.000030
9.974, 0.000030
9.975, 0.000030
9.976, 0.000030
9.977, 0.000030
9.978, 0.000030
9.979, 0.000030
9.98, 0.000030
9.981, 0.000030
9.982, 0.000030
9.983, 0.000030
9.984, 0.000030
9.985, 0.000030
9.986, 0.000030
9.987, 0.000030
9.988, 0.000030
9.989, 0.000030
9.99, 0.000030
9.991, 0.000030
9.992, 0.000030
9.993, 0.000030
9.994, 0.000030
9.995, 0.000030
9.996, 0.000030
9.997, 0.000030
9.998, 0.000030
9.999, 0.000030
10, 0.000027
