"time","model.root.$wallTime","model.root.fmu.$wallTime","BouncingBall.fmu.time","BouncingBall.fmu.h","BouncingBall.fmu.der(h)","BouncingBall.fmu.v","BouncingBall.fmu.der(v)","BouncingBall.fmu.v_min","BouncingBall.fmu.g","BouncingBall.fmu.e"
0, 2.0869e-05, 2.11e-06, 0, 1, 0, 0, -9.81, 0.1, -9.81, 0.7
0.001, 2.5609e-05, 3.859e-06, 0.001, 1, -0.00981, -0.00981, -9.81, 0.1, -9.81, 0.7
0.002, 3.2929e-05, 4.439e-06, 0.002, 0.99999019, -0.01962, -0.01962, -9.81, 0.1, -9.81, 0.7
0.003, 3.8319e-05, 4.949e-06, 0.003, 0.99997057, -0.02943, -0.02943, -9.81, 0.1, -9.81, 0.7
0.004, 4.3129e-05, 5.419e-06, 0.004, 0.99994114, -0.03924, -0.03924, -9.81, 0.1, -9.81, 0.7
0.005, 4.7909e-05, 5.919e-06, 0.005, 0.9999019, -0.04905, -0.04905, -9.81, 0.1, -9.81, 0.7
0.006, 5.2559e-05, 6.43e-06, 0.006, 0.99985285, -0.05886, -0.05886, -9.81, 0.1, -9.81, 0.7
0.007, 5.7369e-05, 6.93e-06, 0.007, 0.99979399, -0.06867, -0.06867, -9.81, 0.1, -9.81, 0.7
0.008, 6.2039e-05, 7.43e-06, 0.008, 0.99972532, -0.07848, -0.07848, -9.81, 0.1, -9.81, 0.7
0.009, 6.6708e-05, 7.922e-06, 0.009, 0.99964684, -0.08829, -0.08829, -9.81, 0.1, -9.81, 0.7
0.01, 7.1658e-05, 8.42e-06, 0.01, 0.99955855, -0.0981, -0.0981, -9.81, 0.1, -9.81, 0.7
0.011, 7.6418e-05, 8.908e-06, 0.011, 0.99946045, -0.10791, -0.10791, -9.81, 0.1, -9.81, 0.7
0.012, 8.1258e-05, 9.409e-06, 0.012, 0.99935254, -0.11772, -0.11772, -9.81, 0.1, -9.81, 0.7
0.013, 8.6058e-05, 9.919e-06, 0.013, 0.99923482, -0.12753, -0.12753, -9.81, 0.1, -9.81, 0.7
0.014, 9.0738e-05, 1.042e-05, 0.014, 0.99910729, -0.13734, -0.13734, -9.81, 0.1, -9.81, 0.7
0.015, 9.5438e-05, 1.093e-05, 0.015, 0.99896995, -0.14715, -0.14715, -9.81, 0.1, -9.81, 0.7
0.016, 0.000100209, 1.145e-05, 0.016, 0.9988228, -0.15696, -0.15696, -9.81, 0.1, -9.81, 0.7
0.017, 0.000105009, 1.196e-05, 0.017, 0.99866584, -0.16677, -0.16677, -9.81, 0.1, -9.81, 0.7
0.018, 0.000109879, 1.248e-05, 0.018, 0.99849907, -0.17658, -0.17658, -9.81, 0.1, -9.81, 0.7
0.019, 0.000114469, 1.298e-05, 0.019, 0.99832249, -0.18639, -0.18639, -9.81, 0.1, -9.81, 0.7
0.02, 0.000119179, 1.349e-05, 0.02, 0.9981361, -0.1962, -0.1962, -9.81, 0.1, -9.81, 0.7
0.021, 0.000123879, 1.4e-05, 0.021, 0.9979399, -0.20601, -0.20601, -9.81, 0.1, -9.81, 0.7
0.022, 0.000128669, 1.4511e-05, 0.022, 0.99773389, -0.21582, -0.21582, -9.81, 0.1, -9.81, 0.7
0.023, 0.000133338, 1.5022e-05, 0.023, 0.99751807, -0.22563, -0.22563, -9.81, 0.1, -9.81, 0.7
0.024, 0.000138079, 1.5512e-05, 0.024, 0.99729244, -0.23544, -0.23544, -9.81, 0.1, -9.81, 0.7
0.025, 0.000142708, 1.6033e-05, 0.025, 0.997057, -0.24525, -0.24525, -9.81, 0.1, -9.81, 0.7
0.026, 0.000147419, 1.6543e-05, 0.026, 0.99681175, -0.25506, -0.25506, -9.81, 0.1, -9.81, 0.7
0.027, 0.000152139, 1.7043e-05, 0.027, 0.99655669, -0.26487, -0.26487, -9.81, 0.1, -9.81, 0.7
0.028, 0.000156798, 1.7532e-05, 0.028, 0.99629182, -0.27468, -0.27468, -9.81, 0.1, -9.81, 0.7
0.029, 0.000161507, 1.8042e-05, 0.029, 0.99601714, -0.28449, -0.28449, -9.81, 0.1, -9.81, 0.7
0.03, 0.000166207, 1.8551e-05, 0.03, 0.99573265, -0.2943, -0.2943, -9.81, 0.1, -9.81, 0.7
0.031, 0.000171037, 1.906e-05, 0.031, 0.99543835, -0.30411, -0.30411, -9.81, 0.1, -9.81, 0.7
0.032, 0.000175658, 1.957e-05, 0.032, 0.99513424, -0.31392, -0.31392, -9.81, 0.1, -9.81, 0.7
0.033, 0.000180388, 2.007e-05, 0.033, 0.99482032, -0.32373, -0.32373, -9.81, 0.1, -9.81, 0.7
0.034, 0.000185058, 2.058e-05, 0.034, 0.99449659, -0.33354, -0.33354, -9.81, 0.1, -9.81, 0.7
0.035, 0.000192368, 2.176e-05, 0.035, 0.99416305, -0.34335, -0.34335, -9.81, 0.1, -9.81, 0.7
0.036, 0.000198518, 2.244e-05, 0.036, 0.9938197, -0.35316, -0.35316, -9.81, 0.1, -9.81, 0.7
0.037, 0.000204928, 2.3121e-05, 0.037, 0.99346654, -0.36297, -0.36297, -9.81, 0.1, -9.81, 0.7
0.038, 0.000211208, 2.3792e-05, 0.038, 0.99310357, -0.37278, -0.37278, -9.81, 0.1, -9.81, 0.7
0.039, 0.000217828, 2.4492e-05, 0.039, 0.99273079, -0.38259, -0.38259, -9.81, 0.1, -9.81, 0.7
0.04, 0.000224068, 2.5163e-05, 0.04, 0.9923482, -0.3924, -0.3924, -9.81, 0.1, -9.81, 0.7
0.041, 0.000230567, 2.5861e-05, 0.041, 0.9919558, -0.40221, -0.40221, -9.81, 0.1, -9.81, 0.7
0.042, 0.000237247, 2.6542e-05, 0.042, 0.99155359, -0.41202, -0.41202, -9.81, 0.1, -9.81, 0.7
0.043, 0.000248748, 2.7252e-05, 0.043, 0.99114157, -0.42183, -0.42183, -9.81, 0.1, -9.81, 0.7
0.044, 0.000255238, 2.7933e-05, 0.044, 0.99071974, -0.43164, -0.43164, -9.81, 0.1, -9.81, 0.7
0.045, 0.000261798, 2.8623e-05, 0.045, 0.9902881, -0.44145, -0.44145, -9.81, 0.1, -9.81, 0.7
0.046, 0.000268318, 2.9353e-05, 0.046, 0.98984665, -0.45126, -0.45126, -9.81, 0.1, -9.81, 0.7
0.047, 0.000274608, 3.0033e-05, 0.047, 0.98939539, -0.46107, -0.46107, -9.81, 0.1, -9.81, 0.7
0.048, 0.000280809, 3.0731e-05, 0.048, 0.98893432, -0.47088, -0.47088, -9.81, 0.1, -9.81, 0.7
0.049, 0.000287498, 3.1389e-05, 0.049, 0.98846344, -0.48069, -0.48069, -9.81, 0.1, -9.81, 0.7
0.05, 0.000292237, 3.1888e-05, 0.05, 0.98798275, -0.4905, -0.4905, -9.81, 0.1, -9.81, 0.7
0.051, 0.000297007, 3.2388e-05, 0.051, 0.98749225, -0.50031, -0.50031, -9.81, 0.1, -9.81, 0.7
0.052, 0.000301597, 3.2889e-05, 0.052, 0.98699194, -0.51012, -0.51012, -9.81, 0.1, -9.81, 0.7
0.053, 0.000306227, 3.3399e-05, 0.053, 0.98648182, -0.51993, -0.51993, -9.81, 0.1, -9.81, 0.7
0.054, 0.000310978, 3.3899e-05, 0.054, 0.98596189, -0.52974, -0.52974, -9.81, 0.1, -9.81, 0.7
0.055, 0.000315658, 3.4438e-05, 0.055, 0.98543215, -0.53955, -0.53955, -9.81, 0.1, -9.81, 0.7
0.056, 0.000320388, 3.4929e-05, 0.056, 0.9848926, -0.54936, -0.54936, -9.81, 0.1, -9.81, 0.7
0.057, 0.000325017, 3.5439e-05, 0.057, 0.98434324, -0.55917, -0.55917, -9.81, 0.1, -9.81, 0.7
0.058, 0.000329697, 3.5939e-05, 0.058, 0.98378407, -0.56898, -0.56898, -9.81, 0.1, -9.81, 0.7
0.059, 0.000334287, 3.6449e-05, 0.059, 0.98321509, -0.57879, -0.57879, -9.81, 0.1, -9.81, 0.7
0.06, 0.000339017, 3.6939e-05, 0.06, 0.9826363, -0.5886, -0.5886, -9.81, 0.1, -9.81, 0.7
0.061, 0.000343727, 3.7439e-05, 0.061, 0.9820477, -0.59841, -0.59841, -9.81, 0.1, -9.81, 0.7
0.062, 0.000348347, 3.7959e-05, 0.062, 0.98144929, -0.60822, -0.60822, -9.81, 0.1, -9.81, 0.7
0.063, 0.000352987, 3.8479e-05, 0.063, 0.98084107, -0.61803, -0.61803, -9.81, 0.1, -9.81, 0.7
0.064, 0.000357527, 3.8978e-05, 0.064, 0.98022304, -0.62784, -0.62784, -9.81, 0.1, -9.81, 0.7
0.065, 0.000362118, 3.9488e-05, 0.065, 0.9795952, -0.63765, -0.63765, -9.81, 0.1, -9.81, 0.7
0.066, 0.000366828, 3.9978e-05, 0.066, 0.97895755, -0.64746, -0.64746, -9.81, 0.1, -9.81, 0.7
0.067, 0.000371408, 4.0479e-05, 0.067, 0.97831009, -0.65727, -0.65727, -9.81, 0.1, -9.81, 0.7
0.068, 0.000376008, 4.099e-05, 0.068, 0.97765282, -0.66708, -0.66708, -9.81, 0.1, -9.81, 0.7
0.069, 0.000380608, 4.1501e-05, 0.069, 0.97698574, -0.67689, -0.67689, -9.81, 0.1, -9.81, 0.7
0.07, 0.000385258, 4.1991e-05, 0.07, 0.97630885, -0.6867, -0.6867, -9.81, 0.1, -9.81, 0.7
0.071, 0.000389918, 4.247e-05, 0.071, 0.97562215, -0.69651, -0.69651, -9.81, 0.1, -9.81, 0.7
0.072, 0.000394419, 4.2969e-05, 0.072, 0.97492564, -0.70632, -0.70632, -9.81, 0.1, -9.81, 0.7
0.073, 0.000398969, 4.348e-05, 0.073, 0.97421932, -0.71613, -0.71613, -9.81, 0.1, -9.81, 0.7
0.074, 0.0004036, 4.398e-05, 0.074, 0.97350319, -0.72594, -0.72594, -9.81, 0.1, -9.81, 0.7
0.075, 0.00040823, 4.449e-05, 0.075, 0.97277725, -0.73575, -0.73575, -9.81, 0.1, -9.81, 0.7
0.076, 0.00041291, 4.5e-05, 0.076, 0.9720415, -0.74556, -0.74556, -9.81, 0.1, -9.81, 0.7
0.077, 0.00041765, 4.552e-05, 0.077, 0.97129594, -0.75537, -0.75537, -9.81, 0.1, -9.81, 0.7
0.078, 0.00042227, 4.601e-05, 0.078, 0.97054057, -0.76518, -0.76518, -9.81, 0.1, -9.81, 0.7
0.079, 0.00042699, 4.652e-05, 0.079, 0.96977539, -0.77499, -0.77499, -9.81, 0.1, -9.81, 0.7
0.08, 0.00043156, 4.701e-05, 0.08, 0.9690004, -0.7848, -0.7848, -9.81, 0.1, -9.81, 0.7
0.081, 0.00043626, 4.7501e-05, 0.081, 0.9682156, -0.79461, -0.79461, -9.81, 0.1, -9.81, 0.7
0.082, 0.00047779, 4.8019e-05, 0.082, 0.96742099, -0.80442, -0.80442, -9.81, 0.1, -9.81, 0.7
0.083, 0.00048271, 4.8539e-05, 0.083, 0.96661657, -0.81423, -0.81423, -9.81, 0.1, -9.81, 0.7
0.084, 0.00048747, 4.9059e-05, 0.084, 0.96580234, -0.82404, -0.82404, -9.81, 0.1, -9.81, 0.7
0.085, 0.00049214, 4.9549e-05, 0.085, 0.9649783, -0.83385, -0.83385, -9.81, 0.1, -9.81, 0.7
0.086, 0.00049684, 5.0059e-05, 0.086, 0.96414445, -0.84366, -0.84366, -9.81, 0.1, -9.81, 0.7
0.087, 0.00050464, 5.0559e-05, 0.087, 0.96330079, -0.85347, -0.85347, -9.81, 0.1, -9.81, 0.7
0.088, 0.000509411, 5.1069e-05, 0.088, 0.96244732, -0.86328, -0.86328, -9.81, 0.1, -9.81, 0.7
0.089, 0.000514121, 5.1569e-05, 0.089, 0.96158404, -0.87309, -0.87309, -9.81, 0.1, -9.81, 0.7
0.09, 0.000518721, 5.2047e-05, 0.09, 0.96071095, -0.8829, -0.8829, -9.81, 0.1, -9.81, 0.7
0.091, 0.000523461, 5.2548e-05, 0.091, 0.95982805, -0.89271, -0.89271, -9.81, 0.1, -9.81, 0.7
0.092, 0.000528151, 5.3068e-05, 0.092, 0.95893534, -0.90252, -0.90252, -9.81, 0.1, -9.81, 0.7
0.093, 0.000532711, 5.3547e-05, 0.093, 0.95803282, -0.91233, -0.91233, -9.81, 0.1, -9.81, 0.7
0.094, 0.000537271, 5.4056e-05, 0.094, 0.95712049, -0.92214, -0.92214, -9.81, 0.1, -9.81, 0.7
0.095, 0.000542032, 5.4555e-05, 0.095, 0.95619835, -0.93195, -0.93195, -9.81, 0.1, -9.81, 0.7
0.096, 0.000546512, 5.5066e-05, 0.096, 0.9552664, -0.94176, -0.94176, -9.81, 0.1, -9.81, 0.7
0.097, 0.000551132, 5.5565e-05, 0.097, 0.95432464, -0.95157, -0.95157, -9.81, 0.1, -9.81, 0.7
0.098, 0.000555652, 5.6084e-05, 0.098, 0.95337307, -0.96138, -0.96138, -9.81, 0.1, -9.81, 0.7
0.099, 0.000560212, 5.6584e-05, 0.099, 0.95241169, -0.97119, -0.97119, -9.81, 0.1, -9.81, 0.7
0.1, 0.000564822, 5.7084e-05, 0.1, 0.9514405, -0.981, -0.981, -9.81, 0.1, -9.81, 0.7
0.101, 0.000569502, 5.7584e-05, 0.101, 0.9504595, -0.99081, -0.99081, -9.81, 0.1, -9.81, 0.7
0.102, 0.000574192, 5.8104e-05, 0.102, 0.94946869, -1.00062, -1.00062, -9.81, 0.1, -9.81, 0.7
0.103, 0.000578832, 5.8604e-05, 0.103, 0.94846807, -1.01043, -1.01043, -9.81, 0.1, -9.81, 0.7
0.104, 0.000585272, 5.9163e-05, 0.104, 0.94745764, -1.02024, -1.02024, -9.81, 0.1, -9.81, 0.7
0.105, 0.000591851, 5.9763e-05, 0.105, 0.9464374, -1.03005, -1.03005, -9.81, 0.1, -9.81, 0.7
0.106, 0.000596581, 6.0284e-05, 0.106, 0.94540735, -1.03986, -1.03986, -9.81, 0.1, -9.81, 0.7
0.107, 0.000601242, 6.0784e-05, 0.107, 0.94436749, -1.04967, -1.04967, -9.81, 0.1, -9.81, 0.7
0.108, 0.000605752, 6.1283e-05, 0.108, 0.94331782, -1.05948, -1.05948, -9.81, 0.1, -9.81, 0.7
0.109, 0.000610371, 6.1795e-05, 0.109, 0.94225834, -1.06929, -1.06929, -9.81, 0.1, -9.81, 0.7
0.11, 0.000615081, 6.2293e-05, 0.11, 0.94118905, -1.0791, -1.0791, -9.81, 0.1, -9.81, 0.7
0.111, 0.0006197, 6.2784e-05, 0.111, 0.94010995, -1.08891, -1.08891, -9.81, 0.1, -9.81, 0.7
0.112, 0.00062444, 6.3284e-05, 0.112, 0.93902104, -1.09872, -1.09872, -9.81, 0.1, -9.81, 0.7
0.113, 0.00062908, 6.3776e-05, 0.113, 0.93792232, -1.10853, -1.10853, -9.81, 0.1, -9.81, 0.7
0.114, 0.00063374, 6.4256e-05, 0.114, 0.93681379, -1.11834, -1.11834, -9.81, 0.1, -9.81, 0.7
0.115, 0.00063837, 6.4736e-05, 0.115, 0.93569545, -1.12815, -1.12815, -9.81, 0.1, -9.81, 0.7
0.116, 0.000643, 6.5236e-05, 0.116, 0.9345673, -1.13796, -1.13796, -9.81, 0.1, -9.81, 0.7
0.117, 0.00064771, 6.5746e-05, 0.117, 0.93342934, -1.14777, -1.14777, -9.81, 0.1, -9.81, 0.7
0.118, 0.00065247, 6.6256e-05, 0.118, 0.93228157, -1.15758, -1.15758, -9.81, 0.1, -9.81, 0.7
0.119, 0.00065709, 6.6786e-05, 0.119, 0.93112399, -1.16739, -1.16739, -9.81, 0.1, -9.81, 0.7
0.12, 0.00066168, 6.7297e-05, 0.12, 0.9299566, -1.1772, -1.1772, -9.81, 0.1, -9.81, 0.7
0.121, 0.00066632, 6.7797e-05, 0.121, 0.9287794, -1.18701, -1.18701, -9.81, 0.1, -9.81, 0.7
0.122, 0.00067103, 6.8307e-05, 0.122, 0.92759239, -1.19682, -1.19682, -9.81, 0.1, -9.81, 0.7
0.123, 0.000675759, 6.8825e-05, 0.123, 0.92639557, -1.20663, -1.20663, -9.81, 0.1, -9.81, 0.7
0.124, 0.000680338, 6.9325e-05, 0.124, 0.92518894, -1.21644, -1.21644, -9.81, 0.1, -9.81, 0.7
0.125, 0.000684947, 6.9825e-05, 0.125, 0.9239725, -1.22625, -1.22625, -9.81, 0.1, -9.81, 0.7
0.126, 0.000689646, 7.0326e-05, 0.126, 0.92274625, -1.23606, -1.23606, -9.81, 0.1, -9.81, 0.7
0.127, 0.000694326, 7.0836e-05, 0.127, 0.92151019, -1.24587, -1.24587, -9.81, 0.1, -9.81, 0.7
0.128, 0.000698946, 7.1347e-05, 0.128, 0.92026432, -1.25568, -1.25568, -9.81, 0.1, -9.81, 0.7
0.129, 0.000703447, 7.1837e-05, 0.129, 0.91900864, -1.26549, -1.26549, -9.81, 0.1, -9.81, 0.7
0.13, 0.000708227, 7.2337e-05, 0.13, 0.91774315, -1.2753, -1.2753, -9.81, 0.1, -9.81, 0.7
0.131, 0.000715317, 7.2847e-05, 0.131, 0.91646785, -1.28511, -1.28511, -9.81, 0.1, -9.81, 0.7
0.132, 0.000720017, 7.3347e-05, 0.132, 0.91518274, -1.29492, -1.29492, -9.81, 0.1, -9.81, 0.7
0.133, 0.000724607, 7.3847e-05, 0.133, 0.91388782, -1.30473, -1.30473, -9.81, 0.1, -9.81, 0.7
0.134, 0.000729147, 7.4337e-05, 0.134, 0.91258309, -1.31454, -1.31454, -9.81, 0.1, -9.81, 0.7
0.135, 0.000733727, 7.4837e-05, 0.135, 0.91126855, -1.32435, -1.32435, -9.81, 0.1, -9.81, 0.7
0.136, 0.000738318, 7.5347e-05, 0.136, 0.9099442, -1.33416, -1.33416, -9.81, 0.1, -9.81, 0.7
0.137, 0.000743068, 7.5857e-05, 0.137, 0.90861004, -1.34397, -1.34397, -9.81, 0.1, -9.81, 0.7
0.138, 0.000747579, 7.6347e-05, 0.138, 0.90726607, -1.35378, -1.35378, -9.81, 0.1, -9.81, 0.7
0.139, 0.000752279, 7.6846e-05, 0.139, 0.90591229, -1.36359, -1.36359, -9.81, 0.1, -9.81, 0.7
0.14, 0.000756818, 7.7356e-05, 0.14, 0.9045487, -1.3734, -1.3734, -9.81, 0.1, -9.81, 0.7
0.141, 0.000761507, 7.7865e-05, 0.141, 0.9031753, -1.38321, -1.38321, -9.81, 0.1, -9.81, 0.7
0.142, 0.000766076, 7.8365e-05, 0.142, 0.90179209, -1.39302, -1.39302, -9.81, 0.1, -9.81, 0.7
0.143, 0.000770606, 7.8874e-05, 0.143, 0.90039907, -1.40283, -1.40283, -9.81, 0.1, -9.81, 0.7
0.144, 0.000775176, 7.9383e-05, 0.144, 0.89899624, -1.41264, -1.41264, -9.81, 0.1, -9.81, 0.7
0.145, 0.000779636, 7.9882e-05, 0.145, 0.8975836, -1.42245, -1.42245, -9.81, 0.1, -9.81, 0.7
0.146, 0.000784217, 8.0382e-05, 0.146, 0.89616115, -1.43226, -1.43226, -9.81, 0.1, -9.81, 0.7
0.147, 0.000788777, 8.0882e-05, 0.147, 0.89472889, -1.44207, -1.44207, -9.81, 0.1, -9.81, 0.7
0.148, 0.000793277, 8.1382e-05, 0.148, 0.89328682, -1.45188, -1.45188, -9.81, 0.1, -9.81, 0.7
0.149, 0.000797857, 8.1892e-05, 0.149, 0.89183494, -1.46169, -1.46169, -9.81, 0.1, -9.81, 0.7
0.15, 0.000802337, 8.2392e-05, 0.15, 0.89037325, -1.4715, -1.4715, -9.81, 0.1, -9.81, 0.7
0.151, 0.000806947, 8.2912e-05, 0.151, 0.88890175, -1.48131, -1.48131, -9.81, 0.1, -9.81, 0.7
0.152, 0.000811497, 8.3412e-05, 0.152, 0.88742044, -1.49112, -1.49112, -9.81, 0.1, -9.81, 0.7
0.153, 0.000816037, 8.3911e-05, 0.153, 0.88592932, -1.50093, -1.50093, -9.81, 0.1, -9.81, 0.7
0.154, 0.000820657, 8.4422e-05, 0.154, 0.88442839, -1.51074, -1.51074, -9.81, 0.1, -9.81, 0.7
0.155, 0.000825247, 8.4932e-05, 0.155, 0.88291765, -1.52055, -1.52055, -9.81, 0.1, -9.81, 0.7
0.156, 0.000829786, 8.5441e-05, 0.156, 0.8813971, -1.53036, -1.53036, -9.81, 0.1, -9.81, 0.7
0.157, 0.000834316, 8.5941e-05, 0.157, 0.87986674, -1.54017, -1.54017, -9.81, 0.1, -9.81, 0.7
0.158, 0.000838816, 8.6472e-05, 0.158, 0.87832657, -1.54998, -1.54998, -9.81, 0.1, -9.81, 0.7
0.159, 0.000843406, 8.6971e-05, 0.159, 0.87677659, -1.55979, -1.55979, -9.81, 0.1, -9.81, 0.7
0.16, 0.000847907, 8.7471e-05, 0.16, 0.8752168, -1.5696, -1.5696, -9.81, 0.1, -9.81, 0.7
0.161, 0.000852458, 8.799e-05, 0.161, 0.8736472, -1.57941, -1.57941, -9.81, 0.1, -9.81, 0.7
0.162, 0.000857058, 8.849e-05, 0.162, 0.87206779, -1.58922, -1.58922, -9.81, 0.1, -9.81, 0.7
0.163, 0.000861578, 8.9e-05, 0.163, 0.87047857, -1.59903, -1.59903, -9.81, 0.1, -9.81, 0.7
0.164, 0.000866168, 8.951e-05, 0.164, 0.86887954, -1.60884, -1.60884, -9.81, 0.1, -9.81, 0.7
0.165, 0.000870588, 9.002e-05, 0.165, 0.8672707, -1.61865, -1.61865, -9.81, 0.1, -9.81, 0.7
0.166, 0.000875178, 9.051e-05, 0.166, 0.86565205, -1.62846, -1.62846, -9.81, 0.1, -9.81, 0.7
0.167, 0.000879788, 9.1e-05, 0.167, 0.86402359, -1.63827, -1.63827, -9.81, 0.1, -9.81, 0.7
0.168, 0.000884268, 9.151e-05, 0.168, 0.86238532, -1.64808, -1.64808, -9.81, 0.1, -9.81, 0.7
0.169, 0.000888798, 9.202e-05, 0.169, 0.86073724, -1.65789, -1.65789, -9.81, 0.1, -9.81, 0.7
0.17, 0.000893218, 9.2518e-05, 0.17, 0.85907935, -1.6677, -1.6677, -9.81, 0.1, -9.81, 0.7
0.171, 0.000897878, 9.3019e-05, 0.171, 0.85741165, -1.67751, -1.67751, -9.81, 0.1, -9.81, 0.7
0.172, 0.000902398, 9.3519e-05, 0.172, 0.85573414, -1.68732, -1.68732, -9.81, 0.1, -9.81, 0.7
0.173, 0.000906848, 9.4028e-05, 0.173, 0.85404682, -1.69713, -1.69713, -9.81, 0.1, -9.81, 0.7
0.174, 0.000911438, 9.4538e-05, 0.174, 0.85234969, -1.70694, -1.70694, -9.81, 0.1, -9.81, 0.7
0.175, 0.000918368, 9.5037e-05, 0.175, 0.85064275, -1.71675, -1.71675, -9.81, 0.1, -9.81, 0.7
0.176, 0.000923037, 9.5547e-05, 0.176, 0.848926, -1.72656, -1.72656, -9.81, 0.1, -9.81, 0.7
0.177, 0.000927757, 9.6056e-05, 0.177, 0.84719944, -1.73637, -1.73637, -9.81, 0.1, -9.81, 0.7
0.178, 0.000932407, 9.6585e-05, 0.178, 0.84546307, -1.74618, -1.74618, -9.81, 0.1, -9.81, 0.7
0.179, 0.000936867, 9.7095e-05, 0.179, 0.84371689, -1.75599, -1.75599, -9.81, 0.1, -9.81, 0.7
0.18, 0.000941537, 9.7595e-05, 0.18, 0.8419609, -1.7658, -1.7658, -9.81, 0.1, -9.81, 0.7
0.181, 0.000946057, 9.8075e-05, 0.181, 0.8401951, -1.77561, -1.77561, -9.81, 0.1, -9.81, 0.7
0.182, 0.000950607, 9.8565e-05, 0.182, 0.83841949, -1.78542, -1.78542, -9.81, 0.1, -9.81, 0.7
0.183, 0.000955237, 9.9065e-05, 0.183, 0.83663407, -1.79523, -1.79523, -9.81, 0.1, -9.81, 0.7
0.184, 0.000959717, 9.9565e-05, 0.184, 0.83483884, -1.80504, -1.80504, -9.81, 0.1, -9.81, 0.7
0.185, 0.000964317, 0.000100065, 0.185, 0.8330338, -1.81485, -1.81485, -9.81, 0.1, -9.81, 0.7
0.186, 0.000968877, 0.000100585, 0.186, 0.83121895, -1.82466, -1.82466, -9.81, 0.1, -9.81, 0.7
0.187, 0.000973506, 0.000101096, 0.187, 0.82939429, -1.83447, -1.83447, -9.81, 0.1, -9.81, 0.7
0.188, 0.000978036, 0.000101597, 0.188, 0.82755982, -1.84428, -1.84428, -9.81, 0.1, -9.81, 0.7
0.189, 0.000982497, 0.000102128, 0.189, 0.82571554, -1.85409, -1.85409, -9.81, 0.1, -9.81, 0.7
0.19, 0.000987038, 0.000102638, 0.19, 0.82386145, -1.8639, -1.8639, -9.81, 0.1, -9.81, 0.7
0.191, 0.000991768, 0.000103137, 0.191, 0.82199755, -1.87371, -1.87371, -9.81, 0.1, -9.81, 0.7
0.192, 0.000996408, 0.000103647, 0.192, 0.82012384, -1.88352, -1.88352, -9.81, 0.1, -9.81, 0.7
0.193, 0.001000989, 0.000104136, 0.193, 0.81824032, -1.89333, -1.89333, -9.81, 0.1, -9.81, 0.7
0.194, 0.001005509, 0.000104616, 0.194, 0.81634699, -1.90314, -1.90314, -9.81, 0.1, -9.81, 0.7
0.195, 0.001010098, 0.000105116, 0.195, 0.81444385, -1.91295, -1.91295, -9.81, 0.1, -9.81, 0.7
0.196, 0.001014679, 0.000105626, 0.196, 0.8125309, -1.92276, -1.92276, -9.81, 0.1, -9.81, 0.7
0.197, 0.001019289, 0.000106126, 0.197, 0.81060814, -1.93257, -1.93257, -9.81, 0.1, -9.81, 0.7
0.198, 0.001023839, 0.000106626, 0.198, 0.80867557, -1.94238, -1.94238, -9.81, 0.1, -9.81, 0.7
0.199, 0.001028369, 0.000107126, 0.199, 0.80673319, -1.95219, -1.95219, -9.81, 0.1, -9.81, 0.7
0.2, 0.001032879, 0.000107636, 0.2, 0.804781, -1.962, -1.962, -9.81, 0.1, -9.81, 0.7
0.201, 0.001037659, 0.000108156, 0.201, 0.802819, -1.97181, -1.97181, -9.81, 0.1, -9.81, 0.7
0.202, 0.001042229, 0.000108665, 0.202, 0.80084719, -1.98162, -1.98162, -9.81, 0.1, -9.81, 0.7
0.203, 0.001046919, 0.000109185, 0.203, 0.79886557, -1.99143, -1.99143, -9.81, 0.1, -9.81, 0.7
0.204, 0.00105143, 0.000109704, 0.204, 0.79687414, -2.00124, -2.00124, -9.81, 0.1, -9.81, 0.7
0.205, 0.00105609, 0.000110214, 0.205, 0.7948729, -2.01105, -2.01105, -9.81, 0.1, -9.81, 0.7
0.206, 0.00106085, 0.000110724, 0.206, 0.79286185, -2.02086, -2.02086, -9.81, 0.1, -9.81, 0.7
0.207, 0.001065379, 0.000111234, 0.207, 0.79084099, -2.03067, -2.03067, -9.81, 0.1, -9.81, 0.7
0.208, 0.001069928, 0.000111724, 0.208, 0.78881032, -2.04048, -2.04048, -9.81, 0.1, -9.81, 0.7
0.209, 0.001074449, 0.000112233, 0.209, 0.78676984, -2.05029, -2.05029, -9.81, 0.1, -9.81, 0.7
0.21, 0.001079068, 0.000112733, 0.21, 0.78471955, -2.0601, -2.0601, -9.81, 0.1, -9.81, 0.7
0.211, 0.001083689, 0.000113222, 0.211, 0.78265945, -2.06991, -2.06991, -9.81, 0.1, -9.81, 0.7
0.212, 0.001090029, 0.000113792, 0.212, 0.78058954, -2.07972, -2.07972, -9.81, 0.1, -9.81, 0.7
0.213, 0.001096209, 0.000114382, 0.213, 0.77850982, -2.08953, -2.08953, -9.81, 0.1, -9.81, 0.7
0.214, 0.001100959, 0.000114912, 0.214, 0.77642029, -2.09934, -2.09934, -9.81, 0.1, -9.81, 0.7
0.215, 0.001105609, 0.000115412, 0.215, 0.77432095, -2.10915, -2.10915, -9.81, 0.1, -9.81, 0.7
0.216, 0.001110139, 0.000115912, 0.216, 0.7722118, -2.11896, -2.11896, -9.81, 0.1, -9.81, 0.7
0.217, 0.001114759, 0.000116422, 0.217, 0.77009284, -2.12877, -2.12877, -9.81, 0.1, -9.81, 0.7
0.218, 0.001119249, 0.000116913, 0.218, 0.76796407, -2.13858, -2.13858, -9.81, 0.1, -9.81, 0.7
0.219, 0.001126508, 0.000117473, 0.219, 0.76582549, -2.14839, -2.14839, -9.81, 0.1, -9.81, 0.7
0.22, 0.001132888, 0.000118174, 0.22, 0.7636771, -2.1582, -2.1582, -9.81, 0.1, -9.81, 0.7
0.221, 0.001138439, 0.000118803, 0.221, 0.7615189, -2.16801, -2.16801, -9.81, 0.1, -9.81, 0.7
0.222, 0.001142988, 0.000119304, 0.222, 0.75935089, -2.17782, -2.17782, -9.81, 0.1, -9.81, 0.7
0.223, 0.001147689, 0.000119803, 0.223, 0.75717307, -2.18763, -2.18763, -9.81, 0.1, -9.81, 0.7
0.224, 0.001152299, 0.000120314, 0.224, 0.75498544, -2.19744, -2.19744, -9.81, 0.1, -9.81, 0.7
0.225, 0.001156949, 0.000120804, 0.225, 0.752788, -2.20725, -2.20725, -9.81, 0.1, -9.81, 0.7
0.226, 0.001161538, 0.000121293, 0.226, 0.75058075, -2.21706, -2.21706, -9.81, 0.1, -9.81, 0.7
0.227, 0.001166148, 0.000121792, 0.227, 0.74836369, -2.22687, -2.22687, -9.81, 0.1, -9.81, 0.7
0.228, 0.001170698, 0.000122312, 0.228, 0.74613682, -2.23668, -2.23668, -9.81, 0.1, -9.81, 0.7
0.229, 0.001175278, 0.000122812, 0.229, 0.74390014, -2.24649, -2.24649, -9.81, 0.1, -9.81, 0.7
0.23, 0.001180198, 0.000123312, 0.23, 0.74165365, -2.2563, -2.2563, -9.81, 0.1, -9.81, 0.7
0.231, 0.001185478, 0.000123822, 0.231, 0.73939735, -2.26611, -2.26611, -9.81, 0.1, -9.81, 0.7
0.232, 0.001190848, 0.000124402, 0.232, 0.73713124, -2.27592, -2.27592, -9.81, 0.1, -9.81, 0.7
0.233, 0.001197338, 0.000125103, 0.233, 0.73485532, -2.28573, -2.28573, -9.81, 0.1, -9.81, 0.7
0.234, 0.001203609, 0.000125772, 0.234, 0.73256959, -2.29554, -2.29554, -9.81, 0.1, -9.81, 0.7
0.235, 0.001209868, 0.000126454, 0.235, 0.73027405, -2.30535, -2.30535, -9.81, 0.1, -9.81, 0.7
0.236, 0.001216138, 0.000127121, 0.236, 0.7279687, -2.31516, -2.31516, -9.81, 0.1, -9.81, 0.7
0.237, 0.001222749, 0.000127831, 0.237, 0.72565354, -2.32497, -2.32497, -9.81, 0.1, -9.81, 0.7
0.238, 0.00122902, 0.000128552, 0.238, 0.72332857, -2.33478, -2.33478, -9.81, 0.1, -9.81, 0.7
0.239, 0.00123533, 0.00012923, 0.239, 0.72099379, -2.34459, -2.34459, -9.81, 0.1, -9.81, 0.7
0.24, 0.00124167, 0.000129891, 0.24, 0.7186492, -2.3544, -2.3544, -9.81, 0.1, -9.81, 0.7
0.241, 0.00124823, 0.000130491, 0.241, 0.7162948, -2.36421, -2.36421, -9.81, 0.1, -9.81, 0.7
0.242, 0.00125308, 0.000130991, 0.242, 0.71393059, -2.37402, -2.37402, -9.81, 0.1, -9.81, 0.7
0.243, 0.00125778, 0.000131491, 0.243, 0.71155657, -2.38383, -2.38383, -9.81, 0.1, -9.81, 0.7
0.244, 0.00126249, 0.000132011, 0.244, 0.70917274, -2.39364, -2.39364, -9.81, 0.1, -9.81, 0.7
0.245, 0.00126716, 0.000132511, 0.245, 0.7067791, -2.40345, -2.40345, -9.81, 0.1, -9.81, 0.7
0.246, 0.00127185, 0.000132999, 0.246, 0.70437565, -2.41326, -2.41326, -9.81, 0.1, -9.81, 0.7
0.247, 0.00127642, 0.000133519, 0.247, 0.70196239, -2.42307, -2.42307, -9.81, 0.1, -9.81, 0.7
0.248, 0.00128111, 0.000134019, 0.248, 0.69953932, -2.43288, -2.43288, -9.81, 0.1, -9.81, 0.7
0.249, 0.001285651, 0.00013451, 0.249, 0.69710644, -2.44269, -2.44269, -9.81, 0.1, -9.81, 0.7
0.25, 0.00129034, 0.00013502, 0.25, 0.69466375, -2.4525, -2.4525, -9.81, 0.1, -9.81, 0.7
0.251, 0.00129526, 0.00013553, 0.251, 0.69221125, -2.46231, -2.46231, -9.81, 0.1, -9.81, 0.7
0.252, 0.00129991, 0.00013603, 0.252, 0.68974894, -2.47212, -2.47212, -9.81, 0.1, -9.81, 0.7
0.253, 0.00130457, 0.00013653, 0.253, 0.68727682, -2.48193, -2.48193, -9.81, 0.1, -9.81, 0.7
0.254, 0.00130916, 0.000137018, 0.254, 0.68479489, -2.49174, -2.49174, -9.81, 0.1, -9.81, 0.7
0.255, 0.001313779, 0.000137538, 0.255, 0.68230315, -2.50155, -2.50155, -9.81, 0.1, -9.81, 0.7
0.256, 0.00131849, 0.000138048, 0.256, 0.6798016, -2.51136, -2.51136, -9.81, 0.1, -9.81, 0.7
0.257, 0.00132302, 0.000138548, 0.257, 0.67729024, -2.52117, -2.52117, -9.81, 0.1, -9.81, 0.7
0.258, 0.00132765, 0.000139048, 0.258, 0.67476907, -2.53098, -2.53098, -9.81, 0.1, -9.81, 0.7
0.259, 0.00133245, 0.000139558, 0.259, 0.67223809, -2.54079, -2.54079, -9.81, 0.1, -9.81, 0.7
0.26, 0.001337, 0.000140078, 0.26, 0.6696973, -2.5506, -2.5506, -9.81, 0.1, -9.81, 0.7
0.261, 0.00134168, 0.000140598, 0.261, 0.6671467, -2.56041, -2.56041, -9.81, 0.1, -9.81, 0.7
0.262, 0.00134882, 0.000141109, 0.262, 0.66458629, -2.57022, -2.57022, -9.81, 0.1, -9.81, 0.7
0.263, 0.00135353, 0.000141619, 0.263, 0.66201607, -2.58003, -2.58003, -9.81, 0.1, -9.81, 0.7
0.264, 0.001358201, 0.000142098, 0.264, 0.65943604, -2.58984, -2.58984, -9.81, 0.1, -9.81, 0.7
0.265, 0.001362822, 0.000142598, 0.265, 0.6568462, -2.59965, -2.59965, -9.81, 0.1, -9.81, 0.7
0.266, 0.001367371, 0.000143108, 0.266, 0.65424655, -2.60946, -2.60946, -9.81, 0.1, -9.81, 0.7
0.267, 0.001372011, 0.000143617, 0.267, 0.65163709, -2.61927, -2.61927, -9.81, 0.1, -9.81, 0.7
0.268, 0.001376501, 0.000144117, 0.268, 0.64901782, -2.62908, -2.62908, -9.81, 0.1, -9.81, 0.7
0.269, 0.001381061, 0.000144617, 0.269, 0.64638874, -2.63889, -2.63889, -9.81, 0.1, -9.81, 0.7
0.27, 0.00138568, 0.000145117, 0.27, 0.64374985, -2.6487, -2.6487, -9.81, 0.1, -9.81, 0.7
0.271, 0.00139032, 0.000145606, 0.271, 0.64110115, -2.65851, -2.65851, -9.81, 0.1, -9.81, 0.7
0.272, 0.00139493, 0.000146126, 0.272, 0.63844264, -2.66832, -2.66832, -9.81, 0.1, -9.81, 0.7
0.273, 0.00139944, 0.000146626, 0.273, 0.63577432, -2.67813, -2.67813, -9.81, 0.1, -9.81, 0.7
0.274, 0.00140403, 0.000147116, 0.274, 0.63309619, -2.68794, -2.68794, -9.81, 0.1, -9.81, 0.7
0.275, 0.00140861, 0.000147596, 0.275, 0.63040825, -2.69775, -2.69775, -9.81, 0.1, -9.81, 0.7
0.276, 0.00141309, 0.000148106, 0.276, 0.6277105, -2.70756, -2.70756, -9.81, 0.1, -9.81, 0.7
0.277, 0.00141775, 0.000148616, 0.277, 0.62500294, -2.71737, -2.71737, -9.81, 0.1, -9.81, 0.7
0.278, 0.0014223, 0.000149127, 0.278, 0.62228557, -2.72718, -2.72718, -9.81, 0.1, -9.81, 0.7
0.279, 0.00142689, 0.000149627, 0.279, 0.61955839, -2.73699, -2.73699, -9.81, 0.1, -9.81, 0.7
0.28, 0.001431509, 0.000150127, 0.28, 0.6168214, -2.7468, -2.7468, -9.81, 0.1, -9.81, 0.7
0.281, 0.001436109, 0.000150638, 0.281, 0.6140746, -2.75661, -2.75661, -9.81, 0.1, -9.81, 0.7
0.282, 0.001440709, 0.000151139, 0.282, 0.61131799, -2.76642, -2.76642, -9.81, 0.1, -9.81, 0.7
0.283, 0.001445759, 0.000151678, 0.283, 0.60855157, -2.77623, -2.77623, -9.81, 0.1, -9.81, 0.7
0.284, 0.001452199, 0.00015235, 0.284, 0.60577534, -2.78604, -2.78604, -9.81, 0.1, -9.81, 0.7
0.285, 0.001458298, 0.000153032, 0.285, 0.6029893, -2.79585, -2.79585, -9.81, 0.1, -9.81, 0.7
0.286, 0.001464678, 0.00015372, 0.286, 0.60019345, -2.80566, -2.80566, -9.81, 0.1, -9.81, 0.7
0.287, 0.001471028, 0.00015443, 0.287, 0.59738779, -2.81547, -2.81547, -9.81, 0.1, -9.81, 0.7
0.288, 0.001477438, 0.0001551, 0.288, 0.59457232, -2.82528, -2.82528, -9.81, 0.1, -9.81, 0.7
0.289, 0.001483608, 0.00015578, 0.289, 0.59174704, -2.83509, -2.83509, -9.81, 0.1, -9.81, 0.7
0.29, 0.001489758, 0.00015646, 0.29, 0.58891195, -2.8449, -2.8449, -9.81, 0.1, -9.81, 0.7
0.291, 0.001496438, 0.00015714, 0.291, 0.58606705, -2.85471, -2.85471, -9.81, 0.1, -9.81, 0.7
0.292, 0.001502688, 0.000157861, 0.292, 0.58321234, -2.86452, -2.86452, -9.81, 0.1, -9.81, 0.7
0.293, 0.001509058, 0.000158532, 0.293, 0.58034782, -2.87433, -2.87433, -9.81, 0.1, -9.81, 0.7
0.294, 0.001515217, 0.000159212, 0.294, 0.57747349, -2.88414, -2.88414, -9.81, 0.1, -9.81, 0.7
0.295, 0.001521747, 0.000159891, 0.295, 0.57458935, -2.89395, -2.89395, -9.81, 0.1, -9.81, 0.7
0.296, 0.001527757, 0.000160561, 0.296, 0.5716954, -2.90376, -2.90376, -9.81, 0.1, -9.81, 0.7
0.297, 0.001534048, 0.000161241, 0.297, 0.56879164, -2.91357, -2.91357, -9.81, 0.1, -9.81, 0.7
0.298, 0.001540488, 0.000161943, 0.298, 0.56587807, -2.92338, -2.92338, -9.81, 0.1, -9.81, 0.7
0.299, 0.001546779, 0.000162653, 0.299, 0.56295469, -2.93319, -2.93319, -9.81, 0.1, -9.81, 0.7
0.3, 0.001552159, 0.000163273, 0.3, 0.5600215, -2.943, -2.943, -9.81, 0.1, -9.81, 0.7
0.301, 0.001556959, 0.000163783, 0.301, 0.5570785, -2.95281, -2.95281, -9.81, 0.1, -9.81, 0.7
0.302, 0.001561569, 0.000164293, 0.302, 0.55412569, -2.96262, -2.96262, -9.81, 0.1, -9.81, 0.7
0.303, 0.001566149, 0.000164813, 0.303, 0.55116307, -2.97243, -2.97243, -9.81, 0.1, -9.81, 0.7
0.304, 0.001570749, 0.000165313, 0.304, 0.54819064, -2.98224, -2.98224, -9.81, 0.1, -9.81, 0.7
0.305, 0.001575409, 0.000165823, 0.305, 0.5452084, -2.99205, -2.99205, -9.81, 0.1, -9.81, 0.7
0.306, 0.001582409, 0.000166313, 0.306, 0.54221635, -3.00186, -3.00186, -9.81, 0.1, -9.81, 0.7
0.307, 0.001586979, 0.000166814, 0.307, 0.53921449, -3.01167, -3.01167, -9.81, 0.1, -9.81, 0.7
0.308, 0.001591539, 0.000167324, 0.308, 0.53620282, -3.02148, -3.02148, -9.81, 0.1, -9.81, 0.7
0.309, 0.001596188, 0.000167823, 0.309, 0.53318134, -3.03129, -3.03129, -9.81, 0.1, -9.81, 0.7
0.31, 0.001600778, 0.000168334, 0.31, 0.53015005, -3.0411, -3.0411, -9.81, 0.1, -9.81, 0.7
0.311, 0.001606858, 0.000168904, 0.311, 0.52710895, -3.05091, -3.05091, -9.81, 0.1, -9.81, 0.7
0.312, 0.001613558, 0.000169555, 0.312, 0.52405804, -3.06072, -3.06072, -9.81, 0.1, -9.81, 0.7
0.313, 0.001618278, 0.000170055, 0.313, 0.52099732, -3.07053, -3.07053, -9.81, 0.1, -9.81, 0.7
0.314, 0.001622938, 0.000170575, 0.314, 0.51792679, -3.08034, -3.08034, -9.81, 0.1, -9.81, 0.7
0.315, 0.001627538, 0.000171085, 0.315, 0.51484645, -3.09015, -3.09015, -9.81, 0.1, -9.81, 0.7
0.316, 0.001632108, 0.000171575, 0.316, 0.5117563, -3.09996, -3.09996, -9.81, 0.1, -9.81, 0.7
0.317, 0.001636638, 0.000172085, 0.317, 0.50865634, -3.10977, -3.10977, -9.81, 0.1, -9.81, 0.7
0.318, 0.001641208, 0.000172585, 0.318, 0.50554657, -3.11958, -3.11958, -9.81, 0.1, -9.81, 0.7
0.319, 0.001645778, 0.000173085, 0.319, 0.50242699, -3.12939, -3.12939, -9.81, 0.1, -9.81, 0.7
0.32, 0.001650278, 0.000173574, 0.32, 0.4992976, -3.1392, -3.1392, -9.81, 0.1, -9.81, 0.7
0.321, 0.001656149, 0.000174143, 0.321, 0.4961584, -3.14901, -3.14901, -9.81, 0.1, -9.81, 0.7
0.322, 0.001662408, 0.000174802, 0.322, 0.49300939, -3.15882, -3.15882, -9.81, 0.1, -9.81, 0.7
0.323, 0.001668709, 0.000175482, 0.323, 0.48985057, -3.16863, -3.16863, -9.81, 0.1, -9.81, 0.7
0.324, 0.001674858, 0.000176152, 0.324, 0.48668194, -3.17844, -3.17844, -9.81, 0.1, -9.81, 0.7
0.325, 0.001681329, 0.000176882, 0.325, 0.4835035, -3.18825, -3.18825, -9.81, 0.1, -9.81, 0.7
0.326, 0.001687459, 0.000177571, 0.326, 0.48031525, -3.19806, -3.19806, -9.81, 0.1, -9.81, 0.7
0.327, 0.001693649, 0.000178248, 0.327, 0.47711719, -3.20787, -3.20787, -9.81, 0.1, -9.81, 0.7
0.328, 0.00169983, 0.000178938, 0.328, 0.47390932, -3.21768, -3.21768, -9.81, 0.1, -9.81, 0.7
0.329, 0.00170655, 0.000179588, 0.329, 0.47069164, -3.22749, -3.22749, -9.81, 0.1, -9.81, 0.7
0.33, 0.00171285, 0.000180218, 0.33, 0.46746415, -3.2373, -3.2373, -9.81, 0.1, -9.81, 0.7
0.331, 0.00171761, 0.000180728, 0.331, 0.46422685, -3.24711, -3.24711, -9.81, 0.1, -9.81, 0.7
0.332, 0.00172222, 0.000181228, 0.332, 0.46097974, -3.25692, -3.25692, -9.81, 0.1, -9.81, 0.7
0.333, 0.00172676, 0.000181729, 0.333, 0.45772282, -3.26673, -3.26673, -9.81, 0.1, -9.81, 0.7
0.334, 0.00173129, 0.00018222, 0.334, 0.45445609, -3.27654, -3.27654, -9.81, 0.1, -9.81, 0.7
0.335, 0.00173578, 0.000182708, 0.335, 0.45117955, -3.28635, -3.28635, -9.81, 0.1, -9.81, 0.7
0.336, 0.001740339, 0.000183207, 0.336, 0.4478932, -3.29616, -3.29616, -9.81, 0.1, -9.81, 0.7
0.337, 0.00174497, 0.000183707, 0.337, 0.44459704, -3.30597, -3.30597, -9.81, 0.1, -9.81, 0.7
0.338, 0.00175029, 0.000184308, 0.338, 0.44129107, -3.31578, -3.31578, -9.81, 0.1, -9.81, 0.7
0.339, 0.00175673, 0.00018498, 0.339, 0.43797529, -3.32559, -3.32559, -9.81, 0.1, -9.81, 0.7
0.34, 0.001763131, 0.000185639, 0.34, 0.4346497, -3.3354, -3.3354, -9.81, 0.1, -9.81, 0.7
0.341, 0.001769451, 0.000186329, 0.341, 0.4313143, -3.34521, -3.34521, -9.81, 0.1, -9.81, 0.7
0.342, 0.001776221, 0.000187009, 0.342, 0.42796909, -3.35502, -3.35502, -9.81, 0.1, -9.81, 0.7
0.343, 0.001782361, 0.000187689, 0.343, 0.42461407, -3.36483, -3.36483, -9.81, 0.1, -9.81, 0.7
0.344, 0.001788551, 0.000188359, 0.344, 0.42124924, -3.37464, -3.37464, -9.81, 0.1, -9.81, 0.7
0.345, 0.001794741, 0.000189059, 0.345, 0.4178746, -3.38445, -3.38445, -9.81, 0.1, -9.81, 0.7
0.346, 0.001801261, 0.000189729, 0.346, 0.41449015, -3.39426, -3.39426, -9.81, 0.1, -9.81, 0.7
0.347, 0.001807471, 0.00019039, 0.347, 0.41109589, -3.40407, -3.40407, -9.81, 0.1, -9.81, 0.7
0.348, 0.001813711, 0.000191077, 0.348, 0.40769182, -3.41388, -3.41388, -9.81, 0.1, -9.81, 0.7
0.349, 0.001823381, 0.000191737, 0.349, 0.40427794, -3.42369, -3.42369, -9.81, 0.1, -9.81, 0.7
0.35, 0.001829612, 0.000192418, 0.35, 0.40085425, -3.4335, -3.4335, -9.81, 0.1, -9.81, 0.7
0.351, 0.001836111, 0.000193198, 0.351, 0.39742075, -3.44331, -3.44331, -9.81, 0.1, -9.81, 0.7
0.352, 0.001842542, 0.000193998, 0.352, 0.39397744, -3.45312, -3.45312, -9.81, 0.1, -9.81, 0.7
0.353, 0.001848001, 0.000194597, 0.353, 0.39052432, -3.46293, -3.46293, -9.81, 0.1, -9.81, 0.7
0.354, 0.001852691, 0.000195097, 0.354, 0.38706139, -3.47274, -3.47274, -9.81, 0.1, -9.81, 0.7
0.355, 0.001857271, 0.000195597, 0.355, 0.38358865, -3.48255, -3.48255, -9.81, 0.1, -9.81, 0.7
0.356, 0.001861891, 0.000196097, 0.356, 0.3801061, -3.49236, -3.49236, -9.81, 0.1, -9.81, 0.7
0.357, 0.001866521, 0.000196607, 0.357, 0.37661374, -3.50217, -3.50217, -9.81, 0.1, -9.81, 0.7
0.358, 0.001871051, 0.000197117, 0.358, 0.37311157, -3.51198, -3.51198, -9.81, 0.1, -9.81, 0.7
0.359, 0.001875661, 0.000197617, 0.359, 0.36959959, -3.52179, -3.52179, -9.81, 0.1, -9.81, 0.7
0.36, 0.001880222, 0.000198127, 0.36, 0.3660778, -3.5316, -3.5316, -9.81, 0.1, -9.81, 0.7
0.361, 0.001884922, 0.000198628, 0.361, 0.3625462, -3.54141, -3.54141, -9.81, 0.1, -9.81, 0.7
0.362, 0.001889541, 0.000199147, 0.362, 0.35900479, -3.55122, -3.55122, -9.81, 0.1, -9.81, 0.7
0.363, 0.001894111, 0.000199636, 0.363, 0.35545357, -3.56103, -3.56103, -9.81, 0.1, -9.81, 0.7
0.364, 0.001898711, 0.000200125, 0.364, 0.35189254, -3.57084, -3.57084, -9.81, 0.1, -9.81, 0.7
0.365, 0.001903332, 0.000200615, 0.365, 0.3483217, -3.58065, -3.58065, -9.81, 0.1, -9.81, 0.7
0.366, 0.001907953, 0.000201125, 0.366, 0.34474105, -3.59046, -3.59046, -9.81, 0.1, -9.81, 0.7
0.367, 0.001912593, 0.000201636, 0.367, 0.34115059, -3.60027, -3.60027, -9.81, 0.1, -9.81, 0.7
0.368, 0.001917174, 0.000202147, 0.368, 0.33755032, -3.61008, -3.61008, -9.81, 0.1, -9.81, 0.7
0.369, 0.001921784, 0.000202647, 0.369, 0.33394024, -3.61989, -3.61989, -9.81, 0.1, -9.81, 0.7
0.37, 0.001926474, 0.000203147, 0.37, 0.33032035, -3.6297, -3.6297, -9.81, 0.1, -9.81, 0.7
0.371, 0.001931164, 0.000203657, 0.371, 0.32669065, -3.63951, -3.63951, -9.81, 0.1, -9.81, 0.7
0.372, 0.001935814, 0.000204147, 0.372, 0.32305114, -3.64932, -3.64932, -9.81, 0.1, -9.81, 0.7
0.373, 0.001940434, 0.000204647, 0.373, 0.31940182, -3.65913, -3.65913, -9.81, 0.1, -9.81, 0.7
0.374, 0.001945024, 0.000205157, 0.374, 0.31574269, -3.66894, -3.66894, -9.81, 0.1, -9.81, 0.7
0.375, 0.001949794, 0.000205657, 0.375, 0.31207375, -3.67875, -3.67875, -9.81, 0.1, -9.81, 0.7
0.376, 0.001954504, 0.000206158, 0.376, 0.308395, -3.68856, -3.68856, -9.81, 0.1, -9.81, 0.7
0.377, 0.001959154, 0.000206659, 0.377, 0.30470644, -3.69837, -3.69837, -9.81, 0.1, -9.81, 0.7
0.378, 0.001964023, 0.000207169, 0.378, 0.30100807, -3.70818, -3.70818, -9.81, 0.1, -9.81, 0.7
0.379, 0.001968652, 0.00020767, 0.379, 0.29729989, -3.71799, -3.71799, -9.81, 0.1, -9.81, 0.7
0.38, 0.001973313, 0.00020816, 0.38, 0.2935819, -3.7278, -3.7278, -9.81, 0.1, -9.81, 0.7
0.381, 0.001977964, 0.000208661, 0.381, 0.2898541, -3.73761, -3.73761, -9.81, 0.1, -9.81, 0.7
0.382, 0.001982543, 0.00020916, 0.382, 0.28611649, -3.74742, -3.74742, -9.81, 0.1, -9.81, 0.7
0.383, 0.001987303, 0.000209671, 0.383, 0.28236907, -3.75723, -3.75723, -9.81, 0.1, -9.81, 0.7
0.384, 0.001991852, 0.000210171, 0.384, 0.27861184, -3.76704, -3.76704, -9.81, 0.1, -9.81, 0.7
0.385, 0.001996513, 0.00021069, 0.385, 0.2748448, -3.77685, -3.77685, -9.81, 0.1, -9.81, 0.7
0.386, 0.002001133, 0.00021118, 0.386, 0.27106795, -3.78666, -3.78666, -9.81, 0.1, -9.81, 0.7
0.387, 0.002005883, 0.00021168, 0.387, 0.26728129, -3.79647, -3.79647, -9.81, 0.1, -9.81, 0.7
0.388, 0.002010723, 0.00021218, 0.388, 0.26348482, -3.80628, -3.80628, -9.81, 0.1, -9.81, 0.7
0.389, 0.002015333, 0.00021269, 0.389, 0.25967854, -3.81609, -3.81609, -9.81, 0.1, -9.81, 0.7
0.39, 0.002020003, 0.00021318, 0.39, 0.25586245, -3.8259, -3.8259, -9.81, 0.1, -9.81, 0.7
0.391, 0.002024743, 0.00021368, 0.391, 0.25203655, -3.83571, -3.83571, -9.81, 0.1, -9.81, 0.7
0.392, 0.002031504, 0.000214258, 0.392, 0.24820084, -3.84552, -3.84552, -9.81, 0.1, -9.81, 0.7
0.393, 0.002040793, 0.00021494, 0.393, 0.24435532, -3.85533, -3.85533, -9.81, 0.1, -9.81, 0.7
0.394, 0.002046914, 0.00021564, 0.394, 0.24049999, -3.86514, -3.86514, -9.81, 0.1, -9.81, 0.7
0.395, 0.002053483, 0.00021634, 0.395, 0.23663485, -3.87495, -3.87495, -9.81, 0.1, -9.81, 0.7
0.396, 0.002059563, 0.000216998, 0.396, 0.2327599, -3.88476, -3.88476, -9.81, 0.1, -9.81, 0.7
0.397, 0.002065832, 0.000217671, 0.397, 0.22887514, -3.89457, -3.89457, -9.81, 0.1, -9.81, 0.7
0.398, 0.002072121, 0.000218331, 0.398, 0.22498057, -3.90438, -3.90438, -9.81, 0.1, -9.81, 0.7
0.399, 0.002078402, 0.00021902, 0.399, 0.22107619, -3.91419, -3.91419, -9.81, 0.1, -9.81, 0.7
0.4, 0.002084532, 0.00021969, 0.4, 0.217162, -3.924, -3.924, -9.81, 0.1, -9.81, 0.7
0.401, 0.002090862, 0.00022039, 0.401, 0.213238, -3.93381, -3.93381, -9.81, 0.1, -9.81, 0.7
0.402, 0.002097082, 0.00022106, 0.402, 0.20930419, -3.94362, -3.94362, -9.81, 0.1, -9.81, 0.7
0.403, 0.002103582, 0.00022176, 0.403, 0.20536057, -3.95343, -3.95343, -9.81, 0.1, -9.81, 0.7
0.404, 0.002109873, 0.000222428, 0.404, 0.20140714, -3.96324, -3.96324, -9.81, 0.1, -9.81, 0.7
0.405, 0.002115942, 0.000223097, 0.405, 0.1974439, -3.97305, -3.97305, -9.81, 0.1, -9.81, 0.7
0.406, 0.002122252, 0.000223758, 0.406, 0.19347085, -3.98286, -3.98286, -9.81, 0.1, -9.81, 0.7
0.407, 0.002127991, 0.000224349, 0.407, 0.18948799, -3.99267, -3.99267, -9.81, 0.1, -9.81, 0.7
0.408, 0.002132631, 0.000224848, 0.408, 0.18549532, -4.00248, -4.00248, -9.81, 0.1, -9.81, 0.7
0.409, 0.002137221, 0.00022536, 0.409, 0.18149284, -4.01229, -4.01229, -9.81, 0.1, -9.81, 0.7
0.41, 0.002141781, 0.00022586, 0.41, 0.17748055, -4.0221, -4.0221, -9.81, 0.1, -9.81, 0.7
0.411, 0.002146301, 0.000226359, 0.411, 0.17345845, -4.03191, -4.03191, -9.81, 0.1, -9.81, 0.7
0.412, 0.002150901, 0.000226858, 0.412, 0.16942654, -4.04172, -4.04172, -9.81, 0.1, -9.81, 0.7
0.413, 0.002155491, 0.000227359, 0.413, 0.16538482, -4.05153, -4.05153, -9.81, 0.1, -9.81, 0.7
0.414, 0.002160001, 0.000227859, 0.414, 0.16133329, -4.06134, -4.06134, -9.81, 0.1, -9.81, 0.7
0.415, 0.002164521, 0.000228359, 0.415, 0.15727195, -4.07115, -4.07115, -9.81, 0.1, -9.81, 0.7
0.416, 0.002169111, 0.000228859, 0.416, 0.1532008, -4.08096, -4.08096, -9.81, 0.1, -9.81, 0.7
0.417, 0.002173721, 0.000229369, 0.417, 0.14911984, -4.09077, -4.09077, -9.81, 0.1, -9.81, 0.7
0.418, 0.002178301, 0.000229869, 0.418, 0.14502907, -4.10058, -4.10058, -9.81, 0.1, -9.81, 0.7
0.419, 0.002183091, 0.000230358, 0.419, 0.14092849, -4.11039, -4.11039, -9.81, 0.1, -9.81, 0.7
0.42, 0.002187781, 0.000230846, 0.42, 0.1368181, -4.1202, -4.1202, -9.81, 0.1, -9.81, 0.7
0.421, 0.00219248, 0.000231367, 0.421, 0.1326979, -4.13001, -4.13001, -9.81, 0.1, -9.81, 0.7
0.422, 0.00219713, 0.000231878, 0.422, 0.12856789, -4.13982, -4.13982, -9.81, 0.1, -9.81, 0.7
0.423, 0.002201761, 0.000232378, 0.423, 0.12442807, -4.14963, -4.14963, -9.81, 0.1, -9.81, 0.7
0.424, 0.002206281, 0.000232889, 0.424, 0.12027844, -4.15944, -4.15944, -9.81, 0.1, -9.81, 0.7
0.425, 0.002210961, 0.000233399, 0.425, 0.116119, -4.16925, -4.16925, -9.81, 0.1, -9.81, 0.7
0.426, 0.002215662, 0.000233898, 0.426, 0.11194975, -4.17906, -4.17906, -9.81, 0.1, -9.81, 0.7
0.427, 0.002220142, 0.000234398, 0.427, 0.10777069, -4.18887, -4.18887, -9.81, 0.1, -9.81, 0.7
0.428, 0.002224963, 0.000234898, 0.428, 0.10358182, -4.19868, -4.19868, -9.81, 0.1, -9.81, 0.7
0.429, 0.002229543, 0.000235398, 0.429, 0.09938314, -4.20849, -4.20849, -9.81, 0.1, -9.81, 0.7
0.43, 0.002234233, 0.000235908, 0.43, 0.09517465, -4.2183, -4.2183, -9.81, 0.1, -9.81, 0.7
0.431, 0.002238903, 0.000236418, 0.431, 0.09095635, -4.22811, -4.22811, -9.81, 0.1, -9.81, 0.7
0.432, 0.002243443, 0.000236938, 0.432, 0.08672824, -4.23792, -4.23792, -9.81, 0.1, -9.81, 0.7
0.433, 0.002248073, 0.000237448, 0.433, 0.08249032, -4.24773, -4.24773, -9.81, 0.1, -9.81, 0.7
0.434, 0.002252763, 0.000237938, 0.434, 0.07824259, -4.25754, -4.25754, -9.81, 0.1, -9.81, 0.7
0.435, 0.002257363, 0.000238458, 0.435, 0.07398505, -4.26735, -4.26735, -9.81, 0.1, -9.81, 0.7
0.436, 0.002263483, 0.000239019, 0.436, 0.0697177, -4.27716, -4.27716, -9.81, 0.1, -9.81, 0.7
0.437, 0.002273493, 0.000239618, 0.437, 0.06544054, -4.28697, -4.28697, -9.81, 0.1, -9.81, 0.7
0.438, 0.002278304, 0.000240139, 0.438, 0.06115357, -4.29678, -4.29678, -9.81, 0.1, -9.81, 0.7
0.439, 0.002282915, 0.000240639, 0.439, 0.05685679, -4.30659, -4.30659, -9.81, 0.1, -9.81, 0.7
0.44, 0.002287566, 0.000241149, 0.44, 0.0525502, -4.3164, -4.3164, -9.81, 0.1, -9.81, 0.7
0.441, 0.002292306, 0.000241648, 0.441, 0.0482338, -4.32621, -4.32621, -9.81, 0.1, -9.81, 0.7
0.442, 0.002296826, 0.000242149, 0.442, 0.04390759, -4.33602, -4.33602, -9.81, 0.1, -9.81, 0.7
0.443, 0.002301436, 0.00024265, 0.443, 0.03957157, -4.34583, -4.34583, -9.81, 0.1, -9.81, 0.7
0.444, 0.002305976, 0.00024316, 0.444, 0.03522574, -4.35564, -4.35564, -9.81, 0.1, -9.81, 0.7
0.445, 0.002310616, 0.00024366, 0.445, 0.0308701, -4.36545, -4.36545, -9.81, 0.1, -9.81, 0.7
0.446, 0.002315366, 0.00024416, 0.446, 0.02650465, -4.37526, -4.37526, -9.81, 0.1, -9.81, 0.7
0.447, 0.002319886, 0.00024466, 0.447, 0.02212939, -4.38507, -4.38507, -9.81, 0.1, -9.81, 0.7
0.448, 0.002324896, 0.00024517, 0.448, 0.01774432, -4.39488, -4.39488, -9.81, 0.1, -9.81, 0.7
0.449, 0.002329476, 0.00024568, 0.449, 0.01334944, -4.40469, -4.40469, -9.81, 0.1, -9.81, 0.7
0.45, 0.002334026, 0.00024619, 0.45, 0.00894475, -4.4145, -4.4145, -9.81, 0.1, -9.81, 0.7
0.451, 0.002338786, 0.00024668, 0.451, 0.00453025, -4.42431, -4.42431, -9.81, 0.1, -9.81, 0.7
0.452, 0.002343376, 0.00024718, 0.452, 0.000105940000001, -4.43412, -4.43412, -9.81, 0.1, -9.81, 0.7
0.453, 0.002348256, 0.000247811, 0.453, -0.00432818, -4.44393, -4.44393, -9.81, 0.1, -9.81, 0.7
0.454, 0.002353016, 0.000248302, 0.454, -0.00877211, -4.45374, -4.45374, -9.81, 0.1, -9.81, 0.7
0.455, 0.002357517, 0.0002488, 0.455, -0.01322585, -4.46355, -4.46355, -9.81, 0.1, -9.81, 0.7
0.456, 0.002362237, 0.000249302, 0.456, -0.0176894, -4.47336, -4.47336, -9.81, 0.1, -9.81, 0.7
0.457, 0.002367407, 0.000249892, 0.457, -0.02216276, -4.48317, -4.48317, -9.81, 0.1, -9.81, 0.7
0.458, 0.002372647, 0.000250623, 0.458, -0.02664593, -4.49298, -4.49298, -9.81, 0.1, -9.81, 0.7
0.459, 0.002377247, 0.000251133, 0.459, -0.03113891, -4.50279, -4.50279, -9.81, 0.1, -9.81, 0.7
0.46, 0.002381877, 0.000251634, 0.46, -0.0356417, -4.5126, -4.5126, -9.81, 0.1, -9.81, 0.7
0.461, 0.002388187, 0.000252224, 0.461, -0.0401543, -4.52241, -4.52241, -9.81, 0.1, -9.81, 0.7
0.462, 0.002394247, 0.000252814, 0.462, -0.04467671, -4.53222, -4.53222, -9.81, 0.1, -9.81, 0.7
0.463, 0.002398867, 0.000253314, 0.463, -0.04920893, -4.54203, -4.54203, -9.81, 0.1, -9.81, 0.7
0.464, 0.002403387, 0.000253824, 0.464, -0.05375096, -4.55184, -4.55184, -9.81, 0.1, -9.81, 0.7
0.465, 0.002408077, 0.000254344, 0.465, -0.0583028, -4.56165, -4.56165, -9.81, 0.1, -9.81, 0.7
0.466, 0.002412667, 0.000254853, 0.466, -0.06286445, -4.57146, -4.57146, -9.81, 0.1, -9.81, 0.7
0.467, 0.002417157, 0.000255363, 0.467, -0.06743591, -4.58127, -4.58127, -9.81, 0.1, -9.81, 0.7
0.468, 0.002421787, 0.000255862, 0.468, -0.07201718, -4.59108, -4.59108, -9.81, 0.1, -9.81, 0.7
0.469, 0.002426348, 0.000256382, 0.469, -0.07660826, -4.60089, -4.60089, -9.81, 0.1, -9.81, 0.7
0.47, 0.002430937, 0.000256902, 0.47, -0.08120915, -4.6107, -4.6107, -9.81, 0.1, -9.81, 0.7
0.471, 0.002435627, 0.000257422, 0.471, -0.08581985, -4.62051, -4.62051, -9.81, 0.1, -9.81, 0.7
0.472, 0.002440248, 0.000257922, 0.472, -0.09044036, -4.63032, -4.63032, -9.81, 0.1, -9.81, 0.7
0.473, 0.002444868, 0.000258412, 0.473, -0.09507068, -4.64013, -4.64013, -9.81, 0.1, -9.81, 0.7
0.474, 0.002449468, 0.000258913, 0.474, -0.09971081, -4.64994, -4.64994, -9.81, 0.1, -9.81, 0.7
0.475, 0.002454048, 0.000259402, 0.475, -0.10436075, -4.65975, -4.65975, -9.81, 0.1, -9.81, 0.7
0.476, 0.002460458, 0.000259962, 0.476, -0.1090205, -4.66956, -4.66956, -9.81, 0.1, -9.81, 0.7
0.477, 0.002466698, 0.000260542, 0.477, -0.11369006, -4.67937, -4.67937, -9.81, 0.1, -9.81, 0.7
0.478, 0.002471498, 0.000261042, 0.478, -0.11836943, -4.68918, -4.68918, -9.81, 0.1, -9.81, 0.7
0.479, 0.002477428, 0.000261592, 0.479, -0.12305861, -4.69899, -4.69899, -9.81, 0.1, -9.81, 0.7
0.48, 0.002486258, 0.000262162, 0.48, -0.1277576, -4.7088, -4.7088, -9.81, 0.1, -9.81, 0.7
0.481, 0.002491088, 0.000262673, 0.481, -0.1324664, -4.71861, -4.71861, -9.81, 0.1, -9.81, 0.7
0.482, 0.002498098, 0.000263243, 0.482, -0.13718501, -4.72842, -4.72842, -9.81, 0.1, -9.81, 0.7
0.483, 0.002503628, 0.000263845, 0.483, -0.14191343, -4.73823, -4.73823, -9.81, 0.1, -9.81, 0.7
0.484, 0.002508259, 0.000264354, 0.484, -0.14665166, -4.74804, -4.74804, -9.81, 0.1, -9.81, 0.7
0.485, 0.002512888, 0.000264874, 0.485, -0.1513997, -4.75785, -4.75785, -9.81, 0.1, -9.81, 0.7
0.486, 0.002518578, 0.000265446, 0.486, -0.15615755, -4.76766, -4.76766, -9.81, 0.1, -9.81, 0.7
0.487, 0.002524818, 0.000266136, 0.487, -0.16092521, -4.77747, -4.77747, -9.81, 0.1, -9.81, 0.7
0.488, 0.002530989, 0.000266846, 0.488, -0.16570268, -4.78728, -4.78728, -9.81, 0.1, -9.81, 0.7
0.489, 0.002537149, 0.000267536, 0.489, -0.17048996, -4.79709, -4.79709, -9.81, 0.1, -9.81, 0.7
0.49, 0.002543399, 0.000268216, 0.49, -0.17528705, -4.8069, -4.8069, -9.81, 0.1, -9.81, 0.7
0.491, 0.002549979, 0.000268906, 0.491, -0.18009395, -4.81671, -4.81671, -9.81, 0.1, -9.81, 0.7
0.492, 0.002556229, 0.000269616, 0.492, -0.18491066, -4.82652, -4.82652, -9.81, 0.1, -9.81, 0.7
0.493, 0.002562379, 0.000270306, 0.493, -0.18973718, -4.83633, -4.83633, -9.81, 0.1, -9.81, 0.7
0.494, 0.00256877, 0.000270977, 0.494, -0.19457351, -4.84614, -4.84614, -9.81, 0.1, -9.81, 0.7
0.495, 0.002574541, 0.000271587, 0.495, -0.19941965, -4.85595, -4.85595, -9.81, 0.1, -9.81, 0.7
0.496, 0.002579181, 0.000272097, 0.496, -0.2042756, -4.86576, -4.86576, -9.81, 0.1, -9.81, 0.7
0.497, 0.002583802, 0.000272598, 0.497, -0.20914136, -4.87557, -4.87557, -9.81, 0.1, -9.81, 0.7
0.498, 0.002588442, 0.000273099, 0.498, -0.21401693, -4.88538, -4.88538, -9.81, 0.1, -9.81, 0.7
0.499, 0.002592912, 0.000273608, 0.499, -0.21890231, -4.89519, -4.89519, -9.81, 0.1, -9.81, 0.7
0.5, 0.002597462, 0.000274118, 0.5, -0.2237975, -4.905, -4.905, -9.81, 0.1, -9.81, 0.7
0.501, 0.002602203, 0.000274648, 0.501, -0.2287025, -4.91481, -4.91481, -9.81, 0.1, -9.81, 0.7
0.502, 0.002606833, 0.000275137, 0.502, -0.23361731, -4.92462, -4.92462, -9.81, 0.1, -9.81, 0.7
0.503, 0.002611424, 0.000275647, 0.503, -0.23854193, -4.93443, -4.93443, -9.81, 0.1, -9.81, 0.7
0.504, 0.002616194, 0.000276157, 0.504, -0.24347636, -4.94424, -4.94424, -9.81, 0.1, -9.81, 0.7
0.505, 0.002620724, 0.000276667, 0.505, -0.2484206, -4.95405, -4.95405, -9.81, 0.1, -9.81, 0.7
0.506, 0.002625274, 0.000277177, 0.506, -0.25337465, -4.96386, -4.96386, -9.81, 0.1, -9.81, 0.7
0.507, 0.002629744, 0.000277687, 0.507, -0.25833851, -4.97367, -4.97367, -9.81, 0.1, -9.81, 0.7
0.508, 0.002634454, 0.000278207, 0.508, -0.26331218, -4.98348, -4.98348, -9.81, 0.1, -9.81, 0.7
0.509, 0.002639153, 0.000278707, 0.509, -0.26829566, -4.99329, -4.99329, -9.81, 0.1, -9.81, 0.7
0.51, 0.002643663, 0.000279217, 0.51, -0.27328895, -5.0031, -5.0031, -9.81, 0.1, -9.81, 0.7
0.511, 0.002648463, 0.000279739, 0.511, -0.27829205, -5.01291, -5.01291, -9.81, 0.1, -9.81, 0.7
0.512, 0.002652943, 0.00028024, 0.512, -0.28330496, -5.02272, -5.02272, -9.81, 0.1, -9.81, 0.7
0.513, 0.002657513, 0.000280741, 0.513, -0.28832768, -5.03253, -5.03253, -9.81, 0.1, -9.81, 0.7
0.514, 0.002662283, 0.000281243, 0.514, -0.29336021, -5.04234, -5.04234, -9.81, 0.1, -9.81, 0.7
0.515, 0.002666873, 0.000281741, 0.515, -0.29840255, -5.05215, -5.05215, -9.81, 0.1, -9.81, 0.7
0.516, 0.002671443, 0.00028226, 0.516, -0.3034547, -5.06196, -5.06196, -9.81, 0.1, -9.81, 0.7
0.517, 0.002676083, 0.000282762, 0.517, -0.30851666, -5.07177, -5.07177, -9.81, 0.1, -9.81, 0.7
0.518, 0.002680623, 0.000283271, 0.518, -0.31358843, -5.08158, -5.08158, -9.81, 0.1, -9.81, 0.7
0.519, 0.002685263, 0.000283771, 0.519, -0.31867001, -5.09139, -5.09139, -9.81, 0.1, -9.81, 0.7
0.52, 0.002689773, 0.000284261, 0.52, -0.3237614, -5.1012, -5.1012, -9.81, 0.1, -9.81, 0.7
0.521, 0.002694443, 0.000284771, 0.521, -0.3288626, -5.11101, -5.11101, -9.81, 0.1, -9.81, 0.7
0.522, 0.002698933, 0.000285261, 0.522, -0.33397361, -5.12082, -5.12082, -9.81, 0.1, -9.81, 0.7
0.523, 0.002705993, 0.000285761, 0.523, -0.33909443, -5.13063, -5.13063, -9.81, 0.1, -9.81, 0.7
0.524, 0.002710843, 0.000286251, 0.524, -0.34422506, -5.14044, -5.14044, -9.81, 0.1, -9.81, 0.7
0.525, 0.002715493, 0.000286743, 0.525, -0.3493655, -5.15025, -5.15025, -9.81, 0.1, -9.81, 0.7
0.526, 0.002720173, 0.000287254, 0.526, -0.35451575, -5.16006, -5.16006, -9.81, 0.1, -9.81, 0.7
0.527, 0.002724743, 0.000287765, 0.527, -0.35967581, -5.16987, -5.16987, -9.81, 0.1, -9.81, 0.7
0.528, 0.002729253, 0.000288286, 0.528, -0.36484568, -5.17968, -5.17968, -9.81, 0.1, -9.81, 0.7
0.529, 0.002733874, 0.000288776, 0.529, -0.37002536, -5.18949, -5.18949, -9.81, 0.1, -9.81, 0.7
0.53, 0.002739354, 0.000289396, 0.53, -0.37521485, -5.1993, -5.1993, -9.81, 0.1, -9.81, 0.7
0.531, 0.002745895, 0.000290057, 0.531, -0.38041415, -5.20911, -5.20911, -9.81, 0.1, -9.81, 0.7
0.532, 0.002752004, 0.000290749, 0.532, -0.38562326, -5.21892, -5.21892, -9.81, 0.1, -9.81, 0.7
0.533, 0.002758224, 0.000291417, 0.533, -0.39084218, -5.22873, -5.22873, -9.81, 0.1, -9.81, 0.7
0.534, 0.002764445, 0.000292097, 0.534, -0.39607091, -5.23854, -5.23854, -9.81, 0.1, -9.81, 0.7
0.535, 0.002770935, 0.000292767, 0.535, -0.40130945, -5.24835, -5.24835, -9.81, 0.1, -9.81, 0.7
0.536, 0.002777205, 0.000293457, 0.536, -0.4065578, -5.25816, -5.25816, -9.81, 0.1, -9.81, 0.7
0.537, 0.002783405, 0.000294137, 0.537, -0.41181596, -5.26797, -5.26797, -9.81, 0.1, -9.81, 0.7
0.538, 0.002789775, 0.000294837, 0.538, -0.41708393, -5.27778, -5.27778, -9.81, 0.1, -9.81, 0.7
0.539, 0.002795045, 0.000295427, 0.539, -0.42236171, -5.28759, -5.28759, -9.81, 0.1, -9.81, 0.7
0.54, 0.002799625, 0.000295937, 0.54, -0.4276493, -5.2974, -5.2974, -9.81, 0.1, -9.81, 0.7
0.541, 0.002804194, 0.000296455, 0.541, -0.4329467, -5.30721, -5.30721, -9.81, 0.1, -9.81, 0.7
0.542, 0.002808794, 0.000296956, 0.542, -0.43825391, -5.31702, -5.31702, -9.81, 0.1, -9.81, 0.7
0.543, 0.002813354, 0.000297457, 0.543, -0.44357093, -5.32683, -5.32683, -9.81, 0.1, -9.81, 0.7
0.544, 0.002817785, 0.000297955, 0.544, -0.44889776, -5.33664, -5.33664, -9.81, 0.1, -9.81, 0.7
0.545, 0.002822315, 0.000298445, 0.545, -0.4542344, -5.34645, -5.34645, -9.81, 0.1, -9.81, 0.7
0.546, 0.002826805, 0.000298946, 0.546, -0.45958085, -5.35626, -5.35626, -9.81, 0.1, -9.81, 0.7
0.547, 0.002831414, 0.000299446, 0.547, -0.46493711, -5.36607, -5.36607, -9.81, 0.1, -9.81, 0.7
0.548, 0.002836034, 0.000299947, 0.548, -0.47030318, -5.37588, -5.37588, -9.81, 0.1, -9.81, 0.7
0.549, 0.002840545, 0.000300447, 0.549, -0.47567906, -5.38569, -5.38569, -9.81, 0.1, -9.81, 0.7
0.55, 0.002845165, 0.000300947, 0.55, -0.48106475, -5.3955, -5.3955, -9.81, 0.1, -9.81, 0.7
0.551, 0.002849765, 0.000301447, 0.551, -0.48646025, -5.40531, -5.40531, -9.81, 0.1, -9.81, 0.7
0.552, 0.002854335, 0.000301937, 0.552, -0.49186556, -5.41512, -5.41512, -9.81, 0.1, -9.81, 0.7
0.553, 0.002858935, 0.000302447, 0.553, -0.49728068, -5.42493, -5.42493, -9.81, 0.1, -9.81, 0.7
0.554, 0.002863435, 0.000302947, 0.554, -0.50270561, -5.43474, -5.43474, -9.81, 0.1, -9.81, 0.7
0.555, 0.002868014, 0.000303457, 0.555, -0.50814035, -5.44455, -5.44455, -9.81, 0.1, -9.81, 0.7
0.556, 0.002872633, 0.000303948, 0.556, -0.5135849, -5.45436, -5.45436, -9.81, 0.1, -9.81, 0.7
0.557, 0.002877203, 0.000304439, 0.557, -0.51903926, -5.46417, -5.46417, -9.81, 0.1, -9.81, 0.7
0.558, 0.002881883, 0.000304939, 0.558, -0.52450343, -5.47398, -5.47398, -9.81, 0.1, -9.81, 0.7
0.559, 0.002886384, 0.000305449, 0.559, -0.52997741, -5.48379, -5.48379, -9.81, 0.1, -9.81, 0.7
0.56, 0.002890944, 0.00030593, 0.56, -0.5354612, -5.4936, -5.4936, -9.81, 0.1, -9.81, 0.7
0.561, 0.002895565, 0.00030645, 0.561, -0.5409548, -5.50341, -5.50341, -9.81, 0.1, -9.81, 0.7
0.562, 0.002900185, 0.000306959, 0.562, -0.54645821, -5.51322, -5.51322, -9.81, 0.1, -9.81, 0.7
0.563, 0.002904805, 0.00030746, 0.563, -0.55197143, -5.52303, -5.52303, -9.81, 0.1, -9.81, 0.7
0.564, 0.002909335, 0.000307971, 0.564, -0.55749446, -5.53284, -5.53284, -9.81, 0.1, -9.81, 0.7
0.565, 0.002913925, 0.000308481, 0.565, -0.5630273, -5.54265, -5.54265, -9.81, 0.1, -9.81, 0.7
0.566, 0.002921015, 0.000308981, 0.566, -0.56856995, -5.55246, -5.55246, -9.81, 0.1, -9.81, 0.7
0.567, 0.002925595, 0.000309491, 0.567, -0.57412241, -5.56227, -5.56227, -9.81, 0.1, -9.81, 0.7
0.568, 0.002930155, 0.000309991, 0.568, -0.57968468, -5.57208, -5.57208, -9.81, 0.1, -9.81, 0.7
0.569, 0.002934695, 0.000310501, 0.569, -0.58525676, -5.58189, -5.58189, -9.81, 0.1, -9.81, 0.7
0.57, 0.002939165, 0.000310991, 0.57, -0.59083865, -5.5917, -5.5917, -9.81, 0.1, -9.81, 0.7
0.571, 0.002943865, 0.0003115, 0.571, -0.59643035, -5.60151, -5.60151, -9.81, 0.1, -9.81, 0.7
0.572, 0.002948545, 0.000312019, 0.572, -0.60203186, -5.61132, -5.61132, -9.81, 0.1, -9.81, 0.7
0.573, 0.002953145, 0.000312497, 0.573, -0.60764318, -5.62113, -5.62113, -9.81, 0.1, -9.81, 0.7
0.574, 0.002957816, 0.000312997, 0.574, -0.61326431, -5.63094, -5.63094, -9.81, 0.1, -9.81, 0.7
0.575, 0.002962347, 0.000313506, 0.575, -0.61889525, -5.64075, -5.64075, -9.81, 0.1, -9.81, 0.7
0.576, 0.002966958, 0.000314007, 0.576, -0.624536, -5.65056, -5.65056, -9.81, 0.1, -9.81, 0.7
0.577, 0.002971528, 0.000314507, 0.577, -0.63018656, -5.66037, -5.66037, -9.81, 0.1, -9.81, 0.7
0.578, 0.002978237, 0.000315626, 0.578, -0.63584693, -5.67018, -5.67018, -9.81, 0.1, -9.81, 0.7
0.579, 0.002983897, 0.000316217, 0.579, -0.64151711, -5.67999, -5.67999, -9.81, 0.1, -9.81, 0.7
0.58, 0.002988528, 0.000316726, 0.58, -0.6471971, -5.6898, -5.6898, -9.81, 0.1, -9.81, 0.7
0.581, 0.002993148, 0.000317237, 0.581, -0.6528869, -5.69961, -5.69961, -9.81, 0.1, -9.81, 0.7
0.582, 0.002997778, 0.000317747, 0.582, -0.65858651, -5.70942, -5.70942, -9.81, 0.1, -9.81, 0.7
0.583, 0.003002408, 0.000318247, 0.583, -0.66429593, -5.71923, -5.71923, -9.81, 0.1, -9.81, 0.7
0.584, 0.003007008, 0.000318737, 0.584, -0.67001516, -5.72904, -5.72904, -9.81, 0.1, -9.81, 0.7
0.585, 0.003011638, 0.000319247, 0.585, -0.6757442, -5.73885, -5.73885, -9.81, 0.1, -9.81, 0.7
0.586, 0.003016218, 0.000319757, 0.586, -0.68148305, -5.74866, -5.74866, -9.81, 0.1, -9.81, 0.7
0.587, 0.003020829, 0.000320247, 0.587, -0.68723171, -5.75847, -5.75847, -9.81, 0.1, -9.81, 0.7
0.588, 0.003025398, 0.000320748, 0.588, -0.69299018, -5.76828, -5.76828, -9.81, 0.1, -9.81, 0.7
0.589, 0.003030007, 0.000321256, 0.589, -0.69875846, -5.77809, -5.77809, -9.81, 0.1, -9.81, 0.7
0.59, 0.003034627, 0.000321756, 0.59, -0.70453655, -5.7879, -5.7879, -9.81, 0.1, -9.81, 0.7
0.591, 0.003039368, 0.000322267, 0.591, -0.71032445, -5.79771, -5.79771, -9.81, 0.1, -9.81, 0.7
0.592, 0.003044469, 0.000323266, 0.592, -0.71612216, -5.80752, -5.80752, -9.81, 0.1, -9.81, 0.7
0.593, 0.003050949, 0.000323914, 0.593, -0.72192968, -5.81733, -5.81733, -9.81, 0.1, -9.81, 0.7
0.594, 0.003056479, 0.000324556, 0.594, -0.72774701, -5.82714, -5.82714, -9.81, 0.1, -9.81, 0.7
0.595, 0.003061009, 0.000325056, 0.595, -0.73357415, -5.83695, -5.83695, -9.81, 0.1, -9.81, 0.7
0.596, 0.003067729, 0.000325626, 0.596, -0.7394111, -5.84676, -5.84676, -9.81, 0.1, -9.81, 0.7
0.597, 0.003073329, 0.000326226, 0.597, -0.74525786, -5.85657, -5.85657, -9.81, 0.1, -9.81, 0.7
0.598, 0.003077979, 0.000326736, 0.598, -0.75111443, -5.86638, -5.86638, -9.81, 0.1, -9.81, 0.7
0.599, 0.003084379, 0.000327336, 0.599, -0.75698081, -5.87619, -5.87619, -9.81, 0.1, -9.81, 0.7
0.6, 0.003090148, 0.000327946, 0.6, -0.762857, -5.886, -5.886, -9.81, 0.1, -9.81, 0.7
0.601, 0.003094938, 0.000328457, 0.601, -0.768743, -5.89581, -5.89581, -9.81, 0.1, -9.81, 0.7
0.602, 0.003100868, 0.000329017, 0.602, -0.77463881, -5.90562, -5.90562, -9.81, 0.1, -9.81, 0.7
0.603, 0.003106948, 0.000329659, 0.603, -0.78054443, -5.91543, -5.91543, -9.81, 0.1, -9.81, 0.7
0.604, 0.003112918, 0.000330318, 0.604, -0.78645986, -5.92524, -5.92524, -9.81, 0.1, -9.81, 0.7
0.605, 0.003119118, 0.000330988, 0.605, -0.7923851, -5.93505, -5.93505, -9.81, 0.1, -9.81, 0.7
0.606, 0.003125428, 0.000331687, 0.606, -0.79832015, -5.94486, -5.94486, -9.81, 0.1, -9.81, 0.7
0.607, 0.003131798, 0.000332368, 0.607, -0.80426501, -5.95467, -5.95467, -9.81, 0.1, -9.81, 0.7
0.608, 0.003137948, 0.000333018, 0.608, -0.81021968, -5.96448, -5.96448, -9.81, 0.1, -9.81, 0.7
0.609, 0.003151379, 0.000333698, 0.609, -0.81618416, -5.97429, -5.97429, -9.81, 0.1, -9.81, 0.7
0.61, 0.003157629, 0.000334368, 0.61, -0.82215845, -5.9841, -5.9841, -9.81, 0.1, -9.81, 0.7
0.611, 0.003163899, 0.000335038, 0.611, -0.82814255, -5.99391, -5.99391, -9.81, 0.1, -9.81, 0.7
0.612, 0.003169889, 0.000335718, 0.612, -0.83413646, -6.00372, -6.00372, -9.81, 0.1, -9.81, 0.7
0.613, 0.003176389, 0.000336367, 0.613, -0.84014018, -6.01353, -6.01353, -9.81, 0.1, -9.81, 0.7
0.614, 0.003182399, 0.000337036, 0.614, -0.84615371, -6.02334, -6.02334, -9.81, 0.1, -9.81, 0.7
0.615, 0.003188539, 0.000337714, 0.615, -0.85217705, -6.03315, -6.03315, -9.81, 0.1, -9.81, 0.7
0.616, 0.003194619, 0.000338375, 0.616, -0.8582102, -6.04296, -6.04296, -9.81, 0.1, -9.81, 0.7
0.617, 0.00320076, 0.000338984, 0.617, -0.86425316, -6.05277, -6.05277, -9.81, 0.1, -9.81, 0.7
0.618, 0.003205309, 0.000339485, 0.618, -0.87030593, -6.06258, -6.06258, -9.81, 0.1, -9.81, 0.7
0.619, 0.003209789, 0.000339994, 0.619, -0.87636851, -6.07239, -6.07239, -9.81, 0.1, -9.81, 0.7
0.62, 0.003214259, 0.000340505, 0.62, -0.8824409, -6.0822, -6.0822, -9.81, 0.1, -9.81, 0.7
0.621, 0.00321884, 0.000341014, 0.621, -0.8885231, -6.09201, -6.09201, -9.81, 0.1, -9.81, 0.7
0.622, 0.00322338, 0.000341524, 0.622, -0.89461511, -6.10182, -6.10182, -9.81, 0.1, -9.81, 0.7
0.623, 0.00322798, 0.000342044, 0.623, -0.90071693, -6.11163, -6.11163, -9.81, 0.1, -9.81, 0.7
0.624, 0.00323259, 0.000342544, 0.624, -0.90682856, -6.12144, -6.12144, -9.81, 0.1, -9.81, 0.7
0.625, 0.00323707, 0.000343034, 0.625, -0.91295, -6.13125, -6.13125, -9.81, 0.1, -9.81, 0.7
0.626, 0.0032416, 0.000343534, 0.626, -0.91908125, -6.14106, -6.14106, -9.81, 0.1, -9.81, 0.7
0.627, 0.00324612, 0.000344024, 0.627, -0.92522231, -6.15087, -6.15087, -9.81, 0.1, -9.81, 0.7
0.628, 0.00325067, 0.000344534, 0.628, -0.93137318, -6.16068, -6.16068, -9.81, 0.1, -9.81, 0.7
0.629, 0.00325516, 0.000345013, 0.629, -0.93753386, -6.17049, -6.17049, -9.81, 0.1, -9.81, 0.7
0.63, 0.003259711, 0.000345502, 0.63, -0.94370435, -6.1803, -6.1803, -9.81, 0.1, -9.81, 0.7
0.631, 0.003264332, 0.000346003, 0.631, -0.94988465, -6.19011, -6.19011, -9.81, 0.1, -9.81, 0.7
0.632, 0.003268911, 0.000346513, 0.632, -0.95607476, -6.19992, -6.19992, -9.81, 0.1, -9.81, 0.7
0.633, 0.003273391, 0.000347003, 0.633, -0.96227468, -6.20973, -6.20973, -9.81, 0.1, -9.81, 0.7
0.634, 0.003277991, 0.000347512, 0.634, -0.96848441, -6.21954, -6.21954, -9.81, 0.1, -9.81, 0.7
0.635, 0.003282521, 0.000348013, 0.635, -0.97470395, -6.22935, -6.22935, -9.81, 0.1, -9.81, 0.7
0.636, 0.003301381, 0.000348513, 0.636, -0.9809333, -6.23916, -6.23916, -9.81, 0.1, -9.81, 0.7
0.637, 0.003306041, 0.000349013, 0.637, -0.98717246, -6.24897, -6.24897, -9.81, 0.1, -9.81, 0.7
0.638, 0.003310651, 0.000349523, 0.638, -0.99342143, -6.25878, -6.25878, -9.81, 0.1, -9.81, 0.7
0.639, 0.003315151, 0.000350032, 0.639, -0.99968021, -6.26859, -6.26859, -9.81, 0.1, -9.81, 0.7
0.64, 0.00331972, 0.000350532, 0.64, -1.0059488, -6.2784, -6.2784, -9.81, 0.1, -9.81, 0.7
0.641, 0.00332426, 0.000351033, 0.641, -1.0122272, -6.28821, -6.28821, -9.81, 0.1, -9.81, 0.7
0.642, 0.003328831, 0.000351513, 0.642, -1.01851541, -6.29802, -6.29802, -9.81, 0.1, -9.81, 0.7
0.643, 0.00333348, 0.000352014, 0.643, -1.02481343, -6.30783, -6.30783, -9.81, 0.1, -9.81, 0.7
0.644, 0.003338049, 0.000352513, 0.644, -1.03112126, -6.31764, -6.31764, -9.81, 0.1, -9.81, 0.7
0.645, 0.003342619, 0.000353033, 0.645, -1.0374389, -6.32745, -6.32745, -9.81, 0.1, -9.81, 0.7
0.646, 0.003347118, 0.000353542, 0.646, -1.04376635, -6.33726, -6.33726, -9.81, 0.1, -9.81, 0.7
0.647, 0.003351647, 0.000354051, 0.647, -1.05010361, -6.34707, -6.34707, -9.81, 0.1, -9.81, 0.7
0.648, 0.003356217, 0.000354561, 0.648, -1.05645068, -6.35688, -6.35688, -9.81, 0.1, -9.81, 0.7
0.649, 0.003360678, 0.000355082, 0.649, -1.06280756, -6.36669, -6.36669, -9.81, 0.1, -9.81, 0.7
0.65, 0.003365238, 0.000355571, 0.65, -1.06917425, -6.3765, -6.3765, -9.81, 0.1, -9.81, 0.7
0.651, 0.003369779, 0.00035606, 0.651, -1.07555075, -6.38631, -6.38631, -9.81, 0.1, -9.81, 0.7
0.652, 0.003377129, 0.00035655, 0.652, -1.08193706, -6.39612, -6.39612, -9.81, 0.1, -9.81, 0.7
0.653, 0.003382449, 0.00035706, 0.653, -1.08833318, -6.40593, -6.40593, -9.81, 0.1, -9.81, 0.7
0.654, 0.003388809, 0.00035772, 0.654, -1.09473911, -6.41574, -6.41574, -9.81, 0.1, -9.81, 0.7
0.655, 0.003394789, 0.0003584, 0.655, -1.10115485, -6.42555, -6.42555, -9.81, 0.1, -9.81, 0.7
0.656, 0.003401239, 0.00035908, 0.656, -1.1075804, -6.43536, -6.43536, -9.81, 0.1, -9.81, 0.7
0.657, 0.003407349, 0.000359752, 0.657, -1.11401576, -6.44517, -6.44517, -9.81, 0.1, -9.81, 0.7
0.658, 0.003413979, 0.000360435, 0.658, -1.12046093, -6.45498, -6.45498, -9.81, 0.1, -9.81, 0.7
0.659, 0.003420008, 0.000361114, 0.659, -1.12691591, -6.46479, -6.46479, -9.81, 0.1, -9.81, 0.7
0.66, 0.003426168, 0.000361795, 0.66, -1.1333807, -6.4746, -6.4746, -9.81, 0.1, -9.81, 0.7
0.661, 0.003432358, 0.000362504, 0.661, -1.1398553, -6.48441, -6.48441, -9.81, 0.1, -9.81, 0.7
0.662, 0.003438707, 0.000363095, 0.662, -1.14633971, -6.49422, -6.49422, -9.81, 0.1, -9.81, 0.7
0.663, 0.003443307, 0.000363584, 0.663, -1.15283393, -6.50403, -6.50403, -9.81, 0.1, -9.81, 0.7
0.664, 0.003447857, 0.000364085, 0.664, -1.15933796, -6.51384, -6.51384, -9.81, 0.1, -9.81, 0.7
0.665, 0.003452377, 0.000364585, 0.665, -1.1658518, -6.52365, -6.52365, -9.81, 0.1, -9.81, 0.7
0.666, 0.003456867, 0.000365105, 0.666, -1.17237545, -6.53346, -6.53346, -9.81, 0.1, -9.81, 0.7
0.667, 0.003461427, 0.000365615, 0.667, -1.17890891, -6.54327, -6.54327, -9.81, 0.1, -9.81, 0.7
0.668, 0.003465967, 0.000366125, 0.668, -1.18545218, -6.55308, -6.55308, -9.81, 0.1, -9.81, 0.7
0.669, 0.003470517, 0.000366635, 0.669, -1.19200526, -6.56289, -6.56289, -9.81, 0.1, -9.81, 0.7
0.67, 0.003474977, 0.000367135, 0.67, -1.19856815, -6.5727, -6.5727, -9.81, 0.1, -9.81, 0.7
0.671, 0.003479567, 0.000367645, 0.671, -1.20514085, -6.58251, -6.58251, -9.81, 0.1, -9.81, 0.7
0.672, 0.003484076, 0.000368135, 0.672, -1.21172336, -6.59232, -6.59232, -9.81, 0.1, -9.81, 0.7
0.673, 0.003488497, 0.000368646, 0.673, -1.21831568, -6.60213, -6.60213, -9.81, 0.1, -9.81, 0.7
0.674, 0.003493007, 0.000369144, 0.674, -1.22491781, -6.61194, -6.61194, -9.81, 0.1, -9.81, 0.7
0.675, 0.003497447, 0.000369635, 0.675, -1.23152975, -6.62175, -6.62175, -9.81, 0.1, -9.81, 0.7
0.676, 0.003501967, 0.000370155, 0.676, -1.2381515, -6.63156, -6.63156, -9.81, 0.1, -9.81, 0.7
0.677, 0.003506617, 0.000370676, 0.677, -1.24478306, -6.64137, -6.64137, -9.81, 0.1, -9.81, 0.7
0.678, 0.003511126, 0.000371176, 0.678, -1.25142443, -6.65118, -6.65118, -9.81, 0.1, -9.81, 0.7
0.679, 0.003515716, 0.000371686, 0.679, -1.25807561, -6.66099, -6.66099, -9.81, 0.1, -9.81, 0.7
0.68, 0.003520206, 0.000372177, 0.68, -1.2647366, -6.6708, -6.6708, -9.81, 0.1, -9.81, 0.7
0.681, 0.003524736, 0.000372677, 0.681, -1.2714074, -6.68061, -6.68061, -9.81, 0.1, -9.81, 0.7
0.682, 0.003529276, 0.000373177, 0.682, -1.27808801, -6.69042, -6.69042, -9.81, 0.1, -9.81, 0.7
0.683, 0.003535566, 0.000373747, 0.683, -1.28477843, -6.70023, -6.70023, -9.81, 0.1, -9.81, 0.7
0.684, 0.003541666, 0.000374347, 0.684, -1.29147866, -6.71004, -6.71004, -9.81, 0.1, -9.81, 0.7
0.685, 0.003546416, 0.000374847, 0.685, -1.2981887, -6.71985, -6.71985, -9.81, 0.1, -9.81, 0.7
0.686, 0.003550995, 0.000375336, 0.686, -1.30490855, -6.72966, -6.72966, -9.81, 0.1, -9.81, 0.7
0.687, 0.003555605, 0.000375846, 0.687, -1.31163821, -6.73947, -6.73947, -9.81, 0.1, -9.81, 0.7
0.688, 0.003560224, 0.000376346, 0.688, -1.31837768, -6.74928, -6.74928, -9.81, 0.1, -9.81, 0.7
0.689, 0.003564645, 0.000376846, 0.689, -1.32512696, -6.75909, -6.75909, -9.81, 0.1, -9.81, 0.7
0.69, 0.003569216, 0.000377346, 0.69, -1.33188605, -6.7689, -6.7689, -9.81, 0.1, -9.81, 0.7
0.691, 0.003573936, 0.000377866, 0.691, -1.33865495, -6.77871, -6.77871, -9.81, 0.1, -9.81, 0.7
0.692, 0.003578546, 0.000378367, 0.692, -1.34543366, -6.78852, -6.78852, -9.81, 0.1, -9.81, 0.7
0.693, 0.003583156, 0.000378877, 0.693, -1.35222218, -6.79833, -6.79833, -9.81, 0.1, -9.81, 0.7
0.694, 0.003587576, 0.000379378, 0.694, -1.35902051, -6.80814, -6.80814, -9.81, 0.1, -9.81, 0.7
0.695, 0.003595416, 0.000379889, 0.695, -1.36582865, -6.81795, -6.81795, -9.81, 0.1, -9.81, 0.7
0.696, 0.003600097, 0.000380409, 0.696, -1.3726466, -6.82776, -6.82776, -9.81, 0.1, -9.81, 0.7
0.697, 0.003604677, 0.000380899, 0.697, -1.37947436, -6.83757, -6.83757, -9.81, 0.1, -9.81, 0.7
0.698, 0.003609187, 0.000381399, 0.698, -1.38631193, -6.84738, -6.84738, -9.81, 0.1, -9.81, 0.7
0.699, 0.003613737, 0.000381889, 0.699, -1.39315931, -6.85719, -6.85719, -9.81, 0.1, -9.81, 0.7
0.7, 0.003618187, 0.000382389, 0.7, -1.4000165, -6.867, -6.867, -9.81, 0.1, -9.81, 0.7
0.701, 0.003622837, 0.000382889, 0.701, -1.4068835, -6.87681, -6.87681, -9.81, 0.1, -9.81, 0.7
0.702, 0.003627377, 0.000383389, 0.702, -1.41376031, -6.88662, -6.88662, -9.81, 0.1, -9.81, 0.7
0.703, 0.003631818, 0.000383909, 0.703, -1.42064693, -6.89643, -6.89643, -9.81, 0.1, -9.81, 0.7
0.704, 0.003636298, 0.000384409, 0.704, -1.42754336, -6.90624, -6.90624, -9.81, 0.1, -9.81, 0.7
0.705, 0.003640968, 0.00038491, 0.705, -1.4344496, -6.91605, -6.91605, -9.81, 0.1, -9.81, 0.7
0.706, 0.003645618, 0.00038543, 0.706, -1.44136565, -6.92586, -6.92586, -9.81, 0.1, -9.81, 0.7
0.707, 0.003650197, 0.000385907, 0.707, -1.44829151, -6.93567, -6.93567, -9.81, 0.1, -9.81, 0.7
0.708, 0.003654707, 0.000386399, 0.708, -1.45522718, -6.94548, -6.94548, -9.81, 0.1, -9.81, 0.7
0.709, 0.003659237, 0.000386899, 0.709, -1.46217266, -6.95529, -6.95529, -9.81, 0.1, -9.81, 0.7
0.71, 0.003663697, 0.000387397, 0.71, -1.46912795, -6.9651, -6.9651, -9.81, 0.1, -9.81, 0.7
0.711, 0.003668297, 0.000387897, 0.711, -1.47609305, -6.97491, -6.97491, -9.81, 0.1, -9.81, 0.7
0.712, 0.003672876, 0.000388398, 0.712, -1.48306796, -6.98472, -6.98472, -9.81, 0.1, -9.81, 0.7
0.713, 0.003677466, 0.000388908, 0.713, -1.49005268, -6.99453, -6.99453, -9.81, 0.1, -9.81, 0.7
0.714, 0.003682016, 0.000389398, 0.714, -1.49704721, -7.00434, -7.00434, -9.81, 0.1, -9.81, 0.7
0.715, 0.003686496, 0.000389908, 0.715, -1.50405155, -7.01415, -7.01415, -9.81, 0.1, -9.81, 0.7
0.716, 0.003691006, 0.000390408, 0.716, -1.5110657, -7.02396, -7.02396, -9.81, 0.1, -9.81, 0.7
0.717, 0.003695666, 0.000390908, 0.717, -1.51808966, -7.03377, -7.03377, -9.81, 0.1, -9.81, 0.7
0.718, 0.003700116, 0.000391418, 0.718, -1.52512343, -7.04358, -7.04358, -9.81, 0.1, -9.81, 0.7
0.719, 0.003704686, 0.000391909, 0.719, -1.53216701, -7.05339, -7.05339, -9.81, 0.1, -9.81, 0.7
0.72, 0.003709166, 0.000392408, 0.72, -1.5392204, -7.0632, -7.0632, -9.81, 0.1, -9.81, 0.7
0.721, 0.003713757, 0.000392928, 0.721, -1.5462836, -7.07301, -7.07301, -9.81, 0.1, -9.81, 0.7
0.722, 0.003718246, 0.000393429, 0.722, -1.55335661, -7.08282, -7.08282, -9.81, 0.1, -9.81, 0.7
0.723, 0.003722686, 0.00039393, 0.723, -1.56043943, -7.09263, -7.09263, -9.81, 0.1, -9.81, 0.7
0.724, 0.003727275, 0.00039442, 0.724, -1.56753206, -7.10244, -7.10244, -9.81, 0.1, -9.81, 0.7
0.725, 0.003731746, 0.000394919, 0.725, -1.5746345, -7.11225, -7.11225, -9.81, 0.1, -9.81, 0.7
0.726, 0.003736236, 0.000395409, 0.726, -1.58174675, -7.12206, -7.12206, -9.81, 0.1, -9.81, 0.7
0.727, 0.003740766, 0.000395918, 0.727, -1.58886881, -7.13187, -7.13187, -9.81, 0.1, -9.81, 0.7
0.728, 0.003745206, 0.000396437, 0.728, -1.59600068, -7.14168, -7.14168, -9.81, 0.1, -9.81, 0.7
0.729, 0.003749785, 0.000396937, 0.729, -1.60314236, -7.15149, -7.15149, -9.81, 0.1, -9.81, 0.7
0.73, 0.003754315, 0.000397428, 0.73, -1.61029385, -7.1613, -7.1613, -9.81, 0.1, -9.81, 0.7
0.731, 0.003758895, 0.000397928, 0.731, -1.61745515, -7.17111, -7.17111, -9.81, 0.1, -9.81, 0.7
0.732, 0.003763465, 0.000398408, 0.732, -1.62462626, -7.18092, -7.18092, -9.81, 0.1, -9.81, 0.7
0.733, 0.003767895, 0.000398898, 0.733, -1.63180718, -7.19073, -7.19073, -9.81, 0.1, -9.81, 0.7
0.734, 0.003772425, 0.000399388, 0.734, -1.63899791, -7.20054, -7.20054, -9.81, 0.1, -9.81, 0.7
0.735, 0.003776875, 0.000399888, 0.735, -1.64619845, -7.21035, -7.21035, -9.81, 0.1, -9.81, 0.7
0.736, 0.003781394, 0.000400408, 0.736, -1.6534088, -7.22016, -7.22016, -9.81, 0.1, -9.81, 0.7
0.737, 0.003785963, 0.0004009, 0.737, -1.66062896, -7.22997, -7.22997, -9.81, 0.1, -9.81, 0.7
0.738, 0.003792782, 0.000401421, 0.738, -1.66785893, -7.23978, -7.23978, -9.81, 0.1, -9.81, 0.7
0.739, 0.003797392, 0.00040192, 0.739, -1.67509871, -7.24959, -7.24959, -9.81, 0.1, -9.81, 0.7
0.74, 0.003801893, 0.000402411, 0.74, -1.6823483, -7.2594, -7.2594, -9.81, 0.1, -9.81, 0.7
0.741, 0.003806533, 0.000402911, 0.741, -1.6896077, -7.26921, -7.26921, -9.81, 0.1, -9.81, 0.7
0.742, 0.003811044, 0.00040341, 0.742, -1.69687691, -7.27902, -7.27902, -9.81, 0.1, -9.81, 0.7
0.743, 0.003815524, 0.00040391, 0.743, -1.70415593, -7.28883, -7.28883, -9.81, 0.1, -9.81, 0.7
0.744, 0.003820004, 0.00040441, 0.744, -1.71144476, -7.29864, -7.29864, -9.81, 0.1, -9.81, 0.7
0.745, 0.003824514, 0.00040491, 0.745, -1.7187434, -7.30845, -7.30845, -9.81, 0.1, -9.81, 0.7
0.746, 0.003828995, 0.000405409, 0.746, -1.72605185, -7.31826, -7.31826, -9.81, 0.1, -9.81, 0.7
0.747, 0.003833505, 0.000405919, 0.747, -1.73337011, -7.32807, -7.32807, -9.81, 0.1, -9.81, 0.7
0.748, 0.003838115, 0.000406409, 0.748, -1.74069818, -7.33788, -7.33788, -9.81, 0.1, -9.81, 0.7
0.749, 0.003842615, 0.000406919, 0.749, -1.74803606, -7.34769, -7.34769, -9.81, 0.1, -9.81, 0.7
0.75, 0.003847175, 0.000407399, 0.75, -1.75538375, -7.3575, -7.3575, -9.81, 0.1, -9.81, 0.7
0.751, 0.003851765, 0.000407889, 0.751, -1.76274125, -7.36731, -7.36731, -9.81, 0.1, -9.81, 0.7
0.752, 0.003856246, 0.000408389, 0.752, -1.77010856, -7.37712, -7.37712, -9.81, 0.1, -9.81, 0.7
0.753, 0.003860726, 0.000408899, 0.753, -1.77748568, -7.38693, -7.38693, -9.81, 0.1, -9.81, 0.7
0.754, 0.003865236, 0.000409398, 0.754, -1.78487261, -7.39674, -7.39674, -9.81, 0.1, -9.81, 0.7
0.755, 0.003869796, 0.000409898, 0.755, -1.79226935, -7.40655, -7.40655, -9.81, 0.1, -9.81, 0.7
0.756, 0.003874276, 0.0004104, 0.756, -1.7996759, -7.41636, -7.41636, -9.81, 0.1, -9.81, 0.7
0.757, 0.003878876, 0.000410901, 0.757, -1.80709226, -7.42617, -7.42617, -9.81, 0.1, -9.81, 0.7
0.758, 0.003883337, 0.000411389, 0.758, -1.81451843, -7.43598, -7.43598, -9.81, 0.1, -9.81, 0.7
0.759, 0.003887796, 0.00041187, 0.759, -1.82195441, -7.44579, -7.44579, -9.81, 0.1, -9.81, 0.7
0.76, 0.003892327, 0.000412351, 0.76, -1.8294002, -7.4556, -7.4556, -9.81, 0.1, -9.81, 0.7
0.761, 0.003896847, 0.000412831, 0.761, -1.8368558, -7.46541, -7.46541, -9.81, 0.1, -9.81, 0.7
0.762, 0.003901358, 0.00041334, 0.762, -1.84432121, -7.47522, -7.47522, -9.81, 0.1, -9.81, 0.7
0.763, 0.003905808, 0.00041384, 0.763, -1.85179643, -7.48503, -7.48503, -9.81, 0.1, -9.81, 0.7
0.764, 0.003910338, 0.00041434, 0.764, -1.85928146, -7.49484, -7.49484, -9.81, 0.1, -9.81, 0.7
0.765, 0.003914888, 0.00041485, 0.765, -1.8667763, -7.50465, -7.50465, -9.81, 0.1, -9.81, 0.7
0.766, 0.003919368, 0.00041536, 0.766, -1.87428095, -7.51446, -7.51446, -9.81, 0.1, -9.81, 0.7
0.767, 0.003923848, 0.00041586, 0.767, -1.88179541, -7.52427, -7.52427, -9.81, 0.1, -9.81, 0.7
0.768, 0.003928368, 0.00041636, 0.768, -1.88931968, -7.53408, -7.53408, -9.81, 0.1, -9.81, 0.7
0.769, 0.003932898, 0.000416871, 0.769, -1.89685376, -7.54389, -7.54389, -9.81, 0.1, -9.81, 0.7
0.77, 0.003937509, 0.00041735, 0.77, -1.90439765, -7.5537, -7.5537, -9.81, 0.1, -9.81, 0.7
0.771, 0.003942029, 0.00041784, 0.771, -1.91195135, -7.56351, -7.56351, -9.81, 0.1, -9.81, 0.7
0.772, 0.003946589, 0.000418348, 0.772, -1.91951486, -7.57332, -7.57332, -9.81, 0.1, -9.81, 0.7
0.773, 0.00395104, 0.000418859, 0.773, -1.92708818, -7.58313, -7.58313, -9.81, 0.1, -9.81, 0.7
0.774, 0.003955619, 0.000419358, 0.774, -1.93467131, -7.59294, -7.59294, -9.81, 0.1, -9.81, 0.7
0.775, 0.003960339, 0.000419857, 0.775, -1.94226425, -7.60275, -7.60275, -9.81, 0.1, -9.81, 0.7
0.776, 0.003964798, 0.000420367, 0.776, -1.949867, -7.61256, -7.61256, -9.81, 0.1, -9.81, 0.7
0.777, 0.003969358, 0.000420876, 0.777, -1.95747956, -7.62237, -7.62237, -9.81, 0.1, -9.81, 0.7
0.778, 0.003973918, 0.000421377, 0.778, -1.96510193, -7.63218, -7.63218, -9.81, 0.1, -9.81, 0.7
0.779, 0.003978388, 0.000421877, 0.779, -1.97273411, -7.64199, -7.64199, -9.81, 0.1, -9.81, 0.7
0.78, 0.003982978, 0.000422377, 0.78, -1.9803761, -7.6518, -7.6518, -9.81, 0.1, -9.81, 0.7
0.781, 0.003989748, 0.000422887, 0.781, -1.9880279, -7.66161, -7.66161, -9.81, 0.1, -9.81, 0.7
0.782, 0.003994398, 0.000423407, 0.782, -1.99568951, -7.67142, -7.67142, -9.81, 0.1, -9.81, 0.7
0.783, 0.003999008, 0.000423897, 0.783, -2.00336093, -7.68123, -7.68123, -9.81, 0.1, -9.81, 0.7
0.784, 0.004003448, 0.000424417, 0.784, -2.01104216, -7.69104, -7.69104, -9.81, 0.1, -9.81, 0.7
0.785, 0.004007978, 0.000424927, 0.785, -2.0187332, -7.70085, -7.70085, -9.81, 0.1, -9.81, 0.7
0.786, 0.004012547, 0.000425427, 0.786, -2.02643405, -7.71066, -7.71066, -9.81, 0.1, -9.81, 0.7
0.787, 0.004017048, 0.000425917, 0.787, -2.03414471, -7.72047, -7.72047, -9.81, 0.1, -9.81, 0.7
0.788, 0.004021638, 0.000426416, 0.788, -2.04186518, -7.73028, -7.73028, -9.81, 0.1, -9.81, 0.7
0.789, 0.004026229, 0.000426897, 0.789, -2.04959546, -7.74009, -7.74009, -9.81, 0.1, -9.81, 0.7
0.79, 0.004030768, 0.000427406, 0.79, -2.05733555, -7.7499, -7.7499, -9.81, 0.1, -9.81, 0.7
0.791, 0.004035427, 0.000427907, 0.791, -2.06508545, -7.75971, -7.75971, -9.81, 0.1, -9.81, 0.7
0.792, 0.004039898, 0.000428408, 0.792, -2.07284516, -7.76952, -7.76952, -9.81, 0.1, -9.81, 0.7
0.793, 0.004044548, 0.000428919, 0.793, -2.08061468, -7.77933, -7.77933, -9.81, 0.1, -9.81, 0.7
0.794, 0.004049017, 0.000429419, 0.794, -2.08839401, -7.78914, -7.78914, -9.81, 0.1, -9.81, 0.7
0.795, 0.004053588, 0.000429929, 0.795, -2.09618315, -7.79895, -7.79895, -9.81, 0.1, -9.81, 0.7
0.796, 0.004058229, 0.000430439, 0.796, -2.1039821, -7.80876, -7.80876, -9.81, 0.1, -9.81, 0.7
0.797, 0.004062709, 0.000430949, 0.797, -2.11179086, -7.81857, -7.81857, -9.81, 0.1, -9.81, 0.7
0.798, 0.004067289, 0.000431469, 0.798, -2.11960943, -7.82838, -7.82838, -9.81, 0.1, -9.81, 0.7
0.799, 0.004071769, 0.000431989, 0.799, -2.12743781, -7.83819, -7.83819, -9.81, 0.1, -9.81, 0.7
0.8, 0.004076279, 0.000432489, 0.8, -2.135276, -7.848, -7.848, -9.81, 0.1, -9.81, 0.7
0.801, 0.004080909, 0.000432979, 0.801, -2.143124, -7.85781, -7.85781, -9.81, 0.1, -9.81, 0.7
0.802, 0.004085359, 0.000433487, 0.802, -2.15098181, -7.86762, -7.86762, -9.81, 0.1, -9.81, 0.7
0.803, 0.004089839, 0.000433997, 0.803, -2.15884943, -7.87743, -7.87743, -9.81, 0.1, -9.81, 0.7
0.804, 0.00409429, 0.000434507, 0.804, -2.16672686, -7.88724, -7.88724, -9.81, 0.1, -9.81, 0.7
0.805, 0.00409877, 0.000435017, 0.805, -2.1746141, -7.89705, -7.89705, -9.81, 0.1, -9.81, 0.7
0.806, 0.004103481, 0.000435516, 0.806, -2.18251115, -7.90686, -7.90686, -9.81, 0.1, -9.81, 0.7
0.807, 0.00410801, 0.000436025, 0.807, -2.19041801, -7.91667, -7.91667, -9.81, 0.1, -9.81, 0.7
0.808, 0.00411253, 0.000436526, 0.808, -2.19833468, -7.92648, -7.92648, -9.81, 0.1, -9.81, 0.7
0.809, 0.00411698, 0.000437056, 0.809, -2.20626116, -7.93629, -7.93629, -9.81, 0.1, -9.81, 0.7
0.81, 0.004121569, 0.000437585, 0.81, -2.21419745, -7.9461, -7.9461, -9.81, 0.1, -9.81, 0.7
0.811, 0.004126109, 0.000438105, 0.811, -2.22214355, -7.95591, -7.95591, -9.81, 0.1, -9.81, 0.7
0.812, 0.004130499, 0.000438615, 0.812, -2.23009946, -7.96572, -7.96572, -9.81, 0.1, -9.81, 0.7
0.813, 0.004134989, 0.000439125, 0.813, -2.23806518, -7.97553, -7.97553, -9.81, 0.1, -9.81, 0.7
0.814, 0.004139549, 0.000439645, 0.814, -2.24604071, -7.98534, -7.98534, -9.81, 0.1, -9.81, 0.7
0.815, 0.004144359, 0.000440145, 0.815, -2.25402605, -7.99515, -7.99515, -9.81, 0.1, -9.81, 0.7
0.816, 0.004149099, 0.000440635, 0.816, -2.2620212, -8.00496, -8.00496, -9.81, 0.1, -9.81, 0.7
0.817, 0.004153639, 0.000441125, 0.817, -2.27002616, -8.01477, -8.01477, -9.81, 0.1, -9.81, 0.7
0.818, 0.004158179, 0.000441635, 0.818, -2.27804093, -8.02458, -8.02458, -9.81, 0.1, -9.81, 0.7
0.819, 0.00416272, 0.000442135, 0.819, -2.28606551, -8.03439, -8.03439, -9.81, 0.1, -9.81, 0.7
0.82, 0.004167349, 0.000442637, 0.82, -2.2940999, -8.0442, -8.0442, -9.81, 0.1, -9.81, 0.7
0.821, 0.004171999, 0.000443148, 0.821, -2.3021441, -8.05401, -8.05401, -9.81, 0.1, -9.81, 0.7
0.822, 0.004176529, 0.000443649, 0.822, -2.31019811, -8.06382, -8.06382, -9.81, 0.1, -9.81, 0.7
0.823, 0.00418114, 0.000444149, 0.823, -2.31826193, -8.07363, -8.07363, -9.81, 0.1, -9.81, 0.7
0.824, 0.004188281, 0.000444648, 0.824, -2.32633556, -8.08344, -8.08344, -9.81, 0.1, -9.81, 0.7
0.825, 0.004192961, 0.00044515, 0.825, -2.334419, -8.09325, -8.09325, -9.81, 0.1, -9.81, 0.7
0.826, 0.004197611, 0.000445651, 0.826, -2.34251225, -8.10306, -8.10306, -9.81, 0.1, -9.81, 0.7
0.827, 0.00420228, 0.000446141, 0.827, -2.35061531, -8.11287, -8.11287, -9.81, 0.1, -9.81, 0.7
0.828, 0.004206811, 0.000446651, 0.828, -2.35872818, -8.12268, -8.12268, -9.81, 0.1, -9.81, 0.7
0.829, 0.004211891, 0.000447151, 0.829, -2.36685086, -8.13249, -8.13249, -9.81, 0.1, -9.81, 0.7
0.83, 0.004216441, 0.000447641, 0.83, -2.37498335, -8.1423, -8.1423, -9.81, 0.1, -9.81, 0.7
0.831, 0.004221001, 0.000448141, 0.831, -2.38312565, -8.15211, -8.15211, -9.81, 0.1, -9.81, 0.7
0.832, 0.004225641, 0.000448641, 0.832, -2.39127776, -8.16192, -8.16192, -9.81, 0.1, -9.81, 0.7
0.833, 0.004230121, 0.000449161, 0.833, -2.39943968, -8.17173, -8.17173, -9.81, 0.1, -9.81, 0.7
0.834, 0.004234671, 0.000449661, 0.834, -2.40761141, -8.18154, -8.18154, -9.81, 0.1, -9.81, 0.7
0.835, 0.004239252, 0.000450161, 0.835, -2.41579295, -8.19135, -8.19135, -9.81, 0.1, -9.81, 0.7
0.836, 0.004243871, 0.000450759, 0.836, -2.4239843, -8.20116, -8.20116, -9.81, 0.1, -9.81, 0.7
0.837, 0.00424841, 0.000451259, 0.837, -2.43218546, -8.21097, -8.21097, -9.81, 0.1, -9.81, 0.7
0.838, 0.00425294, 0.00045176, 0.838, -2.44039643, -8.22078, -8.22078, -9.81, 0.1, -9.81, 0.7
0.839, 0.00425758, 0.000452259, 0.839, -2.44861721, -8.23059, -8.23059, -9.81, 0.1, -9.81, 0.7
0.84, 0.00426234, 0.000452758, 0.84, -2.4568478, -8.2404, -8.2404, -9.81, 0.1, -9.81, 0.7
0.841, 0.00426695, 0.000453247, 0.841, -2.4650882, -8.25021, -8.25021, -9.81, 0.1, -9.81, 0.7
0.842, 0.00427158, 0.000453757, 0.842, -2.47333841, -8.26002, -8.26002, -9.81, 0.1, -9.81, 0.7
0.843, 0.00427606, 0.000454267, 0.843, -2.48159843, -8.26983, -8.26983, -9.81, 0.1, -9.81, 0.7
0.844, 0.00428064, 0.000454757, 0.844, -2.48986826, -8.27964, -8.27964, -9.81, 0.1, -9.81, 0.7
0.845, 0.004285201, 0.000455287, 0.845, -2.4981479, -8.28945, -8.28945, -9.81, 0.1, -9.81, 0.7
0.846, 0.004289731, 0.000455787, 0.846, -2.50643735, -8.29926, -8.29926, -9.81, 0.1, -9.81, 0.7
0.847, 0.004294341, 0.000456277, 0.847, -2.51473661, -8.30907, -8.30907, -9.81, 0.1, -9.81, 0.7
0.848, 0.004298811, 0.000456767, 0.848, -2.52304568, -8.31888, -8.31888, -9.81, 0.1, -9.81, 0.7
0.849, 0.004303381, 0.000457267, 0.849, -2.53136456, -8.32869, -8.32869, -9.81, 0.1, -9.81, 0.7
0.85, 0.004308011, 0.000457777, 0.85, -2.53969325, -8.3385, -8.3385, -9.81, 0.1, -9.81, 0.7
0.851, 0.004312581, 0.000458287, 0.851, -2.54803175, -8.34831, -8.34831, -9.81, 0.1, -9.81, 0.7
0.852, 0.0043172, 0.000458796, 0.852, -2.55638006, -8.35812, -8.35812, -9.81, 0.1, -9.81, 0.7
0.853, 0.0043218, 0.000459296, 0.853, -2.56473818, -8.36793, -8.36793, -9.81, 0.1, -9.81, 0.7
0.854, 0.004326339, 0.000459805, 0.854, -2.57310611, -8.37774, -8.37774, -9.81, 0.1, -9.81, 0.7
0.855, 0.004330959, 0.000460325, 0.855, -2.58148385, -8.38755, -8.38755, -9.81, 0.1, -9.81, 0.7
0.856, 0.004335449, 0.000460835, 0.856, -2.5898714, -8.39736, -8.39736, -9.81, 0.1, -9.81, 0.7
0.857, 0.00434007, 0.000461345, 0.857, -2.59826876, -8.40717, -8.40717, -9.81, 0.1, -9.81, 0.7
0.858, 0.00434473, 0.000461863, 0.858, -2.60667593, -8.41698, -8.41698, -9.81, 0.1, -9.81, 0.7
0.859, 0.004349309, 0.000462373, 0.859, -2.61509291, -8.42679, -8.42679, -9.81, 0.1, -9.81, 0.7
0.86, 0.004353889, 0.000462885, 0.86, -2.6235197, -8.4366, -8.4366, -9.81, 0.1, -9.81, 0.7
0.861, 0.004358429, 0.000463385, 0.861, -2.6319563, -8.44641, -8.44641, -9.81, 0.1, -9.81, 0.7
0.862, 0.004363049, 0.000463885, 0.862, -2.64040271, -8.45622, -8.45622, -9.81, 0.1, -9.81, 0.7
0.863, 0.004367539, 0.000464395, 0.863, -2.64885893, -8.46603, -8.46603, -9.81, 0.1, -9.81, 0.7
0.864, 0.004372069, 0.000464935, 0.864, -2.65732496, -8.47584, -8.47584, -9.81, 0.1, -9.81, 0.7
0.865, 0.004376639, 0.000465435, 0.865, -2.6658008, -8.48565, -8.48565, -9.81, 0.1, -9.81, 0.7
0.866, 0.004381109, 0.000465925, 0.866, -2.67428645, -8.49546, -8.49546, -9.81, 0.1, -9.81, 0.7
0.867, 0.004388019, 0.000466433, 0.867, -2.68278191, -8.50527, -8.50527, -9.81, 0.1, -9.81, 0.7
0.868, 0.004392829, 0.000466932, 0.868, -2.69128718, -8.51508, -8.51508, -9.81, 0.1, -9.81, 0.7
0.869, 0.00439734, 0.000467442, 0.869, -2.69980226, -8.52489, -8.52489, -9.81, 0.1, -9.81, 0.7
0.87, 0.004401871, 0.000467952, 0.87, -2.70832715, -8.5347, -8.5347, -9.81, 0.1, -9.81, 0.7
0.871, 0.004406601, 0.000468453, 0.871, -2.71686185, -8.54451, -8.54451, -9.81, 0.1, -9.81, 0.7
0.872, 0.004411201, 0.000468963, 0.872, -2.72540636, -8.55432, -8.55432, -9.81, 0.1, -9.81, 0.7
0.873, 0.004424592, 0.000469503, 0.873, -2.73396068, -8.56413, -8.56413, -9.81, 0.1, -9.81, 0.7
0.874, 0.004429251, 0.000470013, 0.874, -2.74252481, -8.57394, -8.57394, -9.81, 0.1, -9.81, 0.7
0.875, 0.004433942, 0.000470503, 0.875, -2.75109875, -8.58375, -8.58375, -9.81, 0.1, -9.81, 0.7
0.876, 0.004438502, 0.000471013, 0.876, -2.7596825, -8.59356, -8.59356, -9.81, 0.1, -9.81, 0.7
0.877, 0.004443012, 0.000471513, 0.877, -2.76827606, -8.60337, -8.60337, -9.81, 0.1, -9.81, 0.7
0.878, 0.004447602, 0.000472023, 0.878, -2.77687943, -8.61318, -8.61318, -9.81, 0.1, -9.81, 0.7
0.879, 0.004452112, 0.000472523, 0.879, -2.78549261, -8.62299, -8.62299, -9.81, 0.1, -9.81, 0.7
0.88, 0.004456702, 0.000473023, 0.88, -2.7941156, -8.6328, -8.6328, -9.81, 0.1, -9.81, 0.7
0.881, 0.004461332, 0.000473523, 0.881, -2.8027484, -8.64261, -8.64261, -9.81, 0.1, -9.81, 0.7
0.882, 0.004465862, 0.000474022, 0.882, -2.81139101, -8.65242, -8.65242, -9.81, 0.1, -9.81, 0.7
0.883, 0.004470462, 0.000474522, 0.883, -2.82004343, -8.66223, -8.66223, -9.81, 0.1, -9.81, 0.7
0.884, 0.00447499, 0.000475012, 0.884, -2.82870566, -8.67204, -8.67204, -9.81, 0.1, -9.81, 0.7
0.885, 0.00447957, 0.000475523, 0.885, -2.8373777, -8.68185, -8.68185, -9.81, 0.1, -9.81, 0.7
0.886, 0.00448425, 0.000476012, 0.886, -2.84605955, -8.69166, -8.69166, -9.81, 0.1, -9.81, 0.7
0.887, 0.00448877, 0.000476501, 0.887, -2.85475121, -8.70147, -8.70147, -9.81, 0.1, -9.81, 0.7
0.888, 0.00449337, 0.000477, 0.888, -2.86345268, -8.71128, -8.71128, -9.81, 0.1, -9.81, 0.7
0.889, 0.00449806, 0.0004775, 0.889, -2.87216396, -8.72109, -8.72109, -9.81, 0.1, -9.81, 0.7
0.89, 0.00450269, 0.000478002, 0.89, -2.88088505, -8.7309, -8.7309, -9.81, 0.1, -9.81, 0.7
0.891, 0.00450743, 0.000478511, 0.891, -2.88961595, -8.74071, -8.74071, -9.81, 0.1, -9.81, 0.7
0.892, 0.00451202, 0.000479021, 0.892, -2.89835666, -8.75052, -8.75052, -9.81, 0.1, -9.81, 0.7
0.893, 0.00451668, 0.000479521, 0.893, -2.90710718, -8.76033, -8.76033, -9.81, 0.1, -9.81, 0.7
0.894, 0.00452134, 0.000480011, 0.894, -2.91586751, -8.77014, -8.77014, -9.81, 0.1, -9.81, 0.7
0.895, 0.00452603, 0.000480501, 0.895, -2.92463765, -8.77995, -8.77995, -9.81, 0.1, -9.81, 0.7
0.896, 0.00453064, 0.000481001, 0.896, -2.9334176, -8.78976, -8.78976, -9.81, 0.1, -9.81, 0.7
0.897, 0.00453639, 0.000481571, 0.897, -2.94220736, -8.79957, -8.79957, -9.81, 0.1, -9.81, 0.7
0.898, 0.00454252, 0.000482261, 0.898, -2.95100693, -8.80938, -8.80938, -9.81, 0.1, -9.81, 0.7
0.899, 0.00454803, 0.000482862, 0.899, -2.95981631, -8.81919, -8.81919, -9.81, 0.1, -9.81, 0.7
0.9, 0.00455263, 0.000483381, 0.9, -2.9686355, -8.829, -8.829, -9.81, 0.1, -9.81, 0.7
0.901, 0.00455724, 0.000483871, 0.901, -2.9774645, -8.83881, -8.83881, -9.81, 0.1, -9.81, 0.7
0.902, 0.004561859, 0.000484372, 0.902, -2.98630331, -8.84862, -8.84862, -9.81, 0.1, -9.81, 0.7
0.903, 0.00456645, 0.000484892, 0.903, -2.99515193, -8.85843, -8.85843, -9.81, 0.1, -9.81, 0.7
0.904, 0.004570919, 0.000485393, 0.904, -3.00401036, -8.86824, -8.86824, -9.81, 0.1, -9.81, 0.7
0.905, 0.004575459, 0.000485883, 0.905, -3.0128786, -8.87805, -8.87805, -9.81, 0.1, -9.81, 0.7
0.906, 0.00458, 0.000486394, 0.906, -3.02175665, -8.88786, -8.88786, -9.81, 0.1, -9.81, 0.7
0.907, 0.004584629, 0.000486905, 0.907, -3.03064451, -8.89767, -8.89767, -9.81, 0.1, -9.81, 0.7
0.908, 0.004589229, 0.000487415, 0.908, -3.03954218, -8.90748, -8.90748, -9.81, 0.1, -9.81, 0.7
0.909, 0.004593719, 0.000487925, 0.909, -3.04844966, -8.91729, -8.91729, -9.81, 0.1, -9.81, 0.7
0.91, 0.004600789, 0.000488435, 0.91, -3.05736695, -8.9271, -8.9271, -9.81, 0.1, -9.81, 0.7
0.911, 0.004605669, 0.000488915, 0.911, -3.06629405, -8.93691, -8.93691, -9.81, 0.1, -9.81, 0.7
0.912, 0.004610319, 0.000489425, 0.912, -3.07523096, -8.94672, -8.94672, -9.81, 0.1, -9.81, 0.7
0.913, 0.004614899, 0.000489945, 0.913, -3.08417768, -8.95653, -8.95653, -9.81, 0.1, -9.81, 0.7
0.914, 0.00461945, 0.000490435, 0.914, -3.09313421, -8.96634, -8.96634, -9.81, 0.1, -9.81, 0.7
0.915, 0.004623959, 0.000490937, 0.915, -3.10210055, -8.97615, -8.97615, -9.81, 0.1, -9.81, 0.7
0.916, 0.004628599, 0.000491436, 0.916, -3.1110767, -8.98596, -8.98596, -9.81, 0.1, -9.81, 0.7
0.917, 0.004633129, 0.000491935, 0.917, -3.12006266, -8.99577, -8.99577, -9.81, 0.1, -9.81, 0.7
0.918, 0.004637698, 0.000492415, 0.918, -3.12905843, -9.00558, -9.00558, -9.81, 0.1, -9.81, 0.7
0.919, 0.004642199, 0.000492906, 0.919, -3.13806401, -9.01539, -9.01539, -9.81, 0.1, -9.81, 0.7
0.92, 0.004646809, 0.000493437, 0.92, -3.1470794, -9.0252, -9.0252, -9.81, 0.1, -9.81, 0.7
0.921, 0.004651429, 0.000493946, 0.921, -3.1561046, -9.03501, -9.03501, -9.81, 0.1, -9.81, 0.7
0.922, 0.004655949, 0.000494447, 0.922, -3.16513961, -9.04482, -9.04482, -9.81, 0.1, -9.81, 0.7
0.923, 0.004661669, 0.000495038, 0.923, -3.17418443, -9.05463, -9.05463, -9.81, 0.1, -9.81, 0.7
0.924, 0.00466797, 0.000495708, 0.924, -3.18323906, -9.06444, -9.06444, -9.81, 0.1, -9.81, 0.7
0.925, 0.00467301, 0.000496378, 0.925, -3.1923035, -9.07425, -9.07425, -9.81, 0.1, -9.81, 0.7
0.926, 0.00467857, 0.000496988, 0.926, -3.20137775, -9.08406, -9.08406, -9.81, 0.1, -9.81, 0.7
0.927, 0.00468481, 0.000497638, 0.927, -3.21046181, -9.09387, -9.09387, -9.81, 0.1, -9.81, 0.7
0.928, 0.00468958, 0.000498158, 0.928, -3.21955568, -9.10368, -9.10368, -9.81, 0.1, -9.81, 0.7
0.929, 0.00469497, 0.000499156, 0.929, -3.22865936, -9.11349, -9.11349, -9.81, 0.1, -9.81, 0.7
0.93, 0.00470157, 0.000499867, 0.93, -3.23777285, -9.1233, -9.1233, -9.81, 0.1, -9.81, 0.7
0.931, 0.004706858, 0.000500467, 0.931, -3.24689615, -9.13311, -9.13311, -9.81, 0.1, -9.81, 0.7
0.932, 0.004711409, 0.000500989, 0.932, -3.25602926, -9.14292, -9.14292, -9.81, 0.1, -9.81, 0.7
0.933, 0.00471822, 0.000502056, 0.933, -3.26517218, -9.15273, -9.15273, -9.81, 0.1, -9.81, 0.7
0.934, 0.004723651, 0.000502656, 0.934, -3.27432491, -9.16254, -9.16254, -9.81, 0.1, -9.81, 0.7
0.935, 0.004728221, 0.000503165, 0.935, -3.28348745, -9.17235, -9.17235, -9.81, 0.1, -9.81, 0.7
0.936, 0.004734771, 0.000503735, 0.936, -3.2926598, -9.18216, -9.18216, -9.81, 0.1, -9.81, 0.7
0.937, 0.004740461, 0.000504335, 0.937, -3.30184196, -9.19197, -9.19197, -9.81, 0.1, -9.81, 0.7
0.938, 0.004746611, 0.000504875, 0.938, -3.31103393, -9.20178, -9.20178, -9.81, 0.1, -9.81, 0.7
0.939, 0.004752681, 0.000505555, 0.939, -3.32023571, -9.21159, -9.21159, -9.81, 0.1, -9.81, 0.7
0.94, 0.004758721, 0.000506255, 0.94, -3.3294473, -9.2214, -9.2214, -9.81, 0.1, -9.81, 0.7
0.941, 0.004765021, 0.000506925, 0.941, -3.3386687, -9.23121, -9.23121, -9.81, 0.1, -9.81, 0.7
0.942, 0.004771292, 0.000507603, 0.942, -3.34789991, -9.24102, -9.24102, -9.81, 0.1, -9.81, 0.7
0.943, 0.004777791, 0.000508293, 0.943, -3.35714093, -9.25083, -9.25083, -9.81, 0.1, -9.81, 0.7
0.944, 0.004783711, 0.000508965, 0.944, -3.36639176, -9.26064, -9.26064, -9.81, 0.1, -9.81, 0.7
0.945, 0.004790031, 0.000509644, 0.945, -3.3756524, -9.27045, -9.27045, -9.81, 0.1, -9.81, 0.7
0.946, 0.004796452, 0.000510313, 0.946, -3.38492285, -9.28026, -9.28026, -9.81, 0.1, -9.81, 0.7
0.947, 0.004802772, 0.000510953, 0.947, -3.39420311, -9.29007, -9.29007, -9.81, 0.1, -9.81, 0.7
0.948, 0.004809002, 0.000511634, 0.948, -3.40349318, -9.29988, -9.29988, -9.81, 0.1, -9.81, 0.7
0.949, 0.004815322, 0.000512325, 0.949, -3.41279306, -9.30969, -9.30969, -9.81, 0.1, -9.81, 0.7
0.95, 0.004821462, 0.000512995, 0.95, -3.42210275, -9.3195, -9.3195, -9.81, 0.1, -9.81, 0.7
0.951, 0.004828292, 0.000513705, 0.951, -3.43142225, -9.32931, -9.32931, -9.81, 0.1, -9.81, 0.7
0.952, 0.004834422, 0.000514385, 0.952, -3.44075156, -9.33912, -9.33912, -9.81, 0.1, -9.81, 0.7
0.953, 0.004843612, 0.000515055, 0.953, -3.45009068, -9.34893, -9.34893, -9.81, 0.1, -9.81, 0.7
0.954, 0.004850092, 0.000515716, 0.954, -3.45943961, -9.35874, -9.35874, -9.81, 0.1, -9.81, 0.7
0.955, 0.004855562, 0.000516336, 0.955, -3.46879835, -9.36855, -9.36855, -9.81, 0.1, -9.81, 0.7
0.956, 0.004860043, 0.000516836, 0.956, -3.4781669, -9.37836, -9.37836, -9.81, 0.1, -9.81, 0.7
0.957, 0.004864652, 0.000517345, 0.957, -3.48754526, -9.38817, -9.38817, -9.81, 0.1, -9.81, 0.7
0.958, 0.004869202, 0.000517846, 0.958, -3.49693343, -9.39798, -9.39798, -9.81, 0.1, -9.81, 0.7
0.959, 0.004873682, 0.000518347, 0.959, -3.50633141, -9.40779, -9.40779, -9.81, 0.1, -9.81, 0.7
0.96, 0.004878183, 0.000518847, 0.96, -3.5157392, -9.4176, -9.4176, -9.81, 0.1, -9.81, 0.7
0.961, 0.004882703, 0.000519347, 0.961, -3.5251568, -9.42741, -9.42741, -9.81, 0.1, -9.81, 0.7
0.962, 0.004887274, 0.000519856, 0.962, -3.53458421, -9.43722, -9.43722, -9.81, 0.1, -9.81, 0.7
0.963, 0.004891855, 0.000520345, 0.963, -3.54402143, -9.44703, -9.44703, -9.81, 0.1, -9.81, 0.7
0.964, 0.004896325, 0.000520835, 0.964, -3.55346846, -9.45684, -9.45684, -9.81, 0.1, -9.81, 0.7
0.965, 0.004900875, 0.000521335, 0.965, -3.5629253, -9.46665, -9.46665, -9.81, 0.1, -9.81, 0.7
0.966, 0.004905395, 0.000521835, 0.966, -3.57239195, -9.47646, -9.47646, -9.81, 0.1, -9.81, 0.7
0.967, 0.004909945, 0.000522335, 0.967, -3.58186841, -9.48627, -9.48627, -9.81, 0.1, -9.81, 0.7
0.968, 0.004914585, 0.000522845, 0.968, -3.59135468, -9.49608, -9.49608, -9.81, 0.1, -9.81, 0.7
0.969, 0.004919145, 0.000523345, 0.969, -3.60085076, -9.50589, -9.50589, -9.81, 0.1, -9.81, 0.7
0.97, 0.004923695, 0.000523856, 0.97, -3.61035665, -9.5157, -9.5157, -9.81, 0.1, -9.81, 0.7
0.971, 0.004928195, 0.000524367, 0.971, -3.61987235, -9.52551, -9.52551, -9.81, 0.1, -9.81, 0.7
0.972, 0.004932776, 0.000524877, 0.972, -3.62939786, -9.53532, -9.53532, -9.81, 0.1, -9.81, 0.7
0.973, 0.004937325, 0.000525376, 0.973, -3.63893318, -9.54513, -9.54513, -9.81, 0.1, -9.81, 0.7
0.974, 0.004941904, 0.000525887, 0.974, -3.64847831, -9.55494, -9.55494, -9.81, 0.1, -9.81, 0.7
0.975, 0.004946435, 0.000526376, 0.975, -3.65803325, -9.56475, -9.56475, -9.81, 0.1, -9.81, 0.7
0.976, 0.004950905, 0.000526864, 0.976, -3.667598, -9.57456, -9.57456, -9.81, 0.1, -9.81, 0.7
0.977, 0.004955495, 0.000527364, 0.977, -3.67717256, -9.58437, -9.58437, -9.81, 0.1, -9.81, 0.7
0.978, 0.004960116, 0.000527853, 0.978, -3.68675693, -9.59418, -9.59418, -9.81, 0.1, -9.81, 0.7
0.979, 0.004964586, 0.000528363, 0.979, -3.69635111, -9.60399, -9.60399, -9.81, 0.1, -9.81, 0.7
0.98, 0.004969177, 0.000528862, 0.98, -3.7059551, -9.6138, -9.6138, -9.81, 0.1, -9.81, 0.7
0.981, 0.004973747, 0.000529352, 0.981, -3.7155689, -9.62361, -9.62361, -9.81, 0.1, -9.81, 0.7
0.982, 0.004978327, 0.000529852, 0.982, -3.72519251, -9.63342, -9.63342, -9.81, 0.1, -9.81, 0.7
0.983, 0.004982877, 0.000530342, 0.983, -3.73482593, -9.64323, -9.64323, -9.81, 0.1, -9.81, 0.7
0.984, 0.004987357, 0.000530832, 0.984, -3.74446916, -9.65304, -9.65304, -9.81, 0.1, -9.81, 0.7
0.985, 0.004991887, 0.000531332, 0.985, -3.7541222, -9.66285, -9.66285, -9.81, 0.1, -9.81, 0.7
0.986, 0.004996387, 0.000531843, 0.986, -3.76378505, -9.67266, -9.67266, -9.81, 0.1, -9.81, 0.7
0.987, 0.005000928, 0.000532343, 0.987, -3.77345771, -9.68247, -9.68247, -9.81, 0.1, -9.81, 0.7
0.988, 0.005005488, 0.000532833, 0.988, -3.78314018, -9.69228, -9.69228, -9.81, 0.1, -9.81, 0.7
0.989, 0.005010008, 0.000533334, 0.989, -3.79283246, -9.70209, -9.70209, -9.81, 0.1, -9.81, 0.7
0.99, 0.005014579, 0.000533834, 0.99, -3.80253455, -9.7119, -9.7119, -9.81, 0.1, -9.81, 0.7
0.991, 0.00501916, 0.000534353, 0.991, -3.81224645, -9.72171, -9.72171, -9.81, 0.1, -9.81, 0.7
0.992, 0.005023729, 0.000534873, 0.992, -3.82196816, -9.73152, -9.73152, -9.81, 0.1, -9.81, 0.7
0.993, 0.005028249, 0.000535384, 0.993, -3.83169968, -9.74133, -9.74133, -9.81, 0.1, -9.81, 0.7
0.994, 0.005032669, 0.000535883, 0.994, -3.84144101, -9.75114, -9.75114, -9.81, 0.1, -9.81, 0.7
0.995, 0.005037149, 0.000536375, 0.995, -3.85119215, -9.76095, -9.76095, -9.81, 0.1, -9.81, 0.7
0.996, 0.005044159, 0.000536885, 0.996, -3.8609531, -9.77076, -9.77076, -9.81, 0.1, -9.81, 0.7
0.997, 0.005048739, 0.000537385, 0.997, -3.87072386, -9.78057, -9.78057, -9.81, 0.1, -9.81, 0.7
0.998, 0.005053339, 0.000537885, 0.998, -3.88050443, -9.79038, -9.79038, -9.81, 0.1, -9.81, 0.7
0.999, 0.005058009, 0.000538375, 0.999, -3.89029481, -9.80019, -9.80019, -9.81, 0.1, -9.81, 0.7
1, 0.005062539, 0.000538895, 1, -3.900095, -9.81, -9.81, -9.81, 0.1, -9.81, 0.7
1.001, 0.005069319, 0.000539485, 1.001, -3.909905, -9.81981, -9.81981, -9.81, 0.1, -9.81, 0.7
1.002, 0.005074999, 0.000540076, 1.002, -3.91972481, -9.82962, -9.82962, -9.81, 0.1, -9.81, 0.7
1.003, 0.005079559, 0.000540577, 1.003, -3.92955443, -9.83943, -9.83943, -9.81, 0.1, -9.81, 0.7
1.004, 0.005084128, 0.000541087, 1.004, -3.93939386, -9.84924, -9.84924, -9.81, 0.1, -9.81, 0.7
1.005, 0.005088637, 0.000541597, 1.005, -3.9492431, -9.85905, -9.85905, -9.81, 0.1, -9.81, 0.7
1.006, 0.005093247, 0.000542107, 1.006, -3.95910215, -9.86886, -9.86886, -9.81, 0.1, -9.81, 0.7
1.007, 0.005097807, 0.000542597, 1.007, -3.96897101, -9.87867, -9.87867, -9.81, 0.1, -9.81, 0.7
1.008, 0.005102497, 0.000543157, 1.008, -3.97884968, -9.88848, -9.88848, -9.81, 0.1, -9.81, 0.7
1.009, 0.005107057, 0.000543686, 1.009, -3.98873816, -9.89829, -9.89829, -9.81, 0.1, -9.81, 0.7
1.01, 0.005111757, 0.000544208, 1.01, -3.99863645, -9.9081, -9.9081, -9.81, 0.1, -9.81, 0.7
1.011, 0.005116317, 0.000544717, 1.011, -4.00854455, -9.91791, -9.91791, -9.81, 0.1, -9.81, 0.7
1.012, 0.005120948, 0.000545257, 1.012, -4.01846246, -9.92772, -9.92772, -9.81, 0.1, -9.81, 0.7
1.013, 0.005125448, 0.000545757, 1.013, -4.02839018, -9.93753, -9.93753, -9.81, 0.1, -9.81, 0.7
1.014, 0.005129958, 0.000546277, 1.014, -4.03832771, -9.94734, -9.94734, -9.81, 0.1, -9.81, 0.7
1.015, 0.005134598, 0.000546787, 1.015, -4.04827505, -9.95715, -9.95715, -9.81, 0.1, -9.81, 0.7
1.016, 0.005139108, 0.000547307, 1.016, -4.0582322, -9.96696, -9.96696, -9.81, 0.1, -9.81, 0.7
1.017, 0.005143668, 0.000547807, 1.017, -4.06819916, -9.97677, -9.97677, -9.81, 0.1, -9.81, 0.7
1.018, 0.005148198, 0.000548318, 1.018, -4.07817593, -9.98658, -9.98658, -9.81, 0.1, -9.81, 0.7
1.019, 0.005152678, 0.000548828, 1.019, -4.08816251, -9.99639, -9.99639, -9.81, 0.1, -9.81, 0.7
1.02, 0.005159578, 0.000549538, 1.02, -4.0981589, -10.0062, -10.0062, -9.81, 0.1, -9.81, 0.7
1.021, 0.005166088, 0.000550148, 1.021, -4.1081651, -10.01601, -10.01601, -9.81, 0.1, -9.81, 0.7
1.022, 0.005172106, 0.000550758, 1.022, -4.11818111, -10.02582, -10.02582, -9.81, 0.1, -9.81, 0.7
1.023, 0.005179127, 0.000551467, 1.023, -4.12820693, -10.03563, -10.03563, -9.81, 0.1, -9.81, 0.7
1.024, 0.005184516, 0.000552118, 1.024, -4.13824256, -10.04544, -10.04544, -9.81, 0.1, -9.81, 0.7
1.025, 0.005190567, 0.000552746, 1.025, -4.148288, -10.05525, -10.05525, -9.81, 0.1, -9.81, 0.7
1.026, 0.005197138, 0.000553395, 1.026, -4.15834325, -10.06506, -10.06506, -9.81, 0.1, -9.81, 0.7
1.027, 0.005202098, 0.000553915, 1.027, -4.16840831, -10.07487, -10.07487, -9.81, 0.1, -9.81, 0.7
1.028, 0.005207958, 0.000554525, 1.028, -4.17848318, -10.08468, -10.08468, -9.81, 0.1, -9.81, 0.7
1.029, 0.005214768, 0.000555155, 1.029, -4.18856786, -10.09449, -10.09449, -9.81, 0.1, -9.81, 0.7
1.03, 0.005219768, 0.000555685, 1.03, -4.19866235, -10.1043, -10.1043, -9.81, 0.1, -9.81, 0.7
1.031, 0.005224848, 0.000556186, 1.031, -4.20876665, -10.11411, -10.11411, -9.81, 0.1, -9.81, 0.7
1.032, 0.005229718, 0.000556704, 1.032, -4.21888076, -10.12392, -10.12392, -9.81, 0.1, -9.81, 0.7
1.033, 0.005234618, 0.000557216, 1.033, -4.22900468, -10.13373, -10.13373, -9.81, 0.1, -9.81, 0.7
1.034, 0.005239588, 0.000557727, 1.034, -4.23913841, -10.14354, -10.14354, -9.81, 0.1, -9.81, 0.7
1.035, 0.005246059, 0.000558305, 1.035, -4.24928195, -10.15335, -10.15335, -9.81, 0.1, -9.81, 0.7
1.036, 0.005252608, 0.000558967, 1.036, -4.2594353, -10.16316, -10.16316, -9.81, 0.1, -9.81, 0.7
1.037, 0.005259399, 0.000559646, 1.037, -4.26959846, -10.17297, -10.17297, -9.81, 0.1, -9.81, 0.7
1.038, 0.005265879, 0.000560316, 1.038, -4.27977143, -10.18278, -10.18278, -9.81, 0.1, -9.81, 0.7
1.039, 0.005275729, 0.000561015, 1.039, -4.28995421, -10.19259, -10.19259, -9.81, 0.1, -9.81, 0.7
1.04, 0.005282379, 0.000561705, 1.04, -4.3001468, -10.2024, -10.2024, -9.81, 0.1, -9.81, 0.7
1.041, 0.005288929, 0.000562385, 1.041, -4.3103492, -10.21221, -10.21221, -9.81, 0.1, -9.81, 0.7
1.042, 0.005295779, 0.000563125, 1.042, -4.32056141, -10.22202, -10.22202, -9.81, 0.1, -9.81, 0.7
1.043, 0.005300829, 0.000563637, 1.043, -4.33078343, -10.23183, -10.23183, -9.81, 0.1, -9.81, 0.7
1.044, 0.005305759, 0.000564148, 1.044, -4.34101526, -10.24164, -10.24164, -9.81, 0.1, -9.81, 0.7
1.045, 0.005310659, 0.000564656, 1.045, -4.3512569, -10.25145, -10.25145, -9.81, 0.1, -9.81, 0.7
1.046, 0.005315678, 0.000565166, 1.046, -4.36150835, -10.26126, -10.26126, -9.81, 0.1, -9.81, 0.7
1.047, 0.005320658, 0.000565667, 1.047, -4.37176961, -10.27107, -10.27107, -9.81, 0.1, -9.81, 0.7
1.048, 0.005325689, 0.000566175, 1.048, -4.38204068, -10.28088, -10.28088, -9.81, 0.1, -9.81, 0.7
1.049, 0.005330588, 0.000566684, 1.049, -4.39232156, -10.29069, -10.29069, -9.81, 0.1, -9.81, 0.7
1.05, 0.005335438, 0.000567202, 1.05, -4.40261225, -10.3005, -10.3005, -9.81, 0.1, -9.81, 0.7
1.051, 0.005340478, 0.00056772, 1.051, -4.41291275, -10.31031, -10.31031, -9.81, 0.1, -9.81, 0.7
1.052, 0.005346368, 0.0005683, 1.052, -4.42322306, -10.32012, -10.32012, -9.81, 0.1, -9.81, 0.7
1.053, 0.005352958, 0.000569, 1.053, -4.43354318, -10.32993, -10.32993, -9.81, 0.1, -9.81, 0.7
1.054, 0.005359388, 0.0005697, 1.054, -4.44387311, -10.33974, -10.33974, -9.81, 0.1, -9.81, 0.7
1.055, 0.005365928, 0.00057038, 1.055, -4.45421285, -10.34955, -10.34955, -9.81, 0.1, -9.81, 0.7
1.056, 0.005372618, 0.0005711, 1.056, -4.4645624, -10.35936, -10.35936, -9.81, 0.1, -9.81, 0.7
1.057, 0.005379148, 0.00057181, 1.057, -4.47492176, -10.36917, -10.36917, -9.81, 0.1, -9.81, 0.7
1.058, 0.005385758, 0.000572489, 1.058, -4.48529093, -10.37898, -10.37898, -9.81, 0.1, -9.81, 0.7
1.059, 0.005392328, 0.00057319, 1.059, -4.49566991, -10.38879, -10.38879, -9.81, 0.1, -9.81, 0.7
1.06, 0.005398887, 0.000573799, 1.06, -4.5060587, -10.3986, -10.3986, -9.81, 0.1, -9.81, 0.7
1.061, 0.005403878, 0.000574319, 1.061, -4.5164573, -10.40841, -10.40841, -9.81, 0.1, -9.81, 0.7
1.062, 0.005408928, 0.000574837, 1.062, -4.52686571, -10.41822, -10.41822, -9.81, 0.1, -9.81, 0.7
1.063, 0.005413848, 0.000575346, 1.063, -4.53728393, -10.42803, -10.42803, -9.81, 0.1, -9.81, 0.7
1.064, 0.005418688, 0.000575855, 1.064, -4.54771196, -10.43784, -10.43784, -9.81, 0.1, -9.81, 0.7
1.065, 0.005423648, 0.000576384, 1.065, -4.5581498, -10.44765, -10.44765, -9.81, 0.1, -9.81, 0.7
1.066, 0.005428558, 0.000576884, 1.066, -4.56859745, -10.45746, -10.45746, -9.81, 0.1, -9.81, 0.7
1.067, 0.005433468, 0.000577404, 1.067, -4.57905491, -10.46727, -10.46727, -9.81, 0.1, -9.81, 0.7
1.068, 0.005438368, 0.000577914, 1.068, -4.58952218, -10.47708, -10.47708, -9.81, 0.1, -9.81, 0.7
1.069, 0.005443388, 0.000578424, 1.069, -4.59999926, -10.48689, -10.48689, -9.81, 0.1, -9.81, 0.7
1.07, 0.005448228, 0.000578934, 1.07, -4.61048615, -10.4967, -10.4967, -9.81, 0.1, -9.81, 0.7
1.071, 0.005453208, 0.000579445, 1.071, -4.62098285, -10.50651, -10.50651, -9.81, 0.1, -9.81, 0.7
1.072, 0.005459097, 0.000580007, 1.072, -4.63148936, -10.51632, -10.51632, -9.81, 0.1, -9.81, 0.7
1.073, 0.005465757, 0.000580689, 1.073, -4.64200568, -10.52613, -10.52613, -9.81, 0.1, -9.81, 0.7
1.074, 0.005471437, 0.000581311, 1.074, -4.65253181, -10.53594, -10.53594, -9.81, 0.1, -9.81, 0.7
1.075, 0.005476407, 0.000581831, 1.075, -4.66306775, -10.54575, -10.54575, -9.81, 0.1, -9.81, 0.7
1.076, 0.005481268, 0.000582332, 1.076, -4.6736135, -10.55556, -10.55556, -9.81, 0.1, -9.81, 0.7
1.077, 0.005486129, 0.000582852, 1.077, -4.68416906, -10.56537, -10.56537, -9.81, 0.1, -9.81, 0.7
1.078, 0.005491029, 0.000583362, 1.078, -4.69473443, -10.57518, -10.57518, -9.81, 0.1, -9.81, 0.7
1.079, 0.005495899, 0.000583882, 1.079, -4.70530961, -10.58499, -10.58499, -9.81, 0.1, -9.81, 0.7
1.08, 0.0055007, 0.000584402, 1.08, -4.7158946, -10.5948, -10.5948, -9.81, 0.1, -9.81, 0.7
1.081, 0.00551207, 0.000584982, 1.081, -4.7264894, -10.60461, -10.60461, -9.81, 0.1, -9.81, 0.7
1.082, 0.00551864, 0.000585662, 1.082, -4.73709401, -10.61442, -10.61442, -9.81, 0.1, -9.81, 0.7
1.083, 0.00552524, 0.000586362, 1.083, -4.74770843, -10.62423, -10.62423, -9.81, 0.1, -9.81, 0.7
1.084, 0.00553221, 0.000587031, 1.084, -4.75833266, -10.63404, -10.63404, -9.81, 0.1, -9.81, 0.7
1.085, 0.00553864, 0.000587723, 1.085, -4.7689667, -10.64385, -10.64385, -9.81, 0.1, -9.81, 0.7
1.086, 0.005545281, 0.000588402, 1.086, -4.77961055, -10.65366, -10.65366, -9.81, 0.1, -9.81, 0.7
1.087, 0.005551931, 0.000589092, 1.087, -4.79026421, -10.66347, -10.66347, -9.81, 0.1, -9.81, 0.7
1.088, 0.005558491, 0.000589821, 1.088, -4.80092768, -10.67328, -10.67328, -9.81, 0.1, -9.81, 0.7
1.089, 0.005565131, 0.00059047, 1.089, -4.81160096, -10.68309, -10.68309, -9.81, 0.1, -9.81, 0.7
1.09, 0.005572141, 0.0005912, 1.09, -4.82228405, -10.6929, -10.6929, -9.81, 0.1, -9.81, 0.7
1.091, 0.005577231, 0.000591711, 1.091, -4.83297695, -10.70271, -10.70271, -9.81, 0.1, -9.81, 0.7
1.092, 0.005582061, 0.000592221, 1.092, -4.84367966, -10.71252, -10.71252, -9.81, 0.1, -9.81, 0.7
1.093, 0.005587001, 0.000592731, 1.093, -4.85439218, -10.72233, -10.72233, -9.81, 0.1, -9.81, 0.7
1.094, 0.005591841, 0.000593251, 1.094, -4.86511451, -10.73214, -10.73214, -9.81, 0.1, -9.81, 0.7
1.095, 0.005596751, 0.000593771, 1.095, -4.87584665, -10.74195, -10.74195, -9.81, 0.1, -9.81, 0.7
1.096, 0.005601611, 0.000594271, 1.096, -4.8865886, -10.75176, -10.75176, -9.81, 0.1, -9.81, 0.7
1.097, 0.005606521, 0.000594782, 1.097, -4.89734036, -10.76157, -10.76157, -9.81, 0.1, -9.81, 0.7
1.098, 0.005611382, 0.000595293, 1.098, -4.90810193, -10.77138, -10.77138, -9.81, 0.1, -9.81, 0.7
1.099, 0.005616322, 0.000595793, 1.099, -4.91887331, -10.78119, -10.78119, -9.81, 0.1, -9.81, 0.7
1.1, 0.005621132, 0.000596313, 1.1, -4.9296545, -10.791, -10.791, -9.81, 0.1, -9.81, 0.7
1.101, 0.005628241, 0.000596942, 1.101, -4.9404455, -10.80081, -10.80081, -9.81, 0.1, -9.81, 0.7
1.102, 0.005634651, 0.000597641, 1.102, -4.95124631, -10.81062, -10.81062, -9.81, 0.1, -9.81, 0.7
1.103, 0.005641352, 0.000598322, 1.103, -4.96205693, -10.82043, -10.82043, -9.81, 0.1, -9.81, 0.7
1.104, 0.005647802, 0.000599013, 1.104, -4.97287736, -10.83024, -10.83024, -9.81, 0.1, -9.81, 0.7
1.105, 0.005654612, 0.000599702, 1.105, -4.9837076, -10.84005, -10.84005, -9.81, 0.1, -9.81, 0.7
1.106, 0.005661242, 0.000600422, 1.106, -4.99454765, -10.84986, -10.84986, -9.81, 0.1, -9.81, 0.7
1.107, 0.005667722, 0.000601092, 1.107, -5.00539751, -10.85967, -10.85967, -9.81, 0.1, -9.81, 0.7
1.108, 0.005674652, 0.000601802, 1.108, -5.01625718, -10.86948, -10.86948, -9.81, 0.1, -9.81, 0.7
1.109, 0.005679762, 0.000602432, 1.109, -5.02712666, -10.87929, -10.87929, -9.81, 0.1, -9.81, 0.7
1.11, 0.005684622, 0.000602931, 1.11, -5.03800595, -10.8891, -10.8891, -9.81, 0.1, -9.81, 0.7
1.111, 0.005689573, 0.000603462, 1.111, -5.04889505, -10.89891, -10.89891, -9.81, 0.1, -9.81, 0.7
1.112, 0.005694464, 0.000604, 1.112, -5.05979396, -10.90872, -10.90872, -9.81, 0.1, -9.81, 0.7
1.113, 0.005699595, 0.0006045, 1.113, -5.07070268, -10.91853, -10.91853, -9.81, 0.1, -9.81, 0.7
1.114, 0.005704526, 0.000605001, 1.114, -5.08162121, -10.92834, -10.92834, -9.81, 0.1, -9.81, 0.7
1.115, 0.005709406, 0.0006055, 1.115, -5.09254955, -10.93815, -10.93815, -9.81, 0.1, -9.81, 0.7
1.116, 0.005714267, 0.000606, 1.116, -5.1034877, -10.94796, -10.94796, -9.81, 0.1, -9.81, 0.7
1.117, 0.005719257, 0.000606511, 1.117, -5.11443566, -10.95777, -10.95777, -9.81, 0.1, -9.81, 0.7
1.118, 0.005724037, 0.00060703, 1.118, -5.12539343, -10.96758, -10.96758, -9.81, 0.1, -9.81, 0.7
1.119, 0.005728887, 0.00060755, 1.119, -5.13636101, -10.97739, -10.97739, -9.81, 0.1, -9.81, 0.7
1.12, 0.005733867, 0.00060805, 1.12, -5.1473384, -10.9872, -10.9872, -9.81, 0.1, -9.81, 0.7
1.121, 0.005738727, 0.00060855, 1.121, -5.1583256, -10.99701, -10.99701, -9.81, 0.1, -9.81, 0.7
1.122, 0.005743667, 0.00060907, 1.122, -5.16932261, -11.00682, -11.00682, -9.81, 0.1, -9.81, 0.7
1.123, 0.005748547, 0.00060958, 1.123, -5.18032943, -11.01663, -11.01663, -9.81, 0.1, -9.81, 0.7
1.124, 0.005756057, 0.0006101, 1.124, -5.19134606, -11.02644, -11.02644, -9.81, 0.1, -9.81, 0.7
1.125, 0.005761127, 0.00061062, 1.125, -5.2023725, -11.03625, -11.03625, -9.81, 0.1, -9.81, 0.7
1.126, 0.005766076, 0.000611132, 1.126, -5.21340875, -11.04606, -11.04606, -9.81, 0.1, -9.81, 0.7
1.127, 0.005770996, 0.000611652, 1.127, -5.22445481, -11.05587, -11.05587, -9.81, 0.1, -9.81, 0.7
1.128, 0.005775947, 0.000612153, 1.128, -5.23551068, -11.06568, -11.06568, -9.81, 0.1, -9.81, 0.7
1.129, 0.005780857, 0.000612662, 1.129, -5.24657636, -11.07549, -11.07549, -9.81, 0.1, -9.81, 0.7
1.13, 0.005785617, 0.000613182, 1.13, -5.25765185, -11.0853, -11.0853, -9.81, 0.1, -9.81, 0.7
1.131, 0.005790517, 0.000613701, 1.131, -5.26873715, -11.09511, -11.09511, -9.81, 0.1, -9.81, 0.7
1.132, 0.005795416, 0.000614211, 1.132, -5.27983226, -11.10492, -11.10492, -9.81, 0.1, -9.81, 0.7
1.133, 0.005800296, 0.000614731, 1.133, -5.29093718, -11.11473, -11.11473, -9.81, 0.1, -9.81, 0.7
1.134, 0.005805196, 0.000615251, 1.134, -5.30205191, -11.12454, -11.12454, -9.81, 0.1, -9.81, 0.7
1.135, 0.005810116, 0.000615761, 1.135, -5.31317645, -11.13435, -11.13435, -9.81, 0.1, -9.81, 0.7
1.136, 0.005814856, 0.000616291, 1.136, -5.3243108, -11.14416, -11.14416, -9.81, 0.1, -9.81, 0.7
1.137, 0.005819716, 0.000616811, 1.137, -5.33545496, -11.15397, -11.15397, -9.81, 0.1, -9.81, 0.7
1.138, 0.005824756, 0.000617331, 1.138, -5.34660893, -11.16378, -11.16378, -9.81, 0.1, -9.81, 0.7
1.139, 0.005829696, 0.000617841, 1.139, -5.35777271, -11.17359, -11.17359, -9.81, 0.1, -9.81, 0.7
1.14, 0.005834586, 0.000618351, 1.14, -5.3689463, -11.1834, -11.1834, -9.81, 0.1, -9.81, 0.7
1.141, 0.005840896, 0.000618972, 1.141, -5.3801297, -11.19321, -11.19321, -9.81, 0.1, -9.81, 0.7
1.142, 0.005847506, 0.000619652, 1.142, -5.39132291, -11.20302, -11.20302, -9.81, 0.1, -9.81, 0.7
1.143, 0.005854076, 0.000620342, 1.143, -5.40252593, -11.21283, -11.21283, -9.81, 0.1, -9.81, 0.7
1.144, 0.005860596, 0.000621032, 1.144, -5.41373876, -11.22264, -11.22264, -9.81, 0.1, -9.81, 0.7
1.145, 0.005867685, 0.000621802, 1.145, -5.4249614, -11.23245, -11.23245, -9.81, 0.1, -9.81, 0.7
1.146, 0.005874225, 0.000622479, 1.146, -5.43619385, -11.24226, -11.24226, -9.81, 0.1, -9.81, 0.7
1.147, 0.005880776, 0.00062316, 1.147, -5.44743611, -11.25207, -11.25207, -9.81, 0.1, -9.81, 0.7
1.148, 0.005887406, 0.00062383, 1.148, -5.45868818, -11.26188, -11.26188, -9.81, 0.1, -9.81, 0.7
1.149, 0.005893766, 0.00062446, 1.149, -5.46995006, -11.27169, -11.27169, -9.81, 0.1, -9.81, 0.7
1.15, 0.005898686, 0.00062499, 1.15, -5.48122175, -11.2815, -11.2815, -9.81, 0.1, -9.81, 0.7
1.151, 0.005903926, 0.00062552, 1.151, -5.49250325, -11.29131, -11.29131, -9.81, 0.1, -9.81, 0.7
1.152, 0.005908876, 0.00062603, 1.152, -5.50379456, -11.30112, -11.30112, -9.81, 0.1, -9.81, 0.7
1.153, 0.005913866, 0.00062655, 1.153, -5.51509568, -11.31093, -11.31093, -9.81, 0.1, -9.81, 0.7
1.154, 0.005918746, 0.00062708, 1.154, -5.52640661, -11.32074, -11.32074, -9.81, 0.1, -9.81, 0.7
1.155, 0.005923617, 0.000627601, 1.155, -5.53772735, -11.33055, -11.33055, -9.81, 0.1, -9.81, 0.7
1.156, 0.005928436, 0.00062812, 1.156, -5.5490579, -11.34036, -11.34036, -9.81, 0.1, -9.81, 0.7
1.157, 0.005933365, 0.000628628, 1.157, -5.56039826, -11.35017, -11.35017, -9.81, 0.1, -9.81, 0.7
1.158, 0.005938386, 0.000629119, 1.158, -5.57174843, -11.35998, -11.35998, -9.81, 0.1, -9.81, 0.7
1.159, 0.005943215, 0.000629629, 1.159, -5.58310841, -11.36979, -11.36979, -9.81, 0.1, -9.81, 0.7
1.16, 0.005948155, 0.00063014, 1.16, -5.5944782, -11.3796, -11.3796, -9.81, 0.1, -9.81, 0.7
1.161, 0.005953155, 0.000630629, 1.161, -5.6058578, -11.38941, -11.38941, -9.81, 0.1, -9.81, 0.7
1.162, 0.005957976, 0.000631118, 1.162, -5.61724721, -11.39922, -11.39922, -9.81, 0.1, -9.81, 0.7
1.163, 0.005962936, 0.000631618, 1.163, -5.62864643, -11.40903, -11.40903, -9.81, 0.1, -9.81, 0.7
1.164, 0.005967776, 0.000632138, 1.164, -5.64005546, -11.41884, -11.41884, -9.81, 0.1, -9.81, 0.7
1.165, 0.005972646, 0.000632638, 1.165, -5.6514743, -11.42865, -11.42865, -9.81, 0.1, -9.81, 0.7
1.166, 0.005979956, 0.000633168, 1.166, -5.66290295, -11.43846, -11.43846, -9.81, 0.1, -9.81, 0.7
1.167, 0.005985016, 0.000633688, 1.167, -5.67434141, -11.44827, -11.44827, -9.81, 0.1, -9.81, 0.7
1.168, 0.005989876, 0.000634187, 1.168, -5.68578968, -11.45808, -11.45808, -9.81, 0.1, -9.81, 0.7
1.169, 0.005994756, 0.000634706, 1.169, -5.69724776, -11.46789, -11.46789, -9.81, 0.1, -9.81, 0.7
1.17, 0.005999605, 0.000635205, 1.17, -5.70871565, -11.4777, -11.4777, -9.81, 0.1, -9.81, 0.7
1.171, 0.006004565, 0.000635714, 1.171, -5.72019335, -11.48751, -11.48751, -9.81, 0.1, -9.81, 0.7
1.172, 0.006009474, 0.000636235, 1.172, -5.73168086, -11.49732, -11.49732, -9.81, 0.1, -9.81, 0.7
1.173, 0.006014394, 0.000636734, 1.173, -5.74317818, -11.50713, -11.50713, -9.81, 0.1, -9.81, 0.7
1.174, 0.006019265, 0.000637235, 1.174, -5.75468531, -11.51694, -11.51694, -9.81, 0.1, -9.81, 0.7
1.175, 0.006024085, 0.000637745, 1.175, -5.76620225, -11.52675, -11.52675, -9.81, 0.1, -9.81, 0.7
1.176, 0.006028985, 0.000638246, 1.176, -5.777729, -11.53656, -11.53656, -9.81, 0.1, -9.81, 0.7
1.177, 0.006033836, 0.000638756, 1.177, -5.78926556, -11.54637, -11.54637, -9.81, 0.1, -9.81, 0.7
1.178, 0.006038626, 0.000639256, 1.178, -5.80081193, -11.55618, -11.55618, -9.81, 0.1, -9.81, 0.7
1.179, 0.006043716, 0.000639766, 1.179, -5.81236811, -11.56599, -11.56599, -9.81, 0.1, -9.81, 0.7
1.18, 0.006048506, 0.000640266, 1.18, -5.8239341, -11.5758, -11.5758, -9.81, 0.1, -9.81, 0.7
1.181, 0.006053496, 0.000640786, 1.181, -5.8355099, -11.58561, -11.58561, -9.81, 0.1, -9.81, 0.7
1.182, 0.006058426, 0.000641306, 1.182, -5.84709551, -11.59542, -11.59542, -9.81, 0.1, -9.81, 0.7
1.183, 0.006063176, 0.000641805, 1.183, -5.85869093, -11.60523, -11.60523, -9.81, 0.1, -9.81, 0.7
1.184, 0.006068287, 0.000642326, 1.184, -5.87029616, -11.61504, -11.61504, -9.81, 0.1, -9.81, 0.7
1.185, 0.006073207, 0.000642846, 1.185, -5.8819112, -11.62485, -11.62485, -9.81, 0.1, -9.81, 0.7
1.186, 0.006078097, 0.000643357, 1.186, -5.89353605, -11.63466, -11.63466, -9.81, 0.1, -9.81, 0.7
1.187, 0.006083047, 0.000643886, 1.187, -5.90517071, -11.64447, -11.64447, -9.81, 0.1, -9.81, 0.7
1.188, 0.006087906, 0.000644378, 1.188, -5.91681518, -11.65428, -11.65428, -9.81, 0.1, -9.81, 0.7
1.189, 0.006092836, 0.000644878, 1.189, -5.92846946, -11.66409, -11.66409, -9.81, 0.1, -9.81, 0.7
1.19, 0.006097755, 0.000645377, 1.19, -5.94013355, -11.6739, -11.6739, -9.81, 0.1, -9.81, 0.7
1.191, 0.006102875, 0.000645878, 1.191, -5.95180745, -11.68371, -11.68371, -9.81, 0.1, -9.81, 0.7
1.192, 0.006107765, 0.000646389, 1.192, -5.96349116, -11.69352, -11.69352, -9.81, 0.1, -9.81, 0.7
1.193, 0.006112845, 0.000646899, 1.193, -5.97518468, -11.70333, -11.70333, -9.81, 0.1, -9.81, 0.7
1.194, 0.006117735, 0.000647399, 1.194, -5.98688801, -11.71314, -11.71314, -9.81, 0.1, -9.81, 0.7
1.195, 0.006122665, 0.000647909, 1.195, -5.99860115, -11.72295, -11.72295, -9.81, 0.1, -9.81, 0.7
1.196, 0.006127555, 0.000648419, 1.196, -6.0103241, -11.73276, -11.73276, -9.81, 0.1, -9.81, 0.7
1.197, 0.006132485, 0.000648929, 1.197, -6.02205686, -11.74257, -11.74257, -9.81, 0.1, -9.81, 0.7
1.198, 0.006137415, 0.000649439, 1.198, -6.03379943, -11.75238, -11.75238, -9.81, 0.1, -9.81, 0.7
1.199, 0.006142345, 0.000649969, 1.199, -6.04555181, -11.76219, -11.76219, -9.81, 0.1, -9.81, 0.7
1.2, 0.006147325, 0.000650489, 1.2, -6.057314, -11.772, -11.772, -9.81, 0.1, -9.81, 0.7
1.201, 0.006152426, 0.000650999, 1.201, -6.069086, -11.78181, -11.78181, -9.81, 0.1, -9.81, 0.7
1.202, 0.006157466, 0.000651499, 1.202, -6.08086781, -11.79162, -11.79162, -9.81, 0.1, -9.81, 0.7
1.203, 0.006162376, 0.000652019, 1.203, -6.09265943, -11.80143, -11.80143, -9.81, 0.1, -9.81, 0.7
1.204, 0.006167326, 0.000652551, 1.204, -6.10446086, -11.81124, -11.81124, -9.81, 0.1, -9.81, 0.7
1.205, 0.006172286, 0.000653082, 1.205, -6.1162721, -11.82105, -11.82105, -9.81, 0.1, -9.81, 0.7
1.206, 0.006177266, 0.000653594, 1.206, -6.12809315, -11.83086, -11.83086, -9.81, 0.1, -9.81, 0.7
1.207, 0.006182197, 0.000654125, 1.207, -6.13992401, -11.84067, -11.84067, -9.81, 0.1, -9.81, 0.7
1.208, 0.006189418, 0.000654644, 1.208, -6.15176468, -11.85048, -11.85048, -9.81, 0.1, -9.81, 0.7
1.209, 0.006194558, 0.000655164, 1.209, -6.16361516, -11.86029, -11.86029, -9.81, 0.1, -9.81, 0.7
1.21, 0.006199378, 0.000655684, 1.21, -6.17547545, -11.8701, -11.8701, -9.81, 0.1, -9.81, 0.7
1.211, 0.006204388, 0.000656204, 1.211, -6.18734555, -11.87991, -11.87991, -9.81, 0.1, -9.81, 0.7
1.212, 0.006209418, 0.000656724, 1.212, -6.19922546, -11.88972, -11.88972, -9.81, 0.1, -9.81, 0.7
1.213, 0.006214319, 0.000657243, 1.213, -6.21111518, -11.89953, -11.89953, -9.81, 0.1, -9.81, 0.7
1.214, 0.006219279, 0.000657763, 1.214, -6.22301471, -11.90934, -11.90934, -9.81, 0.1, -9.81, 0.7
1.215, 0.006224389, 0.000658283, 1.215, -6.23492405, -11.91915, -11.91915, -9.81, 0.1, -9.81, 0.7
1.216, 0.006229338, 0.000658784, 1.216, -6.2468432, -11.92896, -11.92896, -9.81, 0.1, -9.81, 0.7
1.217, 0.006234369, 0.000659294, 1.217, -6.25877216, -11.93877, -11.93877, -9.81, 0.1, -9.81, 0.7
1.218, 0.006239468, 0.000659824, 1.218, -6.27071093, -11.94858, -11.94858, -9.81, 0.1, -9.81, 0.7
1.219, 0.006244369, 0.000660325, 1.219, -6.28265951, -11.95839, -11.95839, -9.81, 0.1, -9.81, 0.7
1.22, 0.00624943, 0.000660847, 1.22, -6.2946179, -11.9682, -11.9682, -9.81, 0.1, -9.81, 0.7
1.221, 0.00625457, 0.000661378, 1.221, -6.3065861, -11.97801, -11.97801, -9.81, 0.1, -9.81, 0.7
1.222, 0.006259469, 0.000661879, 1.222, -6.31856411, -11.98782, -11.98782, -9.81, 0.1, -9.81, 0.7
1.223, 0.006264359, 0.000662379, 1.223, -6.33055193, -11.99763, -11.99763, -9.81, 0.1, -9.81, 0.7
1.224, 0.006269459, 0.000662899, 1.224, -6.34254956, -12.00744, -12.00744, -9.81, 0.1, -9.81, 0.7
1.225, 0.006274259, 0.000663409, 1.225, -6.354557, -12.01725, -12.01725, -9.81, 0.1, -9.81, 0.7
1.226, 0.006279139, 0.000663919, 1.226, -6.36657425, -12.02706, -12.02706, -9.81, 0.1, -9.81, 0.7
1.227, 0.006284269, 0.000664419, 1.227, -6.37860131, -12.03687, -12.03687, -9.81, 0.1, -9.81, 0.7
1.228, 0.006289119, 0.000664939, 1.228, -6.39063818, -12.04668, -12.04668, -9.81, 0.1, -9.81, 0.7
1.229, 0.006294019, 0.000665451, 1.229, -6.40268486, -12.05649, -12.05649, -9.81, 0.1, -9.81, 0.7
1.23, 0.006298869, 0.000665962, 1.23, -6.41474135, -12.0663, -12.0663, -9.81, 0.1, -9.81, 0.7
1.231, 0.00630373, 0.000666472, 1.231, -6.42680765, -12.07611, -12.07611, -9.81, 0.1, -9.81, 0.7
1.232, 0.006308631, 0.000666973, 1.232, -6.43888376, -12.08592, -12.08592, -9.81, 0.1, -9.81, 0.7
1.233, 0.00631353, 0.000667494, 1.233, -6.45096968, -12.09573, -12.09573, -9.81, 0.1, -9.81, 0.7
1.234, 0.00631838, 0.000667994, 1.234, -6.46306541, -12.10554, -12.10554, -9.81, 0.1, -9.81, 0.7
1.235, 0.006323421, 0.000668513, 1.235, -6.47517095, -12.11535, -12.11535, -9.81, 0.1, -9.81, 0.7
1.236, 0.00632824, 0.000669014, 1.236, -6.4872863, -12.12516, -12.12516, -9.81, 0.1, -9.81, 0.7
1.237, 0.006333101, 0.000669514, 1.237, -6.49941146, -12.13497, -12.13497, -9.81, 0.1, -9.81, 0.7
1.238, 0.006338021, 0.000670024, 1.238, -6.51154643, -12.14478, -12.14478, -9.81, 0.1, -9.81, 0.7
1.239, 0.006342861, 0.000670524, 1.239, -6.52369121, -12.15459, -12.15459, -9.81, 0.1, -9.81, 0.7
1.24, 0.006347761, 0.000671024, 1.24, -6.5358458, -12.1644, -12.1644, -9.81, 0.1, -9.81, 0.7
1.241, 0.006352841, 0.000671524, 1.241, -6.5480102, -12.17421, -12.17421, -9.81, 0.1, -9.81, 0.7
1.242, 0.006357781, 0.000672044, 1.242, -6.56018441, -12.18402, -12.18402, -9.81, 0.1, -9.81, 0.7
1.243, 0.006362741, 0.000672574, 1.243, -6.57236843, -12.19383, -12.19383, -9.81, 0.1, -9.81, 0.7
1.244, 0.006367661, 0.000673085, 1.244, -6.58456226, -12.20364, -12.20364, -9.81, 0.1, -9.81, 0.7
1.245, 0.006372562, 0.000673595, 1.245, -6.5967659, -12.21345, -12.21345, -9.81, 0.1, -9.81, 0.7
1.246, 0.006377512, 0.000674097, 1.246, -6.60897935, -12.22326, -12.22326, -9.81, 0.1, -9.81, 0.7
1.247, 0.006382453, 0.000674607, 1.247, -6.62120261, -12.23307, -12.23307, -9.81, 0.1, -9.81, 0.7
1.248, 0.006387242, 0.000675117, 1.248, -6.63343568, -12.24288, -12.24288, -9.81, 0.1, -9.81, 0.7
1.249, 0.006392183, 0.000675636, 1.249, -6.64567856, -12.25269, -12.25269, -9.81, 0.1, -9.81, 0.7
1.25, 0.006399282, 0.000676157, 1.25, -6.65793125, -12.2625, -12.2625, -9.81, 0.1, -9.81, 0.7
1.251, 0.006404272, 0.000676668, 1.251, -6.67019375, -12.27231, -12.27231, -9.81, 0.1, -9.81, 0.7
1.252, 0.006409232, 0.000677169, 1.252, -6.68246606, -12.28212, -12.28212, -9.81, 0.1, -9.81, 0.7
1.253, 0.006414212, 0.000677689, 1.253, -6.69474818, -12.29193, -12.29193, -9.81, 0.1, -9.81, 0.7
1.254, 0.006419032, 0.000678199, 1.254, -6.70704011, -12.30174, -12.30174, -9.81, 0.1, -9.81, 0.7
1.255, 0.006423902, 0.000678689, 1.255, -6.71934185, -12.31155, -12.31155, -9.81, 0.1, -9.81, 0.7
1.256, 0.006428812, 0.000679199, 1.256, -6.7316534, -12.32136, -12.32136, -9.81, 0.1, -9.81, 0.7
1.257, 0.006433722, 0.000679719, 1.257, -6.74397476, -12.33117, -12.33117, -9.81, 0.1, -9.81, 0.7
1.258, 0.006438682, 0.000680219, 1.258, -6.75630593, -12.34098, -12.34098, -9.81, 0.1, -9.81, 0.7
1.259, 0.006443612, 0.000680729, 1.259, -6.76864691, -12.35079, -12.35079, -9.81, 0.1, -9.81, 0.7
1.26, 0.006448422, 0.00068122, 1.26, -6.7809977, -12.3606, -12.3606, -9.81, 0.1, -9.81, 0.7
1.261, 0.006453442, 0.000681709, 1.261, -6.7933583, -12.37041, -12.37041, -9.81, 0.1, -9.81, 0.7
1.262, 0.006458332, 0.000682221, 1.262, -6.80572871, -12.38022, -12.38022, -9.81, 0.1, -9.81, 0.7
1.263, 0.006463271, 0.000682739, 1.263, -6.81810893, -12.39003, -12.39003, -9.81, 0.1, -9.81, 0.7
1.264, 0.006468151, 0.000683249, 1.264, -6.83049896, -12.39984, -12.39984, -9.81, 0.1, -9.81, 0.7
1.265, 0.006473071, 0.00068377, 1.265, -6.8428988, -12.40965, -12.40965, -9.81, 0.1, -9.81, 0.7
1.266, 0.00647802, 0.00068428, 1.266, -6.85530845, -12.41946, -12.41946, -9.81, 0.1, -9.81, 0.7
1.267, 0.00648326, 0.000684801, 1.267, -6.86772791, -12.42927, -12.42927, -9.81, 0.1, -9.81, 0.7
1.268, 0.00648825, 0.00068531, 1.268, -6.88015718, -12.43908, -12.43908, -9.81, 0.1, -9.81, 0.7
1.269, 0.00649321, 0.00068579, 1.269, -6.89259626, -12.44889, -12.44889, -9.81, 0.1, -9.81, 0.7
1.27, 0.00649815, 0.00068631, 1.27, -6.90504515, -12.4587, -12.4587, -9.81, 0.1, -9.81, 0.7
1.271, 0.00650324, 0.00068683, 1.271, -6.91750385, -12.46851, -12.46851, -9.81, 0.1, -9.81, 0.7
1.272, 0.00650817, 0.00068734, 1.272, -6.92997236, -12.47832, -12.47832, -9.81, 0.1, -9.81, 0.7
1.273, 0.00651322, 0.00068785, 1.273, -6.94245068, -12.48813, -12.48813, -9.81, 0.1, -9.81, 0.7
1.274, 0.006518151, 0.000688391, 1.274, -6.95493881, -12.49794, -12.49794, -9.81, 0.1, -9.81, 0.7
1.275, 0.006523061, 0.000688891, 1.275, -6.96743675, -12.50775, -12.50775, -9.81, 0.1, -9.81, 0.7
1.276, 0.006528082, 0.000689401, 1.276, -6.9799445, -12.51756, -12.51756, -9.81, 0.1, -9.81, 0.7
1.277, 0.006532933, 0.000689902, 1.277, -6.99246206, -12.52737, -12.52737, -9.81, 0.1, -9.81, 0.7
1.278, 0.006537864, 0.000690402, 1.278, -7.00498943, -12.53718, -12.53718, -9.81, 0.1, -9.81, 0.7
1.279, 0.006542824, 0.000690912, 1.279, -7.01752661, -12.54699, -12.54699, -9.81, 0.1, -9.81, 0.7
1.28, 0.006547654, 0.00069141, 1.28, -7.0300736, -12.5568, -12.5568, -9.81, 0.1, -9.81, 0.7
1.281, 0.006552604, 0.00069192, 1.281, -7.0426304, -12.56661, -12.56661, -9.81, 0.1, -9.81, 0.7
1.282, 0.006557723, 0.00069244, 1.282, -7.05519701, -12.57642, -12.57642, -9.81, 0.1, -9.81, 0.7
1.283, 0.006562623, 0.00069296, 1.283, -7.06777343, -12.58623, -12.58623, -9.81, 0.1, -9.81, 0.7
1.284, 0.006568284, 0.00069347, 1.284, -7.08035966, -12.59604, -12.59604, -9.81, 0.1, -9.81, 0.7
1.285, 0.006573724, 0.000694, 1.285, -7.0929557, -12.60585, -12.60585, -9.81, 0.1, -9.81, 0.7
1.286, 0.006578594, 0.00069451, 1.286, -7.10556155, -12.61566, -12.61566, -9.81, 0.1, -9.81, 0.7
1.287, 0.006583444, 0.00069503, 1.287, -7.11817721, -12.62547, -12.62547, -9.81, 0.1, -9.81, 0.7
1.288, 0.006588434, 0.00069554, 1.288, -7.13080268, -12.63528, -12.63528, -9.81, 0.1, -9.81, 0.7
1.289, 0.006593284, 0.00069606, 1.289, -7.14343796, -12.64509, -12.64509, -9.81, 0.1, -9.81, 0.7
1.29, 0.006598264, 0.000696592, 1.29, -7.15608305, -12.6549, -12.6549, -9.81, 0.1, -9.81, 0.7
1.291, 0.006603314, 0.000697112, 1.291, -7.16873795, -12.66471, -12.66471, -9.81, 0.1, -9.81, 0.7
1.292, 0.006610625, 0.000697611, 1.292, -7.18140266, -12.67452, -12.67452, -9.81, 0.1, -9.81, 0.7
1.293, 0.006615625, 0.00069813, 1.293, -7.19407718, -12.68433, -12.68433, -9.81, 0.1, -9.81, 0.7
1.294, 0.006620574, 0.000698621, 1.294, -7.20676151, -12.69414, -12.69414, -9.81, 0.1, -9.81, 0.7
1.295, 0.006625675, 0.00069912, 1.295, -7.21945565, -12.70395, -12.70395, -9.81, 0.1, -9.81, 0.7
1.296, 0.006630666, 0.00069964, 1.296, -7.2321596, -12.71376, -12.71376, -9.81, 0.1, -9.81, 0.7
1.297, 0.006635596, 0.00070013, 1.297, -7.24487336, -12.72357, -12.72357, -9.81, 0.1, -9.81, 0.7
1.298, 0.006640526, 0.00070063, 1.298, -7.25759693, -12.73338, -12.73338, -9.81, 0.1, -9.81, 0.7
1.299, 0.006645326, 0.00070115, 1.299, -7.27033031, -12.74319, -12.74319, -9.81, 0.1, -9.81, 0.7
1.3, 0.006650246, 0.00070167, 1.3, -7.2830735, -12.753, -12.753, -9.81, 0.1, -9.81, 0.7
1.301, 0.006655236, 0.0007022, 1.301, -7.2958265, -12.76281, -12.76281, -9.81, 0.1, -9.81, 0.7
1.302, 0.006660136, 0.00070271, 1.302, -7.30858931, -12.77262, -12.77262, -9.81, 0.1, -9.81, 0.7
1.303, 0.006665166, 0.00070321, 1.303, -7.32136193, -12.78243, -12.78243, -9.81, 0.1, -9.81, 0.7
1.304, 0.006670156, 0.00070371, 1.304, -7.33414436, -12.79224, -12.79224, -9.81, 0.1, -9.81, 0.7
1.305, 0.006675076, 0.00070422, 1.305, -7.3469366, -12.80205, -12.80205, -9.81, 0.1, -9.81, 0.7
1.306, 0.006680006, 0.000704729, 1.306, -7.35973865, -12.81186, -12.81186, -9.81, 0.1, -9.81, 0.7
1.307, 0.006685046, 0.00070526, 1.307, -7.37255051, -12.82167, -12.82167, -9.81, 0.1, -9.81, 0.7
1.308, 0.006689926, 0.000705761, 1.308, -7.38537218, -12.83148, -12.83148, -9.81, 0.1, -9.81, 0.7
1.309, 0.006694835, 0.000706272, 1.309, -7.39820366, -12.84129, -12.84129, -9.81, 0.1, -9.81, 0.7
1.31, 0.006699705, 0.00070679, 1.31, -7.41104495, -12.8511, -12.8511, -9.81, 0.1, -9.81, 0.7
1.311, 0.006704644, 0.00070731, 1.311, -7.42389605, -12.86091, -12.86091, -9.81, 0.1, -9.81, 0.7
1.312, 0.006709933, 0.000707839, 1.312, -7.43675696, -12.87072, -12.87072, -9.81, 0.1, -9.81, 0.7
1.313, 0.006714742, 0.000708339, 1.313, -7.44962768, -12.88053, -12.88053, -9.81, 0.1, -9.81, 0.7
1.314, 0.006719733, 0.000708848, 1.314, -7.46250821, -12.89034, -12.89034, -9.81, 0.1, -9.81, 0.7
1.315, 0.006724623, 0.000709348, 1.315, -7.47539855, -12.90015, -12.90015, -9.81, 0.1, -9.81, 0.7
1.316, 0.006729553, 0.000709828, 1.316, -7.4882987, -12.90996, -12.90996, -9.81, 0.1, -9.81, 0.7
1.317, 0.006734543, 0.000710348, 1.317, -7.50120866, -12.91977, -12.91977, -9.81, 0.1, -9.81, 0.7
1.318, 0.006739573, 0.000710848, 1.318, -7.51412843, -12.92958, -12.92958, -9.81, 0.1, -9.81, 0.7
1.319, 0.006744373, 0.000711368, 1.319, -7.52705801, -12.93939, -12.93939, -9.81, 0.1, -9.81, 0.7
1.32, 0.006749253, 0.000711888, 1.32, -7.5399974, -12.9492, -12.9492, -9.81, 0.1, -9.81, 0.7
1.321, 0.006754253, 0.000712409, 1.321, -7.5529466, -12.95901, -12.95901, -9.81, 0.1, -9.81, 0.7
1.322, 0.006759103, 0.00071293, 1.322, -7.56590561, -12.96882, -12.96882, -9.81, 0.1, -9.81, 0.7
1.323, 0.006763993, 0.000713431, 1.323, -7.57887443, -12.97863, -12.97863, -9.81, 0.1, -9.81, 0.7
1.324, 0.006769033, 0.000713951, 1.324, -7.59185306, -12.98844, -12.98844, -9.81, 0.1, -9.81, 0.7
1.325, 0.006773993, 0.00071445, 1.325, -7.6048415, -12.99825, -12.99825, -9.81, 0.1, -9.81, 0.7
1.326, 0.006779064, 0.000714951, 1.326, -7.61783975, -13.00806, -13.00806, -9.81, 0.1, -9.81, 0.7
1.327, 0.006784034, 0.000715452, 1.327, -7.63084781, -13.01787, -13.01787, -9.81, 0.1, -9.81, 0.7
1.328, 0.006788853, 0.000715951, 1.328, -7.64386568, -13.02768, -13.02768, -9.81, 0.1, -9.81, 0.7
1.329, 0.006793803, 0.000716461, 1.329, -7.65689336, -13.03749, -13.03749, -9.81, 0.1, -9.81, 0.7
1.33, 0.006798733, 0.000716951, 1.33, -7.66993085, -13.0473, -13.0473, -9.81, 0.1, -9.81, 0.7
1.331, 0.006803623, 0.000717451, 1.331, -7.68297815, -13.05711, -13.05711, -9.81, 0.1, -9.81, 0.7
1.332, 0.006808483, 0.000717961, 1.332, -7.69603526, -13.06692, -13.06692, -9.81, 0.1, -9.81, 0.7
1.333, 0.006813383, 0.000718481, 1.333, -7.70910218, -13.07673, -13.07673, -9.81, 0.1, -9.81, 0.7
1.334, 0.006818203, 0.000718991, 1.334, -7.72217891, -13.08654, -13.08654, -9.81, 0.1, -9.81, 0.7
1.335, 0.006825373, 0.000719519, 1.335, -7.73526545, -13.09635, -13.09635, -9.81, 0.1, -9.81, 0.7
1.336, 0.006830342, 0.000720028, 1.336, -7.7483618, -13.10616, -13.10616, -9.81, 0.1, -9.81, 0.7
1.337, 0.006835333, 0.000720518, 1.337, -7.76146796, -13.11597, -13.11597, -9.81, 0.1, -9.81, 0.7
1.338, 0.006840183, 0.000721037, 1.338, -7.77458393, -13.12578, -13.12578, -9.81, 0.1, -9.81, 0.7
1.339, 0.006845082, 0.000721547, 1.339, -7.78770971, -13.13559, -13.13559, -9.81, 0.1, -9.81, 0.7
1.34, 0.006849962, 0.000722067, 1.34, -7.8008453, -13.1454, -13.1454, -9.81, 0.1, -9.81, 0.7
1.341, 0.006854912, 0.000722587, 1.341, -7.8139907, -13.15521, -13.15521, -9.81, 0.1, -9.81, 0.7
1.342, 0.006859821, 0.000723107, 1.342, -7.82714591, -13.16502, -13.16502, -9.81, 0.1, -9.81, 0.7
1.343, 0.006864761, 0.000723617, 1.343, -7.84031093, -13.17483, -13.17483, -9.81, 0.1, -9.81, 0.7
1.344, 0.006869631, 0.000724147, 1.344, -7.85348576, -13.18464, -13.18464, -9.81, 0.1, -9.81, 0.7
1.345, 0.006874571, 0.000724667, 1.345, -7.8666704, -13.19445, -13.19445, -9.81, 0.1, -9.81, 0.7
1.346, 0.006879481, 0.000725197, 1.346, -7.87986485, -13.20426, -13.20426, -9.81, 0.1, -9.81, 0.7
1.347, 0.006884401, 0.000725697, 1.347, -7.89306911, -13.21407, -13.21407, -9.81, 0.1, -9.81, 0.7
1.348, 0.006889471, 0.000726217, 1.348, -7.90628318, -13.22388, -13.22388, -9.81, 0.1, -9.81, 0.7
1.349, 0.006894391, 0.000726737, 1.349, -7.91950706, -13.23369, -13.23369, -9.81, 0.1, -9.81, 0.7
1.35, 0.006899271, 0.000727247, 1.35, -7.93274075, -13.2435, -13.2435, -9.81, 0.1, -9.81, 0.7
1.351, 0.006904321, 0.000727738, 1.351, -7.94598425, -13.25331, -13.25331, -9.81, 0.1, -9.81, 0.7
1.352, 0.006910881, 0.000728327, 1.352, -7.95923756, -13.26312, -13.26312, -9.81, 0.1, -9.81, 0.7
1.353, 0.006917422, 0.000728937, 1.353, -7.97250068, -13.27293, -13.27293, -9.81, 0.1, -9.81, 0.7
1.354, 0.006922323, 0.000729467, 1.354, -7.98577361, -13.28274, -13.28274, -9.81, 0.1, -9.81, 0.7
1.355, 0.006927262, 0.000729996, 1.355, -7.99905635, -13.29255, -13.29255, -9.81, 0.1, -9.81, 0.7
1.356, 0.006932041, 0.000730524, 1.356, -8.0123489, -13.30236, -13.30236, -9.81, 0.1, -9.81, 0.7
1.357, 0.006937081, 0.000731143, 1.357, -8.02565126, -13.31217, -13.31217, -9.81, 0.1, -9.81, 0.7
1.358, 0.006942401, 0.000731644, 1.358, -8.03896343, -13.32198, -13.32198, -9.81, 0.1, -9.81, 0.7
1.359, 0.006948811, 0.000732234, 1.359, -8.05228541, -13.33179, -13.33179, -9.81, 0.1, -9.81, 0.7
1.36, 0.006955521, 0.000732884, 1.36, -8.0656172, -13.3416, -13.3416, -9.81, 0.1, -9.81, 0.7
1.361, 0.006960661, 0.000733404, 1.361, -8.0789588, -13.35141, -13.35141, -9.81, 0.1, -9.81, 0.7
1.362, 0.006965641, 0.000733924, 1.362, -8.09231021, -13.36122, -13.36122, -9.81, 0.1, -9.81, 0.7
1.363, 0.006970521, 0.000734444, 1.363, -8.10567143, -13.37103, -13.37103, -9.81, 0.1, -9.81, 0.7
1.364, 0.006975441, 0.000734954, 1.364, -8.11904246, -13.38084, -13.38084, -9.81, 0.1, -9.81, 0.7
1.365, 0.006980361, 0.000735464, 1.365, -8.1324233, -13.39065, -13.39065, -9.81, 0.1, -9.81, 0.7
1.366, 0.006985301, 0.000735965, 1.366, -8.14581395, -13.40046, -13.40046, -9.81, 0.1, -9.81, 0.7
1.367, 0.006990171, 0.000736473, 1.367, -8.15921441, -13.41027, -13.41027, -9.81, 0.1, -9.81, 0.7
1.368, 0.006995171, 0.000736973, 1.368, -8.17262468, -13.42008, -13.42008, -9.81, 0.1, -9.81, 0.7
1.369, 0.007002181, 0.000737553, 1.369, -8.18604476, -13.42989, -13.42989, -9.81, 0.1, -9.81, 0.7
1.37, 0.007008491, 0.00073824, 1.37, -8.19947465, -13.4397, -13.4397, -9.81, 0.1, -9.81, 0.7
1.371, 0.007015181, 0.000738931, 1.371, -8.21291435, -13.44951, -13.44951, -9.81, 0.1, -9.81, 0.7
1.372, 0.00702172, 0.000739611, 1.372, -8.22636386, -13.45932, -13.45932, -9.81, 0.1, -9.81, 0.7
1.373, 0.00702835, 0.000740281, 1.373, -8.23982318, -13.46913, -13.46913, -9.81, 0.1, -9.81, 0.7
1.374, 0.00703496, 0.000740971, 1.374, -8.25329231, -13.47894, -13.47894, -9.81, 0.1, -9.81, 0.7
1.375, 0.00704161, 0.000741671, 1.375, -8.26677125, -13.48875, -13.48875, -9.81, 0.1, -9.81, 0.7
1.376, 0.00704816, 0.000742361, 1.376, -8.28026, -13.49856, -13.49856, -9.81, 0.1, -9.81, 0.7
1.377, 0.00705813, 0.000743041, 1.377, -8.29375856, -13.50837, -13.50837, -9.81, 0.1, -9.81, 0.7
1.378, 0.0070647, 0.00074375, 1.378, -8.30726693, -13.51818, -13.51818, -9.81, 0.1, -9.81, 0.7
1.379, 0.007071251, 0.00074446, 1.379, -8.32078511, -13.52799, -13.52799, -9.81, 0.1, -9.81, 0.7
1.38, 0.00707775, 0.00074515, 1.38, -8.3343131, -13.5378, -13.5378, -9.81, 0.1, -9.81, 0.7
1.381, 0.00708468, 0.000745852, 1.381, -8.3478509, -13.54761, -13.54761, -9.81, 0.1, -9.81, 0.7
1.382, 0.00709123, 0.000746562, 1.382, -8.36139851, -13.55742, -13.55742, -9.81, 0.1, -9.81, 0.7
1.383, 0.00709763, 0.000747242, 1.383, -8.37495593, -13.56723, -13.56723, -9.81, 0.1, -9.81, 0.7
1.384, 0.00710444, 0.000747922, 1.384, -8.38852316, -13.57704, -13.57704, -9.81, 0.1, -9.81, 0.7
1.385, 0.00711077, 0.000748552, 1.385, -8.4021002, -13.58685, -13.58685, -9.81, 0.1, -9.81, 0.7
1.386, 0.00711586, 0.000749062, 1.386, -8.41568705, -13.59666, -13.59666, -9.81, 0.1, -9.81, 0.7
1.387, 0.00712077, 0.000749562, 1.387, -8.42928371, -13.60647, -13.60647, -9.81, 0.1, -9.81, 0.7
1.388, 0.00712572, 0.000750072, 1.388, -8.44289018, -13.61628, -13.61628, -9.81, 0.1, -9.81, 0.7
1.389, 0.007130651, 0.000750583, 1.389, -8.45650646, -13.62609, -13.62609, -9.81, 0.1, -9.81, 0.7
1.39, 0.007135531, 0.000751085, 1.39, -8.47013255, -13.6359, -13.6359, -9.81, 0.1, -9.81, 0.7
1.391, 0.007141171, 0.000751654, 1.391, -8.48376845, -13.64571, -13.64571, -9.81, 0.1, -9.81, 0.7
1.392, 0.007147792, 0.000752333, 1.392, -8.49741416, -13.65552, -13.65552, -9.81, 0.1, -9.81, 0.7
1.393, 0.007153373, 0.000752952, 1.393, -8.51106968, -13.66533, -13.66533, -9.81, 0.1, -9.81, 0.7
1.394, 0.007158363, 0.000753483, 1.394, -8.52473501, -13.67514, -13.67514, -9.81, 0.1, -9.81, 0.7
1.395, 0.007163293, 0.000753994, 1.395, -8.53841015, -13.68495, -13.68495, -9.81, 0.1, -9.81, 0.7
1.396, 0.007168173, 0.000754505, 1.396, -8.5520951, -13.69476, -13.69476, -9.81, 0.1, -9.81, 0.7
1.397, 0.007173013, 0.000755026, 1.397, -8.56578986, -13.70457, -13.70457, -9.81, 0.1, -9.81, 0.7
1.398, 0.007177913, 0.000755556, 1.398, -8.57949443, -13.71438, -13.71438, -9.81, 0.1, -9.81, 0.7
1.399, 0.007182933, 0.000756056, 1.399, -8.59320881, -13.72419, -13.72419, -9.81, 0.1, -9.81, 0.7
1.4, 0.007187813, 0.000756576, 1.4, -8.606933, -13.734, -13.734, -9.81, 0.1, -9.81, 0.7
1.401, 0.007192833, 0.000757096, 1.401, -8.620667, -13.74381, -13.74381, -9.81, 0.1, -9.81, 0.7
1.402, 0.007197813, 0.000757616, 1.402, -8.63441081, -13.75362, -13.75362, -9.81, 0.1, -9.81, 0.7
1.403, 0.007202613, 0.000758125, 1.403, -8.64816443, -13.76343, -13.76343, -9.81, 0.1, -9.81, 0.7
1.404, 0.007207593, 0.000758636, 1.404, -8.66192786, -13.77324, -13.77324, -9.81, 0.1, -9.81, 0.7
1.405, 0.007212623, 0.000759165, 1.405, -8.6757011, -13.78305, -13.78305, -9.81, 0.1, -9.81, 0.7
1.406, 0.007217552, 0.000759683, 1.406, -8.68948415, -13.79286, -13.79286, -9.81, 0.1, -9.81, 0.7
1.407, 0.007224362, 0.000760263, 1.407, -8.70327701, -13.80267, -13.80267, -9.81, 0.1, -9.81, 0.7
1.408, 0.007230772, 0.000760972, 1.408, -8.71707968, -13.81248, -13.81248, -9.81, 0.1, -9.81, 0.7
1.409, 0.007237523, 0.000761662, 1.409, -8.73089216, -13.82229, -13.82229, -9.81, 0.1, -9.81, 0.7
1.41, 0.007244043, 0.000762351, 1.41, -8.74471445, -13.8321, -13.8321, -9.81, 0.1, -9.81, 0.7
1.411, 0.007250902, 0.000763021, 1.411, -8.75854655, -13.84191, -13.84191, -9.81, 0.1, -9.81, 0.7
1.412, 0.007257452, 0.000763711, 1.412, -8.77238846, -13.85172, -13.85172, -9.81, 0.1, -9.81, 0.7
1.413, 0.007277852, 0.000764371, 1.413, -8.78624018, -13.86153, -13.86153, -9.81, 0.1, -9.81, 0.7
1.414, 0.007282872, 0.000764911, 1.414, -8.80010171, -13.87134, -13.87134, -9.81, 0.1, -9.81, 0.7
1.415, 0.007288053, 0.000765421, 1.415, -8.81397305, -13.88115, -13.88115, -9.81, 0.1, -9.81, 0.7
1.416, 0.007293182, 0.000765941, 1.416, -8.8278542, -13.89096, -13.89096, -9.81, 0.1, -9.81, 0.7
1.417, 0.007298201, 0.00076646, 1.417, -8.84174516, -13.90077, -13.90077, -9.81, 0.1, -9.81, 0.7
1.418, 0.007303051, 0.000766971, 1.418, -8.85564593, -13.91058, -13.91058, -9.81, 0.1, -9.81, 0.7
1.419, 0.007310771, 0.000767481, 1.419, -8.86955651, -13.92039, -13.92039, -9.81, 0.1, -9.81, 0.7
1.42, 0.007315871, 0.00076798, 1.42, -8.8834769, -13.9302, -13.9302, -9.81, 0.1, -9.81, 0.7
1.421, 0.007321071, 0.000768488, 1.421, -8.8974071, -13.94001, -13.94001, -9.81, 0.1, -9.81, 0.7
1.422, 0.007326102, 0.000768998, 1.422, -8.91134711, -13.94982, -13.94982, -9.81, 0.1, -9.81, 0.7
1.423, 0.007331092, 0.000769508, 1.423, -8.92529693, -13.95963, -13.95963, -9.81, 0.1, -9.81, 0.7
1.424, 0.007336072, 0.000770028, 1.424, -8.93925656, -13.96944, -13.96944, -9.81, 0.1, -9.81, 0.7
1.425, 0.007340962, 0.000770538, 1.425, -8.953226, -13.97925, -13.97925, -9.81, 0.1, -9.81, 0.7
1.426, 0.007345992, 0.000771058, 1.426, -8.96720525, -13.98906, -13.98906, -9.81, 0.1, -9.81, 0.7
1.427, 0.007351002, 0.000771568, 1.427, -8.98119431, -13.99887, -13.99887, -9.81, 0.1, -9.81, 0.7
1.428, 0.007355903, 0.000772088, 1.428, -8.99519318, -14.00868, -14.00868, -9.81, 0.1, -9.81, 0.7
1.429, 0.007360943, 0.000772608, 1.429, -9.00920186, -14.01849, -14.01849, -9.81, 0.1, -9.81, 0.7
1.43, 0.007365963, 0.000773127, 1.43, -9.02322035, -14.0283, -14.0283, -9.81, 0.1, -9.81, 0.7
1.431, 0.007370893, 0.000773657, 1.431, -9.03724865, -14.03811, -14.03811, -9.81, 0.1, -9.81, 0.7
1.432, 0.007375842, 0.000774167, 1.432, -9.05128676, -14.04792, -14.04792, -9.81, 0.1, -9.81, 0.7
1.433, 0.007380953, 0.000774677, 1.433, -9.06533468, -14.05773, -14.05773, -9.81, 0.1, -9.81, 0.7
1.434, 0.007385953, 0.000775187, 1.434, -9.07939241, -14.06754, -14.06754, -9.81, 0.1, -9.81, 0.7
1.435, 0.007390963, 0.000775688, 1.435, -9.09345995, -14.07735, -14.07735, -9.81, 0.1, -9.81, 0.7
1.436, 0.007396043, 0.000776198, 1.436, -9.1075373, -14.08716, -14.08716, -9.81, 0.1, -9.81, 0.7
1.437, 0.007401083, 0.000776727, 1.437, -9.12162446, -14.09697, -14.09697, -9.81, 0.1, -9.81, 0.7
1.438, 0.007406063, 0.000777238, 1.438, -9.13572143, -14.10678, -14.10678, -9.81, 0.1, -9.81, 0.7
1.439, 0.007411123, 0.000777738, 1.439, -9.14982821, -14.11659, -14.11659, -9.81, 0.1, -9.81, 0.7
1.44, 0.007416033, 0.000778248, 1.44, -9.1639448, -14.1264, -14.1264, -9.81, 0.1, -9.81, 0.7
1.441, 0.007421063, 0.000778768, 1.441, -9.1780712, -14.13621, -14.13621, -9.81, 0.1, -9.81, 0.7
1.442, 0.007426123, 0.000779278, 1.442, -9.19220741, -14.14602, -14.14602, -9.81, 0.1, -9.81, 0.7
1.443, 0.007431104, 0.000779798, 1.443, -9.20635343, -14.15583, -14.15583, -9.81, 0.1, -9.81, 0.7
1.444, 0.007436204, 0.000780305, 1.444, -9.22050926, -14.16564, -14.16564, -9.81, 0.1, -9.81, 0.7
1.445, 0.007441155, 0.000780806, 1.445, -9.2346749, -14.17545, -14.17545, -9.81, 0.1, -9.81, 0.7
1.446, 0.007446015, 0.000781307, 1.446, -9.24885035, -14.18526, -14.18526, -9.81, 0.1, -9.81, 0.7
1.447, 0.007450994, 0.000781825, 1.447, -9.26303561, -14.19507, -14.19507, -9.81, 0.1, -9.81, 0.7
1.448, 0.007456003, 0.000782325, 1.448, -9.27723068, -14.20488, -14.20488, -9.81, 0.1, -9.81, 0.7
1.449, 0.007460953, 0.000782857, 1.449, -9.29143556, -14.21469, -14.21469, -9.81, 0.1, -9.81, 0.7
1.45, 0.007465984, 0.000783364, 1.45, -9.30565025, -14.2245, -14.2245, -9.81, 0.1, -9.81, 0.7
1.451, 0.007471134, 0.000783893, 1.451, -9.31987475, -14.23431, -14.23431, -9.81, 0.1, -9.81, 0.7
1.452, 0.007476205, 0.000784421, 1.452, -9.33410906, -14.24412, -14.24412, -9.81, 0.1, -9.81, 0.7
1.453, 0.007481174, 0.00078494, 1.453, -9.34835318, -14.25393, -14.25393, -9.81, 0.1, -9.81, 0.7
1.454, 0.007486204, 0.00078545, 1.454, -9.36260711, -14.26374, -14.26374, -9.81, 0.1, -9.81, 0.7
1.455, 0.007491174, 0.00078597, 1.455, -9.37687085, -14.27355, -14.27355, -9.81, 0.1, -9.81, 0.7
1.456, 0.007496154, 0.00078649, 1.456, -9.3911444, -14.28336, -14.28336, -9.81, 0.1, -9.81, 0.7
1.457, 0.007501264, 0.000787, 1.457, -9.40542776, -14.29317, -14.29317, -9.81, 0.1, -9.81, 0.7
1.458, 0.007506264, 0.00078752, 1.458, -9.41972093, -14.30298, -14.30298, -9.81, 0.1, -9.81, 0.7
1.459, 0.007511264, 0.000788038, 1.459, -9.43402391, -14.31279, -14.31279, -9.81, 0.1, -9.81, 0.7
1.46, 0.007516274, 0.000788558, 1.46, -9.4483367, -14.3226, -14.3226, -9.81, 0.1, -9.81, 0.7
1.461, 0.007523745, 0.000789079, 1.461, -9.4626593, -14.33241, -14.33241, -9.81, 0.1, -9.81, 0.7
1.462, 0.007528735, 0.000789587, 1.462, -9.47699171, -14.34222, -14.34222, -9.81, 0.1, -9.81, 0.7
1.463, 0.007533605, 0.000790078, 1.463, -9.49133393, -14.35203, -14.35203, -9.81, 0.1, -9.81, 0.7
1.464, 0.007538605, 0.000790599, 1.464, -9.50568596, -14.36184, -14.36184, -9.81, 0.1, -9.81, 0.7
1.465, 0.007543516, 0.000791098, 1.465, -9.5200478, -14.37165, -14.37165, -9.81, 0.1, -9.81, 0.7
1.466, 0.007548456, 0.000791618, 1.466, -9.53441945, -14.38146, -14.38146, -9.81, 0.1, -9.81, 0.7
1.467, 0.007553496, 0.000792138, 1.467, -9.54880091, -14.39127, -14.39127, -9.81, 0.1, -9.81, 0.7
1.468, 0.007558436, 0.000792638, 1.468, -9.56319218, -14.40108, -14.40108, -9.81, 0.1, -9.81, 0.7
1.469, 0.007563346, 0.000793138, 1.469, -9.57759326, -14.41089, -14.41089, -9.81, 0.1, -9.81, 0.7
1.47, 0.007568426, 0.000793648, 1.47, -9.59200415, -14.4207, -14.4207, -9.81, 0.1, -9.81, 0.7
1.471, 0.007573336, 0.000794158, 1.471, -9.60642485, -14.43051, -14.43051, -9.81, 0.1, -9.81, 0.7
1.472, 0.007578206, 0.000794668, 1.472, -9.62085536, -14.44032, -14.44032, -9.81, 0.1, -9.81, 0.7
1.473, 0.007583096, 0.000795168, 1.473, -9.63529568, -14.45013, -14.45013, -9.81, 0.1, -9.81, 0.7
1.474, 0.007587986, 0.000795698, 1.474, -9.64974581, -14.45994, -14.45994, -9.81, 0.1, -9.81, 0.7
1.475, 0.007592847, 0.000796218, 1.475, -9.66420575, -14.46975, -14.46975, -9.81, 0.1, -9.81, 0.7
1.476, 0.007597637, 0.000796728, 1.476, -9.6786755, -14.47956, -14.47956, -9.81, 0.1, -9.81, 0.7
1.477, 0.007602508, 0.000797258, 1.477, -9.69315506, -14.48937, -14.48937, -9.81, 0.1, -9.81, 0.7
1.478, 0.007607518, 0.000797768, 1.478, -9.70764443, -14.49918, -14.49918, -9.81, 0.1, -9.81, 0.7
1.479, 0.007612278, 0.000798271, 1.479, -9.72214361, -14.50899, -14.50899, -9.81, 0.1, -9.81, 0.7
1.48, 0.007617189, 0.000798799, 1.48, -9.7366526, -14.5188, -14.5188, -9.81, 0.1, -9.81, 0.7
1.481, 0.007622168, 0.00079932, 1.481, -9.7511714, -14.52861, -14.52861, -9.81, 0.1, -9.81, 0.7
1.482, 0.007626968, 0.00079982, 1.482, -9.76570001, -14.53842, -14.53842, -9.81, 0.1, -9.81, 0.7
1.483, 0.007631878, 0.000800349, 1.483, -9.78023843, -14.54823, -14.54823, -9.81, 0.1, -9.81, 0.7
1.484, 0.007636868, 0.000800859, 1.484, -9.79478666, -14.55804, -14.55804, -9.81, 0.1, -9.81, 0.7
1.485, 0.007641828, 0.000801369, 1.485, -9.8093447, -14.56785, -14.56785, -9.81, 0.1, -9.81, 0.7
1.486, 0.007646748, 0.000801899, 1.486, -9.82391255, -14.57766, -14.57766, -9.81, 0.1, -9.81, 0.7
1.487, 0.007651758, 0.000802439, 1.487, -9.83849021, -14.58747, -14.58747, -9.81, 0.1, -9.81, 0.7
1.488, 0.007656608, 0.000802959, 1.488, -9.85307768, -14.59728, -14.59728, -9.81, 0.1, -9.81, 0.7
1.489, 0.007661678, 0.000803459, 1.489, -9.86767496, -14.60709, -14.60709, -9.81, 0.1, -9.81, 0.7
1.49, 0.007666638, 0.000803967, 1.49, -9.88228205, -14.6169, -14.6169, -9.81, 0.1, -9.81, 0.7
1.491, 0.007671549, 0.000804467, 1.491, -9.89689895, -14.62671, -14.62671, -9.81, 0.1, -9.81, 0.7
1.492, 0.00767645, 0.000804975, 1.492, -9.91152566, -14.63652, -14.63652, -9.81, 0.1, -9.81, 0.7
1.493, 0.00768133, 0.000805505, 1.493, -9.92616218, -14.64633, -14.64633, -9.81, 0.1, -9.81, 0.7
1.494, 0.00768626, 0.000806034, 1.494, -9.94080851, -14.65614, -14.65614, -9.81, 0.1, -9.81, 0.7
1.495, 0.00769116, 0.000806554, 1.495, -9.95546465, -14.66595, -14.66595, -9.81, 0.1, -9.81, 0.7
1.496, 0.00769627, 0.000807064, 1.496, -9.9701306, -14.67576, -14.67576, -9.81, 0.1, -9.81, 0.7
1.497, 0.007701121, 0.000807563, 1.497, -9.98480636, -14.68557, -14.68557, -9.81, 0.1, -9.81, 0.7
1.498, 0.007706001, 0.000808103, 1.498, -9.99949193, -14.69538, -14.69538, -9.81, 0.1, -9.81, 0.7
1.499, 0.007710801, 0.000808623, 1.499, -10.01418731, -14.70519, -14.70519, -9.81, 0.1, -9.81, 0.7
1.5, 0.007716011, 0.000809143, 1.5, -10.0288925, -14.715, -14.715, -9.81, 0.1, -9.81, 0.7
1.501, 0.007721381, 0.000809663, 1.501, -10.0436075, -14.72481, -14.72481, -9.81, 0.1, -9.81, 0.7
1.502, 0.007726561, 0.000810183, 1.502, -10.05833231, -14.73462, -14.73462, -9.81, 0.1, -9.81, 0.7
1.503, 0.007734081, 0.000810703, 1.503, -10.07306693, -14.74443, -14.74443, -9.81, 0.1, -9.81, 0.7
1.504, 0.007739391, 0.000811202, 1.504, -10.08781136, -14.75424, -14.75424, -9.81, 0.1, -9.81, 0.7
1.505, 0.007744542, 0.000811713, 1.505, -10.1025656, -14.76405, -14.76405, -9.81, 0.1, -9.81, 0.7
1.506, 0.007749641, 0.000812203, 1.506, -10.11732965, -14.77386, -14.77386, -9.81, 0.1, -9.81, 0.7
1.507, 0.007754752, 0.000812733, 1.507, -10.13210351, -14.78367, -14.78367, -9.81, 0.1, -9.81, 0.7
1.508, 0.007759922, 0.000813242, 1.508, -10.14688718, -14.79348, -14.79348, -9.81, 0.1, -9.81, 0.7
1.509, 0.007765082, 0.000813762, 1.509, -10.16168066, -14.80329, -14.80329, -9.81, 0.1, -9.81, 0.7
1.51, 0.007770172, 0.000814273, 1.51, -10.17648395, -14.8131, -14.8131, -9.81, 0.1, -9.81, 0.7
1.511, 0.007775361, 0.000814772, 1.511, -10.19129705, -14.82291, -14.82291, -9.81, 0.1, -9.81, 0.7
1.512, 0.007780462, 0.000815272, 1.512, -10.20611996, -14.83272, -14.83272, -9.81, 0.1, -9.81, 0.7
1.513, 0.007785502, 0.000815792, 1.513, -10.22095268, -14.84253, -14.84253, -9.81, 0.1, -9.81, 0.7
1.514, 0.007790602, 0.000816302, 1.514, -10.23579521, -14.85234, -14.85234, -9.81, 0.1, -9.81, 0.7
1.515, 0.007795722, 0.000816822, 1.515, -10.25064755, -14.86215, -14.86215, -9.81, 0.1, -9.81, 0.7
1.516, 0.007800792, 0.000817342, 1.516, -10.2655097, -14.87196, -14.87196, -9.81, 0.1, -9.81, 0.7
1.517, 0.007805872, 0.000817862, 1.517, -10.28038166, -14.88177, -14.88177, -9.81, 0.1, -9.81, 0.7
1.518, 0.007810872, 0.000818392, 1.518, -10.29526343, -14.89158, -14.89158, -9.81, 0.1, -9.81, 0.7
1.519, 0.007815872, 0.000818903, 1.519, -10.31015501, -14.90139, -14.90139, -9.81, 0.1, -9.81, 0.7
1.52, 0.007821003, 0.000819413, 1.52, -10.3250564, -14.9112, -14.9112, -9.81, 0.1, -9.81, 0.7
1.521, 0.007826182, 0.000819922, 1.521, -10.3399676, -14.92101, -14.92101, -9.81, 0.1, -9.81, 0.7
1.522, 0.007831232, 0.000820421, 1.522, -10.35488861, -14.93082, -14.93082, -9.81, 0.1, -9.81, 0.7
1.523, 0.007836361, 0.00082093, 1.523, -10.36981943, -14.94063, -14.94063, -9.81, 0.1, -9.81, 0.7
1.524, 0.00784145, 0.000821449, 1.524, -10.38476006, -14.95044, -14.95044, -9.81, 0.1, -9.81, 0.7
1.525, 0.007846509, 0.000821959, 1.525, -10.3997105, -14.96025, -14.96025, -9.81, 0.1, -9.81, 0.7
1.526, 0.007851529, 0.00082247, 1.526, -10.41467075, -14.97006, -14.97006, -9.81, 0.1, -9.81, 0.7
1.527, 0.007856619, 0.000822981, 1.527, -10.42964081, -14.97987, -14.97987, -9.81, 0.1, -9.81, 0.7
1.528, 0.007861649, 0.000823491, 1.528, -10.44462068, -14.98968, -14.98968, -9.81, 0.1, -9.81, 0.7
1.529, 0.007866749, 0.000824001, 1.529, -10.45961036, -14.99949, -14.99949, -9.81, 0.1, -9.81, 0.7
1.53, 0.007871789, 0.000824491, 1.53, -10.47460985, -15.0093, -15.0093, -9.81, 0.1, -9.81, 0.7
1.531, 0.007876919, 0.000825001, 1.531, -10.48961915, -15.01911, -15.01911, -9.81, 0.1, -9.81, 0.7
1.532, 0.007881939, 0.000825511, 1.532, -10.50463826, -15.02892, -15.02892, -9.81, 0.1, -9.81, 0.7
1.533, 0.007887009, 0.000826021, 1.533, -10.51966718, -15.03873, -15.03873, -9.81, 0.1, -9.81, 0.7
1.534, 0.007891959, 0.00082653, 1.534, -10.53470591, -15.04854, -15.04854, -9.81, 0.1, -9.81, 0.7
1.535, 0.007896959, 0.00082704, 1.535, -10.54975445, -15.05835, -15.05835, -9.81, 0.1, -9.81, 0.7
1.536, 0.00790213, 0.00082757, 1.536, -10.5648128, -15.06816, -15.06816, -9.81, 0.1, -9.81, 0.7
1.537, 0.007907221, 0.000828072, 1.537, -10.57988096, -15.07797, -15.07797, -9.81, 0.1, -9.81, 0.7
1.538, 0.007912221, 0.000828592, 1.538, -10.59495893, -15.08778, -15.08778, -9.81, 0.1, -9.81, 0.7
1.539, 0.007917372, 0.000829112, 1.539, -10.61004671, -15.09759, -15.09759, -9.81, 0.1, -9.81, 0.7
1.54, 0.007922382, 0.000829624, 1.54, -10.6251443, -15.1074, -15.1074, -9.81, 0.1, -9.81, 0.7
1.541, 0.007927491, 0.000830133, 1.541, -10.6402517, -15.11721, -15.11721, -9.81, 0.1, -9.81, 0.7
1.542, 0.007932571, 0.000830653, 1.542, -10.65536891, -15.12702, -15.12702, -9.81, 0.1, -9.81, 0.7
1.543, 0.007937681, 0.000831153, 1.543, -10.67049593, -15.13683, -15.13683, -9.81, 0.1, -9.81, 0.7
1.544, 0.007942701, 0.000831663, 1.544, -10.68563276, -15.14664, -15.14664, -9.81, 0.1, -9.81, 0.7
1.545, 0.007950221, 0.000832173, 1.545, -10.7007794, -15.15645, -15.15645, -9.81, 0.1, -9.81, 0.7
1.546, 0.007955551, 0.000832693, 1.546, -10.71593585, -15.16626, -15.16626, -9.81, 0.1, -9.81, 0.7
1.547, 0.007960711, 0.000833203, 1.547, -10.73110211, -15.17607, -15.17607, -9.81, 0.1, -9.81, 0.7
1.548, 0.007965851, 0.000833724, 1.548, -10.74627818, -15.18588, -15.18588, -9.81, 0.1, -9.81, 0.7
1.549, 0.007971022, 0.000834244, 1.549, -10.76146406, -15.19569, -15.19569, -9.81, 0.1, -9.81, 0.7
1.55, 0.007976193, 0.000834752, 1.55, -10.77665975, -15.2055, -15.2055, -9.81, 0.1, -9.81, 0.7
1.551, 0.007981463, 0.000835261, 1.551, -10.79186525, -15.21531, -15.21531, -9.81, 0.1, -9.81, 0.7
1.552, 0.007986743, 0.000835761, 1.552, -10.80708056, -15.22512, -15.22512, -9.81, 0.1, -9.81, 0.7
1.553, 0.007991872, 0.000836271, 1.553, -10.82230568, -15.23493, -15.23493, -9.81, 0.1, -9.81, 0.7
1.554, 0.007996882, 0.00083678, 1.554, -10.83754061, -15.24474, -15.24474, -9.81, 0.1, -9.81, 0.7
1.555, 0.008002012, 0.000837298, 1.555, -10.85278535, -15.25455, -15.25455, -9.81, 0.1, -9.81, 0.7
1.556, 0.008007212, 0.000837807, 1.556, -10.8680399, -15.26436, -15.26436, -9.81, 0.1, -9.81, 0.7
1.557, 0.008012242, 0.000838327, 1.557, -10.88330426, -15.27417, -15.27417, -9.81, 0.1, -9.81, 0.7
1.558, 0.008017342, 0.000838837, 1.558, -10.89857843, -15.28398, -15.28398, -9.81, 0.1, -9.81, 0.7
1.559, 0.008022432, 0.000839347, 1.559, -10.91386241, -15.29379, -15.29379, -9.81, 0.1, -9.81, 0.7
1.56, 0.008027452, 0.000839857, 1.56, -10.9291562, -15.3036, -15.3036, -9.81, 0.1, -9.81, 0.7
1.561, 0.008032682, 0.000840367, 1.561, -10.9444598, -15.31341, -15.31341, -9.81, 0.1, -9.81, 0.7
1.562, 0.008037772, 0.000840877, 1.562, -10.95977321, -15.32322, -15.32322, -9.81, 0.1, -9.81, 0.7
1.563, 0.008042773, 0.000841386, 1.563, -10.97509643, -15.33303, -15.33303, -9.81, 0.1, -9.81, 0.7
1.564, 0.008047923, 0.000841915, 1.564, -10.99042946, -15.34284, -15.34284, -9.81, 0.1, -9.81, 0.7
1.565, 0.008053103, 0.000842457, 1.565, -11.0057723, -15.35265, -15.35265, -9.81, 0.1, -9.81, 0.7
1.566, 0.008058124, 0.000842987, 1.566, -11.02112495, -15.36246, -15.36246, -9.81, 0.1, -9.81, 0.7
1.567, 0.008063263, 0.000843487, 1.567, -11.03648741, -15.37227, -15.37227, -9.81, 0.1, -9.81, 0.7
1.568, 0.008068334, 0.000843978, 1.568, -11.05185968, -15.38208, -15.38208, -9.81, 0.1, -9.81, 0.7
1.569, 0.008073483, 0.000844497, 1.569, -11.06724176, -15.39189, -15.39189, -9.81, 0.1, -9.81, 0.7
1.57, 0.008078544, 0.000844987, 1.57, -11.08263365, -15.4017, -15.4017, -9.81, 0.1, -9.81, 0.7
1.571, 0.008083724, 0.000845476, 1.571, -11.09803535, -15.41151, -15.41151, -9.81, 0.1, -9.81, 0.7
1.572, 0.008088874, 0.000845996, 1.572, -11.11344686, -15.42132, -15.42132, -9.81, 0.1, -9.81, 0.7
1.573, 0.008095354, 0.000846626, 1.573, -11.12886818, -15.43113, -15.43113, -9.81, 0.1, -9.81, 0.7
1.574, 0.008107494, 0.000847686, 1.574, -11.14429931, -15.44094, -15.44094, -9.81, 0.1, -9.81, 0.7
1.575, 0.008121975, 0.000848596, 1.575, -11.15974025, -15.45075, -15.45075, -9.81, 0.1, -9.81, 0.7
1.576, 0.008129175, 0.000849296, 1.576, -11.175191, -15.46056, -15.46056, -9.81, 0.1, -9.81, 0.7
1.577, 0.008136655, 0.000849976, 1.577, -11.19065156, -15.47037, -15.47037, -9.81, 0.1, -9.81, 0.7
1.578, 0.008144184, 0.000850814, 1.578, -11.20612193, -15.48018, -15.48018, -9.81, 0.1, -9.81, 0.7
1.579, 0.008150945, 0.000851474, 1.579, -11.22160211, -15.48999, -15.48999, -9.81, 0.1, -9.81, 0.7
1.58, 0.008157344, 0.000852163, 1.58, -11.2370921, -15.4998, -15.4998, -9.81, 0.1, -9.81, 0.7
1.581, 0.008163924, 0.000852853, 1.581, -11.2525919, -15.50961, -15.50961, -9.81, 0.1, -9.81, 0.7
1.582, 0.008170464, 0.000853513, 1.582, -11.26810151, -15.51942, -15.51942, -9.81, 0.1, -9.81, 0.7
1.583, 0.008177614, 0.000854253, 1.583, -11.28362093, -15.52923, -15.52923, -9.81, 0.1, -9.81, 0.7
1.584, 0.008184884, 0.000854953, 1.584, -11.29915016, -15.53904, -15.53904, -9.81, 0.1, -9.81, 0.7
1.585, 0.008191584, 0.000855623, 1.585, -11.3146892, -15.54885, -15.54885, -9.81, 0.1, -9.81, 0.7
1.586, 0.008198245, 0.000856311, 1.586, -11.33023805, -15.55866, -15.55866, -9.81, 0.1, -9.81, 0.7
1.587, 0.008211626, 0.000856961, 1.587, -11.34579671, -15.56847, -15.56847, -9.81, 0.1, -9.81, 0.7
1.588, 0.008217045, 0.000857483, 1.588, -11.36136518, -15.57828, -15.57828, -9.81, 0.1, -9.81, 0.7
1.589, 0.008222325, 0.000857993, 1.589, -11.37694346, -15.58809, -15.58809, -9.81, 0.1, -9.81, 0.7
1.59, 0.008227466, 0.000858484, 1.59, -11.39253155, -15.5979, -15.5979, -9.81, 0.1, -9.81, 0.7
1.591, 0.008232766, 0.000858992, 1.591, -11.40812945, -15.60771, -15.60771, -9.81, 0.1, -9.81, 0.7
1.592, 0.008237945, 0.000859482, 1.592, -11.42373716, -15.61752, -15.61752, -9.81, 0.1, -9.81, 0.7
1.593, 0.008243056, 0.000859981, 1.593, -11.43935468, -15.62733, -15.62733, -9.81, 0.1, -9.81, 0.7
1.594, 0.008248146, 0.000860481, 1.594, -11.45498201, -15.63714, -15.63714, -9.81, 0.1, -9.81, 0.7
1.595, 0.008253366, 0.000861001, 1.595, -11.47061915, -15.64695, -15.64695, -9.81, 0.1, -9.81, 0.7
1.596, 0.008258426, 0.000861511, 1.596, -11.4862661, -15.65676, -15.65676, -9.81, 0.1, -9.81, 0.7
1.597, 0.008263506, 0.000862011, 1.597, -11.50192286, -15.66657, -15.66657, -9.81, 0.1, -9.81, 0.7
1.598, 0.008268666, 0.000862522, 1.598, -11.51758943, -15.67638, -15.67638, -9.81, 0.1, -9.81, 0.7
1.599, 0.008273767, 0.000863022, 1.599, -11.53326581, -15.68619, -15.68619, -9.81, 0.1, -9.81, 0.7
1.6, 0.008278917, 0.000863532, 1.6, -11.548952, -15.696, -15.696, -9.81, 0.1, -9.81, 0.7
1.601, 0.008284277, 0.000864031, 1.601, -11.564648, -15.70581, -15.70581, -9.81, 0.1, -9.81, 0.7
1.602, 0.008289317, 0.000864561, 1.602, -11.58035381, -15.71562, -15.71562, -9.81, 0.1, -9.81, 0.7
1.603, 0.008294456, 0.00086505, 1.603, -11.59606943, -15.72543, -15.72543, -9.81, 0.1, -9.81, 0.7
1.604, 0.008299567, 0.00086554, 1.604, -11.61179486, -15.73524, -15.73524, -9.81, 0.1, -9.81, 0.7
1.605, 0.008304666, 0.000866059, 1.605, -11.6275301, -15.74505, -15.74505, -9.81, 0.1, -9.81, 0.7
1.606, 0.008309755, 0.000866589, 1.606, -11.64327515, -15.75486, -15.75486, -9.81, 0.1, -9.81, 0.7
1.607, 0.008315005, 0.000867109, 1.607, -11.65903001, -15.76467, -15.76467, -9.81, 0.1, -9.81, 0.7
1.608, 0.008320045, 0.000867619, 1.608, -11.67479468, -15.77448, -15.77448, -9.81, 0.1, -9.81, 0.7
1.609, 0.008325175, 0.000868179, 1.609, -11.69056916, -15.78429, -15.78429, -9.81, 0.1, -9.81, 0.7
1.61, 0.008330285, 0.000868699, 1.61, -11.70635345, -15.7941, -15.7941, -9.81, 0.1, -9.81, 0.7
1.611, 0.008335395, 0.000869219, 1.611, -11.72214755, -15.80391, -15.80391, -9.81, 0.1, -9.81, 0.7
1.612, 0.008340555, 0.000869739, 1.612, -11.73795146, -15.81372, -15.81372, -9.81, 0.1, -9.81, 0.7
1.613, 0.008345736, 0.000870239, 1.613, -11.75376518, -15.82353, -15.82353, -9.81, 0.1, -9.81, 0.7
1.614, 0.008350806, 0.000870748, 1.614, -11.76958871, -15.83334, -15.83334, -9.81, 0.1, -9.81, 0.7
1.615, 0.008355906, 0.000871249, 1.615, -11.78542205, -15.84315, -15.84315, -9.81, 0.1, -9.81, 0.7
1.616, 0.008360956, 0.000871759, 1.616, -11.8012652, -15.85296, -15.85296, -9.81, 0.1, -9.81, 0.7
1.617, 0.008366097, 0.00087227, 1.617, -11.81711816, -15.86277, -15.86277, -9.81, 0.1, -9.81, 0.7
1.618, 0.008371177, 0.00087278, 1.618, -11.83298093, -15.87258, -15.87258, -9.81, 0.1, -9.81, 0.7
1.619, 0.008376328, 0.00087329, 1.619, -11.84885351, -15.88239, -15.88239, -9.81, 0.1, -9.81, 0.7
1.62, 0.008381527, 0.00087379, 1.62, -11.8647359, -15.8922, -15.8922, -9.81, 0.1, -9.81, 0.7
1.621, 0.008386698, 0.00087431, 1.621, -11.8806281, -15.90201, -15.90201, -9.81, 0.1, -9.81, 0.7
1.622, 0.008401899, 0.000874799, 1.622, -11.89653011, -15.91182, -15.91182, -9.81, 0.1, -9.81, 0.7
1.623, 0.008407019, 0.000875299, 1.623, -11.91244193, -15.92163, -15.92163, -9.81, 0.1, -9.81, 0.7
1.624, 0.008412149, 0.000875809, 1.624, -11.92836356, -15.93144, -15.93144, -9.81, 0.1, -9.81, 0.7
1.625, 0.008417349, 0.000876319, 1.625, -11.944295, -15.94125, -15.94125, -9.81, 0.1, -9.81, 0.7
1.626, 0.008422609, 0.00087683, 1.626, -11.96023625, -15.95106, -15.95106, -9.81, 0.1, -9.81, 0.7
1.627, 0.008427859, 0.000877362, 1.627, -11.97618731, -15.96087, -15.96087, -9.81, 0.1, -9.81, 0.7
1.628, 0.008432859, 0.000877871, 1.628, -11.99214818, -15.97068, -15.97068, -9.81, 0.1, -9.81, 0.7
1.629, 0.00844057, 0.000878371, 1.629, -12.00811886, -15.98049, -15.98049, -9.81, 0.1, -9.81, 0.7
1.63, 0.0084459, 0.00087889, 1.63, -12.02409935, -15.9903, -15.9903, -9.81, 0.1, -9.81, 0.7
1.631, 0.008451009, 0.000879401, 1.631, -12.04008965, -16.00011, -16.00011, -9.81, 0.1, -9.81, 0.7
1.632, 0.00845624, 0.000879899, 1.632, -12.05608976, -16.00992, -16.00992, -9.81, 0.1, -9.81, 0.7
1.633, 0.00846138, 0.000880401, 1.633, -12.07209968, -16.01973, -16.01973, -9.81, 0.1, -9.81, 0.7
1.634, 0.008466569, 0.000880901, 1.634, -12.08811941, -16.02954, -16.02954, -9.81, 0.1, -9.81, 0.7
1.635, 0.008471609, 0.000881422, 1.635, -12.10414895, -16.03935, -16.03935, -9.81, 0.1, -9.81, 0.7
1.636, 0.008476729, 0.000881932, 1.636, -12.1201883, -16.04916, -16.04916, -9.81, 0.1, -9.81, 0.7
1.637, 0.008481959, 0.000882442, 1.637, -12.13623746, -16.05897, -16.05897, -9.81, 0.1, -9.81, 0.7
1.638, 0.008487039, 0.000882952, 1.638, -12.15229643, -16.06878, -16.06878, -9.81, 0.1, -9.81, 0.7
1.639, 0.008492199, 0.000883472, 1.639, -12.16836521, -16.07859, -16.07859, -9.81, 0.1, -9.81, 0.7
1.64, 0.008497269, 0.000883982, 1.64, -12.1844438, -16.0884, -16.0884, -9.81, 0.1, -9.81, 0.7
1.641, 0.008502478, 0.000884492, 1.641, -12.2005322, -16.09821, -16.09821, -9.81, 0.1, -9.81, 0.7
1.642, 0.008507497, 0.000885011, 1.642, -12.21663041, -16.10802, -16.10802, -9.81, 0.1, -9.81, 0.7
1.643, 0.008512627, 0.00088554, 1.643, -12.23273843, -16.11783, -16.11783, -9.81, 0.1, -9.81, 0.7
1.644, 0.008517627, 0.00088606, 1.644, -12.24885626, -16.12764, -16.12764, -9.81, 0.1, -9.81, 0.7
1.645, 0.008522676, 0.000886589, 1.645, -12.2649839, -16.13745, -16.13745, -9.81, 0.1, -9.81, 0.7
1.646, 0.008527775, 0.000887089, 1.646, -12.28112135, -16.14726, -16.14726, -9.81, 0.1, -9.81, 0.7
1.647, 0.008532895, 0.000887588, 1.647, -12.29726861, -16.15707, -16.15707, -9.81, 0.1, -9.81, 0.7
1.648, 0.008538035, 0.000888099, 1.648, -12.31342568, -16.16688, -16.16688, -9.81, 0.1, -9.81, 0.7
1.649, 0.008543245, 0.00088862, 1.649, -12.32959256, -16.17669, -16.17669, -9.81, 0.1, -9.81, 0.7
1.65, 0.008548415, 0.00088912, 1.65, -12.34576925, -16.1865, -16.1865, -9.81, 0.1, -9.81, 0.7
1.651, 0.008553525, 0.00088964, 1.651, -12.36195575, -16.19631, -16.19631, -9.81, 0.1, -9.81, 0.7
1.652, 0.008558675, 0.00089014, 1.652, -12.37815206, -16.20612, -16.20612, -9.81, 0.1, -9.81, 0.7
1.653, 0.008563735, 0.00089065, 1.653, -12.39435818, -16.21593, -16.21593, -9.81, 0.1, -9.81, 0.7
1.654, 0.008568865, 0.00089116, 1.654, -12.41057411, -16.22574, -16.22574, -9.81, 0.1, -9.81, 0.7
1.655, 0.008573925, 0.00089166, 1.655, -12.42679985, -16.23555, -16.23555, -9.81, 0.1, -9.81, 0.7
1.656, 0.008579114, 0.00089216, 1.656, -12.4430354, -16.24536, -16.24536, -9.81, 0.1, -9.81, 0.7
1.657, 0.008584144, 0.000892649, 1.657, -12.45928076, -16.25517, -16.25517, -9.81, 0.1, -9.81, 0.7
1.658, 0.008589244, 0.000893169, 1.658, -12.47553593, -16.26498, -16.26498, -9.81, 0.1, -9.81, 0.7
1.659, 0.008594374, 0.000893678, 1.659, -12.49180091, -16.27479, -16.27479, -9.81, 0.1, -9.81, 0.7
1.66, 0.008599475, 0.00089416, 1.66, -12.5080757, -16.2846, -16.2846, -9.81, 0.1, -9.81, 0.7
1.661, 0.008604674, 0.000894662, 1.661, -12.5243603, -16.29441, -16.29441, -9.81, 0.1, -9.81, 0.7
1.662, 0.008609754, 0.000895162, 1.662, -12.54065471, -16.30422, -16.30422, -9.81, 0.1, -9.81, 0.7
1.663, 0.008614994, 0.000895671, 1.663, -12.55695893, -16.31403, -16.31403, -9.81, 0.1, -9.81, 0.7
1.664, 0.008620184, 0.000896191, 1.664, -12.57327296, -16.32384, -16.32384, -9.81, 0.1, -9.81, 0.7
1.665, 0.008625194, 0.000896691, 1.665, -12.5895968, -16.33365, -16.33365, -9.81, 0.1, -9.81, 0.7
1.666, 0.008630324, 0.000897211, 1.666, -12.60593045, -16.34346, -16.34346, -9.81, 0.1, -9.81, 0.7
1.667, 0.008635444, 0.000897721, 1.667, -12.62227391, -16.35327, -16.35327, -9.81, 0.1, -9.81, 0.7
1.668, 0.008640454, 0.000898221, 1.668, -12.63862718, -16.36308, -16.36308, -9.81, 0.1, -9.81, 0.7
1.669, 0.008645524, 0.000898721, 1.669, -12.65499026, -16.37289, -16.37289, -9.81, 0.1, -9.81, 0.7
1.67, 0.008653014, 0.000899221, 1.67, -12.67136315, -16.3827, -16.3827, -9.81, 0.1, -9.81, 0.7
1.671, 0.008658534, 0.000899752, 1.671, -12.68774585, -16.39251, -16.39251, -9.81, 0.1, -9.81, 0.7
1.672, 0.008663604, 0.00090026, 1.672, -12.70413836, -16.40232, -16.40232, -9.81, 0.1, -9.81, 0.7
1.673, 0.008668795, 0.000900761, 1.673, -12.72054068, -16.41213, -16.41213, -9.81, 0.1, -9.81, 0.7
1.674, 0.008674046, 0.000901271, 1.674, -12.73695281, -16.42194, -16.42194, -9.81, 0.1, -9.81, 0.7
1.675, 0.008679385, 0.000901789, 1.675, -12.75337475, -16.43175, -16.43175, -9.81, 0.1, -9.81, 0.7
1.676, 0.008684595, 0.00090229, 1.676, -12.7698065, -16.44156, -16.44156, -9.81, 0.1, -9.81, 0.7
1.677, 0.008689815, 0.000902812, 1.677, -12.78624806, -16.45137, -16.45137, -9.81, 0.1, -9.81, 0.7
1.678, 0.008695105, 0.000903311, 1.678, -12.80269943, -16.46118, -16.46118, -9.81, 0.1, -9.81, 0.7
1.679, 0.008700245, 0.000903821, 1.679, -12.81916061, -16.47099, -16.47099, -9.81, 0.1, -9.81, 0.7
1.68, 0.008705365, 0.000904331, 1.68, -12.8356316, -16.4808, -16.4808, -9.81, 0.1, -9.81, 0.7
1.681, 0.008710675, 0.000904851, 1.681, -12.8521124, -16.49061, -16.49061, -9.81, 0.1, -9.81, 0.7
1.682, 0.008715795, 0.000905351, 1.682, -12.86860301, -16.50042, -16.50042, -9.81, 0.1, -9.81, 0.7
1.683, 0.008720935, 0.000905871, 1.683, -12.88510343, -16.51023, -16.51023, -9.81, 0.1, -9.81, 0.7
1.684, 0.008726105, 0.00090638, 1.684, -12.90161366, -16.52004, -16.52004, -9.81, 0.1, -9.81, 0.7
1.685, 0.008731254, 0.000906891, 1.685, -12.9181337, -16.52985, -16.52985, -9.81, 0.1, -9.81, 0.7
1.686, 0.008736414, 0.000907421, 1.686, -12.93466355, -16.53966, -16.53966, -9.81, 0.1, -9.81, 0.7
1.687, 0.008741594, 0.000907943, 1.687, -12.95120321, -16.54947, -16.54947, -9.81, 0.1, -9.81, 0.7
1.688, 0.008746744, 0.000908442, 1.688, -12.96775268, -16.55928, -16.55928, -9.81, 0.1, -9.81, 0.7
1.689, 0.008751894, 0.000908953, 1.689, -12.98431196, -16.56909, -16.56909, -9.81, 0.1, -9.81, 0.7
1.69, 0.008757105, 0.000909465, 1.69, -13.00088105, -16.5789, -16.5789, -9.81, 0.1, -9.81, 0.7
1.691, 0.008762366, 0.000909966, 1.691, -13.01745995, -16.58871, -16.58871, -9.81, 0.1, -9.81, 0.7
1.692, 0.008767426, 0.000910466, 1.692, -13.03404866, -16.59852, -16.59852, -9.81, 0.1, -9.81, 0.7
1.693, 0.008772606, 0.000910976, 1.693, -13.05064718, -16.60833, -16.60833, -9.81, 0.1, -9.81, 0.7
1.694, 0.008777736, 0.000911486, 1.694, -13.06725551, -16.61814, -16.61814, -9.81, 0.1, -9.81, 0.7
1.695, 0.008782866, 0.000911996, 1.695, -13.08387365, -16.62795, -16.62795, -9.81, 0.1, -9.81, 0.7
1.696, 0.008788006, 0.000912516, 1.696, -13.1005016, -16.63776, -16.63776, -9.81, 0.1, -9.81, 0.7
1.697, 0.008793156, 0.000913026, 1.697, -13.11713936, -16.64757, -16.64757, -9.81, 0.1, -9.81, 0.7
1.698, 0.008798206, 0.000913546, 1.698, -13.13378693, -16.65738, -16.65738, -9.81, 0.1, -9.81, 0.7
1.699, 0.008803366, 0.000914056, 1.699, -13.15044431, -16.66719, -16.66719, -9.81, 0.1, -9.81, 0.7
1.7, 0.008808477, 0.000914557, 1.7, -13.1671115, -16.677, -16.677, -9.81, 0.1, -9.81, 0.7
1.701, 0.008813667, 0.000915087, 1.701, -13.1837885, -16.68681, -16.68681, -9.81, 0.1, -9.81, 0.7
1.702, 0.008818887, 0.000915619, 1.702, -13.20047531, -16.69662, -16.69662, -9.81, 0.1, -9.81, 0.7
1.703, 0.008824108, 0.000916129, 1.703, -13.21717193, -16.70643, -16.70643, -9.81, 0.1, -9.81, 0.7
1.704, 0.008829238, 0.00091664, 1.704, -13.23387836, -16.71624, -16.71624, -9.81, 0.1, -9.81, 0.7
1.705, 0.008834398, 0.000917181, 1.705, -13.2505946, -16.72605, -16.72605, -9.81, 0.1, -9.81, 0.7
1.706, 0.008839527, 0.000917701, 1.706, -13.26732065, -16.73586, -16.73586, -9.81, 0.1, -9.81, 0.7
1.707, 0.008844638, 0.00091821, 1.707, -13.28405651, -16.74567, -16.74567, -9.81, 0.1, -9.81, 0.7
1.708, 0.008849768, 0.00091873, 1.708, -13.30080218, -16.75548, -16.75548, -9.81, 0.1, -9.81, 0.7
1.709, 0.008854968, 0.00091925, 1.709, -13.31755766, -16.76529, -16.76529, -9.81, 0.1, -9.81, 0.7
1.71, 0.008860048, 0.00091977, 1.71, -13.33432295, -16.7751, -16.7751, -9.81, 0.1, -9.81, 0.7
1.711, 0.008865328, 0.0009203, 1.711, -13.35109805, -16.78491, -16.78491, -9.81, 0.1, -9.81, 0.7
1.712, 0.008874178, 0.0009208, 1.712, -13.36788296, -16.79472, -16.79472, -9.81, 0.1, -9.81, 0.7
1.713, 0.008879258, 0.00092131, 1.713, -13.38467768, -16.80453, -16.80453, -9.81, 0.1, -9.81, 0.7
1.714, 0.008884418, 0.000921809, 1.714, -13.40148221, -16.81434, -16.81434, -9.81, 0.1, -9.81, 0.7
1.715, 0.008889598, 0.00092234, 1.715, -13.41829655, -16.82415, -16.82415, -9.81, 0.1, -9.81, 0.7
1.716, 0.008894749, 0.000922849, 1.716, -13.4351207, -16.83396, -16.83396, -9.81, 0.1, -9.81, 0.7
1.717, 0.008899869, 0.000923349, 1.717, -13.45195466, -16.84377, -16.84377, -9.81, 0.1, -9.81, 0.7
1.718, 0.008904949, 0.000923871, 1.718, -13.46879843, -16.85358, -16.85358, -9.81, 0.1, -9.81, 0.7
1.719, 0.008910039, 0.000924393, 1.719, -13.48565201, -16.86339, -16.86339, -9.81, 0.1, -9.81, 0.7
1.72, 0.008914999, 0.000924904, 1.72, -13.5025154, -16.8732, -16.8732, -9.81, 0.1, -9.81, 0.7
1.721, 0.008920089, 0.000925395, 1.721, -13.5193886, -16.88301, -16.88301, -9.81, 0.1, -9.81, 0.7
1.722, 0.008925169, 0.000925895, 1.722, -13.53627161, -16.89282, -16.89282, -9.81, 0.1, -9.81, 0.7
1.723, 0.008930189, 0.000926405, 1.723, -13.55316443, -16.90263, -16.90263, -9.81, 0.1, -9.81, 0.7
1.724, 0.008935299, 0.000926925, 1.724, -13.57006706, -16.91244, -16.91244, -9.81, 0.1, -9.81, 0.7
1.725, 0.008940409, 0.000927435, 1.725, -13.5869795, -16.92225, -16.92225, -9.81, 0.1, -9.81, 0.7
1.726, 0.008945429, 0.000927955, 1.726, -13.60390175, -16.93206, -16.93206, -9.81, 0.1, -9.81, 0.7
1.727, 0.008950559, 0.000928485, 1.727, -13.62083381, -16.94187, -16.94187, -9.81, 0.1, -9.81, 0.7
1.728, 0.008955879, 0.000929004, 1.728, -13.63777568, -16.95168, -16.95168, -9.81, 0.1, -9.81, 0.7
1.729, 0.008960889, 0.000929523, 1.729, -13.65472736, -16.96149, -16.96149, -9.81, 0.1, -9.81, 0.7
1.73, 0.008965949, 0.000930034, 1.73, -13.67168885, -16.9713, -16.9713, -9.81, 0.1, -9.81, 0.7
1.731, 0.008971189, 0.000930554, 1.731, -13.68866015, -16.98111, -16.98111, -9.81, 0.1, -9.81, 0.7
1.732, 0.008976328, 0.000931084, 1.732, -13.70564126, -16.99092, -16.99092, -9.81, 0.1, -9.81, 0.7
1.733, 0.008981429, 0.000931575, 1.733, -13.72263218, -17.00073, -17.00073, -9.81, 0.1, -9.81, 0.7
1.734, 0.008986698, 0.000932085, 1.734, -13.73963291, -17.01054, -17.01054, -9.81, 0.1, -9.81, 0.7
1.735, 0.008991827, 0.000932686, 1.735, -13.75664345, -17.02035, -17.02035, -9.81, 0.1, -9.81, 0.7
1.736, 0.008996878, 0.000933194, 1.736, -13.7736638, -17.03016, -17.03016, -9.81, 0.1, -9.81, 0.7
1.737, 0.009001909, 0.000933693, 1.737, -13.79069396, -17.03997, -17.03997, -9.81, 0.1, -9.81, 0.7
1.738, 0.009006849, 0.000934193, 1.738, -13.80773393, -17.04978, -17.04978, -9.81, 0.1, -9.81, 0.7
1.739, 0.009011849, 0.000934693, 1.739, -13.82478371, -17.05959, -17.05959, -9.81, 0.1, -9.81, 0.7
1.74, 0.009016739, 0.000935203, 1.74, -13.8418433, -17.0694, -17.0694, -9.81, 0.1, -9.81, 0.7
1.741, 0.009021799, 0.000935703, 1.741, -13.8589127, -17.07921, -17.07921, -9.81, 0.1, -9.81, 0.7
1.742, 0.009026969, 0.000936203, 1.742, -13.87599191, -17.08902, -17.08902, -9.81, 0.1, -9.81, 0.7
1.743, 0.009031959, 0.000936713, 1.743, -13.89308093, -17.09883, -17.09883, -9.81, 0.1, -9.81, 0.7
1.744, 0.009036999, 0.000937233, 1.744, -13.91017976, -17.10864, -17.10864, -9.81, 0.1, -9.81, 0.7
1.745, 0.009041999, 0.000937742, 1.745, -13.9272884, -17.11845, -17.11845, -9.81, 0.1, -9.81, 0.7
1.746, 0.009047039, 0.000938251, 1.746, -13.94440685, -17.12826, -17.12826, -9.81, 0.1, -9.81, 0.7
1.747, 0.009052039, 0.000938752, 1.747, -13.96153511, -17.13807, -17.13807, -9.81, 0.1, -9.81, 0.7
1.748, 0.009057038, 0.000939263, 1.748, -13.97867318, -17.14788, -17.14788, -9.81, 0.1, -9.81, 0.7
1.749, 0.009061939, 0.000939793, 1.749, -13.99582106, -17.15769, -17.15769, -9.81, 0.1, -9.81, 0.7
1.75, 0.009066928, 0.000940312, 1.75, -14.01297875, -17.1675, -17.1675, -9.81, 0.1, -9.81, 0.7
1.751, 0.009072148, 0.000940831, 1.751, -14.03014625, -17.17731, -17.17731, -9.81, 0.1, -9.81, 0.7
1.752, 0.009077189, 0.00094133, 1.752, -14.04732356, -17.18712, -17.18712, -9.81, 0.1, -9.81, 0.7
1.753, 0.009082259, 0.00094183, 1.753, -14.06451068, -17.19693, -17.19693, -9.81, 0.1, -9.81, 0.7
1.754, 0.009089629, 0.00094234, 1.754, -14.08170761, -17.20674, -17.20674, -9.81, 0.1, -9.81, 0.7
1.755, 0.009094769, 0.00094285, 1.755, -14.09891435, -17.21655, -17.21655, -9.81, 0.1, -9.81, 0.7
1.756, 0.009099669, 0.00094334, 1.756, -14.1161309, -17.22636, -17.22636, -9.81, 0.1, -9.81, 0.7
1.757, 0.009104699, 0.00094385, 1.757, -14.13335726, -17.23617, -17.23617, -9.81, 0.1, -9.81, 0.7
1.758, 0.00910964, 0.000944349, 1.758, -14.15059343, -17.24598, -17.24598, -9.81, 0.1, -9.81, 0.7
1.759, 0.00911464, 0.000944849, 1.759, -14.16783941, -17.25579, -17.25579, -9.81, 0.1, -9.81, 0.7
1.76, 0.00911967, 0.00094537, 1.76, -14.1850952, -17.2656, -17.2656, -9.81, 0.1, -9.81, 0.7
1.761, 0.00912484, 0.000945902, 1.761, -14.2023608, -17.27541, -17.27541, -9.81, 0.1, -9.81, 0.7
1.762, 0.009129821, 0.000946412, 1.762, -14.21963621, -17.28522, -17.28522, -9.81, 0.1, -9.81, 0.7
1.763, 0.00913484, 0.000946901, 1.763, -14.23692143, -17.29503, -17.29503, -9.81, 0.1, -9.81, 0.7
1.764, 0.00913989, 0.0009474, 1.764, -14.25421646, -17.30484, -17.30484, -9.81, 0.1, -9.81, 0.7
1.765, 0.00914482, 0.000947921, 1.765, -14.2715213, -17.31465, -17.31465, -9.81, 0.1, -9.81, 0.7
1.766, 0.009149879, 0.000948442, 1.766, -14.28883595, -17.32446, -17.32446, -9.81, 0.1, -9.81, 0.7
1.767, 0.00915478, 0.000948961, 1.767, -14.30616041, -17.33427, -17.33427, -9.81, 0.1, -9.81, 0.7
1.768, 0.00915986, 0.000949481, 1.768, -14.32349468, -17.34408, -17.34408, -9.81, 0.1, -9.81, 0.7
1.769, 0.00916471, 0.000950001, 1.769, -14.34083876, -17.35389, -17.35389, -9.81, 0.1, -9.81, 0.7
1.77, 0.00916971, 0.000950501, 1.77, -14.35819265, -17.3637, -17.3637, -9.81, 0.1, -9.81, 0.7
1.771, 0.00917482, 0.000951011, 1.771, -14.37555635, -17.37351, -17.37351, -9.81, 0.1, -9.81, 0.7
1.772, 0.00917987, 0.000951531, 1.772, -14.39292986, -17.38332, -17.38332, -9.81, 0.1, -9.81, 0.7
1.773, 0.009184871, 0.000952052, 1.773, -14.41031318, -17.39313, -17.39313, -9.81, 0.1, -9.81, 0.7
1.774, 0.009189842, 0.000952543, 1.774, -14.42770631, -17.40294, -17.40294, -9.81, 0.1, -9.81, 0.7
1.775, 0.009194851, 0.000953054, 1.775, -14.44510925, -17.41275, -17.41275, -9.81, 0.1, -9.81, 0.7
1.776, 0.00919979, 0.000953554, 1.776, -14.462522, -17.42256, -17.42256, -9.81, 0.1, -9.81, 0.7
1.777, 0.009204759, 0.000954054, 1.777, -14.47994456, -17.43237, -17.43237, -9.81, 0.1, -9.81, 0.7
1.778, 0.009209698, 0.000954586, 1.778, -14.49737693, -17.44218, -17.44218, -9.81, 0.1, -9.81, 0.7
1.779, 0.009214649, 0.000955085, 1.779, -14.51481911, -17.45199, -17.45199, -9.81, 0.1, -9.81, 0.7
1.78, 0.009219579, 0.000955584, 1.78, -14.5322711, -17.4618, -17.4618, -9.81, 0.1, -9.81, 0.7
1.781, 0.009226808, 0.000956164, 1.781, -14.5497329, -17.47161, -17.47161, -9.81, 0.1, -9.81, 0.7
1.782, 0.009234328, 0.000956865, 1.782, -14.56720451, -17.48142, -17.48142, -9.81, 0.1, -9.81, 0.7
1.783, 0.009242308, 0.000957595, 1.783, -14.58468593, -17.49123, -17.49123, -9.81, 0.1, -9.81, 0.7
1.784, 0.009248858, 0.000958315, 1.784, -14.60217716, -17.50104, -17.50104, -9.81, 0.1, -9.81, 0.7
1.785, 0.009255628, 0.000958975, 1.785, -14.6196782, -17.51085, -17.51085, -9.81, 0.1, -9.81, 0.7
1.786, 0.009262058, 0.000959655, 1.786, -14.63718905, -17.52066, -17.52066, -9.81, 0.1, -9.81, 0.7
1.787, 0.009268747, 0.000960367, 1.787, -14.65470971, -17.53047, -17.53047, -9.81, 0.1, -9.81, 0.7
1.788, 0.009275527, 0.000961108, 1.788, -14.67224018, -17.54028, -17.54028, -9.81, 0.1, -9.81, 0.7
1.789, 0.009282276, 0.000961787, 1.789, -14.68978046, -17.55009, -17.55009, -9.81, 0.1, -9.81, 0.7
1.79, 0.009290006, 0.000962477, 1.79, -14.70733055, -17.5599, -17.5599, -9.81, 0.1, -9.81, 0.7
1.791, 0.009295987, 0.000963096, 1.791, -14.72489045, -17.56971, -17.56971, -9.81, 0.1, -9.81, 0.7
1.792, 0.009300977, 0.000963597, 1.792, -14.74246016, -17.57952, -17.57952, -9.81, 0.1, -9.81, 0.7
1.793, 0.009305908, 0.000964107, 1.793, -14.76003968, -17.58933, -17.58933, -9.81, 0.1, -9.81, 0.7
1.794, 0.009310918, 0.000964627, 1.794, -14.77762901, -17.59914, -17.59914, -9.81, 0.1, -9.81, 0.7
1.795, 0.009315918, 0.000965157, 1.795, -14.79522815, -17.60895, -17.60895, -9.81, 0.1, -9.81, 0.7
1.796, 0.009323998, 0.000965677, 1.796, -14.8128371, -17.61876, -17.61876, -9.81, 0.1, -9.81, 0.7
1.797, 0.009329108, 0.000966197, 1.797, -14.83045586, -17.62857, -17.62857, -9.81, 0.1, -9.81, 0.7
1.798, 0.009334088, 0.000966729, 1.798, -14.84808443, -17.63838, -17.63838, -9.81, 0.1, -9.81, 0.7
1.799, 0.009339069, 0.00096725, 1.799, -14.86572281, -17.64819, -17.64819, -9.81, 0.1, -9.81, 0.7
1.8, 0.009343978, 0.000967751, 1.8, -14.883371, -17.658, -17.658, -9.81, 0.1, -9.81, 0.7
1.801, 0.009349149, 0.000968272, 1.801, -14.901029, -17.66781, -17.66781, -9.81, 0.1, -9.81, 0.7
1.802, 0.00935412, 0.000968784, 1.802, -14.91869681, -17.67762, -17.67762, -9.81, 0.1, -9.81, 0.7
1.803, 0.009359019, 0.000969302, 1.803, -14.93637443, -17.68743, -17.68743, -9.81, 0.1, -9.81, 0.7
1.804, 0.009364009, 0.000969823, 1.804, -14.95406186, -17.69724, -17.69724, -9.81, 0.1, -9.81, 0.7
1.805, 0.009368889, 0.000970334, 1.805, -14.9717591, -17.70705, -17.70705, -9.81, 0.1, -9.81, 0.7
1.806, 0.009373869, 0.000970834, 1.806, -14.98946615, -17.71686, -17.71686, -9.81, 0.1, -9.81, 0.7
1.807, 0.009378838, 0.000971344, 1.807, -15.00718301, -17.72667, -17.72667, -9.81, 0.1, -9.81, 0.7
1.808, 0.009383858, 0.000971855, 1.808, -15.02490968, -17.73648, -17.73648, -9.81, 0.1, -9.81, 0.7
1.809, 0.009388848, 0.000972375, 1.809, -15.04264616, -17.74629, -17.74629, -9.81, 0.1, -9.81, 0.7
1.81, 0.009393898, 0.000972865, 1.81, -15.06039245, -17.7561, -17.7561, -9.81, 0.1, -9.81, 0.7
1.811, 0.009398928, 0.000973365, 1.811, -15.07814855, -17.76591, -17.76591, -9.81, 0.1, -9.81, 0.7
1.812, 0.009403938, 0.000973885, 1.812, -15.09591446, -17.77572, -17.77572, -9.81, 0.1, -9.81, 0.7
1.813, 0.009408958, 0.000974385, 1.813, -15.11369018, -17.78553, -17.78553, -9.81, 0.1, -9.81, 0.7
1.814, 0.009413898, 0.000974875, 1.814, -15.13147571, -17.79534, -17.79534, -9.81, 0.1, -9.81, 0.7
1.815, 0.009418898, 0.000975377, 1.815, -15.14927105, -17.80515, -17.80515, -9.81, 0.1, -9.81, 0.7
1.816, 0.009423947, 0.000975897, 1.816, -15.1670762, -17.81496, -17.81496, -9.81, 0.1, -9.81, 0.7
1.817, 0.009428917, 0.000976407, 1.817, -15.18489116, -17.82477, -17.82477, -9.81, 0.1, -9.81, 0.7
1.818, 0.009433976, 0.000976908, 1.818, -15.20271593, -17.83458, -17.83458, -9.81, 0.1, -9.81, 0.7
1.819, 0.009438945, 0.000977427, 1.819, -15.22055051, -17.84439, -17.84439, -9.81, 0.1, -9.81, 0.7
1.82, 0.009443844, 0.000977937, 1.82, -15.2383949, -17.8542, -17.8542, -9.81, 0.1, -9.81, 0.7
1.821, 0.009448955, 0.000978456, 1.821, -15.2562491, -17.86401, -17.86401, -9.81, 0.1, -9.81, 0.7
1.822, 0.009453995, 0.000978976, 1.822, -15.27411311, -17.87382, -17.87382, -9.81, 0.1, -9.81, 0.7
1.823, 0.009458925, 0.000979486, 1.823, -15.29198693, -17.88363, -17.88363, -9.81, 0.1, -9.81, 0.7
1.824, 0.009463915, 0.000980006, 1.824, -15.30987056, -17.89344, -17.89344, -9.81, 0.1, -9.81, 0.7
1.825, 0.009468895, 0.000980506, 1.825, -15.327764, -17.90325, -17.90325, -9.81, 0.1, -9.81, 0.7
1.826, 0.009473855, 0.000981026, 1.826, -15.34566725, -17.91306, -17.91306, -9.81, 0.1, -9.81, 0.7
1.827, 0.009478895, 0.000981546, 1.827, -15.36358031, -17.92287, -17.92287, -9.81, 0.1, -9.81, 0.7
1.828, 0.009483835, 0.000982076, 1.828, -15.38150318, -17.93268, -17.93268, -9.81, 0.1, -9.81, 0.7
1.829, 0.009488896, 0.000982586, 1.829, -15.39943586, -17.94249, -17.94249, -9.81, 0.1, -9.81, 0.7
1.83, 0.009494016, 0.000983107, 1.83, -15.41737835, -17.9523, -17.9523, -9.81, 0.1, -9.81, 0.7
1.831, 0.009499107, 0.000983638, 1.831, -15.43533065, -17.96211, -17.96211, -9.81, 0.1, -9.81, 0.7
1.832, 0.009504097, 0.000984147, 1.832, -15.45329276, -17.97192, -17.97192, -9.81, 0.1, -9.81, 0.7
1.833, 0.009509065, 0.000984646, 1.833, -15.47126468, -17.98173, -17.98173, -9.81, 0.1, -9.81, 0.7
1.834, 0.009514096, 0.000985176, 1.834, -15.48924641, -17.99154, -17.99154, -9.81, 0.1, -9.81, 0.7
1.835, 0.009519026, 0.000985677, 1.835, -15.50723795, -18.00135, -18.00135, -9.81, 0.1, -9.81, 0.7
1.836, 0.009524056, 0.000986197, 1.836, -15.5252393, -18.01116, -18.01116, -9.81, 0.1, -9.81, 0.7
1.837, 0.009531256, 0.000986707, 1.837, -15.54325046, -18.02097, -18.02097, -9.81, 0.1, -9.81, 0.7
1.838, 0.009536406, 0.000987227, 1.838, -15.56127143, -18.03078, -18.03078, -9.81, 0.1, -9.81, 0.7
1.839, 0.009541516, 0.000987757, 1.839, -15.57930221, -18.04059, -18.04059, -9.81, 0.1, -9.81, 0.7
1.84, 0.009546436, 0.000988267, 1.84, -15.5973428, -18.0504, -18.0504, -9.81, 0.1, -9.81, 0.7
1.841, 0.009551456, 0.000988777, 1.841, -15.6153932, -18.06021, -18.06021, -9.81, 0.1, -9.81, 0.7
1.842, 0.009556376, 0.000989297, 1.842, -15.63345341, -18.07002, -18.07002, -9.81, 0.1, -9.81, 0.7
1.843, 0.009561396, 0.000989817, 1.843, -15.65152343, -18.07983, -18.07983, -9.81, 0.1, -9.81, 0.7
1.844, 0.009566396, 0.000990318, 1.844, -15.66960326, -18.08964, -18.08964, -9.81, 0.1, -9.81, 0.7
1.845, 0.009571316, 0.000990838, 1.845, -15.6876929, -18.09945, -18.09945, -9.81, 0.1, -9.81, 0.7
1.846, 0.009576256, 0.000991346, 1.846, -15.70579235, -18.10926, -18.10926, -9.81, 0.1, -9.81, 0.7
1.847, 0.009581386, 0.000991876, 1.847, -15.72390161, -18.11907, -18.11907, -9.81, 0.1, -9.81, 0.7
1.848, 0.009586336, 0.000992407, 1.848, -15.74202068, -18.12888, -18.12888, -9.81, 0.1, -9.81, 0.7
1.849, 0.009591357, 0.000992927, 1.849, -15.76014956, -18.13869, -18.13869, -9.81, 0.1, -9.81, 0.7
1.85, 0.009596426, 0.000993447, 1.85, -15.77828825, -18.1485, -18.1485, -9.81, 0.1, -9.81, 0.7
1.851, 0.009601517, 0.000993959, 1.851, -15.79643675, -18.15831, -18.15831, -9.81, 0.1, -9.81, 0.7
1.852, 0.009606447, 0.000994468, 1.852, -15.81459506, -18.16812, -18.16812, -9.81, 0.1, -9.81, 0.7
1.853, 0.009611497, 0.000994978, 1.853, -15.83276318, -18.17793, -18.17793, -9.81, 0.1, -9.81, 0.7
1.854, 0.009616387, 0.000995488, 1.854, -15.85094111, -18.18774, -18.18774, -9.81, 0.1, -9.81, 0.7
1.855, 0.009621417, 0.000995998, 1.855, -15.86912885, -18.19755, -18.19755, -9.81, 0.1, -9.81, 0.7
1.856, 0.009626437, 0.000996508, 1.856, -15.8873264, -18.20736, -18.20736, -9.81, 0.1, -9.81, 0.7
1.857, 0.009631347, 0.000996998, 1.857, -15.90553376, -18.21717, -18.21717, -9.81, 0.1, -9.81, 0.7
1.858, 0.009636317, 0.000997508, 1.858, -15.92375093, -18.22698, -18.22698, -9.81, 0.1, -9.81, 0.7
1.859, 0.009641377, 0.00099802, 1.859, -15.94197791, -18.23679, -18.23679, -9.81, 0.1, -9.81, 0.7
1.86, 0.009646377, 0.000998531, 1.86, -15.9602147, -18.2466, -18.2466, -9.81, 0.1, -9.81, 0.7
1.861, 0.009651497, 0.000999031, 1.861, -15.9784613, -18.25641, -18.25641, -9.81, 0.1, -9.81, 0.7
1.862, 0.009656528, 0.000999532, 1.862, -15.99671771, -18.26622, -18.26622, -9.81, 0.1, -9.81, 0.7
1.863, 0.009661418, 0.001000032, 1.863, -16.01498393, -18.27603, -18.27603, -9.81, 0.1, -9.81, 0.7
1.864, 0.009666597, 0.001000531, 1.864, -16.03325996, -18.28584, -18.28584, -9.81, 0.1, -9.81, 0.7
1.865, 0.009671847, 0.001001031, 1.865, -16.0515458, -18.29565, -18.29565, -9.81, 0.1, -9.81, 0.7
1.866, 0.009676847, 0.00100153, 1.866, -16.06984145, -18.30546, -18.30546, -9.81, 0.1, -9.81, 0.7
1.867, 0.009681937, 0.001002029, 1.867, -16.08814691, -18.31527, -18.31527, -9.81, 0.1, -9.81, 0.7
1.868, 0.009687057, 0.001002529, 1.868, -16.10646218, -18.32508, -18.32508, -9.81, 0.1, -9.81, 0.7
1.869, 0.009692037, 0.001003049, 1.869, -16.12478726, -18.33489, -18.33489, -9.81, 0.1, -9.81, 0.7
1.87, 0.009697087, 0.001003559, 1.87, -16.14312215, -18.3447, -18.3447, -9.81, 0.1, -9.81, 0.7
1.871, 0.009702227, 0.001004059, 1.871, -16.16146685, -18.35451, -18.35451, -9.81, 0.1, -9.81, 0.7
1.872, 0.009707247, 0.001004569, 1.872, -16.17982136, -18.36432, -18.36432, -9.81, 0.1, -9.81, 0.7
1.873, 0.009712197, 0.001005069, 1.873, -16.19818568, -18.37413, -18.37413, -9.81, 0.1, -9.81, 0.7
1.874, 0.009717337, 0.001005569, 1.874, -16.21655981, -18.38394, -18.38394, -9.81, 0.1, -9.81, 0.7
1.875, 0.009722326, 0.001006101, 1.875, -16.23494375, -18.39375, -18.39375, -9.81, 0.1, -9.81, 0.7
1.876, 0.009727376, 0.001006612, 1.876, -16.2533375, -18.40356, -18.40356, -9.81, 0.1, -9.81, 0.7
1.877, 0.009732356, 0.00100712, 1.877, -16.27174106, -18.41337, -18.41337, -9.81, 0.1, -9.81, 0.7
1.878, 0.009737415, 0.001007629, 1.878, -16.29015443, -18.42318, -18.42318, -9.81, 0.1, -9.81, 0.7
1.879, 0.009744655, 0.00100815, 1.879, -16.30857761, -18.43299, -18.43299, -9.81, 0.1, -9.81, 0.7
1.88, 0.009749815, 0.001008669, 1.88, -16.3270106, -18.4428, -18.4428, -9.81, 0.1, -9.81, 0.7
1.881, 0.009755156, 0.0010092, 1.881, -16.3454534, -18.45261, -18.45261, -9.81, 0.1, -9.81, 0.7
1.882, 0.009760126, 0.00100971, 1.882, -16.36390601, -18.46242, -18.46242, -9.81, 0.1, -9.81, 0.7
1.883, 0.009765316, 0.00101023, 1.883, -16.38236843, -18.47223, -18.47223, -9.81, 0.1, -9.81, 0.7
1.884, 0.009770296, 0.00101074, 1.884, -16.40084066, -18.48204, -18.48204, -9.81, 0.1, -9.81, 0.7
1.885, 0.009775366, 0.00101124, 1.885, -16.4193227, -18.49185, -18.49185, -9.81, 0.1, -9.81, 0.7
1.886, 0.009780306, 0.00101175, 1.886, -16.43781455, -18.50166, -18.50166, -9.81, 0.1, -9.81, 0.7
1.887, 0.009785286, 0.00101226, 1.887, -16.45631621, -18.51147, -18.51147, -9.81, 0.1, -9.81, 0.7
1.888, 0.009790256, 0.00101278, 1.888, -16.47482768, -18.52128, -18.52128, -9.81, 0.1, -9.81, 0.7
1.889, 0.009795197, 0.00101329, 1.889, -16.49334896, -18.53109, -18.53109, -9.81, 0.1, -9.81, 0.7
1.89, 0.009800237, 0.001013782, 1.89, -16.51188005, -18.5409, -18.5409, -9.81, 0.1, -9.81, 0.7
1.891, 0.009805348, 0.001014301, 1.891, -16.53042095, -18.55071, -18.55071, -9.81, 0.1, -9.81, 0.7
1.892, 0.009810298, 0.001014821, 1.892, -16.54897166, -18.56052, -18.56052, -9.81, 0.1, -9.81, 0.7
1.893, 0.009815338, 0.001015351, 1.893, -16.56753218, -18.57033, -18.57033, -9.81, 0.1, -9.81, 0.7
1.894, 0.009820348, 0.001015861, 1.894, -16.58610251, -18.58014, -18.58014, -9.81, 0.1, -9.81, 0.7
1.895, 0.009825369, 0.001016362, 1.895, -16.60468265, -18.58995, -18.58995, -9.81, 0.1, -9.81, 0.7
1.896, 0.0098304, 0.001016871, 1.896, -16.6232726, -18.59976, -18.59976, -9.81, 0.1, -9.81, 0.7
1.897, 0.00983547, 0.001017381, 1.897, -16.64187236, -18.60957, -18.60957, -9.81, 0.1, -9.81, 0.7
1.898, 0.009840431, 0.0010179, 1.898, -16.66048193, -18.61938, -18.61938, -9.81, 0.1, -9.81, 0.7
1.899, 0.009845481, 0.00101842, 1.899, -16.67910131, -18.62919, -18.62919, -9.81, 0.1, -9.81, 0.7
1.9, 0.009850531, 0.00101894, 1.9, -16.6977305, -18.639, -18.639, -9.81, 0.1, -9.81, 0.7
1.901, 0.009855551, 0.00101946, 1.901, -16.7163695, -18.64881, -18.64881, -9.81, 0.1, -9.81, 0.7
1.902, 0.009860591, 0.00101998, 1.902, -16.73501831, -18.65862, -18.65862, -9.81, 0.1, -9.81, 0.7
1.903, 0.009865621, 0.00102048, 1.903, -16.75367693, -18.66843, -18.66843, -9.81, 0.1, -9.81, 0.7
1.904, 0.009870492, 0.001020971, 1.904, -16.77234536, -18.67824, -18.67824, -9.81, 0.1, -9.81, 0.7
1.905, 0.009875511, 0.001021472, 1.905, -16.7910236, -18.68805, -18.68805, -9.81, 0.1, -9.81, 0.7
1.906, 0.009880501, 0.001021972, 1.906, -16.80971165, -18.69786, -18.69786, -9.81, 0.1, -9.81, 0.7
1.907, 0.009885471, 0.001022501, 1.907, -16.82840951, -18.70767, -18.70767, -9.81, 0.1, -9.81, 0.7
1.908, 0.0098905, 0.001023011, 1.908, -16.84711718, -18.71748, -18.71748, -9.81, 0.1, -9.81, 0.7
1.909, 0.00989554, 0.00102352, 1.909, -16.86583466, -18.72729, -18.72729, -9.81, 0.1, -9.81, 0.7
1.91, 0.00990065, 0.001024042, 1.91, -16.88456195, -18.7371, -18.7371, -9.81, 0.1, -9.81, 0.7
1.911, 0.00990575, 0.001024531, 1.911, -16.90329905, -18.74691, -18.74691, -9.81, 0.1, -9.81, 0.7
1.912, 0.00991075, 0.001025033, 1.912, -16.92204596, -18.75672, -18.75672, -9.81, 0.1, -9.81, 0.7
1.913, 0.00991573, 0.001025563, 1.913, -16.94080268, -18.76653, -18.76653, -9.81, 0.1, -9.81, 0.7
1.914, 0.0099208, 0.001026083, 1.914, -16.95956921, -18.77634, -18.77634, -9.81, 0.1, -9.81, 0.7
1.915, 0.00992578, 0.001026583, 1.915, -16.97834555, -18.78615, -18.78615, -9.81, 0.1, -9.81, 0.7
1.916, 0.00993079, 0.001027113, 1.916, -16.9971317, -18.79596, -18.79596, -9.81, 0.1, -9.81, 0.7
1.917, 0.00993583, 0.001027623, 1.917, -17.01592766, -18.80577, -18.80577, -9.81, 0.1, -9.81, 0.7
1.918, 0.00994076, 0.001028133, 1.918, -17.03473343, -18.81558, -18.81558, -9.81, 0.1, -9.81, 0.7
1.919, 0.00994583, 0.001028663, 1.919, -17.05354901, -18.82539, -18.82539, -9.81, 0.1, -9.81, 0.7
1.92, 0.009950741, 0.001029193, 1.92, -17.0723744, -18.8352, -18.8352, -9.81, 0.1, -9.81, 0.7
1.921, 0.009958111, 0.001029692, 1.921, -17.0912096, -18.84501, -18.84501, -9.81, 0.1, -9.81, 0.7
1.922, 0.009963271, 0.001030204, 1.922, -17.11005461, -18.85482, -18.85482, -9.81, 0.1, -9.81, 0.7
1.923, 0.009968322, 0.001030715, 1.923, -17.12890943, -18.86463, -18.86463, -9.81, 0.1, -9.81, 0.7
1.924, 0.009973313, 0.001031215, 1.924, -17.14777406, -18.87444, -18.87444, -9.81, 0.1, -9.81, 0.7
1.925, 0.009978323, 0.001031725, 1.925, -17.1666485, -18.88425, -18.88425, -9.81, 0.1, -9.81, 0.7
1.926, 0.009983263, 0.001032237, 1.926, -17.18553275, -18.89406, -18.89406, -9.81, 0.1, -9.81, 0.7
1.927, 0.009988284, 0.001032736, 1.927, -17.20442681, -18.90387, -18.90387, -9.81, 0.1, -9.81, 0.7
1.928, 0.009993384, 0.001033256, 1.928, -17.22333068, -18.91368, -18.91368, -9.81, 0.1, -9.81, 0.7
1.929, 0.009998434, 0.001033776, 1.929, -17.24224436, -18.92349, -18.92349, -9.81, 0.1, -9.81, 0.7
1.93, 0.010003394, 0.001034286, 1.93, -17.26116785, -18.9333, -18.9333, -9.81, 0.1, -9.81, 0.7
1.931, 0.010008524, 0.001034786, 1.931, -17.28010115, -18.94311, -18.94311, -9.81, 0.1, -9.81, 0.7
1.932, 0.010013634, 0.001035286, 1.932, -17.29904426, -18.95292, -18.95292, -9.81, 0.1, -9.81, 0.7
1.933, 0.010018645, 0.001035786, 1.933, -17.31799718, -18.96273, -18.96273, -9.81, 0.1, -9.81, 0.7
1.934, 0.010023624, 0.001036297, 1.934, -17.33695991, -18.97254, -18.97254, -9.81, 0.1, -9.81, 0.7
1.935, 0.010028784, 0.001036807, 1.935, -17.35593245, -18.98235, -18.98235, -9.81, 0.1, -9.81, 0.7
1.936, 0.010033763, 0.001037336, 1.936, -17.3749148, -18.99216, -18.99216, -9.81, 0.1, -9.81, 0.7
1.937, 0.010038753, 0.001037848, 1.937, -17.39390696, -19.00197, -19.00197, -9.81, 0.1, -9.81, 0.7
1.938, 0.010043724, 0.001038349, 1.938, -17.41290893, -19.01178, -19.01178, -9.81, 0.1, -9.81, 0.7
1.939, 0.010048825, 0.001038858, 1.939, -17.43192071, -19.02159, -19.02159, -9.81, 0.1, -9.81, 0.7
1.94, 0.010053815, 0.001039358, 1.94, -17.4509423, -19.0314, -19.0314, -9.81, 0.1, -9.81, 0.7
1.941, 0.010058916, 0.001039879, 1.941, -17.4699737, -19.04121, -19.04121, -9.81, 0.1, -9.81, 0.7
1.942, 0.010063846, 0.001040379, 1.942, -17.48901491, -19.05102, -19.05102, -9.81, 0.1, -9.81, 0.7
1.943, 0.010068876, 0.001040879, 1.943, -17.50806593, -19.06083, -19.06083, -9.81, 0.1, -9.81, 0.7
1.944, 0.010074016, 0.001041399, 1.944, -17.52712676, -19.07064, -19.07064, -9.81, 0.1, -9.81, 0.7
1.945, 0.010079006, 0.001041889, 1.945, -17.5461974, -19.08045, -19.08045, -9.81, 0.1, -9.81, 0.7
1.946, 0.010083886, 0.001042389, 1.946, -17.56527785, -19.09026, -19.09026, -9.81, 0.1, -9.81, 0.7
1.947, 0.010088926, 0.001042899, 1.947, -17.58436811, -19.10007, -19.10007, -9.81, 0.1, -9.81, 0.7
1.948, 0.010094026, 0.00104339, 1.948, -17.60346818, -19.10988, -19.10988, -9.81, 0.1, -9.81, 0.7
1.949, 0.010099026, 0.00104391, 1.949, -17.62257806, -19.11969, -19.11969, -9.81, 0.1, -9.81, 0.7
1.95, 0.010104036, 0.001044411, 1.95, -17.64169775, -19.1295, -19.1295, -9.81, 0.1, -9.81, 0.7
1.951, 0.010109106, 0.001044911, 1.951, -17.66082725, -19.13931, -19.13931, -9.81, 0.1, -9.81, 0.7
1.952, 0.010114026, 0.001045433, 1.952, -17.67996656, -19.14912, -19.14912, -9.81, 0.1, -9.81, 0.7
1.953, 0.010119007, 0.001045951, 1.953, -17.69911568, -19.15893, -19.15893, -9.81, 0.1, -9.81, 0.7
1.954, 0.010124106, 0.001046454, 1.954, -17.71827461, -19.16874, -19.16874, -9.81, 0.1, -9.81, 0.7
1.955, 0.010128996, 0.001046962, 1.955, -17.73744335, -19.17855, -19.17855, -9.81, 0.1, -9.81, 0.7
1.956, 0.010134116, 0.00104749, 1.956, -17.7566219, -19.18836, -19.18836, -9.81, 0.1, -9.81, 0.7
1.957, 0.010139206, 0.00104802, 1.957, -17.77581026, -19.19817, -19.19817, -9.81, 0.1, -9.81, 0.7
1.958, 0.010144126, 0.00104852, 1.958, -17.79500843, -19.20798, -19.20798, -9.81, 0.1, -9.81, 0.7
1.959, 0.010149116, 0.00104905, 1.959, -17.81421641, -19.21779, -19.21779, -9.81, 0.1, -9.81, 0.7
1.96, 0.010154196, 0.00104955, 1.96, -17.8334342, -19.2276, -19.2276, -9.81, 0.1, -9.81, 0.7
1.961, 0.010159166, 0.00105005, 1.961, -17.8526618, -19.23741, -19.23741, -9.81, 0.1, -9.81, 0.7
1.962, 0.010164226, 0.00105058, 1.962, -17.87189921, -19.24722, -19.24722, -9.81, 0.1, -9.81, 0.7
1.963, 0.010171397, 0.00105109, 1.963, -17.89114643, -19.25703, -19.25703, -9.81, 0.1, -9.81, 0.7
1.964, 0.010176597, 0.001051609, 1.964, -17.91040346, -19.26684, -19.26684, -9.81, 0.1, -9.81, 0.7
1.965, 0.010181696, 0.001052108, 1.965, -17.9296703, -19.27665, -19.27665, -9.81, 0.1, -9.81, 0.7
1.966, 0.010186616, 0.00105262, 1.966, -17.94894695, -19.28646, -19.28646, -9.81, 0.1, -9.81, 0.7
1.967, 0.010191597, 0.001053111, 1.967, -17.96823341, -19.29627, -19.29627, -9.81, 0.1, -9.81, 0.7
1.968, 0.010196496, 0.001053629, 1.968, -17.98752968, -19.30608, -19.30608, -9.81, 0.1, -9.81, 0.7
1.969, 0.010201486, 0.00105413, 1.969, -18.00683576, -19.31589, -19.31589, -9.81, 0.1, -9.81, 0.7
1.97, 0.010206506, 0.001054619, 1.97, -18.02615165, -19.3257, -19.3257, -9.81, 0.1, -9.81, 0.7
1.971, 0.010211446, 0.00105513, 1.971, -18.04547735, -19.33551, -19.33551, -9.81, 0.1, -9.81, 0.7
1.972, 0.010216507, 0.00105563, 1.972, -18.06481286, -19.34532, -19.34532, -9.81, 0.1, -9.81, 0.7
1.973, 0.010221627, 0.00105615, 1.973, -18.08415818, -19.35513, -19.35513, -9.81, 0.1, -9.81, 0.7
1.974, 0.010226687, 0.00105668, 1.974, -18.10351331, -19.36494, -19.36494, -9.81, 0.1, -9.81, 0.7
1.975, 0.010231717, 0.00105719, 1.975, -18.12287825, -19.37475, -19.37475, -9.81, 0.1, -9.81, 0.7
1.976, 0.010236847, 0.00105773, 1.976, -18.142253, -19.38456, -19.38456, -9.81, 0.1, -9.81, 0.7
1.977, 0.010241817, 0.00105824, 1.977, -18.16163756, -19.39437, -19.39437, -9.81, 0.1, -9.81, 0.7
1.978, 0.010246787, 0.00105876, 1.978, -18.18103193, -19.40418, -19.40418, -9.81, 0.1, -9.81, 0.7
1.979, 0.010251917, 0.001059269, 1.979, -18.20043611, -19.41399, -19.41399, -9.81, 0.1, -9.81, 0.7
1.98, 0.010256948, 0.001059788, 1.98, -18.2198501, -19.4238, -19.4238, -9.81, 0.1, -9.81, 0.7
1.981, 0.010262038, 0.001060309, 1.981, -18.2392739, -19.43361, -19.43361, -9.81, 0.1, -9.81, 0.7
1.982, 0.010267048, 0.001060819, 1.982, -18.25870751, -19.44342, -19.44342, -9.81, 0.1, -9.81, 0.7
1.983, 0.010272008, 0.001061321, 1.983, -18.27815093, -19.45323, -19.45323, -9.81, 0.1, -9.81, 0.7
1.984, 0.010276957, 0.001061841, 1.984, -18.29760416, -19.46304, -19.46304, -9.81, 0.1, -9.81, 0.7
1.985, 0.010281908, 0.001062331, 1.985, -18.3170672, -19.47285, -19.47285, -9.81, 0.1, -9.81, 0.7
1.986, 0.010286828, 0.00106284, 1.986, -18.33654005, -19.48266, -19.48266, -9.81, 0.1, -9.81, 0.7
1.987, 0.010291767, 0.00106334, 1.987, -18.35602271, -19.49247, -19.49247, -9.81, 0.1, -9.81, 0.7
1.988, 0.010296947, 0.00106385, 1.988, -18.37551518, -19.50228, -19.50228, -9.81, 0.1, -9.81, 0.7
1.989, 0.010301877, 0.00106437, 1.989, -18.39501746, -19.51209, -19.51209, -9.81, 0.1, -9.81, 0.7
1.99, 0.010306987, 0.00106488, 1.99, -18.41452955, -19.5219, -19.5219, -9.81, 0.1, -9.81, 0.7
1.991, 0.010312127, 0.00106539, 1.991, -18.43405145, -19.53171, -19.53171, -9.81, 0.1, -9.81, 0.7
1.992, 0.010317037, 0.00106591, 1.992, -18.45358316, -19.54152, -19.54152, -9.81, 0.1, -9.81, 0.7
1.993, 0.010322097, 0.001066419, 1.993, -18.47312468, -19.55133, -19.55133, -9.81, 0.1, -9.81, 0.7
1.994, 0.010327097, 0.001066938, 1.994, -18.49267601, -19.56114, -19.56114, -9.81, 0.1, -9.81, 0.7
1.995, 0.010332116, 0.001067439, 1.995, -18.51223715, -19.57095, -19.57095, -9.81, 0.1, -9.81, 0.7
1.996, 0.010337187, 0.001067949, 1.996, -18.5318081, -19.58076, -19.58076, -9.81, 0.1, -9.81, 0.7
1.997, 0.010342318, 0.00106846, 1.997, -18.55138886, -19.59057, -19.59057, -9.81, 0.1, -9.81, 0.7
1.998, 0.010347259, 0.001068969, 1.998, -18.57097943, -19.60038, -19.60038, -9.81, 0.1, -9.81, 0.7
1.999, 0.010352318, 0.00106948, 1.999, -18.59057981, -19.61019, -19.61019, -9.81, 0.1, -9.81, 0.7
2, 0.010357309, 0.00107, 2, -18.61019, -19.62, -19.62, -9.81, 0.1, -9.81, 0.7
2.001, 0.010362749, 0.00107052, 2.001, -18.62981, -19.62981, -19.62981, -9.81, 0.1, -9.81, 0.7
2.002, 0.01036796, 0.00107104, 2.002, -18.64943981, -19.63962, -19.63962, -9.81, 0.1, -9.81, 0.7
2.003, 0.010373181, 0.001071549, 2.003, -18.66907943, -19.64943, -19.64943, -9.81, 0.1, -9.81, 0.7
2.004, 0.010378201, 0.001072069, 2.004, -18.68872886, -19.65924, -19.65924, -9.81, 0.1, -9.81, 0.7
2.005, 0.010385491, 0.001072579, 2.005, -18.7083881, -19.66905, -19.66905, -9.81, 0.1, -9.81, 0.7
2.006, 0.010390801, 0.001073079, 2.006, -18.72805715, -19.67886, -19.67886, -9.81, 0.1, -9.81, 0.7
2.007, 0.010395861, 0.001073589, 2.007, -18.74773601, -19.68867, -19.68867, -9.81, 0.1, -9.81, 0.7
2.008, 0.010400871, 0.00107409, 2.008, -18.76742468, -19.69848, -19.69848, -9.81, 0.1, -9.81, 0.7
2.009, 0.01040587, 0.001074611, 2.009, -18.78712316, -19.70829, -19.70829, -9.81, 0.1, -9.81, 0.7
2.01, 0.01041098, 0.001075132, 2.01, -18.80683145, -19.7181, -19.7181, -9.81, 0.1, -9.81, 0.7
2.011, 0.01041607, 0.001075623, 2.011, -18.82654955, -19.72791, -19.72791, -9.81, 0.1, -9.81, 0.7
2.012, 0.010421099, 0.001076143, 2.012, -18.84627746, -19.73772, -19.73772, -9.81, 0.1, -9.81, 0.7
2.013, 0.01042612, 0.001076664, 2.013, -18.86601518, -19.74753, -19.74753, -9.81, 0.1, -9.81, 0.7
2.014, 0.010431131, 0.001077174, 2.014, -18.88576271, -19.75734, -19.75734, -9.81, 0.1, -9.81, 0.7
2.015, 0.010436131, 0.001077713, 2.015, -18.90552005, -19.76715, -19.76715, -9.81, 0.1, -9.81, 0.7
2.016, 0.010441241, 0.001078255, 2.016, -18.9252872, -19.77696, -19.77696, -9.81, 0.1, -9.81, 0.7
2.017, 0.010446281, 0.001078795, 2.017, -18.94506416, -19.78677, -19.78677, -9.81, 0.1, -9.81, 0.7
2.018, 0.010451391, 0.001079305, 2.018, -18.96485093, -19.79658, -19.79658, -9.81, 0.1, -9.81, 0.7
2.019, 0.010456371, 0.001079835, 2.019, -18.98464751, -19.80639, -19.80639, -9.81, 0.1, -9.81, 0.7
2.02, 0.010461371, 0.001080345, 2.02, -19.0044539, -19.8162, -19.8162, -9.81, 0.1, -9.81, 0.7
2.021, 0.010466511, 0.001080865, 2.021, -19.0242701, -19.82601, -19.82601, -9.81, 0.1, -9.81, 0.7
2.022, 0.010471471, 0.001081365, 2.022, -19.04409611, -19.83582, -19.83582, -9.81, 0.1, -9.81, 0.7
2.023, 0.010476451, 0.001081876, 2.023, -19.06393193, -19.84563, -19.84563, -9.81, 0.1, -9.81, 0.7
2.024, 0.010481331, 0.001082385, 2.024, -19.08377756, -19.85544, -19.85544, -9.81, 0.1, -9.81, 0.7
2.025, 0.010486341, 0.001082886, 2.025, -19.103633, -19.86525, -19.86525, -9.81, 0.1, -9.81, 0.7
2.026, 0.010491351, 0.001083397, 2.026, -19.12349825, -19.87506, -19.87506, -9.81, 0.1, -9.81, 0.7
2.027, 0.010496351, 0.001083916, 2.027, -19.14337331, -19.88487, -19.88487, -9.81, 0.1, -9.81, 0.7
2.028, 0.010501511, 0.001084437, 2.028, -19.16325818, -19.89468, -19.89468, -9.81, 0.1, -9.81, 0.7
2.029, 0.010506421, 0.001084958, 2.029, -19.18315286, -19.90449, -19.90449, -9.81, 0.1, -9.81, 0.7
2.03, 0.010511432, 0.001085468, 2.03, -19.20305735, -19.9143, -19.9143, -9.81, 0.1, -9.81, 0.7
2.031, 0.010516562, 0.001085989, 2.031, -19.22297165, -19.92411, -19.92411, -9.81, 0.1, -9.81, 0.7
2.032, 0.010521422, 0.001086479, 2.032, -19.24289576, -19.93392, -19.93392, -9.81, 0.1, -9.81, 0.7
2.033, 0.010526392, 0.001086969, 2.033, -19.26282968, -19.94373, -19.94373, -9.81, 0.1, -9.81, 0.7
2.034, 0.010531302, 0.001087469, 2.034, -19.28277341, -19.95354, -19.95354, -9.81, 0.1, -9.81, 0.7
2.035, 0.010536252, 0.001087979, 2.035, -19.30272695, -19.96335, -19.96335, -9.81, 0.1, -9.81, 0.7
2.036, 0.010541242, 0.001088489, 2.036, -19.3226903, -19.97316, -19.97316, -9.81, 0.1, -9.81, 0.7
2.037, 0.010546202, 0.001088989, 2.037, -19.34266346, -19.98297, -19.98297, -9.81, 0.1, -9.81, 0.7
2.038, 0.010551243, 0.001089489, 2.038, -19.36264643, -19.99278, -19.99278, -9.81, 0.1, -9.81, 0.7
2.039, 0.010556273, 0.001089998, 2.039, -19.38263921, -20.00259, -20.00259, -9.81, 0.1, -9.81, 0.7
2.04, 0.010561323, 0.001090528, 2.04, -19.4026418, -20.0124, -20.0124, -9.81, 0.1, -9.81, 0.7
2.041, 0.010566474, 0.001091049, 2.041, -19.4226542, -20.02221, -20.02221, -9.81, 0.1, -9.81, 0.7
2.042, 0.010571594, 0.001091561, 2.042, -19.44267641, -20.03202, -20.03202, -9.81, 0.1, -9.81, 0.7
2.043, 0.010576584, 0.001092089, 2.043, -19.46270843, -20.04183, -20.04183, -9.81, 0.1, -9.81, 0.7
2.044, 0.010581615, 0.0010926, 2.044, -19.48275026, -20.05164, -20.05164, -9.81, 0.1, -9.81, 0.7
2.045, 0.010586575, 0.001093121, 2.045, -19.5028019, -20.06145, -20.06145, -9.81, 0.1, -9.81, 0.7
2.046, 0.010591596, 0.001093651, 2.046, -19.52286335, -20.07126, -20.07126, -9.81, 0.1, -9.81, 0.7
2.047, 0.010598876, 0.001094171, 2.047, -19.54293461, -20.08107, -20.08107, -9.81, 0.1, -9.81, 0.7
2.048, 0.010603896, 0.001094691, 2.048, -19.56301568, -20.09088, -20.09088, -9.81, 0.1, -9.81, 0.7
2.049, 0.010608966, 0.001095201, 2.049, -19.58310656, -20.10069, -20.10069, -9.81, 0.1, -9.81, 0.7
2.05, 0.010613846, 0.001095701, 2.05, -19.60320725, -20.1105, -20.1105, -9.81, 0.1, -9.81, 0.7
2.051, 0.010618906, 0.001096211, 2.051, -19.62331775, -20.12031, -20.12031, -9.81, 0.1, -9.81, 0.7
2.052, 0.010623856, 0.001096731, 2.052, -19.64343806, -20.13012, -20.13012, -9.81, 0.1, -9.81, 0.7
2.053, 0.010628927, 0.00109725, 2.053, -19.66356818, -20.13993, -20.13993, -9.81, 0.1, -9.81, 0.7
2.054, 0.010633966, 0.00109775, 2.054, -19.68370811, -20.14974, -20.14974, -9.81, 0.1, -9.81, 0.7
2.055, 0.010638926, 0.00109824, 2.055, -19.70385785, -20.15955, -20.15955, -9.81, 0.1, -9.81, 0.7
2.056, 0.010643856, 0.00109875, 2.056, -19.7240174, -20.16936, -20.16936, -9.81, 0.1, -9.81, 0.7
2.057, 0.010648976, 0.001099268, 2.057, -19.74418676, -20.17917, -20.17917, -9.81, 0.1, -9.81, 0.7
2.058, 0.010653936, 0.001099777, 2.058, -19.76436593, -20.18898, -20.18898, -9.81, 0.1, -9.81, 0.7
2.059, 0.010658906, 0.001100278, 2.059, -19.78455491, -20.19879, -20.19879, -9.81, 0.1, -9.81, 0.7
2.06, 0.010663976, 0.001100789, 2.06, -19.8047537, -20.2086, -20.2086, -9.81, 0.1, -9.81, 0.7
2.061, 0.010668976, 0.001101308, 2.061, -19.8249623, -20.21841, -20.21841, -9.81, 0.1, -9.81, 0.7
2.062, 0.010673967, 0.001101818, 2.062, -19.84518071, -20.22822, -20.22822, -9.81, 0.1, -9.81, 0.7
2.063, 0.010678967, 0.001102318, 2.063, -19.86540893, -20.23803, -20.23803, -9.81, 0.1, -9.81, 0.7
2.064, 0.010683917, 0.001102818, 2.064, -19.88564696, -20.24784, -20.24784, -9.81, 0.1, -9.81, 0.7
2.065, 0.010688927, 0.001103328, 2.065, -19.9058948, -20.25765, -20.25765, -9.81, 0.1, -9.81, 0.7
2.066, 0.010693967, 0.001103838, 2.066, -19.92615245, -20.26746, -20.26746, -9.81, 0.1, -9.81, 0.7
2.067, 0.010698887, 0.001104358, 2.067, -19.94641991, -20.27727, -20.27727, -9.81, 0.1, -9.81, 0.7
2.068, 0.010703887, 0.001104858, 2.068, -19.96669718, -20.28708, -20.28708, -9.81, 0.1, -9.81, 0.7
2.069, 0.010709136, 0.001105379, 2.069, -19.98698426, -20.29689, -20.29689, -9.81, 0.1, -9.81, 0.7
2.07, 0.010714065, 0.001105899, 2.07, -20.00728115, -20.3067, -20.3067, -9.81, 0.1, -9.81, 0.7
2.071, 0.010719155, 0.001106409, 2.071, -20.02758785, -20.31651, -20.31651, -9.81, 0.1, -9.81, 0.7
2.072, 0.010724184, 0.001106919, 2.072, -20.04790436, -20.32632, -20.32632, -9.81, 0.1, -9.81, 0.7
2.073, 0.010729144, 0.001107428, 2.073, -20.06823068, -20.33613, -20.33613, -9.81, 0.1, -9.81, 0.7
2.074, 0.010734184, 0.001107937, 2.074, -20.08856681, -20.34594, -20.34594, -9.81, 0.1, -9.81, 0.7
2.075, 0.010739203, 0.001108437, 2.075, -20.10891275, -20.35575, -20.35575, -9.81, 0.1, -9.81, 0.7
2.076, 0.010744143, 0.001108938, 2.076, -20.1292685, -20.36556, -20.36556, -9.81, 0.1, -9.81, 0.7
2.077, 0.010749173, 0.001109439, 2.077, -20.14963406, -20.37537, -20.37537, -9.81, 0.1, -9.81, 0.7
2.078, 0.010754113, 0.001109949, 2.078, -20.17000943, -20.38518, -20.38518, -9.81, 0.1, -9.81, 0.7
2.079, 0.010759093, 0.001110459, 2.079, -20.19039461, -20.39499, -20.39499, -9.81, 0.1, -9.81, 0.7
2.08, 0.010764123, 0.001110979, 2.08, -20.2107896, -20.4048, -20.4048, -9.81, 0.1, -9.81, 0.7
2.081, 0.010769123, 0.001111509, 2.081, -20.2311944, -20.41461, -20.41461, -9.81, 0.1, -9.81, 0.7
2.082, 0.010774363, 0.001112029, 2.082, -20.25160901, -20.42442, -20.42442, -9.81, 0.1, -9.81, 0.7
2.083, 0.010779304, 0.001112548, 2.083, -20.27203343, -20.43423, -20.43423, -9.81, 0.1, -9.81, 0.7
2.084, 0.010784235, 0.001113058, 2.084, -20.29246766, -20.44404, -20.44404, -9.81, 0.1, -9.81, 0.7
2.085, 0.010789095, 0.001113577, 2.085, -20.3129117, -20.45385, -20.45385, -9.81, 0.1, -9.81, 0.7
2.086, 0.010794074, 0.001114087, 2.086, -20.33336555, -20.46366, -20.46366, -9.81, 0.1, -9.81, 0.7
2.087, 0.010799034, 0.001114615, 2.087, -20.35382921, -20.47347, -20.47347, -9.81, 0.1, -9.81, 0.7
2.088, 0.010815164, 0.001115126, 2.088, -20.37430268, -20.48328, -20.48328, -9.81, 0.1, -9.81, 0.7
2.089, 0.010820214, 0.001115656, 2.089, -20.39478596, -20.49309, -20.49309, -9.81, 0.1, -9.81, 0.7
2.09, 0.010825134, 0.001116186, 2.09, -20.41527905, -20.5029, -20.5029, -9.81, 0.1, -9.81, 0.7
2.091, 0.010830214, 0.001116716, 2.091, -20.43578195, -20.51271, -20.51271, -9.81, 0.1, -9.81, 0.7
2.092, 0.010835084, 0.001117226, 2.092, -20.45629466, -20.52252, -20.52252, -9.81, 0.1, -9.81, 0.7
2.093, 0.010840064, 0.001117736, 2.093, -20.47681718, -20.53233, -20.53233, -9.81, 0.1, -9.81, 0.7
2.094, 0.010844924, 0.001118246, 2.094, -20.49734951, -20.54214, -20.54214, -9.81, 0.1, -9.81, 0.7
2.095, 0.010849864, 0.001118786, 2.095, -20.51789165, -20.55195, -20.55195, -9.81, 0.1, -9.81, 0.7
2.096, 0.010854694, 0.001119286, 2.096, -20.5384436, -20.56176, -20.56176, -9.81, 0.1, -9.81, 0.7
2.097, 0.010859723, 0.001119805, 2.097, -20.55900536, -20.57157, -20.57157, -9.81, 0.1, -9.81, 0.7
2.098, 0.010864813, 0.001120324, 2.098, -20.57957693, -20.58138, -20.58138, -9.81, 0.1, -9.81, 0.7
2.099, 0.010869783, 0.001120833, 2.099, -20.60015831, -20.59119, -20.59119, -9.81, 0.1, -9.81, 0.7
2.1, 0.010874723, 0.001121343, 2.1, -20.6207495, -20.601, -20.601, -9.81, 0.1, -9.81, 0.7
2.101, 0.010879994, 0.001121852, 2.101, -20.6413505, -20.61081, -20.61081, -9.81, 0.1, -9.81, 0.7
2.102, 0.010884904, 0.001122353, 2.102, -20.66196131, -20.62062, -20.62062, -9.81, 0.1, -9.81, 0.7
2.103, 0.010889933, 0.001122862, 2.103, -20.68258193, -20.63043, -20.63043, -9.81, 0.1, -9.81, 0.7
2.104, 0.010894923, 0.001123364, 2.104, -20.70321236, -20.64024, -20.64024, -9.81, 0.1, -9.81, 0.7
2.105, 0.010899803, 0.001123895, 2.105, -20.7238526, -20.65005, -20.65005, -9.81, 0.1, -9.81, 0.7
2.106, 0.010905024, 0.001124394, 2.106, -20.74450265, -20.65986, -20.65986, -9.81, 0.1, -9.81, 0.7
2.107, 0.010910004, 0.001124914, 2.107, -20.76516251, -20.66967, -20.66967, -9.81, 0.1, -9.81, 0.7
2.108, 0.010915084, 0.001125434, 2.108, -20.78583218, -20.67948, -20.67948, -9.81, 0.1, -9.81, 0.7
2.109, 0.010920094, 0.001125944, 2.109, -20.80651166, -20.68929, -20.68929, -9.81, 0.1, -9.81, 0.7
2.11, 0.010925034, 0.001126454, 2.11, -20.82720095, -20.6991, -20.6991, -9.81, 0.1, -9.81, 0.7
2.111, 0.010930074, 0.001126974, 2.111, -20.84790005, -20.70891, -20.70891, -9.81, 0.1, -9.81, 0.7
2.112, 0.010935135, 0.001127473, 2.112, -20.86860896, -20.71872, -20.71872, -9.81, 0.1, -9.81, 0.7
2.113, 0.010940035, 0.001127971, 2.113, -20.88932768, -20.72853, -20.72853, -9.81, 0.1, -9.81, 0.7
2.114, 0.010945075, 0.00112846, 2.114, -20.91005621, -20.73834, -20.73834, -9.81, 0.1, -9.81, 0.7
2.115, 0.010950135, 0.00112898, 2.115, -20.93079455, -20.74815, -20.74815, -9.81, 0.1, -9.81, 0.7
2.116, 0.010955076, 0.001129489, 2.116, -20.9515427, -20.75796, -20.75796, -9.81, 0.1, -9.81, 0.7
2.117, 0.010960095, 0.00113001, 2.117, -20.97230066, -20.76777, -20.76777, -9.81, 0.1, -9.81, 0.7
2.118, 0.010965216, 0.001130529, 2.118, -20.99306843, -20.77758, -20.77758, -9.81, 0.1, -9.81, 0.7
2.119, 0.010970216, 0.00113105, 2.119, -21.01384601, -20.78739, -20.78739, -9.81, 0.1, -9.81, 0.7
2.12, 0.010975276, 0.001131559, 2.12, -21.0346334, -20.7972, -20.7972, -9.81, 0.1, -9.81, 0.7
2.121, 0.010980316, 0.001132069, 2.121, -21.0554306, -20.80701, -20.80701, -9.81, 0.1, -9.81, 0.7
2.122, 0.010985326, 0.001132569, 2.122, -21.07623761, -20.81682, -20.81682, -9.81, 0.1, -9.81, 0.7
2.123, 0.010990356, 0.001133089, 2.123, -21.09705443, -20.82663, -20.82663, -9.81, 0.1, -9.81, 0.7
2.124, 0.010995376, 0.001133579, 2.124, -21.11788106, -20.83644, -20.83644, -9.81, 0.1, -9.81, 0.7
2.125, 0.011000246, 0.001134079, 2.125, -21.1387175, -20.84625, -20.84625, -9.81, 0.1, -9.81, 0.7
2.126, 0.011005226, 0.001134579, 2.126, -21.15956375, -20.85606, -20.85606, -9.81, 0.1, -9.81, 0.7
2.127, 0.011010446, 0.001135098, 2.127, -21.18041981, -20.86587, -20.86587, -9.81, 0.1, -9.81, 0.7
2.128, 0.011015466, 0.001135599, 2.128, -21.20128568, -20.87568, -20.87568, -9.81, 0.1, -9.81, 0.7
2.129, 0.011020447, 0.001136119, 2.129, -21.22216136, -20.88549, -20.88549, -9.81, 0.1, -9.81, 0.7
2.13, 0.011027858, 0.001136618, 2.13, -21.24304685, -20.8953, -20.8953, -9.81, 0.1, -9.81, 0.7
2.131, 0.011033039, 0.001137135, 2.131, -21.26394215, -20.90511, -20.90511, -9.81, 0.1, -9.81, 0.7
2.132, 0.011038099, 0.001137645, 2.132, -21.28484726, -20.91492, -20.91492, -9.81, 0.1, -9.81, 0.7
2.133, 0.011043219, 0.001138156, 2.133, -21.30576218, -20.92473, -20.92473, -9.81, 0.1, -9.81, 0.7
2.134, 0.011048239, 0.001138665, 2.134, -21.32668691, -20.93454, -20.93454, -9.81, 0.1, -9.81, 0.7
2.135, 0.011053149, 0.001139164, 2.135, -21.34762145, -20.94435, -20.94435, -9.81, 0.1, -9.81, 0.7
2.136, 0.01105811, 0.001139694, 2.136, -21.3685658, -20.95416, -20.95416, -9.81, 0.1, -9.81, 0.7
2.137, 0.01106321, 0.001140204, 2.137, -21.38951996, -20.96397, -20.96397, -9.81, 0.1, -9.81, 0.7
2.138, 0.01106817, 0.001140714, 2.138, -21.41048393, -20.97378, -20.97378, -9.81, 0.1, -9.81, 0.7
2.139, 0.01107317, 0.001141214, 2.139, -21.43145771, -20.98359, -20.98359, -9.81, 0.1, -9.81, 0.7
2.14, 0.01107824, 0.001141724, 2.14, -21.4524413, -20.9934, -20.9934, -9.81, 0.1, -9.81, 0.7
2.141, 0.01108329, 0.001142244, 2.141, -21.4734347, -21.00321, -21.00321, -9.81, 0.1, -9.81, 0.7
2.142, 0.01108837, 0.001142754, 2.142, -21.49443791, -21.01302, -21.01302, -9.81, 0.1, -9.81, 0.7
2.143, 0.01109346, 0.001143284, 2.143, -21.51545093, -21.02283, -21.02283, -9.81, 0.1, -9.81, 0.7
2.144, 0.011098401, 0.001143805, 2.144, -21.53647376, -21.03264, -21.03264, -9.81, 0.1, -9.81, 0.7
2.145, 0.01110342, 0.001144314, 2.145, -21.5575064, -21.04245, -21.04245, -9.81, 0.1, -9.81, 0.7
2.146, 0.01110846, 0.001144815, 2.146, -21.57854885, -21.05226, -21.05226, -9.81, 0.1, -9.81, 0.7
2.147, 0.011113449, 0.001145345, 2.147, -21.59960111, -21.06207, -21.06207, -9.81, 0.1, -9.81, 0.7
2.148, 0.01111853, 0.001145855, 2.148, -21.62066318, -21.07188, -21.07188, -9.81, 0.1, -9.81, 0.7
2.149, 0.01112357, 0.001146366, 2.149, -21.64173506, -21.08169, -21.08169, -9.81, 0.1, -9.81, 0.7
2.15, 0.01112859, 0.001146876, 2.15, -21.66281675, -21.0915, -21.0915, -9.81, 0.1, -9.81, 0.7
2.151, 0.01113356, 0.001147396, 2.151, -21.68390825, -21.10131, -21.10131, -9.81, 0.1, -9.81, 0.7
2.152, 0.01113862, 0.001147906, 2.152, -21.70500956, -21.11112, -21.11112, -9.81, 0.1, -9.81, 0.7
2.153, 0.01114362, 0.001148406, 2.153, -21.72612068, -21.12093, -21.12093, -9.81, 0.1, -9.81, 0.7
2.154, 0.0111486, 0.001148896, 2.154, -21.74724161, -21.13074, -21.13074, -9.81, 0.1, -9.81, 0.7
2.155, 0.01115378, 0.001149386, 2.155, -21.76837235, -21.14055, -21.14055, -9.81, 0.1, -9.81, 0.7
2.156, 0.0111586, 0.001149876, 2.156, -21.7895129, -21.15036, -21.15036, -9.81, 0.1, -9.81, 0.7
2.157, 0.01116362, 0.001150376, 2.157, -21.81066326, -21.16017, -21.16017, -9.81, 0.1, -9.81, 0.7
2.158, 0.011168769, 0.001150887, 2.158, -21.83182343, -21.16998, -21.16998, -9.81, 0.1, -9.81, 0.7
2.159, 0.011173779, 0.001151407, 2.159, -21.85299341, -21.17979, -21.17979, -9.81, 0.1, -9.81, 0.7
2.16, 0.01117875, 0.001151929, 2.16, -21.8741732, -21.1896, -21.1896, -9.81, 0.1, -9.81, 0.7
2.161, 0.011183689, 0.001152449, 2.161, -21.8953628, -21.19941, -21.19941, -9.81, 0.1, -9.81, 0.7
2.162, 0.011188698, 0.001152968, 2.162, -21.91656221, -21.20922, -21.20922, -9.81, 0.1, -9.81, 0.7
2.163, 0.011193818, 0.001153488, 2.163, -21.93777143, -21.21903, -21.21903, -9.81, 0.1, -9.81, 0.7
2.164, 0.011198828, 0.001153999, 2.164, -21.95899046, -21.22884, -21.22884, -9.81, 0.1, -9.81, 0.7
2.165, 0.011203808, 0.001154519, 2.165, -21.9802193, -21.23865, -21.23865, -9.81, 0.1, -9.81, 0.7
2.166, 0.011208988, 0.001155039, 2.166, -22.00145795, -21.24846, -21.24846, -9.81, 0.1, -9.81, 0.7
2.167, 0.011213938, 0.001155559, 2.167, -22.02270641, -21.25827, -21.25827, -9.81, 0.1, -9.81, 0.7
2.168, 0.011218908, 0.001156059, 2.168, -22.04396468, -21.26808, -21.26808, -9.81, 0.1, -9.81, 0.7
2.169, 0.011223828, 0.001156569, 2.169, -22.06523276, -21.27789, -21.27789, -9.81, 0.1, -9.81, 0.7
2.17, 0.011228738, 0.001157089, 2.17, -22.08651065, -21.2877, -21.2877, -9.81, 0.1, -9.81, 0.7
2.171, 0.011233888, 0.001157609, 2.171, -22.10779835, -21.29751, -21.29751, -9.81, 0.1, -9.81, 0.7
2.172, 0.011253068, 0.00116954, 2.172, -22.12909586, -21.30732, -21.30732, -9.81, 0.1, -9.81, 0.7
2.173, 0.011258139, 0.001170069, 2.173, -22.15040318, -21.31713, -21.31713, -9.81, 0.1, -9.81, 0.7
2.174, 0.011263259, 0.001170588, 2.174, -22.17172031, -21.32694, -21.32694, -9.81, 0.1, -9.81, 0.7
2.175, 0.011268209, 0.001171098, 2.175, -22.19304725, -21.33675, -21.33675, -9.81, 0.1, -9.81, 0.7
2.176, 0.011273169, 0.001171607, 2.176, -22.214384, -21.34656, -21.34656, -9.81, 0.1, -9.81, 0.7
2.177, 0.01127835, 0.001172128, 2.177, -22.23573056, -21.35637, -21.35637, -9.81, 0.1, -9.81, 0.7
2.178, 0.01128336, 0.001172638, 2.178, -22.25708693, -21.36618, -21.36618, -9.81, 0.1, -9.81, 0.7
2.179, 0.01128836, 0.001173158, 2.179, -22.27845311, -21.37599, -21.37599, -9.81, 0.1, -9.81, 0.7
2.18, 0.01129337, 0.001173678, 2.18, -22.2998291, -21.3858, -21.3858, -9.81, 0.1, -9.81, 0.7
2.181, 0.01129831, 0.001174188, 2.181, -22.3212149, -21.39561, -21.39561, -9.81, 0.1, -9.81, 0.7
2.182, 0.01130329, 0.001174688, 2.182, -22.34261051, -21.40542, -21.40542, -9.81, 0.1, -9.81, 0.7
2.183, 0.011308199, 0.001175198, 2.183, -22.36401593, -21.41523, -21.41523, -9.81, 0.1, -9.81, 0.7
2.184, 0.011313219, 0.001175708, 2.184, -22.38543116, -21.42504, -21.42504, -9.81, 0.1, -9.81, 0.7
2.185, 0.011318109, 0.001176209, 2.185, -22.4068562, -21.43485, -21.43485, -9.81, 0.1, -9.81, 0.7
2.186, 0.011323029, 0.001176731, 2.186, -22.42829105, -21.44466, -21.44466, -9.81, 0.1, -9.81, 0.7
2.187, 0.011327919, 0.001177232, 2.187, -22.44973571, -21.45447, -21.45447, -9.81, 0.1, -9.81, 0.7
2.188, 0.011332879, 0.001177742, 2.188, -22.47119018, -21.46428, -21.46428, -9.81, 0.1, -9.81, 0.7
2.189, 0.01133779, 0.001178242, 2.189, -22.49265446, -21.47409, -21.47409, -9.81, 0.1, -9.81, 0.7
2.19, 0.01134275, 0.001178763, 2.19, -22.51412855, -21.4839, -21.4839, -9.81, 0.1, -9.81, 0.7
2.191, 0.011347701, 0.001179262, 2.191, -22.53561245, -21.49371, -21.49371, -9.81, 0.1, -9.81, 0.7
2.192, 0.011352621, 0.001179772, 2.192, -22.55710616, -21.50352, -21.50352, -9.81, 0.1, -9.81, 0.7
2.193, 0.011357571, 0.001180293, 2.193, -22.57860968, -21.51333, -21.51333, -9.81, 0.1, -9.81, 0.7
2.194, 0.011362572, 0.001180793, 2.194, -22.60012301, -21.52314, -21.52314, -9.81, 0.1, -9.81, 0.7
2.195, 0.011367542, 0.001181313, 2.195, -22.62164615, -21.53295, -21.53295, -9.81, 0.1, -9.81, 0.7
2.196, 0.011372442, 0.001181833, 2.196, -22.6431791, -21.54276, -21.54276, -9.81, 0.1, -9.81, 0.7
2.197, 0.011377352, 0.001182353, 2.197, -22.66472186, -21.55257, -21.55257, -9.81, 0.1, -9.81, 0.7
2.198, 0.011382212, 0.001182853, 2.198, -22.68627443, -21.56238, -21.56238, -9.81, 0.1, -9.81, 0.7
2.199, 0.011387142, 0.001183343, 2.199, -22.70783681, -21.57219, -21.57219, -9.81, 0.1, -9.81, 0.7
2.2, 0.011391973, 0.001183854, 2.2, -22.729409, -21.582, -21.582, -9.81, 0.1, -9.81, 0.7
2.201, 0.011396973, 0.001184374, 2.201, -22.750991, -21.59181, -21.59181, -9.81, 0.1, -9.81, 0.7
2.202, 0.011401923, 0.001184893, 2.202, -22.77258281, -21.60162, -21.60162, -9.81, 0.1, -9.81, 0.7
2.203, 0.011406964, 0.001185412, 2.203, -22.79418443, -21.61143, -21.61143, -9.81, 0.1, -9.81, 0.7
2.204, 0.011412044, 0.001185923, 2.204, -22.81579586, -21.62124, -21.62124, -9.81, 0.1, -9.81, 0.7
2.205, 0.011416994, 0.001186432, 2.205, -22.8374171, -21.63105, -21.63105, -9.81, 0.1, -9.81, 0.7
2.206, 0.011422044, 0.001186943, 2.206, -22.85904815, -21.64086, -21.64086, -9.81, 0.1, -9.81, 0.7
2.207, 0.011427004, 0.001187474, 2.207, -22.88068901, -21.65067, -21.65067, -9.81, 0.1, -9.81, 0.7
2.208, 0.011432013, 0.001187995, 2.208, -22.90233968, -21.66048, -21.66048, -9.81, 0.1, -9.81, 0.7
2.209, 0.011437243, 0.001188515, 2.209, -22.92400016, -21.67029, -21.67029, -9.81, 0.1, -9.81, 0.7
2.21, 0.011442253, 0.001189025, 2.21, -22.94567045, -21.6801, -21.6801, -9.81, 0.1, -9.81, 0.7
2.211, 0.011447243, 0.001189535, 2.211, -22.96735055, -21.68991, -21.68991, -9.81, 0.1, -9.81, 0.7
2.212, 0.011452273, 0.001190055, 2.212, -22.98904046, -21.69972, -21.69972, -9.81, 0.1, -9.81, 0.7
2.213, 0.011457193, 0.001190555, 2.213, -23.01074018, -21.70953, -21.70953, -9.81, 0.1, -9.81, 0.7
2.214, 0.011464344, 0.001191065, 2.214, -23.03244971, -21.71934, -21.71934, -9.81, 0.1, -9.81, 0.7
2.215, 0.011469475, 0.001191576, 2.215, -23.05416905, -21.72915, -21.72915, -9.81, 0.1, -9.81, 0.7
2.216, 0.011474425, 0.001192077, 2.216, -23.0758982, -21.73896, -21.73896, -9.81, 0.1, -9.81, 0.7
2.217, 0.011479346, 0.001192576, 2.217, -23.09763716, -21.74877, -21.74877, -9.81, 0.1, -9.81, 0.7
2.218, 0.011484196, 0.001193085, 2.218, -23.11938593, -21.75858, -21.75858, -9.81, 0.1, -9.81, 0.7
2.219, 0.011489175, 0.001193606, 2.219, -23.14114451, -21.76839, -21.76839, -9.81, 0.1, -9.81, 0.7
2.22, 0.011494145, 0.001194127, 2.22, -23.1629129, -21.7782, -21.7782, -9.81, 0.1, -9.81, 0.7
2.221, 0.011499226, 0.001194646, 2.221, -23.1846911, -21.78801, -21.78801, -9.81, 0.1, -9.81, 0.7
2.222, 0.011504165, 0.001195155, 2.222, -23.20647911, -21.79782, -21.79782, -9.81, 0.1, -9.81, 0.7
2.223, 0.011509336, 0.001195654, 2.223, -23.22827693, -21.80763, -21.80763, -9.81, 0.1, -9.81, 0.7
2.224, 0.011514437, 0.001196174, 2.224, -23.25008456, -21.81744, -21.81744, -9.81, 0.1, -9.81, 0.7
2.225, 0.011519537, 0.001196674, 2.225, -23.271902, -21.82725, -21.82725, -9.81, 0.1, -9.81, 0.7
2.226, 0.011524437, 0.001197184, 2.226, -23.29372925, -21.83706, -21.83706, -9.81, 0.1, -9.81, 0.7
2.227, 0.011529447, 0.001197714, 2.227, -23.31556631, -21.84687, -21.84687, -9.81, 0.1, -9.81, 0.7
2.228, 0.011534556, 0.001198224, 2.228, -23.33741318, -21.85668, -21.85668, -9.81, 0.1, -9.81, 0.7
2.229, 0.011539416, 0.001198714, 2.229, -23.35926986, -21.86649, -21.86649, -9.81, 0.1, -9.81, 0.7
2.23, 0.011544406, 0.001199214, 2.23, -23.38113635, -21.8763, -21.8763, -9.81, 0.1, -9.81, 0.7
2.231, 0.011549545, 0.001199724, 2.231, -23.40301265, -21.88611, -21.88611, -9.81, 0.1, -9.81, 0.7
2.232, 0.011554625, 0.001200244, 2.232, -23.42489876, -21.89592, -21.89592, -9.81, 0.1, -9.81, 0.7
2.233, 0.011559635, 0.001200763, 2.233, -23.44679468, -21.90573, -21.90573, -9.81, 0.1, -9.81, 0.7
2.234, 0.011564544, 0.001201263, 2.234, -23.46870041, -21.91554, -21.91554, -9.81, 0.1, -9.81, 0.7
2.235, 0.011569575, 0.001201772, 2.235, -23.49061595, -21.92535, -21.92535, -9.81, 0.1, -9.81, 0.7
2.236, 0.011574565, 0.001202273, 2.236, -23.5125413, -21.93516, -21.93516, -9.81, 0.1, -9.81, 0.7
2.237, 0.011579626, 0.001202784, 2.237, -23.53447646, -21.94497, -21.94497, -9.81, 0.1, -9.81, 0.7
2.238, 0.011584566, 0.001203325, 2.238, -23.55642143, -21.95478, -21.95478, -9.81, 0.1, -9.81, 0.7
2.239, 0.011589546, 0.001203826, 2.239, -23.57837621, -21.96459, -21.96459, -9.81, 0.1, -9.81, 0.7
2.24, 0.011594506, 0.001204326, 2.24, -23.6003408, -21.9744, -21.9744, -9.81, 0.1, -9.81, 0.7
2.241, 0.011599416, 0.001204836, 2.241, -23.6223152, -21.98421, -21.98421, -9.81, 0.1, -9.81, 0.7
2.242, 0.011604506, 0.001205346, 2.242, -23.64429941, -21.99402, -21.99402, -9.81, 0.1, -9.81, 0.7
2.243, 0.011609556, 0.001205866, 2.243, -23.66629343, -22.00383, -22.00383, -9.81, 0.1, -9.81, 0.7
2.244, 0.011614576, 0.001206376, 2.244, -23.68829726, -22.01364, -22.01364, -9.81, 0.1, -9.81, 0.7
2.245, 0.011619536, 0.001206886, 2.245, -23.7103109, -22.02345, -22.02345, -9.81, 0.1, -9.81, 0.7
2.246, 0.011624546, 0.001207386, 2.246, -23.73233435, -22.03326, -22.03326, -9.81, 0.1, -9.81, 0.7
2.247, 0.011629486, 0.001207907, 2.247, -23.75436761, -22.04307, -22.04307, -9.81, 0.1, -9.81, 0.7
2.248, 0.011634436, 0.001208427, 2.248, -23.77641068, -22.05288, -22.05288, -9.81, 0.1, -9.81, 0.7
2.249, 0.011639535, 0.001208958, 2.249, -23.79846356, -22.06269, -22.06269, -9.81, 0.1, -9.81, 0.7
2.25, 0.011644526, 0.001209478, 2.25, -23.82052625, -22.0725, -22.0725, -9.81, 0.1, -9.81, 0.7
2.251, 0.011649536, 0.001209989, 2.251, -23.84259875, -22.08231, -22.08231, -9.81, 0.1, -9.81, 0.7
2.252, 0.011654606, 0.001210499, 2.252, -23.86468106, -22.09212, -22.09212, -9.81, 0.1, -9.81, 0.7
2.253, 0.011659667, 0.00121103, 2.253, -23.88677318, -22.10193, -22.10193, -9.81, 0.1, -9.81, 0.7
2.254, 0.011664667, 0.00121154, 2.254, -23.90887511, -22.11174, -22.11174, -9.81, 0.1, -9.81, 0.7
2.255, 0.011671897, 0.00121206, 2.255, -23.93098685, -22.12155, -22.12155, -9.81, 0.1, -9.81, 0.7
2.256, 0.011677107, 0.00121257, 2.256, -23.9531084, -22.13136, -22.13136, -9.81, 0.1, -9.81, 0.7
2.257, 0.011682107, 0.00121309, 2.257, -23.97523976, -22.14117, -22.14117, -9.81, 0.1, -9.81, 0.7
2.258, 0.011687107, 0.00121361, 2.258, -23.99738093, -22.15098, -22.15098, -9.81, 0.1, -9.81, 0.7
2.259, 0.011692127, 0.00121414, 2.259, -24.01953191, -22.16079, -22.16079, -9.81, 0.1, -9.81, 0.7
2.26, 0.011697087, 0.00121465, 2.26, -24.0416927, -22.1706, -22.1706, -9.81, 0.1, -9.81, 0.7
2.261, 0.011702186, 0.00121516, 2.261, -24.0638633, -22.18041, -22.18041, -9.81, 0.1, -9.81, 0.7
2.262, 0.011707257, 0.001215661, 2.262, -24.08604371, -22.19022, -22.19022, -9.81, 0.1, -9.81, 0.7
2.263, 0.011712297, 0.001216161, 2.263, -24.10823393, -22.20003, -22.20003, -9.81, 0.1, -9.81, 0.7
2.264, 0.011717337, 0.001216672, 2.264, -24.13043396, -22.20984, -22.20984, -9.81, 0.1, -9.81, 0.7
2.265, 0.011722377, 0.001217183, 2.265, -24.1526438, -22.21965, -22.21965, -9.81, 0.1, -9.81, 0.7
2.266, 0.011727388, 0.001217683, 2.266, -24.17486345, -22.22946, -22.22946, -9.81, 0.1, -9.81, 0.7
2.267, 0.011732368, 0.001218172, 2.267, -24.19709291, -22.23927, -22.23927, -9.81, 0.1, -9.81, 0.7
2.268, 0.011737348, 0.001218675, 2.268, -24.21933218, -22.24908, -22.24908, -9.81, 0.1, -9.81, 0.7
2.269, 0.011742248, 0.001219175, 2.269, -24.24158126, -22.25889, -22.25889, -9.81, 0.1, -9.81, 0.7
2.27, 0.011747218, 0.001219675, 2.27, -24.26384015, -22.2687, -22.2687, -9.81, 0.1, -9.81, 0.7
2.271, 0.011752428, 0.001220185, 2.271, -24.28610885, -22.27851, -22.27851, -9.81, 0.1, -9.81, 0.7
2.272, 0.011757467, 0.001220704, 2.272, -24.30838736, -22.28832, -22.28832, -9.81, 0.1, -9.81, 0.7
2.273, 0.011762447, 0.001221214, 2.273, -24.33067568, -22.29813, -22.29813, -9.81, 0.1, -9.81, 0.7
2.274, 0.011767717, 0.001221724, 2.274, -24.35297381, -22.30794, -22.30794, -9.81, 0.1, -9.81, 0.7
2.275, 0.011772637, 0.001222236, 2.275, -24.37528175, -22.31775, -22.31775, -9.81, 0.1, -9.81, 0.7
2.276, 0.011777616, 0.001222748, 2.276, -24.3975995, -22.32756, -22.32756, -9.81, 0.1, -9.81, 0.7
2.277, 0.011782546, 0.001223259, 2.277, -24.41992706, -22.33737, -22.33737, -9.81, 0.1, -9.81, 0.7
2.278, 0.011787447, 0.001223769, 2.278, -24.44226443, -22.34718, -22.34718, -9.81, 0.1, -9.81, 0.7
2.279, 0.011792377, 0.001224279, 2.279, -24.46461161, -22.35699, -22.35699, -9.81, 0.1, -9.81, 0.7
2.28, 0.011797366, 0.001224799, 2.28, -24.4869686, -22.3668, -22.3668, -9.81, 0.1, -9.81, 0.7
2.281, 0.011802326, 0.00122532, 2.281, -24.5093354, -22.37661, -22.37661, -9.81, 0.1, -9.81, 0.7
2.282, 0.011807375, 0.001225841, 2.282, -24.53171201, -22.38642, -22.38642, -9.81, 0.1, -9.81, 0.7
2.283, 0.011812384, 0.001226361, 2.283, -24.55409843, -22.39623, -22.39623, -9.81, 0.1, -9.81, 0.7
2.284, 0.011817344, 0.001226872, 2.284, -24.57649466, -22.40604, -22.40604, -9.81, 0.1, -9.81, 0.7
2.285, 0.011822364, 0.001227392, 2.285, -24.5989007, -22.41585, -22.41585, -9.81, 0.1, -9.81, 0.7
2.286, 0.011827354, 0.001227902, 2.286, -24.62131655, -22.42566, -22.42566, -9.81, 0.1, -9.81, 0.7
2.287, 0.011832224, 0.001228412, 2.287, -24.64374221, -22.43547, -22.43547, -9.81, 0.1, -9.81, 0.7
2.288, 0.011837294, 0.001228932, 2.288, -24.66617768, -22.44528, -22.44528, -9.81, 0.1, -9.81, 0.7
2.289, 0.011842384, 0.001229452, 2.289, -24.68862296, -22.45509, -22.45509, -9.81, 0.1, -9.81, 0.7
2.29, 0.011847304, 0.001229951, 2.29, -24.71107805, -22.4649, -22.4649, -9.81, 0.1, -9.81, 0.7
2.291, 0.011852335, 0.001230462, 2.291, -24.73354295, -22.47471, -22.47471, -9.81, 0.1, -9.81, 0.7
2.292, 0.011857415, 0.001230973, 2.292, -24.75601766, -22.48452, -22.48452, -9.81, 0.1, -9.81, 0.7
2.293, 0.011862455, 0.001231492, 2.293, -24.77850218, -22.49433, -22.49433, -9.81, 0.1, -9.81, 0.7
2.294, 0.011867455, 0.001232011, 2.294, -24.80099651, -22.50414, -22.50414, -9.81, 0.1, -9.81, 0.7
2.295, 0.011872464, 0.00123252, 2.295, -24.82350065, -22.51395, -22.51395, -9.81, 0.1, -9.81, 0.7
2.296, 0.011877394, 0.00123303, 2.296, -24.8460146, -22.52376, -22.52376, -9.81, 0.1, -9.81, 0.7
2.297, 0.011885394, 0.001233567, 2.297, -24.86853836, -22.53357, -22.53357, -9.81, 0.1, -9.81, 0.7
2.298, 0.011890474, 0.001234087, 2.298, -24.89107193, -22.54338, -22.54338, -9.81, 0.1, -9.81, 0.7
2.299, 0.011895494, 0.001234607, 2.299, -24.91361531, -22.55319, -22.55319, -9.81, 0.1, -9.81, 0.7
2.3, 0.011900414, 0.001235127, 2.3, -24.9361685, -22.563, -22.563, -9.81, 0.1, -9.81, 0.7
2.301, 0.011905474, 0.001235657, 2.301, -24.9587315, -22.57281, -22.57281, -9.81, 0.1, -9.81, 0.7
2.302, 0.011910484, 0.001236167, 2.302, -24.98130431, -22.58262, -22.58262, -9.81, 0.1, -9.81, 0.7
2.303, 0.011915454, 0.001236687, 2.303, -25.00388693, -22.59243, -22.59243, -9.81, 0.1, -9.81, 0.7
2.304, 0.011920405, 0.001237197, 2.304, -25.02647936, -22.60224, -22.60224, -9.81, 0.1, -9.81, 0.7
2.305, 0.011925344, 0.001237708, 2.305, -25.0490816, -22.61205, -22.61205, -9.81, 0.1, -9.81, 0.7
2.306, 0.011930384, 0.001238208, 2.306, -25.07169365, -22.62186, -22.62186, -9.81, 0.1, -9.81, 0.7
2.307, 0.011935384, 0.001238748, 2.307, -25.09431551, -22.63167, -22.63167, -9.81, 0.1, -9.81, 0.7
2.308, 0.011940414, 0.001239258, 2.308, -25.11694718, -22.64148, -22.64148, -9.81, 0.1, -9.81, 0.7
2.309, 0.011945374, 0.001239769, 2.309, -25.13958866, -22.65129, -22.65129, -9.81, 0.1, -9.81, 0.7
2.31, 0.011950355, 0.001240279, 2.31, -25.16223995, -22.6611, -22.6611, -9.81, 0.1, -9.81, 0.7
2.311, 0.011955335, 0.001240807, 2.311, -25.18490105, -22.67091, -22.67091, -9.81, 0.1, -9.81, 0.7
2.312, 0.011960354, 0.001241327, 2.312, -25.20757196, -22.68072, -22.68072, -9.81, 0.1, -9.81, 0.7
2.313, 0.011965344, 0.001241837, 2.313, -25.23025268, -22.69053, -22.69053, -9.81, 0.1, -9.81, 0.7
2.314, 0.011970364, 0.001242367, 2.314, -25.25294321, -22.70034, -22.70034, -9.81, 0.1, -9.81, 0.7
2.315, 0.011975394, 0.001242877, 2.315, -25.27564355, -22.71015, -22.71015, -9.81, 0.1, -9.81, 0.7
2.316, 0.011980344, 0.001243387, 2.316, -25.2983537, -22.71996, -22.71996, -9.81, 0.1, -9.81, 0.7
2.317, 0.011985373, 0.001243927, 2.317, -25.32107366, -22.72977, -22.72977, -9.81, 0.1, -9.81, 0.7
2.318, 0.011990283, 0.001244457, 2.318, -25.34380343, -22.73958, -22.73958, -9.81, 0.1, -9.81, 0.7
2.319, 0.011995133, 0.001244967, 2.319, -25.36654301, -22.74939, -22.74939, -9.81, 0.1, -9.81, 0.7
2.32, 0.012000143, 0.001245487, 2.32, -25.3892924, -22.7592, -22.7592, -9.81, 0.1, -9.81, 0.7
2.321, 0.012005283, 0.001245994, 2.321, -25.4120516, -22.76901, -22.76901, -9.81, 0.1, -9.81, 0.7
2.322, 0.012010283, 0.001246504, 2.322, -25.43482061, -22.77882, -22.77882, -9.81, 0.1, -9.81, 0.7
2.323, 0.012015373, 0.001247013, 2.323, -25.45759943, -22.78863, -22.78863, -9.81, 0.1, -9.81, 0.7
2.324, 0.012020392, 0.001247515, 2.324, -25.48038806, -22.79844, -22.79844, -9.81, 0.1, -9.81, 0.7
2.325, 0.012025323, 0.001248024, 2.325, -25.5031865, -22.80825, -22.80825, -9.81, 0.1, -9.81, 0.7
2.326, 0.012030234, 0.001248523, 2.326, -25.52599475, -22.81806, -22.81806, -9.81, 0.1, -9.81, 0.7
2.327, 0.012035414, 0.001249045, 2.327, -25.54881281, -22.82787, -22.82787, -9.81, 0.1, -9.81, 0.7
2.328, 0.012040405, 0.001249554, 2.328, -25.57164068, -22.83768, -22.83768, -9.81, 0.1, -9.81, 0.7
2.329, 0.012046195, 0.001250064, 2.329, -25.59447836, -22.84749, -22.84749, -9.81, 0.1, -9.81, 0.7
2.33, 0.012051445, 0.001250574, 2.33, -25.61732585, -22.8573, -22.8573, -9.81, 0.1, -9.81, 0.7
2.331, 0.012056505, 0.001251084, 2.331, -25.64018315, -22.86711, -22.86711, -9.81, 0.1, -9.81, 0.7
2.332, 0.012061505, 0.001251594, 2.332, -25.66305026, -22.87692, -22.87692, -9.81, 0.1, -9.81, 0.7
2.333, 0.012066445, 0.001252114, 2.333, -25.68592718, -22.88673, -22.88673, -9.81, 0.1, -9.81, 0.7
2.334, 0.012071275, 0.001252634, 2.334, -25.70881391, -22.89654, -22.89654, -9.81, 0.1, -9.81, 0.7
2.335, 0.012076245, 0.001253144, 2.335, -25.73171045, -22.90635, -22.90635, -9.81, 0.1, -9.81, 0.7
2.336, 0.012081325, 0.001253654, 2.336, -25.7546168, -22.91616, -22.91616, -9.81, 0.1, -9.81, 0.7
2.337, 0.012086215, 0.001254165, 2.337, -25.77753296, -22.92597, -22.92597, -9.81, 0.1, -9.81, 0.7
2.338, 0.012091175, 0.001254684, 2.338, -25.80045893, -22.93578, -22.93578, -9.81, 0.1, -9.81, 0.7
2.339, 0.012100055, 0.001255203, 2.339, -25.82339471, -22.94559, -22.94559, -9.81, 0.1, -9.81, 0.7
2.34, 0.012105075, 0.001255712, 2.34, -25.8463403, -22.9554, -22.9554, -9.81, 0.1, -9.81, 0.7
2.341, 0.012109995, 0.001256234, 2.341, -25.8692957, -22.96521, -22.96521, -9.81, 0.1, -9.81, 0.7
2.342, 0.012114915, 0.001256755, 2.342, -25.89226091, -22.97502, -22.97502, -9.81, 0.1, -9.81, 0.7
2.343, 0.012119876, 0.001257275, 2.343, -25.91523593, -22.98483, -22.98483, -9.81, 0.1, -9.81, 0.7
2.344, 0.012124796, 0.001257785, 2.344, -25.93822076, -22.99464, -22.99464, -9.81, 0.1, -9.81, 0.7
2.345, 0.012129706, 0.001258285, 2.345, -25.9612154, -23.00445, -23.00445, -9.81, 0.1, -9.81, 0.7
2.346, 0.012134686, 0.001258805, 2.346, -25.98421985, -23.01426, -23.01426, -9.81, 0.1, -9.81, 0.7
2.347, 0.012139516, 0.001259325, 2.347, -26.00723411, -23.02407, -23.02407, -9.81, 0.1, -9.81, 0.7
2.348, 0.012144486, 0.001259845, 2.348, -26.03025818, -23.03388, -23.03388, -9.81, 0.1, -9.81, 0.7
2.349, 0.012149496, 0.001260357, 2.349, -26.05329206, -23.04369, -23.04369, -9.81, 0.1, -9.81, 0.7
2.35, 0.012154416, 0.001260856, 2.35, -26.07633575, -23.0535, -23.0535, -9.81, 0.1, -9.81, 0.7
2.351, 0.012159456, 0.001261376, 2.351, -26.09938925, -23.06331, -23.06331, -9.81, 0.1, -9.81, 0.7
2.352, 0.012164456, 0.001261888, 2.352, -26.12245256, -23.07312, -23.07312, -9.81, 0.1, -9.81, 0.7
2.353, 0.012169446, 0.001262407, 2.353, -26.14552568, -23.08293, -23.08293, -9.81, 0.1, -9.81, 0.7
2.354, 0.012174375, 0.001262907, 2.354, -26.16860861, -23.09274, -23.09274, -9.81, 0.1, -9.81, 0.7
2.355, 0.012179436, 0.001263399, 2.355, -26.19170135, -23.10255, -23.10255, -9.81, 0.1, -9.81, 0.7
2.356, 0.012184345, 0.00126392, 2.356, -26.2148039, -23.11236, -23.11236, -9.81, 0.1, -9.81, 0.7
2.357, 0.012189295, 0.00126442, 2.357, -26.23791626, -23.12217, -23.12217, -9.81, 0.1, -9.81, 0.7
2.358, 0.012194354, 0.00126493, 2.358, -26.26103843, -23.13198, -23.13198, -9.81, 0.1, -9.81, 0.7
2.359, 0.012199324, 0.001265431, 2.359, -26.28417041, -23.14179, -23.14179, -9.81, 0.1, -9.81, 0.7
2.36, 0.012204344, 0.001265931, 2.36, -26.3073122, -23.1516, -23.1516, -9.81, 0.1, -9.81, 0.7
2.361, 0.012209403, 0.001266431, 2.361, -26.3304638, -23.16141, -23.16141, -9.81, 0.1, -9.81, 0.7
2.362, 0.012214313, 0.001266941, 2.362, -26.35362521, -23.17122, -23.17122, -9.81, 0.1, -9.81, 0.7
2.363, 0.012219273, 0.001267461, 2.363, -26.37679643, -23.18103, -23.18103, -9.81, 0.1, -9.81, 0.7
2.364, 0.012224223, 0.00126797, 2.364, -26.39997746, -23.19084, -23.19084, -9.81, 0.1, -9.81, 0.7
2.365, 0.012229094, 0.00126847, 2.365, -26.4231683, -23.20065, -23.20065, -9.81, 0.1, -9.81, 0.7
2.366, 0.012234033, 0.00126898, 2.366, -26.44636895, -23.21046, -23.21046, -9.81, 0.1, -9.81, 0.7
2.367, 0.012239024, 0.00126951, 2.367, -26.46957941, -23.22027, -23.22027, -9.81, 0.1, -9.81, 0.7
2.368, 0.012243984, 0.001270019, 2.368, -26.49279968, -23.23008, -23.23008, -9.81, 0.1, -9.81, 0.7
2.369, 0.012249015, 0.001270529, 2.369, -26.51602976, -23.23989, -23.23989, -9.81, 0.1, -9.81, 0.7
2.37, 0.012254095, 0.001271039, 2.37, -26.53926965, -23.2497, -23.2497, -9.81, 0.1, -9.81, 0.7
2.371, 0.012259095, 0.001271549, 2.371, -26.56251935, -23.25951, -23.25951, -9.81, 0.1, -9.81, 0.7
2.372, 0.012264196, 0.001272069, 2.372, -26.58577886, -23.26932, -23.26932, -9.81, 0.1, -9.81, 0.7
2.373, 0.012269305, 0.00127259, 2.373, -26.60904818, -23.27913, -23.27913, -9.81, 0.1, -9.81, 0.7
2.374, 0.012274295, 0.0012731, 2.374, -26.63232731, -23.28894, -23.28894, -9.81, 0.1, -9.81, 0.7
2.375, 0.012279295, 0.00127361, 2.375, -26.65561625, -23.29875, -23.29875, -9.81, 0.1, -9.81, 0.7
2.376, 0.012284345, 0.0012741, 2.376, -26.678915, -23.30856, -23.30856, -9.81, 0.1, -9.81, 0.7
2.377, 0.012289435, 0.00127461, 2.377, -26.70222356, -23.31837, -23.31837, -9.81, 0.1, -9.81, 0.7
2.378, 0.012294465, 0.00127512, 2.378, -26.72554193, -23.32818, -23.32818, -9.81, 0.1, -9.81, 0.7
2.379, 0.012299615, 0.00127563, 2.379, -26.74887011, -23.33799, -23.33799, -9.81, 0.1, -9.81, 0.7
2.38, 0.012307016, 0.001276129, 2.38, -26.7722081, -23.3478, -23.3478, -9.81, 0.1, -9.81, 0.7
2.381, 0.012312045, 0.00127663, 2.381, -26.7955559, -23.35761, -23.35761, -9.81, 0.1, -9.81, 0.7
2.382, 0.012317055, 0.001277139, 2.382, -26.81891351, -23.36742, -23.36742, -9.81, 0.1, -9.81, 0.7
2.383, 0.012322135, 0.001277639, 2.383, -26.84228093, -23.37723, -23.37723, -9.81, 0.1, -9.81, 0.7
2.384, 0.012327045, 0.00127814, 2.384, -26.86565816, -23.38704, -23.38704, -9.81, 0.1, -9.81, 0.7
2.385, 0.012331996, 0.001278639, 2.385, -26.8890452, -23.39685, -23.39685, -9.81, 0.1, -9.81, 0.7
2.386, 0.012336996, 0.001279157, 2.386, -26.91244205, -23.40666, -23.40666, -9.81, 0.1, -9.81, 0.7
2.387, 0.012341966, 0.001279647, 2.387, -26.93584871, -23.41647, -23.41647, -9.81, 0.1, -9.81, 0.7
2.388, 0.012346946, 0.001280158, 2.388, -26.95926518, -23.42628, -23.42628, -9.81, 0.1, -9.81, 0.7
2.389, 0.012351906, 0.001280678, 2.389, -26.98269146, -23.43609, -23.43609, -9.81, 0.1, -9.81, 0.7
2.39, 0.012356906, 0.001281198, 2.39, -27.00612755, -23.4459, -23.4459, -9.81, 0.1, -9.81, 0.7
2.391, 0.012370046, 0.001281758, 2.391, -27.02957345, -23.45571, -23.45571, -9.81, 0.1, -9.81, 0.7
2.392, 0.012376456, 0.001282359, 2.392, -27.05302916, -23.46552, -23.46552, -9.81, 0.1, -9.81, 0.7
2.393, 0.012381496, 0.001282868, 2.393, -27.07649468, -23.47533, -23.47533, -9.81, 0.1, -9.81, 0.7
2.394, 0.012386466, 0.001283418, 2.394, -27.09997001, -23.48514, -23.48514, -9.81, 0.1, -9.81, 0.7
2.395, 0.012391486, 0.001283938, 2.395, -27.12345515, -23.49495, -23.49495, -9.81, 0.1, -9.81, 0.7
2.396, 0.012396425, 0.001284457, 2.396, -27.1469501, -23.50476, -23.50476, -9.81, 0.1, -9.81, 0.7
2.397, 0.012401345, 0.001284966, 2.397, -27.17045486, -23.51457, -23.51457, -9.81, 0.1, -9.81, 0.7
2.398, 0.012406305, 0.001285466, 2.398, -27.19396943, -23.52438, -23.52438, -9.81, 0.1, -9.81, 0.7
2.399, 0.012411205, 0.001285975, 2.399, -27.21749381, -23.53419, -23.53419, -9.81, 0.1, -9.81, 0.7
2.4, 0.012416135, 0.001286475, 2.4, -27.241028, -23.544, -23.544, -9.81, 0.1, -9.81, 0.7
2.401, 0.012421095, 0.001286976, 2.401, -27.264572, -23.55381, -23.55381, -9.81, 0.1, -9.81, 0.7
2.402, 0.012426055, 0.001287476, 2.402, -27.28812581, -23.56362, -23.56362, -9.81, 0.1, -9.81, 0.7
2.403, 0.012431065, 0.001288006, 2.403, -27.31168943, -23.57343, -23.57343, -9.81, 0.1, -9.81, 0.7
2.404, 0.012435934, 0.001288506, 2.404, -27.33526286, -23.58324, -23.58324, -9.81, 0.1, -9.81, 0.7
2.405, 0.012440894, 0.001289026, 2.405, -27.3588461, -23.59305, -23.59305, -9.81, 0.1, -9.81, 0.7
2.406, 0.012445864, 0.001289546, 2.406, -27.38243915, -23.60286, -23.60286, -9.81, 0.1, -9.81, 0.7
2.407, 0.012450764, 0.001290056, 2.407, -27.40604201, -23.61267, -23.61267, -9.81, 0.1, -9.81, 0.7
2.408, 0.012455745, 0.001290567, 2.408, -27.42965468, -23.62248, -23.62248, -9.81, 0.1, -9.81, 0.7
2.409, 0.012460765, 0.001291078, 2.409, -27.45327716, -23.63229, -23.63229, -9.81, 0.1, -9.81, 0.7
2.41, 0.012465634, 0.00129158, 2.41, -27.47690945, -23.6421, -23.6421, -9.81, 0.1, -9.81, 0.7
2.411, 0.012470735, 0.001292101, 2.411, -27.50055155, -23.65191, -23.65191, -9.81, 0.1, -9.81, 0.7
2.412, 0.012475695, 0.001292632, 2.412, -27.52420346, -23.66172, -23.66172, -9.81, 0.1, -9.81, 0.7
2.413, 0.012480645, 0.00129313, 2.413, -27.54786518, -23.67153, -23.67153, -9.81, 0.1, -9.81, 0.7
2.414, 0.012485666, 0.00129365, 2.414, -27.57153671, -23.68134, -23.68134, -9.81, 0.1, -9.81, 0.7
2.415, 0.012490677, 0.001294172, 2.415, -27.59521805, -23.69115, -23.69115, -9.81, 0.1, -9.81, 0.7
2.416, 0.012495677, 0.001294684, 2.416, -27.6189092, -23.70096, -23.70096, -9.81, 0.1, -9.81, 0.7
2.417, 0.012500658, 0.001295184, 2.417, -27.64261016, -23.71077, -23.71077, -9.81, 0.1, -9.81, 0.7
2.418, 0.012505638, 0.001295694, 2.418, -27.66632093, -23.72058, -23.72058, -9.81, 0.1, -9.81, 0.7
2.419, 0.012510528, 0.001296214, 2.419, -27.69004151, -23.73039, -23.73039, -9.81, 0.1, -9.81, 0.7
2.42, 0.012515538, 0.001296714, 2.42, -27.7137719, -23.7402, -23.7402, -9.81, 0.1, -9.81, 0.7
2.421, 0.012520558, 0.001297244, 2.421, -27.7375121, -23.75001, -23.75001, -9.81, 0.1, -9.81, 0.7
2.422, 0.012528088, 0.001297734, 2.422, -27.76126211, -23.75982, -23.75982, -9.81, 0.1, -9.81, 0.7
2.423, 0.012533039, 0.001298254, 2.423, -27.78502193, -23.76963, -23.76963, -9.81, 0.1, -9.81, 0.7
2.424, 0.012538179, 0.001298753, 2.424, -27.80879156, -23.77944, -23.77944, -9.81, 0.1, -9.81, 0.7
2.425, 0.012543299, 0.001299265, 2.425, -27.832571, -23.78925, -23.78925, -9.81, 0.1, -9.81, 0.7
2.426, 0.012548219, 0.001299795, 2.426, -27.85636025, -23.79906, -23.79906, -9.81, 0.1, -9.81, 0.7
2.427, 0.012553149, 0.001300316, 2.427, -27.88015931, -23.80887, -23.80887, -9.81, 0.1, -9.81, 0.7
2.428, 0.012558229, 0.001300817, 2.428, -27.90396818, -23.81868, -23.81868, -9.81, 0.1, -9.81, 0.7
2.429, 0.01256322, 0.001301334, 2.429, -27.92778686, -23.82849, -23.82849, -9.81, 0.1, -9.81, 0.7
2.43, 0.01256821, 0.001301854, 2.43, -27.95161535, -23.8383, -23.8383, -9.81, 0.1, -9.81, 0.7
2.431, 0.012573271, 0.001302385, 2.431, -27.97545365, -23.84811, -23.84811, -9.81, 0.1, -9.81, 0.7
2.432, 0.012578371, 0.001303115, 2.432, -27.99930176, -23.85792, -23.85792, -9.81, 0.1, -9.81, 0.7
2.433, 0.012583361, 0.001303625, 2.433, -28.02315968, -23.86773, -23.86773, -9.81, 0.1, -9.81, 0.7
2.434, 0.012588421, 0.001304125, 2.434, -28.04702741, -23.87754, -23.87754, -9.81, 0.1, -9.81, 0.7
2.435, 0.012593351, 0.001304635, 2.435, -28.07090495, -23.88735, -23.88735, -9.81, 0.1, -9.81, 0.7
2.436, 0.012598371, 0.001305125, 2.436, -28.0947923, -23.89716, -23.89716, -9.81, 0.1, -9.81, 0.7
2.437, 0.012603411, 0.001305635, 2.437, -28.11868946, -23.90697, -23.90697, -9.81, 0.1, -9.81, 0.7
2.438, 0.012608441, 0.001306144, 2.438, -28.14259643, -23.91678, -23.91678, -9.81, 0.1, -9.81, 0.7
2.439, 0.012613411, 0.001306663, 2.439, -28.16651321, -23.92659, -23.92659, -9.81, 0.1, -9.81, 0.7
2.44, 0.012618482, 0.001307173, 2.44, -28.1904398, -23.9364, -23.9364, -9.81, 0.1, -9.81, 0.7
2.441, 0.012623533, 0.001307683, 2.441, -28.2143762, -23.94621, -23.94621, -9.81, 0.1, -9.81, 0.7
2.442, 0.012628533, 0.001308193, 2.442, -28.23832241, -23.95602, -23.95602, -9.81, 0.1, -9.81, 0.7
2.443, 0.012633514, 0.001308714, 2.443, -28.26227843, -23.96583, -23.96583, -9.81, 0.1, -9.81, 0.7
2.444, 0.012638394, 0.001309215, 2.444, -28.28624426, -23.97564, -23.97564, -9.81, 0.1, -9.81, 0.7
2.445, 0.012643383, 0.001309735, 2.445, -28.3102199, -23.98545, -23.98545, -9.81, 0.1, -9.81, 0.7
2.446, 0.012648352, 0.001310246, 2.446, -28.33420535, -23.99526, -23.99526, -9.81, 0.1, -9.81, 0.7
2.447, 0.012653343, 0.001310767, 2.447, -28.35820061, -24.00507, -24.00507, -9.81, 0.1, -9.81, 0.7
2.448, 0.012658362, 0.001311276, 2.448, -28.38220568, -24.01488, -24.01488, -9.81, 0.1, -9.81, 0.7
2.449, 0.012663292, 0.001311796, 2.449, -28.40622056, -24.02469, -24.02469, -9.81, 0.1, -9.81, 0.7
2.45, 0.012668182, 0.001312306, 2.45, -28.43024525, -24.0345, -24.0345, -9.81, 0.1, -9.81, 0.7
2.451, 0.012673322, 0.001312836, 2.451, -28.45427975, -24.04431, -24.04431, -9.81, 0.1, -9.81, 0.7
2.452, 0.012678222, 0.001313346, 2.452, -28.47832406, -24.05412, -24.05412, -9.81, 0.1, -9.81, 0.7
2.453, 0.012683202, 0.001313847, 2.453, -28.50237818, -24.06393, -24.06393, -9.81, 0.1, -9.81, 0.7
2.454, 0.012688132, 0.001314379, 2.454, -28.52644211, -24.07374, -24.07374, -9.81, 0.1, -9.81, 0.7
2.455, 0.012693062, 0.001314908, 2.455, -28.55051585, -24.08355, -24.08355, -9.81, 0.1, -9.81, 0.7
2.456, 0.012698003, 0.001315418, 2.456, -28.5745994, -24.09336, -24.09336, -9.81, 0.1, -9.81, 0.7
2.457, 0.012703072, 0.001315938, 2.457, -28.59869276, -24.10317, -24.10317, -9.81, 0.1, -9.81, 0.7
2.458, 0.012708112, 0.001316437, 2.458, -28.62279593, -24.11298, -24.11298, -9.81, 0.1, -9.81, 0.7
2.459, 0.012713182, 0.001316928, 2.459, -28.64690891, -24.12279, -24.12279, -9.81, 0.1, -9.81, 0.7
2.46, 0.012718173, 0.001317446, 2.46, -28.6710317, -24.1326, -24.1326, -9.81, 0.1, -9.81, 0.7
2.461, 0.012723143, 0.001317966, 2.461, -28.6951643, -24.14241, -24.14241, -9.81, 0.1, -9.81, 0.7
2.462, 0.012728133, 0.001318466, 2.462, -28.71930671, -24.15222, -24.15222, -9.81, 0.1, -9.81, 0.7
2.463, 0.012733073, 0.001318966, 2.463, -28.74345893, -24.16203, -24.16203, -9.81, 0.1, -9.81, 0.7
2.464, 0.012740413, 0.001319486, 2.464, -28.76762096, -24.17184, -24.17184, -9.81, 0.1, -9.81, 0.7
2.465, 0.012745413, 0.001320006, 2.465, -28.7917928, -24.18165, -24.18165, -9.81, 0.1, -9.81, 0.7
2.466, 0.012750573, 0.001320526, 2.466, -28.81597445, -24.19146, -24.19146, -9.81, 0.1, -9.81, 0.7
2.467, 0.012755503, 0.001321036, 2.467, -28.84016591, -24.20127, -24.20127, -9.81, 0.1, -9.81, 0.7
2.468, 0.012760434, 0.001321536, 2.468, -28.86436718, -24.21108, -24.21108, -9.81, 0.1, -9.81, 0.7
2.469, 0.012765374, 0.001322043, 2.469, -28.88857826, -24.22089, -24.22089, -9.81, 0.1, -9.81, 0.7
2.47, 0.012770394, 0.001322553, 2.47, -28.91279915, -24.2307, -24.2307, -9.81, 0.1, -9.81, 0.7
2.471, 0.012775304, 0.001323052, 2.471, -28.93702985, -24.24051, -24.24051, -9.81, 0.1, -9.81, 0.7
2.472, 0.012780285, 0.001323533, 2.472, -28.96127036, -24.25032, -24.25032, -9.81, 0.1, -9.81, 0.7
2.473, 0.012785325, 0.001324023, 2.473, -28.98552068, -24.26013, -24.26013, -9.81, 0.1, -9.81, 0.7
2.474, 0.012790316, 0.001324532, 2.474, -29.00978081, -24.26994, -24.26994, -9.81, 0.1, -9.81, 0.7
2.475, 0.012795256, 0.001325035, 2.475, -29.03405075, -24.27975, -24.27975, -9.81, 0.1, -9.81, 0.7
2.476, 0.012800256, 0.001325535, 2.476, -29.0583305, -24.28956, -24.28956, -9.81, 0.1, -9.81, 0.7
2.477, 0.012805226, 0.001326036, 2.477, -29.08262006, -24.29937, -24.29937, -9.81, 0.1, -9.81, 0.7
2.478, 0.012810216, 0.001326546, 2.478, -29.10691943, -24.30918, -24.30918, -9.81, 0.1, -9.81, 0.7
2.479, 0.012815286, 0.001327076, 2.479, -29.13122861, -24.31899, -24.31899, -9.81, 0.1, -9.81, 0.7
2.48, 0.012820346, 0.001327576, 2.48, -29.1555476, -24.3288, -24.3288, -9.81, 0.1, -9.81, 0.7
2.481, 0.012825376, 0.001328096, 2.481, -29.1798764, -24.33861, -24.33861, -9.81, 0.1, -9.81, 0.7
2.482, 0.012830296, 0.001328606, 2.482, -29.20421501, -24.34842, -24.34842, -9.81, 0.1, -9.81, 0.7
2.483, 0.012835186, 0.001329117, 2.483, -29.22856343, -24.35823, -24.35823, -9.81, 0.1, -9.81, 0.7
2.484, 0.012840136, 0.001329636, 2.484, -29.25292166, -24.36804, -24.36804, -9.81, 0.1, -9.81, 0.7
2.485, 0.012845185, 0.001330137, 2.485, -29.2772897, -24.37785, -24.37785, -9.81, 0.1, -9.81, 0.7
2.486, 0.012850155, 0.001330657, 2.486, -29.30166755, -24.38766, -24.38766, -9.81, 0.1, -9.81, 0.7
2.487, 0.012855125, 0.001331167, 2.487, -29.32605521, -24.39747, -24.39747, -9.81, 0.1, -9.81, 0.7
2.488, 0.012860154, 0.001331667, 2.488, -29.35045268, -24.40728, -24.40728, -9.81, 0.1, -9.81, 0.7
2.489, 0.012865075, 0.001332166, 2.489, -29.37485996, -24.41709, -24.41709, -9.81, 0.1, -9.81, 0.7
2.49, 0.012870054, 0.001332676, 2.49, -29.39927705, -24.4269, -24.4269, -9.81, 0.1, -9.81, 0.7
2.491, 0.012875124, 0.001333167, 2.491, -29.42370395, -24.43671, -24.43671, -9.81, 0.1, -9.81, 0.7
2.492, 0.012880084, 0.001333677, 2.492, -29.44814066, -24.44652, -24.44652, -9.81, 0.1, -9.81, 0.7
2.493, 0.012885043, 0.001334187, 2.493, -29.47258718, -24.45633, -24.45633, -9.81, 0.1, -9.81, 0.7
2.494, 0.012890033, 0.001334687, 2.494, -29.49704351, -24.46614, -24.46614, -9.81, 0.1, -9.81, 0.7
2.495, 0.012894903, 0.001335207, 2.495, -29.52150965, -24.47595, -24.47595, -9.81, 0.1, -9.81, 0.7
2.496, 0.012900043, 0.001335717, 2.496, -29.5459856, -24.48576, -24.48576, -9.81, 0.1, -9.81, 0.7
2.497, 0.012905043, 0.001336227, 2.497, -29.57047136, -24.49557, -24.49557, -9.81, 0.1, -9.81, 0.7
2.498, 0.012909993, 0.001336727, 2.498, -29.59496693, -24.50538, -24.50538, -9.81, 0.1, -9.81, 0.7
2.499, 0.012914953, 0.001337227, 2.499, -29.61947231, -24.51519, -24.51519, -9.81, 0.1, -9.81, 0.7
2.5, 0.012919993, 0.001337745, 2.5, -29.6439875, -24.525, -24.525, -9.81, 0.1, -9.81, 0.7
2.501, 0.012925064, 0.001338246, 2.501, -29.6685125, -24.53481, -24.53481, -9.81, 0.1, -9.81, 0.7
2.502, 0.012930024, 0.001338766, 2.502, -29.69304731, -24.54462, -24.54462, -9.81, 0.1, -9.81, 0.7
2.503, 0.012935005, 0.001339277, 2.503, -29.71759193, -24.55443, -24.55443, -9.81, 0.1, -9.81, 0.7
2.504, 0.012939876, 0.001339806, 2.504, -29.74214636, -24.56424, -24.56424, -9.81, 0.1, -9.81, 0.7
2.505, 0.012947076, 0.001340305, 2.505, -29.7667106, -24.57405, -24.57405, -9.81, 0.1, -9.81, 0.7
2.506, 0.012952246, 0.001340837, 2.506, -29.79128465, -24.58386, -24.58386, -9.81, 0.1, -9.81, 0.7
2.507, 0.012957216, 0.001341357, 2.507, -29.81586851, -24.59367, -24.59367, -9.81, 0.1, -9.81, 0.7
2.508, 0.012962166, 0.001341847, 2.508, -29.84046218, -24.60348, -24.60348, -9.81, 0.1, -9.81, 0.7
2.509, 0.012967216, 0.001342357, 2.509, -29.86506566, -24.61329, -24.61329, -9.81, 0.1, -9.81, 0.7
2.51, 0.012972226, 0.001342867, 2.51, -29.88967895, -24.6231, -24.6231, -9.81, 0.1, -9.81, 0.7
2.511, 0.012977296, 0.001343377, 2.511, -29.91430205, -24.63291, -24.63291, -9.81, 0.1, -9.81, 0.7
2.512, 0.012982266, 0.001343867, 2.512, -29.93893496, -24.64272, -24.64272, -9.81, 0.1, -9.81, 0.7
2.513, 0.012987176, 0.001344377, 2.513, -29.96357768, -24.65253, -24.65253, -9.81, 0.1, -9.81, 0.7
2.514, 0.012992115, 0.001344877, 2.514, -29.98823021, -24.66234, -24.66234, -9.81, 0.1, -9.81, 0.7
2.515, 0.012997105, 0.001345385, 2.515, -30.01289255, -24.67215, -24.67215, -9.81, 0.1, -9.81, 0.7
2.516, 0.013002066, 0.001345885, 2.516, -30.0375647, -24.68196, -24.68196, -9.81, 0.1, -9.81, 0.7
2.517, 0.013007005, 0.001346374, 2.517, -30.06224666, -24.69177, -24.69177, -9.81, 0.1, -9.81, 0.7
2.518, 0.013012035, 0.001346887, 2.518, -30.08693843, -24.70158, -24.70158, -9.81, 0.1, -9.81, 0.7
2.519, 0.013017066, 0.001347406, 2.519, -30.11164001, -24.71139, -24.71139, -9.81, 0.1, -9.81, 0.7
2.52, 0.013022116, 0.001347936, 2.52, -30.1363514, -24.7212, -24.7212, -9.81, 0.1, -9.81, 0.7
2.521, 0.013027246, 0.001348455, 2.521, -30.1610726, -24.73101, -24.73101, -9.81, 0.1, -9.81, 0.7
2.522, 0.013032276, 0.001348975, 2.522, -30.18580361, -24.74082, -24.74082, -9.81, 0.1, -9.81, 0.7
2.523, 0.013037426, 0.001349475, 2.523, -30.21054443, -24.75063, -24.75063, -9.81, 0.1, -9.81, 0.7
2.524, 0.013042346, 0.001350005, 2.524, -30.23529506, -24.76044, -24.76044, -9.81, 0.1, -9.81, 0.7
2.525, 0.013047256, 0.001350505, 2.525, -30.2600555, -24.77025, -24.77025, -9.81, 0.1, -9.81, 0.7
2.526, 0.013052096, 0.001351005, 2.526, -30.28482575, -24.78006, -24.78006, -9.81, 0.1, -9.81, 0.7
2.527, 0.013057016, 0.001351495, 2.527, -30.30960581, -24.78987, -24.78987, -9.81, 0.1, -9.81, 0.7
2.528, 0.013061906, 0.001352005, 2.528, -30.33439568, -24.79968, -24.79968, -9.81, 0.1, -9.81, 0.7
2.529, 0.013066815, 0.001352537, 2.529, -30.35919536, -24.80949, -24.80949, -9.81, 0.1, -9.81, 0.7
2.53, 0.013071705, 0.001353047, 2.53, -30.38400485, -24.8193, -24.8193, -9.81, 0.1, -9.81, 0.7
2.531, 0.013076606, 0.001353556, 2.531, -30.40882415, -24.82911, -24.82911, -9.81, 0.1, -9.81, 0.7
2.532, 0.013081496, 0.001354056, 2.532, -30.43365326, -24.83892, -24.83892, -9.81, 0.1, -9.81, 0.7
2.533, 0.013086336, 0.001354566, 2.533, -30.45849218, -24.84873, -24.84873, -9.81, 0.1, -9.81, 0.7
2.534, 0.013091197, 0.001355096, 2.534, -30.48334091, -24.85854, -24.85854, -9.81, 0.1, -9.81, 0.7
2.535, 0.013096177, 0.001355615, 2.535, -30.50819945, -24.86835, -24.86835, -9.81, 0.1, -9.81, 0.7
2.536, 0.013101107, 0.001356114, 2.536, -30.5330678, -24.87816, -24.87816, -9.81, 0.1, -9.81, 0.7
2.537, 0.013105967, 0.001356623, 2.537, -30.55794596, -24.88797, -24.88797, -9.81, 0.1, -9.81, 0.7
2.538, 0.013110917, 0.001357143, 2.538, -30.58283393, -24.89778, -24.89778, -9.81, 0.1, -9.81, 0.7
2.539, 0.013115807, 0.001357653, 2.539, -30.60773171, -24.90759, -24.90759, -9.81, 0.1, -9.81, 0.7
2.54, 0.013120737, 0.001358173, 2.54, -30.6326393, -24.9174, -24.9174, -9.81, 0.1, -9.81, 0.7
2.541, 0.013125787, 0.001358683, 2.541, -30.6575567, -24.92721, -24.92721, -9.81, 0.1, -9.81, 0.7
2.542, 0.013130657, 0.001359193, 2.542, -30.68248391, -24.93702, -24.93702, -9.81, 0.1, -9.81, 0.7
2.543, 0.013135667, 0.001359713, 2.543, -30.70742093, -24.94683, -24.94683, -9.81, 0.1, -9.81, 0.7
2.544, 0.013140587, 0.001360222, 2.544, -30.73236776, -24.95664, -24.95664, -9.81, 0.1, -9.81, 0.7
2.545, 0.013145507, 0.001360741, 2.545, -30.7573244, -24.96645, -24.96645, -9.81, 0.1, -9.81, 0.7
2.546, 0.013150467, 0.001361263, 2.546, -30.78229085, -24.97626, -24.97626, -9.81, 0.1, -9.81, 0.7
2.547, 0.013158107, 0.001361763, 2.547, -30.80726711, -24.98607, -24.98607, -9.81, 0.1, -9.81, 0.7
2.548, 0.013163316, 0.001362272, 2.548, -30.83225318, -24.99588, -24.99588, -9.81, 0.1, -9.81, 0.7
2.549, 0.013168206, 0.001362782, 2.549, -30.85724906, -25.00569, -25.00569, -9.81, 0.1, -9.81, 0.7
2.55, 0.013173216, 0.001363302, 2.55, -30.88225475, -25.0155, -25.0155, -9.81, 0.1, -9.81, 0.7
2.551, 0.013178326, 0.001363813, 2.551, -30.90727025, -25.02531, -25.02531, -9.81, 0.1, -9.81, 0.7
2.552, 0.013183227, 0.001364344, 2.552, -30.93229556, -25.03512, -25.03512, -9.81, 0.1, -9.81, 0.7
2.553, 0.013188227, 0.001364854, 2.553, -30.95733068, -25.04493, -25.04493, -9.81, 0.1, -9.81, 0.7
2.554, 0.013193237, 0.001365364, 2.554, -30.98237561, -25.05474, -25.05474, -9.81, 0.1, -9.81, 0.7
2.555, 0.013198107, 0.001365894, 2.555, -31.00743035, -25.06455, -25.06455, -9.81, 0.1, -9.81, 0.7
2.556, 0.013203047, 0.001366394, 2.556, -31.0324949, -25.07436, -25.07436, -9.81, 0.1, -9.81, 0.7
2.557, 0.013207967, 0.001366904, 2.557, -31.05756926, -25.08417, -25.08417, -9.81, 0.1, -9.81, 0.7
2.558, 0.013212867, 0.001367424, 2.558, -31.08265343, -25.09398, -25.09398, -9.81, 0.1, -9.81, 0.7
2.559, 0.013217787, 0.001367926, 2.559, -31.10774741, -25.10379, -25.10379, -9.81, 0.1, -9.81, 0.7
2.56, 0.013222777, 0.001368435, 2.56, -31.1328512, -25.1136, -25.1136, -9.81, 0.1, -9.81, 0.7
2.561, 0.013227728, 0.001368946, 2.561, -31.1579648, -25.12341, -25.12341, -9.81, 0.1, -9.81, 0.7
2.562, 0.013232749, 0.001369454, 2.562, -31.18308821, -25.13322, -25.13322, -9.81, 0.1, -9.81, 0.7
2.563, 0.013237739, 0.001369945, 2.563, -31.20822143, -25.14303, -25.14303, -9.81, 0.1, -9.81, 0.7
2.564, 0.013242689, 0.001370444, 2.564, -31.23336446, -25.15284, -25.15284, -9.81, 0.1, -9.81, 0.7
2.565, 0.01324761, 0.001370953, 2.565, -31.2585173, -25.16265, -25.16265, -9.81, 0.1, -9.81, 0.7
2.566, 0.013252549, 0.001371462, 2.566, -31.28367995, -25.17246, -25.17246, -9.81, 0.1, -9.81, 0.7
2.567, 0.01325757, 0.001371992, 2.567, -31.30885241, -25.18227, -25.18227, -9.81, 0.1, -9.81, 0.7
2.568, 0.0132626, 0.001372512, 2.568, -31.33403468, -25.19208, -25.19208, -9.81, 0.1, -9.81, 0.7
2.569, 0.01326752, 0.001373022, 2.569, -31.35922676, -25.20189, -25.20189, -9.81, 0.1, -9.81, 0.7
2.57, 0.01327253, 0.001373532, 2.57, -31.38442865, -25.2117, -25.2117, -9.81, 0.1, -9.81, 0.7
2.571, 0.01327757, 0.001374042, 2.571, -31.40964035, -25.22151, -25.22151, -9.81, 0.1, -9.81, 0.7
2.572, 0.01328277, 0.001374652, 2.572, -31.43486186, -25.23132, -25.23132, -9.81, 0.1, -9.81, 0.7
2.573, 0.01328789, 0.001375262, 2.573, -31.46009318, -25.24113, -25.24113, -9.81, 0.1, -9.81, 0.7
2.574, 0.01329284, 0.001375752, 2.574, -31.48533431, -25.25094, -25.25094, -9.81, 0.1, -9.81, 0.7
2.575, 0.013297741, 0.001376263, 2.575, -31.51058525, -25.26075, -25.26075, -9.81, 0.1, -9.81, 0.7
2.576, 0.013302721, 0.001376771, 2.576, -31.535846, -25.27056, -25.27056, -9.81, 0.1, -9.81, 0.7
2.577, 0.013307672, 0.001377272, 2.577, -31.56111656, -25.28037, -25.28037, -9.81, 0.1, -9.81, 0.7
2.578, 0.013312533, 0.001377792, 2.578, -31.58639693, -25.29018, -25.29018, -9.81, 0.1, -9.81, 0.7
2.579, 0.013317522, 0.001378312, 2.579, -31.61168711, -25.29999, -25.29999, -9.81, 0.1, -9.81, 0.7
2.58, 0.013322513, 0.001378823, 2.58, -31.6369871, -25.3098, -25.3098, -9.81, 0.1, -9.81, 0.7
2.581, 0.013327483, 0.001379332, 2.581, -31.6622969, -25.31961, -25.31961, -9.81, 0.1, -9.81, 0.7
2.582, 0.013332473, 0.001379842, 2.582, -31.68761651, -25.32942, -25.32942, -9.81, 0.1, -9.81, 0.7
2.583, 0.013337443, 0.001380341, 2.583, -31.71294593, -25.33923, -25.33923, -9.81, 0.1, -9.81, 0.7
2.584, 0.013342333, 0.001380851, 2.584, -31.73828516, -25.34904, -25.34904, -9.81, 0.1, -9.81, 0.7
2.585, 0.013347273, 0.001381371, 2.585, -31.7636342, -25.35885, -25.35885, -9.81, 0.1, -9.81, 0.7
2.586, 0.013352263, 0.001381871, 2.586, -31.78899305, -25.36866, -25.36866, -9.81, 0.1, -9.81, 0.7
2.587, 0.013357173, 0.001382371, 2.587, -31.81436171, -25.37847, -25.37847, -9.81, 0.1, -9.81, 0.7
2.588, 0.013362163, 0.001382881, 2.588, -31.83974018, -25.38828, -25.38828, -9.81, 0.1, -9.81, 0.7
2.589, 0.013369613, 0.001383392, 2.589, -31.86512846, -25.39809, -25.39809, -9.81, 0.1, -9.81, 0.7
2.59, 0.013374793, 0.001383901, 2.59, -31.89052655, -25.4079, -25.4079, -9.81, 0.1, -9.81, 0.7
2.591, 0.013379913, 0.001384412, 2.591, -31.91593445, -25.41771, -25.41771, -9.81, 0.1, -9.81, 0.7
2.592, 0.013384894, 0.001384921, 2.592, -31.94135216, -25.42752, -25.42752, -9.81, 0.1, -9.81, 0.7
2.593, 0.013389854, 0.001385433, 2.593, -31.96677968, -25.43733, -25.43733, -9.81, 0.1, -9.81, 0.7
2.594, 0.013394804, 0.001385952, 2.594, -31.99221701, -25.44714, -25.44714, -9.81, 0.1, -9.81, 0.7
2.595, 0.013399854, 0.001386462, 2.595, -32.01766415, -25.45695, -25.45695, -9.81, 0.1, -9.81, 0.7
2.596, 0.013404924, 0.001386972, 2.596, -32.0431211, -25.46676, -25.46676, -9.81, 0.1, -9.81, 0.7
2.597, 0.013409835, 0.001387492, 2.597, -32.06858786, -25.47657, -25.47657, -9.81, 0.1, -9.81, 0.7
2.598, 0.013414905, 0.001387993, 2.598, -32.09406443, -25.48638, -25.48638, -9.81, 0.1, -9.81, 0.7
2.599, 0.013419885, 0.001388503, 2.599, -32.11955081, -25.49619, -25.49619, -9.81, 0.1, -9.81, 0.7
2.6, 0.013424865, 0.001389033, 2.6, -32.145047, -25.506, -25.506, -9.81, 0.1, -9.81, 0.7
2.601, 0.013430015, 0.001389553, 2.601, -32.170553, -25.51581, -25.51581, -9.81, 0.1, -9.81, 0.7
2.602, 0.013434975, 0.001390043, 2.602, -32.19606881, -25.52562, -25.52562, -9.81, 0.1, -9.81, 0.7
2.603, 0.013440005, 0.001390563, 2.603, -32.22159443, -25.53543, -25.53543, -9.81, 0.1, -9.81, 0.7
2.604, 0.013444995, 0.001391062, 2.604, -32.24712986, -25.54524, -25.54524, -9.81, 0.1, -9.81, 0.7
2.605, 0.013449986, 0.001391592, 2.605, -32.2726751, -25.55505, -25.55505, -9.81, 0.1, -9.81, 0.7
2.606, 0.013454986, 0.001392093, 2.606, -32.29823015, -25.56486, -25.56486, -9.81, 0.1, -9.81, 0.7
2.607, 0.013460026, 0.001392602, 2.607, -32.32379501, -25.57467, -25.57467, -9.81, 0.1, -9.81, 0.7
2.608, 0.013465036, 0.001393103, 2.608, -32.34936968, -25.58448, -25.58448, -9.81, 0.1, -9.81, 0.7
2.609, 0.013469977, 0.001393601, 2.609, -32.37495416, -25.59429, -25.59429, -9.81, 0.1, -9.81, 0.7
2.61, 0.013474867, 0.0013941, 2.61, -32.40054845, -25.6041, -25.6041, -9.81, 0.1, -9.81, 0.7
2.611, 0.013479997, 0.001394608, 2.611, -32.42615255, -25.61391, -25.61391, -9.81, 0.1, -9.81, 0.7
2.612, 0.013485087, 0.001395107, 2.612, -32.45176646, -25.62372, -25.62372, -9.81, 0.1, -9.81, 0.7
2.613, 0.013489997, 0.001395608, 2.613, -32.47739018, -25.63353, -25.63353, -9.81, 0.1, -9.81, 0.7
2.614, 0.013494967, 0.001396118, 2.614, -32.50302371, -25.64334, -25.64334, -9.81, 0.1, -9.81, 0.7
2.615, 0.013499987, 0.001396648, 2.615, -32.52866705, -25.65315, -25.65315, -9.81, 0.1, -9.81, 0.7
2.616, 0.013504847, 0.001397158, 2.616, -32.5543202, -25.66296, -25.66296, -9.81, 0.1, -9.81, 0.7
2.617, 0.013509957, 0.001397828, 2.617, -32.57998316, -25.67277, -25.67277, -9.81, 0.1, -9.81, 0.7
2.618, 0.013515097, 0.001398478, 2.618, -32.60565593, -25.68258, -25.68258, -9.81, 0.1, -9.81, 0.7
2.619, 0.013520087, 0.001398988, 2.619, -32.63133851, -25.69239, -25.69239, -9.81, 0.1, -9.81, 0.7
2.62, 0.013525077, 0.001399498, 2.62, -32.6570309, -25.7022, -25.7022, -9.81, 0.1, -9.81, 0.7
2.621, 0.013530108, 0.001400028, 2.621, -32.6827331, -25.71201, -25.71201, -9.81, 0.1, -9.81, 0.7
2.622, 0.013535058, 0.001400537, 2.622, -32.70844511, -25.72182, -25.72182, -9.81, 0.1, -9.81, 0.7
2.623, 0.013540077, 0.001401057, 2.623, -32.73416693, -25.73163, -25.73163, -9.81, 0.1, -9.81, 0.7
2.624, 0.013544938, 0.001401568, 2.624, -32.75989856, -25.74144, -25.74144, -9.81, 0.1, -9.81, 0.7
2.625, 0.013549838, 0.001402088, 2.625, -32.78564, -25.75125, -25.75125, -9.81, 0.1, -9.81, 0.7
2.626, 0.013554868, 0.001402598, 2.626, -32.81139125, -25.76106, -25.76106, -9.81, 0.1, -9.81, 0.7
2.627, 0.013559848, 0.001403109, 2.627, -32.83715231, -25.77087, -25.77087, -9.81, 0.1, -9.81, 0.7
2.628, 0.013564838, 0.001403599, 2.628, -32.86292318, -25.78068, -25.78068, -9.81, 0.1, -9.81, 0.7
2.629, 0.013570048, 0.001404129, 2.629, -32.88870386, -25.79049, -25.79049, -9.81, 0.1, -9.81, 0.7
2.63, 0.013575378, 0.001404629, 2.63, -32.91449435, -25.8003, -25.8003, -9.81, 0.1, -9.81, 0.7
2.631, 0.013582788, 0.001405159, 2.631, -32.94029465, -25.81011, -25.81011, -9.81, 0.1, -9.81, 0.7
2.632, 0.013587788, 0.001405669, 2.632, -32.96610476, -25.81992, -25.81992, -9.81, 0.1, -9.81, 0.7
2.633, 0.013592868, 0.001406189, 2.633, -32.99192468, -25.82973, -25.82973, -9.81, 0.1, -9.81, 0.7
2.634, 0.013597818, 0.001406698, 2.634, -33.01775441, -25.83954, -25.83954, -9.81, 0.1, -9.81, 0.7
2.635, 0.013602809, 0.001407239, 2.635, -33.04359395, -25.84935, -25.84935, -9.81, 0.1, -9.81, 0.7
2.636, 0.013607689, 0.00140775, 2.636, -33.0694433, -25.85916, -25.85916, -9.81, 0.1, -9.81, 0.7
2.637, 0.01361266, 0.001408282, 2.637, -33.09530246, -25.86897, -25.86897, -9.81, 0.1, -9.81, 0.7
2.638, 0.01361778, 0.001408784, 2.638, -33.12117143, -25.87878, -25.87878, -9.81, 0.1, -9.81, 0.7
2.639, 0.01362278, 0.001409292, 2.639, -33.14705021, -25.88859, -25.88859, -9.81, 0.1, -9.81, 0.7
2.64, 0.01362787, 0.001409813, 2.64, -33.1729388, -25.8984, -25.8984, -9.81, 0.1, -9.81, 0.7
2.641, 0.01363286, 0.001410313, 2.641, -33.1988372, -25.90821, -25.90821, -9.81, 0.1, -9.81, 0.7
2.642, 0.01363792, 0.001410823, 2.642, -33.22474541, -25.91802, -25.91802, -9.81, 0.1, -9.81, 0.7
2.643, 0.01364287, 0.001411333, 2.643, -33.25066343, -25.92783, -25.92783, -9.81, 0.1, -9.81, 0.7
2.644, 0.01364793, 0.001411853, 2.644, -33.27659126, -25.93764, -25.93764, -9.81, 0.1, -9.81, 0.7
2.645, 0.01365288, 0.001412383, 2.645, -33.3025289, -25.94745, -25.94745, -9.81, 0.1, -9.81, 0.7
2.646, 0.01365795, 0.001412893, 2.646, -33.32847635, -25.95726, -25.95726, -9.81, 0.1, -9.81, 0.7
2.647, 0.01366286, 0.001413403, 2.647, -33.35443361, -25.96707, -25.96707, -9.81, 0.1, -9.81, 0.7
2.648, 0.01366786, 0.001413913, 2.648, -33.38040068, -25.97688, -25.97688, -9.81, 0.1, -9.81, 0.7
2.649, 0.01367287, 0.001414435, 2.649, -33.40637756, -25.98669, -25.98669, -9.81, 0.1, -9.81, 0.7
2.65, 0.0136778, 0.001414935, 2.65, -33.43236425, -25.9965, -25.9965, -9.81, 0.1, -9.81, 0.7
2.651, 0.01368285, 0.001415454, 2.651, -33.45836075, -26.00631, -26.00631, -9.81, 0.1, -9.81, 0.7
2.652, 0.013687951, 0.001415962, 2.652, -33.48436706, -26.01612, -26.01612, -9.81, 0.1, -9.81, 0.7
2.653, 0.013692911, 0.001416472, 2.653, -33.51038318, -26.02593, -26.02593, -9.81, 0.1, -9.81, 0.7
2.654, 0.013697932, 0.001416972, 2.654, -33.53640911, -26.03574, -26.03574, -9.81, 0.1, -9.81, 0.7
2.655, 0.013702832, 0.00141749, 2.655, -33.56244485, -26.04555, -26.04555, -9.81, 0.1, -9.81, 0.7
2.656, 0.013707851, 0.00141799, 2.656, -33.5884904, -26.05536, -26.05536, -9.81, 0.1, -9.81, 0.7
2.657, 0.013712771, 0.001418489, 2.657, -33.61454576, -26.06517, -26.06517, -9.81, 0.1, -9.81, 0.7
2.658, 0.013717751, 0.001418989, 2.658, -33.64061093, -26.07498, -26.07498, -9.81, 0.1, -9.81, 0.7
2.659, 0.013722641, 0.001419489, 2.659, -33.66668591, -26.08479, -26.08479, -9.81, 0.1, -9.81, 0.7
2.66, 0.013727611, 0.001419999, 2.66, -33.6927707, -26.0946, -26.0946, -9.81, 0.1, -9.81, 0.7
2.661, 0.013732581, 0.001420499, 2.661, -33.7188653, -26.10441, -26.10441, -9.81, 0.1, -9.81, 0.7
2.662, 0.013737591, 0.001420999, 2.662, -33.74496971, -26.11422, -26.11422, -9.81, 0.1, -9.81, 0.7
2.663, 0.013742521, 0.001421519, 2.663, -33.77108393, -26.12403, -26.12403, -9.81, 0.1, -9.81, 0.7
2.664, 0.013747562, 0.001422069, 2.664, -33.79720796, -26.13384, -26.13384, -9.81, 0.1, -9.81, 0.7
2.665, 0.013752802, 0.00142258, 2.665, -33.8233418, -26.14365, -26.14365, -9.81, 0.1, -9.81, 0.7
2.666, 0.013757781, 0.001423108, 2.666, -33.84948545, -26.15346, -26.15346, -9.81, 0.1, -9.81, 0.7
2.667, 0.013762751, 0.001423617, 2.667, -33.87563891, -26.16327, -26.16327, -9.81, 0.1, -9.81, 0.7
2.668, 0.01376768, 0.001424109, 2.668, -33.90180218, -26.17308, -26.17308, -9.81, 0.1, -9.81, 0.7
2.669, 0.01377275, 0.00142463, 2.669, -33.92797526, -26.18289, -26.18289, -9.81, 0.1, -9.81, 0.7
2.67, 0.01377769, 0.001425129, 2.67, -33.95415815, -26.1927, -26.1927, -9.81, 0.1, -9.81, 0.7
2.671, 0.01378277, 0.00142566, 2.671, -33.98035085, -26.20251, -26.20251, -9.81, 0.1, -9.81, 0.7
2.672, 0.013789969, 0.00142619, 2.672, -34.00655336, -26.21232, -26.21232, -9.81, 0.1, -9.81, 0.7
2.673, 0.01379506, 0.00142668, 2.673, -34.03276568, -26.22213, -26.22213, -9.81, 0.1, -9.81, 0.7
2.674, 0.01380033, 0.0014272, 2.674, -34.05898781, -26.23194, -26.23194, -9.81, 0.1, -9.81, 0.7
2.675, 0.01380565, 0.00142772, 2.675, -34.08521975, -26.24175, -26.24175, -9.81, 0.1, -9.81, 0.7
2.676, 0.0138106, 0.00142823, 2.676, -34.1114615, -26.25156, -26.25156, -9.81, 0.1, -9.81, 0.7
2.677, 0.01381558, 0.00142875, 2.677, -34.13771306, -26.26137, -26.26137, -9.81, 0.1, -9.81, 0.7
2.678, 0.01382058, 0.00142926, 2.678, -34.16397443, -26.27118, -26.27118, -9.81, 0.1, -9.81, 0.7
2.679, 0.01382552, 0.001429761, 2.679, -34.19024561, -26.28099, -26.28099, -9.81, 0.1, -9.81, 0.7
2.68, 0.01383045, 0.001430262, 2.68, -34.2165266, -26.2908, -26.2908, -9.81, 0.1, -9.81, 0.7
2.681, 0.01383556, 0.001430804, 2.681, -34.2428174, -26.30061, -26.30061, -9.81, 0.1, -9.81, 0.7
2.682, 0.01384061, 0.001431305, 2.682, -34.26911801, -26.31042, -26.31042, -9.81, 0.1, -9.81, 0.7
2.683, 0.01384564, 0.001431826, 2.683, -34.29542843, -26.32023, -26.32023, -9.81, 0.1, -9.81, 0.7
2.684, 0.01385055, 0.001432345, 2.684, -34.32174866, -26.33004, -26.33004, -9.81, 0.1, -9.81, 0.7
2.685, 0.01385552, 0.001432863, 2.685, -34.3480787, -26.33985, -26.33985, -9.81, 0.1, -9.81, 0.7
2.686, 0.01386045, 0.001433372, 2.686, -34.37441855, -26.34966, -26.34966, -9.81, 0.1, -9.81, 0.7
2.687, 0.013865469, 0.001433922, 2.687, -34.40076821, -26.35947, -26.35947, -9.81, 0.1, -9.81, 0.7
2.688, 0.013870379, 0.001434422, 2.688, -34.42712768, -26.36928, -26.36928, -9.81, 0.1, -9.81, 0.7
2.689, 0.013875349, 0.001434952, 2.689, -34.45349696, -26.37909, -26.37909, -9.81, 0.1, -9.81, 0.7
2.69, 0.013880399, 0.001435462, 2.69, -34.47987605, -26.3889, -26.3889, -9.81, 0.1, -9.81, 0.7
2.691, 0.013885409, 0.001435982, 2.691, -34.50626495, -26.39871, -26.39871, -9.81, 0.1, -9.81, 0.7
2.692, 0.013890499, 0.001436482, 2.692, -34.53266366, -26.40852, -26.40852, -9.81, 0.1, -9.81, 0.7
2.693, 0.013895439, 0.001436992, 2.693, -34.55907218, -26.41833, -26.41833, -9.81, 0.1, -9.81, 0.7
2.694, 0.01390042, 0.001437492, 2.694, -34.58549051, -26.42814, -26.42814, -9.81, 0.1, -9.81, 0.7
2.695, 0.01390534, 0.001438013, 2.695, -34.61191865, -26.43795, -26.43795, -9.81, 0.1, -9.81, 0.7
2.696, 0.01391035, 0.001438524, 2.696, -34.6383566, -26.44776, -26.44776, -9.81, 0.1, -9.81, 0.7
2.697, 0.013915261, 0.001439025, 2.697, -34.66480436, -26.45757, -26.45757, -9.81, 0.1, -9.81, 0.7
2.698, 0.01392017, 0.001439535, 2.698, -34.69126193, -26.46738, -26.46738, -9.81, 0.1, -9.81, 0.7
2.699, 0.013925121, 0.001440045, 2.699, -34.71772931, -26.47719, -26.47719, -9.81, 0.1, -9.81, 0.7
2.7, 0.013930161, 0.001440555, 2.7, -34.7442065, -26.487, -26.487, -9.81, 0.1, -9.81, 0.7
2.701, 0.013935142, 0.001441055, 2.701, -34.7706935, -26.49681, -26.49681, -9.81, 0.1, -9.81, 0.7
2.702, 0.013940182, 0.001441586, 2.702, -34.79719031, -26.50662, -26.50662, -9.81, 0.1, -9.81, 0.7
2.703, 0.013945202, 0.001442106, 2.703, -34.82369693, -26.51643, -26.51643, -9.81, 0.1, -9.81, 0.7
2.704, 0.013950102, 0.001442626, 2.704, -34.85021336, -26.52624, -26.52624, -9.81, 0.1, -9.81, 0.7
2.705, 0.013955272, 0.001443136, 2.705, -34.8767396, -26.53605, -26.53605, -9.81, 0.1, -9.81, 0.7
2.706, 0.013960322, 0.001443656, 2.706, -34.90327565, -26.54586, -26.54586, -9.81, 0.1, -9.81, 0.7
2.707, 0.013965272, 0.001444156, 2.707, -34.92982151, -26.55567, -26.55567, -9.81, 0.1, -9.81, 0.7
2.708, 0.013970332, 0.001444666, 2.708, -34.95637718, -26.56548, -26.56548, -9.81, 0.1, -9.81, 0.7
2.709, 0.013975412, 0.001445196, 2.709, -34.98294266, -26.57529, -26.57529, -9.81, 0.1, -9.81, 0.7
2.71, 0.013980802, 0.001445694, 2.71, -35.00951795, -26.5851, -26.5851, -9.81, 0.1, -9.81, 0.7
2.711, 0.013985932, 0.001446205, 2.711, -35.03610305, -26.59491, -26.59491, -9.81, 0.1, -9.81, 0.7
2.712, 0.013991222, 0.001446724, 2.712, -35.06269796, -26.60472, -26.60472, -9.81, 0.1, -9.81, 0.7
2.713, 0.013996192, 0.001447224, 2.713, -35.08930268, -26.61453, -26.61453, -9.81, 0.1, -9.81, 0.7
2.714, 0.014004882, 0.001447746, 2.714, -35.11591721, -26.62434, -26.62434, -9.81, 0.1, -9.81, 0.7
2.715, 0.014010172, 0.001448276, 2.715, -35.14254155, -26.63415, -26.63415, -9.81, 0.1, -9.81, 0.7
2.716, 0.014015352, 0.001448785, 2.716, -35.1691757, -26.64396, -26.64396, -9.81, 0.1, -9.81, 0.7
2.717, 0.014020872, 0.001449315, 2.717, -35.19581966, -26.65377, -26.65377, -9.81, 0.1, -9.81, 0.7
2.718, 0.014026282, 0.001449835, 2.718, -35.22247343, -26.66358, -26.66358, -9.81, 0.1, -9.81, 0.7
2.719, 0.014031692, 0.001450345, 2.719, -35.24913701, -26.67339, -26.67339, -9.81, 0.1, -9.81, 0.7
2.72, 0.014037022, 0.001450845, 2.72, -35.2758104, -26.6832, -26.6832, -9.81, 0.1, -9.81, 0.7
2.721, 0.014042502, 0.001451345, 2.721, -35.3024936, -26.69301, -26.69301, -9.81, 0.1, -9.81, 0.7
2.722, 0.014047902, 0.001451845, 2.722, -35.32918661, -26.70282, -26.70282, -9.81, 0.1, -9.81, 0.7
2.723, 0.014052982, 0.001452366, 2.723, -35.35588943, -26.71263, -26.71263, -9.81, 0.1, -9.81, 0.7
2.724, 0.014057982, 0.001452885, 2.724, -35.38260206, -26.72244, -26.72244, -9.81, 0.1, -9.81, 0.7
2.725, 0.014062982, 0.001453413, 2.725, -35.4093245, -26.73225, -26.73225, -9.81, 0.1, -9.81, 0.7
2.726, 0.014068453, 0.001453914, 2.726, -35.43605675, -26.74206, -26.74206, -9.81, 0.1, -9.81, 0.7
2.727, 0.014073954, 0.001454422, 2.727, -35.46279881, -26.75187, -26.75187, -9.81, 0.1, -9.81, 0.7
2.728, 0.014079344, 0.001454923, 2.728, -35.48955068, -26.76168, -26.76168, -9.81, 0.1, -9.81, 0.7
2.729, 0.014084413, 0.001455442, 2.729, -35.51631236, -26.77149, -26.77149, -9.81, 0.1, -9.81, 0.7
2.73, 0.014089453, 0.001455942, 2.73, -35.54308385, -26.7813, -26.7813, -9.81, 0.1, -9.81, 0.7
2.731, 0.014094603, 0.001456443, 2.731, -35.56986515, -26.79111, -26.79111, -9.81, 0.1, -9.81, 0.7
2.732, 0.014099623, 0.001456953, 2.732, -35.59665626, -26.80092, -26.80092, -9.81, 0.1, -9.81, 0.7
2.733, 0.014104733, 0.001457463, 2.733, -35.62345718, -26.81073, -26.81073, -9.81, 0.1, -9.81, 0.7
2.734, 0.014109723, 0.001457973, 2.734, -35.65026791, -26.82054, -26.82054, -9.81, 0.1, -9.81, 0.7
2.735, 0.014115293, 0.001458483, 2.735, -35.67708845, -26.83035, -26.83035, -9.81, 0.1, -9.81, 0.7
2.736, 0.014120573, 0.001459013, 2.736, -35.7039188, -26.84016, -26.84016, -9.81, 0.1, -9.81, 0.7
2.737, 0.014126024, 0.001459534, 2.737, -35.73075896, -26.84997, -26.84997, -9.81, 0.1, -9.81, 0.7
2.738, 0.014131473, 0.001460052, 2.738, -35.75760893, -26.85978, -26.85978, -9.81, 0.1, -9.81, 0.7
2.739, 0.014136883, 0.001460551, 2.739, -35.78446871, -26.86959, -26.86959, -9.81, 0.1, -9.81, 0.7
2.74, 0.014142474, 0.001461073, 2.74, -35.8113383, -26.8794, -26.8794, -9.81, 0.1, -9.81, 0.7
2.741, 0.014148114, 0.001461584, 2.741, -35.8382177, -26.88921, -26.88921, -9.81, 0.1, -9.81, 0.7
2.742, 0.014153575, 0.001462083, 2.742, -35.86510691, -26.89902, -26.89902, -9.81, 0.1, -9.81, 0.7
2.743, 0.014188205, 0.001462633, 2.743, -35.89200593, -26.90883, -26.90883, -9.81, 0.1, -9.81, 0.7
2.744, 0.014193555, 0.001463203, 2.744, -35.91891476, -26.91864, -26.91864, -9.81, 0.1, -9.81, 0.7
2.745, 0.014198935, 0.001463713, 2.745, -35.9458334, -26.92845, -26.92845, -9.81, 0.1, -9.81, 0.7
2.746, 0.014203975, 0.001464235, 2.746, -35.97276185, -26.93826, -26.93826, -9.81, 0.1, -9.81, 0.7
2.747, 0.014208935, 0.001464744, 2.747, -35.99970011, -26.94807, -26.94807, -9.81, 0.1, -9.81, 0.7
2.748, 0.014213895, 0.001465255, 2.748, -36.02664818, -26.95788, -26.95788, -9.81, 0.1, -9.81, 0.7
2.749, 0.014218825, 0.001465756, 2.749, -36.05360606, -26.96769, -26.96769, -9.81, 0.1, -9.81, 0.7
2.75, 0.014223795, 0.001466265, 2.75, -36.08057375, -26.9775, -26.9775, -9.81, 0.1, -9.81, 0.7
2.751, 0.014228944, 0.001466778, 2.751, -36.10755125, -26.98731, -26.98731, -9.81, 0.1, -9.81, 0.7
2.752, 0.014233915, 0.001467298, 2.752, -36.13453856, -26.99712, -26.99712, -9.81, 0.1, -9.81, 0.7
2.753, 0.014238895, 0.00146782, 2.753, -36.16153568, -27.00693, -27.00693, -9.81, 0.1, -9.81, 0.7
2.754, 0.014244305, 0.001468319, 2.754, -36.18854261, -27.01674, -27.01674, -9.81, 0.1, -9.81, 0.7
2.755, 0.014249595, 0.001468829, 2.755, -36.21555935, -27.02655, -27.02655, -9.81, 0.1, -9.81, 0.7
2.756, 0.014258345, 0.001469349, 2.756, -36.2425859, -27.03636, -27.03636, -9.81, 0.1, -9.81, 0.7
2.757, 0.014263305, 0.001469859, 2.757, -36.26962226, -27.04617, -27.04617, -9.81, 0.1, -9.81, 0.7
2.758, 0.014268275, 0.001470389, 2.758, -36.29666843, -27.05598, -27.05598, -9.81, 0.1, -9.81, 0.7
2.759, 0.014273215, 0.001470889, 2.759, -36.32372441, -27.06579, -27.06579, -9.81, 0.1, -9.81, 0.7
2.76, 0.014278245, 0.0014714, 2.76, -36.3507902, -27.0756, -27.0756, -9.81, 0.1, -9.81, 0.7
2.761, 0.014283315, 0.00147192, 2.761, -36.3778658, -27.08541, -27.08541, -9.81, 0.1, -9.81, 0.7
2.762, 0.014288195, 0.001472421, 2.762, -36.40495121, -27.09522, -27.09522, -9.81, 0.1, -9.81, 0.7
2.763, 0.014293185, 0.001472931, 2.763, -36.43204643, -27.10503, -27.10503, -9.81, 0.1, -9.81, 0.7
2.764, 0.014298246, 0.001473432, 2.764, -36.45915146, -27.11484, -27.11484, -9.81, 0.1, -9.81, 0.7
2.765, 0.014303177, 0.001473952, 2.765, -36.4862663, -27.12465, -27.12465, -9.81, 0.1, -9.81, 0.7
2.766, 0.014308087, 0.001474461, 2.766, -36.51339095, -27.13446, -27.13446, -9.81, 0.1, -9.81, 0.7
2.767, 0.014313097, 0.001474971, 2.767, -36.54052541, -27.14427, -27.14427, -9.81, 0.1, -9.81, 0.7
2.768, 0.014318057, 0.00147548, 2.768, -36.56766968, -27.15408, -27.15408, -9.81, 0.1, -9.81, 0.7
2.769, 0.014323007, 0.001475999, 2.769, -36.59482376, -27.16389, -27.16389, -9.81, 0.1, -9.81, 0.7
2.77, 0.014327998, 0.001476509, 2.77, -36.62198765, -27.1737, -27.1737, -9.81, 0.1, -9.81, 0.7
2.771, 0.014332908, 0.001477039, 2.771, -36.64916135, -27.18351, -27.18351, -9.81, 0.1, -9.81, 0.7
2.772, 0.014337858, 0.001477559, 2.772, -36.67634486, -27.19332, -27.19332, -9.81, 0.1, -9.81, 0.7
2.773, 0.014342818, 0.001478049, 2.773, -36.70353818, -27.20313, -27.20313, -9.81, 0.1, -9.81, 0.7
2.774, 0.014348188, 0.001478569, 2.774, -36.73074131, -27.21294, -27.21294, -9.81, 0.1, -9.81, 0.7
2.775, 0.014353618, 0.001479099, 2.775, -36.75795425, -27.22275, -27.22275, -9.81, 0.1, -9.81, 0.7
2.776, 0.014358918, 0.00147961, 2.776, -36.785177, -27.23256, -27.23256, -9.81, 0.1, -9.81, 0.7
2.777, 0.014364148, 0.001480099, 2.777, -36.81240956, -27.24237, -27.24237, -9.81, 0.1, -9.81, 0.7
2.778, 0.014369168, 0.00148059, 2.778, -36.83965193, -27.25218, -27.25218, -9.81, 0.1, -9.81, 0.7
2.779, 0.014374139, 0.00148109, 2.779, -36.86690411, -27.26199, -27.26199, -9.81, 0.1, -9.81, 0.7
2.78, 0.01437908, 0.00148162, 2.78, -36.8941661, -27.2718, -27.2718, -9.81, 0.1, -9.81, 0.7
2.781, 0.014384149, 0.00148214, 2.781, -36.9214379, -27.28161, -27.28161, -9.81, 0.1, -9.81, 0.7
2.782, 0.014389199, 0.00148265, 2.782, -36.94871951, -27.29142, -27.29142, -9.81, 0.1, -9.81, 0.7
2.783, 0.0143941, 0.00148316, 2.783, -36.97601093, -27.30123, -27.30123, -9.81, 0.1, -9.81, 0.7
2.784, 0.01439911, 0.001483679, 2.784, -37.00331216, -27.31104, -27.31104, -9.81, 0.1, -9.81, 0.7
2.785, 0.01440418, 0.001484199, 2.785, -37.0306232, -27.32085, -27.32085, -9.81, 0.1, -9.81, 0.7
2.786, 0.01440918, 0.001484719, 2.786, -37.05794405, -27.33066, -27.33066, -9.81, 0.1, -9.81, 0.7
2.787, 0.01441421, 0.001485229, 2.787, -37.08527471, -27.34047, -27.34047, -9.81, 0.1, -9.81, 0.7
2.788, 0.01441926, 0.001485729, 2.788, -37.11261518, -27.35028, -27.35028, -9.81, 0.1, -9.81, 0.7
2.789, 0.0144242, 0.001486239, 2.789, -37.13996546, -27.36009, -27.36009, -9.81, 0.1, -9.81, 0.7
2.79, 0.01442916, 0.001486739, 2.79, -37.16732555, -27.3699, -27.3699, -9.81, 0.1, -9.81, 0.7
2.791, 0.0144342, 0.001487238, 2.791, -37.19469545, -27.37971, -27.37971, -9.81, 0.1, -9.81, 0.7
2.792, 0.014439191, 0.001487739, 2.792, -37.22207516, -27.38952, -27.38952, -9.81, 0.1, -9.81, 0.7
2.793, 0.014444191, 0.00148824, 2.793, -37.24946468, -27.39933, -27.39933, -9.81, 0.1, -9.81, 0.7
2.794, 0.014449541, 0.00148875, 2.794, -37.27686401, -27.40914, -27.40914, -9.81, 0.1, -9.81, 0.7
2.795, 0.01445483, 0.001489259, 2.795, -37.30427315, -27.41895, -27.41895, -9.81, 0.1, -9.81, 0.7
2.796, 0.01445987, 0.001489789, 2.796, -37.3316921, -27.42876, -27.42876, -9.81, 0.1, -9.81, 0.7
2.797, 0.014464829, 0.00149031, 2.797, -37.35912086, -27.43857, -27.43857, -9.81, 0.1, -9.81, 0.7
2.798, 0.01447233, 0.001490817, 2.798, -37.38655943, -27.44838, -27.44838, -9.81, 0.1, -9.81, 0.7
2.799, 0.01447731, 0.001491328, 2.799, -37.41400781, -27.45819, -27.45819, -9.81, 0.1, -9.81, 0.7
2.8, 0.01448238, 0.001491828, 2.8, -37.441466, -27.468, -27.468, -9.81, 0.1, -9.81, 0.7
2.801, 0.01448761, 0.001492318, 2.801, -37.468934, -27.47781, -27.47781, -9.81, 0.1, -9.81, 0.7
2.802, 0.014493, 0.001492828, 2.802, -37.49641181, -27.48762, -27.48762, -9.81, 0.1, -9.81, 0.7
2.803, 0.01449842, 0.001493318, 2.803, -37.52389943, -27.49743, -27.49743, -9.81, 0.1, -9.81, 0.7
2.804, 0.01450343, 0.001493818, 2.804, -37.55139686, -27.50724, -27.50724, -9.81, 0.1, -9.81, 0.7
2.805, 0.01450847, 0.001494338, 2.805, -37.5789041, -27.51705, -27.51705, -9.81, 0.1, -9.81, 0.7
2.806, 0.01451351, 0.001494857, 2.806, -37.60642115, -27.52686, -27.52686, -9.81, 0.1, -9.81, 0.7
2.807, 0.01451853, 0.001495375, 2.807, -37.63394801, -27.53667, -27.53667, -9.81, 0.1, -9.81, 0.7
2.808, 0.014523481, 0.001495895, 2.808, -37.66148468, -27.54648, -27.54648, -9.81, 0.1, -9.81, 0.7
2.809, 0.014528481, 0.001496415, 2.809, -37.68903116, -27.55629, -27.55629, -9.81, 0.1, -9.81, 0.7
2.81, 0.014533872, 0.001496925, 2.81, -37.71658745, -27.5661, -27.5661, -9.81, 0.1, -9.81, 0.7
2.811, 0.014539272, 0.001497437, 2.811, -37.74415355, -27.57591, -27.57591, -9.81, 0.1, -9.81, 0.7
2.812, 0.014544282, 0.001497946, 2.812, -37.77172946, -27.58572, -27.58572, -9.81, 0.1, -9.81, 0.7
2.813, 0.014549352, 0.001498456, 2.813, -37.79931518, -27.59553, -27.59553, -9.81, 0.1, -9.81, 0.7
2.814, 0.014554322, 0.001498956, 2.814, -37.82691071, -27.60534, -27.60534, -9.81, 0.1, -9.81, 0.7
2.815, 0.014559382, 0.001499466, 2.815, -37.85451605, -27.61515, -27.61515, -9.81, 0.1, -9.81, 0.7
2.816, 0.014564422, 0.001499976, 2.816, -37.8821312, -27.62496, -27.62496, -9.81, 0.1, -9.81, 0.7
2.817, 0.014569352, 0.001500476, 2.817, -37.90975616, -27.63477, -27.63477, -9.81, 0.1, -9.81, 0.7
2.818, 0.014574302, 0.001500976, 2.818, -37.93739093, -27.64458, -27.64458, -9.81, 0.1, -9.81, 0.7
2.819, 0.014579432, 0.001501486, 2.819, -37.96503551, -27.65439, -27.65439, -9.81, 0.1, -9.81, 0.7
2.82, 0.014584372, 0.001502006, 2.82, -37.9926899, -27.6642, -27.6642, -9.81, 0.1, -9.81, 0.7
2.821, 0.014589443, 0.001502537, 2.821, -38.0203541, -27.67401, -27.67401, -9.81, 0.1, -9.81, 0.7
2.822, 0.014594494, 0.001503068, 2.822, -38.04802811, -27.68382, -27.68382, -9.81, 0.1, -9.81, 0.7
2.823, 0.014599444, 0.001503589, 2.823, -38.07571193, -27.69363, -27.69363, -9.81, 0.1, -9.81, 0.7
2.824, 0.014604515, 0.00150412, 2.824, -38.10340556, -27.70344, -27.70344, -9.81, 0.1, -9.81, 0.7
2.825, 0.014609614, 0.001504649, 2.825, -38.131109, -27.71325, -27.71325, -9.81, 0.1, -9.81, 0.7
2.826, 0.014614614, 0.00150516, 2.826, -38.15882225, -27.72306, -27.72306, -9.81, 0.1, -9.81, 0.7
2.827, 0.014620024, 0.001505691, 2.827, -38.18654531, -27.73287, -27.73287, -9.81, 0.1, -9.81, 0.7
2.828, 0.014625014, 0.001506211, 2.828, -38.21427818, -27.74268, -27.74268, -9.81, 0.1, -9.81, 0.7
2.829, 0.014630045, 0.00150673, 2.829, -38.24202086, -27.75249, -27.75249, -9.81, 0.1, -9.81, 0.7
2.83, 0.014635075, 0.00150724, 2.83, -38.26977335, -27.7623, -27.7623, -9.81, 0.1, -9.81, 0.7
2.831, 0.014640145, 0.00150776, 2.831, -38.29753565, -27.77211, -27.77211, -9.81, 0.1, -9.81, 0.7
2.832, 0.014645165, 0.00150828, 2.832, -38.32530776, -27.78192, -27.78192, -9.81, 0.1, -9.81, 0.7
2.833, 0.014650145, 0.00150879, 2.833, -38.35308968, -27.79173, -27.79173, -9.81, 0.1, -9.81, 0.7
2.834, 0.014655145, 0.00150929, 2.834, -38.38088141, -27.80154, -27.80154, -9.81, 0.1, -9.81, 0.7
2.835, 0.014660175, 0.001509799, 2.835, -38.40868295, -27.81135, -27.81135, -9.81, 0.1, -9.81, 0.7
2.836, 0.014665194, 0.00151032, 2.836, -38.4364943, -27.82116, -27.82116, -9.81, 0.1, -9.81, 0.7
2.837, 0.014670244, 0.001510832, 2.837, -38.46431546, -27.83097, -27.83097, -9.81, 0.1, -9.81, 0.7
2.838, 0.014675254, 0.001511363, 2.838, -38.49214643, -27.84078, -27.84078, -9.81, 0.1, -9.81, 0.7
2.839, 0.014680245, 0.001511862, 2.839, -38.51998721, -27.85059, -27.85059, -9.81, 0.1, -9.81, 0.7
2.84, 0.014687753, 0.001512373, 2.84, -38.5478378, -27.8604, -27.8604, -9.81, 0.1, -9.81, 0.7
2.841, 0.014693044, 0.001512893, 2.841, -38.5756982, -27.87021, -27.87021, -9.81, 0.1, -9.81, 0.7
2.842, 0.014698055, 0.001513414, 2.842, -38.60356841, -27.88002, -27.88002, -9.81, 0.1, -9.81, 0.7
2.843, 0.014703316, 0.001513912, 2.843, -38.63144843, -27.88983, -27.88983, -9.81, 0.1, -9.81, 0.7
2.844, 0.014708306, 0.001514422, 2.844, -38.65933826, -27.89964, -27.89964, -9.81, 0.1, -9.81, 0.7
2.845, 0.014713626, 0.001515072, 2.845, -38.6872379, -27.90945, -27.90945, -9.81, 0.1, -9.81, 0.7
2.846, 0.014718916, 0.001515662, 2.846, -38.71514735, -27.91926, -27.91926, -9.81, 0.1, -9.81, 0.7
2.847, 0.014723976, 0.001516172, 2.847, -38.74306661, -27.92907, -27.92907, -9.81, 0.1, -9.81, 0.7
2.848, 0.014729016, 0.001516682, 2.848, -38.77099568, -27.93888, -27.93888, -9.81, 0.1, -9.81, 0.7
2.849, 0.014733906, 0.001517182, 2.849, -38.79893456, -27.94869, -27.94869, -9.81, 0.1, -9.81, 0.7
2.85, 0.014738867, 0.001517692, 2.85, -38.82688325, -27.9585, -27.9585, -9.81, 0.1, -9.81, 0.7
2.851, 0.014743958, 0.001518202, 2.851, -38.85484175, -27.96831, -27.96831, -9.81, 0.1, -9.81, 0.7
2.852, 0.014748868, 0.001518711, 2.852, -38.88281006, -27.97812, -27.97812, -9.81, 0.1, -9.81, 0.7
2.853, 0.014753859, 0.0015192, 2.853, -38.91078818, -27.98793, -27.98793, -9.81, 0.1, -9.81, 0.7
2.854, 0.014758838, 0.00151972, 2.854, -38.93877611, -27.99774, -27.99774, -9.81, 0.1, -9.81, 0.7
2.855, 0.014763739, 0.001520222, 2.855, -38.96677385, -28.00755, -28.00755, -9.81, 0.1, -9.81, 0.7
2.856, 0.014768728, 0.001520721, 2.856, -38.9947814, -28.01736, -28.01736, -9.81, 0.1, -9.81, 0.7
2.857, 0.014773749, 0.00152122, 2.857, -39.02279876, -28.02717, -28.02717, -9.81, 0.1, -9.81, 0.7
2.858, 0.014778749, 0.001521731, 2.858, -39.05082593, -28.03698, -28.03698, -9.81, 0.1, -9.81, 0.7
2.859, 0.014783729, 0.001522231, 2.859, -39.07886291, -28.04679, -28.04679, -9.81, 0.1, -9.81, 0.7
2.86, 0.014788759, 0.001522751, 2.86, -39.1069097, -28.0566, -28.0566, -9.81, 0.1, -9.81, 0.7
2.861, 0.014793799, 0.001523241, 2.861, -39.1349663, -28.06641, -28.06641, -9.81, 0.1, -9.81, 0.7
2.862, 0.014798799, 0.001523741, 2.862, -39.16303271, -28.07622, -28.07622, -9.81, 0.1, -9.81, 0.7
2.863, 0.014803769, 0.001524241, 2.863, -39.19110893, -28.08603, -28.08603, -9.81, 0.1, -9.81, 0.7
2.864, 0.014808709, 0.001524771, 2.864, -39.21919496, -28.09584, -28.09584, -9.81, 0.1, -9.81, 0.7
2.865, 0.014813619, 0.00152528, 2.865, -39.2472908, -28.10565, -28.10565, -9.81, 0.1, -9.81, 0.7
2.866, 0.014818849, 0.00152579, 2.866, -39.27539645, -28.11546, -28.11546, -9.81, 0.1, -9.81, 0.7
2.867, 0.014823779, 0.001526301, 2.867, -39.30351191, -28.12527, -28.12527, -9.81, 0.1, -9.81, 0.7
2.868, 0.01482881, 0.0015268, 2.868, -39.33163718, -28.13508, -28.13508, -9.81, 0.1, -9.81, 0.7
2.869, 0.014833869, 0.001527311, 2.869, -39.35977226, -28.14489, -28.14489, -9.81, 0.1, -9.81, 0.7
2.87, 0.01483878, 0.00152784, 2.87, -39.38791715, -28.1547, -28.1547, -9.81, 0.1, -9.81, 0.7
2.871, 0.01484386, 0.00152835, 2.871, -39.41607185, -28.16451, -28.16451, -9.81, 0.1, -9.81, 0.7
2.872, 0.014848911, 0.001528872, 2.872, -39.44423636, -28.17432, -28.17432, -9.81, 0.1, -9.81, 0.7
2.873, 0.014853871, 0.001529382, 2.873, -39.47241068, -28.18413, -28.18413, -9.81, 0.1, -9.81, 0.7
2.874, 0.014858902, 0.001529891, 2.874, -39.50059481, -28.19394, -28.19394, -9.81, 0.1, -9.81, 0.7
2.875, 0.014863882, 0.001530421, 2.875, -39.52878875, -28.20375, -28.20375, -9.81, 0.1, -9.81, 0.7
2.876, 0.014868812, 0.001530931, 2.876, -39.5569925, -28.21356, -28.21356, -9.81, 0.1, -9.81, 0.7
2.877, 0.014874182, 0.001531441, 2.877, -39.58520606, -28.22337, -28.22337, -9.81, 0.1, -9.81, 0.7
2.878, 0.014879552, 0.001531951, 2.878, -39.61342943, -28.23318, -28.23318, -9.81, 0.1, -9.81, 0.7
2.879, 0.014884462, 0.001532461, 2.879, -39.64166261, -28.24299, -28.24299, -9.81, 0.1, -9.81, 0.7
2.88, 0.014889472, 0.001532981, 2.88, -39.6699056, -28.2528, -28.2528, -9.81, 0.1, -9.81, 0.7
2.881, 0.014894522, 0.001533482, 2.881, -39.6981584, -28.26261, -28.26261, -9.81, 0.1, -9.81, 0.7
2.882, 0.014902132, 0.001533993, 2.882, -39.72642101, -28.27242, -28.27242, -9.81, 0.1, -9.81, 0.7
2.883, 0.014907113, 0.001534523, 2.883, -39.75469343, -28.28223, -28.28223, -9.81, 0.1, -9.81, 0.7
2.884, 0.014912131, 0.001535023, 2.884, -39.78297566, -28.29204, -28.29204, -9.81, 0.1, -9.81, 0.7
2.885, 0.014917131, 0.001535512, 2.885, -39.8112677, -28.30185, -28.30185, -9.81, 0.1, -9.81, 0.7
2.886, 0.014922031, 0.001536031, 2.886, -39.83956955, -28.31166, -28.31166, -9.81, 0.1, -9.81, 0.7
2.887, 0.014926941, 0.001536531, 2.887, -39.86788121, -28.32147, -28.32147, -9.81, 0.1, -9.81, 0.7
2.888, 0.014932021, 0.001537029, 2.888, -39.89620268, -28.33128, -28.33128, -9.81, 0.1, -9.81, 0.7
2.889, 0.014936962, 0.001537549, 2.889, -39.92453396, -28.34109, -28.34109, -9.81, 0.1, -9.81, 0.7
2.89, 0.014941992, 0.001538059, 2.89, -39.95287505, -28.3509, -28.3509, -9.81, 0.1, -9.81, 0.7
2.891, 0.014947102, 0.001538579, 2.891, -39.98122595, -28.36071, -28.36071, -9.81, 0.1, -9.81, 0.7
2.892, 0.014952112, 0.001539099, 2.892, -40.00958666, -28.37052, -28.37052, -9.81, 0.1, -9.81, 0.7
2.893, 0.014957142, 0.001539599, 2.893, -40.03795718, -28.38033, -28.38033, -9.81, 0.1, -9.81, 0.7
2.894, 0.014962112, 0.001540109, 2.894, -40.06633751, -28.39014, -28.39014, -9.81, 0.1, -9.81, 0.7
2.895, 0.014967032, 0.001540619, 2.895, -40.09472765, -28.39995, -28.39995, -9.81, 0.1, -9.81, 0.7
2.896, 0.014972022, 0.001541138, 2.896, -40.1231276, -28.40976, -28.40976, -9.81, 0.1, -9.81, 0.7
2.897, 0.014977112, 0.001541649, 2.897, -40.15153736, -28.41957, -28.41957, -9.81, 0.1, -9.81, 0.7
2.898, 0.014981992, 0.001542157, 2.898, -40.17995693, -28.42938, -28.42938, -9.81, 0.1, -9.81, 0.7
2.899, 0.014986971, 0.001542677, 2.899, -40.20838631, -28.43919, -28.43919, -9.81, 0.1, -9.81, 0.7
2.9, 0.014992051, 0.001543195, 2.9, -40.2368255, -28.449, -28.449, -9.81, 0.1, -9.81, 0.7
2.901, 0.014997091, 0.001543705, 2.901, -40.2652745, -28.45881, -28.45881, -9.81, 0.1, -9.81, 0.7
2.902, 0.015002041, 0.001544196, 2.902, -40.29373331, -28.46862, -28.46862, -9.81, 0.1, -9.81, 0.7
2.903, 0.015006981, 0.001544705, 2.903, -40.32220193, -28.47843, -28.47843, -9.81, 0.1, -9.81, 0.7
2.904, 0.015011861, 0.001545205, 2.904, -40.35068036, -28.48824, -28.48824, -9.81, 0.1, -9.81, 0.7
2.905, 0.015016831, 0.001545715, 2.905, -40.3791686, -28.49805, -28.49805, -9.81, 0.1, -9.81, 0.7
2.906, 0.015021841, 0.001546225, 2.906, -40.40766665, -28.50786, -28.50786, -9.81, 0.1, -9.81, 0.7
2.907, 0.015026791, 0.001546725, 2.907, -40.43617451, -28.51767, -28.51767, -9.81, 0.1, -9.81, 0.7
2.908, 0.015031721, 0.001547245, 2.908, -40.46469218, -28.52748, -28.52748, -9.81, 0.1, -9.81, 0.7
2.909, 0.015036721, 0.001547745, 2.909, -40.49321966, -28.53729, -28.53729, -9.81, 0.1, -9.81, 0.7
2.91, 0.015041632, 0.001548254, 2.91, -40.52175695, -28.5471, -28.5471, -9.81, 0.1, -9.81, 0.7
2.911, 0.015046632, 0.001548765, 2.911, -40.55030405, -28.55691, -28.55691, -9.81, 0.1, -9.81, 0.7
2.912, 0.015051533, 0.001549285, 2.912, -40.57886096, -28.56672, -28.56672, -9.81, 0.1, -9.81, 0.7
2.913, 0.015056482, 0.001549787, 2.913, -40.60742768, -28.57653, -28.57653, -9.81, 0.1, -9.81, 0.7
2.914, 0.015061452, 0.001550295, 2.914, -40.63600421, -28.58634, -28.58634, -9.81, 0.1, -9.81, 0.7
2.915, 0.015066342, 0.001550805, 2.915, -40.66459055, -28.59615, -28.59615, -9.81, 0.1, -9.81, 0.7
2.916, 0.015071373, 0.001551337, 2.916, -40.6931867, -28.60596, -28.60596, -9.81, 0.1, -9.81, 0.7
2.917, 0.015076313, 0.001551847, 2.917, -40.72179266, -28.61577, -28.61577, -9.81, 0.1, -9.81, 0.7
2.918, 0.015081453, 0.00155236, 2.918, -40.75040843, -28.62558, -28.62558, -9.81, 0.1, -9.81, 0.7
2.919, 0.015086423, 0.00155286, 2.919, -40.77903401, -28.63539, -28.63539, -9.81, 0.1, -9.81, 0.7
2.92, 0.015091383, 0.00155336, 2.92, -40.8076694, -28.6452, -28.6452, -9.81, 0.1, -9.81, 0.7
2.921, 0.015096363, 0.00155385, 2.921, -40.8363146, -28.65501, -28.65501, -9.81, 0.1, -9.81, 0.7
2.922, 0.015101413, 0.00155435, 2.922, -40.86496961, -28.66482, -28.66482, -9.81, 0.1, -9.81, 0.7
2.923, 0.015108923, 0.00155487, 2.923, -40.89363443, -28.67463, -28.67463, -9.81, 0.1, -9.81, 0.7
2.924, 0.015114163, 0.00155538, 2.924, -40.92230906, -28.68444, -28.68444, -9.81, 0.1, -9.81, 0.7
2.925, 0.015119054, 0.001555909, 2.925, -40.9509935, -28.69425, -28.69425, -9.81, 0.1, -9.81, 0.7
2.926, 0.015124014, 0.001556428, 2.926, -40.97968775, -28.70406, -28.70406, -9.81, 0.1, -9.81, 0.7
2.927, 0.015128974, 0.001556938, 2.927, -41.00839181, -28.71387, -28.71387, -9.81, 0.1, -9.81, 0.7
2.928, 0.015134004, 0.001557447, 2.928, -41.03710568, -28.72368, -28.72368, -9.81, 0.1, -9.81, 0.7
2.929, 0.015138963, 0.001557967, 2.929, -41.06582936, -28.73349, -28.73349, -9.81, 0.1, -9.81, 0.7
2.93, 0.015144022, 0.001558466, 2.93, -41.09456285, -28.7433, -28.7433, -9.81, 0.1, -9.81, 0.7
2.931, 0.015149072, 0.001558987, 2.931, -41.12330615, -28.75311, -28.75311, -9.81, 0.1, -9.81, 0.7
2.932, 0.015154032, 0.001559508, 2.932, -41.15205926, -28.76292, -28.76292, -9.81, 0.1, -9.81, 0.7
2.933, 0.015159112, 0.001560018, 2.933, -41.18082218, -28.77273, -28.77273, -9.81, 0.1, -9.81, 0.7
2.934, 0.015164272, 0.001560518, 2.934, -41.20959491, -28.78254, -28.78254, -9.81, 0.1, -9.81, 0.7
2.935, 0.015169372, 0.001561028, 2.935, -41.23837745, -28.79235, -28.79235, -9.81, 0.1, -9.81, 0.7
2.936, 0.015174382, 0.001561538, 2.936, -41.2671698, -28.80216, -28.80216, -9.81, 0.1, -9.81, 0.7
2.937, 0.015179292, 0.001562078, 2.937, -41.29597196, -28.81197, -28.81197, -9.81, 0.1, -9.81, 0.7
2.938, 0.015184292, 0.001562598, 2.938, -41.32478393, -28.82178, -28.82178, -9.81, 0.1, -9.81, 0.7
2.939, 0.015189302, 0.001563118, 2.939, -41.35360571, -28.83159, -28.83159, -9.81, 0.1, -9.81, 0.7
2.94, 0.015194243, 0.001563628, 2.94, -41.3824373, -28.8414, -28.8414, -9.81, 0.1, -9.81, 0.7
2.941, 0.015199363, 0.001564128, 2.941, -41.4112787, -28.85121, -28.85121, -9.81, 0.1, -9.81, 0.7
2.942, 0.015204413, 0.001564648, 2.942, -41.44012991, -28.86102, -28.86102, -9.81, 0.1, -9.81, 0.7
2.943, 0.015229314, 0.001565149, 2.943, -41.46899093, -28.87083, -28.87083, -9.81, 0.1, -9.81, 0.7
2.944, 0.015234425, 0.001565667, 2.944, -41.49786176, -28.88064, -28.88064, -9.81, 0.1, -9.81, 0.7
2.945, 0.015239585, 0.001566177, 2.945, -41.5267424, -28.89045, -28.89045, -9.81, 0.1, -9.81, 0.7
2.946, 0.015244605, 0.001566697, 2.946, -41.55563285, -28.90026, -28.90026, -9.81, 0.1, -9.81, 0.7
2.947, 0.015249605, 0.001567207, 2.947, -41.58453311, -28.91007, -28.91007, -9.81, 0.1, -9.81, 0.7
2.948, 0.015254735, 0.001567717, 2.948, -41.61344318, -28.91988, -28.91988, -9.81, 0.1, -9.81, 0.7
2.949, 0.015259725, 0.001568207, 2.949, -41.64236306, -28.92969, -28.92969, -9.81, 0.1, -9.81, 0.7
2.95, 0.015264735, 0.001568707, 2.95, -41.67129275, -28.9395, -28.9395, -9.81, 0.1, -9.81, 0.7
2.951, 0.015269785, 0.001569215, 2.951, -41.70023225, -28.94931, -28.94931, -9.81, 0.1, -9.81, 0.7
2.952, 0.015274805, 0.001569737, 2.952, -41.72918156, -28.95912, -28.95912, -9.81, 0.1, -9.81, 0.7
2.953, 0.015279866, 0.001570267, 2.953, -41.75814068, -28.96893, -28.96893, -9.81, 0.1, -9.81, 0.7
2.954, 0.015284927, 0.001570796, 2.954, -41.78710961, -28.97874, -28.97874, -9.81, 0.1, -9.81, 0.7
2.955, 0.015289897, 0.001571324, 2.955, -41.81608835, -28.98855, -28.98855, -9.81, 0.1, -9.81, 0.7
2.956, 0.015294916, 0.001571824, 2.956, -41.8450769, -28.99836, -28.99836, -9.81, 0.1, -9.81, 0.7
2.957, 0.015299966, 0.001572333, 2.957, -41.87407526, -29.00817, -29.00817, -9.81, 0.1, -9.81, 0.7
2.958, 0.015304916, 0.001572833, 2.958, -41.90308343, -29.01798, -29.01798, -9.81, 0.1, -9.81, 0.7
2.959, 0.015309947, 0.001573343, 2.959, -41.93210141, -29.02779, -29.02779, -9.81, 0.1, -9.81, 0.7
2.96, 0.015314937, 0.001573863, 2.96, -41.9611292, -29.0376, -29.0376, -9.81, 0.1, -9.81, 0.7
2.961, 0.015319877, 0.001574393, 2.961, -41.9901668, -29.04741, -29.04741, -9.81, 0.1, -9.81, 0.7
2.962, 0.015324877, 0.001574893, 2.962, -42.01921421, -29.05722, -29.05722, -9.81, 0.1, -9.81, 0.7
2.963, 0.015329937, 0.001575413, 2.963, -42.04827143, -29.06703, -29.06703, -9.81, 0.1, -9.81, 0.7
2.964, 0.015334787, 0.001575903, 2.964, -42.07733846, -29.07684, -29.07684, -9.81, 0.1, -9.81, 0.7
2.965, 0.015343307, 0.001576403, 2.965, -42.1064153, -29.08665, -29.08665, -9.81, 0.1, -9.81, 0.7
2.966, 0.015348518, 0.001576913, 2.966, -42.13550195, -29.09646, -29.09646, -9.81, 0.1, -9.81, 0.7
2.967, 0.015353489, 0.001577422, 2.967, -42.16459841, -29.10627, -29.10627, -9.81, 0.1, -9.81, 0.7
2.968, 0.015358598, 0.001577943, 2.968, -42.19370468, -29.11608, -29.11608, -9.81, 0.1, -9.81, 0.7
2.969, 0.015363678, 0.001578462, 2.969, -42.22282076, -29.12589, -29.12589, -9.81, 0.1, -9.81, 0.7
2.97, 0.015368726, 0.001578981, 2.97, -42.25194665, -29.1357, -29.1357, -9.81, 0.1, -9.81, 0.7
2.971, 0.015373775, 0.001579481, 2.971, -42.28108235, -29.14551, -29.14551, -9.81, 0.1, -9.81, 0.7
2.972, 0.015378775, 0.001579981, 2.972, -42.31022786, -29.15532, -29.15532, -9.81, 0.1, -9.81, 0.7
2.973, 0.015383794, 0.001580491, 2.973, -42.33938318, -29.16513, -29.16513, -9.81, 0.1, -9.81, 0.7
2.974, 0.015388885, 0.001581001, 2.974, -42.36854831, -29.17494, -29.17494, -9.81, 0.1, -9.81, 0.7
2.975, 0.015393906, 0.00158152, 2.975, -42.39772325, -29.18475, -29.18475, -9.81, 0.1, -9.81, 0.7
2.976, 0.015398866, 0.00158203, 2.976, -42.426908, -29.19456, -29.19456, -9.81, 0.1, -9.81, 0.7
2.977, 0.015403906, 0.00158254, 2.977, -42.45610256, -29.20437, -29.20437, -9.81, 0.1, -9.81, 0.7
2.978, 0.015408946, 0.00158304, 2.978, -42.48530693, -29.21418, -29.21418, -9.81, 0.1, -9.81, 0.7
2.979, 0.015413926, 0.00158357, 2.979, -42.51452111, -29.22399, -29.22399, -9.81, 0.1, -9.81, 0.7
2.98, 0.015418956, 0.00158407, 2.98, -42.5437451, -29.2338, -29.2338, -9.81, 0.1, -9.81, 0.7
2.981, 0.015423956, 0.0015846, 2.981, -42.5729789, -29.24361, -29.24361, -9.81, 0.1, -9.81, 0.7
2.982, 0.015428986, 0.00158511, 2.982, -42.60222251, -29.25342, -29.25342, -9.81, 0.1, -9.81, 0.7
2.983, 0.015433955, 0.001585628, 2.983, -42.63147593, -29.26323, -29.26323, -9.81, 0.1, -9.81, 0.7
2.984, 0.015439014, 0.001586157, 2.984, -42.66073916, -29.27304, -29.27304, -9.81, 0.1, -9.81, 0.7
2.985, 0.015444124, 0.001586669, 2.985, -42.6900122, -29.28285, -29.28285, -9.81, 0.1, -9.81, 0.7
2.986, 0.015449154, 0.001587168, 2.986, -42.71929505, -29.29266, -29.29266, -9.81, 0.1, -9.81, 0.7
2.987, 0.015454145, 0.0015877, 2.987, -42.74858771, -29.30247, -29.30247, -9.81, 0.1, -9.81, 0.7
2.988, 0.015459165, 0.001588218, 2.988, -42.77789018, -29.31228, -29.31228, -9.81, 0.1, -9.81, 0.7
2.989, 0.015464075, 0.001588729, 2.989, -42.80720246, -29.32209, -29.32209, -9.81, 0.1, -9.81, 0.7
2.99, 0.015469156, 0.001589249, 2.99, -42.83652455, -29.3319, -29.3319, -9.81, 0.1, -9.81, 0.7
2.991, 0.015474136, 0.001589759, 2.991, -42.86585645, -29.34171, -29.34171, -9.81, 0.1, -9.81, 0.7
2.992, 0.015479076, 0.001590249, 2.992, -42.89519816, -29.35152, -29.35152, -9.81, 0.1, -9.81, 0.7
2.993, 0.015484206, 0.001590749, 2.993, -42.92454968, -29.36133, -29.36133, -9.81, 0.1, -9.81, 0.7
2.994, 0.015489146, 0.001591259, 2.994, -42.95391101, -29.37114, -29.37114, -9.81, 0.1, -9.81, 0.7
2.995, 0.015494296, 0.001591759, 2.995, -42.98328215, -29.38095, -29.38095, -9.81, 0.1, -9.81, 0.7
2.996, 0.015499267, 0.00159227, 2.996, -43.0126631, -29.39076, -29.39076, -9.81, 0.1, -9.81, 0.7
2.997, 0.015504407, 0.001592761, 2.997, -43.04205386, -29.40057, -29.40057, -9.81, 0.1, -9.81, 0.7
2.998, 0.015509377, 0.001593271, 2.998, -43.07145443, -29.41038, -29.41038, -9.81, 0.1, -9.81, 0.7
2.999, 0.015514458, 0.00159379, 2.999, -43.10086481, -29.42019, -29.42019, -9.81, 0.1, -9.81, 0.7
3, 0.015519458, 0.001594312, 3, -43.130285, -29.43, -29.43, -9.81, 0.1, -9.81, 0.7
3, 0.015526048, 0.001594781, 3, -43.130285, -29.43, -29.43, -9.81, 0.1, -9.81, 0.7
