time,fmu.x0,fmu.x1
0.001, 2.000000, 0.000000
0.002, 2.000000, 0.000000
0.003, 2.000000, 0.000000
0.004, 2.000000, 0.000000
0.005, 2.000000, 0.000000
0.006, 2.000000, 0.000000
0.007, 2.000000, 0.000000
0.008, 2.000000, 0.000000
0.009, 2.000000, 0.000000
0.01, 2.000000, -0.020000
0.011, 2.000000, -0.020000
0.012, 2.000000, -0.020000
0.013, 2.000000, -0.020000
0.014, 2.000000, -0.020000
0.015, 2.000000, -0.020000
0.016, 2.000000, -0.020000
0.017, 2.000000, -0.020000
0.018, 2.000000, -0.020000
0.019, 2.000000, -0.020000
0.02, 1.999800, -0.039400
0.021, 1.999800, -0.039400
0.022, 1.999800, -0.039400
0.023, 1.999800, -0.039400
0.024, 1.999800, -0.039400
0.025, 1.999800, -0.039400
0.026, 1.999800, -0.039400
0.027, 1.999800, -0.039400
0.028, 1.999800, -0.039400
0.029, 1.999800, -0.039400
0.03, 1.999406, -0.058216
0.031, 1.999406, -0.058216
0.032, 1.999406, -0.058216
0.033, 1.999406, -0.058216
0.034, 1.999406, -0.058216
0.035, 1.999406, -0.058216
0.036, 1.999406, -0.058216
0.037, 1.999406, -0.058216
0.038, 1.999406, -0.058216
0.039, 1.999406, -0.058216
0.04, 1.998824, -0.076465
0.041, 1.998824, -0.076465
0.042, 1.998824, -0.076465
0.043, 1.998824, -0.076465
0.044, 1.998824, -0.076465
0.045, 1.998824, -0.076465
0.046, 1.998824, -0.076465
0.047, 1.998824, -0.076465
0.048, 1.998824, -0.076465
0.049, 1.998824, -0.076465
0.05, 1.998059, -0.094163
0.051, 1.998059, -0.094163
0.052, 1.998059, -0.094163
0.053, 1.998059, -0.094163
0.054, 1.998059, -0.094163
0.055, 1.998059, -0.094163
0.056, 1.998059, -0.094163
0.057, 1.998059, -0.094163
0.058, 1.998059, -0.094163
0.059, 1.998059, -0.094163
0.06, 1.997118, -0.111326
0.061, 1.997118, -0.111326
0.062, 1.997118, -0.111326
0.063, 1.997118, -0.111326
0.064, 1.997118, -0.111326
0.065, 1.997118, -0.111326
0.066, 1.997118, -0.111326
0.067, 1.997118, -0.111326
0.068, 1.997118, -0.111326
0.069, 1.997118, -0.111326
0.07, 1.996004, -0.127970
0.071, 1.996004, -0.127970
0.072, 1.996004, -0.127970
0.073, 1.996004, -0.127970
0.074, 1.996004, -0.127970
0.075, 1.996004, -0.127970
0.076, 1.996004, -0.127970
0.077, 1.996004, -0.127970
0.078, 1.996004, -0.127970
0.079, 1.996004, -0.127970
0.08, 1.994725, -0.144112
0.081, 1.994725, -0.144112
0.082, 1.994725, -0.144112
0.083, 1.994725, -0.144112
0.084, 1.994725, -0.144112
0.085, 1.994725, -0.144112
0.086, 1.994725, -0.144112
0.087, 1.994725, -0.144112
0.088, 1.994725, -0.144112
0.089, 1.994725, -0.144112
0.09, 1.993283, -0.159766
0.091, 1.993283, -0.159766
0.092, 1.993283, -0.159766
0.093, 1.993283, -0.159766
0.094, 1.993283, -0.159766
0.095, 1.993283, -0.159766
0.096, 1.993283, -0.159766
0.097, 1.993283, -0.159766
0.098, 1.993283, -0.159766
0.099, 1.993283, -0.159766
0.1, 1.991686, -0.174949
0.101, 1.991686, -0.174949
0.102, 1.991686, -0.174949
0.103, 1.991686, -0.174949
0.104, 1.991686, -0.174949
0.105, 1.991686, -0.174949
0.106, 1.991686, -0.174949
0.107, 1.991686, -0.174949
0.108, 1.991686, -0.174949
0.109, 1.991686, -0.174949
0.11, 1.989936, -0.189675
0.111, 1.989936, -0.189675
0.112, 1.989936, -0.189675
0.113, 1.989936, -0.189675
0.114, 1.989936, -0.189675
0.115, 1.989936, -0.189675
0.116, 1.989936, -0.189675
0.117, 1.989936, -0.189675
0.118, 1.989936, -0.189675
0.119, 1.989936, -0.189675
0.12, 1.988040, -0.203960
0.121, 1.988040, -0.203960
0.122, 1.988040, -0.203960
0.123, 1.988040, -0.203960
0.124, 1.988040, -0.203960
0.125, 1.988040, -0.203960
0.126, 1.988040, -0.203960
0.127, 1.988040, -0.203960
0.128, 1.988040, -0.203960
0.129, 1.988040, -0.203960
0.13, 1.986000, -0.217819
0.131, 1.986000, -0.217819
0.132, 1.986000, -0.217819
0.133, 1.986000, -0.217819
0.134, 1.986000, -0.217819
0.135, 1.986000, -0.217819
0.136, 1.986000, -0.217819
0.137, 1.986000, -0.217819
0.138, 1.986000, -0.217819
0.139, 1.986000, -0.217819
0.14, 1.983822, -0.231266
0.141, 1.983822, -0.231266
0.142, 1.983822, -0.231266
0.143, 1.983822, -0.231266
0.144, 1.983822, -0.231266
0.145, 1.983822, -0.231266
0.146, 1.983822, -0.231266
0.147, 1.983822, -0.231266
0.148, 1.983822, -0.231266
0.149, 1.983822, -0.231266
0.15, 1.981509, -0.244316
0.151, 1.981509, -0.244316
0.152, 1.981509, -0.244316
0.153, 1.981509, -0.244316
0.154, 1.981509, -0.244316
0.155, 1.981509, -0.244316
0.156, 1.981509, -0.244316
0.157, 1.981509, -0.244316
0.158, 1.981509, -0.244316
0.159, 1.981509, -0.244316
0.16, 1.979066, -0.256981
0.161, 1.979066, -0.256981
0.162, 1.979066, -0.256981
0.163, 1.979066, -0.256981
0.164, 1.979066, -0.256981
0.165, 1.979066, -0.256981
0.166, 1.979066, -0.256981
0.167, 1.979066, -0.256981
0.168, 1.979066, -0.256981
0.169, 1.979066, -0.256981
0.17, 1.976496, -0.269276
0.171, 1.976496, -0.269276
0.172, 1.976496, -0.269276
0.173, 1.976496, -0.269276
0.174, 1.976496, -0.269276
0.175, 1.976496, -0.269276
0.176, 1.976496, -0.269276
0.177, 1.976496, -0.269276
0.178, 1.976496, -0.269276
0.179, 1.976496, -0.269276
0.18, 1.973803, -0.281215
0.181, 1.973803, -0.281215
0.182, 1.973803, -0.281215
0.183, 1.973803, -0.281215
0.184, 1.973803, -0.281215
0.185, 1.973803, -0.281215
0.186, 1.973803, -0.281215
0.187, 1.973803, -0.281215
0.188, 1.973803, -0.281215
0.189, 1.973803, -0.281215
0.19, 1.970991, -0.292809
0.191, 1.970991, -0.292809
0.192, 1.970991, -0.292809
0.193, 1.970991, -0.292809
0.194, 1.970991, -0.292809
0.195, 1.970991, -0.292809
0.196, 1.970991, -0.292809
0.197, 1.970991, -0.292809
0.198, 1.970991, -0.292809
0.199, 1.970991, -0.292809
0.2, 1.968063, -0.304072
0.201, 1.968063, -0.304072
0.202, 1.968063, -0.304072
0.203, 1.968063, -0.304072
0.204, 1.968063, -0.304072
0.205, 1.968063, -0.304072
0.206, 1.968063, -0.304072
0.207, 1.968063, -0.304072
0.208, 1.968063, -0.304072
0.209, 1.968063, -0.304072
0.21, 1.965022, -0.315016
0.211, 1.965022, -0.315016
0.212, 1.965022, -0.315016
0.213, 1.965022, -0.315016
0.214, 1.965022, -0.315016
0.215, 1.965022, -0.315016
0.216, 1.965022, -0.315016
0.217, 1.965022, -0.315016
0.218, 1.965022, -0.315016
0.219, 1.965022, -0.315016
0.22, 1.961872, -0.325652
0.221, 1.961872, -0.325652
0.222, 1.961872, -0.325652
0.223, 1.961872, -0.325652
0.224, 1.961872, -0.325652
0.225, 1.961872, -0.325652
0.226, 1.961872, -0.325652
0.227, 1.961872, -0.325652
0.228, 1.961872, -0.325652
0.229, 1.961872, -0.325652
0.23, 1.958616, -0.335993
0.231, 1.958616, -0.335993
0.232, 1.958616, -0.335993
0.233, 1.958616, -0.335993
0.234, 1.958616, -0.335993
0.235, 1.958616, -0.335993
0.236, 1.958616, -0.335993
0.237, 1.958616, -0.335993
0.238, 1.958616, -0.335993
0.239, 1.958616, -0.335993
0.24, 1.955256, -0.346050
0.241, 1.955256, -0.346050
0.242, 1.955256, -0.346050
0.243, 1.955256, -0.346050
0.244, 1.955256, -0.346050
0.245, 1.955256, -0.346050
0.246, 1.955256, -0.346050
0.247, 1.955256, -0.346050
0.248, 1.955256, -0.346050
0.249, 1.955256, -0.346050
0.25, 1.951795, -0.355834
0.251, 1.951795, -0.355834
0.252, 1.951795, -0.355834
0.253, 1.951795, -0.355834
0.254, 1.951795, -0.355834
0.255, 1.951795, -0.355834
0.256, 1.951795, -0.355834
0.257, 1.951795, -0.355834
0.258, 1.951795, -0.355834
0.259, 1.951795, -0.355834
0.26, 1.948237, -0.365355
0.261, 1.948237, -0.365355
0.262, 1.948237, -0.365355
0.263, 1.948237, -0.365355
0.264, 1.948237, -0.365355
0.265, 1.948237, -0.365355
0.266, 1.948237, -0.365355
0.267, 1.948237, -0.365355
0.268, 1.948237, -0.365355
0.269, 1.948237, -0.365355
0.27, 1.944583, -0.374623
0.271, 1.944583, -0.374623
0.272, 1.944583, -0.374623
0.273, 1.944583, -0.374623
0.274, 1.944583, -0.374623
0.275, 1.944583, -0.374623
0.276, 1.944583, -0.374623
0.277, 1.944583, -0.374623
0.278, 1.944583, -0.374623
0.279, 1.944583, -0.374623
0.28, 1.940837, -0.383649
0.281, 1.940837, -0.383649
0.282, 1.940837, -0.383649
0.283, 1.940837, -0.383649
0.284, 1.940837, -0.383649
0.285, 1.940837, -0.383649
0.286, 1.940837, -0.383649
0.287, 1.940837, -0.383649
0.288, 1.940837, -0.383649
0.289, 1.940837, -0.383649
0.29, 1.937001, -0.392442
0.291, 1.937001, -0.392442
0.292, 1.937001, -0.392442
0.293, 1.937001, -0.392442
0.294, 1.937001, -0.392442
0.295, 1.937001, -0.392442
0.296, 1.937001, -0.392442
0.297, 1.937001, -0.392442
0.298, 1.937001, -0.392442
0.299, 1.937001, -0.392442
0.3, 1.933076, -0.401012
0.301, 1.933076, -0.401012
0.302, 1.933076, -0.401012
0.303, 1.933076, -0.401012
0.304, 1.933076, -0.401012
0.305, 1.933076, -0.401012
0.306, 1.933076, -0.401012
0.307, 1.933076, -0.401012
0.308, 1.933076, -0.401012
0.309, 1.933076, -0.401012
0.31, 1.929066, -0.409368
0.311, 1.929066, -0.409368
0.312, 1.929066, -0.409368
0.313, 1.929066, -0.409368
0.314, 1.929066, -0.409368
0.315, 1.929066, -0.409368
0.316, 1.929066, -0.409368
0.317, 1.929066, -0.409368
0.318, 1.929066, -0.409368
0.319, 1.929066, -0.409368
0.32, 1.924972, -0.417519
0.321, 1.924972, -0.417519
0.322, 1.924972, -0.417519
0.323, 1.924972, -0.417519
0.324, 1.924972, -0.417519
0.325, 1.924972, -0.417519
0.326, 1.924972, -0.417519
0.327, 1.924972, -0.417519
0.328, 1.924972, -0.417519
0.329, 1.924972, -0.417519
0.33, 1.920797, -0.425473
0.331, 1.920797, -0.425473
0.332, 1.920797, -0.425473
0.333, 1.920797, -0.425473
0.334, 1.920797, -0.425473
0.335, 1.920797, -0.425473
0.336, 1.920797, -0.425473
0.337, 1.920797, -0.425473
0.338, 1.920797, -0.425473
0.339, 1.920797, -0.425473
0.34, 1.916543, -0.433238
0.341, 1.916543, -0.433238
0.342, 1.916543, -0.433238
0.343, 1.916543, -0.433238
0.344, 1.916543, -0.433238
0.345, 1.916543, -0.433238
0.346, 1.916543, -0.433238
0.347, 1.916543, -0.433238
0.348, 1.916543, -0.433238
0.349, 1.916543, -0.433238
0.35, 1.912210, -0.440822
0.351, 1.912210, -0.440822
0.352, 1.912210, -0.440822
0.353, 1.912210, -0.440822
0.354, 1.912210, -0.440822
0.355, 1.912210, -0.440822
0.356, 1.912210, -0.440822
0.357, 1.912210, -0.440822
0.358, 1.912210, -0.440822
0.359, 1.912210, -0.440822
0.36, 1.907802, -0.448234
0.361, 1.907802, -0.448234
0.362, 1.907802, -0.448234
0.363, 1.907802, -0.448234
0.364, 1.907802, -0.448234
0.365, 1.907802, -0.448234
0.366, 1.907802, -0.448234
0.367, 1.907802, -0.448234
0.368, 1.907802, -0.448234
0.369, 1.907802, -0.448234
0.37, 1.903320, -0.455479
0.371, 1.903320, -0.455479
0.372, 1.903320, -0.455479
0.373, 1.903320, -0.455479
0.374, 1.903320, -0.455479
0.375, 1.903320, -0.455479
0.376, 1.903320, -0.455479
0.377, 1.903320, -0.455479
0.378, 1.903320, -0.455479
0.379, 1.903320, -0.455479
0.38, 1.898765, -0.462567
0.381, 1.898765, -0.462567
0.382, 1.898765, -0.462567
0.383, 1.898765, -0.462567
0.384, 1.898765, -0.462567
0.385, 1.898765, -0.462567
0.386, 1.898765, -0.462567
0.387, 1.898765, -0.462567
0.388, 1.898765, -0.462567
0.389, 1.898765, -0.462567
0.39, 1.894139, -0.469503
0.391, 1.894139, -0.469503
0.392, 1.894139, -0.469503
0.393, 1.894139, -0.469503
0.394, 1.894139, -0.469503
0.395, 1.894139, -0.469503
0.396, 1.894139, -0.469503
0.397, 1.894139, -0.469503
0.398, 1.894139, -0.469503
0.399, 1.894139, -0.469503
0.4, 1.889444, -0.476295
0.401, 1.889444, -0.476295
0.402, 1.889444, -0.476295
0.403, 1.889444, -0.476295
0.404, 1.889444, -0.476295
0.405, 1.889444, -0.476295
0.406, 1.889444, -0.476295
0.407, 1.889444, -0.476295
0.408, 1.889444, -0.476295
0.409, 1.889444, -0.476295
0.41, 1.884681, -0.482949
0.411, 1.884681, -0.482949
0.412, 1.884681, -0.482949
0.413, 1.884681, -0.482949
0.414, 1.884681, -0.482949
0.415, 1.884681, -0.482949
0.416, 1.884681, -0.482949
0.417, 1.884681, -0.482949
0.418, 1.884681, -0.482949
0.419, 1.884681, -0.482949
0.42, 1.879852, -0.489471
0.421, 1.879852, -0.489471
0.422, 1.879852, -0.489471
0.423, 1.879852, -0.489471
0.424, 1.879852, -0.489471
0.425, 1.879852, -0.489471
0.426, 1.879852, -0.489471
0.427, 1.879852, -0.489471
0.428, 1.879852, -0.489471
0.429, 1.879852, -0.489471
0.43, 1.874957, -0.495867
0.431, 1.874957, -0.495867
0.432, 1.874957, -0.495867
0.433, 1.874957, -0.495867
0.434, 1.874957, -0.495867
0.435, 1.874957, -0.495867
0.436, 1.874957, -0.495867
0.437, 1.874957, -0.495867
0.438, 1.874957, -0.495867
0.439, 1.874957, -0.495867
0.44, 1.869998, -0.502143
0.441, 1.869998, -0.502143
0.442, 1.869998, -0.502143
0.443, 1.869998, -0.502143
0.444, 1.869998, -0.502143
0.445, 1.869998, -0.502143
0.446, 1.869998, -0.502143
0.447, 1.869998, -0.502143
0.448, 1.869998, -0.502143
0.449, 1.869998, -0.502143
0.45, 1.864977, -0.508305
0.451, 1.864977, -0.508305
0.452, 1.864977, -0.508305
0.453, 1.864977, -0.508305
0.454, 1.864977, -0.508305
0.455, 1.864977, -0.508305
0.456, 1.864977, -0.508305
0.457, 1.864977, -0.508305
0.458, 1.864977, -0.508305
0.459, 1.864977, -0.508305
0.46, 1.859894, -0.514358
0.461, 1.859894, -0.514358
0.462, 1.859894, -0.514358
0.463, 1.859894, -0.514358
0.464, 1.859894, -0.514358
0.465, 1.859894, -0.514358
0.466, 1.859894, -0.514358
0.467, 1.859894, -0.514358
0.468, 1.859894, -0.514358
0.469, 1.859894, -0.514358
0.47, 1.854750, -0.520308
0.471, 1.854750, -0.520308
0.472, 1.854750, -0.520308
0.473, 1.854750, -0.520308
0.474, 1.854750, -0.520308
0.475, 1.854750, -0.520308
0.476, 1.854750, -0.520308
0.477, 1.854750, -0.520308
0.478, 1.854750, -0.520308
0.479, 1.854750, -0.520308
0.48, 1.849547, -0.526160
0.481, 1.849547, -0.526160
0.482, 1.849547, -0.526160
0.483, 1.849547, -0.526160
0.484, 1.849547, -0.526160
0.485, 1.849547, -0.526160
0.486, 1.849547, -0.526160
0.487, 1.849547, -0.526160
0.488, 1.849547, -0.526160
0.489, 1.849547, -0.526160
0.49, 1.844286, -0.531918
0.491, 1.844286, -0.531918
0.492, 1.844286, -0.531918
0.493, 1.844286, -0.531918
0.494, 1.844286, -0.531918
0.495, 1.844286, -0.531918
0.496, 1.844286, -0.531918
0.497, 1.844286, -0.531918
0.498, 1.844286, -0.531918
0.499, 1.844286, -0.531918
0.5, 1.838966, -0.537587
0.501, 1.838966, -0.537587
0.502, 1.838966, -0.537587
0.503, 1.838966, -0.537587
0.504, 1.838966, -0.537587
0.505, 1.838966, -0.537587
0.506, 1.838966, -0.537587
0.507, 1.838966, -0.537587
0.508, 1.838966, -0.537587
0.509, 1.838966, -0.537587
0.51, 1.833591, -0.543173
0.511, 1.833591, -0.543173
0.512, 1.833591, -0.543173
0.513, 1.833591, -0.543173
0.514, 1.833591, -0.543173
0.515, 1.833591, -0.543173
0.516, 1.833591, -0.543173
0.517, 1.833591, -0.543173
0.518, 1.833591, -0.543173
0.519, 1.833591, -0.543173
0.52, 1.828159, -0.548678
0.521, 1.828159, -0.548678
0.522, 1.828159, -0.548678
0.523, 1.828159, -0.548678
0.524, 1.828159, -0.548678
0.525, 1.828159, -0.548678
0.526, 1.828159, -0.548678
0.527, 1.828159, -0.548678
0.528, 1.828159, -0.548678
0.529, 1.828159, -0.548678
0.53, 1.822672, -0.554109
0.531, 1.822672, -0.554109
0.532, 1.822672, -0.554109
0.533, 1.822672, -0.554109
0.534, 1.822672, -0.554109
0.535, 1.822672, -0.554109
0.536, 1.822672, -0.554109
0.537, 1.822672, -0.554109
0.538, 1.822672, -0.554109
0.539, 1.822672, -0.554109
0.54, 1.817131, -0.559469
0.541, 1.817131, -0.559469
0.542, 1.817131, -0.559469
0.543, 1.817131, -0.559469
0.544, 1.817131, -0.559469
0.545, 1.817131, -0.559469
0.546, 1.817131, -0.559469
0.547, 1.817131, -0.559469
0.548, 1.817131, -0.559469
0.549, 1.817131, -0.559469
0.55, 1.811536, -0.564761
0.551, 1.811536, -0.564761
0.552, 1.811536, -0.564761
0.553, 1.811536, -0.564761
0.554, 1.811536, -0.564761
0.555, 1.811536, -0.564761
0.556, 1.811536, -0.564761
0.557, 1.811536, -0.564761
0.558, 1.811536, -0.564761
0.559, 1.811536, -0.564761
0.56, 1.805889, -0.569991
0.561, 1.805889, -0.569991
0.562, 1.805889, -0.569991
0.563, 1.805889, -0.569991
0.564, 1.805889, -0.569991
0.565, 1.805889, -0.569991
0.566, 1.805889, -0.569991
0.567, 1.805889, -0.569991
0.568, 1.805889, -0.569991
0.569, 1.805889, -0.569991
0.57, 1.800189, -0.575161
0.571, 1.800189, -0.575161
0.572, 1.800189, -0.575161
0.573, 1.800189, -0.575161
0.574, 1.800189, -0.575161
0.575, 1.800189, -0.575161
0.576, 1.800189, -0.575161
0.577, 1.800189, -0.575161
0.578, 1.800189, -0.575161
0.579, 1.800189, -0.575161
0.58, 1.794437, -0.580275
0.581, 1.794437, -0.580275
0.582, 1.794437, -0.580275
0.583, 1.794437, -0.580275
0.584, 1.794437, -0.580275
0.585, 1.794437, -0.580275
0.586, 1.794437, -0.580275
0.587, 1.794437, -0.580275
0.588, 1.794437, -0.580275
0.589, 1.794437, -0.580275
0.59, 1.788634, -0.585337
0.591, 1.788634, -0.585337
0.592, 1.788634, -0.585337
0.593, 1.788634, -0.585337
0.594, 1.788634, -0.585337
0.595, 1.788634, -0.585337
0.596, 1.788634, -0.585337
0.597, 1.788634, -0.585337
0.598, 1.788634, -0.585337
0.599, 1.788634, -0.585337
0.6, 1.782781, -0.590351
0.601, 1.782781, -0.590351
0.602, 1.782781, -0.590351
0.603, 1.782781, -0.590351
0.604, 1.782781, -0.590351
0.605, 1.782781, -0.590351
0.606, 1.782781, -0.590351
0.607, 1.782781, -0.590351
0.608, 1.782781, -0.590351
0.609, 1.782781, -0.590351
0.61, 1.776877, -0.595319
0.611, 1.776877, -0.595319
0.612, 1.776877, -0.595319
0.613, 1.776877, -0.595319
0.614, 1.776877, -0.595319
0.615, 1.776877, -0.595319
0.616, 1.776877, -0.595319
0.617, 1.776877, -0.595319
0.618, 1.776877, -0.595319
0.619, 1.776877, -0.595319
0.62, 1.770924, -0.600245
0.621, 1.770924, -0.600245
0.622, 1.770924, -0.600245
0.623, 1.770924, -0.600245
0.624, 1.770924, -0.600245
0.625, 1.770924, -0.600245
0.626, 1.770924, -0.600245
0.627, 1.770924, -0.600245
0.628, 1.770924, -0.600245
0.629, 1.770924, -0.600245
0.63, 1.764922, -0.605132
0.631, 1.764922, -0.605132
0.632, 1.764922, -0.605132
0.633, 1.764922, -0.605132
0.634, 1.764922, -0.605132
0.635, 1.764922, -0.605132
0.636, 1.764922, -0.605132
0.637, 1.764922, -0.605132
0.638, 1.764922, -0.605132
0.639, 1.764922, -0.605132
0.64, 1.758871, -0.609983
0.641, 1.758871, -0.609983
0.642, 1.758871, -0.609983
0.643, 1.758871, -0.609983
0.644, 1.758871, -0.609983
0.645, 1.758871, -0.609983
0.646, 1.758871, -0.609983
0.647, 1.758871, -0.609983
0.648, 1.758871, -0.609983
0.649, 1.758871, -0.609983
0.65, 1.752771, -0.614801
0.651, 1.752771, -0.614801
0.652, 1.752771, -0.614801
0.653, 1.752771, -0.614801
0.654, 1.752771, -0.614801
0.655, 1.752771, -0.614801
0.656, 1.752771, -0.614801
0.657, 1.752771, -0.614801
0.658, 1.752771, -0.614801
0.659, 1.752771, -0.614801
0.66, 1.746623, -0.619589
0.661, 1.746623, -0.619589
0.662, 1.746623, -0.619589
0.663, 1.746623, -0.619589
0.664, 1.746623, -0.619589
0.665, 1.746623, -0.619589
0.666, 1.746623, -0.619589
0.667, 1.746623, -0.619589
0.668, 1.746623, -0.619589
0.669, 1.746623, -0.619589
0.67, 1.740427, -0.624349
0.671, 1.740427, -0.624349
0.672, 1.740427, -0.624349
0.673, 1.740427, -0.624349
0.674, 1.740427, -0.624349
0.675, 1.740427, -0.624349
0.676, 1.740427, -0.624349
0.677, 1.740427, -0.624349
0.678, 1.740427, -0.624349
0.679, 1.740427, -0.624349
0.68, 1.734183, -0.629085
0.681, 1.734183, -0.629085
0.682, 1.734183, -0.629085
0.683, 1.734183, -0.629085
0.684, 1.734183, -0.629085
0.685, 1.734183, -0.629085
0.686, 1.734183, -0.629085
0.687, 1.734183, -0.629085
0.688, 1.734183, -0.629085
0.689, 1.734183, -0.629085
0.69, 1.727892, -0.633798
0.691, 1.727892, -0.633798
0.692, 1.727892, -0.633798
0.693, 1.727892, -0.633798
0.694, 1.727892, -0.633798
0.695, 1.727892, -0.633798
0.696, 1.727892, -0.633798
0.697, 1.727892, -0.633798
0.698, 1.727892, -0.633798
0.699, 1.727892, -0.633798
0.7, 1.721554, -0.638492
0.701, 1.721554, -0.638492
0.702, 1.721554, -0.638492
0.703, 1.721554, -0.638492
0.704, 1.721554, -0.638492
0.705, 1.721554, -0.638492
0.706, 1.721554, -0.638492
0.707, 1.721554, -0.638492
0.708, 1.721554, -0.638492
0.709, 1.721554, -0.638492
0.71, 1.715170, -0.643170
0.711, 1.715170, -0.643170
0.712, 1.715170, -0.643170
0.713, 1.715170, -0.643170
0.714, 1.715170, -0.643170
0.715, 1.715170, -0.643170
0.716, 1.715170, -0.643170
0.717, 1.715170, -0.643170
0.718, 1.715170, -0.643170
0.719, 1.715170, -0.643170
0.72, 1.708738, -0.647832
0.721, 1.708738, -0.647832
0.722, 1.708738, -0.647832
0.723, 1.708738, -0.647832
0.724, 1.708738, -0.647832
0.725, 1.708738, -0.647832
0.726, 1.708738, -0.647832
0.727, 1.708738, -0.647832
0.728, 1.708738, -0.647832
0.729, 1.708738, -0.647832
0.73, 1.702260, -0.652483
0.731, 1.702260, -0.652483
0.732, 1.702260, -0.652483
0.733, 1.702260, -0.652483
0.734, 1.702260, -0.652483
0.735, 1.702260, -0.652483
0.736, 1.702260, -0.652483
0.737, 1.702260, -0.652483
0.738, 1.702260, -0.652483
0.739, 1.702260, -0.652483
0.74, 1.695735, -0.657123
0.741, 1.695735, -0.657123
0.742, 1.695735, -0.657123
0.743, 1.695735, -0.657123
0.744, 1.695735, -0.657123
0.745, 1.695735, -0.657123
0.746, 1.695735, -0.657123
0.747, 1.695735, -0.657123
0.748, 1.695735, -0.657123
0.749, 1.695735, -0.657123
0.75, 1.689163, -0.661756
0.751, 1.689163, -0.661756
0.752, 1.689163, -0.661756
0.753, 1.689163, -0.661756
0.754, 1.689163, -0.661756
0.755, 1.689163, -0.661756
0.756, 1.689163, -0.661756
0.757, 1.689163, -0.661756
0.758, 1.689163, -0.661756
0.759, 1.689163, -0.661756
0.76, 1.682546, -0.666384
0.761, 1.682546, -0.666384
0.762, 1.682546, -0.666384
0.763, 1.682546, -0.666384
0.764, 1.682546, -0.666384
0.765, 1.682546, -0.666384
0.766, 1.682546, -0.666384
0.767, 1.682546, -0.666384
0.768, 1.682546, -0.666384
0.769, 1.682546, -0.666384
0.77, 1.675882, -0.671008
0.771, 1.675882, -0.671008
0.772, 1.675882, -0.671008
0.773, 1.675882, -0.671008
0.774, 1.675882, -0.671008
0.775, 1.675882, -0.671008
0.776, 1.675882, -0.671008
0.777, 1.675882, -0.671008
0.778, 1.675882, -0.671008
0.779, 1.675882, -0.671008
0.78, 1.669172, -0.675631
0.781, 1.669172, -0.675631
0.782, 1.669172, -0.675631
0.783, 1.669172, -0.675631
0.784, 1.669172, -0.675631
0.785, 1.669172, -0.675631
0.786, 1.669172, -0.675631
0.787, 1.669172, -0.675631
0.788, 1.669172, -0.675631
0.789, 1.669172, -0.675631
0.79, 1.662416, -0.680255
0.791, 1.662416, -0.680255
0.792, 1.662416, -0.680255
0.793, 1.662416, -0.680255
0.794, 1.662416, -0.680255
0.795, 1.662416, -0.680255
0.796, 1.662416, -0.680255
0.797, 1.662416, -0.680255
0.798, 1.662416, -0.680255
0.799, 1.662416, -0.680255
0.8, 1.655613, -0.684882
0.801, 1.655613, -0.684882
0.802, 1.655613, -0.684882
0.803, 1.655613, -0.684882
0.804, 1.655613, -0.684882
0.805, 1.655613, -0.684882
0.806, 1.655613, -0.684882
0.807, 1.655613, -0.684882
0.808, 1.655613, -0.684882
0.809, 1.655613, -0.684882
0.81, 1.648764, -0.689514
0.811, 1.648764, -0.689514
0.812, 1.648764, -0.689514
0.813, 1.648764, -0.689514
0.814, 1.648764, -0.689514
0.815, 1.648764, -0.689514
0.816, 1.648764, -0.689514
0.817, 1.648764, -0.689514
0.818, 1.648764, -0.689514
0.819, 1.648764, -0.689514
0.82, 1.641869, -0.694153
0.821, 1.641869, -0.694153
0.822, 1.641869, -0.694153
0.823, 1.641869, -0.694153
0.824, 1.641869, -0.694153
0.825, 1.641869, -0.694153
0.826, 1.641869, -0.694153
0.827, 1.641869, -0.694153
0.828, 1.641869, -0.694153
0.829, 1.641869, -0.694153
0.83, 1.634928, -0.698800
0.831, 1.634928, -0.698800
0.832, 1.634928, -0.698800
0.833, 1.634928, -0.698800
0.834, 1.634928, -0.698800
0.835, 1.634928, -0.698800
0.836, 1.634928, -0.698800
0.837, 1.634928, -0.698800
0.838, 1.634928, -0.698800
0.839, 1.634928, -0.698800
0.84, 1.627940, -0.703459
0.841, 1.627940, -0.703459
0.842, 1.627940, -0.703459
0.843, 1.627940, -0.703459
0.844, 1.627940, -0.703459
0.845, 1.627940, -0.703459
0.846, 1.627940, -0.703459
0.847, 1.627940, -0.703459
0.848, 1.627940, -0.703459
0.849, 1.627940, -0.703459
0.85, 1.620905, -0.708130
0.851, 1.620905, -0.708130
0.852, 1.620905, -0.708130
0.853, 1.620905, -0.708130
0.854, 1.620905, -0.708130
0.855, 1.620905, -0.708130
0.856, 1.620905, -0.708130
0.857, 1.620905, -0.708130
0.858, 1.620905, -0.708130
0.859, 1.620905, -0.708130
0.86, 1.613824, -0.712815
0.861, 1.613824, -0.712815
0.862, 1.613824, -0.712815
0.863, 1.613824, -0.712815
0.864, 1.613824, -0.712815
0.865, 1.613824, -0.712815
0.866, 1.613824, -0.712815
0.867, 1.613824, -0.712815
0.868, 1.613824, -0.712815
0.869, 1.613824, -0.712815
0.87, 1.606696, -0.717517
0.871, 1.606696, -0.717517
0.872, 1.606696, -0.717517
0.873, 1.606696, -0.717517
0.874, 1.606696, -0.717517
0.875, 1.606696, -0.717517
0.876, 1.606696, -0.717517
0.877, 1.606696, -0.717517
0.878, 1.606696, -0.717517
0.879, 1.606696, -0.717517
0.88, 1.599520, -0.722237
0.881, 1.599520, -0.722237
0.882, 1.599520, -0.722237
0.883, 1.599520, -0.722237
0.884, 1.599520, -0.722237
0.885, 1.599520, -0.722237
0.886, 1.599520, -0.722237
0.887, 1.599520, -0.722237
0.888, 1.599520, -0.722237
0.889, 1.599520, -0.722237
0.89, 1.592298, -0.726976
0.891, 1.592298, -0.726976
0.892, 1.592298, -0.726976
0.893, 1.592298, -0.726976
0.894, 1.592298, -0.726976
0.895, 1.592298, -0.726976
0.896, 1.592298, -0.726976
0.897, 1.592298, -0.726976
0.898, 1.592298, -0.726976
0.899, 1.592298, -0.726976
0.9, 1.585028, -0.731737
0.901, 1.585028, -0.731737
0.902, 1.585028, -0.731737
0.903, 1.585028, -0.731737
0.904, 1.585028, -0.731737
0.905, 1.585028, -0.731737
0.906, 1.585028, -0.731737
0.907, 1.585028, -0.731737
0.908, 1.585028, -0.731737
0.909, 1.585028, -0.731737
0.91, 1.577711, -0.736521
0.911, 1.577711, -0.736521
0.912, 1.577711, -0.736521
0.913, 1.577711, -0.736521
0.914, 1.577711, -0.736521
0.915, 1.577711, -0.736521
0.916, 1.577711, -0.736521
0.917, 1.577711, -0.736521
0.918, 1.577711, -0.736521
0.919, 1.577711, -0.736521
0.92, 1.570346, -0.741330
0.921, 1.570346, -0.741330
0.922, 1.570346, -0.741330
0.923, 1.570346, -0.741330
0.924, 1.570346, -0.741330
0.925, 1.570346, -0.741330
0.926, 1.570346, -0.741330
0.927, 1.570346, -0.741330
0.928, 1.570346, -0.741330
0.929, 1.570346, -0.741330
0.93, 1.562932, -0.746166
0.931, 1.562932, -0.746166
0.932, 1.562932, -0.746166
0.933, 1.562932, -0.746166
0.934, 1.562932, -0.746166
0.935, 1.562932, -0.746166
0.936, 1.562932, -0.746166
0.937, 1.562932, -0.746166
0.938, 1.562932, -0.746166
0.939, 1.562932, -0.746166
0.94, 1.555471, -0.751030
0.941, 1.555471, -0.751030
0.942, 1.555471, -0.751030
0.943, 1.555471, -0.751030
0.944, 1.555471, -0.751030
0.945, 1.555471, -0.751030
0.946, 1.555471, -0.751030
0.947, 1.555471, -0.751030
0.948, 1.555471, -0.751030
0.949, 1.555471, -0.751030
0.95, 1.547960, -0.755924
0.951, 1.547960, -0.755924
0.952, 1.547960, -0.755924
0.953, 1.547960, -0.755924
0.954, 1.547960, -0.755924
0.955, 1.547960, -0.755924
0.956, 1.547960, -0.755924
0.957, 1.547960, -0.755924
0.958, 1.547960, -0.755924
0.959, 1.547960, -0.755924
0.96, 1.540401, -0.760849
0.961, 1.540401, -0.760849
0.962, 1.540401, -0.760849
0.963, 1.540401, -0.760849
0.964, 1.540401, -0.760849
0.965, 1.540401, -0.760849
0.966, 1.540401, -0.760849
0.967, 1.540401, -0.760849
0.968, 1.540401, -0.760849
0.969, 1.540401, -0.760849
0.97, 1.532793, -0.765808
0.971, 1.532793, -0.765808
0.972, 1.532793, -0.765808
0.973, 1.532793, -0.765808
0.974, 1.532793, -0.765808
0.975, 1.532793, -0.765808
0.976, 1.532793, -0.765808
0.977, 1.532793, -0.765808
0.978, 1.532793, -0.765808
0.979, 1.532793, -0.765808
0.98, 1.525135, -0.770802
0.981, 1.525135, -0.770802
0.982, 1.525135, -0.770802
0.983, 1.525135, -0.770802
0.984, 1.525135, -0.770802
0.985, 1.525135, -0.770802
0.986, 1.525135, -0.770802
0.987, 1.525135, -0.770802
0.988, 1.525135, -0.770802
0.989, 1.525135, -0.770802
0.99, 1.517427, -0.775832
0.991, 1.517427, -0.775832
0.992, 1.517427, -0.775832
0.993, 1.517427, -0.775832
0.994, 1.517427, -0.775832
0.995, 1.517427, -0.775832
0.996, 1.517427, -0.775832
0.997, 1.517427, -0.775832
0.998, 1.517427, -0.775832
0.999, 1.517427, -0.775832
1, 1.509668, -0.780900
1.001, 1.509668, -0.780900
1.002, 1.509668, -0.780900
1.003, 1.509668, -0.780900
1.004, 1.509668, -0.780900
1.005, 1.509668, -0.780900
1.006, 1.509668, -0.780900
1.007, 1.509668, -0.780900
1.008, 1.509668, -0.780900
1.009, 1.509668, -0.780900
1.01, 1.501859, -0.786008
1.011, 1.501859, -0.786008
1.012, 1.501859, -0.786008
1.013, 1.501859, -0.786008
1.014, 1.501859, -0.786008
1.015, 1.501859, -0.786008
1.016, 1.501859, -0.786008
1.017, 1.501859, -0.786008
1.018, 1.501859, -0.786008
1.019, 1.501859, -0.786008
1.02, 1.493999, -0.791158
1.021, 1.493999, -0.791158
1.022, 1.493999, -0.791158
1.023, 1.493999, -0.791158
1.024, 1.493999, -0.791158
1.025, 1.493999, -0.791158
1.026, 1.493999, -0.791158
1.027, 1.493999, -0.791158
1.028, 1.493999, -0.791158
1.029, 1.493999, -0.791158
1.03, 1.486088, -0.796351
1.031, 1.486088, -0.796351
1.032, 1.486088, -0.796351
1.033, 1.486088, -0.796351
1.034, 1.486088, -0.796351
1.035, 1.486088, -0.796351
1.036, 1.486088, -0.796351
1.037, 1.486088, -0.796351
1.038, 1.486088, -0.796351
1.039, 1.486088, -0.796351
1.04, 1.478124, -0.801588
1.041, 1.478124, -0.801588
1.042, 1.478124, -0.801588
1.043, 1.478124, -0.801588
1.044, 1.478124, -0.801588
1.045, 1.478124, -0.801588
1.046, 1.478124, -0.801588
1.047, 1.478124, -0.801588
1.048, 1.478124, -0.801588
1.049, 1.478124, -0.801588
1.05, 1.470108, -0.806872
1.051, 1.470108, -0.806872
1.052, 1.470108, -0.806872
1.053, 1.470108, -0.806872
1.054, 1.470108, -0.806872
1.055, 1.470108, -0.806872
1.056, 1.470108, -0.806872
1.057, 1.470108, -0.806872
1.058, 1.470108, -0.806872
1.059, 1.470108, -0.806872
1.06, 1.462040, -0.812203
1.061, 1.462040, -0.812203
1.062, 1.462040, -0.812203
1.063, 1.462040, -0.812203
1.064, 1.462040, -0.812203
1.065, 1.462040, -0.812203
1.066, 1.462040, -0.812203
1.067, 1.462040, -0.812203
1.068, 1.462040, -0.812203
1.069, 1.462040, -0.812203
1.07, 1.453918, -0.817584
1.071, 1.453918, -0.817584
1.072, 1.453918, -0.817584
1.073, 1.453918, -0.817584
1.074, 1.453918, -0.817584
1.075, 1.453918, -0.817584
1.076, 1.453918, -0.817584
1.077, 1.453918, -0.817584
1.078, 1.453918, -0.817584
1.079, 1.453918, -0.817584
1.08, 1.445742, -0.823017
1.081, 1.445742, -0.823017
1.082, 1.445742, -0.823017
1.083, 1.445742, -0.823017
1.084, 1.445742, -0.823017
1.085, 1.445742, -0.823017
1.086, 1.445742, -0.823017
1.087, 1.445742, -0.823017
1.088, 1.445742, -0.823017
1.089, 1.445742, -0.823017
1.09, 1.437512, -0.828502
1.091, 1.437512, -0.828502
1.092, 1.437512, -0.828502
1.093, 1.437512, -0.828502
1.094, 1.437512, -0.828502
1.095, 1.437512, -0.828502
1.096, 1.437512, -0.828502
1.097, 1.437512, -0.828502
1.098, 1.437512, -0.828502
1.099, 1.437512, -0.828502
1.1, 1.429227, -0.834041
1.101, 1.429227, -0.834041
1.102, 1.429227, -0.834041
1.103, 1.429227, -0.834041
1.104, 1.429227, -0.834041
1.105, 1.429227, -0.834041
1.106, 1.429227, -0.834041
1.107, 1.429227, -0.834041
1.108, 1.429227, -0.834041
1.109, 1.429227, -0.834041
1.11, 1.420886, -0.839637
1.111, 1.420886, -0.839637
1.112, 1.420886, -0.839637
1.113, 1.420886, -0.839637
1.114, 1.420886, -0.839637
1.115, 1.420886, -0.839637
1.116, 1.420886, -0.839637
1.117, 1.420886, -0.839637
1.118, 1.420886, -0.839637
1.119, 1.420886, -0.839637
1.12, 1.412490, -0.845291
1.121, 1.412490, -0.845291
1.122, 1.412490, -0.845291
1.123, 1.412490, -0.845291
1.124, 1.412490, -0.845291
1.125, 1.412490, -0.845291
1.126, 1.412490, -0.845291
1.127, 1.412490, -0.845291
1.128, 1.412490, -0.845291
1.129, 1.412490, -0.845291
1.13, 1.404037, -0.851004
1.131, 1.404037, -0.851004
1.132, 1.404037, -0.851004
1.133, 1.404037, -0.851004
1.134, 1.404037, -0.851004
1.135, 1.404037, -0.851004
1.136, 1.404037, -0.851004
1.137, 1.404037, -0.851004
1.138, 1.404037, -0.851004
1.139, 1.404037, -0.851004
1.14, 1.395527, -0.856778
1.141, 1.395527, -0.856778
1.142, 1.395527, -0.856778
1.143, 1.395527, -0.856778
1.144, 1.395527, -0.856778
1.145, 1.395527, -0.856778
1.146, 1.395527, -0.856778
1.147, 1.395527, -0.856778
1.148, 1.395527, -0.856778
1.149, 1.395527, -0.856778
1.15, 1.386959, -0.862616
1.151, 1.386959, -0.862616
1.152, 1.386959, -0.862616
1.153, 1.386959, -0.862616
1.154, 1.386959, -0.862616
1.155, 1.386959, -0.862616
1.156, 1.386959, -0.862616
1.157, 1.386959, -0.862616
1.158, 1.386959, -0.862616
1.159, 1.386959, -0.862616
1.16, 1.378333, -0.868518
1.161, 1.378333, -0.868518
1.162, 1.378333, -0.868518
1.163, 1.378333, -0.868518
1.164, 1.378333, -0.868518
1.165, 1.378333, -0.868518
1.166, 1.378333, -0.868518
1.167, 1.378333, -0.868518
1.168, 1.378333, -0.868518
1.169, 1.378333, -0.868518
1.17, 1.369648, -0.874486
1.171, 1.369648, -0.874486
1.172, 1.369648, -0.874486
1.173, 1.369648, -0.874486
1.174, 1.369648, -0.874486
1.175, 1.369648, -0.874486
1.176, 1.369648, -0.874486
1.177, 1.369648, -0.874486
1.178, 1.369648, -0.874486
1.179, 1.369648, -0.874486
1.18, 1.360903, -0.880523
1.181, 1.360903, -0.880523
1.182, 1.360903, -0.880523
1.183, 1.360903, -0.880523
1.184, 1.360903, -0.880523
1.185, 1.360903, -0.880523
1.186, 1.360903, -0.880523
1.187, 1.360903, -0.880523
1.188, 1.360903, -0.880523
1.189, 1.360903, -0.880523
1.19, 1.352098, -0.886629
1.191, 1.352098, -0.886629
1.192, 1.352098, -0.886629
1.193, 1.352098, -0.886629
1.194, 1.352098, -0.886629
1.195, 1.352098, -0.886629
1.196, 1.352098, -0.886629
1.197, 1.352098, -0.886629
1.198, 1.352098, -0.886629
1.199, 1.352098, -0.886629
1.2, 1.343231, -0.892807
1.201, 1.343231, -0.892807
1.202, 1.343231, -0.892807
1.203, 1.343231, -0.892807
1.204, 1.343231, -0.892807
1.205, 1.343231, -0.892807
1.206, 1.343231, -0.892807
1.207, 1.343231, -0.892807
1.208, 1.343231, -0.892807
1.209, 1.343231, -0.892807
1.21, 1.334303, -0.899059
1.211, 1.334303, -0.899059
1.212, 1.334303, -0.899059
1.213, 1.334303, -0.899059
1.214, 1.334303, -0.899059
1.215, 1.334303, -0.899059
1.216, 1.334303, -0.899059
1.217, 1.334303, -0.899059
1.218, 1.334303, -0.899059
1.219, 1.334303, -0.899059
1.22, 1.325313, -0.905386
1.221, 1.325313, -0.905386
1.222, 1.325313, -0.905386
1.223, 1.325313, -0.905386
1.224, 1.325313, -0.905386
1.225, 1.325313, -0.905386
1.226, 1.325313, -0.905386
1.227, 1.325313, -0.905386
1.228, 1.325313, -0.905386
1.229, 1.325313, -0.905386
1.23, 1.316259, -0.911791
1.231, 1.316259, -0.911791
1.232, 1.316259, -0.911791
1.233, 1.316259, -0.911791
1.234, 1.316259, -0.911791
1.235, 1.316259, -0.911791
1.236, 1.316259, -0.911791
1.237, 1.316259, -0.911791
1.238, 1.316259, -0.911791
1.239, 1.316259, -0.911791
1.24, 1.307141, -0.918274
1.241, 1.307141, -0.918274
1.242, 1.307141, -0.918274
1.243, 1.307141, -0.918274
1.244, 1.307141, -0.918274
1.245, 1.307141, -0.918274
1.246, 1.307141, -0.918274
1.247, 1.307141, -0.918274
1.248, 1.307141, -0.918274
1.249, 1.307141, -0.918274
1.25, 1.297958, -0.924838
1.251, 1.297958, -0.924838
1.252, 1.297958, -0.924838
1.253, 1.297958, -0.924838
1.254, 1.297958, -0.924838
1.255, 1.297958, -0.924838
1.256, 1.297958, -0.924838
1.257, 1.297958, -0.924838
1.258, 1.297958, -0.924838
1.259, 1.297958, -0.924838
1.26, 1.288710, -0.931486
1.261, 1.288710, -0.931486
1.262, 1.288710, -0.931486
1.263, 1.288710, -0.931486
1.264, 1.288710, -0.931486
1.265, 1.288710, -0.931486
1.266, 1.288710, -0.931486
1.267, 1.288710, -0.931486
1.268, 1.288710, -0.931486
1.269, 1.288710, -0.931486
1.27, 1.279395, -0.938218
1.271, 1.279395, -0.938218
1.272, 1.279395, -0.938218
1.273, 1.279395, -0.938218
1.274, 1.279395, -0.938218
1.275, 1.279395, -0.938218
1.276, 1.279395, -0.938218
1.277, 1.279395, -0.938218
1.278, 1.279395, -0.938218
1.279, 1.279395, -0.938218
1.28, 1.270013, -0.945037
1.281, 1.270013, -0.945037
1.282, 1.270013, -0.945037
1.283, 1.270013, -0.945037
1.284, 1.270013, -0.945037
1.285, 1.270013, -0.945037
1.286, 1.270013, -0.945037
1.287, 1.270013, -0.945037
1.288, 1.270013, -0.945037
1.289, 1.270013, -0.945037
1.29, 1.260562, -0.951944
1.291, 1.260562, -0.951944
1.292, 1.260562, -0.951944
1.293, 1.260562, -0.951944
1.294, 1.260562, -0.951944
1.295, 1.260562, -0.951944
1.296, 1.260562, -0.951944
1.297, 1.260562, -0.951944
1.298, 1.260562, -0.951944
1.299, 1.260562, -0.951944
1.3, 1.251043, -0.958943
1.301, 1.251043, -0.958943
1.302, 1.251043, -0.958943
1.303, 1.251043, -0.958943
1.304, 1.251043, -0.958943
1.305, 1.251043, -0.958943
1.306, 1.251043, -0.958943
1.307, 1.251043, -0.958943
1.308, 1.251043, -0.958943
1.309, 1.251043, -0.958943
1.31, 1.241453, -0.966034
1.311, 1.241453, -0.966034
1.312, 1.241453, -0.966034
1.313, 1.241453, -0.966034
1.314, 1.241453, -0.966034
1.315, 1.241453, -0.966034
1.316, 1.241453, -0.966034
1.317, 1.241453, -0.966034
1.318, 1.241453, -0.966034
1.319, 1.241453, -0.966034
1.32, 1.231793, -0.973220
1.321, 1.231793, -0.973220
1.322, 1.231793, -0.973220
1.323, 1.231793, -0.973220
1.324, 1.231793, -0.973220
1.325, 1.231793, -0.973220
1.326, 1.231793, -0.973220
1.327, 1.231793, -0.973220
1.328, 1.231793, -0.973220
1.329, 1.231793, -0.973220
1.33, 1.222061, -0.980504
1.331, 1.222061, -0.980504
1.332, 1.222061, -0.980504
1.333, 1.222061, -0.980504
1.334, 1.222061, -0.980504
1.335, 1.222061, -0.980504
1.336, 1.222061, -0.980504
1.337, 1.222061, -0.980504
1.338, 1.222061, -0.980504
1.339, 1.222061, -0.980504
1.34, 1.212256, -0.987886
1.341, 1.212256, -0.987886
1.342, 1.212256, -0.987886
1.343, 1.212256, -0.987886
1.344, 1.212256, -0.987886
1.345, 1.212256, -0.987886
1.346, 1.212256, -0.987886
1.347, 1.212256, -0.987886
1.348, 1.212256, -0.987886
1.349, 1.212256, -0.987886
1.35, 1.202377, -0.995370
1.351, 1.202377, -0.995370
1.352, 1.202377, -0.995370
1.353, 1.202377, -0.995370
1.354, 1.202377, -0.995370
1.355, 1.202377, -0.995370
1.356, 1.202377, -0.995370
1.357, 1.202377, -0.995370
1.358, 1.202377, -0.995370
1.359, 1.202377, -0.995370
1.36, 1.192423, -1.002957
1.361, 1.192423, -1.002957
1.362, 1.192423, -1.002957
1.363, 1.192423, -1.002957
1.364, 1.192423, -1.002957
1.365, 1.192423, -1.002957
1.366, 1.192423, -1.002957
1.367, 1.192423, -1.002957
1.368, 1.192423, -1.002957
1.369, 1.192423, -1.002957
1.37, 1.182394, -1.010650
1.371, 1.182394, -1.010650
1.372, 1.182394, -1.010650
1.373, 1.182394, -1.010650
1.374, 1.182394, -1.010650
1.375, 1.182394, -1.010650
1.376, 1.182394, -1.010650
1.377, 1.182394, -1.010650
1.378, 1.182394, -1.010650
1.379, 1.182394, -1.010650
1.38, 1.172287, -1.018451
1.381, 1.172287, -1.018451
1.382, 1.172287, -1.018451
1.383, 1.172287, -1.018451
1.384, 1.172287, -1.018451
1.385, 1.172287, -1.018451
1.386, 1.172287, -1.018451
1.387, 1.172287, -1.018451
1.388, 1.172287, -1.018451
1.389, 1.172287, -1.018451
1.39, 1.162103, -1.026363
1.391, 1.162103, -1.026363
1.392, 1.162103, -1.026363
1.393, 1.162103, -1.026363
1.394, 1.162103, -1.026363
1.395, 1.162103, -1.026363
1.396, 1.162103, -1.026363
1.397, 1.162103, -1.026363
1.398, 1.162103, -1.026363
1.399, 1.162103, -1.026363
1.4, 1.151839, -1.034386
1.401, 1.151839, -1.034386
1.402, 1.151839, -1.034386
1.403, 1.151839, -1.034386
1.404, 1.151839, -1.034386
1.405, 1.151839, -1.034386
1.406, 1.151839, -1.034386
1.407, 1.151839, -1.034386
1.408, 1.151839, -1.034386
1.409, 1.151839, -1.034386
1.41, 1.141495, -1.042525
1.411, 1.141495, -1.042525
1.412, 1.141495, -1.042525
1.413, 1.141495, -1.042525
1.414, 1.141495, -1.042525
1.415, 1.141495, -1.042525
1.416, 1.141495, -1.042525
1.417, 1.141495, -1.042525
1.418, 1.141495, -1.042525
1.419, 1.141495, -1.042525
1.42, 1.131070, -1.050781
1.421, 1.131070, -1.050781
1.422, 1.131070, -1.050781
1.423, 1.131070, -1.050781
1.424, 1.131070, -1.050781
1.425, 1.131070, -1.050781
1.426, 1.131070, -1.050781
1.427, 1.131070, -1.050781
1.428, 1.131070, -1.050781
1.429, 1.131070, -1.050781
1.43, 1.120562, -1.059157
1.431, 1.120562, -1.059157
1.432, 1.120562, -1.059157
1.433, 1.120562, -1.059157
1.434, 1.120562, -1.059157
1.435, 1.120562, -1.059157
1.436, 1.120562, -1.059157
1.437, 1.120562, -1.059157
1.438, 1.120562, -1.059157
1.439, 1.120562, -1.059157
1.44, 1.109971, -1.067654
1.441, 1.109971, -1.067654
1.442, 1.109971, -1.067654
1.443, 1.109971, -1.067654
1.444, 1.109971, -1.067654
1.445, 1.109971, -1.067654
1.446, 1.109971, -1.067654
1.447, 1.109971, -1.067654
1.448, 1.109971, -1.067654
1.449, 1.109971, -1.067654
1.45, 1.099294, -1.076277
1.451, 1.099294, -1.076277
1.452, 1.099294, -1.076277
1.453, 1.099294, -1.076277
1.454, 1.099294, -1.076277
1.455, 1.099294, -1.076277
1.456, 1.099294, -1.076277
1.457, 1.099294, -1.076277
1.458, 1.099294, -1.076277
1.459, 1.099294, -1.076277
1.46, 1.088531, -1.085026
1.461, 1.088531, -1.085026
1.462, 1.088531, -1.085026
1.463, 1.088531, -1.085026
1.464, 1.088531, -1.085026
1.465, 1.088531, -1.085026
1.466, 1.088531, -1.085026
1.467, 1.088531, -1.085026
1.468, 1.088531, -1.085026
1.469, 1.088531, -1.085026
1.47, 1.077681, -1.093905
1.471, 1.077681, -1.093905
1.472, 1.077681, -1.093905
1.473, 1.077681, -1.093905
1.474, 1.077681, -1.093905
1.475, 1.077681, -1.093905
1.476, 1.077681, -1.093905
1.477, 1.077681, -1.093905
1.478, 1.077681, -1.093905
1.479, 1.077681, -1.093905
1.48, 1.066742, -1.102917
1.481, 1.066742, -1.102917
1.482, 1.066742, -1.102917
1.483, 1.066742, -1.102917
1.484, 1.066742, -1.102917
1.485, 1.066742, -1.102917
1.486, 1.066742, -1.102917
1.487, 1.066742, -1.102917
1.488, 1.066742, -1.102917
1.489, 1.066742, -1.102917
1.49, 1.055713, -1.112063
1.491, 1.055713, -1.112063
1.492, 1.055713, -1.112063
1.493, 1.055713, -1.112063
1.494, 1.055713, -1.112063
1.495, 1.055713, -1.112063
1.496, 1.055713, -1.112063
1.497, 1.055713, -1.112063
1.498, 1.055713, -1.112063
1.499, 1.055713, -1.112063
1.5, 1.044592, -1.121346
1.501, 1.044592, -1.121346
1.502, 1.044592, -1.121346
1.503, 1.044592, -1.121346
1.504, 1.044592, -1.121346
1.505, 1.044592, -1.121346
1.506, 1.044592, -1.121346
1.507, 1.044592, -1.121346
1.508, 1.044592, -1.121346
1.509, 1.044592, -1.121346
1.51, 1.033379, -1.130770
1.511, 1.033379, -1.130770
1.512, 1.033379, -1.130770
1.513, 1.033379, -1.130770
1.514, 1.033379, -1.130770
1.515, 1.033379, -1.130770
1.516, 1.033379, -1.130770
1.517, 1.033379, -1.130770
1.518, 1.033379, -1.130770
1.519, 1.033379, -1.130770
1.52, 1.022071, -1.140336
1.521, 1.022071, -1.140336
1.522, 1.022071, -1.140336
1.523, 1.022071, -1.140336
1.524, 1.022071, -1.140336
1.525, 1.022071, -1.140336
1.526, 1.022071, -1.140336
1.527, 1.022071, -1.140336
1.528, 1.022071, -1.140336
1.529, 1.022071, -1.140336
1.53, 1.010668, -1.150048
1.531, 1.010668, -1.150048
1.532, 1.010668, -1.150048
1.533, 1.010668, -1.150048
1.534, 1.010668, -1.150048
1.535, 1.010668, -1.150048
1.536, 1.010668, -1.150048
1.537, 1.010668, -1.150048
1.538, 1.010668, -1.150048
1.539, 1.010668, -1.150048
1.54, 0.999167, -1.159908
1.541, 0.999167, -1.159908
1.542, 0.999167, -1.159908
1.543, 0.999167, -1.159908
1.544, 0.999167, -1.159908
1.545, 0.999167, -1.159908
1.546, 0.999167, -1.159908
1.547, 0.999167, -1.159908
1.548, 0.999167, -1.159908
1.549, 0.999167, -1.159908
1.55, 0.987568, -1.169919
1.551, 0.987568, -1.169919
1.552, 0.987568, -1.169919
1.553, 0.987568, -1.169919
1.554, 0.987568, -1.169919
1.555, 0.987568, -1.169919
1.556, 0.987568, -1.169919
1.557, 0.987568, -1.169919
1.558, 0.987568, -1.169919
1.559, 0.987568, -1.169919
1.56, 0.975869, -1.180084
1.561, 0.975869, -1.180084
1.562, 0.975869, -1.180084
1.563, 0.975869, -1.180084
1.564, 0.975869, -1.180084
1.565, 0.975869, -1.180084
1.566, 0.975869, -1.180084
1.567, 0.975869, -1.180084
1.568, 0.975869, -1.180084
1.569, 0.975869, -1.180084
1.57, 0.964068, -1.190405
1.571, 0.964068, -1.190405
1.572, 0.964068, -1.190405
1.573, 0.964068, -1.190405
1.574, 0.964068, -1.190405
1.575, 0.964068, -1.190405
1.576, 0.964068, -1.190405
1.577, 0.964068, -1.190405
1.578, 0.964068, -1.190405
1.579, 0.964068, -1.190405
1.58, 0.952164, -1.200886
1.581, 0.952164, -1.200886
1.582, 0.952164, -1.200886
1.583, 0.952164, -1.200886
1.584, 0.952164, -1.200886
1.585, 0.952164, -1.200886
1.586, 0.952164, -1.200886
1.587, 0.952164, -1.200886
1.588, 0.952164, -1.200886
1.589, 0.952164, -1.200886
1.59, 0.940155, -1.211529
1.591, 0.940155, -1.211529
1.592, 0.940155, -1.211529
1.593, 0.940155, -1.211529
1.594, 0.940155, -1.211529
1.595, 0.940155, -1.211529
1.596, 0.940155, -1.211529
1.597, 0.940155, -1.211529
1.598, 0.940155, -1.211529
1.599, 0.940155, -1.211529
1.6, 0.928040, -1.222337
1.601, 0.928040, -1.222337
1.602, 0.928040, -1.222337
1.603, 0.928040, -1.222337
1.604, 0.928040, -1.222337
1.605, 0.928040, -1.222337
1.606, 0.928040, -1.222337
1.607, 0.928040, -1.222337
1.608, 0.928040, -1.222337
1.609, 0.928040, -1.222337
1.61, 0.915816, -1.233313
1.611, 0.915816, -1.233313
1.612, 0.915816, -1.233313
1.613, 0.915816, -1.233313
1.614, 0.915816, -1.233313
1.615, 0.915816, -1.233313
1.616, 0.915816, -1.233313
1.617, 0.915816, -1.233313
1.618, 0.915816, -1.233313
1.619, 0.915816, -1.233313
1.62, 0.903483, -1.244461
1.621, 0.903483, -1.244461
1.622, 0.903483, -1.244461
1.623, 0.903483, -1.244461
1.624, 0.903483, -1.244461
1.625, 0.903483, -1.244461
1.626, 0.903483, -1.244461
1.627, 0.903483, -1.244461
1.628, 0.903483, -1.244461
1.629, 0.903483, -1.244461
1.63, 0.891039, -1.255782
1.631, 0.891039, -1.255782
1.632, 0.891039, -1.255782
1.633, 0.891039, -1.255782
1.634, 0.891039, -1.255782
1.635, 0.891039, -1.255782
1.636, 0.891039, -1.255782
1.637, 0.891039, -1.255782
1.638, 0.891039, -1.255782
1.639, 0.891039, -1.255782
1.64, 0.878481, -1.267280
1.641, 0.878481, -1.267280
1.642, 0.878481, -1.267280
1.643, 0.878481, -1.267280
1.644, 0.878481, -1.267280
1.645, 0.878481, -1.267280
1.646, 0.878481, -1.267280
1.647, 0.878481, -1.267280
1.648, 0.878481, -1.267280
1.649, 0.878481, -1.267280
1.65, 0.865808, -1.278957
1.651, 0.865808, -1.278957
1.652, 0.865808, -1.278957
1.653, 0.865808, -1.278957
1.654, 0.865808, -1.278957
1.655, 0.865808, -1.278957
1.656, 0.865808, -1.278957
1.657, 0.865808, -1.278957
1.658, 0.865808, -1.278957
1.659, 0.865808, -1.278957
1.66, 0.853019, -1.290818
1.661, 0.853019, -1.290818
1.662, 0.853019, -1.290818
1.663, 0.853019, -1.290818
1.664, 0.853019, -1.290818
1.665, 0.853019, -1.290818
1.666, 0.853019, -1.290818
1.667, 0.853019, -1.290818
1.668, 0.853019, -1.290818
1.669, 0.853019, -1.290818
1.67, 0.840110, -1.302864
1.671, 0.840110, -1.302864
1.672, 0.840110, -1.302864
1.673, 0.840110, -1.302864
1.674, 0.840110, -1.302864
1.675, 0.840110, -1.302864
1.676, 0.840110, -1.302864
1.677, 0.840110, -1.302864
1.678, 0.840110, -1.302864
1.679, 0.840110, -1.302864
1.68, 0.827082, -1.315098
1.681, 0.827082, -1.315098
1.682, 0.827082, -1.315098
1.683, 0.827082, -1.315098
1.684, 0.827082, -1.315098
1.685, 0.827082, -1.315098
1.686, 0.827082, -1.315098
1.687, 0.827082, -1.315098
1.688, 0.827082, -1.315098
1.689, 0.827082, -1.315098
1.69, 0.813931, -1.327524
1.691, 0.813931, -1.327524
1.692, 0.813931, -1.327524
1.693, 0.813931, -1.327524
1.694, 0.813931, -1.327524
1.695, 0.813931, -1.327524
1.696, 0.813931, -1.327524
1.697, 0.813931, -1.327524
1.698, 0.813931, -1.327524
1.699, 0.813931, -1.327524
1.7, 0.800656, -1.340143
1.701, 0.800656, -1.340143
1.702, 0.800656, -1.340143
1.703, 0.800656, -1.340143
1.704, 0.800656, -1.340143
1.705, 0.800656, -1.340143
1.706, 0.800656, -1.340143
1.707, 0.800656, -1.340143
1.708, 0.800656, -1.340143
1.709, 0.800656, -1.340143
1.71, 0.787254, -1.352960
1.711, 0.787254, -1.352960
1.712, 0.787254, -1.352960
1.713, 0.787254, -1.352960
1.714, 0.787254, -1.352960
1.715, 0.787254, -1.352960
1.716, 0.787254, -1.352960
1.717, 0.787254, -1.352960
1.718, 0.787254, -1.352960
1.719, 0.787254, -1.352960
1.72, 0.773725, -1.365977
1.721, 0.773725, -1.365977
1.722, 0.773725, -1.365977
1.723, 0.773725, -1.365977
1.724, 0.773725, -1.365977
1.725, 0.773725, -1.365977
1.726, 0.773725, -1.365977
1.727, 0.773725, -1.365977
1.728, 0.773725, -1.365977
1.729, 0.773725, -1.365977
1.73, 0.760065, -1.379197
1.731, 0.760065, -1.379197
1.732, 0.760065, -1.379197
1.733, 0.760065, -1.379197
1.734, 0.760065, -1.379197
1.735, 0.760065, -1.379197
1.736, 0.760065, -1.379197
1.737, 0.760065, -1.379197
1.738, 0.760065, -1.379197
1.739, 0.760065, -1.379197
1.74, 0.746273, -1.392622
1.741, 0.746273, -1.392622
1.742, 0.746273, -1.392622
1.743, 0.746273, -1.392622
1.744, 0.746273, -1.392622
1.745, 0.746273, -1.392622
1.746, 0.746273, -1.392622
1.747, 0.746273, -1.392622
1.748, 0.746273, -1.392622
1.749, 0.746273, -1.392622
1.75, 0.732347, -1.406255
1.751, 0.732347, -1.406255
1.752, 0.732347, -1.406255
1.753, 0.732347, -1.406255
1.754, 0.732347, -1.406255
1.755, 0.732347, -1.406255
1.756, 0.732347, -1.406255
1.757, 0.732347, -1.406255
1.758, 0.732347, -1.406255
1.759, 0.732347, -1.406255
1.76, 0.718284, -1.420099
1.761, 0.718284, -1.420099
1.762, 0.718284, -1.420099
1.763, 0.718284, -1.420099
1.764, 0.718284, -1.420099
1.765, 0.718284, -1.420099
1.766, 0.718284, -1.420099
1.767, 0.718284, -1.420099
1.768, 0.718284, -1.420099
1.769, 0.718284, -1.420099
1.77, 0.704083, -1.434156
1.771, 0.704083, -1.434156
1.772, 0.704083, -1.434156
1.773, 0.704083, -1.434156
1.774, 0.704083, -1.434156
1.775, 0.704083, -1.434156
1.776, 0.704083, -1.434156
1.777, 0.704083, -1.434156
1.778, 0.704083, -1.434156
1.779, 0.704083, -1.434156
1.78, 0.689741, -1.448429
1.781, 0.689741, -1.448429
1.782, 0.689741, -1.448429
1.783, 0.689741, -1.448429
1.784, 0.689741, -1.448429
1.785, 0.689741, -1.448429
1.786, 0.689741, -1.448429
1.787, 0.689741, -1.448429
1.788, 0.689741, -1.448429
1.789, 0.689741, -1.448429
1.79, 0.675257, -1.462920
1.791, 0.675257, -1.462920
1.792, 0.675257, -1.462920
1.793, 0.675257, -1.462920
1.794, 0.675257, -1.462920
1.795, 0.675257, -1.462920
1.796, 0.675257, -1.462920
1.797, 0.675257, -1.462920
1.798, 0.675257, -1.462920
1.799, 0.675257, -1.462920
1.8, 0.660628, -1.477631
1.801, 0.660628, -1.477631
1.802, 0.660628, -1.477631
1.803, 0.660628, -1.477631
1.804, 0.660628, -1.477631
1.805, 0.660628, -1.477631
1.806, 0.660628, -1.477631
1.807, 0.660628, -1.477631
1.808, 0.660628, -1.477631
1.809, 0.660628, -1.477631
1.81, 0.645852, -1.492565
1.811, 0.645852, -1.492565
1.812, 0.645852, -1.492565
1.813, 0.645852, -1.492565
1.814, 0.645852, -1.492565
1.815, 0.645852, -1.492565
1.816, 0.645852, -1.492565
1.817, 0.645852, -1.492565
1.818, 0.645852, -1.492565
1.819, 0.645852, -1.492565
1.82, 0.630926, -1.507723
1.821, 0.630926, -1.507723
1.822, 0.630926, -1.507723
1.823, 0.630926, -1.507723
1.824, 0.630926, -1.507723
1.825, 0.630926, -1.507723
1.826, 0.630926, -1.507723
1.827, 0.630926, -1.507723
1.828, 0.630926, -1.507723
1.829, 0.630926, -1.507723
1.83, 0.615849, -1.523108
1.831, 0.615849, -1.523108
1.832, 0.615849, -1.523108
1.833, 0.615849, -1.523108
1.834, 0.615849, -1.523108
1.835, 0.615849, -1.523108
1.836, 0.615849, -1.523108
1.837, 0.615849, -1.523108
1.838, 0.615849, -1.523108
1.839, 0.615849, -1.523108
1.84, 0.600618, -1.538721
1.841, 0.600618, -1.538721
1.842, 0.600618, -1.538721
1.843, 0.600618, -1.538721
1.844, 0.600618, -1.538721
1.845, 0.600618, -1.538721
1.846, 0.600618, -1.538721
1.847, 0.600618, -1.538721
1.848, 0.600618, -1.538721
1.849, 0.600618, -1.538721
1.85, 0.585230, -1.554563
1.851, 0.585230, -1.554563
1.852, 0.585230, -1.554563
1.853, 0.585230, -1.554563
1.854, 0.585230, -1.554563
1.855, 0.585230, -1.554563
1.856, 0.585230, -1.554563
1.857, 0.585230, -1.554563
1.858, 0.585230, -1.554563
1.859, 0.585230, -1.554563
1.86, 0.569685, -1.570637
1.861, 0.569685, -1.570637
1.862, 0.569685, -1.570637
1.863, 0.569685, -1.570637
1.864, 0.569685, -1.570637
1.865, 0.569685, -1.570637
1.866, 0.569685, -1.570637
1.867, 0.569685, -1.570637
1.868, 0.569685, -1.570637
1.869, 0.569685, -1.570637
1.87, 0.553978, -1.586943
1.871, 0.553978, -1.586943
1.872, 0.553978, -1.586943
1.873, 0.553978, -1.586943
1.874, 0.553978, -1.586943
1.875, 0.553978, -1.586943
1.876, 0.553978, -1.586943
1.877, 0.553978, -1.586943
1.878, 0.553978, -1.586943
1.879, 0.553978, -1.586943
1.88, 0.538109, -1.603482
1.881, 0.538109, -1.603482
1.882, 0.538109, -1.603482
1.883, 0.538109, -1.603482
1.884, 0.538109, -1.603482
1.885, 0.538109, -1.603482
1.886, 0.538109, -1.603482
1.887, 0.538109, -1.603482
1.888, 0.538109, -1.603482
1.889, 0.538109, -1.603482
1.89, 0.522074, -1.620255
1.891, 0.522074, -1.620255
1.892, 0.522074, -1.620255
1.893, 0.522074, -1.620255
1.894, 0.522074, -1.620255
1.895, 0.522074, -1.620255
1.896, 0.522074, -1.620255
1.897, 0.522074, -1.620255
1.898, 0.522074, -1.620255
1.899, 0.522074, -1.620255
1.9, 0.505872, -1.637262
1.901, 0.505872, -1.637262
1.902, 0.505872, -1.637262
1.903, 0.505872, -1.637262
1.904, 0.505872, -1.637262
1.905, 0.505872, -1.637262
1.906, 0.505872, -1.637262
1.907, 0.505872, -1.637262
1.908, 0.505872, -1.637262
1.909, 0.505872, -1.637262
1.91, 0.489499, -1.654503
1.911, 0.489499, -1.654503
1.912, 0.489499, -1.654503
1.913, 0.489499, -1.654503
1.914, 0.489499, -1.654503
1.915, 0.489499, -1.654503
1.916, 0.489499, -1.654503
1.917, 0.489499, -1.654503
1.918, 0.489499, -1.654503
1.919, 0.489499, -1.654503
1.92, 0.472954, -1.671979
1.921, 0.472954, -1.671979
1.922, 0.472954, -1.671979
1.923, 0.472954, -1.671979
1.924, 0.472954, -1.671979
1.925, 0.472954, -1.671979
1.926, 0.472954, -1.671979
1.927, 0.472954, -1.671979
1.928, 0.472954, -1.671979
1.929, 0.472954, -1.671979
1.93, 0.456234, -1.689688
1.931, 0.456234, -1.689688
1.932, 0.456234, -1.689688
1.933, 0.456234, -1.689688
1.934, 0.456234, -1.689688
1.935, 0.456234, -1.689688
1.936, 0.456234, -1.689688
1.937, 0.456234, -1.689688
1.938, 0.456234, -1.689688
1.939, 0.456234, -1.689688
1.94, 0.439337, -1.707630
1.941, 0.439337, -1.707630
1.942, 0.439337, -1.707630
1.943, 0.439337, -1.707630
1.944, 0.439337, -1.707630
1.945, 0.439337, -1.707630
1.946, 0.439337, -1.707630
1.947, 0.439337, -1.707630
1.948, 0.439337, -1.707630
1.949, 0.439337, -1.707630
1.95, 0.422261, -1.725804
1.951, 0.422261, -1.725804
1.952, 0.422261, -1.725804
1.953, 0.422261, -1.725804
1.954, 0.422261, -1.725804
1.955, 0.422261, -1.725804
1.956, 0.422261, -1.725804
1.957, 0.422261, -1.725804
1.958, 0.422261, -1.725804
1.959, 0.422261, -1.725804
1.96, 0.405003, -1.744207
1.961, 0.405003, -1.744207
1.962, 0.405003, -1.744207
1.963, 0.405003, -1.744207
1.964, 0.405003, -1.744207
1.965, 0.405003, -1.744207
1.966, 0.405003, -1.744207
1.967, 0.405003, -1.744207
1.968, 0.405003, -1.744207
1.969, 0.405003, -1.744207
1.97, 0.387561, -1.762839
1.971, 0.387561, -1.762839
1.972, 0.387561, -1.762839
1.973, 0.387561, -1.762839
1.974, 0.387561, -1.762839
1.975, 0.387561, -1.762839
1.976, 0.387561, -1.762839
1.977, 0.387561, -1.762839
1.978, 0.387561, -1.762839
1.979, 0.387561, -1.762839
1.98, 0.369933, -1.781695
1.981, 0.369933, -1.781695
1.982, 0.369933, -1.781695
1.983, 0.369933, -1.781695
1.984, 0.369933, -1.781695
1.985, 0.369933, -1.781695
1.986, 0.369933, -1.781695
1.987, 0.369933, -1.781695
1.988, 0.369933, -1.781695
1.989, 0.369933, -1.781695
1.99, 0.352116, -1.800773
1.991, 0.352116, -1.800773
1.992, 0.352116, -1.800773
1.993, 0.352116, -1.800773
1.994, 0.352116, -1.800773
1.995, 0.352116, -1.800773
1.996, 0.352116, -1.800773
1.997, 0.352116, -1.800773
1.998, 0.352116, -1.800773
1.999, 0.352116, -1.800773
2, 0.334108, -1.820069
2.001, 0.334108, -1.820069
2.002, 0.334108, -1.820069
2.003, 0.334108, -1.820069
2.004, 0.334108, -1.820069
2.005, 0.334108, -1.820069
2.006, 0.334108, -1.820069
2.007, 0.334108, -1.820069
2.008, 0.334108, -1.820069
2.009, 0.334108, -1.820069
2.01, 0.315907, -1.839579
2.011, 0.315907, -1.839579
2.012, 0.315907, -1.839579
2.013, 0.315907, -1.839579
2.014, 0.315907, -1.839579
2.015, 0.315907, -1.839579
2.016, 0.315907, -1.839579
2.017, 0.315907, -1.839579
2.018, 0.315907, -1.839579
2.019, 0.315907, -1.839579
2.02, 0.297511, -1.859298
2.021, 0.297511, -1.859298
2.022, 0.297511, -1.859298
2.023, 0.297511, -1.859298
2.024, 0.297511, -1.859298
2.025, 0.297511, -1.859298
2.026, 0.297511, -1.859298
2.027, 0.297511, -1.859298
2.028, 0.297511, -1.859298
2.029, 0.297511, -1.859298
2.03, 0.278918, -1.879220
2.031, 0.278918, -1.879220
2.032, 0.278918, -1.879220
2.033, 0.278918, -1.879220
2.034, 0.278918, -1.879220
2.035, 0.278918, -1.879220
2.036, 0.278918, -1.879220
2.037, 0.278918, -1.879220
2.038, 0.278918, -1.879220
2.039, 0.278918, -1.879220
2.04, 0.260126, -1.899340
2.041, 0.260126, -1.899340
2.042, 0.260126, -1.899340
2.043, 0.260126, -1.899340
2.044, 0.260126, -1.899340
2.045, 0.260126, -1.899340
2.046, 0.260126, -1.899340
2.047, 0.260126, -1.899340
2.048, 0.260126, -1.899340
2.049, 0.260126, -1.899340
2.05, 0.241133, -1.919649
2.051, 0.241133, -1.919649
2.052, 0.241133, -1.919649
2.053, 0.241133, -1.919649
2.054, 0.241133, -1.919649
2.055, 0.241133, -1.919649
2.056, 0.241133, -1.919649
2.057, 0.241133, -1.919649
2.058, 0.241133, -1.919649
2.059, 0.241133, -1.919649
2.06, 0.221936, -1.940141
2.061, 0.221936, -1.940141
2.062, 0.221936, -1.940141
2.063, 0.221936, -1.940141
2.064, 0.221936, -1.940141
2.065, 0.221936, -1.940141
2.066, 0.221936, -1.940141
2.067, 0.221936, -1.940141
2.068, 0.221936, -1.940141
2.069, 0.221936, -1.940141
2.07, 0.202535, -1.960806
2.071, 0.202535, -1.960806
2.072, 0.202535, -1.960806
2.073, 0.202535, -1.960806
2.074, 0.202535, -1.960806
2.075, 0.202535, -1.960806
2.076, 0.202535, -1.960806
2.077, 0.202535, -1.960806
2.078, 0.202535, -1.960806
2.079, 0.202535, -1.960806
2.08, 0.182927, -1.981635
2.081, 0.182927, -1.981635
2.082, 0.182927, -1.981635
2.083, 0.182927, -1.981635
2.084, 0.182927, -1.981635
2.085, 0.182927, -1.981635
2.086, 0.182927, -1.981635
2.087, 0.182927, -1.981635
2.088, 0.182927, -1.981635
2.089, 0.182927, -1.981635
2.09, 0.163111, -2.002618
2.091, 0.163111, -2.002618
2.092, 0.163111, -2.002618
2.093, 0.163111, -2.002618
2.094, 0.163111, -2.002618
2.095, 0.163111, -2.002618
2.096, 0.163111, -2.002618
2.097, 0.163111, -2.002618
2.098, 0.163111, -2.002618
2.099, 0.163111, -2.002618
2.1, 0.143084, -2.023742
2.101, 0.143084, -2.023742
2.102, 0.143084, -2.023742
2.103, 0.143084, -2.023742
2.104, 0.143084, -2.023742
2.105, 0.143084, -2.023742
2.106, 0.143084, -2.023742
2.107, 0.143084, -2.023742
2.108, 0.143084, -2.023742
2.109, 0.143084, -2.023742
2.11, 0.122847, -2.044996
2.111, 0.122847, -2.044996
2.112, 0.122847, -2.044996
2.113, 0.122847, -2.044996
2.114, 0.122847, -2.044996
2.115, 0.122847, -2.044996
2.116, 0.122847, -2.044996
2.117, 0.122847, -2.044996
2.118, 0.122847, -2.044996
2.119, 0.122847, -2.044996
2.12, 0.102397, -2.066366
2.121, 0.102397, -2.066366
2.122, 0.102397, -2.066366
2.123, 0.102397, -2.066366
2.124, 0.102397, -2.066366
2.125, 0.102397, -2.066366
2.126, 0.102397, -2.066366
2.127, 0.102397, -2.066366
2.128, 0.102397, -2.066366
2.129, 0.102397, -2.066366
2.13, 0.081733, -2.087837
2.131, 0.081733, -2.087837
2.132, 0.081733, -2.087837
2.133, 0.081733, -2.087837
2.134, 0.081733, -2.087837
2.135, 0.081733, -2.087837
2.136, 0.081733, -2.087837
2.137, 0.081733, -2.087837
2.138, 0.081733, -2.087837
2.139, 0.081733, -2.087837
2.14, 0.060855, -2.109393
2.141, 0.060855, -2.109393
2.142, 0.060855, -2.109393
2.143, 0.060855, -2.109393
2.144, 0.060855, -2.109393
2.145, 0.060855, -2.109393
2.146, 0.060855, -2.109393
2.147, 0.060855, -2.109393
2.148, 0.060855, -2.109393
2.149, 0.060855, -2.109393
2.15, 0.039761, -2.131017
2.151, 0.039761, -2.131017
2.152, 0.039761, -2.131017
2.153, 0.039761, -2.131017
2.154, 0.039761, -2.131017
2.155, 0.039761, -2.131017
2.156, 0.039761, -2.131017
2.157, 0.039761, -2.131017
2.158, 0.039761, -2.131017
2.159, 0.039761, -2.131017
2.16, 0.018451, -2.152692
2.161, 0.018451, -2.152692
2.162, 0.018451, -2.152692
2.163, 0.018451, -2.152692
2.164, 0.018451, -2.152692
2.165, 0.018451, -2.152692
2.166, 0.018451, -2.152692
2.167, 0.018451, -2.152692
2.168, 0.018451, -2.152692
2.169, 0.018451, -2.152692
2.17, -0.003076, -2.174396
2.171, -0.003076, -2.174396
2.172, -0.003076, -2.174396
2.173, -0.003076, -2.174396
2.174, -0.003076, -2.174396
2.175, -0.003076, -2.174396
2.176, -0.003076, -2.174396
2.177, -0.003076, -2.174396
2.178, -0.003076, -2.174396
2.179, -0.003076, -2.174396
2.18, -0.024820, -2.196109
2.181, -0.024820, -2.196109
2.182, -0.024820, -2.196109
2.183, -0.024820, -2.196109
2.184, -0.024820, -2.196109
2.185, -0.024820, -2.196109
2.186, -0.024820, -2.196109
2.187, -0.024820, -2.196109
2.188, -0.024820, -2.196109
2.189, -0.024820, -2.196109
2.19, -0.046781, -2.217808
2.191, -0.046781, -2.217808
2.192, -0.046781, -2.217808
2.193, -0.046781, -2.217808
2.194, -0.046781, -2.217808
2.195, -0.046781, -2.217808
2.196, -0.046781, -2.217808
2.197, -0.046781, -2.217808
2.198, -0.046781, -2.217808
2.199, -0.046781, -2.217808
2.2, -0.068959, -2.239470
2.201, -0.068959, -2.239470
2.202, -0.068959, -2.239470
2.203, -0.068959, -2.239470
2.204, -0.068959, -2.239470
2.205, -0.068959, -2.239470
2.206, -0.068959, -2.239470
2.207, -0.068959, -2.239470
2.208, -0.068959, -2.239470
2.209, -0.068959, -2.239470
2.21, -0.091354, -2.261068
2.211, -0.091354, -2.261068
2.212, -0.091354, -2.261068
2.213, -0.091354, -2.261068
2.214, -0.091354, -2.261068
2.215, -0.091354, -2.261068
2.216, -0.091354, -2.261068
2.217, -0.091354, -2.261068
2.218, -0.091354, -2.261068
2.219, -0.091354, -2.261068
2.22, -0.113965, -2.282577
2.221, -0.113965, -2.282577
2.222, -0.113965, -2.282577
2.223, -0.113965, -2.282577
2.224, -0.113965, -2.282577
2.225, -0.113965, -2.282577
2.226, -0.113965, -2.282577
2.227, -0.113965, -2.282577
2.228, -0.113965, -2.282577
2.229, -0.113965, -2.282577
2.23, -0.136790, -2.303966
2.231, -0.136790, -2.303966
2.232, -0.136790, -2.303966
2.233, -0.136790, -2.303966
2.234, -0.136790, -2.303966
2.235, -0.136790, -2.303966
2.236, -0.136790, -2.303966
2.237, -0.136790, -2.303966
2.238, -0.136790, -2.303966
2.239, -0.136790, -2.303966
2.24, -0.159830, -2.325207
2.241, -0.159830, -2.325207
2.242, -0.159830, -2.325207
2.243, -0.159830, -2.325207
2.244, -0.159830, -2.325207
2.245, -0.159830, -2.325207
2.246, -0.159830, -2.325207
2.247, -0.159830, -2.325207
2.248, -0.159830, -2.325207
2.249, -0.159830, -2.325207
2.25, -0.183082, -2.346267
2.251, -0.183082, -2.346267
2.252, -0.183082, -2.346267
2.253, -0.183082, -2.346267
2.254, -0.183082, -2.346267
2.255, -0.183082, -2.346267
2.256, -0.183082, -2.346267
2.257, -0.183082, -2.346267
2.258, -0.183082, -2.346267
2.259, -0.183082, -2.346267
2.26, -0.206545, -2.367112
2.261, -0.206545, -2.367112
2.262, -0.206545, -2.367112
2.263, -0.206545, -2.367112
2.264, -0.206545, -2.367112
2.265, -0.206545, -2.367112
2.266, -0.206545, -2.367112
2.267, -0.206545, -2.367112
2.268, -0.206545, -2.367112
2.269, -0.206545, -2.367112
2.27, -0.230216, -2.387708
2.271, -0.230216, -2.387708
2.272, -0.230216, -2.387708
2.273, -0.230216, -2.387708
2.274, -0.230216, -2.387708
2.275, -0.230216, -2.387708
2.276, -0.230216, -2.387708
2.277, -0.230216, -2.387708
2.278, -0.230216, -2.387708
2.279, -0.230216, -2.387708
2.28, -0.254093, -2.408018
2.281, -0.254093, -2.408018
2.282, -0.254093, -2.408018
2.283, -0.254093, -2.408018
2.284, -0.254093, -2.408018
2.285, -0.254093, -2.408018
2.286, -0.254093, -2.408018
2.287, -0.254093, -2.408018
2.288, -0.254093, -2.408018
2.289, -0.254093, -2.408018
2.29, -0.278173, -2.428002
2.291, -0.278173, -2.428002
2.292, -0.278173, -2.428002
2.293, -0.278173, -2.428002
2.294, -0.278173, -2.428002
2.295, -0.278173, -2.428002
2.296, -0.278173, -2.428002
2.297, -0.278173, -2.428002
2.298, -0.278173, -2.428002
2.299, -0.278173, -2.428002
2.3, -0.302453, -2.447622
2.301, -0.302453, -2.447622
2.302, -0.302453, -2.447622
2.303, -0.302453, -2.447622
2.304, -0.302453, -2.447622
2.305, -0.302453, -2.447622
2.306, -0.302453, -2.447622
2.307, -0.302453, -2.447622
2.308, -0.302453, -2.447622
2.309, -0.302453, -2.447622
2.31, -0.326929, -2.466834
2.311, -0.326929, -2.466834
2.312, -0.326929, -2.466834
2.313, -0.326929, -2.466834
2.314, -0.326929, -2.466834
2.315, -0.326929, -2.466834
2.316, -0.326929, -2.466834
2.317, -0.326929, -2.466834
2.318, -0.326929, -2.466834
2.319, -0.326929, -2.466834
2.32, -0.351598, -2.485597
2.321, -0.351598, -2.485597
2.322, -0.351598, -2.485597
2.323, -0.351598, -2.485597
2.324, -0.351598, -2.485597
2.325, -0.351598, -2.485597
2.326, -0.351598, -2.485597
2.327, -0.351598, -2.485597
2.328, -0.351598, -2.485597
2.329, -0.351598, -2.485597
2.33, -0.376454, -2.503864
2.331, -0.376454, -2.503864
2.332, -0.376454, -2.503864
2.333, -0.376454, -2.503864
2.334, -0.376454, -2.503864
2.335, -0.376454, -2.503864
2.336, -0.376454, -2.503864
2.337, -0.376454, -2.503864
2.338, -0.376454, -2.503864
2.339, -0.376454, -2.503864
2.34, -0.401492, -2.521590
2.341, -0.401492, -2.521590
2.342, -0.401492, -2.521590
2.343, -0.401492, -2.521590
2.344, -0.401492, -2.521590
2.345, -0.401492, -2.521590
2.346, -0.401492, -2.521590
2.347, -0.401492, -2.521590
2.348, -0.401492, -2.521590
2.349, -0.401492, -2.521590
2.35, -0.426708, -2.538726
2.351, -0.426708, -2.538726
2.352, -0.426708, -2.538726
2.353, -0.426708, -2.538726
2.354, -0.426708, -2.538726
2.355, -0.426708, -2.538726
2.356, -0.426708, -2.538726
2.357, -0.426708, -2.538726
2.358, -0.426708, -2.538726
2.359, -0.426708, -2.538726
2.36, -0.452095, -2.555224
2.361, -0.452095, -2.555224
2.362, -0.452095, -2.555224
2.363, -0.452095, -2.555224
2.364, -0.452095, -2.555224
2.365, -0.452095, -2.555224
2.366, -0.452095, -2.555224
2.367, -0.452095, -2.555224
2.368, -0.452095, -2.555224
2.369, -0.452095, -2.555224
2.37, -0.477648, -2.571032
2.371, -0.477648, -2.571032
2.372, -0.477648, -2.571032
2.373, -0.477648, -2.571032
2.374, -0.477648, -2.571032
2.375, -0.477648, -2.571032
2.376, -0.477648, -2.571032
2.377, -0.477648, -2.571032
2.378, -0.477648, -2.571032
2.379, -0.477648, -2.571032
2.38, -0.503358, -2.586100
2.381, -0.503358, -2.586100
2.382, -0.503358, -2.586100
2.383, -0.503358, -2.586100
2.384, -0.503358, -2.586100
2.385, -0.503358, -2.586100
2.386, -0.503358, -2.586100
2.387, -0.503358, -2.586100
2.388, -0.503358, -2.586100
2.389, -0.503358, -2.586100
2.39, -0.529219, -2.600375
2.391, -0.529219, -2.600375
2.392, -0.529219, -2.600375
2.393, -0.529219, -2.600375
2.394, -0.529219, -2.600375
2.395, -0.529219, -2.600375
2.396, -0.529219, -2.600375
2.397, -0.529219, -2.600375
2.398, -0.529219, -2.600375
2.399, -0.529219, -2.600375
2.4, -0.555223, -2.613804
2.401, -0.555223, -2.613804
2.402, -0.555223, -2.613804
2.403, -0.555223, -2.613804
2.404, -0.555223, -2.613804
2.405, -0.555223, -2.613804
2.406, -0.555223, -2.613804
2.407, -0.555223, -2.613804
2.408, -0.555223, -2.613804
2.409, -0.555223, -2.613804
2.41, -0.581361, -2.626332
2.411, -0.581361, -2.626332
2.412, -0.581361, -2.626332
2.413, -0.581361, -2.626332
2.414, -0.581361, -2.626332
2.415, -0.581361, -2.626332
2.416, -0.581361, -2.626332
2.417, -0.581361, -2.626332
2.418, -0.581361, -2.626332
2.419, -0.581361, -2.626332
2.42, -0.607624, -2.637905
2.421, -0.607624, -2.637905
2.422, -0.607624, -2.637905
2.423, -0.607624, -2.637905
2.424, -0.607624, -2.637905
2.425, -0.607624, -2.637905
2.426, -0.607624, -2.637905
2.427, -0.607624, -2.637905
2.428, -0.607624, -2.637905
2.429, -0.607624, -2.637905
2.43, -0.634003, -2.648469
2.431, -0.634003, -2.648469
2.432, -0.634003, -2.648469
2.433, -0.634003, -2.648469
2.434, -0.634003, -2.648469
2.435, -0.634003, -2.648469
2.436, -0.634003, -2.648469
2.437, -0.634003, -2.648469
2.438, -0.634003, -2.648469
2.439, -0.634003, -2.648469
2.44, -0.660488, -2.657968
2.441, -0.660488, -2.657968
2.442, -0.660488, -2.657968
2.443, -0.660488, -2.657968
2.444, -0.660488, -2.657968
2.445, -0.660488, -2.657968
2.446, -0.660488, -2.657968
2.447, -0.660488, -2.657968
2.448, -0.660488, -2.657968
2.449, -0.660488, -2.657968
2.45, -0.687068, -2.666347
2.451, -0.687068, -2.666347
2.452, -0.687068, -2.666347
2.453, -0.687068, -2.666347
2.454, -0.687068, -2.666347
2.455, -0.687068, -2.666347
2.456, -0.687068, -2.666347
2.457, -0.687068, -2.666347
2.458, -0.687068, -2.666347
2.459, -0.687068, -2.666347
2.46, -0.713731, -2.673553
2.461, -0.713731, -2.673553
2.462, -0.713731, -2.673553
2.463, -0.713731, -2.673553
2.464, -0.713731, -2.673553
2.465, -0.713731, -2.673553
2.466, -0.713731, -2.673553
2.467, -0.713731, -2.673553
2.468, -0.713731, -2.673553
2.469, -0.713731, -2.673553
2.47, -0.740467, -2.679532
2.471, -0.740467, -2.679532
2.472, -0.740467, -2.679532
2.473, -0.740467, -2.679532
2.474, -0.740467, -2.679532
2.475, -0.740467, -2.679532
2.476, -0.740467, -2.679532
2.477, -0.740467, -2.679532
2.478, -0.740467, -2.679532
2.479, -0.740467, -2.679532
2.48, -0.767262, -2.684231
2.481, -0.767262, -2.684231
2.482, -0.767262, -2.684231
2.483, -0.767262, -2.684231
2.484, -0.767262, -2.684231
2.485, -0.767262, -2.684231
2.486, -0.767262, -2.684231
2.487, -0.767262, -2.684231
2.488, -0.767262, -2.684231
2.489, -0.767262, -2.684231
2.49, -0.794104, -2.687599
2.491, -0.794104, -2.687599
2.492, -0.794104, -2.687599
2.493, -0.794104, -2.687599
2.494, -0.794104, -2.687599
2.495, -0.794104, -2.687599
2.496, -0.794104, -2.687599
2.497, -0.794104, -2.687599
2.498, -0.794104, -2.687599
2.499, -0.794104, -2.687599
2.5, -0.820980, -2.689586
2.501, -0.820980, -2.689586
2.502, -0.820980, -2.689586
2.503, -0.820980, -2.689586
2.504, -0.820980, -2.689586
2.505, -0.820980, -2.689586
2.506, -0.820980, -2.689586
2.507, -0.820980, -2.689586
2.508, -0.820980, -2.689586
2.509, -0.820980, -2.689586
2.51, -0.847876, -2.690144
2.511, -0.847876, -2.690144
2.512, -0.847876, -2.690144
2.513, -0.847876, -2.690144
2.514, -0.847876, -2.690144
2.515, -0.847876, -2.690144
2.516, -0.847876, -2.690144
2.517, -0.847876, -2.690144
2.518, -0.847876, -2.690144
2.519, -0.847876, -2.690144
2.52, -0.874778, -2.689227
2.521, -0.874778, -2.689227
2.522, -0.874778, -2.689227
2.523, -0.874778, -2.689227
2.524, -0.874778, -2.689227
2.525, -0.874778, -2.689227
2.526, -0.874778, -2.689227
2.527, -0.874778, -2.689227
2.528, -0.874778, -2.689227
2.529, -0.874778, -2.689227
2.53, -0.901670, -2.686793
2.531, -0.901670, -2.686793
2.532, -0.901670, -2.686793
2.533, -0.901670, -2.686793
2.534, -0.901670, -2.686793
2.535, -0.901670, -2.686793
2.536, -0.901670, -2.686793
2.537, -0.901670, -2.686793
2.538, -0.901670, -2.686793
2.539, -0.901670, -2.686793
2.54, -0.928538, -2.682800
2.541, -0.928538, -2.682800
2.542, -0.928538, -2.682800
2.543, -0.928538, -2.682800
2.544, -0.928538, -2.682800
2.545, -0.928538, -2.682800
2.546, -0.928538, -2.682800
2.547, -0.928538, -2.682800
2.548, -0.928538, -2.682800
2.549, -0.928538, -2.682800
2.55, -0.955366, -2.677212
2.551, -0.955366, -2.677212
2.552, -0.955366, -2.677212
2.553, -0.955366, -2.677212
2.554, -0.955366, -2.677212
2.555, -0.955366, -2.677212
2.556, -0.955366, -2.677212
2.557, -0.955366, -2.677212
2.558, -0.955366, -2.677212
2.559, -0.955366, -2.677212
2.56, -0.982138, -2.669995
2.561, -0.982138, -2.669995
2.562, -0.982138, -2.669995
2.563, -0.982138, -2.669995
2.564, -0.982138, -2.669995
2.565, -0.982138, -2.669995
2.566, -0.982138, -2.669995
2.567, -0.982138, -2.669995
2.568, -0.982138, -2.669995
2.569, -0.982138, -2.669995
2.57, -1.008838, -2.661119
2.571, -1.008838, -2.661119
2.572, -1.008838, -2.661119
2.573, -1.008838, -2.661119
2.574, -1.008838, -2.661119
2.575, -1.008838, -2.661119
2.576, -1.008838, -2.661119
2.577, -1.008838, -2.661119
2.578, -1.008838, -2.661119
2.579, -1.008838, -2.661119
2.58, -1.035449, -2.650558
2.581, -1.035449, -2.650558
2.582, -1.035449, -2.650558
2.583, -1.035449, -2.650558
2.584, -1.035449, -2.650558
2.585, -1.035449, -2.650558
2.586, -1.035449, -2.650558
2.587, -1.035449, -2.650558
2.588, -1.035449, -2.650558
2.589, -1.035449, -2.650558
2.59, -1.061955, -2.638291
2.591, -1.061955, -2.638291
2.592, -1.061955, -2.638291
2.593, -1.061955, -2.638291
2.594, -1.061955, -2.638291
2.595, -1.061955, -2.638291
2.596, -1.061955, -2.638291
2.597, -1.061955, -2.638291
2.598, -1.061955, -2.638291
2.599, -1.061955, -2.638291
2.6, -1.088338, -2.624301
2.601, -1.088338, -2.624301
2.602, -1.088338, -2.624301
2.603, -1.088338, -2.624301
2.604, -1.088338, -2.624301
2.605, -1.088338, -2.624301
2.606, -1.088338, -2.624301
2.607, -1.088338, -2.624301
2.608, -1.088338, -2.624301
2.609, -1.088338, -2.624301
2.61, -1.114581, -2.608577
2.611, -1.114581, -2.608577
2.612, -1.114581, -2.608577
2.613, -1.114581, -2.608577
2.614, -1.114581, -2.608577
2.615, -1.114581, -2.608577
2.616, -1.114581, -2.608577
2.617, -1.114581, -2.608577
2.618, -1.114581, -2.608577
2.619, -1.114581, -2.608577
2.62, -1.140666, -2.591111
2.621, -1.140666, -2.591111
2.622, -1.140666, -2.591111
2.623, -1.140666, -2.591111
2.624, -1.140666, -2.591111
2.625, -1.140666, -2.591111
2.626, -1.140666, -2.591111
2.627, -1.140666, -2.591111
2.628, -1.140666, -2.591111
2.629, -1.140666, -2.591111
2.63, -1.166577, -2.571902
2.631, -1.166577, -2.571902
2.632, -1.166577, -2.571902
2.633, -1.166577, -2.571902
2.634, -1.166577, -2.571902
2.635, -1.166577, -2.571902
2.636, -1.166577, -2.571902
2.637, -1.166577, -2.571902
2.638, -1.166577, -2.571902
2.639, -1.166577, -2.571902
2.64, -1.192296, -2.550954
2.641, -1.192296, -2.550954
2.642, -1.192296, -2.550954
2.643, -1.192296, -2.550954
2.644, -1.192296, -2.550954
2.645, -1.192296, -2.550954
2.646, -1.192296, -2.550954
2.647, -1.192296, -2.550954
2.648, -1.192296, -2.550954
2.649, -1.192296, -2.550954
2.65, -1.217806, -2.528277
2.651, -1.217806, -2.528277
2.652, -1.217806, -2.528277
2.653, -1.217806, -2.528277
2.654, -1.217806, -2.528277
2.655, -1.217806, -2.528277
2.656, -1.217806, -2.528277
2.657, -1.217806, -2.528277
2.658, -1.217806, -2.528277
2.659, -1.217806, -2.528277
2.66, -1.243089, -2.503886
2.661, -1.243089, -2.503886
2.662, -1.243089, -2.503886
2.663, -1.243089, -2.503886
2.664, -1.243089, -2.503886
2.665, -1.243089, -2.503886
2.666, -1.243089, -2.503886
2.667, -1.243089, -2.503886
2.668, -1.243089, -2.503886
2.669, -1.243089, -2.503886
2.67, -1.268128, -2.477802
2.671, -1.268128, -2.477802
2.672, -1.268128, -2.477802
2.673, -1.268128, -2.477802
2.674, -1.268128, -2.477802
2.675, -1.268128, -2.477802
2.676, -1.268128, -2.477802
2.677, -1.268128, -2.477802
2.678, -1.268128, -2.477802
2.679, -1.268128, -2.477802
2.68, -1.292906, -2.450052
2.681, -1.292906, -2.450052
2.682, -1.292906, -2.450052
2.683, -1.292906, -2.450052
2.684, -1.292906, -2.450052
2.685, -1.292906, -2.450052
2.686, -1.292906, -2.450052
2.687, -1.292906, -2.450052
2.688, -1.292906, -2.450052
2.689, -1.292906, -2.450052
2.69, -1.317406, -2.420668
2.691, -1.317406, -2.420668
2.692, -1.317406, -2.420668
2.693, -1.317406, -2.420668
2.694, -1.317406, -2.420668
2.695, -1.317406, -2.420668
2.696, -1.317406, -2.420668
2.697, -1.317406, -2.420668
2.698, -1.317406, -2.420668
2.699, -1.317406, -2.420668
2.7, -1.341613, -2.389689
2.701, -1.341613, -2.389689
2.702, -1.341613, -2.389689
2.703, -1.341613, -2.389689
2.704, -1.341613, -2.389689
2.705, -1.341613, -2.389689
2.706, -1.341613, -2.389689
2.707, -1.341613, -2.389689
2.708, -1.341613, -2.389689
2.709, -1.341613, -2.389689
2.71, -1.365510, -2.357157
2.711, -1.365510, -2.357157
2.712, -1.365510, -2.357157
2.713, -1.365510, -2.357157
2.714, -1.365510, -2.357157
2.715, -1.365510, -2.357157
2.716, -1.365510, -2.357157
2.717, -1.365510, -2.357157
2.718, -1.365510, -2.357157
2.719, -1.365510, -2.357157
2.72, -1.389081, -2.323122
2.721, -1.389081, -2.323122
2.722, -1.389081, -2.323122
2.723, -1.389081, -2.323122
2.724, -1.389081, -2.323122
2.725, -1.389081, -2.323122
2.726, -1.389081, -2.323122
2.727, -1.389081, -2.323122
2.728, -1.389081, -2.323122
2.729, -1.389081, -2.323122
2.73, -1.412312, -2.287636
2.731, -1.412312, -2.287636
2.732, -1.412312, -2.287636
2.733, -1.412312, -2.287636
2.734, -1.412312, -2.287636
2.735, -1.412312, -2.287636
2.736, -1.412312, -2.287636
2.737, -1.412312, -2.287636
2.738, -1.412312, -2.287636
2.739, -1.412312, -2.287636
2.74, -1.435189, -2.250760
2.741, -1.435189, -2.250760
2.742, -1.435189, -2.250760
2.743, -1.435189, -2.250760
2.744, -1.435189, -2.250760
2.745, -1.435189, -2.250760
2.746, -1.435189, -2.250760
2.747, -1.435189, -2.250760
2.748, -1.435189, -2.250760
2.749, -1.435189, -2.250760
2.75, -1.457696, -2.212555
2.751, -1.457696, -2.212555
2.752, -1.457696, -2.212555
2.753, -1.457696, -2.212555
2.754, -1.457696, -2.212555
2.755, -1.457696, -2.212555
2.756, -1.457696, -2.212555
2.757, -1.457696, -2.212555
2.758, -1.457696, -2.212555
2.759, -1.457696, -2.212555
2.76, -1.479822, -2.173089
2.761, -1.479822, -2.173089
2.762, -1.479822, -2.173089
2.763, -1.479822, -2.173089
2.764, -1.479822, -2.173089
2.765, -1.479822, -2.173089
2.766, -1.479822, -2.173089
2.767, -1.479822, -2.173089
2.768, -1.479822, -2.173089
2.769, -1.479822, -2.173089
2.77, -1.501553, -2.132434
2.771, -1.501553, -2.132434
2.772, -1.501553, -2.132434
2.773, -1.501553, -2.132434
2.774, -1.501553, -2.132434
2.775, -1.501553, -2.132434
2.776, -1.501553, -2.132434
2.777, -1.501553, -2.132434
2.778, -1.501553, -2.132434
2.779, -1.501553, -2.132434
2.78, -1.522877, -2.090664
2.781, -1.522877, -2.090664
2.782, -1.522877, -2.090664
2.783, -1.522877, -2.090664
2.784, -1.522877, -2.090664
2.785, -1.522877, -2.090664
2.786, -1.522877, -2.090664
2.787, -1.522877, -2.090664
2.788, -1.522877, -2.090664
2.789, -1.522877, -2.090664
2.79, -1.543784, -2.047856
2.791, -1.543784, -2.047856
2.792, -1.543784, -2.047856
2.793, -1.543784, -2.047856
2.794, -1.543784, -2.047856
2.795, -1.543784, -2.047856
2.796, -1.543784, -2.047856
2.797, -1.543784, -2.047856
2.798, -1.543784, -2.047856
2.799, -1.543784, -2.047856
2.8, -1.564262, -2.004091
2.801, -1.564262, -2.004091
2.802, -1.564262, -2.004091
2.803, -1.564262, -2.004091
2.804, -1.564262, -2.004091
2.805, -1.564262, -2.004091
2.806, -1.564262, -2.004091
2.807, -1.564262, -2.004091
2.808, -1.564262, -2.004091
2.809, -1.564262, -2.004091
2.81, -1.584303, -1.959451
2.811, -1.584303, -1.959451
2.812, -1.584303, -1.959451
2.813, -1.584303, -1.959451
2.814, -1.584303, -1.959451
2.815, -1.584303, -1.959451
2.816, -1.584303, -1.959451
2.817, -1.584303, -1.959451
2.818, -1.584303, -1.959451
2.819, -1.584303, -1.959451
2.82, -1.603898, -1.914020
2.821, -1.603898, -1.914020
2.822, -1.603898, -1.914020
2.823, -1.603898, -1.914020
2.824, -1.603898, -1.914020
2.825, -1.603898, -1.914020
2.826, -1.603898, -1.914020
2.827, -1.603898, -1.914020
2.828, -1.603898, -1.914020
2.829, -1.603898, -1.914020
2.83, -1.623038, -1.867883
2.831, -1.623038, -1.867883
2.832, -1.623038, -1.867883
2.833, -1.623038, -1.867883
2.834, -1.623038, -1.867883
2.835, -1.623038, -1.867883
2.836, -1.623038, -1.867883
2.837, -1.623038, -1.867883
2.838, -1.623038, -1.867883
2.839, -1.623038, -1.867883
2.84, -1.641717, -1.821127
2.841, -1.641717, -1.821127
2.842, -1.641717, -1.821127
2.843, -1.641717, -1.821127
2.844, -1.641717, -1.821127
2.845, -1.641717, -1.821127
2.846, -1.641717, -1.821127
2.847, -1.641717, -1.821127
2.848, -1.641717, -1.821127
2.849, -1.641717, -1.821127
2.85, -1.659928, -1.773837
2.851, -1.659928, -1.773837
2.852, -1.659928, -1.773837
2.853, -1.659928, -1.773837
2.854, -1.659928, -1.773837
2.855, -1.659928, -1.773837
2.856, -1.659928, -1.773837
2.857, -1.659928, -1.773837
2.858, -1.659928, -1.773837
2.859, -1.659928, -1.773837
2.86, -1.677666, -1.726101
2.861, -1.677666, -1.726101
2.862, -1.677666, -1.726101
2.863, -1.677666, -1.726101
2.864, -1.677666, -1.726101
2.865, -1.677666, -1.726101
2.866, -1.677666, -1.726101
2.867, -1.677666, -1.726101
2.868, -1.677666, -1.726101
2.869, -1.677666, -1.726101
2.87, -1.694928, -1.678003
2.871, -1.694928, -1.678003
2.872, -1.694928, -1.678003
2.873, -1.694928, -1.678003
2.874, -1.694928, -1.678003
2.875, -1.694928, -1.678003
2.876, -1.694928, -1.678003
2.877, -1.694928, -1.678003
2.878, -1.694928, -1.678003
2.879, -1.694928, -1.678003
2.88, -1.711708, -1.629628
2.881, -1.711708, -1.629628
2.882, -1.711708, -1.629628
2.883, -1.711708, -1.629628
2.884, -1.711708, -1.629628
2.885, -1.711708, -1.629628
2.886, -1.711708, -1.629628
2.887, -1.711708, -1.629628
2.888, -1.711708, -1.629628
2.889, -1.711708, -1.629628
2.89, -1.728004, -1.581060
2.891, -1.728004, -1.581060
2.892, -1.728004, -1.581060
2.893, -1.728004, -1.581060
2.894, -1.728004, -1.581060
2.895, -1.728004, -1.581060
2.896, -1.728004, -1.581060
2.897, -1.728004, -1.581060
2.898, -1.728004, -1.581060
2.899, -1.728004, -1.581060
2.9, -1.743814, -1.532380
2.901, -1.743814, -1.532380
2.902, -1.743814, -1.532380
2.903, -1.743814, -1.532380
2.904, -1.743814, -1.532380
2.905, -1.743814, -1.532380
2.906, -1.743814, -1.532380
2.907, -1.743814, -1.532380
2.908, -1.743814, -1.532380
2.909, -1.743814, -1.532380
2.91, -1.759138, -1.483668
2.911, -1.759138, -1.483668
2.912, -1.759138, -1.483668
2.913, -1.759138, -1.483668
2.914, -1.759138, -1.483668
2.915, -1.759138, -1.483668
2.916, -1.759138, -1.483668
2.917, -1.759138, -1.483668
2.918, -1.759138, -1.483668
2.919, -1.759138, -1.483668
2.92, -1.773975, -1.435000
2.921, -1.773975, -1.435000
2.922, -1.773975, -1.435000
2.923, -1.773975, -1.435000
2.924, -1.773975, -1.435000
2.925, -1.773975, -1.435000
2.926, -1.773975, -1.435000
2.927, -1.773975, -1.435000
2.928, -1.773975, -1.435000
2.929, -1.773975, -1.435000
2.93, -1.788325, -1.386451
2.931, -1.788325, -1.386451
2.932, -1.788325, -1.386451
2.933, -1.788325, -1.386451
2.934, -1.788325, -1.386451
2.935, -1.788325, -1.386451
2.936, -1.788325, -1.386451
2.937, -1.788325, -1.386451
2.938, -1.788325, -1.386451
2.939, -1.788325, -1.386451
2.94, -1.802189, -1.338092
2.941, -1.802189, -1.338092
2.942, -1.802189, -1.338092
2.943, -1.802189, -1.338092
2.944, -1.802189, -1.338092
2.945, -1.802189, -1.338092
2.946, -1.802189, -1.338092
2.947, -1.802189, -1.338092
2.948, -1.802189, -1.338092
2.949, -1.802189, -1.338092
2.95, -1.815570, -1.289992
2.951, -1.815570, -1.289992
2.952, -1.815570, -1.289992
2.953, -1.815570, -1.289992
2.954, -1.815570, -1.289992
2.955, -1.815570, -1.289992
2.956, -1.815570, -1.289992
2.957, -1.815570, -1.289992
2.958, -1.815570, -1.289992
2.959, -1.815570, -1.289992
2.96, -1.828470, -1.242214
2.961, -1.828470, -1.242214
2.962, -1.828470, -1.242214
2.963, -1.828470, -1.242214
2.964, -1.828470, -1.242214
2.965, -1.828470, -1.242214
2.966, -1.828470, -1.242214
2.967, -1.828470, -1.242214
2.968, -1.828470, -1.242214
2.969, -1.828470, -1.242214
2.97, -1.840892, -1.194820
2.971, -1.840892, -1.194820
2.972, -1.840892, -1.194820
2.973, -1.840892, -1.194820
2.974, -1.840892, -1.194820
2.975, -1.840892, -1.194820
2.976, -1.840892, -1.194820
2.977, -1.840892, -1.194820
2.978, -1.840892, -1.194820
2.979, -1.840892, -1.194820
2.98, -1.852841, -1.147868
2.981, -1.852841, -1.147868
2.982, -1.852841, -1.147868
2.983, -1.852841, -1.147868
2.984, -1.852841, -1.147868
2.985, -1.852841, -1.147868
2.986, -1.852841, -1.147868
2.987, -1.852841, -1.147868
2.988, -1.852841, -1.147868
2.989, -1.852841, -1.147868
2.99, -1.864319, -1.101412
2.991, -1.864319, -1.101412
2.992, -1.864319, -1.101412
2.993, -1.864319, -1.101412
2.994, -1.864319, -1.101412
2.995, -1.864319, -1.101412
2.996, -1.864319, -1.101412
2.997, -1.864319, -1.101412
2.998, -1.864319, -1.101412
2.999, -1.864319, -1.101412
3, -1.875333, -1.055502
3.001, -1.875333, -1.055502
3.002, -1.875333, -1.055502
3.003, -1.875333, -1.055502
3.004, -1.875333, -1.055502
3.005, -1.875333, -1.055502
3.006, -1.875333, -1.055502
3.007, -1.875333, -1.055502
3.008, -1.875333, -1.055502
3.009, -1.875333, -1.055502
3.01, -1.885888, -1.010183
3.011, -1.885888, -1.010183
3.012, -1.885888, -1.010183
3.013, -1.885888, -1.010183
3.014, -1.885888, -1.010183
3.015, -1.885888, -1.010183
3.016, -1.885888, -1.010183
3.017, -1.885888, -1.010183
3.018, -1.885888, -1.010183
3.019, -1.885888, -1.010183
3.02, -1.895990, -0.965498
3.021, -1.895990, -0.965498
3.022, -1.895990, -0.965498
3.023, -1.895990, -0.965498
3.024, -1.895990, -0.965498
3.025, -1.895990, -0.965498
3.026, -1.895990, -0.965498
3.027, -1.895990, -0.965498
3.028, -1.895990, -0.965498
3.029, -1.895990, -0.965498
3.03, -1.905645, -0.921485
3.031, -1.905645, -0.921485
3.032, -1.905645, -0.921485
3.033, -1.905645, -0.921485
3.034, -1.905645, -0.921485
3.035, -1.905645, -0.921485
3.036, -1.905645, -0.921485
3.037, -1.905645, -0.921485
3.038, -1.905645, -0.921485
3.039, -1.905645, -0.921485
3.04, -1.914860, -0.878180
3.041, -1.914860, -0.878180
3.042, -1.914860, -0.878180
3.043, -1.914860, -0.878180
3.044, -1.914860, -0.878180
3.045, -1.914860, -0.878180
3.046, -1.914860, -0.878180
3.047, -1.914860, -0.878180
3.048, -1.914860, -0.878180
3.049, -1.914860, -0.878180
3.05, -1.923642, -0.835613
3.051, -1.923642, -0.835613
3.052, -1.923642, -0.835613
3.053, -1.923642, -0.835613
3.054, -1.923642, -0.835613
3.055, -1.923642, -0.835613
3.056, -1.923642, -0.835613
3.057, -1.923642, -0.835613
3.058, -1.923642, -0.835613
3.059, -1.923642, -0.835613
3.06, -1.931998, -0.793812
3.061, -1.931998, -0.793812
3.062, -1.931998, -0.793812
3.063, -1.931998, -0.793812
3.064, -1.931998, -0.793812
3.065, -1.931998, -0.793812
3.066, -1.931998, -0.793812
3.067, -1.931998, -0.793812
3.068, -1.931998, -0.793812
3.069, -1.931998, -0.793812
3.07, -1.939936, -0.752800
3.071, -1.939936, -0.752800
3.072, -1.939936, -0.752800
3.073, -1.939936, -0.752800
3.074, -1.939936, -0.752800
3.075, -1.939936, -0.752800
3.076, -1.939936, -0.752800
3.077, -1.939936, -0.752800
3.078, -1.939936, -0.752800
3.079, -1.939936, -0.752800
3.08, -1.947464, -0.712598
3.081, -1.947464, -0.712598
3.082, -1.947464, -0.712598
3.083, -1.947464, -0.712598
3.084, -1.947464, -0.712598
3.085, -1.947464, -0.712598
3.086, -1.947464, -0.712598
3.087, -1.947464, -0.712598
3.088, -1.947464, -0.712598
3.089, -1.947464, -0.712598
3.09, -1.954590, -0.673223
3.091, -1.954590, -0.673223
3.092, -1.954590, -0.673223
3.093, -1.954590, -0.673223
3.094, -1.954590, -0.673223
3.095, -1.954590, -0.673223
3.096, -1.954590, -0.673223
3.097, -1.954590, -0.673223
3.098, -1.954590, -0.673223
3.099, -1.954590, -0.673223
3.1, -1.961322, -0.634690
3.101, -1.961322, -0.634690
3.102, -1.961322, -0.634690
3.103, -1.961322, -0.634690
3.104, -1.961322, -0.634690
3.105, -1.961322, -0.634690
3.106, -1.961322, -0.634690
3.107, -1.961322, -0.634690
3.108, -1.961322, -0.634690
3.109, -1.961322, -0.634690
3.11, -1.967669, -0.597008
3.111, -1.967669, -0.597008
3.112, -1.967669, -0.597008
3.113, -1.967669, -0.597008
3.114, -1.967669, -0.597008
3.115, -1.967669, -0.597008
3.116, -1.967669, -0.597008
3.117, -1.967669, -0.597008
3.118, -1.967669, -0.597008
3.119, -1.967669, -0.597008
3.12, -1.973639, -0.560187
3.121, -1.973639, -0.560187
3.122, -1.973639, -0.560187
3.123, -1.973639, -0.560187
3.124, -1.973639, -0.560187
3.125, -1.973639, -0.560187
3.126, -1.973639, -0.560187
3.127, -1.973639, -0.560187
3.128, -1.973639, -0.560187
3.129, -1.973639, -0.560187
3.13, -1.979241, -0.524232
3.131, -1.979241, -0.524232
3.132, -1.979241, -0.524232
3.133, -1.979241, -0.524232
3.134, -1.979241, -0.524232
3.135, -1.979241, -0.524232
3.136, -1.979241, -0.524232
3.137, -1.979241, -0.524232
3.138, -1.979241, -0.524232
3.139, -1.979241, -0.524232
3.14, -1.984483, -0.489145
3.141, -1.984483, -0.489145
3.142, -1.984483, -0.489145
3.143, -1.984483, -0.489145
3.144, -1.984483, -0.489145
3.145, -1.984483, -0.489145
3.146, -1.984483, -0.489145
3.147, -1.984483, -0.489145
3.148, -1.984483, -0.489145
3.149, -1.984483, -0.489145
3.15, -1.989375, -0.454929
3.151, -1.989375, -0.454929
3.152, -1.989375, -0.454929
3.153, -1.989375, -0.454929
3.154, -1.989375, -0.454929
3.155, -1.989375, -0.454929
3.156, -1.989375, -0.454929
3.157, -1.989375, -0.454929
3.158, -1.989375, -0.454929
3.159, -1.989375, -0.454929
3.16, -1.993924, -0.421580
3.161, -1.993924, -0.421580
3.162, -1.993924, -0.421580
3.163, -1.993924, -0.421580
3.164, -1.993924, -0.421580
3.165, -1.993924, -0.421580
3.166, -1.993924, -0.421580
3.167, -1.993924, -0.421580
3.168, -1.993924, -0.421580
3.169, -1.993924, -0.421580
3.17, -1.998140, -0.389096
3.171, -1.998140, -0.389096
3.172, -1.998140, -0.389096
3.173, -1.998140, -0.389096
3.174, -1.998140, -0.389096
3.175, -1.998140, -0.389096
3.176, -1.998140, -0.389096
3.177, -1.998140, -0.389096
3.178, -1.998140, -0.389096
3.179, -1.998140, -0.389096
3.18, -2.002031, -0.357470
3.181, -2.002031, -0.357470
3.182, -2.002031, -0.357470
3.183, -2.002031, -0.357470
3.184, -2.002031, -0.357470
3.185, -2.002031, -0.357470
3.186, -2.002031, -0.357470
3.187, -2.002031, -0.357470
3.188, -2.002031, -0.357470
3.189, -2.002031, -0.357470
3.19, -2.005606, -0.326697
3.191, -2.005606, -0.326697
3.192, -2.005606, -0.326697
3.193, -2.005606, -0.326697
3.194, -2.005606, -0.326697
3.195, -2.005606, -0.326697
3.196, -2.005606, -0.326697
3.197, -2.005606, -0.326697
3.198, -2.005606, -0.326697
3.199, -2.005606, -0.326697
3.2, -2.008873, -0.296766
3.201, -2.008873, -0.296766
3.202, -2.008873, -0.296766
3.203, -2.008873, -0.296766
3.204, -2.008873, -0.296766
3.205, -2.008873, -0.296766
3.206, -2.008873, -0.296766
3.207, -2.008873, -0.296766
3.208, -2.008873, -0.296766
3.209, -2.008873, -0.296766
3.21, -2.011840, -0.267669
3.211, -2.011840, -0.267669
3.212, -2.011840, -0.267669
3.213, -2.011840, -0.267669
3.214, -2.011840, -0.267669
3.215, -2.011840, -0.267669
3.216, -2.011840, -0.267669
3.217, -2.011840, -0.267669
3.218, -2.011840, -0.267669
3.219, -2.011840, -0.267669
3.22, -2.014517, -0.239394
3.221, -2.014517, -0.239394
3.222, -2.014517, -0.239394
3.223, -2.014517, -0.239394
3.224, -2.014517, -0.239394
3.225, -2.014517, -0.239394
3.226, -2.014517, -0.239394
3.227, -2.014517, -0.239394
3.228, -2.014517, -0.239394
3.229, -2.014517, -0.239394
3.23, -2.016911, -0.211927
3.231, -2.016911, -0.211927
3.232, -2.016911, -0.211927
3.233, -2.016911, -0.211927
3.234, -2.016911, -0.211927
3.235, -2.016911, -0.211927
3.236, -2.016911, -0.211927
3.237, -2.016911, -0.211927
3.238, -2.016911, -0.211927
3.239, -2.016911, -0.211927
3.24, -2.019030, -0.185256
3.241, -2.019030, -0.185256
3.242, -2.019030, -0.185256
3.243, -2.019030, -0.185256
3.244, -2.019030, -0.185256
3.245, -2.019030, -0.185256
3.246, -2.019030, -0.185256
3.247, -2.019030, -0.185256
3.248, -2.019030, -0.185256
3.249, -2.019030, -0.185256
3.25, -2.020883, -0.159367
3.251, -2.020883, -0.159367
3.252, -2.020883, -0.159367
3.253, -2.020883, -0.159367
3.254, -2.020883, -0.159367
3.255, -2.020883, -0.159367
3.256, -2.020883, -0.159367
3.257, -2.020883, -0.159367
3.258, -2.020883, -0.159367
3.259, -2.020883, -0.159367
3.26, -2.022476, -0.134243
3.261, -2.022476, -0.134243
3.262, -2.022476, -0.134243
3.263, -2.022476, -0.134243
3.264, -2.022476, -0.134243
3.265, -2.022476, -0.134243
3.266, -2.022476, -0.134243
3.267, -2.022476, -0.134243
3.268, -2.022476, -0.134243
3.269, -2.022476, -0.134243
3.27, -2.023819, -0.109869
3.271, -2.023819, -0.109869
3.272, -2.023819, -0.109869
3.273, -2.023819, -0.109869
3.274, -2.023819, -0.109869
3.275, -2.023819, -0.109869
3.276, -2.023819, -0.109869
3.277, -2.023819, -0.109869
3.278, -2.023819, -0.109869
3.279, -2.023819, -0.109869
3.28, -2.024918, -0.086230
3.281, -2.024918, -0.086230
3.282, -2.024918, -0.086230
3.283, -2.024918, -0.086230
3.284, -2.024918, -0.086230
3.285, -2.024918, -0.086230
3.286, -2.024918, -0.086230
3.287, -2.024918, -0.086230
3.288, -2.024918, -0.086230
3.289, -2.024918, -0.086230
3.29, -2.025780, -0.063307
3.291, -2.025780, -0.063307
3.292, -2.025780, -0.063307
3.293, -2.025780, -0.063307
3.294, -2.025780, -0.063307
3.295, -2.025780, -0.063307
3.296, -2.025780, -0.063307
3.297, -2.025780, -0.063307
3.298, -2.025780, -0.063307
3.299, -2.025780, -0.063307
3.3, -2.026413, -0.041085
3.301, -2.026413, -0.041085
3.302, -2.026413, -0.041085
3.303, -2.026413, -0.041085
3.304, -2.026413, -0.041085
3.305, -2.026413, -0.041085
3.306, -2.026413, -0.041085
3.307, -2.026413, -0.041085
3.308, -2.026413, -0.041085
3.309, -2.026413, -0.041085
3.31, -2.026824, -0.019544
3.311, -2.026824, -0.019544
3.312, -2.026824, -0.019544
3.313, -2.026824, -0.019544
3.314, -2.026824, -0.019544
3.315, -2.026824, -0.019544
3.316, -2.026824, -0.019544
3.317, -2.026824, -0.019544
3.318, -2.026824, -0.019544
3.319, -2.026824, -0.019544
3.32, -2.027019, 0.001331
3.321, -2.027019, 0.001331
3.322, -2.027019, 0.001331
3.323, -2.027019, 0.001331
3.324, -2.027019, 0.001331
3.325, -2.027019, 0.001331
3.326, -2.027019, 0.001331
3.327, -2.027019, 0.001331
3.328, -2.027019, 0.001331
3.329, -2.027019, 0.001331
3.33, -2.027006, 0.021560
3.331, -2.027006, 0.021560
3.332, -2.027006, 0.021560
3.333, -2.027006, 0.021560
3.334, -2.027006, 0.021560
3.335, -2.027006, 0.021560
3.336, -2.027006, 0.021560
3.337, -2.027006, 0.021560
3.338, -2.027006, 0.021560
3.339, -2.027006, 0.021560
3.34, -2.026790, 0.041160
3.341, -2.026790, 0.041160
3.342, -2.026790, 0.041160
3.343, -2.026790, 0.041160
3.344, -2.026790, 0.041160
3.345, -2.026790, 0.041160
3.346, -2.026790, 0.041160
3.347, -2.026790, 0.041160
3.348, -2.026790, 0.041160
3.349, -2.026790, 0.041160
3.35, -2.026379, 0.060149
3.351, -2.026379, 0.060149
3.352, -2.026379, 0.060149
3.353, -2.026379, 0.060149
3.354, -2.026379, 0.060149
3.355, -2.026379, 0.060149
3.356, -2.026379, 0.060149
3.357, -2.026379, 0.060149
3.358, -2.026379, 0.060149
3.359, -2.026379, 0.060149
3.36, -2.025777, 0.078544
3.361, -2.025777, 0.078544
3.362, -2.025777, 0.078544
3.363, -2.025777, 0.078544
3.364, -2.025777, 0.078544
3.365, -2.025777, 0.078544
3.366, -2.025777, 0.078544
3.367, -2.025777, 0.078544
3.368, -2.025777, 0.078544
3.369, -2.025777, 0.078544
3.37, -2.024992, 0.096364
3.371, -2.024992, 0.096364
3.372, -2.024992, 0.096364
3.373, -2.024992, 0.096364
3.374, -2.024992, 0.096364
3.375, -2.024992, 0.096364
3.376, -2.024992, 0.096364
3.377, -2.024992, 0.096364
3.378, -2.024992, 0.096364
3.379, -2.024992, 0.096364
3.38, -2.024028, 0.113626
3.381, -2.024028, 0.113626
3.382, -2.024028, 0.113626
3.383, -2.024028, 0.113626
3.384, -2.024028, 0.113626
3.385, -2.024028, 0.113626
3.386, -2.024028, 0.113626
3.387, -2.024028, 0.113626
3.388, -2.024028, 0.113626
3.389, -2.024028, 0.113626
3.39, -2.022892, 0.130348
3.391, -2.022892, 0.130348
3.392, -2.022892, 0.130348
3.393, -2.022892, 0.130348
3.394, -2.022892, 0.130348
3.395, -2.022892, 0.130348
3.396, -2.022892, 0.130348
3.397, -2.022892, 0.130348
3.398, -2.022892, 0.130348
3.399, -2.022892, 0.130348
3.4, -2.021588, 0.146546
3.401, -2.021588, 0.146546
3.402, -2.021588, 0.146546
3.403, -2.021588, 0.146546
3.404, -2.021588, 0.146546
3.405, -2.021588, 0.146546
3.406, -2.021588, 0.146546
3.407, -2.021588, 0.146546
3.408, -2.021588, 0.146546
3.409, -2.021588, 0.146546
3.41, -2.020123, 0.162239
3.411, -2.020123, 0.162239
3.412, -2.020123, 0.162239
3.413, -2.020123, 0.162239
3.414, -2.020123, 0.162239
3.415, -2.020123, 0.162239
3.416, -2.020123, 0.162239
3.417, -2.020123, 0.162239
3.418, -2.020123, 0.162239
3.419, -2.020123, 0.162239
3.42, -2.018501, 0.177441
3.421, -2.018501, 0.177441
3.422, -2.018501, 0.177441
3.423, -2.018501, 0.177441
3.424, -2.018501, 0.177441
3.425, -2.018501, 0.177441
3.426, -2.018501, 0.177441
3.427, -2.018501, 0.177441
3.428, -2.018501, 0.177441
3.429, -2.018501, 0.177441
3.43, -2.016726, 0.192171
3.431, -2.016726, 0.192171
3.432, -2.016726, 0.192171
3.433, -2.016726, 0.192171
3.434, -2.016726, 0.192171
3.435, -2.016726, 0.192171
3.436, -2.016726, 0.192171
3.437, -2.016726, 0.192171
3.438, -2.016726, 0.192171
3.439, -2.016726, 0.192171
3.44, -2.014804, 0.206444
3.441, -2.014804, 0.206444
3.442, -2.014804, 0.206444
3.443, -2.014804, 0.206444
3.444, -2.014804, 0.206444
3.445, -2.014804, 0.206444
3.446, -2.014804, 0.206444
3.447, -2.014804, 0.206444
3.448, -2.014804, 0.206444
3.449, -2.014804, 0.206444
3.45, -2.012740, 0.220276
3.451, -2.012740, 0.220276
3.452, -2.012740, 0.220276
3.453, -2.012740, 0.220276
3.454, -2.012740, 0.220276
3.455, -2.012740, 0.220276
3.456, -2.012740, 0.220276
3.457, -2.012740, 0.220276
3.458, -2.012740, 0.220276
3.459, -2.012740, 0.220276
3.46, -2.010537, 0.233683
3.461, -2.010537, 0.233683
3.462, -2.010537, 0.233683
3.463, -2.010537, 0.233683
3.464, -2.010537, 0.233683
3.465, -2.010537, 0.233683
3.466, -2.010537, 0.233683
3.467, -2.010537, 0.233683
3.468, -2.010537, 0.233683
3.469, -2.010537, 0.233683
3.47, -2.008200, 0.246679
3.471, -2.008200, 0.246679
3.472, -2.008200, 0.246679
3.473, -2.008200, 0.246679
3.474, -2.008200, 0.246679
3.475, -2.008200, 0.246679
3.476, -2.008200, 0.246679
3.477, -2.008200, 0.246679
3.478, -2.008200, 0.246679
3.479, -2.008200, 0.246679
3.48, -2.005734, 0.259279
3.481, -2.005734, 0.259279
3.482, -2.005734, 0.259279
3.483, -2.005734, 0.259279
3.484, -2.005734, 0.259279
3.485, -2.005734, 0.259279
3.486, -2.005734, 0.259279
3.487, -2.005734, 0.259279
3.488, -2.005734, 0.259279
3.489, -2.005734, 0.259279
3.49, -2.003141, 0.271499
3.491, -2.003141, 0.271499
3.492, -2.003141, 0.271499
3.493, -2.003141, 0.271499
3.494, -2.003141, 0.271499
3.495, -2.003141, 0.271499
3.496, -2.003141, 0.271499
3.497, -2.003141, 0.271499
3.498, -2.003141, 0.271499
3.499, -2.003141, 0.271499
3.5, -2.000426, 0.283351
3.501, -2.000426, 0.283351
3.502, -2.000426, 0.283351
3.503, -2.000426, 0.283351
3.504, -2.000426, 0.283351
3.505, -2.000426, 0.283351
3.506, -2.000426, 0.283351
3.507, -2.000426, 0.283351
3.508, -2.000426, 0.283351
3.509, -2.000426, 0.283351
3.51, -1.997592, 0.294850
3.511, -1.997592, 0.294850
3.512, -1.997592, 0.294850
3.513, -1.997592, 0.294850
3.514, -1.997592, 0.294850
3.515, -1.997592, 0.294850
3.516, -1.997592, 0.294850
3.517, -1.997592, 0.294850
3.518, -1.997592, 0.294850
3.519, -1.997592, 0.294850
3.52, -1.994644, 0.306009
3.521, -1.994644, 0.306009
3.522, -1.994644, 0.306009
3.523, -1.994644, 0.306009
3.524, -1.994644, 0.306009
3.525, -1.994644, 0.306009
3.526, -1.994644, 0.306009
3.527, -1.994644, 0.306009
3.528, -1.994644, 0.306009
3.529, -1.994644, 0.306009
3.53, -1.991584, 0.316840
3.531, -1.991584, 0.316840
3.532, -1.991584, 0.316840
3.533, -1.991584, 0.316840
3.534, -1.991584, 0.316840
3.535, -1.991584, 0.316840
3.536, -1.991584, 0.316840
3.537, -1.991584, 0.316840
3.538, -1.991584, 0.316840
3.539, -1.991584, 0.316840
3.54, -1.988415, 0.327358
3.541, -1.988415, 0.327358
3.542, -1.988415, 0.327358
3.543, -1.988415, 0.327358
3.544, -1.988415, 0.327358
3.545, -1.988415, 0.327358
3.546, -1.988415, 0.327358
3.547, -1.988415, 0.327358
3.548, -1.988415, 0.327358
3.549, -1.988415, 0.327358
3.55, -1.985142, 0.337572
3.551, -1.985142, 0.337572
3.552, -1.985142, 0.337572
3.553, -1.985142, 0.337572
3.554, -1.985142, 0.337572
3.555, -1.985142, 0.337572
3.556, -1.985142, 0.337572
3.557, -1.985142, 0.337572
3.558, -1.985142, 0.337572
3.559, -1.985142, 0.337572
3.56, -1.981766, 0.347496
3.561, -1.981766, 0.347496
3.562, -1.981766, 0.347496
3.563, -1.981766, 0.347496
3.564, -1.981766, 0.347496
3.565, -1.981766, 0.347496
3.566, -1.981766, 0.347496
3.567, -1.981766, 0.347496
3.568, -1.981766, 0.347496
3.569, -1.981766, 0.347496
3.57, -1.978291, 0.357141
3.571, -1.978291, 0.357141
3.572, -1.978291, 0.357141
3.573, -1.978291, 0.357141
3.574, -1.978291, 0.357141
3.575, -1.978291, 0.357141
3.576, -1.978291, 0.357141
3.577, -1.978291, 0.357141
3.578, -1.978291, 0.357141
3.579, -1.978291, 0.357141
3.58, -1.974720, 0.366519
3.581, -1.974720, 0.366519
3.582, -1.974720, 0.366519
3.583, -1.974720, 0.366519
3.584, -1.974720, 0.366519
3.585, -1.974720, 0.366519
3.586, -1.974720, 0.366519
3.587, -1.974720, 0.366519
3.588, -1.974720, 0.366519
3.589, -1.974720, 0.366519
3.59, -1.971054, 0.375638
3.591, -1.971054, 0.375638
3.592, -1.971054, 0.375638
3.593, -1.971054, 0.375638
3.594, -1.971054, 0.375638
3.595, -1.971054, 0.375638
3.596, -1.971054, 0.375638
3.597, -1.971054, 0.375638
3.598, -1.971054, 0.375638
3.599, -1.971054, 0.375638
3.6, -1.967298, 0.384512
3.601, -1.967298, 0.384512
3.602, -1.967298, 0.384512
3.603, -1.967298, 0.384512
3.604, -1.967298, 0.384512
3.605, -1.967298, 0.384512
3.606, -1.967298, 0.384512
3.607, -1.967298, 0.384512
3.608, -1.967298, 0.384512
3.609, -1.967298, 0.384512
3.61, -1.963453, 0.393148
3.611, -1.963453, 0.393148
3.612, -1.963453, 0.393148
3.613, -1.963453, 0.393148
3.614, -1.963453, 0.393148
3.615, -1.963453, 0.393148
3.616, -1.963453, 0.393148
3.617, -1.963453, 0.393148
3.618, -1.963453, 0.393148
3.619, -1.963453, 0.393148
3.62, -1.959521, 0.401558
3.621, -1.959521, 0.401558
3.622, -1.959521, 0.401558
3.623, -1.959521, 0.401558
3.624, -1.959521, 0.401558
3.625, -1.959521, 0.401558
3.626, -1.959521, 0.401558
3.627, -1.959521, 0.401558
3.628, -1.959521, 0.401558
3.629, -1.959521, 0.401558
3.63, -1.955506, 0.409750
3.631, -1.955506, 0.409750
3.632, -1.955506, 0.409750
3.633, -1.955506, 0.409750
3.634, -1.955506, 0.409750
3.635, -1.955506, 0.409750
3.636, -1.955506, 0.409750
3.637, -1.955506, 0.409750
3.638, -1.955506, 0.409750
3.639, -1.955506, 0.409750
3.64, -1.951408, 0.417733
3.641, -1.951408, 0.417733
3.642, -1.951408, 0.417733
3.643, -1.951408, 0.417733
3.644, -1.951408, 0.417733
3.645, -1.951408, 0.417733
3.646, -1.951408, 0.417733
3.647, -1.951408, 0.417733
3.648, -1.951408, 0.417733
3.649, -1.951408, 0.417733
3.65, -1.947231, 0.425518
3.651, -1.947231, 0.425518
3.652, -1.947231, 0.425518
3.653, -1.947231, 0.425518
3.654, -1.947231, 0.425518
3.655, -1.947231, 0.425518
3.656, -1.947231, 0.425518
3.657, -1.947231, 0.425518
3.658, -1.947231, 0.425518
3.659, -1.947231, 0.425518
3.66, -1.942976, 0.433111
3.661, -1.942976, 0.433111
3.662, -1.942976, 0.433111
3.663, -1.942976, 0.433111
3.664, -1.942976, 0.433111
3.665, -1.942976, 0.433111
3.666, -1.942976, 0.433111
3.667, -1.942976, 0.433111
3.668, -1.942976, 0.433111
3.669, -1.942976, 0.433111
3.67, -1.938645, 0.440521
3.671, -1.938645, 0.440521
3.672, -1.938645, 0.440521
3.673, -1.938645, 0.440521
3.674, -1.938645, 0.440521
3.675, -1.938645, 0.440521
3.676, -1.938645, 0.440521
3.677, -1.938645, 0.440521
3.678, -1.938645, 0.440521
3.679, -1.938645, 0.440521
3.68, -1.934240, 0.447756
3.681, -1.934240, 0.447756
3.682, -1.934240, 0.447756
3.683, -1.934240, 0.447756
3.684, -1.934240, 0.447756
3.685, -1.934240, 0.447756
3.686, -1.934240, 0.447756
3.687, -1.934240, 0.447756
3.688, -1.934240, 0.447756
3.689, -1.934240, 0.447756
3.69, -1.929762, 0.454824
3.691, -1.929762, 0.454824
3.692, -1.929762, 0.454824
3.693, -1.929762, 0.454824
3.694, -1.929762, 0.454824
3.695, -1.929762, 0.454824
3.696, -1.929762, 0.454824
3.697, -1.929762, 0.454824
3.698, -1.929762, 0.454824
3.699, -1.929762, 0.454824
3.7, -1.925214, 0.461733
3.701, -1.925214, 0.461733
3.702, -1.925214, 0.461733
3.703, -1.925214, 0.461733
3.704, -1.925214, 0.461733
3.705, -1.925214, 0.461733
3.706, -1.925214, 0.461733
3.707, -1.925214, 0.461733
3.708, -1.925214, 0.461733
3.709, -1.925214, 0.461733
3.71, -1.920596, 0.468488
3.711, -1.920596, 0.468488
3.712, -1.920596, 0.468488
3.713, -1.920596, 0.468488
3.714, -1.920596, 0.468488
3.715, -1.920596, 0.468488
3.716, -1.920596, 0.468488
3.717, -1.920596, 0.468488
3.718, -1.920596, 0.468488
3.719, -1.920596, 0.468488
3.72, -1.915912, 0.475098
3.721, -1.915912, 0.475098
3.722, -1.915912, 0.475098
3.723, -1.915912, 0.475098
3.724, -1.915912, 0.475098
3.725, -1.915912, 0.475098
3.726, -1.915912, 0.475098
3.727, -1.915912, 0.475098
3.728, -1.915912, 0.475098
3.729, -1.915912, 0.475098
3.73, -1.911161, 0.481569
3.731, -1.911161, 0.481569
3.732, -1.911161, 0.481569
3.733, -1.911161, 0.481569
3.734, -1.911161, 0.481569
3.735, -1.911161, 0.481569
3.736, -1.911161, 0.481569
3.737, -1.911161, 0.481569
3.738, -1.911161, 0.481569
3.739, -1.911161, 0.481569
3.74, -1.906345, 0.487907
3.741, -1.906345, 0.487907
3.742, -1.906345, 0.487907
3.743, -1.906345, 0.487907
3.744, -1.906345, 0.487907
3.745, -1.906345, 0.487907
3.746, -1.906345, 0.487907
3.747, -1.906345, 0.487907
3.748, -1.906345, 0.487907
3.749, -1.906345, 0.487907
3.75, -1.901466, 0.494118
3.751, -1.901466, 0.494118
3.752, -1.901466, 0.494118
3.753, -1.901466, 0.494118
3.754, -1.901466, 0.494118
3.755, -1.901466, 0.494118
3.756, -1.901466, 0.494118
3.757, -1.901466, 0.494118
3.758, -1.901466, 0.494118
3.759, -1.901466, 0.494118
3.76, -1.896525, 0.500208
3.761, -1.896525, 0.500208
3.762, -1.896525, 0.500208
3.763, -1.896525, 0.500208
3.764, -1.896525, 0.500208
3.765, -1.896525, 0.500208
3.766, -1.896525, 0.500208
3.767, -1.896525, 0.500208
3.768, -1.896525, 0.500208
3.769, -1.896525, 0.500208
3.77, -1.891523, 0.506184
3.771, -1.891523, 0.506184
3.772, -1.891523, 0.506184
3.773, -1.891523, 0.506184
3.774, -1.891523, 0.506184
3.775, -1.891523, 0.506184
3.776, -1.891523, 0.506184
3.777, -1.891523, 0.506184
3.778, -1.891523, 0.506184
3.779, -1.891523, 0.506184
3.78, -1.886461, 0.512051
3.781, -1.886461, 0.512051
3.782, -1.886461, 0.512051
3.783, -1.886461, 0.512051
3.784, -1.886461, 0.512051
3.785, -1.886461, 0.512051
3.786, -1.886461, 0.512051
3.787, -1.886461, 0.512051
3.788, -1.886461, 0.512051
3.789, -1.886461, 0.512051
3.79, -1.881340, 0.517813
3.791, -1.881340, 0.517813
3.792, -1.881340, 0.517813
3.793, -1.881340, 0.517813
3.794, -1.881340, 0.517813
3.795, -1.881340, 0.517813
3.796, -1.881340, 0.517813
3.797, -1.881340, 0.517813
3.798, -1.881340, 0.517813
3.799, -1.881340, 0.517813
3.8, -1.876162, 0.523477
3.801, -1.876162, 0.523477
3.802, -1.876162, 0.523477
3.803, -1.876162, 0.523477
3.804, -1.876162, 0.523477
3.805, -1.876162, 0.523477
3.806, -1.876162, 0.523477
3.807, -1.876162, 0.523477
3.808, -1.876162, 0.523477
3.809, -1.876162, 0.523477
3.81, -1.870927, 0.529047
3.811, -1.870927, 0.529047
3.812, -1.870927, 0.529047
3.813, -1.870927, 0.529047
3.814, -1.870927, 0.529047
3.815, -1.870927, 0.529047
3.816, -1.870927, 0.529047
3.817, -1.870927, 0.529047
3.818, -1.870927, 0.529047
3.819, -1.870927, 0.529047
3.82, -1.865637, 0.534528
3.821, -1.865637, 0.534528
3.822, -1.865637, 0.534528
3.823, -1.865637, 0.534528
3.824, -1.865637, 0.534528
3.825, -1.865637, 0.534528
3.826, -1.865637, 0.534528
3.827, -1.865637, 0.534528
3.828, -1.865637, 0.534528
3.829, -1.865637, 0.534528
3.83, -1.860292, 0.539925
3.831, -1.860292, 0.539925
3.832, -1.860292, 0.539925
3.833, -1.860292, 0.539925
3.834, -1.860292, 0.539925
3.835, -1.860292, 0.539925
3.836, -1.860292, 0.539925
3.837, -1.860292, 0.539925
3.838, -1.860292, 0.539925
3.839, -1.860292, 0.539925
3.84, -1.854892, 0.545242
3.841, -1.854892, 0.545242
3.842, -1.854892, 0.545242
3.843, -1.854892, 0.545242
3.844, -1.854892, 0.545242
3.845, -1.854892, 0.545242
3.846, -1.854892, 0.545242
3.847, -1.854892, 0.545242
3.848, -1.854892, 0.545242
3.849, -1.854892, 0.545242
3.85, -1.849440, 0.550484
3.851, -1.849440, 0.550484
3.852, -1.849440, 0.550484
3.853, -1.849440, 0.550484
3.854, -1.849440, 0.550484
3.855, -1.849440, 0.550484
3.856, -1.849440, 0.550484
3.857, -1.849440, 0.550484
3.858, -1.849440, 0.550484
3.859, -1.849440, 0.550484
3.86, -1.843935, 0.555654
3.861, -1.843935, 0.555654
3.862, -1.843935, 0.555654
3.863, -1.843935, 0.555654
3.864, -1.843935, 0.555654
3.865, -1.843935, 0.555654
3.866, -1.843935, 0.555654
3.867, -1.843935, 0.555654
3.868, -1.843935, 0.555654
3.869, -1.843935, 0.555654
3.87, -1.838378, 0.560757
3.871, -1.838378, 0.560757
3.872, -1.838378, 0.560757
3.873, -1.838378, 0.560757
3.874, -1.838378, 0.560757
3.875, -1.838378, 0.560757
3.876, -1.838378, 0.560757
3.877, -1.838378, 0.560757
3.878, -1.838378, 0.560757
3.879, -1.838378, 0.560757
3.88, -1.832771, 0.565797
3.881, -1.832771, 0.565797
3.882, -1.832771, 0.565797
3.883, -1.832771, 0.565797
3.884, -1.832771, 0.565797
3.885, -1.832771, 0.565797
3.886, -1.832771, 0.565797
3.887, -1.832771, 0.565797
3.888, -1.832771, 0.565797
3.889, -1.832771, 0.565797
3.89, -1.827113, 0.570777
3.891, -1.827113, 0.570777
3.892, -1.827113, 0.570777
3.893, -1.827113, 0.570777
3.894, -1.827113, 0.570777
3.895, -1.827113, 0.570777
3.896, -1.827113, 0.570777
3.897, -1.827113, 0.570777
3.898, -1.827113, 0.570777
3.899, -1.827113, 0.570777
3.9, -1.821405, 0.575702
3.901, -1.821405, 0.575702
3.902, -1.821405, 0.575702
3.903, -1.821405, 0.575702
3.904, -1.821405, 0.575702
3.905, -1.821405, 0.575702
3.906, -1.821405, 0.575702
3.907, -1.821405, 0.575702
3.908, -1.821405, 0.575702
3.909, -1.821405, 0.575702
3.91, -1.815648, 0.580574
3.911, -1.815648, 0.580574
3.912, -1.815648, 0.580574
3.913, -1.815648, 0.580574
3.914, -1.815648, 0.580574
3.915, -1.815648, 0.580574
3.916, -1.815648, 0.580574
3.917, -1.815648, 0.580574
3.918, -1.815648, 0.580574
3.919, -1.815648, 0.580574
3.92, -1.809842, 0.585397
3.921, -1.809842, 0.585397
3.922, -1.809842, 0.585397
3.923, -1.809842, 0.585397
3.924, -1.809842, 0.585397
3.925, -1.809842, 0.585397
3.926, -1.809842, 0.585397
3.927, -1.809842, 0.585397
3.928, -1.809842, 0.585397
3.929, -1.809842, 0.585397
3.93, -1.803988, 0.590175
3.931, -1.803988, 0.590175
3.932, -1.803988, 0.590175
3.933, -1.803988, 0.590175
3.934, -1.803988, 0.590175
3.935, -1.803988, 0.590175
3.936, -1.803988, 0.590175
3.937, -1.803988, 0.590175
3.938, -1.803988, 0.590175
3.939, -1.803988, 0.590175
3.94, -1.798087, 0.594910
3.941, -1.798087, 0.594910
3.942, -1.798087, 0.594910
3.943, -1.798087, 0.594910
3.944, -1.798087, 0.594910
3.945, -1.798087, 0.594910
3.946, -1.798087, 0.594910
3.947, -1.798087, 0.594910
3.948, -1.798087, 0.594910
3.949, -1.798087, 0.594910
3.95, -1.792138, 0.599606
3.951, -1.792138, 0.599606
3.952, -1.792138, 0.599606
3.953, -1.792138, 0.599606
3.954, -1.792138, 0.599606
3.955, -1.792138, 0.599606
3.956, -1.792138, 0.599606
3.957, -1.792138, 0.599606
3.958, -1.792138, 0.599606
3.959, -1.792138, 0.599606
3.96, -1.786142, 0.604265
3.961, -1.786142, 0.604265
3.962, -1.786142, 0.604265
3.963, -1.786142, 0.604265
3.964, -1.786142, 0.604265
3.965, -1.786142, 0.604265
3.966, -1.786142, 0.604265
3.967, -1.786142, 0.604265
3.968, -1.786142, 0.604265
3.969, -1.786142, 0.604265
3.97, -1.780099, 0.608891
3.971, -1.780099, 0.608891
3.972, -1.780099, 0.608891
3.973, -1.780099, 0.608891
3.974, -1.780099, 0.608891
3.975, -1.780099, 0.608891
3.976, -1.780099, 0.608891
3.977, -1.780099, 0.608891
3.978, -1.780099, 0.608891
3.979, -1.780099, 0.608891
3.98, -1.774010, 0.613487
3.981, -1.774010, 0.613487
3.982, -1.774010, 0.613487
3.983, -1.774010, 0.613487
3.984, -1.774010, 0.613487
3.985, -1.774010, 0.613487
3.986, -1.774010, 0.613487
3.987, -1.774010, 0.613487
3.988, -1.774010, 0.613487
3.989, -1.774010, 0.613487
3.99, -1.767875, 0.618055
3.991, -1.767875, 0.618055
3.992, -1.767875, 0.618055
3.993, -1.767875, 0.618055
3.994, -1.767875, 0.618055
3.995, -1.767875, 0.618055
3.996, -1.767875, 0.618055
3.997, -1.767875, 0.618055
3.998, -1.767875, 0.618055
3.999, -1.767875, 0.618055
4, -1.761695, 0.622598
4.001, -1.761695, 0.622598
4.002, -1.761695, 0.622598
4.003, -1.761695, 0.622598
4.004, -1.761695, 0.622598
4.005, -1.761695, 0.622598
4.006, -1.761695, 0.622598
4.007, -1.761695, 0.622598
4.008, -1.761695, 0.622598
4.009, -1.761695, 0.622598
4.01, -1.755469, 0.627118
4.011, -1.755469, 0.627118
4.012, -1.755469, 0.627118
4.013, -1.755469, 0.627118
4.014, -1.755469, 0.627118
4.015, -1.755469, 0.627118
4.016, -1.755469, 0.627118
4.017, -1.755469, 0.627118
4.018, -1.755469, 0.627118
4.019, -1.755469, 0.627118
4.02, -1.749197, 0.631618
4.021, -1.749197, 0.631618
4.022, -1.749197, 0.631618
4.023, -1.749197, 0.631618
4.024, -1.749197, 0.631618
4.025, -1.749197, 0.631618
4.026, -1.749197, 0.631618
4.027, -1.749197, 0.631618
4.028, -1.749197, 0.631618
4.029, -1.749197, 0.631618
4.03, -1.742881, 0.636100
4.031, -1.742881, 0.636100
4.032, -1.742881, 0.636100
4.033, -1.742881, 0.636100
4.034, -1.742881, 0.636100
4.035, -1.742881, 0.636100
4.036, -1.742881, 0.636100
4.037, -1.742881, 0.636100
4.038, -1.742881, 0.636100
4.039, -1.742881, 0.636100
4.04, -1.736520, 0.640568
4.041, -1.736520, 0.640568
4.042, -1.736520, 0.640568
4.043, -1.736520, 0.640568
4.044, -1.736520, 0.640568
4.045, -1.736520, 0.640568
4.046, -1.736520, 0.640568
4.047, -1.736520, 0.640568
4.048, -1.736520, 0.640568
4.049, -1.736520, 0.640568
4.05, -1.730115, 0.645022
4.051, -1.730115, 0.645022
4.052, -1.730115, 0.645022
4.053, -1.730115, 0.645022
4.054, -1.730115, 0.645022
4.055, -1.730115, 0.645022
4.056, -1.730115, 0.645022
4.057, -1.730115, 0.645022
4.058, -1.730115, 0.645022
4.059, -1.730115, 0.645022
4.06, -1.723664, 0.649466
4.061, -1.723664, 0.649466
4.062, -1.723664, 0.649466
4.063, -1.723664, 0.649466
4.064, -1.723664, 0.649466
4.065, -1.723664, 0.649466
4.066, -1.723664, 0.649466
4.067, -1.723664, 0.649466
4.068, -1.723664, 0.649466
4.069, -1.723664, 0.649466
4.07, -1.717170, 0.653902
4.071, -1.717170, 0.653902
4.072, -1.717170, 0.653902
4.073, -1.717170, 0.653902
4.074, -1.717170, 0.653902
4.075, -1.717170, 0.653902
4.076, -1.717170, 0.653902
4.077, -1.717170, 0.653902
4.078, -1.717170, 0.653902
4.079, -1.717170, 0.653902
4.08, -1.710631, 0.658331
4.081, -1.710631, 0.658331
4.082, -1.710631, 0.658331
4.083, -1.710631, 0.658331
4.084, -1.710631, 0.658331
4.085, -1.710631, 0.658331
4.086, -1.710631, 0.658331
4.087, -1.710631, 0.658331
4.088, -1.710631, 0.658331
4.089, -1.710631, 0.658331
4.09, -1.704047, 0.662756
4.091, -1.704047, 0.662756
4.092, -1.704047, 0.662756
4.093, -1.704047, 0.662756
4.094, -1.704047, 0.662756
4.095, -1.704047, 0.662756
4.096, -1.704047, 0.662756
4.097, -1.704047, 0.662756
4.098, -1.704047, 0.662756
4.099, -1.704047, 0.662756
4.1, -1.697420, 0.667179
4.101, -1.697420, 0.667179
4.102, -1.697420, 0.667179
4.103, -1.697420, 0.667179
4.104, -1.697420, 0.667179
4.105, -1.697420, 0.667179
4.106, -1.697420, 0.667179
4.107, -1.697420, 0.667179
4.108, -1.697420, 0.667179
4.109, -1.697420, 0.667179
4.11, -1.690748, 0.671602
4.111, -1.690748, 0.671602
4.112, -1.690748, 0.671602
4.113, -1.690748, 0.671602
4.114, -1.690748, 0.671602
4.115, -1.690748, 0.671602
4.116, -1.690748, 0.671602
4.117, -1.690748, 0.671602
4.118, -1.690748, 0.671602
4.119, -1.690748, 0.671602
4.12, -1.684032, 0.676027
4.121, -1.684032, 0.676027
4.122, -1.684032, 0.676027
4.123, -1.684032, 0.676027
4.124, -1.684032, 0.676027
4.125, -1.684032, 0.676027
4.126, -1.684032, 0.676027
4.127, -1.684032, 0.676027
4.128, -1.684032, 0.676027
4.129, -1.684032, 0.676027
4.13, -1.677272, 0.680456
4.131, -1.677272, 0.680456
4.132, -1.677272, 0.680456
4.133, -1.677272, 0.680456
4.134, -1.677272, 0.680456
4.135, -1.677272, 0.680456
4.136, -1.677272, 0.680456
4.137, -1.677272, 0.680456
4.138, -1.677272, 0.680456
4.139, -1.677272, 0.680456
4.14, -1.670467, 0.684890
4.141, -1.670467, 0.684890
4.142, -1.670467, 0.684890
4.143, -1.670467, 0.684890
4.144, -1.670467, 0.684890
4.145, -1.670467, 0.684890
4.146, -1.670467, 0.684890
4.147, -1.670467, 0.684890
4.148, -1.670467, 0.684890
4.149, -1.670467, 0.684890
4.15, -1.663618, 0.689332
4.151, -1.663618, 0.689332
4.152, -1.663618, 0.689332
4.153, -1.663618, 0.689332
4.154, -1.663618, 0.689332
4.155, -1.663618, 0.689332
4.156, -1.663618, 0.689332
4.157, -1.663618, 0.689332
4.158, -1.663618, 0.689332
4.159, -1.663618, 0.689332
4.16, -1.656725, 0.693784
4.161, -1.656725, 0.693784
4.162, -1.656725, 0.693784
4.163, -1.656725, 0.693784
4.164, -1.656725, 0.693784
4.165, -1.656725, 0.693784
4.166, -1.656725, 0.693784
4.167, -1.656725, 0.693784
4.168, -1.656725, 0.693784
4.169, -1.656725, 0.693784
4.17, -1.649787, 0.698246
4.171, -1.649787, 0.698246
4.172, -1.649787, 0.698246
4.173, -1.649787, 0.698246
4.174, -1.649787, 0.698246
4.175, -1.649787, 0.698246
4.176, -1.649787, 0.698246
4.177, -1.649787, 0.698246
4.178, -1.649787, 0.698246
4.179, -1.649787, 0.698246
4.18, -1.642805, 0.702722
4.181, -1.642805, 0.702722
4.182, -1.642805, 0.702722
4.183, -1.642805, 0.702722
4.184, -1.642805, 0.702722
4.185, -1.642805, 0.702722
4.186, -1.642805, 0.702722
4.187, -1.642805, 0.702722
4.188, -1.642805, 0.702722
4.189, -1.642805, 0.702722
4.19, -1.635777, 0.707212
4.191, -1.635777, 0.707212
4.192, -1.635777, 0.707212
4.193, -1.635777, 0.707212
4.194, -1.635777, 0.707212
4.195, -1.635777, 0.707212
4.196, -1.635777, 0.707212
4.197, -1.635777, 0.707212
4.198, -1.635777, 0.707212
4.199, -1.635777, 0.707212
4.2, -1.628705, 0.711719
4.201, -1.628705, 0.711719
4.202, -1.628705, 0.711719
4.203, -1.628705, 0.711719
4.204, -1.628705, 0.711719
4.205, -1.628705, 0.711719
4.206, -1.628705, 0.711719
4.207, -1.628705, 0.711719
4.208, -1.628705, 0.711719
4.209, -1.628705, 0.711719
4.21, -1.621588, 0.716243
4.211, -1.621588, 0.716243
4.212, -1.621588, 0.716243
4.213, -1.621588, 0.716243
4.214, -1.621588, 0.716243
4.215, -1.621588, 0.716243
4.216, -1.621588, 0.716243
4.217, -1.621588, 0.716243
4.218, -1.621588, 0.716243
4.219, -1.621588, 0.716243
4.22, -1.614426, 0.720787
4.221, -1.614426, 0.720787
4.222, -1.614426, 0.720787
4.223, -1.614426, 0.720787
4.224, -1.614426, 0.720787
4.225, -1.614426, 0.720787
4.226, -1.614426, 0.720787
4.227, -1.614426, 0.720787
4.228, -1.614426, 0.720787
4.229, -1.614426, 0.720787
4.23, -1.607218, 0.725353
4.231, -1.607218, 0.725353
4.232, -1.607218, 0.725353
4.233, -1.607218, 0.725353
4.234, -1.607218, 0.725353
4.235, -1.607218, 0.725353
4.236, -1.607218, 0.725353
4.237, -1.607218, 0.725353
4.238, -1.607218, 0.725353
4.239, -1.607218, 0.725353
4.24, -1.599964, 0.729942
4.241, -1.599964, 0.729942
4.242, -1.599964, 0.729942
4.243, -1.599964, 0.729942
4.244, -1.599964, 0.729942
4.245, -1.599964, 0.729942
4.246, -1.599964, 0.729942
4.247, -1.599964, 0.729942
4.248, -1.599964, 0.729942
4.249, -1.599964, 0.729942
4.25, -1.592665, 0.734555
4.251, -1.592665, 0.734555
4.252, -1.592665, 0.734555
4.253, -1.592665, 0.734555
4.254, -1.592665, 0.734555
4.255, -1.592665, 0.734555
4.256, -1.592665, 0.734555
4.257, -1.592665, 0.734555
4.258, -1.592665, 0.734555
4.259, -1.592665, 0.734555
4.26, -1.585319, 0.739195
4.261, -1.585319, 0.739195
4.262, -1.585319, 0.739195
4.263, -1.585319, 0.739195
4.264, -1.585319, 0.739195
4.265, -1.585319, 0.739195
4.266, -1.585319, 0.739195
4.267, -1.585319, 0.739195
4.268, -1.585319, 0.739195
4.269, -1.585319, 0.739195
4.27, -1.577927, 0.743862
4.271, -1.577927, 0.743862
4.272, -1.577927, 0.743862
4.273, -1.577927, 0.743862
4.274, -1.577927, 0.743862
4.275, -1.577927, 0.743862
4.276, -1.577927, 0.743862
4.277, -1.577927, 0.743862
4.278, -1.577927, 0.743862
4.279, -1.577927, 0.743862
4.28, -1.570489, 0.748559
4.281, -1.570489, 0.748559
4.282, -1.570489, 0.748559
4.283, -1.570489, 0.748559
4.284, -1.570489, 0.748559
4.285, -1.570489, 0.748559
4.286, -1.570489, 0.748559
4.287, -1.570489, 0.748559
4.288, -1.570489, 0.748559
4.289, -1.570489, 0.748559
4.29, -1.563003, 0.753287
4.291, -1.563003, 0.753287
4.292, -1.563003, 0.753287
4.293, -1.563003, 0.753287
4.294, -1.563003, 0.753287
4.295, -1.563003, 0.753287
4.296, -1.563003, 0.753287
4.297, -1.563003, 0.753287
4.298, -1.563003, 0.753287
4.299, -1.563003, 0.753287
4.3, -1.555470, 0.758047
4.301, -1.555470, 0.758047
4.302, -1.555470, 0.758047
4.303, -1.555470, 0.758047
4.304, -1.555470, 0.758047
4.305, -1.555470, 0.758047
4.306, -1.555470, 0.758047
4.307, -1.555470, 0.758047
4.308, -1.555470, 0.758047
4.309, -1.555470, 0.758047
4.31, -1.547890, 0.762842
4.311, -1.547890, 0.762842
4.312, -1.547890, 0.762842
4.313, -1.547890, 0.762842
4.314, -1.547890, 0.762842
4.315, -1.547890, 0.762842
4.316, -1.547890, 0.762842
4.317, -1.547890, 0.762842
4.318, -1.547890, 0.762842
4.319, -1.547890, 0.762842
4.32, -1.540261, 0.767671
4.321, -1.540261, 0.767671
4.322, -1.540261, 0.767671
4.323, -1.540261, 0.767671
4.324, -1.540261, 0.767671
4.325, -1.540261, 0.767671
4.326, -1.540261, 0.767671
4.327, -1.540261, 0.767671
4.328, -1.540261, 0.767671
4.329, -1.540261, 0.767671
4.33, -1.532585, 0.772538
4.331, -1.532585, 0.772538
4.332, -1.532585, 0.772538
4.333, -1.532585, 0.772538
4.334, -1.532585, 0.772538
4.335, -1.532585, 0.772538
4.336, -1.532585, 0.772538
4.337, -1.532585, 0.772538
4.338, -1.532585, 0.772538
4.339, -1.532585, 0.772538
4.34, -1.524859, 0.777444
4.341, -1.524859, 0.777444
4.342, -1.524859, 0.777444
4.343, -1.524859, 0.777444
4.344, -1.524859, 0.777444
4.345, -1.524859, 0.777444
4.346, -1.524859, 0.777444
4.347, -1.524859, 0.777444
4.348, -1.524859, 0.777444
4.349, -1.524859, 0.777444
4.35, -1.517085, 0.782390
4.351, -1.517085, 0.782390
4.352, -1.517085, 0.782390
4.353, -1.517085, 0.782390
4.354, -1.517085, 0.782390
4.355, -1.517085, 0.782390
4.356, -1.517085, 0.782390
4.357, -1.517085, 0.782390
4.358, -1.517085, 0.782390
4.359, -1.517085, 0.782390
4.36, -1.509261, 0.787378
4.361, -1.509261, 0.787378
4.362, -1.509261, 0.787378
4.363, -1.509261, 0.787378
4.364, -1.509261, 0.787378
4.365, -1.509261, 0.787378
4.366, -1.509261, 0.787378
4.367, -1.509261, 0.787378
4.368, -1.509261, 0.787378
4.369, -1.509261, 0.787378
4.37, -1.501387, 0.792409
4.371, -1.501387, 0.792409
4.372, -1.501387, 0.792409
4.373, -1.501387, 0.792409
4.374, -1.501387, 0.792409
4.375, -1.501387, 0.792409
4.376, -1.501387, 0.792409
4.377, -1.501387, 0.792409
4.378, -1.501387, 0.792409
4.379, -1.501387, 0.792409
4.38, -1.493463, 0.797485
4.381, -1.493463, 0.797485
4.382, -1.493463, 0.797485
4.383, -1.493463, 0.797485
4.384, -1.493463, 0.797485
4.385, -1.493463, 0.797485
4.386, -1.493463, 0.797485
4.387, -1.493463, 0.797485
4.388, -1.493463, 0.797485
4.389, -1.493463, 0.797485
4.39, -1.485488, 0.802607
4.391, -1.485488, 0.802607
4.392, -1.485488, 0.802607
4.393, -1.485488, 0.802607
4.394, -1.485488, 0.802607
4.395, -1.485488, 0.802607
4.396, -1.485488, 0.802607
4.397, -1.485488, 0.802607
4.398, -1.485488, 0.802607
4.399, -1.485488, 0.802607
4.4, -1.477462, 0.807777
4.401, -1.477462, 0.807777
4.402, -1.477462, 0.807777
4.403, -1.477462, 0.807777
4.404, -1.477462, 0.807777
4.405, -1.477462, 0.807777
4.406, -1.477462, 0.807777
4.407, -1.477462, 0.807777
4.408, -1.477462, 0.807777
4.409, -1.477462, 0.807777
4.41, -1.469384, 0.812996
4.411, -1.469384, 0.812996
4.412, -1.469384, 0.812996
4.413, -1.469384, 0.812996
4.414, -1.469384, 0.812996
4.415, -1.469384, 0.812996
4.416, -1.469384, 0.812996
4.417, -1.469384, 0.812996
4.418, -1.469384, 0.812996
4.419, -1.469384, 0.812996
4.42, -1.461254, 0.818267
4.421, -1.461254, 0.818267
4.422, -1.461254, 0.818267
4.423, -1.461254, 0.818267
4.424, -1.461254, 0.818267
4.425, -1.461254, 0.818267
4.426, -1.461254, 0.818267
4.427, -1.461254, 0.818267
4.428, -1.461254, 0.818267
4.429, -1.461254, 0.818267
4.43, -1.453072, 0.823590
4.431, -1.453072, 0.823590
4.432, -1.453072, 0.823590
4.433, -1.453072, 0.823590
4.434, -1.453072, 0.823590
4.435, -1.453072, 0.823590
4.436, -1.453072, 0.823590
4.437, -1.453072, 0.823590
4.438, -1.453072, 0.823590
4.439, -1.453072, 0.823590
4.44, -1.444836, 0.828967
4.441, -1.444836, 0.828967
4.442, -1.444836, 0.828967
4.443, -1.444836, 0.828967
4.444, -1.444836, 0.828967
4.445, -1.444836, 0.828967
4.446, -1.444836, 0.828967
4.447, -1.444836, 0.828967
4.448, -1.444836, 0.828967
4.449, -1.444836, 0.828967
4.45, -1.436546, 0.834400
4.451, -1.436546, 0.834400
4.452, -1.436546, 0.834400
4.453, -1.436546, 0.834400
4.454, -1.436546, 0.834400
4.455, -1.436546, 0.834400
4.456, -1.436546, 0.834400
4.457, -1.436546, 0.834400
4.458, -1.436546, 0.834400
4.459, -1.436546, 0.834400
4.46, -1.428202, 0.839890
4.461, -1.428202, 0.839890
4.462, -1.428202, 0.839890
4.463, -1.428202, 0.839890
4.464, -1.428202, 0.839890
4.465, -1.428202, 0.839890
4.466, -1.428202, 0.839890
4.467, -1.428202, 0.839890
4.468, -1.428202, 0.839890
4.469, -1.428202, 0.839890
4.47, -1.419803, 0.845439
4.471, -1.419803, 0.845439
4.472, -1.419803, 0.845439
4.473, -1.419803, 0.845439
4.474, -1.419803, 0.845439
4.475, -1.419803, 0.845439
4.476, -1.419803, 0.845439
4.477, -1.419803, 0.845439
4.478, -1.419803, 0.845439
4.479, -1.419803, 0.845439
4.48, -1.411349, 0.851049
4.481, -1.411349, 0.851049
4.482, -1.411349, 0.851049
4.483, -1.411349, 0.851049
4.484, -1.411349, 0.851049
4.485, -1.411349, 0.851049
4.486, -1.411349, 0.851049
4.487, -1.411349, 0.851049
4.488, -1.411349, 0.851049
4.489, -1.411349, 0.851049
4.49, -1.402838, 0.856721
4.491, -1.402838, 0.856721
4.492, -1.402838, 0.856721
4.493, -1.402838, 0.856721
4.494, -1.402838, 0.856721
4.495, -1.402838, 0.856721
4.496, -1.402838, 0.856721
4.497, -1.402838, 0.856721
4.498, -1.402838, 0.856721
4.499, -1.402838, 0.856721
4.5, -1.394271, 0.862457
4.501, -1.394271, 0.862457
4.502, -1.394271, 0.862457
4.503, -1.394271, 0.862457
4.504, -1.394271, 0.862457
4.505, -1.394271, 0.862457
4.506, -1.394271, 0.862457
4.507, -1.394271, 0.862457
4.508, -1.394271, 0.862457
4.509, -1.394271, 0.862457
4.51, -1.385647, 0.868258
4.511, -1.385647, 0.868258
4.512, -1.385647, 0.868258
4.513, -1.385647, 0.868258
4.514, -1.385647, 0.868258
4.515, -1.385647, 0.868258
4.516, -1.385647, 0.868258
4.517, -1.385647, 0.868258
4.518, -1.385647, 0.868258
4.519, -1.385647, 0.868258
4.52, -1.376964, 0.874126
4.521, -1.376964, 0.874126
4.522, -1.376964, 0.874126
4.523, -1.376964, 0.874126
4.524, -1.376964, 0.874126
4.525, -1.376964, 0.874126
4.526, -1.376964, 0.874126
4.527, -1.376964, 0.874126
4.528, -1.376964, 0.874126
4.529, -1.376964, 0.874126
4.53, -1.368223, 0.880063
4.531, -1.368223, 0.880063
4.532, -1.368223, 0.880063
4.533, -1.368223, 0.880063
4.534, -1.368223, 0.880063
4.535, -1.368223, 0.880063
4.536, -1.368223, 0.880063
4.537, -1.368223, 0.880063
4.538, -1.368223, 0.880063
4.539, -1.368223, 0.880063
4.54, -1.359422, 0.886071
4.541, -1.359422, 0.886071
4.542, -1.359422, 0.886071
4.543, -1.359422, 0.886071
4.544, -1.359422, 0.886071
4.545, -1.359422, 0.886071
4.546, -1.359422, 0.886071
4.547, -1.359422, 0.886071
4.548, -1.359422, 0.886071
4.549, -1.359422, 0.886071
4.55, -1.350561, 0.892151
4.551, -1.350561, 0.892151
4.552, -1.350561, 0.892151
4.553, -1.350561, 0.892151
4.554, -1.350561, 0.892151
4.555, -1.350561, 0.892151
4.556, -1.350561, 0.892151
4.557, -1.350561, 0.892151
4.558, -1.350561, 0.892151
4.559, -1.350561, 0.892151
4.56, -1.341640, 0.898305
4.561, -1.341640, 0.898305
4.562, -1.341640, 0.898305
4.563, -1.341640, 0.898305
4.564, -1.341640, 0.898305
4.565, -1.341640, 0.898305
4.566, -1.341640, 0.898305
4.567, -1.341640, 0.898305
4.568, -1.341640, 0.898305
4.569, -1.341640, 0.898305
4.57, -1.332657, 0.904535
4.571, -1.332657, 0.904535
4.572, -1.332657, 0.904535
4.573, -1.332657, 0.904535
4.574, -1.332657, 0.904535
4.575, -1.332657, 0.904535
4.576, -1.332657, 0.904535
4.577, -1.332657, 0.904535
4.578, -1.332657, 0.904535
4.579, -1.332657, 0.904535
4.58, -1.323611, 0.910843
4.581, -1.323611, 0.910843
4.582, -1.323611, 0.910843
4.583, -1.323611, 0.910843
4.584, -1.323611, 0.910843
4.585, -1.323611, 0.910843
4.586, -1.323611, 0.910843
4.587, -1.323611, 0.910843
4.588, -1.323611, 0.910843
4.589, -1.323611, 0.910843
4.59, -1.314503, 0.917230
4.591, -1.314503, 0.917230
4.592, -1.314503, 0.917230
4.593, -1.314503, 0.917230
4.594, -1.314503, 0.917230
4.595, -1.314503, 0.917230
4.596, -1.314503, 0.917230
4.597, -1.314503, 0.917230
4.598, -1.314503, 0.917230
4.599, -1.314503, 0.917230
4.6, -1.305331, 0.923698
4.601, -1.305331, 0.923698
4.602, -1.305331, 0.923698
4.603, -1.305331, 0.923698
4.604, -1.305331, 0.923698
4.605, -1.305331, 0.923698
4.606, -1.305331, 0.923698
4.607, -1.305331, 0.923698
4.608, -1.305331, 0.923698
4.609, -1.305331, 0.923698
4.61, -1.296094, 0.930250
4.611, -1.296094, 0.930250
4.612, -1.296094, 0.930250
4.613, -1.296094, 0.930250
4.614, -1.296094, 0.930250
4.615, -1.296094, 0.930250
4.616, -1.296094, 0.930250
4.617, -1.296094, 0.930250
4.618, -1.296094, 0.930250
4.619, -1.296094, 0.930250
4.62, -1.286791, 0.936886
4.621, -1.286791, 0.936886
4.622, -1.286791, 0.936886
4.623, -1.286791, 0.936886
4.624, -1.286791, 0.936886
4.625, -1.286791, 0.936886
4.626, -1.286791, 0.936886
4.627, -1.286791, 0.936886
4.628, -1.286791, 0.936886
4.629, -1.286791, 0.936886
4.63, -1.277422, 0.943610
4.631, -1.277422, 0.943610
4.632, -1.277422, 0.943610
4.633, -1.277422, 0.943610
4.634, -1.277422, 0.943610
4.635, -1.277422, 0.943610
4.636, -1.277422, 0.943610
4.637, -1.277422, 0.943610
4.638, -1.277422, 0.943610
4.639, -1.277422, 0.943610
4.64, -1.267986, 0.950422
4.641, -1.267986, 0.950422
4.642, -1.267986, 0.950422
4.643, -1.267986, 0.950422
4.644, -1.267986, 0.950422
4.645, -1.267986, 0.950422
4.646, -1.267986, 0.950422
4.647, -1.267986, 0.950422
4.648, -1.267986, 0.950422
4.649, -1.267986, 0.950422
4.65, -1.258482, 0.957326
4.651, -1.258482, 0.957326
4.652, -1.258482, 0.957326
4.653, -1.258482, 0.957326
4.654, -1.258482, 0.957326
4.655, -1.258482, 0.957326
4.656, -1.258482, 0.957326
4.657, -1.258482, 0.957326
4.658, -1.258482, 0.957326
4.659, -1.258482, 0.957326
4.66, -1.248909, 0.964322
4.661, -1.248909, 0.964322
4.662, -1.248909, 0.964322
4.663, -1.248909, 0.964322
4.664, -1.248909, 0.964322
4.665, -1.248909, 0.964322
4.666, -1.248909, 0.964322
4.667, -1.248909, 0.964322
4.668, -1.248909, 0.964322
4.669, -1.248909, 0.964322
4.67, -1.239266, 0.971413
4.671, -1.239266, 0.971413
4.672, -1.239266, 0.971413
4.673, -1.239266, 0.971413
4.674, -1.239266, 0.971413
4.675, -1.239266, 0.971413
4.676, -1.239266, 0.971413
4.677, -1.239266, 0.971413
4.678, -1.239266, 0.971413
4.679, -1.239266, 0.971413
4.68, -1.229551, 0.978601
4.681, -1.229551, 0.978601
4.682, -1.229551, 0.978601
4.683, -1.229551, 0.978601
4.684, -1.229551, 0.978601
4.685, -1.229551, 0.978601
4.686, -1.229551, 0.978601
4.687, -1.229551, 0.978601
4.688, -1.229551, 0.978601
4.689, -1.229551, 0.978601
4.69, -1.219765, 0.985888
4.691, -1.219765, 0.985888
4.692, -1.219765, 0.985888
4.693, -1.219765, 0.985888
4.694, -1.219765, 0.985888
4.695, -1.219765, 0.985888
4.696, -1.219765, 0.985888
4.697, -1.219765, 0.985888
4.698, -1.219765, 0.985888
4.699, -1.219765, 0.985888
4.7, -1.209907, 0.993276
4.701, -1.209907, 0.993276
4.702, -1.209907, 0.993276
4.703, -1.209907, 0.993276
4.704, -1.209907, 0.993276
4.705, -1.209907, 0.993276
4.706, -1.209907, 0.993276
4.707, -1.209907, 0.993276
4.708, -1.209907, 0.993276
4.709, -1.209907, 0.993276
4.71, -1.199974, 1.000768
4.711, -1.199974, 1.000768
4.712, -1.199974, 1.000768
4.713, -1.199974, 1.000768
4.714, -1.199974, 1.000768
4.715, -1.199974, 1.000768
4.716, -1.199974, 1.000768
4.717, -1.199974, 1.000768
4.718, -1.199974, 1.000768
4.719, -1.199974, 1.000768
4.72, -1.189966, 1.008365
4.721, -1.189966, 1.008365
4.722, -1.189966, 1.008365
4.723, -1.189966, 1.008365
4.724, -1.189966, 1.008365
4.725, -1.189966, 1.008365
4.726, -1.189966, 1.008365
4.727, -1.189966, 1.008365
4.728, -1.189966, 1.008365
4.729, -1.189966, 1.008365
4.73, -1.179883, 1.016069
4.731, -1.179883, 1.016069
4.732, -1.179883, 1.016069
4.733, -1.179883, 1.016069
4.734, -1.179883, 1.016069
4.735, -1.179883, 1.016069
4.736, -1.179883, 1.016069
4.737, -1.179883, 1.016069
4.738, -1.179883, 1.016069
4.739, -1.179883, 1.016069
4.74, -1.169722, 1.023884
4.741, -1.169722, 1.023884
4.742, -1.169722, 1.023884
4.743, -1.169722, 1.023884
4.744, -1.169722, 1.023884
4.745, -1.169722, 1.023884
4.746, -1.169722, 1.023884
4.747, -1.169722, 1.023884
4.748, -1.169722, 1.023884
4.749, -1.169722, 1.023884
4.75, -1.159483, 1.031811
4.751, -1.159483, 1.031811
4.752, -1.159483, 1.031811
4.753, -1.159483, 1.031811
4.754, -1.159483, 1.031811
4.755, -1.159483, 1.031811
4.756, -1.159483, 1.031811
4.757, -1.159483, 1.031811
4.758, -1.159483, 1.031811
4.759, -1.159483, 1.031811
4.76, -1.149165, 1.039852
4.761, -1.149165, 1.039852
4.762, -1.149165, 1.039852
4.763, -1.149165, 1.039852
4.764, -1.149165, 1.039852
4.765, -1.149165, 1.039852
4.766, -1.149165, 1.039852
4.767, -1.149165, 1.039852
4.768, -1.149165, 1.039852
4.769, -1.149165, 1.039852
4.77, -1.138766, 1.048010
4.771, -1.138766, 1.048010
4.772, -1.138766, 1.048010
4.773, -1.138766, 1.048010
4.774, -1.138766, 1.048010
4.775, -1.138766, 1.048010
4.776, -1.138766, 1.048010
4.777, -1.138766, 1.048010
4.778, -1.138766, 1.048010
4.779, -1.138766, 1.048010
4.78, -1.128286, 1.056287
4.781, -1.128286, 1.056287
4.782, -1.128286, 1.056287
4.783, -1.128286, 1.056287
4.784, -1.128286, 1.056287
4.785, -1.128286, 1.056287
4.786, -1.128286, 1.056287
4.787, -1.128286, 1.056287
4.788, -1.128286, 1.056287
4.789, -1.128286, 1.056287
4.79, -1.117723, 1.064686
4.791, -1.117723, 1.064686
4.792, -1.117723, 1.064686
4.793, -1.117723, 1.064686
4.794, -1.117723, 1.064686
4.795, -1.117723, 1.064686
4.796, -1.117723, 1.064686
4.797, -1.117723, 1.064686
4.798, -1.117723, 1.064686
4.799, -1.117723, 1.064686
4.8, -1.107077, 1.073209
4.801, -1.107077, 1.073209
4.802, -1.107077, 1.073209
4.803, -1.107077, 1.073209
4.804, -1.107077, 1.073209
4.805, -1.107077, 1.073209
4.806, -1.107077, 1.073209
4.807, -1.107077, 1.073209
4.808, -1.107077, 1.073209
4.809, -1.107077, 1.073209
4.81, -1.096344, 1.081859
4.811, -1.096344, 1.081859
4.812, -1.096344, 1.081859
4.813, -1.096344, 1.081859
4.814, -1.096344, 1.081859
4.815, -1.096344, 1.081859
4.816, -1.096344, 1.081859
4.817, -1.096344, 1.081859
4.818, -1.096344, 1.081859
4.819, -1.096344, 1.081859
4.82, -1.085526, 1.090637
4.821, -1.085526, 1.090637
4.822, -1.085526, 1.090637
4.823, -1.085526, 1.090637
4.824, -1.085526, 1.090637
4.825, -1.085526, 1.090637
4.826, -1.085526, 1.090637
4.827, -1.085526, 1.090637
4.828, -1.085526, 1.090637
4.829, -1.085526, 1.090637
4.83, -1.074619, 1.099547
4.831, -1.074619, 1.099547
4.832, -1.074619, 1.099547
4.833, -1.074619, 1.099547
4.834, -1.074619, 1.099547
4.835, -1.074619, 1.099547
4.836, -1.074619, 1.099547
4.837, -1.074619, 1.099547
4.838, -1.074619, 1.099547
4.839, -1.074619, 1.099547
4.84, -1.063624, 1.108591
4.841, -1.063624, 1.108591
4.842, -1.063624, 1.108591
4.843, -1.063624, 1.108591
4.844, -1.063624, 1.108591
4.845, -1.063624, 1.108591
4.846, -1.063624, 1.108591
4.847, -1.063624, 1.108591
4.848, -1.063624, 1.108591
4.849, -1.063624, 1.108591
4.85, -1.052538, 1.117772
4.851, -1.052538, 1.117772
4.852, -1.052538, 1.117772
4.853, -1.052538, 1.117772
4.854, -1.052538, 1.117772
4.855, -1.052538, 1.117772
4.856, -1.052538, 1.117772
4.857, -1.052538, 1.117772
4.858, -1.052538, 1.117772
4.859, -1.052538, 1.117772
4.86, -1.041360, 1.127092
4.861, -1.041360, 1.127092
4.862, -1.041360, 1.127092
4.863, -1.041360, 1.127092
4.864, -1.041360, 1.127092
4.865, -1.041360, 1.127092
4.866, -1.041360, 1.127092
4.867, -1.041360, 1.127092
4.868, -1.041360, 1.127092
4.869, -1.041360, 1.127092
4.87, -1.030089, 1.136554
4.871, -1.030089, 1.136554
4.872, -1.030089, 1.136554
4.873, -1.030089, 1.136554
4.874, -1.030089, 1.136554
4.875, -1.030089, 1.136554
4.876, -1.030089, 1.136554
4.877, -1.030089, 1.136554
4.878, -1.030089, 1.136554
4.879, -1.030089, 1.136554
4.88, -1.018724, 1.146160
4.881, -1.018724, 1.146160
4.882, -1.018724, 1.146160
4.883, -1.018724, 1.146160
4.884, -1.018724, 1.146160
4.885, -1.018724, 1.146160
4.886, -1.018724, 1.146160
4.887, -1.018724, 1.146160
4.888, -1.018724, 1.146160
4.889, -1.018724, 1.146160
4.89, -1.007262, 1.155914
4.891, -1.007262, 1.155914
4.892, -1.007262, 1.155914
4.893, -1.007262, 1.155914
4.894, -1.007262, 1.155914
4.895, -1.007262, 1.155914
4.896, -1.007262, 1.155914
4.897, -1.007262, 1.155914
4.898, -1.007262, 1.155914
4.899, -1.007262, 1.155914
4.9, -0.995703, 1.165818
4.901, -0.995703, 1.165818
4.902, -0.995703, 1.165818
4.903, -0.995703, 1.165818
4.904, -0.995703, 1.165818
4.905, -0.995703, 1.165818
4.906, -0.995703, 1.165818
4.907, -0.995703, 1.165818
4.908, -0.995703, 1.165818
4.909, -0.995703, 1.165818
4.91, -0.984045, 1.175875
4.911, -0.984045, 1.175875
4.912, -0.984045, 1.175875
4.913, -0.984045, 1.175875
4.914, -0.984045, 1.175875
4.915, -0.984045, 1.175875
4.916, -0.984045, 1.175875
4.917, -0.984045, 1.175875
4.918, -0.984045, 1.175875
4.919, -0.984045, 1.175875
4.92, -0.972286, 1.186088
4.921, -0.972286, 1.186088
4.922, -0.972286, 1.186088
4.923, -0.972286, 1.186088
4.924, -0.972286, 1.186088
4.925, -0.972286, 1.186088
4.926, -0.972286, 1.186088
4.927, -0.972286, 1.186088
4.928, -0.972286, 1.186088
4.929, -0.972286, 1.186088
4.93, -0.960425, 1.196459
4.931, -0.960425, 1.196459
4.932, -0.960425, 1.196459
4.933, -0.960425, 1.196459
4.934, -0.960425, 1.196459
4.935, -0.960425, 1.196459
4.936, -0.960425, 1.196459
4.937, -0.960425, 1.196459
4.938, -0.960425, 1.196459
4.939, -0.960425, 1.196459
4.94, -0.948461, 1.206992
4.941, -0.948461, 1.206992
4.942, -0.948461, 1.206992
4.943, -0.948461, 1.206992
4.944, -0.948461, 1.206992
4.945, -0.948461, 1.206992
4.946, -0.948461, 1.206992
4.947, -0.948461, 1.206992
4.948, -0.948461, 1.206992
4.949, -0.948461, 1.206992
4.95, -0.936391, 1.217688
4.951, -0.936391, 1.217688
4.952, -0.936391, 1.217688
4.953, -0.936391, 1.217688
4.954, -0.936391, 1.217688
4.955, -0.936391, 1.217688
4.956, -0.936391, 1.217688
4.957, -0.936391, 1.217688
4.958, -0.936391, 1.217688
4.959, -0.936391, 1.217688
4.96, -0.924214, 1.228552
4.961, -0.924214, 1.228552
4.962, -0.924214, 1.228552
4.963, -0.924214, 1.228552
4.964, -0.924214, 1.228552
4.965, -0.924214, 1.228552
4.966, -0.924214, 1.228552
4.967, -0.924214, 1.228552
4.968, -0.924214, 1.228552
4.969, -0.924214, 1.228552
4.97, -0.911928, 1.239586
4.971, -0.911928, 1.239586
4.972, -0.911928, 1.239586
4.973, -0.911928, 1.239586
4.974, -0.911928, 1.239586
4.975, -0.911928, 1.239586
4.976, -0.911928, 1.239586
4.977, -0.911928, 1.239586
4.978, -0.911928, 1.239586
4.979, -0.911928, 1.239586
4.98, -0.899533, 1.250792
4.981, -0.899533, 1.250792
4.982, -0.899533, 1.250792
4.983, -0.899533, 1.250792
4.984, -0.899533, 1.250792
4.985, -0.899533, 1.250792
4.986, -0.899533, 1.250792
4.987, -0.899533, 1.250792
4.988, -0.899533, 1.250792
4.989, -0.899533, 1.250792
4.99, -0.887025, 1.262175
4.991, -0.887025, 1.262175
4.992, -0.887025, 1.262175
4.993, -0.887025, 1.262175
4.994, -0.887025, 1.262175
4.995, -0.887025, 1.262175
4.996, -0.887025, 1.262175
4.997, -0.887025, 1.262175
4.998, -0.887025, 1.262175
4.999, -0.887025, 1.262175
5, -0.874403, 1.273736
5.001, -0.874403, 1.273736
5.002, -0.874403, 1.273736
5.003, -0.874403, 1.273736
5.004, -0.874403, 1.273736
5.005, -0.874403, 1.273736
5.006, -0.874403, 1.273736
5.007, -0.874403, 1.273736
5.008, -0.874403, 1.273736
5.009, -0.874403, 1.273736
5.01, -0.861666, 1.285479
5.011, -0.861666, 1.285479
5.012, -0.861666, 1.285479
5.013, -0.861666, 1.285479
5.014, -0.861666, 1.285479
5.015, -0.861666, 1.285479
5.016, -0.861666, 1.285479
5.017, -0.861666, 1.285479
5.018, -0.861666, 1.285479
5.019, -0.861666, 1.285479
5.02, -0.848811, 1.297406
5.021, -0.848811, 1.297406
5.022, -0.848811, 1.297406
5.023, -0.848811, 1.297406
5.024, -0.848811, 1.297406
5.025, -0.848811, 1.297406
5.026, -0.848811, 1.297406
5.027, -0.848811, 1.297406
5.028, -0.848811, 1.297406
5.029, -0.848811, 1.297406
5.03, -0.835837, 1.309520
5.031, -0.835837, 1.309520
5.032, -0.835837, 1.309520
5.033, -0.835837, 1.309520
5.034, -0.835837, 1.309520
5.035, -0.835837, 1.309520
5.036, -0.835837, 1.309520
5.037, -0.835837, 1.309520
5.038, -0.835837, 1.309520
5.039, -0.835837, 1.309520
5.04, -0.822742, 1.321825
5.041, -0.822742, 1.321825
5.042, -0.822742, 1.321825
5.043, -0.822742, 1.321825
5.044, -0.822742, 1.321825
5.045, -0.822742, 1.321825
5.046, -0.822742, 1.321825
5.047, -0.822742, 1.321825
5.048, -0.822742, 1.321825
5.049, -0.822742, 1.321825
5.05, -0.809523, 1.334323
5.051, -0.809523, 1.334323
5.052, -0.809523, 1.334323
5.053, -0.809523, 1.334323
5.054, -0.809523, 1.334323
5.055, -0.809523, 1.334323
5.056, -0.809523, 1.334323
5.057, -0.809523, 1.334323
5.058, -0.809523, 1.334323
5.059, -0.809523, 1.334323
5.06, -0.796180, 1.347018
5.061, -0.796180, 1.347018
5.062, -0.796180, 1.347018
5.063, -0.796180, 1.347018
5.064, -0.796180, 1.347018
5.065, -0.796180, 1.347018
5.066, -0.796180, 1.347018
5.067, -0.796180, 1.347018
5.068, -0.796180, 1.347018
5.069, -0.796180, 1.347018
5.07, -0.782710, 1.359911
5.071, -0.782710, 1.359911
5.072, -0.782710, 1.359911
5.073, -0.782710, 1.359911
5.074, -0.782710, 1.359911
5.075, -0.782710, 1.359911
5.076, -0.782710, 1.359911
5.077, -0.782710, 1.359911
5.078, -0.782710, 1.359911
5.079, -0.782710, 1.359911
5.08, -0.769111, 1.373006
5.081, -0.769111, 1.373006
5.082, -0.769111, 1.373006
5.083, -0.769111, 1.373006
5.084, -0.769111, 1.373006
5.085, -0.769111, 1.373006
5.086, -0.769111, 1.373006
5.087, -0.769111, 1.373006
5.088, -0.769111, 1.373006
5.089, -0.769111, 1.373006
5.09, -0.755381, 1.386305
5.091, -0.755381, 1.386305
5.092, -0.755381, 1.386305
5.093, -0.755381, 1.386305
5.094, -0.755381, 1.386305
5.095, -0.755381, 1.386305
5.096, -0.755381, 1.386305
5.097, -0.755381, 1.386305
5.098, -0.755381, 1.386305
5.099, -0.755381, 1.386305
5.1, -0.741518, 1.399812
5.101, -0.741518, 1.399812
5.102, -0.741518, 1.399812
5.103, -0.741518, 1.399812
5.104, -0.741518, 1.399812
5.105, -0.741518, 1.399812
5.106, -0.741518, 1.399812
5.107, -0.741518, 1.399812
5.108, -0.741518, 1.399812
5.109, -0.741518, 1.399812
5.11, -0.727520, 1.413528
5.111, -0.727520, 1.413528
5.112, -0.727520, 1.413528
5.113, -0.727520, 1.413528
5.114, -0.727520, 1.413528
5.115, -0.727520, 1.413528
5.116, -0.727520, 1.413528
5.117, -0.727520, 1.413528
5.118, -0.727520, 1.413528
5.119, -0.727520, 1.413528
5.12, -0.713384, 1.427457
5.121, -0.713384, 1.427457
5.122, -0.713384, 1.427457
5.123, -0.713384, 1.427457
5.124, -0.713384, 1.427457
5.125, -0.713384, 1.427457
5.126, -0.713384, 1.427457
5.127, -0.713384, 1.427457
5.128, -0.713384, 1.427457
5.129, -0.713384, 1.427457
5.13, -0.699110, 1.441601
5.131, -0.699110, 1.441601
5.132, -0.699110, 1.441601
5.133, -0.699110, 1.441601
5.134, -0.699110, 1.441601
5.135, -0.699110, 1.441601
5.136, -0.699110, 1.441601
5.137, -0.699110, 1.441601
5.138, -0.699110, 1.441601
5.139, -0.699110, 1.441601
5.14, -0.684694, 1.455962
5.141, -0.684694, 1.455962
5.142, -0.684694, 1.455962
5.143, -0.684694, 1.455962
5.144, -0.684694, 1.455962
5.145, -0.684694, 1.455962
5.146, -0.684694, 1.455962
5.147, -0.684694, 1.455962
5.148, -0.684694, 1.455962
5.149, -0.684694, 1.455962
5.15, -0.670134, 1.470543
5.151, -0.670134, 1.470543
5.152, -0.670134, 1.470543
5.153, -0.670134, 1.470543
5.154, -0.670134, 1.470543
5.155, -0.670134, 1.470543
5.156, -0.670134, 1.470543
5.157, -0.670134, 1.470543
5.158, -0.670134, 1.470543
5.159, -0.670134, 1.470543
5.16, -0.655429, 1.485346
5.161, -0.655429, 1.485346
5.162, -0.655429, 1.485346
5.163, -0.655429, 1.485346
5.164, -0.655429, 1.485346
5.165, -0.655429, 1.485346
5.166, -0.655429, 1.485346
5.167, -0.655429, 1.485346
5.168, -0.655429, 1.485346
5.169, -0.655429, 1.485346
5.17, -0.640575, 1.500373
5.171, -0.640575, 1.500373
5.172, -0.640575, 1.500373
5.173, -0.640575, 1.500373
5.174, -0.640575, 1.500373
5.175, -0.640575, 1.500373
5.176, -0.640575, 1.500373
5.177, -0.640575, 1.500373
5.178, -0.640575, 1.500373
5.179, -0.640575, 1.500373
5.18, -0.625571, 1.515626
5.181, -0.625571, 1.515626
5.182, -0.625571, 1.515626
5.183, -0.625571, 1.515626
5.184, -0.625571, 1.515626
5.185, -0.625571, 1.515626
5.186, -0.625571, 1.515626
5.187, -0.625571, 1.515626
5.188, -0.625571, 1.515626
5.189, -0.625571, 1.515626
5.19, -0.610415, 1.531107
5.191, -0.610415, 1.531107
5.192, -0.610415, 1.531107
5.193, -0.610415, 1.531107
5.194, -0.610415, 1.531107
5.195, -0.610415, 1.531107
5.196, -0.610415, 1.531107
5.197, -0.610415, 1.531107
5.198, -0.610415, 1.531107
5.199, -0.610415, 1.531107
5.2, -0.595104, 1.546817
5.201, -0.595104, 1.546817
5.202, -0.595104, 1.546817
5.203, -0.595104, 1.546817
5.204, -0.595104, 1.546817
5.205, -0.595104, 1.546817
5.206, -0.595104, 1.546817
5.207, -0.595104, 1.546817
5.208, -0.595104, 1.546817
5.209, -0.595104, 1.546817
5.21, -0.579636, 1.562758
5.211, -0.579636, 1.562758
5.212, -0.579636, 1.562758
5.213, -0.579636, 1.562758
5.214, -0.579636, 1.562758
5.215, -0.579636, 1.562758
5.216, -0.579636, 1.562758
5.217, -0.579636, 1.562758
5.218, -0.579636, 1.562758
5.219, -0.579636, 1.562758
5.22, -0.564008, 1.578931
5.221, -0.564008, 1.578931
5.222, -0.564008, 1.578931
5.223, -0.564008, 1.578931
5.224, -0.564008, 1.578931
5.225, -0.564008, 1.578931
5.226, -0.564008, 1.578931
5.227, -0.564008, 1.578931
5.228, -0.564008, 1.578931
5.229, -0.564008, 1.578931
5.23, -0.548219, 1.595338
5.231, -0.548219, 1.595338
5.232, -0.548219, 1.595338
5.233, -0.548219, 1.595338
5.234, -0.548219, 1.595338
5.235, -0.548219, 1.595338
5.236, -0.548219, 1.595338
5.237, -0.548219, 1.595338
5.238, -0.548219, 1.595338
5.239, -0.548219, 1.595338
5.24, -0.532266, 1.611979
5.241, -0.532266, 1.611979
5.242, -0.532266, 1.611979
5.243, -0.532266, 1.611979
5.244, -0.532266, 1.611979
5.245, -0.532266, 1.611979
5.246, -0.532266, 1.611979
5.247, -0.532266, 1.611979
5.248, -0.532266, 1.611979
5.249, -0.532266, 1.611979
5.25, -0.516146, 1.628855
5.251, -0.516146, 1.628855
5.252, -0.516146, 1.628855
5.253, -0.516146, 1.628855
5.254, -0.516146, 1.628855
5.255, -0.516146, 1.628855
5.256, -0.516146, 1.628855
5.257, -0.516146, 1.628855
5.258, -0.516146, 1.628855
5.259, -0.516146, 1.628855
5.26, -0.499857, 1.645965
5.261, -0.499857, 1.645965
5.262, -0.499857, 1.645965
5.263, -0.499857, 1.645965
5.264, -0.499857, 1.645965
5.265, -0.499857, 1.645965
5.266, -0.499857, 1.645965
5.267, -0.499857, 1.645965
5.268, -0.499857, 1.645965
5.269, -0.499857, 1.645965
5.27, -0.483398, 1.663311
5.271, -0.483398, 1.663311
5.272, -0.483398, 1.663311
5.273, -0.483398, 1.663311
5.274, -0.483398, 1.663311
5.275, -0.483398, 1.663311
5.276, -0.483398, 1.663311
5.277, -0.483398, 1.663311
5.278, -0.483398, 1.663311
5.279, -0.483398, 1.663311
5.28, -0.466765, 1.680891
5.281, -0.466765, 1.680891
5.282, -0.466765, 1.680891
5.283, -0.466765, 1.680891
5.284, -0.466765, 1.680891
5.285, -0.466765, 1.680891
5.286, -0.466765, 1.680891
5.287, -0.466765, 1.680891
5.288, -0.466765, 1.680891
5.289, -0.466765, 1.680891
5.29, -0.449956, 1.698706
5.291, -0.449956, 1.698706
5.292, -0.449956, 1.698706
5.293, -0.449956, 1.698706
5.294, -0.449956, 1.698706
5.295, -0.449956, 1.698706
5.296, -0.449956, 1.698706
5.297, -0.449956, 1.698706
5.298, -0.449956, 1.698706
5.299, -0.449956, 1.698706
5.3, -0.432969, 1.716753
5.301, -0.432969, 1.716753
5.302, -0.432969, 1.716753
5.303, -0.432969, 1.716753
5.304, -0.432969, 1.716753
5.305, -0.432969, 1.716753
5.306, -0.432969, 1.716753
5.307, -0.432969, 1.716753
5.308, -0.432969, 1.716753
5.309, -0.432969, 1.716753
5.31, -0.415801, 1.735032
5.311, -0.415801, 1.735032
5.312, -0.415801, 1.735032
5.313, -0.415801, 1.735032
5.314, -0.415801, 1.735032
5.315, -0.415801, 1.735032
5.316, -0.415801, 1.735032
5.317, -0.415801, 1.735032
5.318, -0.415801, 1.735032
5.319, -0.415801, 1.735032
5.32, -0.398451, 1.753541
5.321, -0.398451, 1.753541
5.322, -0.398451, 1.753541
5.323, -0.398451, 1.753541
5.324, -0.398451, 1.753541
5.325, -0.398451, 1.753541
5.326, -0.398451, 1.753541
5.327, -0.398451, 1.753541
5.328, -0.398451, 1.753541
5.329, -0.398451, 1.753541
5.33, -0.380915, 1.772277
5.331, -0.380915, 1.772277
5.332, -0.380915, 1.772277
5.333, -0.380915, 1.772277
5.334, -0.380915, 1.772277
5.335, -0.380915, 1.772277
5.336, -0.380915, 1.772277
5.337, -0.380915, 1.772277
5.338, -0.380915, 1.772277
5.339, -0.380915, 1.772277
5.34, -0.363193, 1.791237
5.341, -0.363193, 1.791237
5.342, -0.363193, 1.791237
5.343, -0.363193, 1.791237
5.344, -0.363193, 1.791237
5.345, -0.363193, 1.791237
5.346, -0.363193, 1.791237
5.347, -0.363193, 1.791237
5.348, -0.363193, 1.791237
5.349, -0.363193, 1.791237
5.35, -0.345280, 1.810419
5.351, -0.345280, 1.810419
5.352, -0.345280, 1.810419
5.353, -0.345280, 1.810419
5.354, -0.345280, 1.810419
5.355, -0.345280, 1.810419
5.356, -0.345280, 1.810419
5.357, -0.345280, 1.810419
5.358, -0.345280, 1.810419
5.359, -0.345280, 1.810419
5.36, -0.327176, 1.829817
5.361, -0.327176, 1.829817
5.362, -0.327176, 1.829817
5.363, -0.327176, 1.829817
5.364, -0.327176, 1.829817
5.365, -0.327176, 1.829817
5.366, -0.327176, 1.829817
5.367, -0.327176, 1.829817
5.368, -0.327176, 1.829817
5.369, -0.327176, 1.829817
5.37, -0.308878, 1.849428
5.371, -0.308878, 1.849428
5.372, -0.308878, 1.849428
5.373, -0.308878, 1.849428
5.374, -0.308878, 1.849428
5.375, -0.308878, 1.849428
5.376, -0.308878, 1.849428
5.377, -0.308878, 1.849428
5.378, -0.308878, 1.849428
5.379, -0.308878, 1.849428
5.38, -0.290384, 1.869247
5.381, -0.290384, 1.869247
5.382, -0.290384, 1.869247
5.383, -0.290384, 1.869247
5.384, -0.290384, 1.869247
5.385, -0.290384, 1.869247
5.386, -0.290384, 1.869247
5.387, -0.290384, 1.869247
5.388, -0.290384, 1.869247
5.389, -0.290384, 1.869247
5.39, -0.271691, 1.889267
5.391, -0.271691, 1.889267
5.392, -0.271691, 1.889267
5.393, -0.271691, 1.889267
5.394, -0.271691, 1.889267
5.395, -0.271691, 1.889267
5.396, -0.271691, 1.889267
5.397, -0.271691, 1.889267
5.398, -0.271691, 1.889267
5.399, -0.271691, 1.889267
5.4, -0.252798, 1.909482
5.401, -0.252798, 1.909482
5.402, -0.252798, 1.909482
5.403, -0.252798, 1.909482
5.404, -0.252798, 1.909482
5.405, -0.252798, 1.909482
5.406, -0.252798, 1.909482
5.407, -0.252798, 1.909482
5.408, -0.252798, 1.909482
5.409, -0.252798, 1.909482
5.41, -0.233704, 1.929885
5.411, -0.233704, 1.929885
5.412, -0.233704, 1.929885
5.413, -0.233704, 1.929885
5.414, -0.233704, 1.929885
5.415, -0.233704, 1.929885
5.416, -0.233704, 1.929885
5.417, -0.233704, 1.929885
5.418, -0.233704, 1.929885
5.419, -0.233704, 1.929885
5.42, -0.214405, 1.950466
5.421, -0.214405, 1.950466
5.422, -0.214405, 1.950466
5.423, -0.214405, 1.950466
5.424, -0.214405, 1.950466
5.425, -0.214405, 1.950466
5.426, -0.214405, 1.950466
5.427, -0.214405, 1.950466
5.428, -0.214405, 1.950466
5.429, -0.214405, 1.950466
5.43, -0.194900, 1.971219
5.431, -0.194900, 1.971219
5.432, -0.194900, 1.971219
5.433, -0.194900, 1.971219
5.434, -0.194900, 1.971219
5.435, -0.194900, 1.971219
5.436, -0.194900, 1.971219
5.437, -0.194900, 1.971219
5.438, -0.194900, 1.971219
5.439, -0.194900, 1.971219
5.44, -0.175188, 1.992131
5.441, -0.175188, 1.992131
5.442, -0.175188, 1.992131
5.443, -0.175188, 1.992131
5.444, -0.175188, 1.992131
5.445, -0.175188, 1.992131
5.446, -0.175188, 1.992131
5.447, -0.175188, 1.992131
5.448, -0.175188, 1.992131
5.449, -0.175188, 1.992131
5.45, -0.155267, 2.013193
5.451, -0.155267, 2.013193
5.452, -0.155267, 2.013193
5.453, -0.155267, 2.013193
5.454, -0.155267, 2.013193
5.455, -0.155267, 2.013193
5.456, -0.155267, 2.013193
5.457, -0.155267, 2.013193
5.458, -0.155267, 2.013193
5.459, -0.155267, 2.013193
5.46, -0.135135, 2.034392
5.461, -0.135135, 2.034392
5.462, -0.135135, 2.034392
5.463, -0.135135, 2.034392
5.464, -0.135135, 2.034392
5.465, -0.135135, 2.034392
5.466, -0.135135, 2.034392
5.467, -0.135135, 2.034392
5.468, -0.135135, 2.034392
5.469, -0.135135, 2.034392
5.47, -0.114791, 2.055716
5.471, -0.114791, 2.055716
5.472, -0.114791, 2.055716
5.473, -0.114791, 2.055716
5.474, -0.114791, 2.055716
5.475, -0.114791, 2.055716
5.476, -0.114791, 2.055716
5.477, -0.114791, 2.055716
5.478, -0.114791, 2.055716
5.479, -0.114791, 2.055716
5.48, -0.094234, 2.077150
5.481, -0.094234, 2.077150
5.482, -0.094234, 2.077150
5.483, -0.094234, 2.077150
5.484, -0.094234, 2.077150
5.485, -0.094234, 2.077150
5.486, -0.094234, 2.077150
5.487, -0.094234, 2.077150
5.488, -0.094234, 2.077150
5.489, -0.094234, 2.077150
5.49, -0.073462, 2.098679
5.491, -0.073462, 2.098679
5.492, -0.073462, 2.098679
5.493, -0.073462, 2.098679
5.494, -0.073462, 2.098679
5.495, -0.073462, 2.098679
5.496, -0.073462, 2.098679
5.497, -0.073462, 2.098679
5.498, -0.073462, 2.098679
5.499, -0.073462, 2.098679
5.5, -0.052475, 2.120287
5.501, -0.052475, 2.120287
5.502, -0.052475, 2.120287
5.503, -0.052475, 2.120287
5.504, -0.052475, 2.120287
5.505, -0.052475, 2.120287
5.506, -0.052475, 2.120287
5.507, -0.052475, 2.120287
5.508, -0.052475, 2.120287
5.509, -0.052475, 2.120287
5.51, -0.031272, 2.141957
5.511, -0.031272, 2.141957
5.512, -0.031272, 2.141957
5.513, -0.031272, 2.141957
5.514, -0.031272, 2.141957
5.515, -0.031272, 2.141957
5.516, -0.031272, 2.141957
5.517, -0.031272, 2.141957
5.518, -0.031272, 2.141957
5.519, -0.031272, 2.141957
5.52, -0.009853, 2.163668
5.521, -0.009853, 2.163668
5.522, -0.009853, 2.163668
5.523, -0.009853, 2.163668
5.524, -0.009853, 2.163668
5.525, -0.009853, 2.163668
5.526, -0.009853, 2.163668
5.527, -0.009853, 2.163668
5.528, -0.009853, 2.163668
5.529, -0.009853, 2.163668
5.53, 0.011784, 2.185401
5.531, 0.011784, 2.185401
5.532, 0.011784, 2.185401
5.533, 0.011784, 2.185401
5.534, 0.011784, 2.185401
5.535, 0.011784, 2.185401
5.536, 0.011784, 2.185401
5.537, 0.011784, 2.185401
5.538, 0.011784, 2.185401
5.539, 0.011784, 2.185401
5.54, 0.033638, 2.207134
5.541, 0.033638, 2.207134
5.542, 0.033638, 2.207134
5.543, 0.033638, 2.207134
5.544, 0.033638, 2.207134
5.545, 0.033638, 2.207134
5.546, 0.033638, 2.207134
5.547, 0.033638, 2.207134
5.548, 0.033638, 2.207134
5.549, 0.033638, 2.207134
5.55, 0.055709, 2.228844
5.551, 0.055709, 2.228844
5.552, 0.055709, 2.228844
5.553, 0.055709, 2.228844
5.554, 0.055709, 2.228844
5.555, 0.055709, 2.228844
5.556, 0.055709, 2.228844
5.557, 0.055709, 2.228844
5.558, 0.055709, 2.228844
5.559, 0.055709, 2.228844
5.56, 0.077998, 2.250506
5.561, 0.077998, 2.250506
5.562, 0.077998, 2.250506
5.563, 0.077998, 2.250506
5.564, 0.077998, 2.250506
5.565, 0.077998, 2.250506
5.566, 0.077998, 2.250506
5.567, 0.077998, 2.250506
5.568, 0.077998, 2.250506
5.569, 0.077998, 2.250506
5.57, 0.100503, 2.272095
5.571, 0.100503, 2.272095
5.572, 0.100503, 2.272095
5.573, 0.100503, 2.272095
5.574, 0.100503, 2.272095
5.575, 0.100503, 2.272095
5.576, 0.100503, 2.272095
5.577, 0.100503, 2.272095
5.578, 0.100503, 2.272095
5.579, 0.100503, 2.272095
5.58, 0.123224, 2.293581
5.581, 0.123224, 2.293581
5.582, 0.123224, 2.293581
5.583, 0.123224, 2.293581
5.584, 0.123224, 2.293581
5.585, 0.123224, 2.293581
5.586, 0.123224, 2.293581
5.587, 0.123224, 2.293581
5.588, 0.123224, 2.293581
5.589, 0.123224, 2.293581
5.59, 0.146159, 2.314936
5.591, 0.146159, 2.314936
5.592, 0.146159, 2.314936
5.593, 0.146159, 2.314936
5.594, 0.146159, 2.314936
5.595, 0.146159, 2.314936
5.596, 0.146159, 2.314936
5.597, 0.146159, 2.314936
5.598, 0.146159, 2.314936
5.599, 0.146159, 2.314936
5.6, 0.169309, 2.336130
5.601, 0.169309, 2.336130
5.602, 0.169309, 2.336130
5.603, 0.169309, 2.336130
5.604, 0.169309, 2.336130
5.605, 0.169309, 2.336130
5.606, 0.169309, 2.336130
5.607, 0.169309, 2.336130
5.608, 0.169309, 2.336130
5.609, 0.169309, 2.336130
5.61, 0.192670, 2.357128
5.611, 0.192670, 2.357128
5.612, 0.192670, 2.357128
5.613, 0.192670, 2.357128
5.614, 0.192670, 2.357128
5.615, 0.192670, 2.357128
5.616, 0.192670, 2.357128
5.617, 0.192670, 2.357128
5.618, 0.192670, 2.357128
5.619, 0.192670, 2.357128
5.62, 0.216241, 2.377898
5.621, 0.216241, 2.377898
5.622, 0.216241, 2.377898
5.623, 0.216241, 2.377898
5.624, 0.216241, 2.377898
5.625, 0.216241, 2.377898
5.626, 0.216241, 2.377898
5.627, 0.216241, 2.377898
5.628, 0.216241, 2.377898
5.629, 0.216241, 2.377898
5.63, 0.240020, 2.398402
5.631, 0.240020, 2.398402
5.632, 0.240020, 2.398402
5.633, 0.240020, 2.398402
5.634, 0.240020, 2.398402
5.635, 0.240020, 2.398402
5.636, 0.240020, 2.398402
5.637, 0.240020, 2.398402
5.638, 0.240020, 2.398402
5.639, 0.240020, 2.398402
5.64, 0.264004, 2.418604
5.641, 0.264004, 2.418604
5.642, 0.264004, 2.418604
5.643, 0.264004, 2.418604
5.644, 0.264004, 2.418604
5.645, 0.264004, 2.418604
5.646, 0.264004, 2.418604
5.647, 0.264004, 2.418604
5.648, 0.264004, 2.418604
5.649, 0.264004, 2.418604
5.65, 0.288190, 2.438465
5.651, 0.288190, 2.438465
5.652, 0.288190, 2.438465
5.653, 0.288190, 2.438465
5.654, 0.288190, 2.438465
5.655, 0.288190, 2.438465
5.656, 0.288190, 2.438465
5.657, 0.288190, 2.438465
5.658, 0.288190, 2.438465
5.659, 0.288190, 2.438465
5.66, 0.312575, 2.457942
5.661, 0.312575, 2.457942
5.662, 0.312575, 2.457942
5.663, 0.312575, 2.457942
5.664, 0.312575, 2.457942
5.665, 0.312575, 2.457942
5.666, 0.312575, 2.457942
5.667, 0.312575, 2.457942
5.668, 0.312575, 2.457942
5.669, 0.312575, 2.457942
5.67, 0.337155, 2.476994
5.671, 0.337155, 2.476994
5.672, 0.337155, 2.476994
5.673, 0.337155, 2.476994
5.674, 0.337155, 2.476994
5.675, 0.337155, 2.476994
5.676, 0.337155, 2.476994
5.677, 0.337155, 2.476994
5.678, 0.337155, 2.476994
5.679, 0.337155, 2.476994
5.68, 0.361924, 2.495577
5.681, 0.361924, 2.495577
5.682, 0.361924, 2.495577
5.683, 0.361924, 2.495577
5.684, 0.361924, 2.495577
5.685, 0.361924, 2.495577
5.686, 0.361924, 2.495577
5.687, 0.361924, 2.495577
5.688, 0.361924, 2.495577
5.689, 0.361924, 2.495577
5.69, 0.386880, 2.513645
5.691, 0.386880, 2.513645
5.692, 0.386880, 2.513645
5.693, 0.386880, 2.513645
5.694, 0.386880, 2.513645
5.695, 0.386880, 2.513645
5.696, 0.386880, 2.513645
5.697, 0.386880, 2.513645
5.698, 0.386880, 2.513645
5.699, 0.386880, 2.513645
5.7, 0.412017, 2.531150
5.701, 0.412017, 2.531150
5.702, 0.412017, 2.531150
5.703, 0.412017, 2.531150
5.704, 0.412017, 2.531150
5.705, 0.412017, 2.531150
5.706, 0.412017, 2.531150
5.707, 0.412017, 2.531150
5.708, 0.412017, 2.531150
5.709, 0.412017, 2.531150
5.71, 0.437328, 2.548045
5.711, 0.437328, 2.548045
5.712, 0.437328, 2.548045
5.713, 0.437328, 2.548045
5.714, 0.437328, 2.548045
5.715, 0.437328, 2.548045
5.716, 0.437328, 2.548045
5.717, 0.437328, 2.548045
5.718, 0.437328, 2.548045
5.719, 0.437328, 2.548045
5.72, 0.462809, 2.564278
5.721, 0.462809, 2.564278
5.722, 0.462809, 2.564278
5.723, 0.462809, 2.564278
5.724, 0.462809, 2.564278
5.725, 0.462809, 2.564278
5.726, 0.462809, 2.564278
5.727, 0.462809, 2.564278
5.728, 0.462809, 2.564278
5.729, 0.462809, 2.564278
5.73, 0.488451, 2.579801
5.731, 0.488451, 2.579801
5.732, 0.488451, 2.579801
5.733, 0.488451, 2.579801
5.734, 0.488451, 2.579801
5.735, 0.488451, 2.579801
5.736, 0.488451, 2.579801
5.737, 0.488451, 2.579801
5.738, 0.488451, 2.579801
5.739, 0.488451, 2.579801
5.74, 0.514249, 2.594559
5.741, 0.514249, 2.594559
5.742, 0.514249, 2.594559
5.743, 0.514249, 2.594559
5.744, 0.514249, 2.594559
5.745, 0.514249, 2.594559
5.746, 0.514249, 2.594559
5.747, 0.514249, 2.594559
5.748, 0.514249, 2.594559
5.749, 0.514249, 2.594559
5.75, 0.540195, 2.608501
5.751, 0.540195, 2.608501
5.752, 0.540195, 2.608501
5.753, 0.540195, 2.608501
5.754, 0.540195, 2.608501
5.755, 0.540195, 2.608501
5.756, 0.540195, 2.608501
5.757, 0.540195, 2.608501
5.758, 0.540195, 2.608501
5.759, 0.540195, 2.608501
5.76, 0.566280, 2.621572
5.761, 0.566280, 2.621572
5.762, 0.566280, 2.621572
5.763, 0.566280, 2.621572
5.764, 0.566280, 2.621572
5.765, 0.566280, 2.621572
5.766, 0.566280, 2.621572
5.767, 0.566280, 2.621572
5.768, 0.566280, 2.621572
5.769, 0.566280, 2.621572
5.77, 0.592496, 2.633718
5.771, 0.592496, 2.633718
5.772, 0.592496, 2.633718
5.773, 0.592496, 2.633718
5.774, 0.592496, 2.633718
5.775, 0.592496, 2.633718
5.776, 0.592496, 2.633718
5.777, 0.592496, 2.633718
5.778, 0.592496, 2.633718
5.779, 0.592496, 2.633718
5.78, 0.618833, 2.644885
5.781, 0.618833, 2.644885
5.782, 0.618833, 2.644885
5.783, 0.618833, 2.644885
5.784, 0.618833, 2.644885
5.785, 0.618833, 2.644885
5.786, 0.618833, 2.644885
5.787, 0.618833, 2.644885
5.788, 0.618833, 2.644885
5.789, 0.618833, 2.644885
5.79, 0.645282, 2.655017
5.791, 0.645282, 2.655017
5.792, 0.645282, 2.655017
5.793, 0.645282, 2.655017
5.794, 0.645282, 2.655017
5.795, 0.645282, 2.655017
5.796, 0.645282, 2.655017
5.797, 0.645282, 2.655017
5.798, 0.645282, 2.655017
5.799, 0.645282, 2.655017
5.8, 0.671832, 2.664059
5.801, 0.671832, 2.664059
5.802, 0.671832, 2.664059
5.803, 0.671832, 2.664059
5.804, 0.671832, 2.664059
5.805, 0.671832, 2.664059
5.806, 0.671832, 2.664059
5.807, 0.671832, 2.664059
5.808, 0.671832, 2.664059
5.809, 0.671832, 2.664059
5.81, 0.698473, 2.671957
5.811, 0.698473, 2.671957
5.812, 0.698473, 2.671957
5.813, 0.698473, 2.671957
5.814, 0.698473, 2.671957
5.815, 0.698473, 2.671957
5.816, 0.698473, 2.671957
5.817, 0.698473, 2.671957
5.818, 0.698473, 2.671957
5.819, 0.698473, 2.671957
5.82, 0.725192, 2.678656
5.821, 0.725192, 2.678656
5.822, 0.725192, 2.678656
5.823, 0.725192, 2.678656
5.824, 0.725192, 2.678656
5.825, 0.725192, 2.678656
5.826, 0.725192, 2.678656
5.827, 0.725192, 2.678656
5.828, 0.725192, 2.678656
5.829, 0.725192, 2.678656
5.83, 0.751979, 2.684103
5.831, 0.751979, 2.684103
5.832, 0.751979, 2.684103
5.833, 0.751979, 2.684103
5.834, 0.751979, 2.684103
5.835, 0.751979, 2.684103
5.836, 0.751979, 2.684103
5.837, 0.751979, 2.684103
5.838, 0.751979, 2.684103
5.839, 0.751979, 2.684103
5.84, 0.778820, 2.688247
5.841, 0.778820, 2.688247
5.842, 0.778820, 2.688247
5.843, 0.778820, 2.688247
5.844, 0.778820, 2.688247
5.845, 0.778820, 2.688247
5.846, 0.778820, 2.688247
5.847, 0.778820, 2.688247
5.848, 0.778820, 2.688247
5.849, 0.778820, 2.688247
5.85, 0.805702, 2.691035
5.851, 0.805702, 2.691035
5.852, 0.805702, 2.691035
5.853, 0.805702, 2.691035
5.854, 0.805702, 2.691035
5.855, 0.805702, 2.691035
5.856, 0.805702, 2.691035
5.857, 0.805702, 2.691035
5.858, 0.805702, 2.691035
5.859, 0.805702, 2.691035
5.86, 0.832613, 2.692420
5.861, 0.832613, 2.692420
5.862, 0.832613, 2.692420
5.863, 0.832613, 2.692420
5.864, 0.832613, 2.692420
5.865, 0.832613, 2.692420
5.866, 0.832613, 2.692420
5.867, 0.832613, 2.692420
5.868, 0.832613, 2.692420
5.869, 0.832613, 2.692420
5.87, 0.859537, 2.692353
5.871, 0.859537, 2.692353
5.872, 0.859537, 2.692353
5.873, 0.859537, 2.692353
5.874, 0.859537, 2.692353
5.875, 0.859537, 2.692353
5.876, 0.859537, 2.692353
5.877, 0.859537, 2.692353
5.878, 0.859537, 2.692353
5.879, 0.859537, 2.692353
5.88, 0.886460, 2.690790
5.881, 0.886460, 2.690790
5.882, 0.886460, 2.690790
5.883, 0.886460, 2.690790
5.884, 0.886460, 2.690790
5.885, 0.886460, 2.690790
5.886, 0.886460, 2.690790
5.887, 0.886460, 2.690790
5.888, 0.886460, 2.690790
5.889, 0.886460, 2.690790
5.89, 0.913368, 2.687688
5.891, 0.913368, 2.687688
5.892, 0.913368, 2.687688
5.893, 0.913368, 2.687688
5.894, 0.913368, 2.687688
5.895, 0.913368, 2.687688
5.896, 0.913368, 2.687688
5.897, 0.913368, 2.687688
5.898, 0.913368, 2.687688
5.899, 0.913368, 2.687688
5.9, 0.940245, 2.683010
5.901, 0.940245, 2.683010
5.902, 0.940245, 2.683010
5.903, 0.940245, 2.683010
5.904, 0.940245, 2.683010
5.905, 0.940245, 2.683010
5.906, 0.940245, 2.683010
5.907, 0.940245, 2.683010
5.908, 0.940245, 2.683010
5.909, 0.940245, 2.683010
5.91, 0.967075, 2.676718
5.911, 0.967075, 2.676718
5.912, 0.967075, 2.676718
5.913, 0.967075, 2.676718
5.914, 0.967075, 2.676718
5.915, 0.967075, 2.676718
5.916, 0.967075, 2.676718
5.917, 0.967075, 2.676718
5.918, 0.967075, 2.676718
5.919, 0.967075, 2.676718
5.92, 0.993842, 2.668781
5.921, 0.993842, 2.668781
5.922, 0.993842, 2.668781
5.923, 0.993842, 2.668781
5.924, 0.993842, 2.668781
5.925, 0.993842, 2.668781
5.926, 0.993842, 2.668781
5.927, 0.993842, 2.668781
5.928, 0.993842, 2.668781
5.929, 0.993842, 2.668781
5.93, 1.020530, 2.659170
5.931, 1.020530, 2.659170
5.932, 1.020530, 2.659170
5.933, 1.020530, 2.659170
5.934, 1.020530, 2.659170
5.935, 1.020530, 2.659170
5.936, 1.020530, 2.659170
5.937, 1.020530, 2.659170
5.938, 1.020530, 2.659170
5.939, 1.020530, 2.659170
5.94, 1.047122, 2.647862
5.941, 1.047122, 2.647862
5.942, 1.047122, 2.647862
5.943, 1.047122, 2.647862
5.944, 1.047122, 2.647862
5.945, 1.047122, 2.647862
5.946, 1.047122, 2.647862
5.947, 1.047122, 2.647862
5.948, 1.047122, 2.647862
5.949, 1.047122, 2.647862
5.95, 1.073600, 2.634836
5.951, 1.073600, 2.634836
5.952, 1.073600, 2.634836
5.953, 1.073600, 2.634836
5.954, 1.073600, 2.634836
5.955, 1.073600, 2.634836
5.956, 1.073600, 2.634836
5.957, 1.073600, 2.634836
5.958, 1.073600, 2.634836
5.959, 1.073600, 2.634836
5.96, 1.099949, 2.620079
5.961, 1.099949, 2.620079
5.962, 1.099949, 2.620079
5.963, 1.099949, 2.620079
5.964, 1.099949, 2.620079
5.965, 1.099949, 2.620079
5.966, 1.099949, 2.620079
5.967, 1.099949, 2.620079
5.968, 1.099949, 2.620079
5.969, 1.099949, 2.620079
5.97, 1.126150, 2.603580
5.971, 1.126150, 2.603580
5.972, 1.126150, 2.603580
5.973, 1.126150, 2.603580
5.974, 1.126150, 2.603580
5.975, 1.126150, 2.603580
5.976, 1.126150, 2.603580
5.977, 1.126150, 2.603580
5.978, 1.126150, 2.603580
5.979, 1.126150, 2.603580
5.98, 1.152185, 2.585336
5.981, 1.152185, 2.585336
5.982, 1.152185, 2.585336
5.983, 1.152185, 2.585336
5.984, 1.152185, 2.585336
5.985, 1.152185, 2.585336
5.986, 1.152185, 2.585336
5.987, 1.152185, 2.585336
5.988, 1.152185, 2.585336
5.989, 1.152185, 2.585336
5.99, 1.178039, 2.565346
5.991, 1.178039, 2.565346
5.992, 1.178039, 2.565346
5.993, 1.178039, 2.565346
5.994, 1.178039, 2.565346
5.995, 1.178039, 2.565346
5.996, 1.178039, 2.565346
5.997, 1.178039, 2.565346
5.998, 1.178039, 2.565346
5.999, 1.178039, 2.565346
6, 1.203692, 2.543618
6.001, 1.203692, 2.543618
6.002, 1.203692, 2.543618
6.003, 1.203692, 2.543618
6.004, 1.203692, 2.543618
6.005, 1.203692, 2.543618
6.006, 1.203692, 2.543618
6.007, 1.203692, 2.543618
6.008, 1.203692, 2.543618
6.009, 1.203692, 2.543618
6.01, 1.229128, 2.520163
6.011, 1.229128, 2.520163
6.012, 1.229128, 2.520163
6.013, 1.229128, 2.520163
6.014, 1.229128, 2.520163
6.015, 1.229128, 2.520163
6.016, 1.229128, 2.520163
6.017, 1.229128, 2.520163
6.018, 1.229128, 2.520163
6.019, 1.229128, 2.520163
6.02, 1.254330, 2.495000
6.021, 1.254330, 2.495000
6.022, 1.254330, 2.495000
6.023, 1.254330, 2.495000
6.024, 1.254330, 2.495000
6.025, 1.254330, 2.495000
6.026, 1.254330, 2.495000
6.027, 1.254330, 2.495000
6.028, 1.254330, 2.495000
6.029, 1.254330, 2.495000
6.03, 1.279280, 2.468152
6.031, 1.279280, 2.468152
6.032, 1.279280, 2.468152
6.033, 1.279280, 2.468152
6.034, 1.279280, 2.468152
6.035, 1.279280, 2.468152
6.036, 1.279280, 2.468152
6.037, 1.279280, 2.468152
6.038, 1.279280, 2.468152
6.039, 1.279280, 2.468152
6.04, 1.303962, 2.439648
6.041, 1.303962, 2.439648
6.042, 1.303962, 2.439648
6.043, 1.303962, 2.439648
6.044, 1.303962, 2.439648
6.045, 1.303962, 2.439648
6.046, 1.303962, 2.439648
6.047, 1.303962, 2.439648
6.048, 1.303962, 2.439648
6.049, 1.303962, 2.439648
6.05, 1.328358, 2.409523
6.051, 1.328358, 2.409523
6.052, 1.328358, 2.409523
6.053, 1.328358, 2.409523
6.054, 1.328358, 2.409523
6.055, 1.328358, 2.409523
6.056, 1.328358, 2.409523
6.057, 1.328358, 2.409523
6.058, 1.328358, 2.409523
6.059, 1.328358, 2.409523
6.06, 1.352453, 2.377818
6.061, 1.352453, 2.377818
6.062, 1.352453, 2.377818
6.063, 1.352453, 2.377818
6.064, 1.352453, 2.377818
6.065, 1.352453, 2.377818
6.066, 1.352453, 2.377818
6.067, 1.352453, 2.377818
6.068, 1.352453, 2.377818
6.069, 1.352453, 2.377818
6.07, 1.376231, 2.344578
6.071, 1.376231, 2.344578
6.072, 1.376231, 2.344578
6.073, 1.376231, 2.344578
6.074, 1.376231, 2.344578
6.075, 1.376231, 2.344578
6.076, 1.376231, 2.344578
6.077, 1.376231, 2.344578
6.078, 1.376231, 2.344578
6.079, 1.376231, 2.344578
6.08, 1.399677, 2.309855
6.081, 1.399677, 2.309855
6.082, 1.399677, 2.309855
6.083, 1.399677, 2.309855
6.084, 1.399677, 2.309855
6.085, 1.399677, 2.309855
6.086, 1.399677, 2.309855
6.087, 1.399677, 2.309855
6.088, 1.399677, 2.309855
6.089, 1.399677, 2.309855
6.09, 1.422776, 2.273704
6.091, 1.422776, 2.273704
6.092, 1.422776, 2.273704
6.093, 1.422776, 2.273704
6.094, 1.422776, 2.273704
6.095, 1.422776, 2.273704
6.096, 1.422776, 2.273704
6.097, 1.422776, 2.273704
6.098, 1.422776, 2.273704
6.099, 1.422776, 2.273704
6.1, 1.445513, 2.236187
6.101, 1.445513, 2.236187
6.102, 1.445513, 2.236187
6.103, 1.445513, 2.236187
6.104, 1.445513, 2.236187
6.105, 1.445513, 2.236187
6.106, 1.445513, 2.236187
6.107, 1.445513, 2.236187
6.108, 1.445513, 2.236187
6.109, 1.445513, 2.236187
6.11, 1.467875, 2.197369
6.111, 1.467875, 2.197369
6.112, 1.467875, 2.197369
6.113, 1.467875, 2.197369
6.114, 1.467875, 2.197369
6.115, 1.467875, 2.197369
6.116, 1.467875, 2.197369
6.117, 1.467875, 2.197369
6.118, 1.467875, 2.197369
6.119, 1.467875, 2.197369
6.12, 1.489848, 2.157318
6.121, 1.489848, 2.157318
6.122, 1.489848, 2.157318
6.123, 1.489848, 2.157318
6.124, 1.489848, 2.157318
6.125, 1.489848, 2.157318
6.126, 1.489848, 2.157318
6.127, 1.489848, 2.157318
6.128, 1.489848, 2.157318
6.129, 1.489848, 2.157318
6.13, 1.511422, 2.116108
6.131, 1.511422, 2.116108
6.132, 1.511422, 2.116108
6.133, 1.511422, 2.116108
6.134, 1.511422, 2.116108
6.135, 1.511422, 2.116108
6.136, 1.511422, 2.116108
6.137, 1.511422, 2.116108
6.138, 1.511422, 2.116108
6.139, 1.511422, 2.116108
6.14, 1.532583, 2.073814
6.141, 1.532583, 2.073814
6.142, 1.532583, 2.073814
6.143, 1.532583, 2.073814
6.144, 1.532583, 2.073814
6.145, 1.532583, 2.073814
6.146, 1.532583, 2.073814
6.147, 1.532583, 2.073814
6.148, 1.532583, 2.073814
6.149, 1.532583, 2.073814
6.15, 1.553321, 2.030517
6.151, 1.553321, 2.030517
6.152, 1.553321, 2.030517
6.153, 1.553321, 2.030517
6.154, 1.553321, 2.030517
6.155, 1.553321, 2.030517
6.156, 1.553321, 2.030517
6.157, 1.553321, 2.030517
6.158, 1.553321, 2.030517
6.159, 1.553321, 2.030517
6.16, 1.573626, 1.986296
6.161, 1.573626, 1.986296
6.162, 1.573626, 1.986296
6.163, 1.573626, 1.986296
6.164, 1.573626, 1.986296
6.165, 1.573626, 1.986296
6.166, 1.573626, 1.986296
6.167, 1.573626, 1.986296
6.168, 1.573626, 1.986296
6.169, 1.573626, 1.986296
6.17, 1.593489, 1.941236
6.171, 1.593489, 1.941236
6.172, 1.593489, 1.941236
6.173, 1.593489, 1.941236
6.174, 1.593489, 1.941236
6.175, 1.593489, 1.941236
6.176, 1.593489, 1.941236
6.177, 1.593489, 1.941236
6.178, 1.593489, 1.941236
6.179, 1.593489, 1.941236
6.18, 1.612901, 1.895422
6.181, 1.612901, 1.895422
6.182, 1.612901, 1.895422
6.183, 1.612901, 1.895422
6.184, 1.612901, 1.895422
6.185, 1.612901, 1.895422
6.186, 1.612901, 1.895422
6.187, 1.612901, 1.895422
6.188, 1.612901, 1.895422
6.189, 1.612901, 1.895422
6.19, 1.631855, 1.848939
6.191, 1.631855, 1.848939
6.192, 1.631855, 1.848939
6.193, 1.631855, 1.848939
6.194, 1.631855, 1.848939
6.195, 1.631855, 1.848939
6.196, 1.631855, 1.848939
6.197, 1.631855, 1.848939
6.198, 1.631855, 1.848939
6.199, 1.631855, 1.848939
6.2, 1.650345, 1.801873
6.201, 1.650345, 1.801873
6.202, 1.650345, 1.801873
6.203, 1.650345, 1.801873
6.204, 1.650345, 1.801873
6.205, 1.650345, 1.801873
6.206, 1.650345, 1.801873
6.207, 1.650345, 1.801873
6.208, 1.650345, 1.801873
6.209, 1.650345, 1.801873
6.21, 1.668364, 1.754312
6.211, 1.668364, 1.754312
6.212, 1.668364, 1.754312
6.213, 1.668364, 1.754312
6.214, 1.668364, 1.754312
6.215, 1.668364, 1.754312
6.216, 1.668364, 1.754312
6.217, 1.668364, 1.754312
6.218, 1.668364, 1.754312
6.219, 1.668364, 1.754312
6.22, 1.685907, 1.706341
6.221, 1.685907, 1.706341
6.222, 1.685907, 1.706341
6.223, 1.685907, 1.706341
6.224, 1.685907, 1.706341
6.225, 1.685907, 1.706341
6.226, 1.685907, 1.706341
6.227, 1.685907, 1.706341
6.228, 1.685907, 1.706341
6.229, 1.685907, 1.706341
6.23, 1.702970, 1.658046
6.231, 1.702970, 1.658046
6.232, 1.702970, 1.658046
6.233, 1.702970, 1.658046
6.234, 1.702970, 1.658046
6.235, 1.702970, 1.658046
6.236, 1.702970, 1.658046
6.237, 1.702970, 1.658046
6.238, 1.702970, 1.658046
6.239, 1.702970, 1.658046
6.24, 1.719551, 1.609512
6.241, 1.719551, 1.609512
6.242, 1.719551, 1.609512
6.243, 1.719551, 1.609512
6.244, 1.719551, 1.609512
6.245, 1.719551, 1.609512
6.246, 1.719551, 1.609512
6.247, 1.719551, 1.609512
6.248, 1.719551, 1.609512
6.249, 1.719551, 1.609512
6.25, 1.735646, 1.560821
6.251, 1.735646, 1.560821
6.252, 1.735646, 1.560821
6.253, 1.735646, 1.560821
6.254, 1.735646, 1.560821
6.255, 1.735646, 1.560821
6.256, 1.735646, 1.560821
6.257, 1.735646, 1.560821
6.258, 1.735646, 1.560821
6.259, 1.735646, 1.560821
6.26, 1.751254, 1.512053
6.261, 1.751254, 1.512053
6.262, 1.751254, 1.512053
6.263, 1.751254, 1.512053
6.264, 1.751254, 1.512053
6.265, 1.751254, 1.512053
6.266, 1.751254, 1.512053
6.267, 1.751254, 1.512053
6.268, 1.751254, 1.512053
6.269, 1.751254, 1.512053
6.27, 1.766374, 1.463288
6.271, 1.766374, 1.463288
6.272, 1.766374, 1.463288
6.273, 1.766374, 1.463288
6.274, 1.766374, 1.463288
6.275, 1.766374, 1.463288
6.276, 1.766374, 1.463288
6.277, 1.766374, 1.463288
6.278, 1.766374, 1.463288
6.279, 1.766374, 1.463288
6.28, 1.781007, 1.414602
6.281, 1.781007, 1.414602
6.282, 1.781007, 1.414602
6.283, 1.781007, 1.414602
6.284, 1.781007, 1.414602
6.285, 1.781007, 1.414602
6.286, 1.781007, 1.414602
6.287, 1.781007, 1.414602
6.288, 1.781007, 1.414602
6.289, 1.781007, 1.414602
6.29, 1.795153, 1.366067
6.291, 1.795153, 1.366067
6.292, 1.795153, 1.366067
6.293, 1.795153, 1.366067
6.294, 1.795153, 1.366067
6.295, 1.795153, 1.366067
6.296, 1.795153, 1.366067
6.297, 1.795153, 1.366067
6.298, 1.795153, 1.366067
6.299, 1.795153, 1.366067
6.3, 1.808814, 1.317753
6.301, 1.808814, 1.317753
6.302, 1.808814, 1.317753
6.303, 1.808814, 1.317753
6.304, 1.808814, 1.317753
6.305, 1.808814, 1.317753
6.306, 1.808814, 1.317753
6.307, 1.808814, 1.317753
6.308, 1.808814, 1.317753
6.309, 1.808814, 1.317753
6.31, 1.821992, 1.269728
6.311, 1.821992, 1.269728
6.312, 1.821992, 1.269728
6.313, 1.821992, 1.269728
6.314, 1.821992, 1.269728
6.315, 1.821992, 1.269728
6.316, 1.821992, 1.269728
6.317, 1.821992, 1.269728
6.318, 1.821992, 1.269728
6.319, 1.821992, 1.269728
6.32, 1.834689, 1.222055
6.321, 1.834689, 1.222055
6.322, 1.834689, 1.222055
6.323, 1.834689, 1.222055
6.324, 1.834689, 1.222055
6.325, 1.834689, 1.222055
6.326, 1.834689, 1.222055
6.327, 1.834689, 1.222055
6.328, 1.834689, 1.222055
6.329, 1.834689, 1.222055
6.33, 1.846909, 1.174793
6.331, 1.846909, 1.174793
6.332, 1.846909, 1.174793
6.333, 1.846909, 1.174793
6.334, 1.846909, 1.174793
6.335, 1.846909, 1.174793
6.336, 1.846909, 1.174793
6.337, 1.846909, 1.174793
6.338, 1.846909, 1.174793
6.339, 1.846909, 1.174793
6.34, 1.858657, 1.127999
6.341, 1.858657, 1.127999
6.342, 1.858657, 1.127999
6.343, 1.858657, 1.127999
6.344, 1.858657, 1.127999
6.345, 1.858657, 1.127999
6.346, 1.858657, 1.127999
6.347, 1.858657, 1.127999
6.348, 1.858657, 1.127999
6.349, 1.858657, 1.127999
6.35, 1.869937, 1.081725
6.351, 1.869937, 1.081725
6.352, 1.869937, 1.081725
6.353, 1.869937, 1.081725
6.354, 1.869937, 1.081725
6.355, 1.869937, 1.081725
6.356, 1.869937, 1.081725
6.357, 1.869937, 1.081725
6.358, 1.869937, 1.081725
6.359, 1.869937, 1.081725
6.36, 1.880755, 1.036018
6.361, 1.880755, 1.036018
6.362, 1.880755, 1.036018
6.363, 1.880755, 1.036018
6.364, 1.880755, 1.036018
6.365, 1.880755, 1.036018
6.366, 1.880755, 1.036018
6.367, 1.880755, 1.036018
6.368, 1.880755, 1.036018
6.369, 1.880755, 1.036018
6.37, 1.891115, 0.990924
6.371, 1.891115, 0.990924
6.372, 1.891115, 0.990924
6.373, 1.891115, 0.990924
6.374, 1.891115, 0.990924
6.375, 1.891115, 0.990924
6.376, 1.891115, 0.990924
6.377, 1.891115, 0.990924
6.378, 1.891115, 0.990924
6.379, 1.891115, 0.990924
6.38, 1.901024, 0.946484
6.381, 1.901024, 0.946484
6.382, 1.901024, 0.946484
6.383, 1.901024, 0.946484
6.384, 1.901024, 0.946484
6.385, 1.901024, 0.946484
6.386, 1.901024, 0.946484
6.387, 1.901024, 0.946484
6.388, 1.901024, 0.946484
6.389, 1.901024, 0.946484
6.39, 1.910489, 0.902734
6.391, 1.910489, 0.902734
6.392, 1.910489, 0.902734
6.393, 1.910489, 0.902734
6.394, 1.910489, 0.902734
6.395, 1.910489, 0.902734
6.396, 1.910489, 0.902734
6.397, 1.910489, 0.902734
6.398, 1.910489, 0.902734
6.399, 1.910489, 0.902734
6.4, 1.919516, 0.859707
6.401, 1.919516, 0.859707
6.402, 1.919516, 0.859707
6.403, 1.919516, 0.859707
6.404, 1.919516, 0.859707
6.405, 1.919516, 0.859707
6.406, 1.919516, 0.859707
6.407, 1.919516, 0.859707
6.408, 1.919516, 0.859707
6.409, 1.919516, 0.859707
6.41, 1.928113, 0.817432
6.411, 1.928113, 0.817432
6.412, 1.928113, 0.817432
6.413, 1.928113, 0.817432
6.414, 1.928113, 0.817432
6.415, 1.928113, 0.817432
6.416, 1.928113, 0.817432
6.417, 1.928113, 0.817432
6.418, 1.928113, 0.817432
6.419, 1.928113, 0.817432
6.42, 1.936288, 0.775936
6.421, 1.936288, 0.775936
6.422, 1.936288, 0.775936
6.423, 1.936288, 0.775936
6.424, 1.936288, 0.775936
6.425, 1.936288, 0.775936
6.426, 1.936288, 0.775936
6.427, 1.936288, 0.775936
6.428, 1.936288, 0.775936
6.429, 1.936288, 0.775936
6.43, 1.944047, 0.735241
6.431, 1.944047, 0.735241
6.432, 1.944047, 0.735241
6.433, 1.944047, 0.735241
6.434, 1.944047, 0.735241
6.435, 1.944047, 0.735241
6.436, 1.944047, 0.735241
6.437, 1.944047, 0.735241
6.438, 1.944047, 0.735241
6.439, 1.944047, 0.735241
6.44, 1.951399, 0.695366
6.441, 1.951399, 0.695366
6.442, 1.951399, 0.695366
6.443, 1.951399, 0.695366
6.444, 1.951399, 0.695366
6.445, 1.951399, 0.695366
6.446, 1.951399, 0.695366
6.447, 1.951399, 0.695366
6.448, 1.951399, 0.695366
6.449, 1.951399, 0.695366
6.45, 1.958353, 0.656327
6.451, 1.958353, 0.656327
6.452, 1.958353, 0.656327
6.453, 1.958353, 0.656327
6.454, 1.958353, 0.656327
6.455, 1.958353, 0.656327
6.456, 1.958353, 0.656327
6.457, 1.958353, 0.656327
6.458, 1.958353, 0.656327
6.459, 1.958353, 0.656327
6.46, 1.964916, 0.618135
6.461, 1.964916, 0.618135
6.462, 1.964916, 0.618135
6.463, 1.964916, 0.618135
6.464, 1.964916, 0.618135
6.465, 1.964916, 0.618135
6.466, 1.964916, 0.618135
6.467, 1.964916, 0.618135
6.468, 1.964916, 0.618135
6.469, 1.964916, 0.618135
6.47, 1.971098, 0.580802
6.471, 1.971098, 0.580802
6.472, 1.971098, 0.580802
6.473, 1.971098, 0.580802
6.474, 1.971098, 0.580802
6.475, 1.971098, 0.580802
6.476, 1.971098, 0.580802
6.477, 1.971098, 0.580802
6.478, 1.971098, 0.580802
6.479, 1.971098, 0.580802
6.48, 1.976906, 0.544334
6.481, 1.976906, 0.544334
6.482, 1.976906, 0.544334
6.483, 1.976906, 0.544334
6.484, 1.976906, 0.544334
6.485, 1.976906, 0.544334
6.486, 1.976906, 0.544334
6.487, 1.976906, 0.544334
6.488, 1.976906, 0.544334
6.489, 1.976906, 0.544334
6.49, 1.982349, 0.508734
6.491, 1.982349, 0.508734
6.492, 1.982349, 0.508734
6.493, 1.982349, 0.508734
6.494, 1.982349, 0.508734
6.495, 1.982349, 0.508734
6.496, 1.982349, 0.508734
6.497, 1.982349, 0.508734
6.498, 1.982349, 0.508734
6.499, 1.982349, 0.508734
6.5, 1.987436, 0.474006
6.501, 1.987436, 0.474006
6.502, 1.987436, 0.474006
6.503, 1.987436, 0.474006
6.504, 1.987436, 0.474006
6.505, 1.987436, 0.474006
6.506, 1.987436, 0.474006
6.507, 1.987436, 0.474006
6.508, 1.987436, 0.474006
6.509, 1.987436, 0.474006
6.51, 1.992176, 0.440149
6.511, 1.992176, 0.440149
6.512, 1.992176, 0.440149
6.513, 1.992176, 0.440149
6.514, 1.992176, 0.440149
6.515, 1.992176, 0.440149
6.516, 1.992176, 0.440149
6.517, 1.992176, 0.440149
6.518, 1.992176, 0.440149
6.519, 1.992176, 0.440149
6.52, 1.996578, 0.407161
6.521, 1.996578, 0.407161
6.522, 1.996578, 0.407161
6.523, 1.996578, 0.407161
6.524, 1.996578, 0.407161
6.525, 1.996578, 0.407161
6.526, 1.996578, 0.407161
6.527, 1.996578, 0.407161
6.528, 1.996578, 0.407161
6.529, 1.996578, 0.407161
6.53, 2.000649, 0.375036
6.531, 2.000649, 0.375036
6.532, 2.000649, 0.375036
6.533, 2.000649, 0.375036
6.534, 2.000649, 0.375036
6.535, 2.000649, 0.375036
6.536, 2.000649, 0.375036
6.537, 2.000649, 0.375036
6.538, 2.000649, 0.375036
6.539, 2.000649, 0.375036
6.54, 2.004400, 0.343768
6.541, 2.004400, 0.343768
6.542, 2.004400, 0.343768
6.543, 2.004400, 0.343768
6.544, 2.004400, 0.343768
6.545, 2.004400, 0.343768
6.546, 2.004400, 0.343768
6.547, 2.004400, 0.343768
6.548, 2.004400, 0.343768
6.549, 2.004400, 0.343768
6.55, 2.007838, 0.313351
6.551, 2.007838, 0.313351
6.552, 2.007838, 0.313351
6.553, 2.007838, 0.313351
6.554, 2.007838, 0.313351
6.555, 2.007838, 0.313351
6.556, 2.007838, 0.313351
6.557, 2.007838, 0.313351
6.558, 2.007838, 0.313351
6.559, 2.007838, 0.313351
6.56, 2.010971, 0.283773
6.561, 2.010971, 0.283773
6.562, 2.010971, 0.283773
6.563, 2.010971, 0.283773
6.564, 2.010971, 0.283773
6.565, 2.010971, 0.283773
6.566, 2.010971, 0.283773
6.567, 2.010971, 0.283773
6.568, 2.010971, 0.283773
6.569, 2.010971, 0.283773
6.57, 2.013809, 0.255026
6.571, 2.013809, 0.255026
6.572, 2.013809, 0.255026
6.573, 2.013809, 0.255026
6.574, 2.013809, 0.255026
6.575, 2.013809, 0.255026
6.576, 2.013809, 0.255026
6.577, 2.013809, 0.255026
6.578, 2.013809, 0.255026
6.579, 2.013809, 0.255026
6.58, 2.016359, 0.227095
6.581, 2.016359, 0.227095
6.582, 2.016359, 0.227095
6.583, 2.016359, 0.227095
6.584, 2.016359, 0.227095
6.585, 2.016359, 0.227095
6.586, 2.016359, 0.227095
6.587, 2.016359, 0.227095
6.588, 2.016359, 0.227095
6.589, 2.016359, 0.227095
6.59, 2.018630, 0.199970
6.591, 2.018630, 0.199970
6.592, 2.018630, 0.199970
6.593, 2.018630, 0.199970
6.594, 2.018630, 0.199970
6.595, 2.018630, 0.199970
6.596, 2.018630, 0.199970
6.597, 2.018630, 0.199970
6.598, 2.018630, 0.199970
6.599, 2.018630, 0.199970
6.6, 2.020630, 0.173635
6.601, 2.020630, 0.173635
6.602, 2.020630, 0.173635
6.603, 2.020630, 0.173635
6.604, 2.020630, 0.173635
6.605, 2.020630, 0.173635
6.606, 2.020630, 0.173635
6.607, 2.020630, 0.173635
6.608, 2.020630, 0.173635
6.609, 2.020630, 0.173635
6.61, 2.022366, 0.148075
6.611, 2.022366, 0.148075
6.612, 2.022366, 0.148075
6.613, 2.022366, 0.148075
6.614, 2.022366, 0.148075
6.615, 2.022366, 0.148075
6.616, 2.022366, 0.148075
6.617, 2.022366, 0.148075
6.618, 2.022366, 0.148075
6.619, 2.022366, 0.148075
6.62, 2.023847, 0.123276
6.621, 2.023847, 0.123276
6.622, 2.023847, 0.123276
6.623, 2.023847, 0.123276
6.624, 2.023847, 0.123276
6.625, 2.023847, 0.123276
6.626, 2.023847, 0.123276
6.627, 2.023847, 0.123276
6.628, 2.023847, 0.123276
6.629, 2.023847, 0.123276
6.63, 2.025080, 0.099221
6.631, 2.025080, 0.099221
6.632, 2.025080, 0.099221
6.633, 2.025080, 0.099221
6.634, 2.025080, 0.099221
6.635, 2.025080, 0.099221
6.636, 2.025080, 0.099221
6.637, 2.025080, 0.099221
6.638, 2.025080, 0.099221
6.639, 2.025080, 0.099221
6.64, 2.026072, 0.075894
6.641, 2.026072, 0.075894
6.642, 2.026072, 0.075894
6.643, 2.026072, 0.075894
6.644, 2.026072, 0.075894
6.645, 2.026072, 0.075894
6.646, 2.026072, 0.075894
6.647, 2.026072, 0.075894
6.648, 2.026072, 0.075894
6.649, 2.026072, 0.075894
6.65, 2.026831, 0.053276
6.651, 2.026831, 0.053276
6.652, 2.026831, 0.053276
6.653, 2.026831, 0.053276
6.654, 2.026831, 0.053276
6.655, 2.026831, 0.053276
6.656, 2.026831, 0.053276
6.657, 2.026831, 0.053276
6.658, 2.026831, 0.053276
6.659, 2.026831, 0.053276
6.66, 2.027363, 0.031352
6.661, 2.027363, 0.031352
6.662, 2.027363, 0.031352
6.663, 2.027363, 0.031352
6.664, 2.027363, 0.031352
6.665, 2.027363, 0.031352
6.666, 2.027363, 0.031352
6.667, 2.027363, 0.031352
6.668, 2.027363, 0.031352
6.669, 2.027363, 0.031352
6.67, 2.027677, 0.010103
6.671, 2.027677, 0.010103
6.672, 2.027677, 0.010103
6.673, 2.027677, 0.010103
6.674, 2.027677, 0.010103
6.675, 2.027677, 0.010103
6.676, 2.027677, 0.010103
6.677, 2.027677, 0.010103
6.678, 2.027677, 0.010103
6.679, 2.027677, 0.010103
6.68, 2.027778, -0.010488
6.681, 2.027778, -0.010488
6.682, 2.027778, -0.010488
6.683, 2.027778, -0.010488
6.684, 2.027778, -0.010488
6.685, 2.027778, -0.010488
6.686, 2.027778, -0.010488
6.687, 2.027778, -0.010488
6.688, 2.027778, -0.010488
6.689, 2.027778, -0.010488
6.69, 2.027673, -0.030439
6.691, 2.027673, -0.030439
6.692, 2.027673, -0.030439
6.693, 2.027673, -0.030439
6.694, 2.027673, -0.030439
6.695, 2.027673, -0.030439
6.696, 2.027673, -0.030439
6.697, 2.027673, -0.030439
6.698, 2.027673, -0.030439
6.699, 2.027673, -0.030439
6.7, 2.027369, -0.049769
6.701, 2.027369, -0.049769
6.702, 2.027369, -0.049769
6.703, 2.027369, -0.049769
6.704, 2.027369, -0.049769
6.705, 2.027369, -0.049769
6.706, 2.027369, -0.049769
6.707, 2.027369, -0.049769
6.708, 2.027369, -0.049769
6.709, 2.027369, -0.049769
6.71, 2.026871, -0.068494
6.711, 2.026871, -0.068494
6.712, 2.026871, -0.068494
6.713, 2.026871, -0.068494
6.714, 2.026871, -0.068494
6.715, 2.026871, -0.068494
6.716, 2.026871, -0.068494
6.717, 2.026871, -0.068494
6.718, 2.026871, -0.068494
6.719, 2.026871, -0.068494
6.72, 2.026186, -0.086634
6.721, 2.026186, -0.086634
6.722, 2.026186, -0.086634
6.723, 2.026186, -0.086634
6.724, 2.026186, -0.086634
6.725, 2.026186, -0.086634
6.726, 2.026186, -0.086634
6.727, 2.026186, -0.086634
6.728, 2.026186, -0.086634
6.729, 2.026186, -0.086634
6.73, 2.025320, -0.104206
6.731, 2.025320, -0.104206
6.732, 2.025320, -0.104206
6.733, 2.025320, -0.104206
6.734, 2.025320, -0.104206
6.735, 2.025320, -0.104206
6.736, 2.025320, -0.104206
6.737, 2.025320, -0.104206
6.738, 2.025320, -0.104206
6.739, 2.025320, -0.104206
6.74, 2.024278, -0.121227
6.741, 2.024278, -0.121227
6.742, 2.024278, -0.121227
6.743, 2.024278, -0.121227
6.744, 2.024278, -0.121227
6.745, 2.024278, -0.121227
6.746, 2.024278, -0.121227
6.747, 2.024278, -0.121227
6.748, 2.024278, -0.121227
6.749, 2.024278, -0.121227
6.75, 2.023065, -0.137714
6.751, 2.023065, -0.137714
6.752, 2.023065, -0.137714
6.753, 2.023065, -0.137714
6.754, 2.023065, -0.137714
6.755, 2.023065, -0.137714
6.756, 2.023065, -0.137714
6.757, 2.023065, -0.137714
6.758, 2.023065, -0.137714
6.759, 2.023065, -0.137714
6.76, 2.021688, -0.153686
6.761, 2.021688, -0.153686
6.762, 2.021688, -0.153686
6.763, 2.021688, -0.153686
6.764, 2.021688, -0.153686
6.765, 2.021688, -0.153686
6.766, 2.021688, -0.153686
6.767, 2.021688, -0.153686
6.768, 2.021688, -0.153686
6.769, 2.021688, -0.153686
6.77, 2.020151, -0.169158
6.771, 2.020151, -0.169158
6.772, 2.020151, -0.169158
6.773, 2.020151, -0.169158
6.774, 2.020151, -0.169158
6.775, 2.020151, -0.169158
6.776, 2.020151, -0.169158
6.777, 2.020151, -0.169158
6.778, 2.020151, -0.169158
6.779, 2.020151, -0.169158
6.78, 2.018460, -0.184148
6.781, 2.018460, -0.184148
6.782, 2.018460, -0.184148
6.783, 2.018460, -0.184148
6.784, 2.018460, -0.184148
6.785, 2.018460, -0.184148
6.786, 2.018460, -0.184148
6.787, 2.018460, -0.184148
6.788, 2.018460, -0.184148
6.789, 2.018460, -0.184148
6.79, 2.016618, -0.198671
6.791, 2.016618, -0.198671
6.792, 2.016618, -0.198671
6.793, 2.016618, -0.198671
6.794, 2.016618, -0.198671
6.795, 2.016618, -0.198671
6.796, 2.016618, -0.198671
6.797, 2.016618, -0.198671
6.798, 2.016618, -0.198671
6.799, 2.016618, -0.198671
6.8, 2.014632, -0.212745
6.801, 2.014632, -0.212745
6.802, 2.014632, -0.212745
6.803, 2.014632, -0.212745
6.804, 2.014632, -0.212745
6.805, 2.014632, -0.212745
6.806, 2.014632, -0.212745
6.807, 2.014632, -0.212745
6.808, 2.014632, -0.212745
6.809, 2.014632, -0.212745
6.81, 2.012504, -0.226384
6.811, 2.012504, -0.226384
6.812, 2.012504, -0.226384
6.813, 2.012504, -0.226384
6.814, 2.012504, -0.226384
6.815, 2.012504, -0.226384
6.816, 2.012504, -0.226384
6.817, 2.012504, -0.226384
6.818, 2.012504, -0.226384
6.819, 2.012504, -0.226384
6.82, 2.010240, -0.239604
6.821, 2.010240, -0.239604
6.822, 2.010240, -0.239604
6.823, 2.010240, -0.239604
6.824, 2.010240, -0.239604
6.825, 2.010240, -0.239604
6.826, 2.010240, -0.239604
6.827, 2.010240, -0.239604
6.828, 2.010240, -0.239604
6.829, 2.010240, -0.239604
6.83, 2.007844, -0.252419
6.831, 2.007844, -0.252419
6.832, 2.007844, -0.252419
6.833, 2.007844, -0.252419
6.834, 2.007844, -0.252419
6.835, 2.007844, -0.252419
6.836, 2.007844, -0.252419
6.837, 2.007844, -0.252419
6.838, 2.007844, -0.252419
6.839, 2.007844, -0.252419
6.84, 2.005320, -0.264846
6.841, 2.005320, -0.264846
6.842, 2.005320, -0.264846
6.843, 2.005320, -0.264846
6.844, 2.005320, -0.264846
6.845, 2.005320, -0.264846
6.846, 2.005320, -0.264846
6.847, 2.005320, -0.264846
6.848, 2.005320, -0.264846
6.849, 2.005320, -0.264846
6.85, 2.002672, -0.276897
6.851, 2.002672, -0.276897
6.852, 2.002672, -0.276897
6.853, 2.002672, -0.276897
6.854, 2.002672, -0.276897
6.855, 2.002672, -0.276897
6.856, 2.002672, -0.276897
6.857, 2.002672, -0.276897
6.858, 2.002672, -0.276897
6.859, 2.002672, -0.276897
6.86, 1.999903, -0.288588
6.861, 1.999903, -0.288588
6.862, 1.999903, -0.288588
6.863, 1.999903, -0.288588
6.864, 1.999903, -0.288588
6.865, 1.999903, -0.288588
6.866, 1.999903, -0.288588
6.867, 1.999903, -0.288588
6.868, 1.999903, -0.288588
6.869, 1.999903, -0.288588
6.87, 1.997017, -0.299930
6.871, 1.997017, -0.299930
6.872, 1.997017, -0.299930
6.873, 1.997017, -0.299930
6.874, 1.997017, -0.299930
6.875, 1.997017, -0.299930
6.876, 1.997017, -0.299930
6.877, 1.997017, -0.299930
6.878, 1.997017, -0.299930
6.879, 1.997017, -0.299930
6.88, 1.994018, -0.310938
6.881, 1.994018, -0.310938
6.882, 1.994018, -0.310938
6.883, 1.994018, -0.310938
6.884, 1.994018, -0.310938
6.885, 1.994018, -0.310938
6.886, 1.994018, -0.310938
6.887, 1.994018, -0.310938
6.888, 1.994018, -0.310938
6.889, 1.994018, -0.310938
6.89, 1.990908, -0.321624
6.891, 1.990908, -0.321624
6.892, 1.990908, -0.321624
6.893, 1.990908, -0.321624
6.894, 1.990908, -0.321624
6.895, 1.990908, -0.321624
6.896, 1.990908, -0.321624
6.897, 1.990908, -0.321624
6.898, 1.990908, -0.321624
6.899, 1.990908, -0.321624
6.9, 1.987692, -0.332001
6.901, 1.987692, -0.332001
6.902, 1.987692, -0.332001
6.903, 1.987692, -0.332001
6.904, 1.987692, -0.332001
6.905, 1.987692, -0.332001
6.906, 1.987692, -0.332001
6.907, 1.987692, -0.332001
6.908, 1.987692, -0.332001
6.909, 1.987692, -0.332001
6.91, 1.984372, -0.342081
6.911, 1.984372, -0.342081
6.912, 1.984372, -0.342081
6.913, 1.984372, -0.342081
6.914, 1.984372, -0.342081
6.915, 1.984372, -0.342081
6.916, 1.984372, -0.342081
6.917, 1.984372, -0.342081
6.918, 1.984372, -0.342081
6.919, 1.984372, -0.342081
6.92, 1.980951, -0.351876
6.921, 1.980951, -0.351876
6.922, 1.980951, -0.351876
6.923, 1.980951, -0.351876
6.924, 1.980951, -0.351876
6.925, 1.980951, -0.351876
6.926, 1.980951, -0.351876
6.927, 1.980951, -0.351876
6.928, 1.980951, -0.351876
6.929, 1.980951, -0.351876
6.93, 1.977432, -0.361396
6.931, 1.977432, -0.361396
6.932, 1.977432, -0.361396
6.933, 1.977432, -0.361396
6.934, 1.977432, -0.361396
6.935, 1.977432, -0.361396
6.936, 1.977432, -0.361396
6.937, 1.977432, -0.361396
6.938, 1.977432, -0.361396
6.939, 1.977432, -0.361396
6.94, 1.973818, -0.370652
6.941, 1.973818, -0.370652
6.942, 1.973818, -0.370652
6.943, 1.973818, -0.370652
6.944, 1.973818, -0.370652
6.945, 1.973818, -0.370652
6.946, 1.973818, -0.370652
6.947, 1.973818, -0.370652
6.948, 1.973818, -0.370652
6.949, 1.973818, -0.370652
6.95, 1.970112, -0.379657
6.951, 1.970112, -0.379657
6.952, 1.970112, -0.379657
6.953, 1.970112, -0.379657
6.954, 1.970112, -0.379657
6.955, 1.970112, -0.379657
6.956, 1.970112, -0.379657
6.957, 1.970112, -0.379657
6.958, 1.970112, -0.379657
6.959, 1.970112, -0.379657
6.96, 1.966315, -0.388419
6.961, 1.966315, -0.388419
6.962, 1.966315, -0.388419
6.963, 1.966315, -0.388419
6.964, 1.966315, -0.388419
6.965, 1.966315, -0.388419
6.966, 1.966315, -0.388419
6.967, 1.966315, -0.388419
6.968, 1.966315, -0.388419
6.969, 1.966315, -0.388419
6.97, 1.962431, -0.396948
6.971, 1.962431, -0.396948
6.972, 1.962431, -0.396948
6.973, 1.962431, -0.396948
6.974, 1.962431, -0.396948
6.975, 1.962431, -0.396948
6.976, 1.962431, -0.396948
6.977, 1.962431, -0.396948
6.978, 1.962431, -0.396948
6.979, 1.962431, -0.396948
6.98, 1.958462, -0.405255
6.981, 1.958462, -0.405255
6.982, 1.958462, -0.405255
6.983, 1.958462, -0.405255
6.984, 1.958462, -0.405255
6.985, 1.958462, -0.405255
6.986, 1.958462, -0.405255
6.987, 1.958462, -0.405255
6.988, 1.958462, -0.405255
6.989, 1.958462, -0.405255
6.99, 1.954409, -0.413348
6.991, 1.954409, -0.413348
6.992, 1.954409, -0.413348
6.993, 1.954409, -0.413348
6.994, 1.954409, -0.413348
6.995, 1.954409, -0.413348
6.996, 1.954409, -0.413348
6.997, 1.954409, -0.413348
6.998, 1.954409, -0.413348
6.999, 1.954409, -0.413348
7, 1.950276, -0.421237
7.001, 1.950276, -0.421237
7.002, 1.950276, -0.421237
7.003, 1.950276, -0.421237
7.004, 1.950276, -0.421237
7.005, 1.950276, -0.421237
7.006, 1.950276, -0.421237
7.007, 1.950276, -0.421237
7.008, 1.950276, -0.421237
7.009, 1.950276, -0.421237
7.01, 1.946063, -0.428930
7.011, 1.946063, -0.428930
7.012, 1.946063, -0.428930
7.013, 1.946063, -0.428930
7.014, 1.946063, -0.428930
7.015, 1.946063, -0.428930
7.016, 1.946063, -0.428930
7.017, 1.946063, -0.428930
7.018, 1.946063, -0.428930
7.019, 1.946063, -0.428930
7.02, 1.941774, -0.436436
7.021, 1.941774, -0.436436
7.022, 1.941774, -0.436436
7.023, 1.941774, -0.436436
7.024, 1.941774, -0.436436
7.025, 1.941774, -0.436436
7.026, 1.941774, -0.436436
7.027, 1.941774, -0.436436
7.028, 1.941774, -0.436436
7.029, 1.941774, -0.436436
7.03, 1.937410, -0.443762
7.031, 1.937410, -0.443762
7.032, 1.937410, -0.443762
7.033, 1.937410, -0.443762
7.034, 1.937410, -0.443762
7.035, 1.937410, -0.443762
7.036, 1.937410, -0.443762
7.037, 1.937410, -0.443762
7.038, 1.937410, -0.443762
7.039, 1.937410, -0.443762
7.04, 1.932972, -0.450917
7.041, 1.932972, -0.450917
7.042, 1.932972, -0.450917
7.043, 1.932972, -0.450917
7.044, 1.932972, -0.450917
7.045, 1.932972, -0.450917
7.046, 1.932972, -0.450917
7.047, 1.932972, -0.450917
7.048, 1.932972, -0.450917
7.049, 1.932972, -0.450917
7.05, 1.928463, -0.457908
7.051, 1.928463, -0.457908
7.052, 1.928463, -0.457908
7.053, 1.928463, -0.457908
7.054, 1.928463, -0.457908
7.055, 1.928463, -0.457908
7.056, 1.928463, -0.457908
7.057, 1.928463, -0.457908
7.058, 1.928463, -0.457908
7.059, 1.928463, -0.457908
7.06, 1.923884, -0.464742
7.061, 1.923884, -0.464742
7.062, 1.923884, -0.464742
7.063, 1.923884, -0.464742
7.064, 1.923884, -0.464742
7.065, 1.923884, -0.464742
7.066, 1.923884, -0.464742
7.067, 1.923884, -0.464742
7.068, 1.923884, -0.464742
7.069, 1.923884, -0.464742
7.07, 1.919236, -0.471427
7.071, 1.919236, -0.471427
7.072, 1.919236, -0.471427
7.073, 1.919236, -0.471427
7.074, 1.919236, -0.471427
7.075, 1.919236, -0.471427
7.076, 1.919236, -0.471427
7.077, 1.919236, -0.471427
7.078, 1.919236, -0.471427
7.079, 1.919236, -0.471427
7.08, 1.914522, -0.477969
7.081, 1.914522, -0.477969
7.082, 1.914522, -0.477969
7.083, 1.914522, -0.477969
7.084, 1.914522, -0.477969
7.085, 1.914522, -0.477969
7.086, 1.914522, -0.477969
7.087, 1.914522, -0.477969
7.088, 1.914522, -0.477969
7.089, 1.914522, -0.477969
7.09, 1.909742, -0.484374
7.091, 1.909742, -0.484374
7.092, 1.909742, -0.484374
7.093, 1.909742, -0.484374
7.094, 1.909742, -0.484374
7.095, 1.909742, -0.484374
7.096, 1.909742, -0.484374
7.097, 1.909742, -0.484374
7.098, 1.909742, -0.484374
7.099, 1.909742, -0.484374
7.1, 1.904899, -0.490650
7.101, 1.904899, -0.490650
7.102, 1.904899, -0.490650
7.103, 1.904899, -0.490650
7.104, 1.904899, -0.490650
7.105, 1.904899, -0.490650
7.106, 1.904899, -0.490650
7.107, 1.904899, -0.490650
7.108, 1.904899, -0.490650
7.109, 1.904899, -0.490650
7.11, 1.899992, -0.496801
7.111, 1.899992, -0.496801
7.112, 1.899992, -0.496801
7.113, 1.899992, -0.496801
7.114, 1.899992, -0.496801
7.115, 1.899992, -0.496801
7.116, 1.899992, -0.496801
7.117, 1.899992, -0.496801
7.118, 1.899992, -0.496801
7.119, 1.899992, -0.496801
7.12, 1.895024, -0.502835
7.121, 1.895024, -0.502835
7.122, 1.895024, -0.502835
7.123, 1.895024, -0.502835
7.124, 1.895024, -0.502835
7.125, 1.895024, -0.502835
7.126, 1.895024, -0.502835
7.127, 1.895024, -0.502835
7.128, 1.895024, -0.502835
7.129, 1.895024, -0.502835
7.13, 1.889996, -0.508756
7.131, 1.889996, -0.508756
7.132, 1.889996, -0.508756
7.133, 1.889996, -0.508756
7.134, 1.889996, -0.508756
7.135, 1.889996, -0.508756
7.136, 1.889996, -0.508756
7.137, 1.889996, -0.508756
7.138, 1.889996, -0.508756
7.139, 1.889996, -0.508756
7.14, 1.884908, -0.514570
7.141, 1.884908, -0.514570
7.142, 1.884908, -0.514570
7.143, 1.884908, -0.514570
7.144, 1.884908, -0.514570
7.145, 1.884908, -0.514570
7.146, 1.884908, -0.514570
7.147, 1.884908, -0.514570
7.148, 1.884908, -0.514570
7.149, 1.884908, -0.514570
7.15, 1.879762, -0.520283
7.151, 1.879762, -0.520283
7.152, 1.879762, -0.520283
7.153, 1.879762, -0.520283
7.154, 1.879762, -0.520283
7.155, 1.879762, -0.520283
7.156, 1.879762, -0.520283
7.157, 1.879762, -0.520283
7.158, 1.879762, -0.520283
7.159, 1.879762, -0.520283
7.16, 1.874560, -0.525899
7.161, 1.874560, -0.525899
7.162, 1.874560, -0.525899
7.163, 1.874560, -0.525899
7.164, 1.874560, -0.525899
7.165, 1.874560, -0.525899
7.166, 1.874560, -0.525899
7.167, 1.874560, -0.525899
7.168, 1.874560, -0.525899
7.169, 1.874560, -0.525899
7.17, 1.869301, -0.531424
7.171, 1.869301, -0.531424
7.172, 1.869301, -0.531424
7.173, 1.869301, -0.531424
7.174, 1.869301, -0.531424
7.175, 1.869301, -0.531424
7.176, 1.869301, -0.531424
7.177, 1.869301, -0.531424
7.178, 1.869301, -0.531424
7.179, 1.869301, -0.531424
7.18, 1.863986, -0.536862
7.181, 1.863986, -0.536862
7.182, 1.863986, -0.536862
7.183, 1.863986, -0.536862
7.184, 1.863986, -0.536862
7.185, 1.863986, -0.536862
7.186, 1.863986, -0.536862
7.187, 1.863986, -0.536862
7.188, 1.863986, -0.536862
7.189, 1.863986, -0.536862
7.19, 1.858618, -0.542217
7.191, 1.858618, -0.542217
7.192, 1.858618, -0.542217
7.193, 1.858618, -0.542217
7.194, 1.858618, -0.542217
7.195, 1.858618, -0.542217
7.196, 1.858618, -0.542217
7.197, 1.858618, -0.542217
7.198, 1.858618, -0.542217
7.199, 1.858618, -0.542217
7.2, 1.853196, -0.547495
7.201, 1.853196, -0.547495
7.202, 1.853196, -0.547495
7.203, 1.853196, -0.547495
7.204, 1.853196, -0.547495
7.205, 1.853196, -0.547495
7.206, 1.853196, -0.547495
7.207, 1.853196, -0.547495
7.208, 1.853196, -0.547495
7.209, 1.853196, -0.547495
7.21, 1.847721, -0.552699
7.211, 1.847721, -0.552699
7.212, 1.847721, -0.552699
7.213, 1.847721, -0.552699
7.214, 1.847721, -0.552699
7.215, 1.847721, -0.552699
7.216, 1.847721, -0.552699
7.217, 1.847721, -0.552699
7.218, 1.847721, -0.552699
7.219, 1.847721, -0.552699
7.22, 1.842194, -0.557834
7.221, 1.842194, -0.557834
7.222, 1.842194, -0.557834
7.223, 1.842194, -0.557834
7.224, 1.842194, -0.557834
7.225, 1.842194, -0.557834
7.226, 1.842194, -0.557834
7.227, 1.842194, -0.557834
7.228, 1.842194, -0.557834
7.229, 1.842194, -0.557834
7.23, 1.836615, -0.562903
7.231, 1.836615, -0.562903
7.232, 1.836615, -0.562903
7.233, 1.836615, -0.562903
7.234, 1.836615, -0.562903
7.235, 1.836615, -0.562903
7.236, 1.836615, -0.562903
7.237, 1.836615, -0.562903
7.238, 1.836615, -0.562903
7.239, 1.836615, -0.562903
7.24, 1.830986, -0.567910
7.241, 1.830986, -0.567910
7.242, 1.830986, -0.567910
7.243, 1.830986, -0.567910
7.244, 1.830986, -0.567910
7.245, 1.830986, -0.567910
7.246, 1.830986, -0.567910
7.247, 1.830986, -0.567910
7.248, 1.830986, -0.567910
7.249, 1.830986, -0.567910
7.25, 1.825307, -0.572860
7.251, 1.825307, -0.572860
7.252, 1.825307, -0.572860
7.253, 1.825307, -0.572860
7.254, 1.825307, -0.572860
7.255, 1.825307, -0.572860
7.256, 1.825307, -0.572860
7.257, 1.825307, -0.572860
7.258, 1.825307, -0.572860
7.259, 1.825307, -0.572860
7.26, 1.819579, -0.577755
7.261, 1.819579, -0.577755
7.262, 1.819579, -0.577755
7.263, 1.819579, -0.577755
7.264, 1.819579, -0.577755
7.265, 1.819579, -0.577755
7.266, 1.819579, -0.577755
7.267, 1.819579, -0.577755
7.268, 1.819579, -0.577755
7.269, 1.819579, -0.577755
7.27, 1.813801, -0.582600
7.271, 1.813801, -0.582600
7.272, 1.813801, -0.582600
7.273, 1.813801, -0.582600
7.274, 1.813801, -0.582600
7.275, 1.813801, -0.582600
7.276, 1.813801, -0.582600
7.277, 1.813801, -0.582600
7.278, 1.813801, -0.582600
7.279, 1.813801, -0.582600
7.28, 1.807975, -0.587397
7.281, 1.807975, -0.587397
7.282, 1.807975, -0.587397
7.283, 1.807975, -0.587397
7.284, 1.807975, -0.587397
7.285, 1.807975, -0.587397
7.286, 1.807975, -0.587397
7.287, 1.807975, -0.587397
7.288, 1.807975, -0.587397
7.289, 1.807975, -0.587397
7.29, 1.802101, -0.592150
7.291, 1.802101, -0.592150
7.292, 1.802101, -0.592150
7.293, 1.802101, -0.592150
7.294, 1.802101, -0.592150
7.295, 1.802101, -0.592150
7.296, 1.802101, -0.592150
7.297, 1.802101, -0.592150
7.298, 1.802101, -0.592150
7.299, 1.802101, -0.592150
7.3, 1.796180, -0.596862
7.301, 1.796180, -0.596862
7.302, 1.796180, -0.596862
7.303, 1.796180, -0.596862
7.304, 1.796180, -0.596862
7.305, 1.796180, -0.596862
7.306, 1.796180, -0.596862
7.307, 1.796180, -0.596862
7.308, 1.796180, -0.596862
7.309, 1.796180, -0.596862
7.31, 1.790211, -0.601536
7.311, 1.790211, -0.601536
7.312, 1.790211, -0.601536
7.313, 1.790211, -0.601536
7.314, 1.790211, -0.601536
7.315, 1.790211, -0.601536
7.316, 1.790211, -0.601536
7.317, 1.790211, -0.601536
7.318, 1.790211, -0.601536
7.319, 1.790211, -0.601536
7.32, 1.784196, -0.606176
7.321, 1.784196, -0.606176
7.322, 1.784196, -0.606176
7.323, 1.784196, -0.606176
7.324, 1.784196, -0.606176
7.325, 1.784196, -0.606176
7.326, 1.784196, -0.606176
7.327, 1.784196, -0.606176
7.328, 1.784196, -0.606176
7.329, 1.784196, -0.606176
7.33, 1.778134, -0.610783
7.331, 1.778134, -0.610783
7.332, 1.778134, -0.610783
7.333, 1.778134, -0.610783
7.334, 1.778134, -0.610783
7.335, 1.778134, -0.610783
7.336, 1.778134, -0.610783
7.337, 1.778134, -0.610783
7.338, 1.778134, -0.610783
7.339, 1.778134, -0.610783
7.34, 1.772026, -0.615360
7.341, 1.772026, -0.615360
7.342, 1.772026, -0.615360
7.343, 1.772026, -0.615360
7.344, 1.772026, -0.615360
7.345, 1.772026, -0.615360
7.346, 1.772026, -0.615360
7.347, 1.772026, -0.615360
7.348, 1.772026, -0.615360
7.349, 1.772026, -0.615360
7.35, 1.765872, -0.619911
7.351, 1.765872, -0.619911
7.352, 1.765872, -0.619911
7.353, 1.765872, -0.619911
7.354, 1.765872, -0.619911
7.355, 1.765872, -0.619911
7.356, 1.765872, -0.619911
7.357, 1.765872, -0.619911
7.358, 1.765872, -0.619911
7.359, 1.765872, -0.619911
7.36, 1.759673, -0.624438
7.361, 1.759673, -0.624438
7.362, 1.759673, -0.624438
7.363, 1.759673, -0.624438
7.364, 1.759673, -0.624438
7.365, 1.759673, -0.624438
7.366, 1.759673, -0.624438
7.367, 1.759673, -0.624438
7.368, 1.759673, -0.624438
7.369, 1.759673, -0.624438
7.37, 1.753429, -0.628944
7.371, 1.753429, -0.628944
7.372, 1.753429, -0.628944
7.373, 1.753429, -0.628944
7.374, 1.753429, -0.628944
7.375, 1.753429, -0.628944
7.376, 1.753429, -0.628944
7.377, 1.753429, -0.628944
7.378, 1.753429, -0.628944
7.379, 1.753429, -0.628944
7.38, 1.747139, -0.633431
7.381, 1.747139, -0.633431
7.382, 1.747139, -0.633431
7.383, 1.747139, -0.633431
7.384, 1.747139, -0.633431
7.385, 1.747139, -0.633431
7.386, 1.747139, -0.633431
7.387, 1.747139, -0.633431
7.388, 1.747139, -0.633431
7.389, 1.747139, -0.633431
7.39, 1.740805, -0.637901
7.391, 1.740805, -0.637901
7.392, 1.740805, -0.637901
7.393, 1.740805, -0.637901
7.394, 1.740805, -0.637901
7.395, 1.740805, -0.637901
7.396, 1.740805, -0.637901
7.397, 1.740805, -0.637901
7.398, 1.740805, -0.637901
7.399, 1.740805, -0.637901
7.4, 1.734426, -0.642357
7.401, 1.734426, -0.642357
7.402, 1.734426, -0.642357
7.403, 1.734426, -0.642357
7.404, 1.734426, -0.642357
7.405, 1.734426, -0.642357
7.406, 1.734426, -0.642357
7.407, 1.734426, -0.642357
7.408, 1.734426, -0.642357
7.409, 1.734426, -0.642357
7.41, 1.728003, -0.646801
7.411, 1.728003, -0.646801
7.412, 1.728003, -0.646801
7.413, 1.728003, -0.646801
7.414, 1.728003, -0.646801
7.415, 1.728003, -0.646801
7.416, 1.728003, -0.646801
7.417, 1.728003, -0.646801
7.418, 1.728003, -0.646801
7.419, 1.728003, -0.646801
7.42, 1.721535, -0.651236
7.421, 1.721535, -0.651236
7.422, 1.721535, -0.651236
7.423, 1.721535, -0.651236
7.424, 1.721535, -0.651236
7.425, 1.721535, -0.651236
7.426, 1.721535, -0.651236
7.427, 1.721535, -0.651236
7.428, 1.721535, -0.651236
7.429, 1.721535, -0.651236
7.43, 1.715022, -0.655663
7.431, 1.715022, -0.655663
7.432, 1.715022, -0.655663
7.433, 1.715022, -0.655663
7.434, 1.715022, -0.655663
7.435, 1.715022, -0.655663
7.436, 1.715022, -0.655663
7.437, 1.715022, -0.655663
7.438, 1.715022, -0.655663
7.439, 1.715022, -0.655663
7.44, 1.708466, -0.660085
7.441, 1.708466, -0.660085
7.442, 1.708466, -0.660085
7.443, 1.708466, -0.660085
7.444, 1.708466, -0.660085
7.445, 1.708466, -0.660085
7.446, 1.708466, -0.660085
7.447, 1.708466, -0.660085
7.448, 1.708466, -0.660085
7.449, 1.708466, -0.660085
7.45, 1.701865, -0.664504
7.451, 1.701865, -0.664504
7.452, 1.701865, -0.664504
7.453, 1.701865, -0.664504
7.454, 1.701865, -0.664504
7.455, 1.701865, -0.664504
7.456, 1.701865, -0.664504
7.457, 1.701865, -0.664504
7.458, 1.701865, -0.664504
7.459, 1.701865, -0.664504
7.46, 1.695220, -0.668921
7.461, 1.695220, -0.668921
7.462, 1.695220, -0.668921
7.463, 1.695220, -0.668921
7.464, 1.695220, -0.668921
7.465, 1.695220, -0.668921
7.466, 1.695220, -0.668921
7.467, 1.695220, -0.668921
7.468, 1.695220, -0.668921
7.469, 1.695220, -0.668921
7.47, 1.688530, -0.673339
7.471, 1.688530, -0.673339
7.472, 1.688530, -0.673339
7.473, 1.688530, -0.673339
7.474, 1.688530, -0.673339
7.475, 1.688530, -0.673339
7.476, 1.688530, -0.673339
7.477, 1.688530, -0.673339
7.478, 1.688530, -0.673339
7.479, 1.688530, -0.673339
7.48, 1.681797, -0.677760
7.481, 1.681797, -0.677760
7.482, 1.681797, -0.677760
7.483, 1.681797, -0.677760
7.484, 1.681797, -0.677760
7.485, 1.681797, -0.677760
7.486, 1.681797, -0.677760
7.487, 1.681797, -0.677760
7.488, 1.681797, -0.677760
7.489, 1.681797, -0.677760
7.49, 1.675019, -0.682186
7.491, 1.675019, -0.682186
7.492, 1.675019, -0.682186
7.493, 1.675019, -0.682186
7.494, 1.675019, -0.682186
7.495, 1.675019, -0.682186
7.496, 1.675019, -0.682186
7.497, 1.675019, -0.682186
7.498, 1.675019, -0.682186
7.499, 1.675019, -0.682186
7.5, 1.668198, -0.686618
7.501, 1.668198, -0.686618
7.502, 1.668198, -0.686618
7.503, 1.668198, -0.686618
7.504, 1.668198, -0.686618
7.505, 1.668198, -0.686618
7.506, 1.668198, -0.686618
7.507, 1.668198, -0.686618
7.508, 1.668198, -0.686618
7.509, 1.668198, -0.686618
7.51, 1.661331, -0.691058
7.511, 1.661331, -0.691058
7.512, 1.661331, -0.691058
7.513, 1.661331, -0.691058
7.514, 1.661331, -0.691058
7.515, 1.661331, -0.691058
7.516, 1.661331, -0.691058
7.517, 1.661331, -0.691058
7.518, 1.661331, -0.691058
7.519, 1.661331, -0.691058
7.52, 1.654421, -0.695509
7.521, 1.654421, -0.695509
7.522, 1.654421, -0.695509
7.523, 1.654421, -0.695509
7.524, 1.654421, -0.695509
7.525, 1.654421, -0.695509
7.526, 1.654421, -0.695509
7.527, 1.654421, -0.695509
7.528, 1.654421, -0.695509
7.529, 1.654421, -0.695509
7.53, 1.647466, -0.699971
7.531, 1.647466, -0.699971
7.532, 1.647466, -0.699971
7.533, 1.647466, -0.699971
7.534, 1.647466, -0.699971
7.535, 1.647466, -0.699971
7.536, 1.647466, -0.699971
7.537, 1.647466, -0.699971
7.538, 1.647466, -0.699971
7.539, 1.647466, -0.699971
7.54, 1.640466, -0.704447
7.541, 1.640466, -0.704447
7.542, 1.640466, -0.704447
7.543, 1.640466, -0.704447
7.544, 1.640466, -0.704447
7.545, 1.640466, -0.704447
7.546, 1.640466, -0.704447
7.547, 1.640466, -0.704447
7.548, 1.640466, -0.704447
7.549, 1.640466, -0.704447
7.55, 1.633422, -0.708939
7.551, 1.633422, -0.708939
7.552, 1.633422, -0.708939
7.553, 1.633422, -0.708939
7.554, 1.633422, -0.708939
7.555, 1.633422, -0.708939
7.556, 1.633422, -0.708939
7.557, 1.633422, -0.708939
7.558, 1.633422, -0.708939
7.559, 1.633422, -0.708939
7.56, 1.626332, -0.713447
7.561, 1.626332, -0.713447
7.562, 1.626332, -0.713447
7.563, 1.626332, -0.713447
7.564, 1.626332, -0.713447
7.565, 1.626332, -0.713447
7.566, 1.626332, -0.713447
7.567, 1.626332, -0.713447
7.568, 1.626332, -0.713447
7.569, 1.626332, -0.713447
7.57, 1.619198, -0.717975
7.571, 1.619198, -0.717975
7.572, 1.619198, -0.717975
7.573, 1.619198, -0.717975
7.574, 1.619198, -0.717975
7.575, 1.619198, -0.717975
7.576, 1.619198, -0.717975
7.577, 1.619198, -0.717975
7.578, 1.619198, -0.717975
7.579, 1.619198, -0.717975
7.58, 1.612018, -0.722523
7.581, 1.612018, -0.722523
7.582, 1.612018, -0.722523
7.583, 1.612018, -0.722523
7.584, 1.612018, -0.722523
7.585, 1.612018, -0.722523
7.586, 1.612018, -0.722523
7.587, 1.612018, -0.722523
7.588, 1.612018, -0.722523
7.589, 1.612018, -0.722523
7.59, 1.604793, -0.727093
7.591, 1.604793, -0.727093
7.592, 1.604793, -0.727093
7.593, 1.604793, -0.727093
7.594, 1.604793, -0.727093
7.595, 1.604793, -0.727093
7.596, 1.604793, -0.727093
7.597, 1.604793, -0.727093
7.598, 1.604793, -0.727093
7.599, 1.604793, -0.727093
7.6, 1.597522, -0.731686
7.601, 1.597522, -0.731686
7.602, 1.597522, -0.731686
7.603, 1.597522, -0.731686
7.604, 1.597522, -0.731686
7.605, 1.597522, -0.731686
7.606, 1.597522, -0.731686
7.607, 1.597522, -0.731686
7.608, 1.597522, -0.731686
7.609, 1.597522, -0.731686
7.61, 1.590205, -0.736305
7.611, 1.590205, -0.736305
7.612, 1.590205, -0.736305
7.613, 1.590205, -0.736305
7.614, 1.590205, -0.736305
7.615, 1.590205, -0.736305
7.616, 1.590205, -0.736305
7.617, 1.590205, -0.736305
7.618, 1.590205, -0.736305
7.619, 1.590205, -0.736305
7.62, 1.582842, -0.740951
7.621, 1.582842, -0.740951
7.622, 1.582842, -0.740951
7.623, 1.582842, -0.740951
7.624, 1.582842, -0.740951
7.625, 1.582842, -0.740951
7.626, 1.582842, -0.740951
7.627, 1.582842, -0.740951
7.628, 1.582842, -0.740951
7.629, 1.582842, -0.740951
7.63, 1.575432, -0.745625
7.631, 1.575432, -0.745625
7.632, 1.575432, -0.745625
7.633, 1.575432, -0.745625
7.634, 1.575432, -0.745625
7.635, 1.575432, -0.745625
7.636, 1.575432, -0.745625
7.637, 1.575432, -0.745625
7.638, 1.575432, -0.745625
7.639, 1.575432, -0.745625
7.64, 1.567976, -0.750329
7.641, 1.567976, -0.750329
7.642, 1.567976, -0.750329
7.643, 1.567976, -0.750329
7.644, 1.567976, -0.750329
7.645, 1.567976, -0.750329
7.646, 1.567976, -0.750329
7.647, 1.567976, -0.750329
7.648, 1.567976, -0.750329
7.649, 1.567976, -0.750329
7.65, 1.560473, -0.755065
7.651, 1.560473, -0.755065
7.652, 1.560473, -0.755065
7.653, 1.560473, -0.755065
7.654, 1.560473, -0.755065
7.655, 1.560473, -0.755065
7.656, 1.560473, -0.755065
7.657, 1.560473, -0.755065
7.658, 1.560473, -0.755065
7.659, 1.560473, -0.755065
7.66, 1.552922, -0.759834
7.661, 1.552922, -0.759834
7.662, 1.552922, -0.759834
7.663, 1.552922, -0.759834
7.664, 1.552922, -0.759834
7.665, 1.552922, -0.759834
7.666, 1.552922, -0.759834
7.667, 1.552922, -0.759834
7.668, 1.552922, -0.759834
7.669, 1.552922, -0.759834
7.67, 1.545324, -0.764638
7.671, 1.545324, -0.764638
7.672, 1.545324, -0.764638
7.673, 1.545324, -0.764638
7.674, 1.545324, -0.764638
7.675, 1.545324, -0.764638
7.676, 1.545324, -0.764638
7.677, 1.545324, -0.764638
7.678, 1.545324, -0.764638
7.679, 1.545324, -0.764638
7.68, 1.537677, -0.769478
7.681, 1.537677, -0.769478
7.682, 1.537677, -0.769478
7.683, 1.537677, -0.769478
7.684, 1.537677, -0.769478
7.685, 1.537677, -0.769478
7.686, 1.537677, -0.769478
7.687, 1.537677, -0.769478
7.688, 1.537677, -0.769478
7.689, 1.537677, -0.769478
7.69, 1.529983, -0.774355
7.691, 1.529983, -0.774355
7.692, 1.529983, -0.774355
7.693, 1.529983, -0.774355
7.694, 1.529983, -0.774355
7.695, 1.529983, -0.774355
7.696, 1.529983, -0.774355
7.697, 1.529983, -0.774355
7.698, 1.529983, -0.774355
7.699, 1.529983, -0.774355
7.7, 1.522239, -0.779272
7.701, 1.522239, -0.779272
7.702, 1.522239, -0.779272
7.703, 1.522239, -0.779272
7.704, 1.522239, -0.779272
7.705, 1.522239, -0.779272
7.706, 1.522239, -0.779272
7.707, 1.522239, -0.779272
7.708, 1.522239, -0.779272
7.709, 1.522239, -0.779272
7.71, 1.514446, -0.784230
7.711, 1.514446, -0.784230
7.712, 1.514446, -0.784230
7.713, 1.514446, -0.784230
7.714, 1.514446, -0.784230
7.715, 1.514446, -0.784230
7.716, 1.514446, -0.784230
7.717, 1.514446, -0.784230
7.718, 1.514446, -0.784230
7.719, 1.514446, -0.784230
7.72, 1.506604, -0.789230
7.721, 1.506604, -0.789230
7.722, 1.506604, -0.789230
7.723, 1.506604, -0.789230
7.724, 1.506604, -0.789230
7.725, 1.506604, -0.789230
7.726, 1.506604, -0.789230
7.727, 1.506604, -0.789230
7.728, 1.506604, -0.789230
7.729, 1.506604, -0.789230
7.73, 1.498712, -0.794274
7.731, 1.498712, -0.794274
7.732, 1.498712, -0.794274
7.733, 1.498712, -0.794274
7.734, 1.498712, -0.794274
7.735, 1.498712, -0.794274
7.736, 1.498712, -0.794274
7.737, 1.498712, -0.794274
7.738, 1.498712, -0.794274
7.739, 1.498712, -0.794274
7.74, 1.490769, -0.799363
7.741, 1.490769, -0.799363
7.742, 1.490769, -0.799363
7.743, 1.490769, -0.799363
7.744, 1.490769, -0.799363
7.745, 1.490769, -0.799363
7.746, 1.490769, -0.799363
7.747, 1.490769, -0.799363
7.748, 1.490769, -0.799363
7.749, 1.490769, -0.799363
7.75, 1.482775, -0.804500
7.751, 1.482775, -0.804500
7.752, 1.482775, -0.804500
7.753, 1.482775, -0.804500
7.754, 1.482775, -0.804500
7.755, 1.482775, -0.804500
7.756, 1.482775, -0.804500
7.757, 1.482775, -0.804500
7.758, 1.482775, -0.804500
7.759, 1.482775, -0.804500
7.76, 1.474730, -0.809684
7.761, 1.474730, -0.809684
7.762, 1.474730, -0.809684
7.763, 1.474730, -0.809684
7.764, 1.474730, -0.809684
7.765, 1.474730, -0.809684
7.766, 1.474730, -0.809684
7.767, 1.474730, -0.809684
7.768, 1.474730, -0.809684
7.769, 1.474730, -0.809684
7.77, 1.466634, -0.814919
7.771, 1.466634, -0.814919
7.772, 1.466634, -0.814919
7.773, 1.466634, -0.814919
7.774, 1.466634, -0.814919
7.775, 1.466634, -0.814919
7.776, 1.466634, -0.814919
7.777, 1.466634, -0.814919
7.778, 1.466634, -0.814919
7.779, 1.466634, -0.814919
7.78, 1.458484, -0.820206
7.781, 1.458484, -0.820206
7.782, 1.458484, -0.820206
7.783, 1.458484, -0.820206
7.784, 1.458484, -0.820206
7.785, 1.458484, -0.820206
7.786, 1.458484, -0.820206
7.787, 1.458484, -0.820206
7.788, 1.458484, -0.820206
7.789, 1.458484, -0.820206
7.79, 1.450282, -0.825546
7.791, 1.450282, -0.825546
7.792, 1.450282, -0.825546
7.793, 1.450282, -0.825546
7.794, 1.450282, -0.825546
7.795, 1.450282, -0.825546
7.796, 1.450282, -0.825546
7.797, 1.450282, -0.825546
7.798, 1.450282, -0.825546
7.799, 1.450282, -0.825546
7.8, 1.442027, -0.830940
7.801, 1.442027, -0.830940
7.802, 1.442027, -0.830940
7.803, 1.442027, -0.830940
7.804, 1.442027, -0.830940
7.805, 1.442027, -0.830940
7.806, 1.442027, -0.830940
7.807, 1.442027, -0.830940
7.808, 1.442027, -0.830940
7.809, 1.442027, -0.830940
7.81, 1.433718, -0.836391
7.811, 1.433718, -0.836391
7.812, 1.433718, -0.836391
7.813, 1.433718, -0.836391
7.814, 1.433718, -0.836391
7.815, 1.433718, -0.836391
7.816, 1.433718, -0.836391
7.817, 1.433718, -0.836391
7.818, 1.433718, -0.836391
7.819, 1.433718, -0.836391
7.82, 1.425354, -0.841899
7.821, 1.425354, -0.841899
7.822, 1.425354, -0.841899
7.823, 1.425354, -0.841899
7.824, 1.425354, -0.841899
7.825, 1.425354, -0.841899
7.826, 1.425354, -0.841899
7.827, 1.425354, -0.841899
7.828, 1.425354, -0.841899
7.829, 1.425354, -0.841899
7.83, 1.416935, -0.847468
7.831, 1.416935, -0.847468
7.832, 1.416935, -0.847468
7.833, 1.416935, -0.847468
7.834, 1.416935, -0.847468
7.835, 1.416935, -0.847468
7.836, 1.416935, -0.847468
7.837, 1.416935, -0.847468
7.838, 1.416935, -0.847468
7.839, 1.416935, -0.847468
7.84, 1.408460, -0.853097
7.841, 1.408460, -0.853097
7.842, 1.408460, -0.853097
7.843, 1.408460, -0.853097
7.844, 1.408460, -0.853097
7.845, 1.408460, -0.853097
7.846, 1.408460, -0.853097
7.847, 1.408460, -0.853097
7.848, 1.408460, -0.853097
7.849, 1.408460, -0.853097
7.85, 1.399929, -0.858789
7.851, 1.399929, -0.858789
7.852, 1.399929, -0.858789
7.853, 1.399929, -0.858789
7.854, 1.399929, -0.858789
7.855, 1.399929, -0.858789
7.856, 1.399929, -0.858789
7.857, 1.399929, -0.858789
7.858, 1.399929, -0.858789
7.859, 1.399929, -0.858789
7.86, 1.391341, -0.864546
7.861, 1.391341, -0.864546
7.862, 1.391341, -0.864546
7.863, 1.391341, -0.864546
7.864, 1.391341, -0.864546
7.865, 1.391341, -0.864546
7.866, 1.391341, -0.864546
7.867, 1.391341, -0.864546
7.868, 1.391341, -0.864546
7.869, 1.391341, -0.864546
7.87, 1.382696, -0.870369
7.871, 1.382696, -0.870369
7.872, 1.382696, -0.870369
7.873, 1.382696, -0.870369
7.874, 1.382696, -0.870369
7.875, 1.382696, -0.870369
7.876, 1.382696, -0.870369
7.877, 1.382696, -0.870369
7.878, 1.382696, -0.870369
7.879, 1.382696, -0.870369
7.88, 1.373992, -0.876259
7.881, 1.373992, -0.876259
7.882, 1.373992, -0.876259
7.883, 1.373992, -0.876259
7.884, 1.373992, -0.876259
7.885, 1.373992, -0.876259
7.886, 1.373992, -0.876259
7.887, 1.373992, -0.876259
7.888, 1.373992, -0.876259
7.889, 1.373992, -0.876259
7.89, 1.365229, -0.882219
7.891, 1.365229, -0.882219
7.892, 1.365229, -0.882219
7.893, 1.365229, -0.882219
7.894, 1.365229, -0.882219
7.895, 1.365229, -0.882219
7.896, 1.365229, -0.882219
7.897, 1.365229, -0.882219
7.898, 1.365229, -0.882219
7.899, 1.365229, -0.882219
7.9, 1.356407, -0.888250
7.901, 1.356407, -0.888250
7.902, 1.356407, -0.888250
7.903, 1.356407, -0.888250
7.904, 1.356407, -0.888250
7.905, 1.356407, -0.888250
7.906, 1.356407, -0.888250
7.907, 1.356407, -0.888250
7.908, 1.356407, -0.888250
7.909, 1.356407, -0.888250
7.91, 1.347525, -0.894354
7.911, 1.347525, -0.894354
7.912, 1.347525, -0.894354
7.913, 1.347525, -0.894354
7.914, 1.347525, -0.894354
7.915, 1.347525, -0.894354
7.916, 1.347525, -0.894354
7.917, 1.347525, -0.894354
7.918, 1.347525, -0.894354
7.919, 1.347525, -0.894354
7.92, 1.338581, -0.900533
7.921, 1.338581, -0.900533
7.922, 1.338581, -0.900533
7.923, 1.338581, -0.900533
7.924, 1.338581, -0.900533
7.925, 1.338581, -0.900533
7.926, 1.338581, -0.900533
7.927, 1.338581, -0.900533
7.928, 1.338581, -0.900533
7.929, 1.338581, -0.900533
7.93, 1.329576, -0.906789
7.931, 1.329576, -0.906789
7.932, 1.329576, -0.906789
7.933, 1.329576, -0.906789
7.934, 1.329576, -0.906789
7.935, 1.329576, -0.906789
7.936, 1.329576, -0.906789
7.937, 1.329576, -0.906789
7.938, 1.329576, -0.906789
7.939, 1.329576, -0.906789
7.94, 1.320508, -0.913122
7.941, 1.320508, -0.913122
7.942, 1.320508, -0.913122
7.943, 1.320508, -0.913122
7.944, 1.320508, -0.913122
7.945, 1.320508, -0.913122
7.946, 1.320508, -0.913122
7.947, 1.320508, -0.913122
7.948, 1.320508, -0.913122
7.949, 1.320508, -0.913122
7.95, 1.311377, -0.919536
7.951, 1.311377, -0.919536
7.952, 1.311377, -0.919536
7.953, 1.311377, -0.919536
7.954, 1.311377, -0.919536
7.955, 1.311377, -0.919536
7.956, 1.311377, -0.919536
7.957, 1.311377, -0.919536
7.958, 1.311377, -0.919536
7.959, 1.311377, -0.919536
7.96, 1.302181, -0.926032
7.961, 1.302181, -0.926032
7.962, 1.302181, -0.926032
7.963, 1.302181, -0.926032
7.964, 1.302181, -0.926032
7.965, 1.302181, -0.926032
7.966, 1.302181, -0.926032
7.967, 1.302181, -0.926032
7.968, 1.302181, -0.926032
7.969, 1.302181, -0.926032
7.97, 1.292921, -0.932612
7.971, 1.292921, -0.932612
7.972, 1.292921, -0.932612
7.973, 1.292921, -0.932612
7.974, 1.292921, -0.932612
7.975, 1.292921, -0.932612
7.976, 1.292921, -0.932612
7.977, 1.292921, -0.932612
7.978, 1.292921, -0.932612
7.979, 1.292921, -0.932612
7.98, 1.283595, -0.939277
7.981, 1.283595, -0.939277
7.982, 1.283595, -0.939277
7.983, 1.283595, -0.939277
7.984, 1.283595, -0.939277
7.985, 1.283595, -0.939277
7.986, 1.283595, -0.939277
7.987, 1.283595, -0.939277
7.988, 1.283595, -0.939277
7.989, 1.283595, -0.939277
7.99, 1.274202, -0.946030
7.991, 1.274202, -0.946030
7.992, 1.274202, -0.946030
7.993, 1.274202, -0.946030
7.994, 1.274202, -0.946030
7.995, 1.274202, -0.946030
7.996, 1.274202, -0.946030
7.997, 1.274202, -0.946030
7.998, 1.274202, -0.946030
7.999, 1.274202, -0.946030
8, 1.264742, -0.952873
8.001, 1.264742, -0.952873
8.002, 1.264742, -0.952873
8.003, 1.264742, -0.952873
8.004, 1.264742, -0.952873
8.005, 1.264742, -0.952873
8.006, 1.264742, -0.952873
8.007, 1.264742, -0.952873
8.008, 1.264742, -0.952873
8.009, 1.264742, -0.952873
8.01, 1.255213, -0.959807
8.011, 1.255213, -0.959807
8.012, 1.255213, -0.959807
8.013, 1.255213, -0.959807
8.014, 1.255213, -0.959807
8.015, 1.255213, -0.959807
8.016, 1.255213, -0.959807
8.017, 1.255213, -0.959807
8.018, 1.255213, -0.959807
8.019, 1.255213, -0.959807
8.02, 1.245615, -0.966835
8.021, 1.245615, -0.966835
8.022, 1.245615, -0.966835
8.023, 1.245615, -0.966835
8.024, 1.245615, -0.966835
8.025, 1.245615, -0.966835
8.026, 1.245615, -0.966835
8.027, 1.245615, -0.966835
8.028, 1.245615, -0.966835
8.029, 1.245615, -0.966835
8.03, 1.235947, -0.973958
8.031, 1.235947, -0.973958
8.032, 1.235947, -0.973958
8.033, 1.235947, -0.973958
8.034, 1.235947, -0.973958
8.035, 1.235947, -0.973958
8.036, 1.235947, -0.973958
8.037, 1.235947, -0.973958
8.038, 1.235947, -0.973958
8.039, 1.235947, -0.973958
8.04, 1.226207, -0.981180
8.041, 1.226207, -0.981180
8.042, 1.226207, -0.981180
8.043, 1.226207, -0.981180
8.044, 1.226207, -0.981180
8.045, 1.226207, -0.981180
8.046, 1.226207, -0.981180
8.047, 1.226207, -0.981180
8.048, 1.226207, -0.981180
8.049, 1.226207, -0.981180
8.05, 1.216395, -0.988501
8.051, 1.216395, -0.988501
8.052, 1.216395, -0.988501
8.053, 1.216395, -0.988501
8.054, 1.216395, -0.988501
8.055, 1.216395, -0.988501
8.056, 1.216395, -0.988501
8.057, 1.216395, -0.988501
8.058, 1.216395, -0.988501
8.059, 1.216395, -0.988501
8.06, 1.206510, -0.995924
8.061, 1.206510, -0.995924
8.062, 1.206510, -0.995924
8.063, 1.206510, -0.995924
8.064, 1.206510, -0.995924
8.065, 1.206510, -0.995924
8.066, 1.206510, -0.995924
8.067, 1.206510, -0.995924
8.068, 1.206510, -0.995924
8.069, 1.206510, -0.995924
8.07, 1.196551, -1.003451
8.071, 1.196551, -1.003451
8.072, 1.196551, -1.003451
8.073, 1.196551, -1.003451
8.074, 1.196551, -1.003451
8.075, 1.196551, -1.003451
8.076, 1.196551, -1.003451
8.077, 1.196551, -1.003451
8.078, 1.196551, -1.003451
8.079, 1.196551, -1.003451
8.08, 1.186517, -1.011084
8.081, 1.186517, -1.011084
8.082, 1.186517, -1.011084
8.083, 1.186517, -1.011084
8.084, 1.186517, -1.011084
8.085, 1.186517, -1.011084
8.086, 1.186517, -1.011084
8.087, 1.186517, -1.011084
8.088, 1.186517, -1.011084
8.089, 1.186517, -1.011084
8.09, 1.176406, -1.018826
8.091, 1.176406, -1.018826
8.092, 1.176406, -1.018826
8.093, 1.176406, -1.018826
8.094, 1.176406, -1.018826
8.095, 1.176406, -1.018826
8.096, 1.176406, -1.018826
8.097, 1.176406, -1.018826
8.098, 1.176406, -1.018826
8.099, 1.176406, -1.018826
8.1, 1.166217, -1.026678
8.101, 1.166217, -1.026678
8.102, 1.166217, -1.026678
8.103, 1.166217, -1.026678
8.104, 1.166217, -1.026678
8.105, 1.166217, -1.026678
8.106, 1.166217, -1.026678
8.107, 1.166217, -1.026678
8.108, 1.166217, -1.026678
8.109, 1.166217, -1.026678
8.11, 1.155951, -1.034644
8.111, 1.155951, -1.034644
8.112, 1.155951, -1.034644
8.113, 1.155951, -1.034644
8.114, 1.155951, -1.034644
8.115, 1.155951, -1.034644
8.116, 1.155951, -1.034644
8.117, 1.155951, -1.034644
8.118, 1.155951, -1.034644
8.119, 1.155951, -1.034644
8.12, 1.145604, -1.042724
8.121, 1.145604, -1.042724
8.122, 1.145604, -1.042724
8.123, 1.145604, -1.042724
8.124, 1.145604, -1.042724
8.125, 1.145604, -1.042724
8.126, 1.145604, -1.042724
8.127, 1.145604, -1.042724
8.128, 1.145604, -1.042724
8.129, 1.145604, -1.042724
8.13, 1.135177, -1.050923
8.131, 1.135177, -1.050923
8.132, 1.135177, -1.050923
8.133, 1.135177, -1.050923
8.134, 1.135177, -1.050923
8.135, 1.135177, -1.050923
8.136, 1.135177, -1.050923
8.137, 1.135177, -1.050923
8.138, 1.135177, -1.050923
8.139, 1.135177, -1.050923
8.14, 1.124668, -1.059241
8.141, 1.124668, -1.059241
8.142, 1.124668, -1.059241
8.143, 1.124668, -1.059241
8.144, 1.124668, -1.059241
8.145, 1.124668, -1.059241
8.146, 1.124668, -1.059241
8.147, 1.124668, -1.059241
8.148, 1.124668, -1.059241
8.149, 1.124668, -1.059241
8.15, 1.114075, -1.067682
8.151, 1.114075, -1.067682
8.152, 1.114075, -1.067682
8.153, 1.114075, -1.067682
8.154, 1.114075, -1.067682
8.155, 1.114075, -1.067682
8.156, 1.114075, -1.067682
8.157, 1.114075, -1.067682
8.158, 1.114075, -1.067682
8.159, 1.114075, -1.067682
8.16, 1.103399, -1.076248
8.161, 1.103399, -1.076248
8.162, 1.103399, -1.076248
8.163, 1.103399, -1.076248
8.164, 1.103399, -1.076248
8.165, 1.103399, -1.076248
8.166, 1.103399, -1.076248
8.167, 1.103399, -1.076248
8.168, 1.103399, -1.076248
8.169, 1.103399, -1.076248
8.17, 1.092636, -1.084942
8.171, 1.092636, -1.084942
8.172, 1.092636, -1.084942
8.173, 1.092636, -1.084942
8.174, 1.092636, -1.084942
8.175, 1.092636, -1.084942
8.176, 1.092636, -1.084942
8.177, 1.092636, -1.084942
8.178, 1.092636, -1.084942
8.179, 1.092636, -1.084942
8.18, 1.081787, -1.093765
8.181, 1.081787, -1.093765
8.182, 1.081787, -1.093765
8.183, 1.081787, -1.093765
8.184, 1.081787, -1.093765
8.185, 1.081787, -1.093765
8.186, 1.081787, -1.093765
8.187, 1.081787, -1.093765
8.188, 1.081787, -1.093765
8.189, 1.081787, -1.093765
8.19, 1.070849, -1.102720
8.191, 1.070849, -1.102720
8.192, 1.070849, -1.102720
8.193, 1.070849, -1.102720
8.194, 1.070849, -1.102720
8.195, 1.070849, -1.102720
8.196, 1.070849, -1.102720
8.197, 1.070849, -1.102720
8.198, 1.070849, -1.102720
8.199, 1.070849, -1.102720
8.2, 1.059822, -1.111811
8.201, 1.059822, -1.111811
8.202, 1.059822, -1.111811
8.203, 1.059822, -1.111811
8.204, 1.059822, -1.111811
8.205, 1.059822, -1.111811
8.206, 1.059822, -1.111811
8.207, 1.059822, -1.111811
8.208, 1.059822, -1.111811
8.209, 1.059822, -1.111811
8.21, 1.048704, -1.121039
8.211, 1.048704, -1.121039
8.212, 1.048704, -1.121039
8.213, 1.048704, -1.121039
8.214, 1.048704, -1.121039
8.215, 1.048704, -1.121039
8.216, 1.048704, -1.121039
8.217, 1.048704, -1.121039
8.218, 1.048704, -1.121039
8.219, 1.048704, -1.121039
8.22, 1.037493, -1.130408
8.221, 1.037493, -1.130408
8.222, 1.037493, -1.130408
8.223, 1.037493, -1.130408
8.224, 1.037493, -1.130408
8.225, 1.037493, -1.130408
8.226, 1.037493, -1.130408
8.227, 1.037493, -1.130408
8.228, 1.037493, -1.130408
8.229, 1.037493, -1.130408
8.23, 1.026189, -1.139919
8.231, 1.026189, -1.139919
8.232, 1.026189, -1.139919
8.233, 1.026189, -1.139919
8.234, 1.026189, -1.139919
8.235, 1.026189, -1.139919
8.236, 1.026189, -1.139919
8.237, 1.026189, -1.139919
8.238, 1.026189, -1.139919
8.239, 1.026189, -1.139919
8.24, 1.014790, -1.149576
8.241, 1.014790, -1.149576
8.242, 1.014790, -1.149576
8.243, 1.014790, -1.149576
8.244, 1.014790, -1.149576
8.245, 1.014790, -1.149576
8.246, 1.014790, -1.149576
8.247, 1.014790, -1.149576
8.248, 1.014790, -1.149576
8.249, 1.014790, -1.149576
8.25, 1.003294, -1.159381
8.251, 1.003294, -1.159381
8.252, 1.003294, -1.159381
8.253, 1.003294, -1.159381
8.254, 1.003294, -1.159381
8.255, 1.003294, -1.159381
8.256, 1.003294, -1.159381
8.257, 1.003294, -1.159381
8.258, 1.003294, -1.159381
8.259, 1.003294, -1.159381
8.26, 0.991700, -1.169338
8.261, 0.991700, -1.169338
8.262, 0.991700, -1.169338
8.263, 0.991700, -1.169338
8.264, 0.991700, -1.169338
8.265, 0.991700, -1.169338
8.266, 0.991700, -1.169338
8.267, 0.991700, -1.169338
8.268, 0.991700, -1.169338
8.269, 0.991700, -1.169338
8.27, 0.980007, -1.179448
8.271, 0.980007, -1.179448
8.272, 0.980007, -1.179448
8.273, 0.980007, -1.179448
8.274, 0.980007, -1.179448
8.275, 0.980007, -1.179448
8.276, 0.980007, -1.179448
8.277, 0.980007, -1.179448
8.278, 0.980007, -1.179448
8.279, 0.980007, -1.179448
8.28, 0.968213, -1.189715
8.281, 0.968213, -1.189715
8.282, 0.968213, -1.189715
8.283, 0.968213, -1.189715
8.284, 0.968213, -1.189715
8.285, 0.968213, -1.189715
8.286, 0.968213, -1.189715
8.287, 0.968213, -1.189715
8.288, 0.968213, -1.189715
8.289, 0.968213, -1.189715
8.29, 0.956315, -1.200141
8.291, 0.956315, -1.200141
8.292, 0.956315, -1.200141
8.293, 0.956315, -1.200141
8.294, 0.956315, -1.200141
8.295, 0.956315, -1.200141
8.296, 0.956315, -1.200141
8.297, 0.956315, -1.200141
8.298, 0.956315, -1.200141
8.299, 0.956315, -1.200141
8.3, 0.944314, -1.210730
8.301, 0.944314, -1.210730
8.302, 0.944314, -1.210730
8.303, 0.944314, -1.210730
8.304, 0.944314, -1.210730
8.305, 0.944314, -1.210730
8.306, 0.944314, -1.210730
8.307, 0.944314, -1.210730
8.308, 0.944314, -1.210730
8.309, 0.944314, -1.210730
8.31, 0.932207, -1.221484
8.311, 0.932207, -1.221484
8.312, 0.932207, -1.221484
8.313, 0.932207, -1.221484
8.314, 0.932207, -1.221484
8.315, 0.932207, -1.221484
8.316, 0.932207, -1.221484
8.317, 0.932207, -1.221484
8.318, 0.932207, -1.221484
8.319, 0.932207, -1.221484
8.32, 0.919992, -1.232406
8.321, 0.919992, -1.232406
8.322, 0.919992, -1.232406
8.323, 0.919992, -1.232406
8.324, 0.919992, -1.232406
8.325, 0.919992, -1.232406
8.326, 0.919992, -1.232406
8.327, 0.919992, -1.232406
8.328, 0.919992, -1.232406
8.329, 0.919992, -1.232406
8.33, 0.907668, -1.243499
8.331, 0.907668, -1.243499
8.332, 0.907668, -1.243499
8.333, 0.907668, -1.243499
8.334, 0.907668, -1.243499
8.335, 0.907668, -1.243499
8.336, 0.907668, -1.243499
8.337, 0.907668, -1.243499
8.338, 0.907668, -1.243499
8.339, 0.907668, -1.243499
8.34, 0.895233, -1.254766
8.341, 0.895233, -1.254766
8.342, 0.895233, -1.254766
8.343, 0.895233, -1.254766
8.344, 0.895233, -1.254766
8.345, 0.895233, -1.254766
8.346, 0.895233, -1.254766
8.347, 0.895233, -1.254766
8.348, 0.895233, -1.254766
8.349, 0.895233, -1.254766
8.35, 0.882685, -1.266210
8.351, 0.882685, -1.266210
8.352, 0.882685, -1.266210
8.353, 0.882685, -1.266210
8.354, 0.882685, -1.266210
8.355, 0.882685, -1.266210
8.356, 0.882685, -1.266210
8.357, 0.882685, -1.266210
8.358, 0.882685, -1.266210
8.359, 0.882685, -1.266210
8.36, 0.870023, -1.277834
8.361, 0.870023, -1.277834
8.362, 0.870023, -1.277834
8.363, 0.870023, -1.277834
8.364, 0.870023, -1.277834
8.365, 0.870023, -1.277834
8.366, 0.870023, -1.277834
8.367, 0.870023, -1.277834
8.368, 0.870023, -1.277834
8.369, 0.870023, -1.277834
8.37, 0.857245, -1.289640
8.371, 0.857245, -1.289640
8.372, 0.857245, -1.289640
8.373, 0.857245, -1.289640
8.374, 0.857245, -1.289640
8.375, 0.857245, -1.289640
8.376, 0.857245, -1.289640
8.377, 0.857245, -1.289640
8.378, 0.857245, -1.289640
8.379, 0.857245, -1.289640
8.38, 0.844348, -1.301632
8.381, 0.844348, -1.301632
8.382, 0.844348, -1.301632
8.383, 0.844348, -1.301632
8.384, 0.844348, -1.301632
8.385, 0.844348, -1.301632
8.386, 0.844348, -1.301632
8.387, 0.844348, -1.301632
8.388, 0.844348, -1.301632
8.389, 0.844348, -1.301632
8.39, 0.831332, -1.313812
8.391, 0.831332, -1.313812
8.392, 0.831332, -1.313812
8.393, 0.831332, -1.313812
8.394, 0.831332, -1.313812
8.395, 0.831332, -1.313812
8.396, 0.831332, -1.313812
8.397, 0.831332, -1.313812
8.398, 0.831332, -1.313812
8.399, 0.831332, -1.313812
8.4, 0.818194, -1.326183
8.401, 0.818194, -1.326183
8.402, 0.818194, -1.326183
8.403, 0.818194, -1.326183
8.404, 0.818194, -1.326183
8.405, 0.818194, -1.326183
8.406, 0.818194, -1.326183
8.407, 0.818194, -1.326183
8.408, 0.818194, -1.326183
8.409, 0.818194, -1.326183
8.41, 0.804932, -1.338749
8.411, 0.804932, -1.338749
8.412, 0.804932, -1.338749
8.413, 0.804932, -1.338749
8.414, 0.804932, -1.338749
8.415, 0.804932, -1.338749
8.416, 0.804932, -1.338749
8.417, 0.804932, -1.338749
8.418, 0.804932, -1.338749
8.419, 0.804932, -1.338749
8.42, 0.791545, -1.351512
8.421, 0.791545, -1.351512
8.422, 0.791545, -1.351512
8.423, 0.791545, -1.351512
8.424, 0.791545, -1.351512
8.425, 0.791545, -1.351512
8.426, 0.791545, -1.351512
8.427, 0.791545, -1.351512
8.428, 0.791545, -1.351512
8.429, 0.791545, -1.351512
8.43, 0.778029, -1.364475
8.431, 0.778029, -1.364475
8.432, 0.778029, -1.364475
8.433, 0.778029, -1.364475
8.434, 0.778029, -1.364475
8.435, 0.778029, -1.364475
8.436, 0.778029, -1.364475
8.437, 0.778029, -1.364475
8.438, 0.778029, -1.364475
8.439, 0.778029, -1.364475
8.44, 0.764385, -1.377640
8.441, 0.764385, -1.377640
8.442, 0.764385, -1.377640
8.443, 0.764385, -1.377640
8.444, 0.764385, -1.377640
8.445, 0.764385, -1.377640
8.446, 0.764385, -1.377640
8.447, 0.764385, -1.377640
8.448, 0.764385, -1.377640
8.449, 0.764385, -1.377640
8.45, 0.750608, -1.391011
8.451, 0.750608, -1.391011
8.452, 0.750608, -1.391011
8.453, 0.750608, -1.391011
8.454, 0.750608, -1.391011
8.455, 0.750608, -1.391011
8.456, 0.750608, -1.391011
8.457, 0.750608, -1.391011
8.458, 0.750608, -1.391011
8.459, 0.750608, -1.391011
8.46, 0.736698, -1.404590
8.461, 0.736698, -1.404590
8.462, 0.736698, -1.404590
8.463, 0.736698, -1.404590
8.464, 0.736698, -1.404590
8.465, 0.736698, -1.404590
8.466, 0.736698, -1.404590
8.467, 0.736698, -1.404590
8.468, 0.736698, -1.404590
8.469, 0.736698, -1.404590
8.47, 0.722652, -1.418380
8.471, 0.722652, -1.418380
8.472, 0.722652, -1.418380
8.473, 0.722652, -1.418380
8.474, 0.722652, -1.418380
8.475, 0.722652, -1.418380
8.476, 0.722652, -1.418380
8.477, 0.722652, -1.418380
8.478, 0.722652, -1.418380
8.479, 0.722652, -1.418380
8.48, 0.708468, -1.432383
8.481, 0.708468, -1.432383
8.482, 0.708468, -1.432383
8.483, 0.708468, -1.432383
8.484, 0.708468, -1.432383
8.485, 0.708468, -1.432383
8.486, 0.708468, -1.432383
8.487, 0.708468, -1.432383
8.488, 0.708468, -1.432383
8.489, 0.708468, -1.432383
8.49, 0.694145, -1.446602
8.491, 0.694145, -1.446602
8.492, 0.694145, -1.446602
8.493, 0.694145, -1.446602
8.494, 0.694145, -1.446602
8.495, 0.694145, -1.446602
8.496, 0.694145, -1.446602
8.497, 0.694145, -1.446602
8.498, 0.694145, -1.446602
8.499, 0.694145, -1.446602
8.5, 0.679679, -1.461039
8.501, 0.679679, -1.461039
8.502, 0.679679, -1.461039
8.503, 0.679679, -1.461039
8.504, 0.679679, -1.461039
8.505, 0.679679, -1.461039
8.506, 0.679679, -1.461039
8.507, 0.679679, -1.461039
8.508, 0.679679, -1.461039
8.509, 0.679679, -1.461039
8.51, 0.665068, -1.475697
8.511, 0.665068, -1.475697
8.512, 0.665068, -1.475697
8.513, 0.665068, -1.475697
8.514, 0.665068, -1.475697
8.515, 0.665068, -1.475697
8.516, 0.665068, -1.475697
8.517, 0.665068, -1.475697
8.518, 0.665068, -1.475697
8.519, 0.665068, -1.475697
8.52, 0.650311, -1.490577
8.521, 0.650311, -1.490577
8.522, 0.650311, -1.490577
8.523, 0.650311, -1.490577
8.524, 0.650311, -1.490577
8.525, 0.650311, -1.490577
8.526, 0.650311, -1.490577
8.527, 0.650311, -1.490577
8.528, 0.650311, -1.490577
8.529, 0.650311, -1.490577
8.53, 0.635405, -1.505682
8.531, 0.635405, -1.505682
8.532, 0.635405, -1.505682
8.533, 0.635405, -1.505682
8.534, 0.635405, -1.505682
8.535, 0.635405, -1.505682
8.536, 0.635405, -1.505682
8.537, 0.635405, -1.505682
8.538, 0.635405, -1.505682
8.539, 0.635405, -1.505682
8.54, 0.620349, -1.521014
8.541, 0.620349, -1.521014
8.542, 0.620349, -1.521014
8.543, 0.620349, -1.521014
8.544, 0.620349, -1.521014
8.545, 0.620349, -1.521014
8.546, 0.620349, -1.521014
8.547, 0.620349, -1.521014
8.548, 0.620349, -1.521014
8.549, 0.620349, -1.521014
8.55, 0.605139, -1.536575
8.551, 0.605139, -1.536575
8.552, 0.605139, -1.536575
8.553, 0.605139, -1.536575
8.554, 0.605139, -1.536575
8.555, 0.605139, -1.536575
8.556, 0.605139, -1.536575
8.557, 0.605139, -1.536575
8.558, 0.605139, -1.536575
8.559, 0.605139, -1.536575
8.56, 0.589773, -1.552365
8.561, 0.589773, -1.552365
8.562, 0.589773, -1.552365
8.563, 0.589773, -1.552365
8.564, 0.589773, -1.552365
8.565, 0.589773, -1.552365
8.566, 0.589773, -1.552365
8.567, 0.589773, -1.552365
8.568, 0.589773, -1.552365
8.569, 0.589773, -1.552365
8.57, 0.574249, -1.568387
8.571, 0.574249, -1.568387
8.572, 0.574249, -1.568387
8.573, 0.574249, -1.568387
8.574, 0.574249, -1.568387
8.575, 0.574249, -1.568387
8.576, 0.574249, -1.568387
8.577, 0.574249, -1.568387
8.578, 0.574249, -1.568387
8.579, 0.574249, -1.568387
8.58, 0.558565, -1.584641
8.581, 0.558565, -1.584641
8.582, 0.558565, -1.584641
8.583, 0.558565, -1.584641
8.584, 0.558565, -1.584641
8.585, 0.558565, -1.584641
8.586, 0.558565, -1.584641
8.587, 0.558565, -1.584641
8.588, 0.558565, -1.584641
8.589, 0.558565, -1.584641
8.59, 0.542719, -1.601129
8.591, 0.542719, -1.601129
8.592, 0.542719, -1.601129
8.593, 0.542719, -1.601129
8.594, 0.542719, -1.601129
8.595, 0.542719, -1.601129
8.596, 0.542719, -1.601129
8.597, 0.542719, -1.601129
8.598, 0.542719, -1.601129
8.599, 0.542719, -1.601129
8.6, 0.526708, -1.617852
8.601, 0.526708, -1.617852
8.602, 0.526708, -1.617852
8.603, 0.526708, -1.617852
8.604, 0.526708, -1.617852
8.605, 0.526708, -1.617852
8.606, 0.526708, -1.617852
8.607, 0.526708, -1.617852
8.608, 0.526708, -1.617852
8.609, 0.526708, -1.617852
8.61, 0.510529, -1.634809
8.611, 0.510529, -1.634809
8.612, 0.510529, -1.634809
8.613, 0.510529, -1.634809
8.614, 0.510529, -1.634809
8.615, 0.510529, -1.634809
8.616, 0.510529, -1.634809
8.617, 0.510529, -1.634809
8.618, 0.510529, -1.634809
8.619, 0.510529, -1.634809
8.62, 0.494181, -1.652001
8.621, 0.494181, -1.652001
8.622, 0.494181, -1.652001
8.623, 0.494181, -1.652001
8.624, 0.494181, -1.652001
8.625, 0.494181, -1.652001
8.626, 0.494181, -1.652001
8.627, 0.494181, -1.652001
8.628, 0.494181, -1.652001
8.629, 0.494181, -1.652001
8.63, 0.477661, -1.669429
8.631, 0.477661, -1.669429
8.632, 0.477661, -1.669429
8.633, 0.477661, -1.669429
8.634, 0.477661, -1.669429
8.635, 0.477661, -1.669429
8.636, 0.477661, -1.669429
8.637, 0.477661, -1.669429
8.638, 0.477661, -1.669429
8.639, 0.477661, -1.669429
8.64, 0.460967, -1.687091
8.641, 0.460967, -1.687091
8.642, 0.460967, -1.687091
8.643, 0.460967, -1.687091
8.644, 0.460967, -1.687091
8.645, 0.460967, -1.687091
8.646, 0.460967, -1.687091
8.647, 0.460967, -1.687091
8.648, 0.460967, -1.687091
8.649, 0.460967, -1.687091
8.65, 0.444096, -1.704986
8.651, 0.444096, -1.704986
8.652, 0.444096, -1.704986
8.653, 0.444096, -1.704986
8.654, 0.444096, -1.704986
8.655, 0.444096, -1.704986
8.656, 0.444096, -1.704986
8.657, 0.444096, -1.704986
8.658, 0.444096, -1.704986
8.659, 0.444096, -1.704986
8.66, 0.427046, -1.723115
8.661, 0.427046, -1.723115
8.662, 0.427046, -1.723115
8.663, 0.427046, -1.723115
8.664, 0.427046, -1.723115
8.665, 0.427046, -1.723115
8.666, 0.427046, -1.723115
8.667, 0.427046, -1.723115
8.668, 0.427046, -1.723115
8.669, 0.427046, -1.723115
8.67, 0.409815, -1.741474
8.671, 0.409815, -1.741474
8.672, 0.409815, -1.741474
8.673, 0.409815, -1.741474
8.674, 0.409815, -1.741474
8.675, 0.409815, -1.741474
8.676, 0.409815, -1.741474
8.677, 0.409815, -1.741474
8.678, 0.409815, -1.741474
8.679, 0.409815, -1.741474
8.68, 0.392400, -1.760062
8.681, 0.392400, -1.760062
8.682, 0.392400, -1.760062
8.683, 0.392400, -1.760062
8.684, 0.392400, -1.760062
8.685, 0.392400, -1.760062
8.686, 0.392400, -1.760062
8.687, 0.392400, -1.760062
8.688, 0.392400, -1.760062
8.689, 0.392400, -1.760062
8.69, 0.374799, -1.778876
8.691, 0.374799, -1.778876
8.692, 0.374799, -1.778876
8.693, 0.374799, -1.778876
8.694, 0.374799, -1.778876
8.695, 0.374799, -1.778876
8.696, 0.374799, -1.778876
8.697, 0.374799, -1.778876
8.698, 0.374799, -1.778876
8.699, 0.374799, -1.778876
8.7, 0.357011, -1.797914
8.701, 0.357011, -1.797914
8.702, 0.357011, -1.797914
8.703, 0.357011, -1.797914
8.704, 0.357011, -1.797914
8.705, 0.357011, -1.797914
8.706, 0.357011, -1.797914
8.707, 0.357011, -1.797914
8.708, 0.357011, -1.797914
8.709, 0.357011, -1.797914
8.71, 0.339031, -1.817172
8.711, 0.339031, -1.817172
8.712, 0.339031, -1.817172
8.713, 0.339031, -1.817172
8.714, 0.339031, -1.817172
8.715, 0.339031, -1.817172
8.716, 0.339031, -1.817172
8.717, 0.339031, -1.817172
8.718, 0.339031, -1.817172
8.719, 0.339031, -1.817172
8.72, 0.320860, -1.836645
8.721, 0.320860, -1.836645
8.722, 0.320860, -1.836645
8.723, 0.320860, -1.836645
8.724, 0.320860, -1.836645
8.725, 0.320860, -1.836645
8.726, 0.320860, -1.836645
8.727, 0.320860, -1.836645
8.728, 0.320860, -1.836645
8.729, 0.320860, -1.836645
8.73, 0.302493, -1.856329
8.731, 0.302493, -1.856329
8.732, 0.302493, -1.856329
8.733, 0.302493, -1.856329
8.734, 0.302493, -1.856329
8.735, 0.302493, -1.856329
8.736, 0.302493, -1.856329
8.737, 0.302493, -1.856329
8.738, 0.302493, -1.856329
8.739, 0.302493, -1.856329
8.74, 0.283930, -1.876219
8.741, 0.283930, -1.876219
8.742, 0.283930, -1.876219
8.743, 0.283930, -1.876219
8.744, 0.283930, -1.876219
8.745, 0.283930, -1.876219
8.746, 0.283930, -1.876219
8.747, 0.283930, -1.876219
8.748, 0.283930, -1.876219
8.749, 0.283930, -1.876219
8.75, 0.265168, -1.896308
8.751, 0.265168, -1.896308
8.752, 0.265168, -1.896308
8.753, 0.265168, -1.896308
8.754, 0.265168, -1.896308
8.755, 0.265168, -1.896308
8.756, 0.265168, -1.896308
8.757, 0.265168, -1.896308
8.758, 0.265168, -1.896308
8.759, 0.265168, -1.896308
8.76, 0.246205, -1.916589
8.761, 0.246205, -1.916589
8.762, 0.246205, -1.916589
8.763, 0.246205, -1.916589
8.764, 0.246205, -1.916589
8.765, 0.246205, -1.916589
8.766, 0.246205, -1.916589
8.767, 0.246205, -1.916589
8.768, 0.246205, -1.916589
8.769, 0.246205, -1.916589
8.77, 0.227039, -1.937056
8.771, 0.227039, -1.937056
8.772, 0.227039, -1.937056
8.773, 0.227039, -1.937056
8.774, 0.227039, -1.937056
8.775, 0.227039, -1.937056
8.776, 0.227039, -1.937056
8.777, 0.227039, -1.937056
8.778, 0.227039, -1.937056
8.779, 0.227039, -1.937056
8.78, 0.207668, -1.957698
8.781, 0.207668, -1.957698
8.782, 0.207668, -1.957698
8.783, 0.207668, -1.957698
8.784, 0.207668, -1.957698
8.785, 0.207668, -1.957698
8.786, 0.207668, -1.957698
8.787, 0.207668, -1.957698
8.788, 0.207668, -1.957698
8.789, 0.207668, -1.957698
8.79, 0.188091, -1.978507
8.791, 0.188091, -1.978507
8.792, 0.188091, -1.978507
8.793, 0.188091, -1.978507
8.794, 0.188091, -1.978507
8.795, 0.188091, -1.978507
8.796, 0.188091, -1.978507
8.797, 0.188091, -1.978507
8.798, 0.188091, -1.978507
8.799, 0.188091, -1.978507
8.8, 0.168306, -1.999473
8.801, 0.168306, -1.999473
8.802, 0.168306, -1.999473
8.803, 0.168306, -1.999473
8.804, 0.168306, -1.999473
8.805, 0.168306, -1.999473
8.806, 0.168306, -1.999473
8.807, 0.168306, -1.999473
8.808, 0.168306, -1.999473
8.809, 0.168306, -1.999473
8.81, 0.148311, -2.020585
8.811, 0.148311, -2.020585
8.812, 0.148311, -2.020585
8.813, 0.148311, -2.020585
8.814, 0.148311, -2.020585
8.815, 0.148311, -2.020585
8.816, 0.148311, -2.020585
8.817, 0.148311, -2.020585
8.818, 0.148311, -2.020585
8.819, 0.148311, -2.020585
8.82, 0.128106, -2.041829
8.821, 0.128106, -2.041829
8.822, 0.128106, -2.041829
8.823, 0.128106, -2.041829
8.824, 0.128106, -2.041829
8.825, 0.128106, -2.041829
8.826, 0.128106, -2.041829
8.827, 0.128106, -2.041829
8.828, 0.128106, -2.041829
8.829, 0.128106, -2.041829
8.83, 0.107687, -2.063194
8.831, 0.107687, -2.063194
8.832, 0.107687, -2.063194
8.833, 0.107687, -2.063194
8.834, 0.107687, -2.063194
8.835, 0.107687, -2.063194
8.836, 0.107687, -2.063194
8.837, 0.107687, -2.063194
8.838, 0.107687, -2.063194
8.839, 0.107687, -2.063194
8.84, 0.087055, -2.084663
8.841, 0.087055, -2.084663
8.842, 0.087055, -2.084663
8.843, 0.087055, -2.084663
8.844, 0.087055, -2.084663
8.845, 0.087055, -2.084663
8.846, 0.087055, -2.084663
8.847, 0.087055, -2.084663
8.848, 0.087055, -2.084663
8.849, 0.087055, -2.084663
8.85, 0.066209, -2.106222
8.851, 0.066209, -2.106222
8.852, 0.066209, -2.106222
8.853, 0.066209, -2.106222
8.854, 0.066209, -2.106222
8.855, 0.066209, -2.106222
8.856, 0.066209, -2.106222
8.857, 0.066209, -2.106222
8.858, 0.066209, -2.106222
8.859, 0.066209, -2.106222
8.86, 0.045147, -2.127854
8.861, 0.045147, -2.127854
8.862, 0.045147, -2.127854
8.863, 0.045147, -2.127854
8.864, 0.045147, -2.127854
8.865, 0.045147, -2.127854
8.866, 0.045147, -2.127854
8.867, 0.045147, -2.127854
8.868, 0.045147, -2.127854
8.869, 0.045147, -2.127854
8.87, 0.023868, -2.149541
8.871, 0.023868, -2.149541
8.872, 0.023868, -2.149541
8.873, 0.023868, -2.149541
8.874, 0.023868, -2.149541
8.875, 0.023868, -2.149541
8.876, 0.023868, -2.149541
8.877, 0.023868, -2.149541
8.878, 0.023868, -2.149541
8.879, 0.023868, -2.149541
8.88, 0.002373, -2.171263
8.881, 0.002373, -2.171263
8.882, 0.002373, -2.171263
8.883, 0.002373, -2.171263
8.884, 0.002373, -2.171263
8.885, 0.002373, -2.171263
8.886, 0.002373, -2.171263
8.887, 0.002373, -2.171263
8.888, 0.002373, -2.171263
8.889, 0.002373, -2.171263
8.89, -0.019340, -2.192999
8.891, -0.019340, -2.192999
8.892, -0.019340, -2.192999
8.893, -0.019340, -2.192999
8.894, -0.019340, -2.192999
8.895, -0.019340, -2.192999
8.896, -0.019340, -2.192999
8.897, -0.019340, -2.192999
8.898, -0.019340, -2.192999
8.899, -0.019340, -2.192999
8.9, -0.041270, -2.214728
8.901, -0.041270, -2.214728
8.902, -0.041270, -2.214728
8.903, -0.041270, -2.214728
8.904, -0.041270, -2.214728
8.905, -0.041270, -2.214728
8.906, -0.041270, -2.214728
8.907, -0.041270, -2.214728
8.908, -0.041270, -2.214728
8.909, -0.041270, -2.214728
8.91, -0.063417, -2.236424
8.911, -0.063417, -2.236424
8.912, -0.063417, -2.236424
8.913, -0.063417, -2.236424
8.914, -0.063417, -2.236424
8.915, -0.063417, -2.236424
8.916, -0.063417, -2.236424
8.917, -0.063417, -2.236424
8.918, -0.063417, -2.236424
8.919, -0.063417, -2.236424
8.92, -0.085782, -2.258064
8.921, -0.085782, -2.258064
8.922, -0.085782, -2.258064
8.923, -0.085782, -2.258064
8.924, -0.085782, -2.258064
8.925, -0.085782, -2.258064
8.926, -0.085782, -2.258064
8.927, -0.085782, -2.258064
8.928, -0.085782, -2.258064
8.929, -0.085782, -2.258064
8.93, -0.108362, -2.279621
8.931, -0.108362, -2.279621
8.932, -0.108362, -2.279621
8.933, -0.108362, -2.279621
8.934, -0.108362, -2.279621
8.935, -0.108362, -2.279621
8.936, -0.108362, -2.279621
8.937, -0.108362, -2.279621
8.938, -0.108362, -2.279621
8.939, -0.108362, -2.279621
8.94, -0.131158, -2.301066
8.941, -0.131158, -2.301066
8.942, -0.131158, -2.301066
8.943, -0.131158, -2.301066
8.944, -0.131158, -2.301066
8.945, -0.131158, -2.301066
8.946, -0.131158, -2.301066
8.947, -0.131158, -2.301066
8.948, -0.131158, -2.301066
8.949, -0.131158, -2.301066
8.95, -0.154169, -2.322369
8.951, -0.154169, -2.322369
8.952, -0.154169, -2.322369
8.953, -0.154169, -2.322369
8.954, -0.154169, -2.322369
8.955, -0.154169, -2.322369
8.956, -0.154169, -2.322369
8.957, -0.154169, -2.322369
8.958, -0.154169, -2.322369
8.959, -0.154169, -2.322369
8.96, -0.177393, -2.343499
8.961, -0.177393, -2.343499
8.962, -0.177393, -2.343499
8.963, -0.177393, -2.343499
8.964, -0.177393, -2.343499
8.965, -0.177393, -2.343499
8.966, -0.177393, -2.343499
8.967, -0.177393, -2.343499
8.968, -0.177393, -2.343499
8.969, -0.177393, -2.343499
8.97, -0.200828, -2.364423
8.971, -0.200828, -2.364423
8.972, -0.200828, -2.364423
8.973, -0.200828, -2.364423
8.974, -0.200828, -2.364423
8.975, -0.200828, -2.364423
8.976, -0.200828, -2.364423
8.977, -0.200828, -2.364423
8.978, -0.200828, -2.364423
8.979, -0.200828, -2.364423
8.98, -0.224472, -2.385105
8.981, -0.224472, -2.385105
8.982, -0.224472, -2.385105
8.983, -0.224472, -2.385105
8.984, -0.224472, -2.385105
8.985, -0.224472, -2.385105
8.986, -0.224472, -2.385105
8.987, -0.224472, -2.385105
8.988, -0.224472, -2.385105
8.989, -0.224472, -2.385105
8.99, -0.248323, -2.405510
8.991, -0.248323, -2.405510
8.992, -0.248323, -2.405510
8.993, -0.248323, -2.405510
8.994, -0.248323, -2.405510
8.995, -0.248323, -2.405510
8.996, -0.248323, -2.405510
8.997, -0.248323, -2.405510
8.998, -0.248323, -2.405510
8.999, -0.248323, -2.405510
9, -0.272378, -2.425598
9.001, -0.272378, -2.425598
9.002, -0.272378, -2.425598
9.003, -0.272378, -2.425598
9.004, -0.272378, -2.425598
9.005, -0.272378, -2.425598
9.006, -0.272378, -2.425598
9.007, -0.272378, -2.425598
9.008, -0.272378, -2.425598
9.009, -0.272378, -2.425598
9.01, -0.296634, -2.445331
9.011, -0.296634, -2.445331
9.012, -0.296634, -2.445331
9.013, -0.296634, -2.445331
9.014, -0.296634, -2.445331
9.015, -0.296634, -2.445331
9.016, -0.296634, -2.445331
9.017, -0.296634, -2.445331
9.018, -0.296634, -2.445331
9.019, -0.296634, -2.445331
9.02, -0.321087, -2.464666
9.021, -0.321087, -2.464666
9.022, -0.321087, -2.464666
9.023, -0.321087, -2.464666
9.024, -0.321087, -2.464666
9.025, -0.321087, -2.464666
9.026, -0.321087, -2.464666
9.027, -0.321087, -2.464666
9.028, -0.321087, -2.464666
9.029, -0.321087, -2.464666
9.03, -0.345734, -2.483561
9.031, -0.345734, -2.483561
9.032, -0.345734, -2.483561
9.033, -0.345734, -2.483561
9.034, -0.345734, -2.483561
9.035, -0.345734, -2.483561
9.036, -0.345734, -2.483561
9.037, -0.345734, -2.483561
9.038, -0.345734, -2.483561
9.039, -0.345734, -2.483561
9.04, -0.370570, -2.501971
9.041, -0.370570, -2.501971
9.042, -0.370570, -2.501971
9.043, -0.370570, -2.501971
9.044, -0.370570, -2.501971
9.045, -0.370570, -2.501971
9.046, -0.370570, -2.501971
9.047, -0.370570, -2.501971
9.048, -0.370570, -2.501971
9.049, -0.370570, -2.501971
9.05, -0.395589, -2.519849
9.051, -0.395589, -2.519849
9.052, -0.395589, -2.519849
9.053, -0.395589, -2.519849
9.054, -0.395589, -2.519849
9.055, -0.395589, -2.519849
9.056, -0.395589, -2.519849
9.057, -0.395589, -2.519849
9.058, -0.395589, -2.519849
9.059, -0.395589, -2.519849
9.06, -0.420788, -2.537148
9.061, -0.420788, -2.537148
9.062, -0.420788, -2.537148
9.063, -0.420788, -2.537148
9.064, -0.420788, -2.537148
9.065, -0.420788, -2.537148
9.066, -0.420788, -2.537148
9.067, -0.420788, -2.537148
9.068, -0.420788, -2.537148
9.069, -0.420788, -2.537148
9.07, -0.446159, -2.553819
9.071, -0.446159, -2.553819
9.072, -0.446159, -2.553819
9.073, -0.446159, -2.553819
9.074, -0.446159, -2.553819
9.075, -0.446159, -2.553819
9.076, -0.446159, -2.553819
9.077, -0.446159, -2.553819
9.078, -0.446159, -2.553819
9.079, -0.446159, -2.553819
9.08, -0.471698, -2.569812
9.081, -0.471698, -2.569812
9.082, -0.471698, -2.569812
9.083, -0.471698, -2.569812
9.084, -0.471698, -2.569812
9.085, -0.471698, -2.569812
9.086, -0.471698, -2.569812
9.087, -0.471698, -2.569812
9.088, -0.471698, -2.569812
9.089, -0.471698, -2.569812
9.09, -0.497396, -2.585076
9.091, -0.497396, -2.585076
9.092, -0.497396, -2.585076
9.093, -0.497396, -2.585076
9.094, -0.497396, -2.585076
9.095, -0.497396, -2.585076
9.096, -0.497396, -2.585076
9.097, -0.497396, -2.585076
9.098, -0.497396, -2.585076
9.099, -0.497396, -2.585076
9.1, -0.523246, -2.599557
9.101, -0.523246, -2.599557
9.102, -0.523246, -2.599557
9.103, -0.523246, -2.599557
9.104, -0.523246, -2.599557
9.105, -0.523246, -2.599557
9.106, -0.523246, -2.599557
9.107, -0.523246, -2.599557
9.108, -0.523246, -2.599557
9.109, -0.523246, -2.599557
9.11, -0.549242, -2.613203
9.111, -0.549242, -2.613203
9.112, -0.549242, -2.613203
9.113, -0.549242, -2.613203
9.114, -0.549242, -2.613203
9.115, -0.549242, -2.613203
9.116, -0.549242, -2.613203
9.117, -0.549242, -2.613203
9.118, -0.549242, -2.613203
9.119, -0.549242, -2.613203
9.12, -0.575374, -2.625959
9.121, -0.575374, -2.625959
9.122, -0.575374, -2.625959
9.123, -0.575374, -2.625959
9.124, -0.575374, -2.625959
9.125, -0.575374, -2.625959
9.126, -0.575374, -2.625959
9.127, -0.575374, -2.625959
9.128, -0.575374, -2.625959
9.129, -0.575374, -2.625959
9.13, -0.601634, -2.637772
9.131, -0.601634, -2.637772
9.132, -0.601634, -2.637772
9.133, -0.601634, -2.637772
9.134, -0.601634, -2.637772
9.135, -0.601634, -2.637772
9.136, -0.601634, -2.637772
9.137, -0.601634, -2.637772
9.138, -0.601634, -2.637772
9.139, -0.601634, -2.637772
9.14, -0.628011, -2.648585
9.141, -0.628011, -2.648585
9.142, -0.628011, -2.648585
9.143, -0.628011, -2.648585
9.144, -0.628011, -2.648585
9.145, -0.628011, -2.648585
9.146, -0.628011, -2.648585
9.147, -0.628011, -2.648585
9.148, -0.628011, -2.648585
9.149, -0.628011, -2.648585
9.15, -0.654497, -2.658345
9.151, -0.654497, -2.658345
9.152, -0.654497, -2.658345
9.153, -0.654497, -2.658345
9.154, -0.654497, -2.658345
9.155, -0.654497, -2.658345
9.156, -0.654497, -2.658345
9.157, -0.654497, -2.658345
9.158, -0.654497, -2.658345
9.159, -0.654497, -2.658345
9.16, -0.681081, -2.666996
9.161, -0.681081, -2.666996
9.162, -0.681081, -2.666996
9.163, -0.681081, -2.666996
9.164, -0.681081, -2.666996
9.165, -0.681081, -2.666996
9.166, -0.681081, -2.666996
9.167, -0.681081, -2.666996
9.168, -0.681081, -2.666996
9.169, -0.681081, -2.666996
9.17, -0.707751, -2.674484
9.171, -0.707751, -2.674484
9.172, -0.707751, -2.674484
9.173, -0.707751, -2.674484
9.174, -0.707751, -2.674484
9.175, -0.707751, -2.674484
9.176, -0.707751, -2.674484
9.177, -0.707751, -2.674484
9.178, -0.707751, -2.674484
9.179, -0.707751, -2.674484
9.18, -0.734495, -2.680755
9.181, -0.734495, -2.680755
9.182, -0.734495, -2.680755
9.183, -0.734495, -2.680755
9.184, -0.734495, -2.680755
9.185, -0.734495, -2.680755
9.186, -0.734495, -2.680755
9.187, -0.734495, -2.680755
9.188, -0.734495, -2.680755
9.189, -0.734495, -2.680755
9.19, -0.761303, -2.685755
9.191, -0.761303, -2.685755
9.192, -0.761303, -2.685755
9.193, -0.761303, -2.685755
9.194, -0.761303, -2.685755
9.195, -0.761303, -2.685755
9.196, -0.761303, -2.685755
9.197, -0.761303, -2.685755
9.198, -0.761303, -2.685755
9.199, -0.761303, -2.685755
9.2, -0.788161, -2.689433
9.201, -0.788161, -2.689433
9.202, -0.788161, -2.689433
9.203, -0.788161, -2.689433
9.204, -0.788161, -2.689433
9.205, -0.788161, -2.689433
9.206, -0.788161, -2.689433
9.207, -0.788161, -2.689433
9.208, -0.788161, -2.689433
9.209, -0.788161, -2.689433
9.21, -0.815055, -2.691739
9.211, -0.815055, -2.691739
9.212, -0.815055, -2.691739
9.213, -0.815055, -2.691739
9.214, -0.815055, -2.691739
9.215, -0.815055, -2.691739
9.216, -0.815055, -2.691739
9.217, -0.815055, -2.691739
9.218, -0.815055, -2.691739
9.219, -0.815055, -2.691739
9.22, -0.841972, -2.692625
9.221, -0.841972, -2.692625
9.222, -0.841972, -2.692625
9.223, -0.841972, -2.692625
9.224, -0.841972, -2.692625
9.225, -0.841972, -2.692625
9.226, -0.841972, -2.692625
9.227, -0.841972, -2.692625
9.228, -0.841972, -2.692625
9.229, -0.841972, -2.692625
9.23, -0.868899, -2.692043
9.231, -0.868899, -2.692043
9.232, -0.868899, -2.692043
9.233, -0.868899, -2.692043
9.234, -0.868899, -2.692043
9.235, -0.868899, -2.692043
9.236, -0.868899, -2.692043
9.237, -0.868899, -2.692043
9.238, -0.868899, -2.692043
9.239, -0.868899, -2.692043
9.24, -0.895819, -2.689950
9.241, -0.895819, -2.689950
9.242, -0.895819, -2.689950
9.243, -0.895819, -2.689950
9.244, -0.895819, -2.689950
9.245, -0.895819, -2.689950
9.246, -0.895819, -2.689950
9.247, -0.895819, -2.689950
9.248, -0.895819, -2.689950
9.249, -0.895819, -2.689950
9.25, -0.922718, -2.686304
9.251, -0.922718, -2.686304
9.252, -0.922718, -2.686304
9.253, -0.922718, -2.686304
9.254, -0.922718, -2.686304
9.255, -0.922718, -2.686304
9.256, -0.922718, -2.686304
9.257, -0.922718, -2.686304
9.258, -0.922718, -2.686304
9.259, -0.922718, -2.686304
9.26, -0.949582, -2.681069
9.261, -0.949582, -2.681069
9.262, -0.949582, -2.681069
9.263, -0.949582, -2.681069
9.264, -0.949582, -2.681069
9.265, -0.949582, -2.681069
9.266, -0.949582, -2.681069
9.267, -0.949582, -2.681069
9.268, -0.949582, -2.681069
9.269, -0.949582, -2.681069
9.27, -0.976392, -2.674208
9.271, -0.976392, -2.674208
9.272, -0.976392, -2.674208
9.273, -0.976392, -2.674208
9.274, -0.976392, -2.674208
9.275, -0.976392, -2.674208
9.276, -0.976392, -2.674208
9.277, -0.976392, -2.674208
9.278, -0.976392, -2.674208
9.279, -0.976392, -2.674208
9.28, -1.003134, -2.665692
9.281, -1.003134, -2.665692
9.282, -1.003134, -2.665692
9.283, -1.003134, -2.665692
9.284, -1.003134, -2.665692
9.285, -1.003134, -2.665692
9.286, -1.003134, -2.665692
9.287, -1.003134, -2.665692
9.288, -1.003134, -2.665692
9.289, -1.003134, -2.665692
9.29, -1.029791, -2.655493
9.291, -1.029791, -2.655493
9.292, -1.029791, -2.655493
9.293, -1.029791, -2.655493
9.294, -1.029791, -2.655493
9.295, -1.029791, -2.655493
9.296, -1.029791, -2.655493
9.297, -1.029791, -2.655493
9.298, -1.029791, -2.655493
9.299, -1.029791, -2.655493
9.3, -1.056346, -2.643590
9.301, -1.056346, -2.643590
9.302, -1.056346, -2.643590
9.303, -1.056346, -2.643590
9.304, -1.056346, -2.643590
9.305, -1.056346, -2.643590
9.306, -1.056346, -2.643590
9.307, -1.056346, -2.643590
9.308, -1.056346, -2.643590
9.309, -1.056346, -2.643590
9.31, -1.082782, -2.629963
9.311, -1.082782, -2.629963
9.312, -1.082782, -2.629963
9.313, -1.082782, -2.629963
9.314, -1.082782, -2.629963
9.315, -1.082782, -2.629963
9.316, -1.082782, -2.629963
9.317, -1.082782, -2.629963
9.318, -1.082782, -2.629963
9.319, -1.082782, -2.629963
9.32, -1.109082, -2.614601
9.321, -1.109082, -2.614601
9.322, -1.109082, -2.614601
9.323, -1.109082, -2.614601
9.324, -1.109082, -2.614601
9.325, -1.109082, -2.614601
9.326, -1.109082, -2.614601
9.327, -1.109082, -2.614601
9.328, -1.109082, -2.614601
9.329, -1.109082, -2.614601
9.33, -1.135228, -2.597495
9.331, -1.135228, -2.597495
9.332, -1.135228, -2.597495
9.333, -1.135228, -2.597495
9.334, -1.135228, -2.597495
9.335, -1.135228, -2.597495
9.336, -1.135228, -2.597495
9.337, -1.135228, -2.597495
9.338, -1.135228, -2.597495
9.339, -1.135228, -2.597495
9.34, -1.161203, -2.578642
9.341, -1.161203, -2.578642
9.342, -1.161203, -2.578642
9.343, -1.161203, -2.578642
9.344, -1.161203, -2.578642
9.345, -1.161203, -2.578642
9.346, -1.161203, -2.578642
9.347, -1.161203, -2.578642
9.348, -1.161203, -2.578642
9.349, -1.161203, -2.578642
9.35, -1.186989, -2.558047
9.351, -1.186989, -2.558047
9.352, -1.186989, -2.558047
9.353, -1.186989, -2.558047
9.354, -1.186989, -2.558047
9.355, -1.186989, -2.558047
9.356, -1.186989, -2.558047
9.357, -1.186989, -2.558047
9.358, -1.186989, -2.558047
9.359, -1.186989, -2.558047
9.36, -1.212569, -2.535716
9.361, -1.212569, -2.535716
9.362, -1.212569, -2.535716
9.363, -1.212569, -2.535716
9.364, -1.212569, -2.535716
9.365, -1.212569, -2.535716
9.366, -1.212569, -2.535716
9.367, -1.212569, -2.535716
9.368, -1.212569, -2.535716
9.369, -1.212569, -2.535716
9.37, -1.237927, -2.511664
9.371, -1.237927, -2.511664
9.372, -1.237927, -2.511664
9.373, -1.237927, -2.511664
9.374, -1.237927, -2.511664
9.375, -1.237927, -2.511664
9.376, -1.237927, -2.511664
9.377, -1.237927, -2.511664
9.378, -1.237927, -2.511664
9.379, -1.237927, -2.511664
9.38, -1.263043, -2.485911
9.381, -1.263043, -2.485911
9.382, -1.263043, -2.485911
9.383, -1.263043, -2.485911
9.384, -1.263043, -2.485911
9.385, -1.263043, -2.485911
9.386, -1.263043, -2.485911
9.387, -1.263043, -2.485911
9.388, -1.263043, -2.485911
9.389, -1.263043, -2.485911
9.39, -1.287902, -2.458483
9.391, -1.287902, -2.458483
9.392, -1.287902, -2.458483
9.393, -1.287902, -2.458483
9.394, -1.287902, -2.458483
9.395, -1.287902, -2.458483
9.396, -1.287902, -2.458483
9.397, -1.287902, -2.458483
9.398, -1.287902, -2.458483
9.399, -1.287902, -2.458483
9.4, -1.312487, -2.429410
9.401, -1.312487, -2.429410
9.402, -1.312487, -2.429410
9.403, -1.312487, -2.429410
9.404, -1.312487, -2.429410
9.405, -1.312487, -2.429410
9.406, -1.312487, -2.429410
9.407, -1.312487, -2.429410
9.408, -1.312487, -2.429410
9.409, -1.312487, -2.429410
9.41, -1.336781, -2.398729
9.411, -1.336781, -2.398729
9.412, -1.336781, -2.398729
9.413, -1.336781, -2.398729
9.414, -1.336781, -2.398729
9.415, -1.336781, -2.398729
9.416, -1.336781, -2.398729
9.417, -1.336781, -2.398729
9.418, -1.336781, -2.398729
9.419, -1.336781, -2.398729
9.42, -1.360769, -2.366484
9.421, -1.360769, -2.366484
9.422, -1.360769, -2.366484
9.423, -1.360769, -2.366484
9.424, -1.360769, -2.366484
9.425, -1.360769, -2.366484
9.426, -1.360769, -2.366484
9.427, -1.360769, -2.366484
9.428, -1.360769, -2.366484
9.429, -1.360769, -2.366484
9.43, -1.384433, -2.332721
9.431, -1.384433, -2.332721
9.432, -1.384433, -2.332721
9.433, -1.384433, -2.332721
9.434, -1.384433, -2.332721
9.435, -1.384433, -2.332721
9.436, -1.384433, -2.332721
9.437, -1.384433, -2.332721
9.438, -1.384433, -2.332721
9.439, -1.384433, -2.332721
9.44, -1.407761, -2.297494
9.441, -1.407761, -2.297494
9.442, -1.407761, -2.297494
9.443, -1.407761, -2.297494
9.444, -1.407761, -2.297494
9.445, -1.407761, -2.297494
9.446, -1.407761, -2.297494
9.447, -1.407761, -2.297494
9.448, -1.407761, -2.297494
9.449, -1.407761, -2.297494
9.45, -1.430736, -2.260860
9.451, -1.430736, -2.260860
9.452, -1.430736, -2.260860
9.453, -1.430736, -2.260860
9.454, -1.430736, -2.260860
9.455, -1.430736, -2.260860
9.456, -1.430736, -2.260860
9.457, -1.430736, -2.260860
9.458, -1.430736, -2.260860
9.459, -1.430736, -2.260860
9.46, -1.453344, -2.222881
9.461, -1.453344, -2.222881
9.462, -1.453344, -2.222881
9.463, -1.453344, -2.222881
9.464, -1.453344, -2.222881
9.465, -1.453344, -2.222881
9.466, -1.453344, -2.222881
9.467, -1.453344, -2.222881
9.468, -1.453344, -2.222881
9.469, -1.453344, -2.222881
9.47, -1.475573, -2.183624
9.471, -1.475573, -2.183624
9.472, -1.475573, -2.183624
9.473, -1.475573, -2.183624
9.474, -1.475573, -2.183624
9.475, -1.475573, -2.183624
9.476, -1.475573, -2.183624
9.477, -1.475573, -2.183624
9.478, -1.475573, -2.183624
9.479, -1.475573, -2.183624
9.48, -1.497409, -2.143160
9.481, -1.497409, -2.143160
9.482, -1.497409, -2.143160
9.483, -1.497409, -2.143160
9.484, -1.497409, -2.143160
9.485, -1.497409, -2.143160
9.486, -1.497409, -2.143160
9.487, -1.497409, -2.143160
9.488, -1.497409, -2.143160
9.489, -1.497409, -2.143160
9.49, -1.518841, -2.101563
9.491, -1.518841, -2.101563
9.492, -1.518841, -2.101563
9.493, -1.518841, -2.101563
9.494, -1.518841, -2.101563
9.495, -1.518841, -2.101563
9.496, -1.518841, -2.101563
9.497, -1.518841, -2.101563
9.498, -1.518841, -2.101563
9.499, -1.518841, -2.101563
9.5, -1.539856, -2.058910
9.501, -1.539856, -2.058910
9.502, -1.539856, -2.058910
9.503, -1.539856, -2.058910
9.504, -1.539856, -2.058910
9.505, -1.539856, -2.058910
9.506, -1.539856, -2.058910
9.507, -1.539856, -2.058910
9.508, -1.539856, -2.058910
9.509, -1.539856, -2.058910
9.51, -1.560446, -2.015281
9.511, -1.560446, -2.015281
9.512, -1.560446, -2.015281
9.513, -1.560446, -2.015281
9.514, -1.560446, -2.015281
9.515, -1.560446, -2.015281
9.516, -1.560446, -2.015281
9.517, -1.560446, -2.015281
9.518, -1.560446, -2.015281
9.519, -1.560446, -2.015281
9.52, -1.580598, -1.970757
9.521, -1.580598, -1.970757
9.522, -1.580598, -1.970757
9.523, -1.580598, -1.970757
9.524, -1.580598, -1.970757
9.525, -1.580598, -1.970757
9.526, -1.580598, -1.970757
9.527, -1.580598, -1.970757
9.528, -1.580598, -1.970757
9.529, -1.580598, -1.970757
9.53, -1.600306, -1.925423
9.531, -1.600306, -1.925423
9.532, -1.600306, -1.925423
9.533, -1.600306, -1.925423
9.534, -1.600306, -1.925423
9.535, -1.600306, -1.925423
9.536, -1.600306, -1.925423
9.537, -1.600306, -1.925423
9.538, -1.600306, -1.925423
9.539, -1.600306, -1.925423
9.54, -1.619560, -1.879365
9.541, -1.619560, -1.879365
9.542, -1.619560, -1.879365
9.543, -1.619560, -1.879365
9.544, -1.619560, -1.879365
9.545, -1.619560, -1.879365
9.546, -1.619560, -1.879365
9.547, -1.619560, -1.879365
9.548, -1.619560, -1.879365
9.549, -1.619560, -1.879365
9.55, -1.638354, -1.832668
9.551, -1.638354, -1.832668
9.552, -1.638354, -1.832668
9.553, -1.638354, -1.832668
9.554, -1.638354, -1.832668
9.555, -1.638354, -1.832668
9.556, -1.638354, -1.832668
9.557, -1.638354, -1.832668
9.558, -1.638354, -1.832668
9.559, -1.638354, -1.832668
9.56, -1.656681, -1.785418
9.561, -1.656681, -1.785418
9.562, -1.656681, -1.785418
9.563, -1.656681, -1.785418
9.564, -1.656681, -1.785418
9.565, -1.656681, -1.785418
9.566, -1.656681, -1.785418
9.567, -1.656681, -1.785418
9.568, -1.656681, -1.785418
9.569, -1.656681, -1.785418
9.57, -1.674535, -1.737703
9.571, -1.674535, -1.737703
9.572, -1.674535, -1.737703
9.573, -1.674535, -1.737703
9.574, -1.674535, -1.737703
9.575, -1.674535, -1.737703
9.576, -1.674535, -1.737703
9.577, -1.674535, -1.737703
9.578, -1.674535, -1.737703
9.579, -1.674535, -1.737703
9.58, -1.691912, -1.689609
9.581, -1.691912, -1.689609
9.582, -1.691912, -1.689609
9.583, -1.691912, -1.689609
9.584, -1.691912, -1.689609
9.585, -1.691912, -1.689609
9.586, -1.691912, -1.689609
9.587, -1.691912, -1.689609
9.588, -1.691912, -1.689609
9.589, -1.691912, -1.689609
9.59, -1.708808, -1.641219
9.591, -1.708808, -1.641219
9.592, -1.708808, -1.641219
9.593, -1.708808, -1.641219
9.594, -1.708808, -1.641219
9.595, -1.708808, -1.641219
9.596, -1.708808, -1.641219
9.597, -1.708808, -1.641219
9.598, -1.708808, -1.641219
9.599, -1.708808, -1.641219
9.6, -1.725220, -1.592619
9.601, -1.725220, -1.592619
9.602, -1.725220, -1.592619
9.603, -1.725220, -1.592619
9.604, -1.725220, -1.592619
9.605, -1.725220, -1.592619
9.606, -1.725220, -1.592619
9.607, -1.725220, -1.592619
9.608, -1.725220, -1.592619
9.609, -1.725220, -1.592619
9.61, -1.741146, -1.543891
9.611, -1.741146, -1.543891
9.612, -1.741146, -1.543891
9.613, -1.741146, -1.543891
9.614, -1.741146, -1.543891
9.615, -1.741146, -1.543891
9.616, -1.741146, -1.543891
9.617, -1.741146, -1.543891
9.618, -1.741146, -1.543891
9.619, -1.741146, -1.543891
9.62, -1.756585, -1.495114
9.621, -1.756585, -1.495114
9.622, -1.756585, -1.495114
9.623, -1.756585, -1.495114
9.624, -1.756585, -1.495114
9.625, -1.756585, -1.495114
9.626, -1.756585, -1.495114
9.627, -1.756585, -1.495114
9.628, -1.756585, -1.495114
9.629, -1.756585, -1.495114
9.63, -1.771536, -1.446366
9.631, -1.771536, -1.446366
9.632, -1.771536, -1.446366
9.633, -1.771536, -1.446366
9.634, -1.771536, -1.446366
9.635, -1.771536, -1.446366
9.636, -1.771536, -1.446366
9.637, -1.771536, -1.446366
9.638, -1.771536, -1.446366
9.639, -1.771536, -1.446366
9.64, -1.786000, -1.397723
9.641, -1.786000, -1.397723
9.642, -1.786000, -1.397723
9.643, -1.786000, -1.397723
9.644, -1.786000, -1.397723
9.645, -1.786000, -1.397723
9.646, -1.786000, -1.397723
9.647, -1.786000, -1.397723
9.648, -1.786000, -1.397723
9.649, -1.786000, -1.397723
9.65, -1.799977, -1.349255
9.651, -1.799977, -1.349255
9.652, -1.799977, -1.349255
9.653, -1.799977, -1.349255
9.654, -1.799977, -1.349255
9.655, -1.799977, -1.349255
9.656, -1.799977, -1.349255
9.657, -1.799977, -1.349255
9.658, -1.799977, -1.349255
9.659, -1.799977, -1.349255
9.66, -1.813470, -1.301033
9.661, -1.813470, -1.301033
9.662, -1.813470, -1.301033
9.663, -1.813470, -1.301033
9.664, -1.813470, -1.301033
9.665, -1.813470, -1.301033
9.666, -1.813470, -1.301033
9.667, -1.813470, -1.301033
9.668, -1.813470, -1.301033
9.669, -1.813470, -1.301033
9.67, -1.826480, -1.253122
9.671, -1.826480, -1.253122
9.672, -1.826480, -1.253122
9.673, -1.826480, -1.253122
9.674, -1.826480, -1.253122
9.675, -1.826480, -1.253122
9.676, -1.826480, -1.253122
9.677, -1.826480, -1.253122
9.678, -1.826480, -1.253122
9.679, -1.826480, -1.253122
9.68, -1.839011, -1.205584
9.681, -1.839011, -1.205584
9.682, -1.839011, -1.205584
9.683, -1.839011, -1.205584
9.684, -1.839011, -1.205584
9.685, -1.839011, -1.205584
9.686, -1.839011, -1.205584
9.687, -1.839011, -1.205584
9.688, -1.839011, -1.205584
9.689, -1.839011, -1.205584
9.69, -1.851067, -1.158477
9.691, -1.851067, -1.158477
9.692, -1.851067, -1.158477
9.693, -1.851067, -1.158477
9.694, -1.851067, -1.158477
9.695, -1.851067, -1.158477
9.696, -1.851067, -1.158477
9.697, -1.851067, -1.158477
9.698, -1.851067, -1.158477
9.699, -1.851067, -1.158477
9.7, -1.862652, -1.111857
9.701, -1.862652, -1.111857
9.702, -1.862652, -1.111857
9.703, -1.862652, -1.111857
9.704, -1.862652, -1.111857
9.705, -1.862652, -1.111857
9.706, -1.862652, -1.111857
9.707, -1.862652, -1.111857
9.708, -1.862652, -1.111857
9.709, -1.862652, -1.111857
9.71, -1.873770, -1.065773
9.711, -1.873770, -1.065773
9.712, -1.873770, -1.065773
9.713, -1.873770, -1.065773
9.714, -1.873770, -1.065773
9.715, -1.873770, -1.065773
9.716, -1.873770, -1.065773
9.717, -1.873770, -1.065773
9.718, -1.873770, -1.065773
9.719, -1.873770, -1.065773
9.72, -1.884428, -1.020274
9.721, -1.884428, -1.020274
9.722, -1.884428, -1.020274
9.723, -1.884428, -1.020274
9.724, -1.884428, -1.020274
9.725, -1.884428, -1.020274
9.726, -1.884428, -1.020274
9.727, -1.884428, -1.020274
9.728, -1.884428, -1.020274
9.729, -1.884428, -1.020274
9.73, -1.894631, -0.975402
9.731, -1.894631, -0.975402
9.732, -1.894631, -0.975402
9.733, -1.894631, -0.975402
9.734, -1.894631, -0.975402
9.735, -1.894631, -0.975402
9.736, -1.894631, -0.975402
9.737, -1.894631, -0.975402
9.738, -1.894631, -0.975402
9.739, -1.894631, -0.975402
9.74, -1.904385, -0.931196
9.741, -1.904385, -0.931196
9.742, -1.904385, -0.931196
9.743, -1.904385, -0.931196
9.744, -1.904385, -0.931196
9.745, -1.904385, -0.931196
9.746, -1.904385, -0.931196
9.747, -1.904385, -0.931196
9.748, -1.904385, -0.931196
9.749, -1.904385, -0.931196
9.75, -1.913697, -0.887693
9.751, -1.913697, -0.887693
9.752, -1.913697, -0.887693
9.753, -1.913697, -0.887693
9.754, -1.913697, -0.887693
9.755, -1.913697, -0.887693
9.756, -1.913697, -0.887693
9.757, -1.913697, -0.887693
9.758, -1.913697, -0.887693
9.759, -1.913697, -0.887693
9.76, -1.922574, -0.844923
9.761, -1.922574, -0.844923
9.762, -1.922574, -0.844923
9.763, -1.922574, -0.844923
9.764, -1.922574, -0.844923
9.765, -1.922574, -0.844923
9.766, -1.922574, -0.844923
9.767, -1.922574, -0.844923
9.768, -1.922574, -0.844923
9.769, -1.922574, -0.844923
9.77, -1.931023, -0.802916
9.771, -1.931023, -0.802916
9.772, -1.931023, -0.802916
9.773, -1.931023, -0.802916
9.774, -1.931023, -0.802916
9.775, -1.931023, -0.802916
9.776, -1.931023, -0.802916
9.777, -1.931023, -0.802916
9.778, -1.931023, -0.802916
9.779, -1.931023, -0.802916
9.78, -1.939052, -0.761695
9.781, -1.939052, -0.761695
9.782, -1.939052, -0.761695
9.783, -1.939052, -0.761695
9.784, -1.939052, -0.761695
9.785, -1.939052, -0.761695
9.786, -1.939052, -0.761695
9.787, -1.939052, -0.761695
9.788, -1.939052, -0.761695
9.789, -1.939052, -0.761695
9.79, -1.946669, -0.721283
9.791, -1.946669, -0.721283
9.792, -1.946669, -0.721283
9.793, -1.946669, -0.721283
9.794, -1.946669, -0.721283
9.795, -1.946669, -0.721283
9.796, -1.946669, -0.721283
9.797, -1.946669, -0.721283
9.798, -1.946669, -0.721283
9.799, -1.946669, -0.721283
9.8, -1.953882, -0.681696
9.801, -1.953882, -0.681696
9.802, -1.953882, -0.681696
9.803, -1.953882, -0.681696
9.804, -1.953882, -0.681696
9.805, -1.953882, -0.681696
9.806, -1.953882, -0.681696
9.807, -1.953882, -0.681696
9.808, -1.953882, -0.681696
9.809, -1.953882, -0.681696
9.81, -1.960699, -0.642949
9.811, -1.960699, -0.642949
9.812, -1.960699, -0.642949
9.813, -1.960699, -0.642949
9.814, -1.960699, -0.642949
9.815, -1.960699, -0.642949
9.816, -1.960699, -0.642949
9.817, -1.960699, -0.642949
9.818, -1.960699, -0.642949
9.819, -1.960699, -0.642949
9.82, -1.967128, -0.605054
9.821, -1.967128, -0.605054
9.822, -1.967128, -0.605054
9.823, -1.967128, -0.605054
9.824, -1.967128, -0.605054
9.825, -1.967128, -0.605054
9.826, -1.967128, -0.605054
9.827, -1.967128, -0.605054
9.828, -1.967128, -0.605054
9.829, -1.967128, -0.605054
9.83, -1.973179, -0.568020
9.831, -1.973179, -0.568020
9.832, -1.973179, -0.568020
9.833, -1.973179, -0.568020
9.834, -1.973179, -0.568020
9.835, -1.973179, -0.568020
9.836, -1.973179, -0.568020
9.837, -1.973179, -0.568020
9.838, -1.973179, -0.568020
9.839, -1.973179, -0.568020
9.84, -1.978859, -0.531853
9.841, -1.978859, -0.531853
9.842, -1.978859, -0.531853
9.843, -1.978859, -0.531853
9.844, -1.978859, -0.531853
9.845, -1.978859, -0.531853
9.846, -1.978859, -0.531853
9.847, -1.978859, -0.531853
9.848, -1.978859, -0.531853
9.849, -1.978859, -0.531853
9.85, -1.984178, -0.496557
9.851, -1.984178, -0.496557
9.852, -1.984178, -0.496557
9.853, -1.984178, -0.496557
9.854, -1.984178, -0.496557
9.855, -1.984178, -0.496557
9.856, -1.984178, -0.496557
9.857, -1.984178, -0.496557
9.858, -1.984178, -0.496557
9.859, -1.984178, -0.496557
9.86, -1.989143, -0.462131
9.861, -1.989143, -0.462131
9.862, -1.989143, -0.462131
9.863, -1.989143, -0.462131
9.864, -1.989143, -0.462131
9.865, -1.989143, -0.462131
9.866, -1.989143, -0.462131
9.867, -1.989143, -0.462131
9.868, -1.989143, -0.462131
9.869, -1.989143, -0.462131
9.87, -1.993765, -0.428576
9.871, -1.993765, -0.428576
9.872, -1.993765, -0.428576
9.873, -1.993765, -0.428576
9.874, -1.993765, -0.428576
9.875, -1.993765, -0.428576
9.876, -1.993765, -0.428576
9.877, -1.993765, -0.428576
9.878, -1.993765, -0.428576
9.879, -1.993765, -0.428576
9.88, -1.998050, -0.395888
9.881, -1.998050, -0.395888
9.882, -1.998050, -0.395888
9.883, -1.998050, -0.395888
9.884, -1.998050, -0.395888
9.885, -1.998050, -0.395888
9.886, -1.998050, -0.395888
9.887, -1.998050, -0.395888
9.888, -1.998050, -0.395888
9.889, -1.998050, -0.395888
9.89, -2.002009, -0.364061
9.891, -2.002009, -0.364061
9.892, -2.002009, -0.364061
9.893, -2.002009, -0.364061
9.894, -2.002009, -0.364061
9.895, -2.002009, -0.364061
9.896, -2.002009, -0.364061
9.897, -2.002009, -0.364061
9.898, -2.002009, -0.364061
9.899, -2.002009, -0.364061
9.9, -2.005650, -0.333090
9.901, -2.005650, -0.333090
9.902, -2.005650, -0.333090
9.903, -2.005650, -0.333090
9.904, -2.005650, -0.333090
9.905, -2.005650, -0.333090
9.906, -2.005650, -0.333090
9.907, -2.005650, -0.333090
9.908, -2.005650, -0.333090
9.909, -2.005650, -0.333090
9.91, -2.008981, -0.302966
9.911, -2.008981, -0.302966
9.912, -2.008981, -0.302966
9.913, -2.008981, -0.302966
9.914, -2.008981, -0.302966
9.915, -2.008981, -0.302966
9.916, -2.008981, -0.302966
9.917, -2.008981, -0.302966
9.918, -2.008981, -0.302966
9.919, -2.008981, -0.302966
9.92, -2.012010, -0.273678
9.921, -2.012010, -0.273678
9.922, -2.012010, -0.273678
9.923, -2.012010, -0.273678
9.924, -2.012010, -0.273678
9.925, -2.012010, -0.273678
9.926, -2.012010, -0.273678
9.927, -2.012010, -0.273678
9.928, -2.012010, -0.273678
9.929, -2.012010, -0.273678
9.93, -2.014747, -0.245215
9.931, -2.014747, -0.245215
9.932, -2.014747, -0.245215
9.933, -2.014747, -0.245215
9.934, -2.014747, -0.245215
9.935, -2.014747, -0.245215
9.936, -2.014747, -0.245215
9.937, -2.014747, -0.245215
9.938, -2.014747, -0.245215
9.939, -2.014747, -0.245215
9.94, -2.017199, -0.217566
9.941, -2.017199, -0.217566
9.942, -2.017199, -0.217566
9.943, -2.017199, -0.217566
9.944, -2.017199, -0.217566
9.945, -2.017199, -0.217566
9.946, -2.017199, -0.217566
9.947, -2.017199, -0.217566
9.948, -2.017199, -0.217566
9.949, -2.017199, -0.217566
9.95, -2.019375, -0.190717
9.951, -2.019375, -0.190717
9.952, -2.019375, -0.190717
9.953, -2.019375, -0.190717
9.954, -2.019375, -0.190717
9.955, -2.019375, -0.190717
9.956, -2.019375, -0.190717
9.957, -2.019375, -0.190717
9.958, -2.019375, -0.190717
9.959, -2.019375, -0.190717
9.96, -2.021282, -0.164653
9.961, -2.021282, -0.164653
9.962, -2.021282, -0.164653
9.963, -2.021282, -0.164653
9.964, -2.021282, -0.164653
9.965, -2.021282, -0.164653
9.966, -2.021282, -0.164653
9.967, -2.021282, -0.164653
9.968, -2.021282, -0.164653
9.969, -2.021282, -0.164653
9.97, -2.022929, -0.139360
9.971, -2.022929, -0.139360
9.972, -2.022929, -0.139360
9.973, -2.022929, -0.139360
9.974, -2.022929, -0.139360
9.975, -2.022929, -0.139360
9.976, -2.022929, -0.139360
9.977, -2.022929, -0.139360
9.978, -2.022929, -0.139360
9.979, -2.022929, -0.139360
9.98, -2.024322, -0.114821
9.981, -2.024322, -0.114821
9.982, -2.024322, -0.114821
9.983, -2.024322, -0.114821
9.984, -2.024322, -0.114821
9.985, -2.024322, -0.114821
9.986, -2.024322, -0.114821
9.987, -2.024322, -0.114821
9.988, -2.024322, -0.114821
9.989, -2.024322, -0.114821
9.99, -2.025471, -0.091021
9.991, -2.025471, -0.091021
9.992, -2.025471, -0.091021
9.993, -2.025471, -0.091021
9.994, -2.025471, -0.091021
9.995, -2.025471, -0.091021
9.996, -2.025471, -0.091021
9.997, -2.025471, -0.091021
9.998, -2.025471, -0.091021
9.999, -2.025471, -0.091021
10, -2.026381, -0.067942
10.001, -2.026381, -0.067942
10.002, -2.026381, -0.067942
10.003, -2.026381, -0.067942
10.004, -2.026381, -0.067942
10.005, -2.026381, -0.067942
10.006, -2.026381, -0.067942
10.007, -2.026381, -0.067942
10.008, -2.026381, -0.067942
10.009, -2.026381, -0.067942
10.01, -2.027060, -0.045568
10.011, -2.027060, -0.045568
10.012, -2.027060, -0.045568
10.013, -2.027060, -0.045568
10.014, -2.027060, -0.045568
10.015, -2.027060, -0.045568
10.016, -2.027060, -0.045568
10.017, -2.027060, -0.045568
10.018, -2.027060, -0.045568
10.019, -2.027060, -0.045568
10.02, -2.027516, -0.023881
10.021, -2.027516, -0.023881
10.022, -2.027516, -0.023881
10.023, -2.027516, -0.023881
10.024, -2.027516, -0.023881
10.025, -2.027516, -0.023881
10.026, -2.027516, -0.023881
10.027, -2.027516, -0.023881
10.028, -2.027516, -0.023881
10.029, -2.027516, -0.023881
10.03, -2.027755, -0.002863
10.031, -2.027755, -0.002863
10.032, -2.027755, -0.002863
10.033, -2.027755, -0.002863
10.034, -2.027755, -0.002863
10.035, -2.027755, -0.002863
10.036, -2.027755, -0.002863
10.037, -2.027755, -0.002863
10.038, -2.027755, -0.002863
10.039, -2.027755, -0.002863
10.04, -2.027783, 0.017504
10.041, -2.027783, 0.017504
10.042, -2.027783, 0.017504
10.043, -2.027783, 0.017504
10.044, -2.027783, 0.017504
10.045, -2.027783, 0.017504
10.046, -2.027783, 0.017504
10.047, -2.027783, 0.017504
10.048, -2.027783, 0.017504
10.049, -2.027783, 0.017504
10.05, -2.027608, 0.037237
10.051, -2.027608, 0.037237
10.052, -2.027608, 0.037237
10.053, -2.027608, 0.037237
10.054, -2.027608, 0.037237
10.055, -2.027608, 0.037237
10.056, -2.027608, 0.037237
10.057, -2.027608, 0.037237
10.058, -2.027608, 0.037237
10.059, -2.027608, 0.037237
10.06, -2.027236, 0.056355
10.061, -2.027236, 0.056355
10.062, -2.027236, 0.056355
10.063, -2.027236, 0.056355
10.064, -2.027236, 0.056355
10.065, -2.027236, 0.056355
10.066, -2.027236, 0.056355
10.067, -2.027236, 0.056355
10.068, -2.027236, 0.056355
10.069, -2.027236, 0.056355
10.07, -2.026672, 0.074874
10.071, -2.026672, 0.074874
10.072, -2.026672, 0.074874
10.073, -2.026672, 0.074874
10.074, -2.026672, 0.074874
10.075, -2.026672, 0.074874
10.076, -2.026672, 0.074874
10.077, -2.026672, 0.074874
10.078, -2.026672, 0.074874
10.079, -2.026672, 0.074874
10.08, -2.025924, 0.092815
10.081, -2.025924, 0.092815
10.082, -2.025924, 0.092815
10.083, -2.025924, 0.092815
10.084, -2.025924, 0.092815
10.085, -2.025924, 0.092815
10.086, -2.025924, 0.092815
10.087, -2.025924, 0.092815
10.088, -2.025924, 0.092815
10.089, -2.025924, 0.092815
10.09, -2.024995, 0.110192
10.091, -2.024995, 0.110192
10.092, -2.024995, 0.110192
10.093, -2.024995, 0.110192
10.094, -2.024995, 0.110192
10.095, -2.024995, 0.110192
10.096, -2.024995, 0.110192
10.097, -2.024995, 0.110192
10.098, -2.024995, 0.110192
10.099, -2.024995, 0.110192
10.1, -2.023893, 0.127026
10.101, -2.023893, 0.127026
10.102, -2.023893, 0.127026
10.103, -2.023893, 0.127026
10.104, -2.023893, 0.127026
10.105, -2.023893, 0.127026
10.106, -2.023893, 0.127026
10.107, -2.023893, 0.127026
10.108, -2.023893, 0.127026
10.109, -2.023893, 0.127026
10.11, -2.022623, 0.143332
10.111, -2.022623, 0.143332
10.112, -2.022623, 0.143332
10.113, -2.022623, 0.143332
10.114, -2.022623, 0.143332
10.115, -2.022623, 0.143332
10.116, -2.022623, 0.143332
10.117, -2.022623, 0.143332
10.118, -2.022623, 0.143332
10.119, -2.022623, 0.143332
10.12, -2.021190, 0.159128
10.121, -2.021190, 0.159128
10.122, -2.021190, 0.159128
10.123, -2.021190, 0.159128
10.124, -2.021190, 0.159128
10.125, -2.021190, 0.159128
10.126, -2.021190, 0.159128
10.127, -2.021190, 0.159128
10.128, -2.021190, 0.159128
10.129, -2.021190, 0.159128
10.13, -2.019599, 0.174430
10.131, -2.019599, 0.174430
10.132, -2.019599, 0.174430
10.133, -2.019599, 0.174430
10.134, -2.019599, 0.174430
10.135, -2.019599, 0.174430
10.136, -2.019599, 0.174430
10.137, -2.019599, 0.174430
10.138, -2.019599, 0.174430
10.139, -2.019599, 0.174430
10.14, -2.017854, 0.189256
10.141, -2.017854, 0.189256
10.142, -2.017854, 0.189256
10.143, -2.017854, 0.189256
10.144, -2.017854, 0.189256
10.145, -2.017854, 0.189256
10.146, -2.017854, 0.189256
10.147, -2.017854, 0.189256
10.148, -2.017854, 0.189256
10.149, -2.017854, 0.189256
10.15, -2.015962, 0.203621
10.151, -2.015962, 0.203621
10.152, -2.015962, 0.203621
10.153, -2.015962, 0.203621
10.154, -2.015962, 0.203621
10.155, -2.015962, 0.203621
10.156, -2.015962, 0.203621
10.157, -2.015962, 0.203621
10.158, -2.015962, 0.203621
10.159, -2.015962, 0.203621
10.16, -2.013926, 0.217541
10.161, -2.013926, 0.217541
10.162, -2.013926, 0.217541
10.163, -2.013926, 0.217541
10.164, -2.013926, 0.217541
10.165, -2.013926, 0.217541
10.166, -2.013926, 0.217541
10.167, -2.013926, 0.217541
10.168, -2.013926, 0.217541
10.169, -2.013926, 0.217541
10.17, -2.011750, 0.231033
10.171, -2.011750, 0.231033
10.172, -2.011750, 0.231033
10.173, -2.011750, 0.231033
10.174, -2.011750, 0.231033
10.175, -2.011750, 0.231033
10.176, -2.011750, 0.231033
10.177, -2.011750, 0.231033
10.178, -2.011750, 0.231033
10.179, -2.011750, 0.231033
10.18, -2.009440, 0.244110
10.181, -2.009440, 0.244110
10.182, -2.009440, 0.244110
10.183, -2.009440, 0.244110
10.184, -2.009440, 0.244110
10.185, -2.009440, 0.244110
10.186, -2.009440, 0.244110
10.187, -2.009440, 0.244110
10.188, -2.009440, 0.244110
10.189, -2.009440, 0.244110
10.19, -2.006999, 0.256789
10.191, -2.006999, 0.256789
10.192, -2.006999, 0.256789
10.193, -2.006999, 0.256789
10.194, -2.006999, 0.256789
10.195, -2.006999, 0.256789
10.196, -2.006999, 0.256789
10.197, -2.006999, 0.256789
10.198, -2.006999, 0.256789
10.199, -2.006999, 0.256789
10.2, -2.004431, 0.269083
10.201, -2.004431, 0.269083
10.202, -2.004431, 0.269083
10.203, -2.004431, 0.269083
10.204, -2.004431, 0.269083
10.205, -2.004431, 0.269083
10.206, -2.004431, 0.269083
10.207, -2.004431, 0.269083
10.208, -2.004431, 0.269083
10.209, -2.004431, 0.269083
10.21, -2.001740, 0.281007
10.211, -2.001740, 0.281007
10.212, -2.001740, 0.281007
10.213, -2.001740, 0.281007
10.214, -2.001740, 0.281007
10.215, -2.001740, 0.281007
10.216, -2.001740, 0.281007
10.217, -2.001740, 0.281007
10.218, -2.001740, 0.281007
10.219, -2.001740, 0.281007
10.22, -1.998930, 0.292575
10.221, -1.998930, 0.292575
10.222, -1.998930, 0.292575
10.223, -1.998930, 0.292575
10.224, -1.998930, 0.292575
10.225, -1.998930, 0.292575
10.226, -1.998930, 0.292575
10.227, -1.998930, 0.292575
10.228, -1.998930, 0.292575
10.229, -1.998930, 0.292575
10.23, -1.996004, 0.303800
10.231, -1.996004, 0.303800
10.232, -1.996004, 0.303800
10.233, -1.996004, 0.303800
10.234, -1.996004, 0.303800
10.235, -1.996004, 0.303800
10.236, -1.996004, 0.303800
10.237, -1.996004, 0.303800
10.238, -1.996004, 0.303800
10.239, -1.996004, 0.303800
10.24, -1.992966, 0.314694
10.241, -1.992966, 0.314694
10.242, -1.992966, 0.314694
10.243, -1.992966, 0.314694
10.244, -1.992966, 0.314694
10.245, -1.992966, 0.314694
10.246, -1.992966, 0.314694
10.247, -1.992966, 0.314694
10.248, -1.992966, 0.314694
10.249, -1.992966, 0.314694
10.25, -1.989819, 0.325271
10.251, -1.989819, 0.325271
10.252, -1.989819, 0.325271
10.253, -1.989819, 0.325271
10.254, -1.989819, 0.325271
10.255, -1.989819, 0.325271
10.256, -1.989819, 0.325271
10.257, -1.989819, 0.325271
10.258, -1.989819, 0.325271
10.259, -1.989819, 0.325271
10.26, -1.986567, 0.335544
10.261, -1.986567, 0.335544
10.262, -1.986567, 0.335544
10.263, -1.986567, 0.335544
10.264, -1.986567, 0.335544
10.265, -1.986567, 0.335544
10.266, -1.986567, 0.335544
10.267, -1.986567, 0.335544
10.268, -1.986567, 0.335544
10.269, -1.986567, 0.335544
10.27, -1.983211, 0.345523
10.271, -1.983211, 0.345523
10.272, -1.983211, 0.345523
10.273, -1.983211, 0.345523
10.274, -1.983211, 0.345523
10.275, -1.983211, 0.345523
10.276, -1.983211, 0.345523
10.277, -1.983211, 0.345523
10.278, -1.983211, 0.345523
10.279, -1.983211, 0.345523
10.28, -1.979756, 0.355220
10.281, -1.979756, 0.355220
10.282, -1.979756, 0.355220
10.283, -1.979756, 0.355220
10.284, -1.979756, 0.355220
10.285, -1.979756, 0.355220
10.286, -1.979756, 0.355220
10.287, -1.979756, 0.355220
10.288, -1.979756, 0.355220
10.289, -1.979756, 0.355220
10.29, -1.976204, 0.364647
10.291, -1.976204, 0.364647
10.292, -1.976204, 0.364647
10.293, -1.976204, 0.364647
10.294, -1.976204, 0.364647
10.295, -1.976204, 0.364647
10.296, -1.976204, 0.364647
10.297, -1.976204, 0.364647
10.298, -1.976204, 0.364647
10.299, -1.976204, 0.364647
10.3, -1.972557, 0.373815
10.301, -1.972557, 0.373815
10.302, -1.972557, 0.373815
10.303, -1.972557, 0.373815
10.304, -1.972557, 0.373815
10.305, -1.972557, 0.373815
10.306, -1.972557, 0.373815
10.307, -1.972557, 0.373815
10.308, -1.972557, 0.373815
10.309, -1.972557, 0.373815
10.31, -1.968819, 0.382734
10.311, -1.968819, 0.382734
10.312, -1.968819, 0.382734
10.313, -1.968819, 0.382734
10.314, -1.968819, 0.382734
10.315, -1.968819, 0.382734
10.316, -1.968819, 0.382734
10.317, -1.968819, 0.382734
10.318, -1.968819, 0.382734
10.319, -1.968819, 0.382734
10.32, -1.964992, 0.391413
10.321, -1.964992, 0.391413
10.322, -1.964992, 0.391413
10.323, -1.964992, 0.391413
10.324, -1.964992, 0.391413
10.325, -1.964992, 0.391413
10.326, -1.964992, 0.391413
10.327, -1.964992, 0.391413
10.328, -1.964992, 0.391413
10.329, -1.964992, 0.391413
10.33, -1.961078, 0.399864
10.331, -1.961078, 0.399864
10.332, -1.961078, 0.399864
10.333, -1.961078, 0.399864
10.334, -1.961078, 0.399864
10.335, -1.961078, 0.399864
10.336, -1.961078, 0.399864
10.337, -1.961078, 0.399864
10.338, -1.961078, 0.399864
10.339, -1.961078, 0.399864
10.34, -1.957079, 0.408096
10.341, -1.957079, 0.408096
10.342, -1.957079, 0.408096
10.343, -1.957079, 0.408096
10.344, -1.957079, 0.408096
10.345, -1.957079, 0.408096
10.346, -1.957079, 0.408096
10.347, -1.957079, 0.408096
10.348, -1.957079, 0.408096
10.349, -1.957079, 0.408096
10.35, -1.952998, 0.416117
10.351, -1.952998, 0.416117
10.352, -1.952998, 0.416117
10.353, -1.952998, 0.416117
10.354, -1.952998, 0.416117
10.355, -1.952998, 0.416117
10.356, -1.952998, 0.416117
10.357, -1.952998, 0.416117
10.358, -1.952998, 0.416117
10.359, -1.952998, 0.416117
10.36, -1.948837, 0.423936
10.361, -1.948837, 0.423936
10.362, -1.948837, 0.423936
10.363, -1.948837, 0.423936
10.364, -1.948837, 0.423936
10.365, -1.948837, 0.423936
10.366, -1.948837, 0.423936
10.367, -1.948837, 0.423936
10.368, -1.948837, 0.423936
10.369, -1.948837, 0.423936
10.37, -1.944597, 0.431563
10.371, -1.944597, 0.431563
10.372, -1.944597, 0.431563
10.373, -1.944597, 0.431563
10.374, -1.944597, 0.431563
10.375, -1.944597, 0.431563
10.376, -1.944597, 0.431563
10.377, -1.944597, 0.431563
10.378, -1.944597, 0.431563
10.379, -1.944597, 0.431563
10.38, -1.940282, 0.439005
10.381, -1.940282, 0.439005
10.382, -1.940282, 0.439005
10.383, -1.940282, 0.439005
10.384, -1.940282, 0.439005
10.385, -1.940282, 0.439005
10.386, -1.940282, 0.439005
10.387, -1.940282, 0.439005
10.388, -1.940282, 0.439005
10.389, -1.940282, 0.439005
10.39, -1.935892, 0.446271
10.391, -1.935892, 0.446271
10.392, -1.935892, 0.446271
10.393, -1.935892, 0.446271
10.394, -1.935892, 0.446271
10.395, -1.935892, 0.446271
10.396, -1.935892, 0.446271
10.397, -1.935892, 0.446271
10.398, -1.935892, 0.446271
10.399, -1.935892, 0.446271
10.4, -1.931429, 0.453368
10.401, -1.931429, 0.453368
10.402, -1.931429, 0.453368
10.403, -1.931429, 0.453368
10.404, -1.931429, 0.453368
10.405, -1.931429, 0.453368
10.406, -1.931429, 0.453368
10.407, -1.931429, 0.453368
10.408, -1.931429, 0.453368
10.409, -1.931429, 0.453368
10.41, -1.926895, 0.460303
10.411, -1.926895, 0.460303
10.412, -1.926895, 0.460303
10.413, -1.926895, 0.460303
10.414, -1.926895, 0.460303
10.415, -1.926895, 0.460303
10.416, -1.926895, 0.460303
10.417, -1.926895, 0.460303
10.418, -1.926895, 0.460303
10.419, -1.926895, 0.460303
10.42, -1.922292, 0.467084
10.421, -1.922292, 0.467084
10.422, -1.922292, 0.467084
10.423, -1.922292, 0.467084
10.424, -1.922292, 0.467084
10.425, -1.922292, 0.467084
10.426, -1.922292, 0.467084
10.427, -1.922292, 0.467084
10.428, -1.922292, 0.467084
10.429, -1.922292, 0.467084
10.43, -1.917622, 0.473718
10.431, -1.917622, 0.473718
10.432, -1.917622, 0.473718
10.433, -1.917622, 0.473718
10.434, -1.917622, 0.473718
10.435, -1.917622, 0.473718
10.436, -1.917622, 0.473718
10.437, -1.917622, 0.473718
10.438, -1.917622, 0.473718
10.439, -1.917622, 0.473718
10.44, -1.912884, 0.480212
10.441, -1.912884, 0.480212
10.442, -1.912884, 0.480212
10.443, -1.912884, 0.480212
10.444, -1.912884, 0.480212
10.445, -1.912884, 0.480212
10.446, -1.912884, 0.480212
10.447, -1.912884, 0.480212
10.448, -1.912884, 0.480212
10.449, -1.912884, 0.480212
10.45, -1.908082, 0.486571
10.451, -1.908082, 0.486571
10.452, -1.908082, 0.486571
10.453, -1.908082, 0.486571
10.454, -1.908082, 0.486571
10.455, -1.908082, 0.486571
10.456, -1.908082, 0.486571
10.457, -1.908082, 0.486571
10.458, -1.908082, 0.486571
10.459, -1.908082, 0.486571
10.46, -1.903216, 0.492803
10.461, -1.903216, 0.492803
10.462, -1.903216, 0.492803
10.463, -1.903216, 0.492803
10.464, -1.903216, 0.492803
10.465, -1.903216, 0.492803
10.466, -1.903216, 0.492803
10.467, -1.903216, 0.492803
10.468, -1.903216, 0.492803
10.469, -1.903216, 0.492803
10.47, -1.898288, 0.498913
10.471, -1.898288, 0.498913
10.472, -1.898288, 0.498913
10.473, -1.898288, 0.498913
10.474, -1.898288, 0.498913
10.475, -1.898288, 0.498913
10.476, -1.898288, 0.498913
10.477, -1.898288, 0.498913
10.478, -1.898288, 0.498913
10.479, -1.898288, 0.498913
10.48, -1.893299, 0.504906
10.481, -1.893299, 0.504906
10.482, -1.893299, 0.504906
10.483, -1.893299, 0.504906
10.484, -1.893299, 0.504906
10.485, -1.893299, 0.504906
10.486, -1.893299, 0.504906
10.487, -1.893299, 0.504906
10.488, -1.893299, 0.504906
10.489, -1.893299, 0.504906
10.49, -1.888250, 0.510790
10.491, -1.888250, 0.510790
10.492, -1.888250, 0.510790
10.493, -1.888250, 0.510790
10.494, -1.888250, 0.510790
10.495, -1.888250, 0.510790
10.496, -1.888250, 0.510790
10.497, -1.888250, 0.510790
10.498, -1.888250, 0.510790
10.499, -1.888250, 0.510790
10.5, -1.883142, 0.516568
10.501, -1.883142, 0.516568
10.502, -1.883142, 0.516568
10.503, -1.883142, 0.516568
10.504, -1.883142, 0.516568
10.505, -1.883142, 0.516568
10.506, -1.883142, 0.516568
10.507, -1.883142, 0.516568
10.508, -1.883142, 0.516568
10.509, -1.883142, 0.516568
10.51, -1.877977, 0.522246
10.511, -1.877977, 0.522246
10.512, -1.877977, 0.522246
10.513, -1.877977, 0.522246
10.514, -1.877977, 0.522246
10.515, -1.877977, 0.522246
10.516, -1.877977, 0.522246
10.517, -1.877977, 0.522246
10.518, -1.877977, 0.522246
10.519, -1.877977, 0.522246
10.52, -1.872754, 0.527830
10.521, -1.872754, 0.527830
10.522, -1.872754, 0.527830
10.523, -1.872754, 0.527830
10.524, -1.872754, 0.527830
10.525, -1.872754, 0.527830
10.526, -1.872754, 0.527830
10.527, -1.872754, 0.527830
10.528, -1.872754, 0.527830
10.529, -1.872754, 0.527830
10.53, -1.867476, 0.533324
10.531, -1.867476, 0.533324
10.532, -1.867476, 0.533324
10.533, -1.867476, 0.533324
10.534, -1.867476, 0.533324
10.535, -1.867476, 0.533324
10.536, -1.867476, 0.533324
10.537, -1.867476, 0.533324
10.538, -1.867476, 0.533324
10.539, -1.867476, 0.533324
10.54, -1.862143, 0.538732
10.541, -1.862143, 0.538732
10.542, -1.862143, 0.538732
10.543, -1.862143, 0.538732
10.544, -1.862143, 0.538732
10.545, -1.862143, 0.538732
10.546, -1.862143, 0.538732
10.547, -1.862143, 0.538732
10.548, -1.862143, 0.538732
10.549, -1.862143, 0.538732
10.55, -1.856755, 0.544060
10.551, -1.856755, 0.544060
10.552, -1.856755, 0.544060
10.553, -1.856755, 0.544060
10.554, -1.856755, 0.544060
10.555, -1.856755, 0.544060
10.556, -1.856755, 0.544060
10.557, -1.856755, 0.544060
10.558, -1.856755, 0.544060
10.559, -1.856755, 0.544060
10.56, -1.851315, 0.549312
10.561, -1.851315, 0.549312
10.562, -1.851315, 0.549312
10.563, -1.851315, 0.549312
10.564, -1.851315, 0.549312
10.565, -1.851315, 0.549312
10.566, -1.851315, 0.549312
10.567, -1.851315, 0.549312
10.568, -1.851315, 0.549312
10.569, -1.851315, 0.549312
10.57, -1.845822, 0.554491
10.571, -1.845822, 0.554491
10.572, -1.845822, 0.554491
10.573, -1.845822, 0.554491
10.574, -1.845822, 0.554491
10.575, -1.845822, 0.554491
10.576, -1.845822, 0.554491
10.577, -1.845822, 0.554491
10.578, -1.845822, 0.554491
10.579, -1.845822, 0.554491
10.58, -1.840277, 0.559602
10.581, -1.840277, 0.559602
10.582, -1.840277, 0.559602
10.583, -1.840277, 0.559602
10.584, -1.840277, 0.559602
10.585, -1.840277, 0.559602
10.586, -1.840277, 0.559602
10.587, -1.840277, 0.559602
10.588, -1.840277, 0.559602
10.589, -1.840277, 0.559602
10.59, -1.834681, 0.564649
10.591, -1.834681, 0.564649
10.592, -1.834681, 0.564649
10.593, -1.834681, 0.564649
10.594, -1.834681, 0.564649
10.595, -1.834681, 0.564649
10.596, -1.834681, 0.564649
10.597, -1.834681, 0.564649
10.598, -1.834681, 0.564649
10.599, -1.834681, 0.564649
10.6, -1.829034, 0.569636
10.601, -1.829034, 0.569636
10.602, -1.829034, 0.569636
10.603, -1.829034, 0.569636
10.604, -1.829034, 0.569636
10.605, -1.829034, 0.569636
10.606, -1.829034, 0.569636
10.607, -1.829034, 0.569636
10.608, -1.829034, 0.569636
10.609, -1.829034, 0.569636
10.61, -1.823338, 0.574567
10.611, -1.823338, 0.574567
10.612, -1.823338, 0.574567
10.613, -1.823338, 0.574567
10.614, -1.823338, 0.574567
10.615, -1.823338, 0.574567
10.616, -1.823338, 0.574567
10.617, -1.823338, 0.574567
10.618, -1.823338, 0.574567
10.619, -1.823338, 0.574567
10.62, -1.817592, 0.579444
10.621, -1.817592, 0.579444
10.622, -1.817592, 0.579444
10.623, -1.817592, 0.579444
10.624, -1.817592, 0.579444
10.625, -1.817592, 0.579444
10.626, -1.817592, 0.579444
10.627, -1.817592, 0.579444
10.628, -1.817592, 0.579444
10.629, -1.817592, 0.579444
10.63, -1.811798, 0.584271
10.631, -1.811798, 0.584271
10.632, -1.811798, 0.584271
10.633, -1.811798, 0.584271
10.634, -1.811798, 0.584271
10.635, -1.811798, 0.584271
10.636, -1.811798, 0.584271
10.637, -1.811798, 0.584271
10.638, -1.811798, 0.584271
10.639, -1.811798, 0.584271
10.64, -1.805955, 0.589053
10.641, -1.805955, 0.589053
10.642, -1.805955, 0.589053
10.643, -1.805955, 0.589053
10.644, -1.805955, 0.589053
10.645, -1.805955, 0.589053
10.646, -1.805955, 0.589053
10.647, -1.805955, 0.589053
10.648, -1.805955, 0.589053
10.649, -1.805955, 0.589053
10.65, -1.800065, 0.593791
10.651, -1.800065, 0.593791
10.652, -1.800065, 0.593791
10.653, -1.800065, 0.593791
10.654, -1.800065, 0.593791
10.655, -1.800065, 0.593791
10.656, -1.800065, 0.593791
10.657, -1.800065, 0.593791
10.658, -1.800065, 0.593791
10.659, -1.800065, 0.593791
10.66, -1.794127, 0.598489
10.661, -1.794127, 0.598489
10.662, -1.794127, 0.598489
10.663, -1.794127, 0.598489
10.664, -1.794127, 0.598489
10.665, -1.794127, 0.598489
10.666, -1.794127, 0.598489
10.667, -1.794127, 0.598489
10.668, -1.794127, 0.598489
10.669, -1.794127, 0.598489
10.67, -1.788142, 0.603151
10.671, -1.788142, 0.603151
10.672, -1.788142, 0.603151
10.673, -1.788142, 0.603151
10.674, -1.788142, 0.603151
10.675, -1.788142, 0.603151
10.676, -1.788142, 0.603151
10.677, -1.788142, 0.603151
10.678, -1.788142, 0.603151
10.679, -1.788142, 0.603151
10.68, -1.782110, 0.607778
10.681, -1.782110, 0.607778
10.682, -1.782110, 0.607778
10.683, -1.782110, 0.607778
10.684, -1.782110, 0.607778
10.685, -1.782110, 0.607778
10.686, -1.782110, 0.607778
10.687, -1.782110, 0.607778
10.688, -1.782110, 0.607778
10.689, -1.782110, 0.607778
10.69, -1.776032, 0.612375
10.691, -1.776032, 0.612375
10.692, -1.776032, 0.612375
10.693, -1.776032, 0.612375
10.694, -1.776032, 0.612375
10.695, -1.776032, 0.612375
10.696, -1.776032, 0.612375
10.697, -1.776032, 0.612375
10.698, -1.776032, 0.612375
10.699, -1.776032, 0.612375
10.7, -1.769909, 0.616943
10.701, -1.769909, 0.616943
10.702, -1.769909, 0.616943
10.703, -1.769909, 0.616943
10.704, -1.769909, 0.616943
10.705, -1.769909, 0.616943
10.706, -1.769909, 0.616943
10.707, -1.769909, 0.616943
10.708, -1.769909, 0.616943
10.709, -1.769909, 0.616943
10.71, -1.763739, 0.621485
10.711, -1.763739, 0.621485
10.712, -1.763739, 0.621485
10.713, -1.763739, 0.621485
10.714, -1.763739, 0.621485
10.715, -1.763739, 0.621485
10.716, -1.763739, 0.621485
10.717, -1.763739, 0.621485
10.718, -1.763739, 0.621485
10.719, -1.763739, 0.621485
10.72, -1.757524, 0.626004
10.721, -1.757524, 0.626004
10.722, -1.757524, 0.626004
10.723, -1.757524, 0.626004
10.724, -1.757524, 0.626004
10.725, -1.757524, 0.626004
10.726, -1.757524, 0.626004
10.727, -1.757524, 0.626004
10.728, -1.757524, 0.626004
10.729, -1.757524, 0.626004
10.73, -1.751264, 0.630503
10.731, -1.751264, 0.630503
10.732, -1.751264, 0.630503
10.733, -1.751264, 0.630503
10.734, -1.751264, 0.630503
10.735, -1.751264, 0.630503
10.736, -1.751264, 0.630503
10.737, -1.751264, 0.630503
10.738, -1.751264, 0.630503
10.739, -1.751264, 0.630503
10.74, -1.744959, 0.634983
10.741, -1.744959, 0.634983
10.742, -1.744959, 0.634983
10.743, -1.744959, 0.634983
10.744, -1.744959, 0.634983
10.745, -1.744959, 0.634983
10.746, -1.744959, 0.634983
10.747, -1.744959, 0.634983
10.748, -1.744959, 0.634983
10.749, -1.744959, 0.634983
10.75, -1.738610, 0.639448
10.751, -1.738610, 0.639448
10.752, -1.738610, 0.639448
10.753, -1.738610, 0.639448
10.754, -1.738610, 0.639448
10.755, -1.738610, 0.639448
10.756, -1.738610, 0.639448
10.757, -1.738610, 0.639448
10.758, -1.738610, 0.639448
10.759, -1.738610, 0.639448
10.76, -1.732215, 0.643900
10.761, -1.732215, 0.643900
10.762, -1.732215, 0.643900
10.763, -1.732215, 0.643900
10.764, -1.732215, 0.643900
10.765, -1.732215, 0.643900
10.766, -1.732215, 0.643900
10.767, -1.732215, 0.643900
10.768, -1.732215, 0.643900
10.769, -1.732215, 0.643900
10.77, -1.725776, 0.648340
10.771, -1.725776, 0.648340
10.772, -1.725776, 0.648340
10.773, -1.725776, 0.648340
10.774, -1.725776, 0.648340
10.775, -1.725776, 0.648340
10.776, -1.725776, 0.648340
10.777, -1.725776, 0.648340
10.778, -1.725776, 0.648340
10.779, -1.725776, 0.648340
10.78, -1.719293, 0.652772
10.781, -1.719293, 0.652772
10.782, -1.719293, 0.652772
10.783, -1.719293, 0.652772
10.784, -1.719293, 0.652772
10.785, -1.719293, 0.652772
10.786, -1.719293, 0.652772
10.787, -1.719293, 0.652772
10.788, -1.719293, 0.652772
10.789, -1.719293, 0.652772
10.79, -1.712765, 0.657197
10.791, -1.712765, 0.657197
10.792, -1.712765, 0.657197
10.793, -1.712765, 0.657197
10.794, -1.712765, 0.657197
10.795, -1.712765, 0.657197
10.796, -1.712765, 0.657197
10.797, -1.712765, 0.657197
10.798, -1.712765, 0.657197
10.799, -1.712765, 0.657197
10.8, -1.706193, 0.661617
10.801, -1.706193, 0.661617
10.802, -1.706193, 0.661617
10.803, -1.706193, 0.661617
10.804, -1.706193, 0.661617
10.805, -1.706193, 0.661617
10.806, -1.706193, 0.661617
10.807, -1.706193, 0.661617
10.808, -1.706193, 0.661617
10.809, -1.706193, 0.661617
10.81, -1.699577, 0.666035
10.811, -1.699577, 0.666035
10.812, -1.699577, 0.666035
10.813, -1.699577, 0.666035
10.814, -1.699577, 0.666035
10.815, -1.699577, 0.666035
10.816, -1.699577, 0.666035
10.817, -1.699577, 0.666035
10.818, -1.699577, 0.666035
10.819, -1.699577, 0.666035
10.82, -1.692916, 0.670452
10.821, -1.692916, 0.670452
10.822, -1.692916, 0.670452
10.823, -1.692916, 0.670452
10.824, -1.692916, 0.670452
10.825, -1.692916, 0.670452
10.826, -1.692916, 0.670452
10.827, -1.692916, 0.670452
10.828, -1.692916, 0.670452
10.829, -1.692916, 0.670452
10.83, -1.686212, 0.674871
10.831, -1.686212, 0.674871
10.832, -1.686212, 0.674871
10.833, -1.686212, 0.674871
10.834, -1.686212, 0.674871
10.835, -1.686212, 0.674871
10.836, -1.686212, 0.674871
10.837, -1.686212, 0.674871
10.838, -1.686212, 0.674871
10.839, -1.686212, 0.674871
10.84, -1.679463, 0.679293
10.841, -1.679463, 0.679293
10.842, -1.679463, 0.679293
10.843, -1.679463, 0.679293
10.844, -1.679463, 0.679293
10.845, -1.679463, 0.679293
10.846, -1.679463, 0.679293
10.847, -1.679463, 0.679293
10.848, -1.679463, 0.679293
10.849, -1.679463, 0.679293
10.85, -1.672670, 0.683721
10.851, -1.672670, 0.683721
10.852, -1.672670, 0.683721
10.853, -1.672670, 0.683721
10.854, -1.672670, 0.683721
10.855, -1.672670, 0.683721
10.856, -1.672670, 0.683721
10.857, -1.672670, 0.683721
10.858, -1.672670, 0.683721
10.859, -1.672670, 0.683721
10.86, -1.665833, 0.688155
10.861, -1.665833, 0.688155
10.862, -1.665833, 0.688155
10.863, -1.665833, 0.688155
10.864, -1.665833, 0.688155
10.865, -1.665833, 0.688155
10.866, -1.665833, 0.688155
10.867, -1.665833, 0.688155
10.868, -1.665833, 0.688155
10.869, -1.665833, 0.688155
10.87, -1.658951, 0.692599
10.871, -1.658951, 0.692599
10.872, -1.658951, 0.692599
10.873, -1.658951, 0.692599
10.874, -1.658951, 0.692599
10.875, -1.658951, 0.692599
10.876, -1.658951, 0.692599
10.877, -1.658951, 0.692599
10.878, -1.658951, 0.692599
10.879, -1.658951, 0.692599
10.88, -1.652025, 0.697053
10.881, -1.652025, 0.697053
10.882, -1.652025, 0.697053
10.883, -1.652025, 0.697053
10.884, -1.652025, 0.697053
10.885, -1.652025, 0.697053
10.886, -1.652025, 0.697053
10.887, -1.652025, 0.697053
10.888, -1.652025, 0.697053
10.889, -1.652025, 0.697053
10.89, -1.645055, 0.701520
10.891, -1.645055, 0.701520
10.892, -1.645055, 0.701520
10.893, -1.645055, 0.701520
10.894, -1.645055, 0.701520
10.895, -1.645055, 0.701520
10.896, -1.645055, 0.701520
10.897, -1.645055, 0.701520
10.898, -1.645055, 0.701520
10.899, -1.645055, 0.701520
10.9, -1.638040, 0.706001
10.901, -1.638040, 0.706001
10.902, -1.638040, 0.706001
10.903, -1.638040, 0.706001
10.904, -1.638040, 0.706001
10.905, -1.638040, 0.706001
10.906, -1.638040, 0.706001
10.907, -1.638040, 0.706001
10.908, -1.638040, 0.706001
10.909, -1.638040, 0.706001
10.91, -1.630980, 0.710498
10.911, -1.630980, 0.710498
10.912, -1.630980, 0.710498
10.913, -1.630980, 0.710498
10.914, -1.630980, 0.710498
10.915, -1.630980, 0.710498
10.916, -1.630980, 0.710498
10.917, -1.630980, 0.710498
10.918, -1.630980, 0.710498
10.919, -1.630980, 0.710498
10.92, -1.623875, 0.715013
10.921, -1.623875, 0.715013
10.922, -1.623875, 0.715013
10.923, -1.623875, 0.715013
10.924, -1.623875, 0.715013
10.925, -1.623875, 0.715013
10.926, -1.623875, 0.715013
10.927, -1.623875, 0.715013
10.928, -1.623875, 0.715013
10.929, -1.623875, 0.715013
10.93, -1.616725, 0.719548
10.931, -1.616725, 0.719548
10.932, -1.616725, 0.719548
10.933, -1.616725, 0.719548
10.934, -1.616725, 0.719548
10.935, -1.616725, 0.719548
10.936, -1.616725, 0.719548
10.937, -1.616725, 0.719548
10.938, -1.616725, 0.719548
10.939, -1.616725, 0.719548
10.94, -1.609529, 0.724103
10.941, -1.609529, 0.724103
10.942, -1.609529, 0.724103
10.943, -1.609529, 0.724103
10.944, -1.609529, 0.724103
10.945, -1.609529, 0.724103
10.946, -1.609529, 0.724103
10.947, -1.609529, 0.724103
10.948, -1.609529, 0.724103
10.949, -1.609529, 0.724103
10.95, -1.602288, 0.728681
10.951, -1.602288, 0.728681
10.952, -1.602288, 0.728681
10.953, -1.602288, 0.728681
10.954, -1.602288, 0.728681
10.955, -1.602288, 0.728681
10.956, -1.602288, 0.728681
10.957, -1.602288, 0.728681
10.958, -1.602288, 0.728681
10.959, -1.602288, 0.728681
10.96, -1.595001, 0.733283
10.961, -1.595001, 0.733283
10.962, -1.595001, 0.733283
10.963, -1.595001, 0.733283
10.964, -1.595001, 0.733283
10.965, -1.595001, 0.733283
10.966, -1.595001, 0.733283
10.967, -1.595001, 0.733283
10.968, -1.595001, 0.733283
10.969, -1.595001, 0.733283
10.97, -1.587668, 0.737911
10.971, -1.587668, 0.737911
10.972, -1.587668, 0.737911
10.973, -1.587668, 0.737911
10.974, -1.587668, 0.737911
10.975, -1.587668, 0.737911
10.976, -1.587668, 0.737911
10.977, -1.587668, 0.737911
10.978, -1.587668, 0.737911
10.979, -1.587668, 0.737911
10.98, -1.580289, 0.742566
10.981, -1.580289, 0.742566
10.982, -1.580289, 0.742566
10.983, -1.580289, 0.742566
10.984, -1.580289, 0.742566
10.985, -1.580289, 0.742566
10.986, -1.580289, 0.742566
10.987, -1.580289, 0.742566
10.988, -1.580289, 0.742566
10.989, -1.580289, 0.742566
10.99, -1.572864, 0.747250
10.991, -1.572864, 0.747250
10.992, -1.572864, 0.747250
10.993, -1.572864, 0.747250
10.994, -1.572864, 0.747250
10.995, -1.572864, 0.747250
10.996, -1.572864, 0.747250
10.997, -1.572864, 0.747250
10.998, -1.572864, 0.747250
10.999, -1.572864, 0.747250
11, -1.565391, 0.751965
11.001, -1.565391, 0.751965
11.002, -1.565391, 0.751965
11.003, -1.565391, 0.751965
11.004, -1.565391, 0.751965
11.005, -1.565391, 0.751965
11.006, -1.565391, 0.751965
11.007, -1.565391, 0.751965
11.008, -1.565391, 0.751965
11.009, -1.565391, 0.751965
11.01, -1.557872, 0.756712
11.011, -1.557872, 0.756712
11.012, -1.557872, 0.756712
11.013, -1.557872, 0.756712
11.014, -1.557872, 0.756712
11.015, -1.557872, 0.756712
11.016, -1.557872, 0.756712
11.017, -1.557872, 0.756712
11.018, -1.557872, 0.756712
11.019, -1.557872, 0.756712
11.02, -1.550304, 0.761493
11.021, -1.550304, 0.761493
11.022, -1.550304, 0.761493
11.023, -1.550304, 0.761493
11.024, -1.550304, 0.761493
11.025, -1.550304, 0.761493
11.026, -1.550304, 0.761493
11.027, -1.550304, 0.761493
11.028, -1.550304, 0.761493
11.029, -1.550304, 0.761493
11.03, -1.542690, 0.766309
11.031, -1.542690, 0.766309
11.032, -1.542690, 0.766309
11.033, -1.542690, 0.766309
11.034, -1.542690, 0.766309
11.035, -1.542690, 0.766309
11.036, -1.542690, 0.766309
11.037, -1.542690, 0.766309
11.038, -1.542690, 0.766309
11.039, -1.542690, 0.766309
11.04, -1.535026, 0.771161
11.041, -1.535026, 0.771161
11.042, -1.535026, 0.771161
11.043, -1.535026, 0.771161
11.044, -1.535026, 0.771161
11.045, -1.535026, 0.771161
11.046, -1.535026, 0.771161
11.047, -1.535026, 0.771161
11.048, -1.535026, 0.771161
11.049, -1.535026, 0.771161
11.05, -1.527315, 0.776052
11.051, -1.527315, 0.776052
11.052, -1.527315, 0.776052
11.053, -1.527315, 0.776052
11.054, -1.527315, 0.776052
11.055, -1.527315, 0.776052
11.056, -1.527315, 0.776052
11.057, -1.527315, 0.776052
11.058, -1.527315, 0.776052
11.059, -1.527315, 0.776052
11.06, -1.519554, 0.780983
11.061, -1.519554, 0.780983
11.062, -1.519554, 0.780983
11.063, -1.519554, 0.780983
11.064, -1.519554, 0.780983
11.065, -1.519554, 0.780983
11.066, -1.519554, 0.780983
11.067, -1.519554, 0.780983
11.068, -1.519554, 0.780983
11.069, -1.519554, 0.780983
11.07, -1.511744, 0.785955
11.071, -1.511744, 0.785955
11.072, -1.511744, 0.785955
11.073, -1.511744, 0.785955
11.074, -1.511744, 0.785955
11.075, -1.511744, 0.785955
11.076, -1.511744, 0.785955
11.077, -1.511744, 0.785955
11.078, -1.511744, 0.785955
11.079, -1.511744, 0.785955
11.08, -1.503885, 0.790970
11.081, -1.503885, 0.790970
11.082, -1.503885, 0.790970
11.083, -1.503885, 0.790970
11.084, -1.503885, 0.790970
11.085, -1.503885, 0.790970
11.086, -1.503885, 0.790970
11.087, -1.503885, 0.790970
11.088, -1.503885, 0.790970
11.089, -1.503885, 0.790970
11.09, -1.495975, 0.796030
11.091, -1.495975, 0.796030
11.092, -1.495975, 0.796030
11.093, -1.495975, 0.796030
11.094, -1.495975, 0.796030
11.095, -1.495975, 0.796030
11.096, -1.495975, 0.796030
11.097, -1.495975, 0.796030
11.098, -1.495975, 0.796030
11.099, -1.495975, 0.796030
11.1, -1.488015, 0.801135
11.101, -1.488015, 0.801135
11.102, -1.488015, 0.801135
11.103, -1.488015, 0.801135
11.104, -1.488015, 0.801135
11.105, -1.488015, 0.801135
11.106, -1.488015, 0.801135
11.107, -1.488015, 0.801135
11.108, -1.488015, 0.801135
11.109, -1.488015, 0.801135
11.11, -1.480004, 0.806288
11.111, -1.480004, 0.806288
11.112, -1.480004, 0.806288
11.113, -1.480004, 0.806288
11.114, -1.480004, 0.806288
11.115, -1.480004, 0.806288
11.116, -1.480004, 0.806288
11.117, -1.480004, 0.806288
11.118, -1.480004, 0.806288
11.119, -1.480004, 0.806288
11.12, -1.471941, 0.811490
11.121, -1.471941, 0.811490
11.122, -1.471941, 0.811490
11.123, -1.471941, 0.811490
11.124, -1.471941, 0.811490
11.125, -1.471941, 0.811490
11.126, -1.471941, 0.811490
11.127, -1.471941, 0.811490
11.128, -1.471941, 0.811490
11.129, -1.471941, 0.811490
11.13, -1.463826, 0.816742
11.131, -1.463826, 0.816742
11.132, -1.463826, 0.816742
11.133, -1.463826, 0.816742
11.134, -1.463826, 0.816742
11.135, -1.463826, 0.816742
11.136, -1.463826, 0.816742
11.137, -1.463826, 0.816742
11.138, -1.463826, 0.816742
11.139, -1.463826, 0.816742
11.14, -1.455658, 0.822047
11.141, -1.455658, 0.822047
11.142, -1.455658, 0.822047
11.143, -1.455658, 0.822047
11.144, -1.455658, 0.822047
11.145, -1.455658, 0.822047
11.146, -1.455658, 0.822047
11.147, -1.455658, 0.822047
11.148, -1.455658, 0.822047
11.149, -1.455658, 0.822047
11.15, -1.447438, 0.827405
11.151, -1.447438, 0.827405
11.152, -1.447438, 0.827405
11.153, -1.447438, 0.827405
11.154, -1.447438, 0.827405
11.155, -1.447438, 0.827405
11.156, -1.447438, 0.827405
11.157, -1.447438, 0.827405
11.158, -1.447438, 0.827405
11.159, -1.447438, 0.827405
11.16, -1.439164, 0.832819
11.161, -1.439164, 0.832819
11.162, -1.439164, 0.832819
11.163, -1.439164, 0.832819
11.164, -1.439164, 0.832819
11.165, -1.439164, 0.832819
11.166, -1.439164, 0.832819
11.167, -1.439164, 0.832819
11.168, -1.439164, 0.832819
11.169, -1.439164, 0.832819
11.17, -1.430836, 0.838290
11.171, -1.430836, 0.838290
11.172, -1.430836, 0.838290
11.173, -1.430836, 0.838290
11.174, -1.430836, 0.838290
11.175, -1.430836, 0.838290
11.176, -1.430836, 0.838290
11.177, -1.430836, 0.838290
11.178, -1.430836, 0.838290
11.179, -1.430836, 0.838290
11.18, -1.422453, 0.843819
11.181, -1.422453, 0.843819
11.182, -1.422453, 0.843819
11.183, -1.422453, 0.843819
11.184, -1.422453, 0.843819
11.185, -1.422453, 0.843819
11.186, -1.422453, 0.843819
11.187, -1.422453, 0.843819
11.188, -1.422453, 0.843819
11.189, -1.422453, 0.843819
11.19, -1.414015, 0.849408
11.191, -1.414015, 0.849408
11.192, -1.414015, 0.849408
11.193, -1.414015, 0.849408
11.194, -1.414015, 0.849408
11.195, -1.414015, 0.849408
11.196, -1.414015, 0.849408
11.197, -1.414015, 0.849408
11.198, -1.414015, 0.849408
11.199, -1.414015, 0.849408
11.2, -1.405520, 0.855059
11.201, -1.405520, 0.855059
11.202, -1.405520, 0.855059
11.203, -1.405520, 0.855059
11.204, -1.405520, 0.855059
11.205, -1.405520, 0.855059
11.206, -1.405520, 0.855059
11.207, -1.405520, 0.855059
11.208, -1.405520, 0.855059
11.209, -1.405520, 0.855059
11.21, -1.396970, 0.860773
11.211, -1.396970, 0.860773
11.212, -1.396970, 0.860773
11.213, -1.396970, 0.860773
11.214, -1.396970, 0.860773
11.215, -1.396970, 0.860773
11.216, -1.396970, 0.860773
11.217, -1.396970, 0.860773
11.218, -1.396970, 0.860773
11.219, -1.396970, 0.860773
11.22, -1.388362, 0.866552
11.221, -1.388362, 0.866552
11.222, -1.388362, 0.866552
11.223, -1.388362, 0.866552
11.224, -1.388362, 0.866552
11.225, -1.388362, 0.866552
11.226, -1.388362, 0.866552
11.227, -1.388362, 0.866552
11.228, -1.388362, 0.866552
11.229, -1.388362, 0.866552
11.23, -1.379697, 0.872398
11.231, -1.379697, 0.872398
11.232, -1.379697, 0.872398
11.233, -1.379697, 0.872398
11.234, -1.379697, 0.872398
11.235, -1.379697, 0.872398
11.236, -1.379697, 0.872398
11.237, -1.379697, 0.872398
11.238, -1.379697, 0.872398
11.239, -1.379697, 0.872398
11.24, -1.370973, 0.878312
11.241, -1.370973, 0.878312
11.242, -1.370973, 0.878312
11.243, -1.370973, 0.878312
11.244, -1.370973, 0.878312
11.245, -1.370973, 0.878312
11.246, -1.370973, 0.878312
11.247, -1.370973, 0.878312
11.248, -1.370973, 0.878312
11.249, -1.370973, 0.878312
11.25, -1.362190, 0.884297
11.251, -1.362190, 0.884297
11.252, -1.362190, 0.884297
11.253, -1.362190, 0.884297
11.254, -1.362190, 0.884297
11.255, -1.362190, 0.884297
11.256, -1.362190, 0.884297
11.257, -1.362190, 0.884297
11.258, -1.362190, 0.884297
11.259, -1.362190, 0.884297
11.26, -1.353347, 0.890353
11.261, -1.353347, 0.890353
11.262, -1.353347, 0.890353
11.263, -1.353347, 0.890353
11.264, -1.353347, 0.890353
11.265, -1.353347, 0.890353
11.266, -1.353347, 0.890353
11.267, -1.353347, 0.890353
11.268, -1.353347, 0.890353
11.269, -1.353347, 0.890353
11.27, -1.344443, 0.896483
11.271, -1.344443, 0.896483
11.272, -1.344443, 0.896483
11.273, -1.344443, 0.896483
11.274, -1.344443, 0.896483
11.275, -1.344443, 0.896483
11.276, -1.344443, 0.896483
11.277, -1.344443, 0.896483
11.278, -1.344443, 0.896483
11.279, -1.344443, 0.896483
11.28, -1.335478, 0.902688
11.281, -1.335478, 0.902688
11.282, -1.335478, 0.902688
11.283, -1.335478, 0.902688
11.284, -1.335478, 0.902688
11.285, -1.335478, 0.902688
11.286, -1.335478, 0.902688
11.287, -1.335478, 0.902688
11.288, -1.335478, 0.902688
11.289, -1.335478, 0.902688
11.29, -1.326451, 0.908970
11.291, -1.326451, 0.908970
11.292, -1.326451, 0.908970
11.293, -1.326451, 0.908970
11.294, -1.326451, 0.908970
11.295, -1.326451, 0.908970
11.296, -1.326451, 0.908970
11.297, -1.326451, 0.908970
11.298, -1.326451, 0.908970
11.299, -1.326451, 0.908970
11.3, -1.317362, 0.915331
11.301, -1.317362, 0.915331
11.302, -1.317362, 0.915331
11.303, -1.317362, 0.915331
11.304, -1.317362, 0.915331
11.305, -1.317362, 0.915331
11.306, -1.317362, 0.915331
11.307, -1.317362, 0.915331
11.308, -1.317362, 0.915331
11.309, -1.317362, 0.915331
11.31, -1.308208, 0.921773
11.311, -1.308208, 0.921773
11.312, -1.308208, 0.921773
11.313, -1.308208, 0.921773
11.314, -1.308208, 0.921773
11.315, -1.308208, 0.921773
11.316, -1.308208, 0.921773
11.317, -1.308208, 0.921773
11.318, -1.308208, 0.921773
11.319, -1.308208, 0.921773
11.32, -1.298991, 0.928297
11.321, -1.298991, 0.928297
11.322, -1.298991, 0.928297
11.323, -1.298991, 0.928297
11.324, -1.298991, 0.928297
11.325, -1.298991, 0.928297
11.326, -1.298991, 0.928297
11.327, -1.298991, 0.928297
11.328, -1.298991, 0.928297
11.329, -1.298991, 0.928297
11.33, -1.289708, 0.934906
11.331, -1.289708, 0.934906
11.332, -1.289708, 0.934906
11.333, -1.289708, 0.934906
11.334, -1.289708, 0.934906
11.335, -1.289708, 0.934906
11.336, -1.289708, 0.934906
11.337, -1.289708, 0.934906
11.338, -1.289708, 0.934906
11.339, -1.289708, 0.934906
11.34, -1.280359, 0.941602
11.341, -1.280359, 0.941602
11.342, -1.280359, 0.941602
11.343, -1.280359, 0.941602
11.344, -1.280359, 0.941602
11.345, -1.280359, 0.941602
11.346, -1.280359, 0.941602
11.347, -1.280359, 0.941602
11.348, -1.280359, 0.941602
11.349, -1.280359, 0.941602
11.35, -1.270943, 0.948386
11.351, -1.270943, 0.948386
11.352, -1.270943, 0.948386
11.353, -1.270943, 0.948386
11.354, -1.270943, 0.948386
11.355, -1.270943, 0.948386
11.356, -1.270943, 0.948386
11.357, -1.270943, 0.948386
11.358, -1.270943, 0.948386
11.359, -1.270943, 0.948386
11.36, -1.261459, 0.955260
11.361, -1.261459, 0.955260
11.362, -1.261459, 0.955260
11.363, -1.261459, 0.955260
11.364, -1.261459, 0.955260
11.365, -1.261459, 0.955260
11.366, -1.261459, 0.955260
11.367, -1.261459, 0.955260
11.368, -1.261459, 0.955260
11.369, -1.261459, 0.955260
11.37, -1.251906, 0.962226
11.371, -1.251906, 0.962226
11.372, -1.251906, 0.962226
11.373, -1.251906, 0.962226
11.374, -1.251906, 0.962226
11.375, -1.251906, 0.962226
11.376, -1.251906, 0.962226
11.377, -1.251906, 0.962226
11.378, -1.251906, 0.962226
11.379, -1.251906, 0.962226
11.38, -1.242284, 0.969287
11.381, -1.242284, 0.969287
11.382, -1.242284, 0.969287
11.383, -1.242284, 0.969287
11.384, -1.242284, 0.969287
11.385, -1.242284, 0.969287
11.386, -1.242284, 0.969287
11.387, -1.242284, 0.969287
11.388, -1.242284, 0.969287
11.389, -1.242284, 0.969287
11.39, -1.232591, 0.976444
11.391, -1.232591, 0.976444
11.392, -1.232591, 0.976444
11.393, -1.232591, 0.976444
11.394, -1.232591, 0.976444
11.395, -1.232591, 0.976444
11.396, -1.232591, 0.976444
11.397, -1.232591, 0.976444
11.398, -1.232591, 0.976444
11.399, -1.232591, 0.976444
11.4, -1.222827, 0.983699
11.401, -1.222827, 0.983699
11.402, -1.222827, 0.983699
11.403, -1.222827, 0.983699
11.404, -1.222827, 0.983699
11.405, -1.222827, 0.983699
11.406, -1.222827, 0.983699
11.407, -1.222827, 0.983699
11.408, -1.222827, 0.983699
11.409, -1.222827, 0.983699
11.41, -1.212990, 0.991055
11.411, -1.212990, 0.991055
11.412, -1.212990, 0.991055
11.413, -1.212990, 0.991055
11.414, -1.212990, 0.991055
11.415, -1.212990, 0.991055
11.416, -1.212990, 0.991055
11.417, -1.212990, 0.991055
11.418, -1.212990, 0.991055
11.419, -1.212990, 0.991055
11.42, -1.203079, 0.998514
11.421, -1.203079, 0.998514
11.422, -1.203079, 0.998514
11.423, -1.203079, 0.998514
11.424, -1.203079, 0.998514
11.425, -1.203079, 0.998514
11.426, -1.203079, 0.998514
11.427, -1.203079, 0.998514
11.428, -1.203079, 0.998514
11.429, -1.203079, 0.998514
11.43, -1.193094, 1.006077
11.431, -1.193094, 1.006077
11.432, -1.193094, 1.006077
11.433, -1.193094, 1.006077
11.434, -1.193094, 1.006077
11.435, -1.193094, 1.006077
11.436, -1.193094, 1.006077
11.437, -1.193094, 1.006077
11.438, -1.193094, 1.006077
11.439, -1.193094, 1.006077
11.44, -1.183033, 1.013748
11.441, -1.183033, 1.013748
11.442, -1.183033, 1.013748
11.443, -1.183033, 1.013748
11.444, -1.183033, 1.013748
11.445, -1.183033, 1.013748
11.446, -1.183033, 1.013748
11.447, -1.183033, 1.013748
11.448, -1.183033, 1.013748
11.449, -1.183033, 1.013748
11.45, -1.172896, 1.021527
11.451, -1.172896, 1.021527
11.452, -1.172896, 1.021527
11.453, -1.172896, 1.021527
11.454, -1.172896, 1.021527
11.455, -1.172896, 1.021527
11.456, -1.172896, 1.021527
11.457, -1.172896, 1.021527
11.458, -1.172896, 1.021527
11.459, -1.172896, 1.021527
11.46, -1.162680, 1.029419
11.461, -1.162680, 1.029419
11.462, -1.162680, 1.029419
11.463, -1.162680, 1.029419
11.464, -1.162680, 1.029419
11.465, -1.162680, 1.029419
11.466, -1.162680, 1.029419
11.467, -1.162680, 1.029419
11.468, -1.162680, 1.029419
11.469, -1.162680, 1.029419
11.47, -1.152386, 1.037424
11.471, -1.152386, 1.037424
11.472, -1.152386, 1.037424
11.473, -1.152386, 1.037424
11.474, -1.152386, 1.037424
11.475, -1.152386, 1.037424
11.476, -1.152386, 1.037424
11.477, -1.152386, 1.037424
11.478, -1.152386, 1.037424
11.479, -1.152386, 1.037424
11.48, -1.142012, 1.045545
11.481, -1.142012, 1.045545
11.482, -1.142012, 1.045545
11.483, -1.142012, 1.045545
11.484, -1.142012, 1.045545
11.485, -1.142012, 1.045545
11.486, -1.142012, 1.045545
11.487, -1.142012, 1.045545
11.488, -1.142012, 1.045545
11.489, -1.142012, 1.045545
11.49, -1.131556, 1.053784
11.491, -1.131556, 1.053784
11.492, -1.131556, 1.053784
11.493, -1.131556, 1.053784
11.494, -1.131556, 1.053784
11.495, -1.131556, 1.053784
11.496, -1.131556, 1.053784
11.497, -1.131556, 1.053784
11.498, -1.131556, 1.053784
11.499, -1.131556, 1.053784
11.5, -1.121019, 1.062145
11.501, -1.121019, 1.062145
11.502, -1.121019, 1.062145
11.503, -1.121019, 1.062145
11.504, -1.121019, 1.062145
11.505, -1.121019, 1.062145
11.506, -1.121019, 1.062145
11.507, -1.121019, 1.062145
11.508, -1.121019, 1.062145
11.509, -1.121019, 1.062145
11.51, -1.110397, 1.070629
11.511, -1.110397, 1.070629
11.512, -1.110397, 1.070629
11.513, -1.110397, 1.070629
11.514, -1.110397, 1.070629
11.515, -1.110397, 1.070629
11.516, -1.110397, 1.070629
11.517, -1.110397, 1.070629
11.518, -1.110397, 1.070629
11.519, -1.110397, 1.070629
11.52, -1.099691, 1.079238
11.521, -1.099691, 1.079238
11.522, -1.099691, 1.079238
11.523, -1.099691, 1.079238
11.524, -1.099691, 1.079238
11.525, -1.099691, 1.079238
11.526, -1.099691, 1.079238
11.527, -1.099691, 1.079238
11.528, -1.099691, 1.079238
11.529, -1.099691, 1.079238
11.53, -1.088898, 1.087976
11.531, -1.088898, 1.087976
11.532, -1.088898, 1.087976
11.533, -1.088898, 1.087976
11.534, -1.088898, 1.087976
11.535, -1.088898, 1.087976
11.536, -1.088898, 1.087976
11.537, -1.088898, 1.087976
11.538, -1.088898, 1.087976
11.539, -1.088898, 1.087976
11.54, -1.078019, 1.096845
11.541, -1.078019, 1.096845
11.542, -1.078019, 1.096845
11.543, -1.078019, 1.096845
11.544, -1.078019, 1.096845
11.545, -1.078019, 1.096845
11.546, -1.078019, 1.096845
11.547, -1.078019, 1.096845
11.548, -1.078019, 1.096845
11.549, -1.078019, 1.096845
11.55, -1.067050, 1.105847
11.551, -1.067050, 1.105847
11.552, -1.067050, 1.105847
11.553, -1.067050, 1.105847
11.554, -1.067050, 1.105847
11.555, -1.067050, 1.105847
11.556, -1.067050, 1.105847
11.557, -1.067050, 1.105847
11.558, -1.067050, 1.105847
11.559, -1.067050, 1.105847
11.56, -1.055992, 1.114985
11.561, -1.055992, 1.114985
11.562, -1.055992, 1.114985
11.563, -1.055992, 1.114985
11.564, -1.055992, 1.114985
11.565, -1.055992, 1.114985
11.566, -1.055992, 1.114985
11.567, -1.055992, 1.114985
11.568, -1.055992, 1.114985
11.569, -1.055992, 1.114985
11.57, -1.044842, 1.124261
11.571, -1.044842, 1.124261
11.572, -1.044842, 1.124261
11.573, -1.044842, 1.124261
11.574, -1.044842, 1.124261
11.575, -1.044842, 1.124261
11.576, -1.044842, 1.124261
11.577, -1.044842, 1.124261
11.578, -1.044842, 1.124261
11.579, -1.044842, 1.124261
11.58, -1.033599, 1.133679
11.581, -1.033599, 1.133679
11.582, -1.033599, 1.133679
11.583, -1.033599, 1.133679
11.584, -1.033599, 1.133679
11.585, -1.033599, 1.133679
11.586, -1.033599, 1.133679
11.587, -1.033599, 1.133679
11.588, -1.033599, 1.133679
11.589, -1.033599, 1.133679
11.59, -1.022263, 1.143240
11.591, -1.022263, 1.143240
11.592, -1.022263, 1.143240
11.593, -1.022263, 1.143240
11.594, -1.022263, 1.143240
11.595, -1.022263, 1.143240
11.596, -1.022263, 1.143240
11.597, -1.022263, 1.143240
11.598, -1.022263, 1.143240
11.599, -1.022263, 1.143240
11.6, -1.010830, 1.152948
11.601, -1.010830, 1.152948
11.602, -1.010830, 1.152948
11.603, -1.010830, 1.152948
11.604, -1.010830, 1.152948
11.605, -1.010830, 1.152948
11.606, -1.010830, 1.152948
11.607, -1.010830, 1.152948
11.608, -1.010830, 1.152948
11.609, -1.010830, 1.152948
11.61, -0.999301, 1.162805
11.611, -0.999301, 1.162805
11.612, -0.999301, 1.162805
11.613, -0.999301, 1.162805
11.614, -0.999301, 1.162805
11.615, -0.999301, 1.162805
11.616, -0.999301, 1.162805
11.617, -0.999301, 1.162805
11.618, -0.999301, 1.162805
11.619, -0.999301, 1.162805
11.62, -0.987673, 1.172814
11.621, -0.987673, 1.172814
11.622, -0.987673, 1.172814
11.623, -0.987673, 1.172814
11.624, -0.987673, 1.172814
11.625, -0.987673, 1.172814
11.626, -0.987673, 1.172814
11.627, -0.987673, 1.172814
11.628, -0.987673, 1.172814
11.629, -0.987673, 1.172814
11.63, -0.975944, 1.182978
11.631, -0.975944, 1.182978
11.632, -0.975944, 1.182978
11.633, -0.975944, 1.182978
11.634, -0.975944, 1.182978
11.635, -0.975944, 1.182978
11.636, -0.975944, 1.182978
11.637, -0.975944, 1.182978
11.638, -0.975944, 1.182978
11.639, -0.975944, 1.182978
11.64, -0.964115, 1.193300
11.641, -0.964115, 1.193300
11.642, -0.964115, 1.193300
11.643, -0.964115, 1.193300
11.644, -0.964115, 1.193300
11.645, -0.964115, 1.193300
11.646, -0.964115, 1.193300
11.647, -0.964115, 1.193300
11.648, -0.964115, 1.193300
11.649, -0.964115, 1.193300
11.65, -0.952182, 1.203782
11.651, -0.952182, 1.203782
11.652, -0.952182, 1.203782
11.653, -0.952182, 1.203782
11.654, -0.952182, 1.203782
11.655, -0.952182, 1.203782
11.656, -0.952182, 1.203782
11.657, -0.952182, 1.203782
11.658, -0.952182, 1.203782
11.659, -0.952182, 1.203782
11.66, -0.940144, 1.214428
11.661, -0.940144, 1.214428
11.662, -0.940144, 1.214428
11.663, -0.940144, 1.214428
11.664, -0.940144, 1.214428
11.665, -0.940144, 1.214428
11.666, -0.940144, 1.214428
11.667, -0.940144, 1.214428
11.668, -0.940144, 1.214428
11.669, -0.940144, 1.214428
11.67, -0.928000, 1.225240
11.671, -0.928000, 1.225240
11.672, -0.928000, 1.225240
11.673, -0.928000, 1.225240
11.674, -0.928000, 1.225240
11.675, -0.928000, 1.225240
11.676, -0.928000, 1.225240
11.677, -0.928000, 1.225240
11.678, -0.928000, 1.225240
11.679, -0.928000, 1.225240
11.68, -0.915747, 1.236221
11.681, -0.915747, 1.236221
11.682, -0.915747, 1.236221
11.683, -0.915747, 1.236221
11.684, -0.915747, 1.236221
11.685, -0.915747, 1.236221
11.686, -0.915747, 1.236221
11.687, -0.915747, 1.236221
11.688, -0.915747, 1.236221
11.689, -0.915747, 1.236221
11.69, -0.903385, 1.247373
11.691, -0.903385, 1.247373
11.692, -0.903385, 1.247373
11.693, -0.903385, 1.247373
11.694, -0.903385, 1.247373
11.695, -0.903385, 1.247373
11.696, -0.903385, 1.247373
11.697, -0.903385, 1.247373
11.698, -0.903385, 1.247373
11.699, -0.903385, 1.247373
11.7, -0.890911, 1.258701
11.701, -0.890911, 1.258701
11.702, -0.890911, 1.258701
11.703, -0.890911, 1.258701
11.704, -0.890911, 1.258701
11.705, -0.890911, 1.258701
11.706, -0.890911, 1.258701
11.707, -0.890911, 1.258701
11.708, -0.890911, 1.258701
11.709, -0.890911, 1.258701
11.71, -0.878324, 1.270207
11.711, -0.878324, 1.270207
11.712, -0.878324, 1.270207
11.713, -0.878324, 1.270207
11.714, -0.878324, 1.270207
11.715, -0.878324, 1.270207
11.716, -0.878324, 1.270207
11.717, -0.878324, 1.270207
11.718, -0.878324, 1.270207
11.719, -0.878324, 1.270207
11.72, -0.865622, 1.281893
11.721, -0.865622, 1.281893
11.722, -0.865622, 1.281893
11.723, -0.865622, 1.281893
11.724, -0.865622, 1.281893
11.725, -0.865622, 1.281893
11.726, -0.865622, 1.281893
11.727, -0.865622, 1.281893
11.728, -0.865622, 1.281893
11.729, -0.865622, 1.281893
11.73, -0.852803, 1.293763
11.731, -0.852803, 1.293763
11.732, -0.852803, 1.293763
11.733, -0.852803, 1.293763
11.734, -0.852803, 1.293763
11.735, -0.852803, 1.293763
11.736, -0.852803, 1.293763
11.737, -0.852803, 1.293763
11.738, -0.852803, 1.293763
11.739, -0.852803, 1.293763
11.74, -0.839866, 1.305819
11.741, -0.839866, 1.305819
11.742, -0.839866, 1.305819
11.743, -0.839866, 1.305819
11.744, -0.839866, 1.305819
11.745, -0.839866, 1.305819
11.746, -0.839866, 1.305819
11.747, -0.839866, 1.305819
11.748, -0.839866, 1.305819
11.749, -0.839866, 1.305819
11.75, -0.826807, 1.318065
11.751, -0.826807, 1.318065
11.752, -0.826807, 1.318065
11.753, -0.826807, 1.318065
11.754, -0.826807, 1.318065
11.755, -0.826807, 1.318065
11.756, -0.826807, 1.318065
11.757, -0.826807, 1.318065
11.758, -0.826807, 1.318065
11.759, -0.826807, 1.318065
11.76, -0.813627, 1.330503
11.761, -0.813627, 1.330503
11.762, -0.813627, 1.330503
11.763, -0.813627, 1.330503
11.764, -0.813627, 1.330503
11.765, -0.813627, 1.330503
11.766, -0.813627, 1.330503
11.767, -0.813627, 1.330503
11.768, -0.813627, 1.330503
11.769, -0.813627, 1.330503
11.77, -0.800322, 1.343137
11.771, -0.800322, 1.343137
11.772, -0.800322, 1.343137
11.773, -0.800322, 1.343137
11.774, -0.800322, 1.343137
11.775, -0.800322, 1.343137
11.776, -0.800322, 1.343137
11.777, -0.800322, 1.343137
11.778, -0.800322, 1.343137
11.779, -0.800322, 1.343137
11.78, -0.786890, 1.355969
11.781, -0.786890, 1.355969
11.782, -0.786890, 1.355969
11.783, -0.786890, 1.355969
11.784, -0.786890, 1.355969
11.785, -0.786890, 1.355969
11.786, -0.786890, 1.355969
11.787, -0.786890, 1.355969
11.788, -0.786890, 1.355969
11.789, -0.786890, 1.355969
11.79, -0.773331, 1.369001
11.791, -0.773331, 1.369001
11.792, -0.773331, 1.369001
11.793, -0.773331, 1.369001
11.794, -0.773331, 1.369001
11.795, -0.773331, 1.369001
11.796, -0.773331, 1.369001
11.797, -0.773331, 1.369001
11.798, -0.773331, 1.369001
11.799, -0.773331, 1.369001
11.8, -0.759641, 1.382237
11.801, -0.759641, 1.382237
11.802, -0.759641, 1.382237
11.803, -0.759641, 1.382237
11.804, -0.759641, 1.382237
11.805, -0.759641, 1.382237
11.806, -0.759641, 1.382237
11.807, -0.759641, 1.382237
11.808, -0.759641, 1.382237
11.809, -0.759641, 1.382237
11.81, -0.745818, 1.395680
11.811, -0.745818, 1.395680
11.812, -0.745818, 1.395680
11.813, -0.745818, 1.395680
11.814, -0.745818, 1.395680
11.815, -0.745818, 1.395680
11.816, -0.745818, 1.395680
11.817, -0.745818, 1.395680
11.818, -0.745818, 1.395680
11.819, -0.745818, 1.395680
11.82, -0.731862, 1.409331
11.821, -0.731862, 1.409331
11.822, -0.731862, 1.409331
11.823, -0.731862, 1.409331
11.824, -0.731862, 1.409331
11.825, -0.731862, 1.409331
11.826, -0.731862, 1.409331
11.827, -0.731862, 1.409331
11.828, -0.731862, 1.409331
11.829, -0.731862, 1.409331
11.83, -0.717768, 1.423195
11.831, -0.717768, 1.423195
11.832, -0.717768, 1.423195
11.833, -0.717768, 1.423195
11.834, -0.717768, 1.423195
11.835, -0.717768, 1.423195
11.836, -0.717768, 1.423195
11.837, -0.717768, 1.423195
11.838, -0.717768, 1.423195
11.839, -0.717768, 1.423195
11.84, -0.703536, 1.437272
11.841, -0.703536, 1.437272
11.842, -0.703536, 1.437272
11.843, -0.703536, 1.437272
11.844, -0.703536, 1.437272
11.845, -0.703536, 1.437272
11.846, -0.703536, 1.437272
11.847, -0.703536, 1.437272
11.848, -0.703536, 1.437272
11.849, -0.703536, 1.437272
11.85, -0.689164, 1.451566
11.851, -0.689164, 1.451566
11.852, -0.689164, 1.451566
11.853, -0.689164, 1.451566
11.854, -0.689164, 1.451566
11.855, -0.689164, 1.451566
11.856, -0.689164, 1.451566
11.857, -0.689164, 1.451566
11.858, -0.689164, 1.451566
11.859, -0.689164, 1.451566
11.86, -0.674648, 1.466079
11.861, -0.674648, 1.466079
11.862, -0.674648, 1.466079
11.863, -0.674648, 1.466079
11.864, -0.674648, 1.466079
11.865, -0.674648, 1.466079
11.866, -0.674648, 1.466079
11.867, -0.674648, 1.466079
11.868, -0.674648, 1.466079
11.869, -0.674648, 1.466079
11.87, -0.659987, 1.480814
11.871, -0.659987, 1.480814
11.872, -0.659987, 1.480814
11.873, -0.659987, 1.480814
11.874, -0.659987, 1.480814
11.875, -0.659987, 1.480814
11.876, -0.659987, 1.480814
11.877, -0.659987, 1.480814
11.878, -0.659987, 1.480814
11.879, -0.659987, 1.480814
11.88, -0.645179, 1.495771
11.881, -0.645179, 1.495771
11.882, -0.645179, 1.495771
11.883, -0.645179, 1.495771
11.884, -0.645179, 1.495771
11.885, -0.645179, 1.495771
11.886, -0.645179, 1.495771
11.887, -0.645179, 1.495771
11.888, -0.645179, 1.495771
11.889, -0.645179, 1.495771
11.89, -0.630221, 1.510955
11.891, -0.630221, 1.510955
11.892, -0.630221, 1.510955
11.893, -0.630221, 1.510955
11.894, -0.630221, 1.510955
11.895, -0.630221, 1.510955
11.896, -0.630221, 1.510955
11.897, -0.630221, 1.510955
11.898, -0.630221, 1.510955
11.899, -0.630221, 1.510955
11.9, -0.615112, 1.526365
11.901, -0.615112, 1.526365
11.902, -0.615112, 1.526365
11.903, -0.615112, 1.526365
11.904, -0.615112, 1.526365
11.905, -0.615112, 1.526365
11.906, -0.615112, 1.526365
11.907, -0.615112, 1.526365
11.908, -0.615112, 1.526365
11.909, -0.615112, 1.526365
11.91, -0.599848, 1.542005
11.911, -0.599848, 1.542005
11.912, -0.599848, 1.542005
11.913, -0.599848, 1.542005
11.914, -0.599848, 1.542005
11.915, -0.599848, 1.542005
11.916, -0.599848, 1.542005
11.917, -0.599848, 1.542005
11.918, -0.599848, 1.542005
11.919, -0.599848, 1.542005
11.92, -0.584428, 1.557875
11.921, -0.584428, 1.557875
11.922, -0.584428, 1.557875
11.923, -0.584428, 1.557875
11.924, -0.584428, 1.557875
11.925, -0.584428, 1.557875
11.926, -0.584428, 1.557875
11.927, -0.584428, 1.557875
11.928, -0.584428, 1.557875
11.929, -0.584428, 1.557875
11.93, -0.568849, 1.573977
11.931, -0.568849, 1.573977
11.932, -0.568849, 1.573977
11.933, -0.568849, 1.573977
11.934, -0.568849, 1.573977
11.935, -0.568849, 1.573977
11.936, -0.568849, 1.573977
11.937, -0.568849, 1.573977
11.938, -0.568849, 1.573977
11.939, -0.568849, 1.573977
11.94, -0.553109, 1.590312
11.941, -0.553109, 1.590312
11.942, -0.553109, 1.590312
11.943, -0.553109, 1.590312
11.944, -0.553109, 1.590312
11.945, -0.553109, 1.590312
11.946, -0.553109, 1.590312
11.947, -0.553109, 1.590312
11.948, -0.553109, 1.590312
11.949, -0.553109, 1.590312
11.95, -0.537206, 1.606881
11.951, -0.537206, 1.606881
11.952, -0.537206, 1.606881
11.953, -0.537206, 1.606881
11.954, -0.537206, 1.606881
11.955, -0.537206, 1.606881
11.956, -0.537206, 1.606881
11.957, -0.537206, 1.606881
11.958, -0.537206, 1.606881
11.959, -0.537206, 1.606881
11.96, -0.521138, 1.623685
11.961, -0.521138, 1.623685
11.962, -0.521138, 1.623685
11.963, -0.521138, 1.623685
11.964, -0.521138, 1.623685
11.965, -0.521138, 1.623685
11.966, -0.521138, 1.623685
11.967, -0.521138, 1.623685
11.968, -0.521138, 1.623685
11.969, -0.521138, 1.623685
11.97, -0.504901, 1.640723
11.971, -0.504901, 1.640723
11.972, -0.504901, 1.640723
11.973, -0.504901, 1.640723
11.974, -0.504901, 1.640723
11.975, -0.504901, 1.640723
11.976, -0.504901, 1.640723
11.977, -0.504901, 1.640723
11.978, -0.504901, 1.640723
11.979, -0.504901, 1.640723
11.98, -0.488493, 1.657997
11.981, -0.488493, 1.657997
11.982, -0.488493, 1.657997
11.983, -0.488493, 1.657997
11.984, -0.488493, 1.657997
11.985, -0.488493, 1.657997
11.986, -0.488493, 1.657997
11.987, -0.488493, 1.657997
11.988, -0.488493, 1.657997
11.989, -0.488493, 1.657997
11.99, -0.471913, 1.675505
11.991, -0.471913, 1.675505
11.992, -0.471913, 1.675505
11.993, -0.471913, 1.675505
11.994, -0.471913, 1.675505
11.995, -0.471913, 1.675505
11.996, -0.471913, 1.675505
11.997, -0.471913, 1.675505
11.998, -0.471913, 1.675505
11.999, -0.471913, 1.675505
12, -0.455158, 1.693248
12.001, -0.455158, 1.693248
12.002, -0.455158, 1.693248
12.003, -0.455158, 1.693248
12.004, -0.455158, 1.693248
12.005, -0.455158, 1.693248
12.006, -0.455158, 1.693248
12.007, -0.455158, 1.693248
12.008, -0.455158, 1.693248
12.009, -0.455158, 1.693248
12.01, -0.438226, 1.711224
12.011, -0.438226, 1.711224
12.012, -0.438226, 1.711224
12.013, -0.438226, 1.711224
12.014, -0.438226, 1.711224
12.015, -0.438226, 1.711224
12.016, -0.438226, 1.711224
12.017, -0.438226, 1.711224
12.018, -0.438226, 1.711224
12.019, -0.438226, 1.711224
12.02, -0.421114, 1.729433
12.021, -0.421114, 1.729433
12.022, -0.421114, 1.729433
12.023, -0.421114, 1.729433
12.024, -0.421114, 1.729433
12.025, -0.421114, 1.729433
12.026, -0.421114, 1.729433
12.027, -0.421114, 1.729433
12.028, -0.421114, 1.729433
12.029, -0.421114, 1.729433
12.03, -0.403819, 1.747871
12.031, -0.403819, 1.747871
12.032, -0.403819, 1.747871
12.033, -0.403819, 1.747871
12.034, -0.403819, 1.747871
12.035, -0.403819, 1.747871
12.036, -0.403819, 1.747871
12.037, -0.403819, 1.747871
12.038, -0.403819, 1.747871
12.039, -0.403819, 1.747871
12.04, -0.386341, 1.766538
12.041, -0.386341, 1.766538
12.042, -0.386341, 1.766538
12.043, -0.386341, 1.766538
12.044, -0.386341, 1.766538
12.045, -0.386341, 1.766538
12.046, -0.386341, 1.766538
12.047, -0.386341, 1.766538
12.048, -0.386341, 1.766538
12.049, -0.386341, 1.766538
12.05, -0.368675, 1.785430
12.051, -0.368675, 1.785430
12.052, -0.368675, 1.785430
12.053, -0.368675, 1.785430
12.054, -0.368675, 1.785430
12.055, -0.368675, 1.785430
12.056, -0.368675, 1.785430
12.057, -0.368675, 1.785430
12.058, -0.368675, 1.785430
12.059, -0.368675, 1.785430
12.06, -0.350821, 1.804544
12.061, -0.350821, 1.804544
12.062, -0.350821, 1.804544
12.063, -0.350821, 1.804544
12.064, -0.350821, 1.804544
12.065, -0.350821, 1.804544
12.066, -0.350821, 1.804544
12.067, -0.350821, 1.804544
12.068, -0.350821, 1.804544
12.069, -0.350821, 1.804544
12.07, -0.332776, 1.823877
12.071, -0.332776, 1.823877
12.072, -0.332776, 1.823877
12.073, -0.332776, 1.823877
12.074, -0.332776, 1.823877
12.075, -0.332776, 1.823877
12.076, -0.332776, 1.823877
12.077, -0.332776, 1.823877
12.078, -0.332776, 1.823877
12.079, -0.332776, 1.823877
12.08, -0.314537, 1.843423
12.081, -0.314537, 1.843423
12.082, -0.314537, 1.843423
12.083, -0.314537, 1.843423
12.084, -0.314537, 1.843423
12.085, -0.314537, 1.843423
12.086, -0.314537, 1.843423
12.087, -0.314537, 1.843423
12.088, -0.314537, 1.843423
12.089, -0.314537, 1.843423
12.09, -0.296103, 1.863179
12.091, -0.296103, 1.863179
12.092, -0.296103, 1.863179
12.093, -0.296103, 1.863179
12.094, -0.296103, 1.863179
12.095, -0.296103, 1.863179
12.096, -0.296103, 1.863179
12.097, -0.296103, 1.863179
12.098, -0.296103, 1.863179
12.099, -0.296103, 1.863179
12.1, -0.277471, 1.883139
12.101, -0.277471, 1.883139
12.102, -0.277471, 1.883139
12.103, -0.277471, 1.883139
12.104, -0.277471, 1.883139
12.105, -0.277471, 1.883139
12.106, -0.277471, 1.883139
12.107, -0.277471, 1.883139
12.108, -0.277471, 1.883139
12.109, -0.277471, 1.883139
12.11, -0.258639, 1.903295
12.111, -0.258639, 1.903295
12.112, -0.258639, 1.903295
12.113, -0.258639, 1.903295
12.114, -0.258639, 1.903295
12.115, -0.258639, 1.903295
12.116, -0.258639, 1.903295
12.117, -0.258639, 1.903295
12.118, -0.258639, 1.903295
12.119, -0.258639, 1.903295
12.12, -0.239606, 1.923641
12.121, -0.239606, 1.923641
12.122, -0.239606, 1.923641
12.123, -0.239606, 1.923641
12.124, -0.239606, 1.923641
12.125, -0.239606, 1.923641
12.126, -0.239606, 1.923641
12.127, -0.239606, 1.923641
12.128, -0.239606, 1.923641
12.129, -0.239606, 1.923641
12.13, -0.220370, 1.944169
12.131, -0.220370, 1.944169
12.132, -0.220370, 1.944169
12.133, -0.220370, 1.944169
12.134, -0.220370, 1.944169
12.135, -0.220370, 1.944169
12.136, -0.220370, 1.944169
12.137, -0.220370, 1.944169
12.138, -0.220370, 1.944169
12.139, -0.220370, 1.944169
12.14, -0.200928, 1.964870
12.141, -0.200928, 1.964870
12.142, -0.200928, 1.964870
12.143, -0.200928, 1.964870
12.144, -0.200928, 1.964870
12.145, -0.200928, 1.964870
12.146, -0.200928, 1.964870
12.147, -0.200928, 1.964870
12.148, -0.200928, 1.964870
12.149, -0.200928, 1.964870
12.15, -0.181280, 1.985735
12.151, -0.181280, 1.985735
12.152, -0.181280, 1.985735
12.153, -0.181280, 1.985735
12.154, -0.181280, 1.985735
12.155, -0.181280, 1.985735
12.156, -0.181280, 1.985735
12.157, -0.181280, 1.985735
12.158, -0.181280, 1.985735
12.159, -0.181280, 1.985735
12.16, -0.161422, 2.006753
12.161, -0.161422, 2.006753
12.162, -0.161422, 2.006753
12.163, -0.161422, 2.006753
12.164, -0.161422, 2.006753
12.165, -0.161422, 2.006753
12.166, -0.161422, 2.006753
12.167, -0.161422, 2.006753
12.168, -0.161422, 2.006753
12.169, -0.161422, 2.006753
12.17, -0.141355, 2.027911
12.171, -0.141355, 2.027911
12.172, -0.141355, 2.027911
12.173, -0.141355, 2.027911
12.174, -0.141355, 2.027911
12.175, -0.141355, 2.027911
12.176, -0.141355, 2.027911
12.177, -0.141355, 2.027911
12.178, -0.141355, 2.027911
12.179, -0.141355, 2.027911
12.18, -0.121076, 2.049199
12.181, -0.121076, 2.049199
12.182, -0.121076, 2.049199
12.183, -0.121076, 2.049199
12.184, -0.121076, 2.049199
12.185, -0.121076, 2.049199
12.186, -0.121076, 2.049199
12.187, -0.121076, 2.049199
12.188, -0.121076, 2.049199
12.189, -0.121076, 2.049199
12.19, -0.100584, 2.070601
12.191, -0.100584, 2.070601
12.192, -0.100584, 2.070601
12.193, -0.100584, 2.070601
12.194, -0.100584, 2.070601
12.195, -0.100584, 2.070601
12.196, -0.100584, 2.070601
12.197, -0.100584, 2.070601
12.198, -0.100584, 2.070601
12.199, -0.100584, 2.070601
12.2, -0.079878, 2.092104
12.201, -0.079878, 2.092104
12.202, -0.079878, 2.092104
12.203, -0.079878, 2.092104
12.204, -0.079878, 2.092104
12.205, -0.079878, 2.092104
12.206, -0.079878, 2.092104
12.207, -0.079878, 2.092104
12.208, -0.079878, 2.092104
12.209, -0.079878, 2.092104
12.21, -0.058957, 2.113690
12.211, -0.058957, 2.113690
12.212, -0.058957, 2.113690
12.213, -0.058957, 2.113690
12.214, -0.058957, 2.113690
12.215, -0.058957, 2.113690
12.216, -0.058957, 2.113690
12.217, -0.058957, 2.113690
12.218, -0.058957, 2.113690
12.219, -0.058957, 2.113690
12.22, -0.037820, 2.135343
12.221, -0.037820, 2.135343
12.222, -0.037820, 2.135343
12.223, -0.037820, 2.135343
12.224, -0.037820, 2.135343
12.225, -0.037820, 2.135343
12.226, -0.037820, 2.135343
12.227, -0.037820, 2.135343
12.228, -0.037820, 2.135343
12.229, -0.037820, 2.135343
12.23, -0.016466, 2.157044
12.231, -0.016466, 2.157044
12.232, -0.016466, 2.157044
12.233, -0.016466, 2.157044
12.234, -0.016466, 2.157044
12.235, -0.016466, 2.157044
12.236, -0.016466, 2.157044
12.237, -0.016466, 2.157044
12.238, -0.016466, 2.157044
12.239, -0.016466, 2.157044
12.24, 0.005104, 2.178773
12.241, 0.005104, 2.178773
12.242, 0.005104, 2.178773
12.243, 0.005104, 2.178773
12.244, 0.005104, 2.178773
12.245, 0.005104, 2.178773
12.246, 0.005104, 2.178773
12.247, 0.005104, 2.178773
12.248, 0.005104, 2.178773
12.249, 0.005104, 2.178773
12.25, 0.026892, 2.200509
12.251, 0.026892, 2.200509
12.252, 0.026892, 2.200509
12.253, 0.026892, 2.200509
12.254, 0.026892, 2.200509
12.255, 0.026892, 2.200509
12.256, 0.026892, 2.200509
12.257, 0.026892, 2.200509
12.258, 0.026892, 2.200509
12.259, 0.026892, 2.200509
12.26, 0.048897, 2.222230
12.261, 0.048897, 2.222230
12.262, 0.048897, 2.222230
12.263, 0.048897, 2.222230
12.264, 0.048897, 2.222230
12.265, 0.048897, 2.222230
12.266, 0.048897, 2.222230
12.267, 0.048897, 2.222230
12.268, 0.048897, 2.222230
12.269, 0.048897, 2.222230
12.27, 0.071119, 2.243910
12.271, 0.071119, 2.243910
12.272, 0.071119, 2.243910
12.273, 0.071119, 2.243910
12.274, 0.071119, 2.243910
12.275, 0.071119, 2.243910
12.276, 0.071119, 2.243910
12.277, 0.071119, 2.243910
12.278, 0.071119, 2.243910
12.279, 0.071119, 2.243910
12.28, 0.093558, 2.265524
12.281, 0.093558, 2.265524
12.282, 0.093558, 2.265524
12.283, 0.093558, 2.265524
12.284, 0.093558, 2.265524
12.285, 0.093558, 2.265524
12.286, 0.093558, 2.265524
12.287, 0.093558, 2.265524
12.288, 0.093558, 2.265524
12.289, 0.093558, 2.265524
12.29, 0.116214, 2.287046
12.291, 0.116214, 2.287046
12.292, 0.116214, 2.287046
12.293, 0.116214, 2.287046
12.294, 0.116214, 2.287046
12.295, 0.116214, 2.287046
12.296, 0.116214, 2.287046
12.297, 0.116214, 2.287046
12.298, 0.116214, 2.287046
12.299, 0.116214, 2.287046
12.3, 0.139084, 2.308445
12.301, 0.139084, 2.308445
12.302, 0.139084, 2.308445
12.303, 0.139084, 2.308445
12.304, 0.139084, 2.308445
12.305, 0.139084, 2.308445
12.306, 0.139084, 2.308445
12.307, 0.139084, 2.308445
12.308, 0.139084, 2.308445
12.309, 0.139084, 2.308445
12.31, 0.162169, 2.329692
12.311, 0.162169, 2.329692
12.312, 0.162169, 2.329692
12.313, 0.162169, 2.329692
12.314, 0.162169, 2.329692
12.315, 0.162169, 2.329692
12.316, 0.162169, 2.329692
12.317, 0.162169, 2.329692
12.318, 0.162169, 2.329692
12.319, 0.162169, 2.329692
12.32, 0.185465, 2.350755
12.321, 0.185465, 2.350755
12.322, 0.185465, 2.350755
12.323, 0.185465, 2.350755
12.324, 0.185465, 2.350755
12.325, 0.185465, 2.350755
12.326, 0.185465, 2.350755
12.327, 0.185465, 2.350755
12.328, 0.185465, 2.350755
12.329, 0.185465, 2.350755
12.33, 0.208973, 2.371599
12.331, 0.208973, 2.371599
12.332, 0.208973, 2.371599
12.333, 0.208973, 2.371599
12.334, 0.208973, 2.371599
12.335, 0.208973, 2.371599
12.336, 0.208973, 2.371599
12.337, 0.208973, 2.371599
12.338, 0.208973, 2.371599
12.339, 0.208973, 2.371599
12.34, 0.232689, 2.392190
12.341, 0.232689, 2.392190
12.342, 0.232689, 2.392190
12.343, 0.232689, 2.392190
12.344, 0.232689, 2.392190
12.345, 0.232689, 2.392190
12.346, 0.232689, 2.392190
12.347, 0.232689, 2.392190
12.348, 0.232689, 2.392190
12.349, 0.232689, 2.392190
12.35, 0.256611, 2.412489
12.351, 0.256611, 2.412489
12.352, 0.256611, 2.412489
12.353, 0.256611, 2.412489
12.354, 0.256611, 2.412489
12.355, 0.256611, 2.412489
12.356, 0.256611, 2.412489
12.357, 0.256611, 2.412489
12.358, 0.256611, 2.412489
12.359, 0.256611, 2.412489
12.36, 0.280736, 2.432460
12.361, 0.280736, 2.432460
12.362, 0.280736, 2.432460
12.363, 0.280736, 2.432460
12.364, 0.280736, 2.432460
12.365, 0.280736, 2.432460
12.366, 0.280736, 2.432460
12.367, 0.280736, 2.432460
12.368, 0.280736, 2.432460
12.369, 0.280736, 2.432460
12.37, 0.305060, 2.452060
12.371, 0.305060, 2.452060
12.372, 0.305060, 2.452060
12.373, 0.305060, 2.452060
12.374, 0.305060, 2.452060
12.375, 0.305060, 2.452060
12.376, 0.305060, 2.452060
12.377, 0.305060, 2.452060
12.378, 0.305060, 2.452060
12.379, 0.305060, 2.452060
12.38, 0.329581, 2.471248
12.381, 0.329581, 2.471248
12.382, 0.329581, 2.471248
12.383, 0.329581, 2.471248
12.384, 0.329581, 2.471248
12.385, 0.329581, 2.471248
12.386, 0.329581, 2.471248
12.387, 0.329581, 2.471248
12.388, 0.329581, 2.471248
12.389, 0.329581, 2.471248
12.39, 0.354293, 2.489980
12.391, 0.354293, 2.489980
12.392, 0.354293, 2.489980
12.393, 0.354293, 2.489980
12.394, 0.354293, 2.489980
12.395, 0.354293, 2.489980
12.396, 0.354293, 2.489980
12.397, 0.354293, 2.489980
12.398, 0.354293, 2.489980
12.399, 0.354293, 2.489980
12.4, 0.379193, 2.508211
12.401, 0.379193, 2.508211
12.402, 0.379193, 2.508211
12.403, 0.379193, 2.508211
12.404, 0.379193, 2.508211
12.405, 0.379193, 2.508211
12.406, 0.379193, 2.508211
12.407, 0.379193, 2.508211
12.408, 0.379193, 2.508211
12.409, 0.379193, 2.508211
12.41, 0.404275, 2.525895
12.411, 0.404275, 2.525895
12.412, 0.404275, 2.525895
12.413, 0.404275, 2.525895
12.414, 0.404275, 2.525895
12.415, 0.404275, 2.525895
12.416, 0.404275, 2.525895
12.417, 0.404275, 2.525895
12.418, 0.404275, 2.525895
12.419, 0.404275, 2.525895
12.42, 0.429534, 2.542983
12.421, 0.429534, 2.542983
12.422, 0.429534, 2.542983
12.423, 0.429534, 2.542983
12.424, 0.429534, 2.542983
12.425, 0.429534, 2.542983
12.426, 0.429534, 2.542983
12.427, 0.429534, 2.542983
12.428, 0.429534, 2.542983
12.429, 0.429534, 2.542983
12.43, 0.454964, 2.559426
12.431, 0.454964, 2.559426
12.432, 0.454964, 2.559426
12.433, 0.454964, 2.559426
12.434, 0.454964, 2.559426
12.435, 0.454964, 2.559426
12.436, 0.454964, 2.559426
12.437, 0.454964, 2.559426
12.438, 0.454964, 2.559426
12.439, 0.454964, 2.559426
12.44, 0.480558, 2.575173
12.441, 0.480558, 2.575173
12.442, 0.480558, 2.575173
12.443, 0.480558, 2.575173
12.444, 0.480558, 2.575173
12.445, 0.480558, 2.575173
12.446, 0.480558, 2.575173
12.447, 0.480558, 2.575173
12.448, 0.480558, 2.575173
12.449, 0.480558, 2.575173
12.45, 0.506310, 2.590172
12.451, 0.506310, 2.590172
12.452, 0.506310, 2.590172
12.453, 0.506310, 2.590172
12.454, 0.506310, 2.590172
12.455, 0.506310, 2.590172
12.456, 0.506310, 2.590172
12.457, 0.506310, 2.590172
12.458, 0.506310, 2.590172
12.459, 0.506310, 2.590172
12.46, 0.532212, 2.604370
12.461, 0.532212, 2.604370
12.462, 0.532212, 2.604370
12.463, 0.532212, 2.604370
12.464, 0.532212, 2.604370
12.465, 0.532212, 2.604370
12.466, 0.532212, 2.604370
12.467, 0.532212, 2.604370
12.468, 0.532212, 2.604370
12.469, 0.532212, 2.604370
12.47, 0.558256, 2.617715
12.471, 0.558256, 2.617715
12.472, 0.558256, 2.617715
12.473, 0.558256, 2.617715
12.474, 0.558256, 2.617715
12.475, 0.558256, 2.617715
12.476, 0.558256, 2.617715
12.477, 0.558256, 2.617715
12.478, 0.558256, 2.617715
12.479, 0.558256, 2.617715
12.48, 0.584433, 2.630152
12.481, 0.584433, 2.630152
12.482, 0.584433, 2.630152
12.483, 0.584433, 2.630152
12.484, 0.584433, 2.630152
12.485, 0.584433, 2.630152
12.486, 0.584433, 2.630152
12.487, 0.584433, 2.630152
12.488, 0.584433, 2.630152
12.489, 0.584433, 2.630152
12.49, 0.610734, 2.641625
12.491, 0.610734, 2.641625
12.492, 0.610734, 2.641625
12.493, 0.610734, 2.641625
12.494, 0.610734, 2.641625
12.495, 0.610734, 2.641625
12.496, 0.610734, 2.641625
12.497, 0.610734, 2.641625
12.498, 0.610734, 2.641625
12.499, 0.610734, 2.641625
12.5, 0.637150, 2.652081
12.501, 0.637150, 2.652081
12.502, 0.637150, 2.652081
12.503, 0.637150, 2.652081
12.504, 0.637150, 2.652081
12.505, 0.637150, 2.652081
12.506, 0.637150, 2.652081
12.507, 0.637150, 2.652081
12.508, 0.637150, 2.652081
12.509, 0.637150, 2.652081
12.51, 0.663671, 2.661464
12.511, 0.663671, 2.661464
12.512, 0.663671, 2.661464
12.513, 0.663671, 2.661464
12.514, 0.663671, 2.661464
12.515, 0.663671, 2.661464
12.516, 0.663671, 2.661464
12.517, 0.663671, 2.661464
12.518, 0.663671, 2.661464
12.519, 0.663671, 2.661464
12.52, 0.690286, 2.669719
12.521, 0.690286, 2.669719
12.522, 0.690286, 2.669719
12.523, 0.690286, 2.669719
12.524, 0.690286, 2.669719
12.525, 0.690286, 2.669719
12.526, 0.690286, 2.669719
12.527, 0.690286, 2.669719
12.528, 0.690286, 2.669719
12.529, 0.690286, 2.669719
12.53, 0.716983, 2.676792
12.531, 0.716983, 2.676792
12.532, 0.716983, 2.676792
12.533, 0.716983, 2.676792
12.534, 0.716983, 2.676792
12.535, 0.716983, 2.676792
12.536, 0.716983, 2.676792
12.537, 0.716983, 2.676792
12.538, 0.716983, 2.676792
12.539, 0.716983, 2.676792
12.54, 0.743751, 2.682630
12.541, 0.743751, 2.682630
12.542, 0.743751, 2.682630
12.543, 0.743751, 2.682630
12.544, 0.743751, 2.682630
12.545, 0.743751, 2.682630
12.546, 0.743751, 2.682630
12.547, 0.743751, 2.682630
12.548, 0.743751, 2.682630
12.549, 0.743751, 2.682630
12.55, 0.770577, 2.687179
12.551, 0.770577, 2.687179
12.552, 0.770577, 2.687179
12.553, 0.770577, 2.687179
12.554, 0.770577, 2.687179
12.555, 0.770577, 2.687179
12.556, 0.770577, 2.687179
12.557, 0.770577, 2.687179
12.558, 0.770577, 2.687179
12.559, 0.770577, 2.687179
12.56, 0.797449, 2.690389
12.561, 0.797449, 2.690389
12.562, 0.797449, 2.690389
12.563, 0.797449, 2.690389
12.564, 0.797449, 2.690389
12.565, 0.797449, 2.690389
12.566, 0.797449, 2.690389
12.567, 0.797449, 2.690389
12.568, 0.797449, 2.690389
12.569, 0.797449, 2.690389
12.57, 0.824353, 2.692210
12.571, 0.824353, 2.692210
12.572, 0.824353, 2.692210
12.573, 0.824353, 2.692210
12.574, 0.824353, 2.692210
12.575, 0.824353, 2.692210
12.576, 0.824353, 2.692210
12.577, 0.824353, 2.692210
12.578, 0.824353, 2.692210
12.579, 0.824353, 2.692210
12.58, 0.851275, 2.692593
12.581, 0.851275, 2.692593
12.582, 0.851275, 2.692593
12.583, 0.851275, 2.692593
12.584, 0.851275, 2.692593
12.585, 0.851275, 2.692593
12.586, 0.851275, 2.692593
12.587, 0.851275, 2.692593
12.588, 0.851275, 2.692593
12.589, 0.851275, 2.692593
12.59, 0.878201, 2.691494
12.591, 0.878201, 2.691494
12.592, 0.878201, 2.691494
12.593, 0.878201, 2.691494
12.594, 0.878201, 2.691494
12.595, 0.878201, 2.691494
12.596, 0.878201, 2.691494
12.597, 0.878201, 2.691494
12.598, 0.878201, 2.691494
12.599, 0.878201, 2.691494
12.6, 0.905116, 2.688869
12.601, 0.905116, 2.688869
12.602, 0.905116, 2.688869
12.603, 0.905116, 2.688869
12.604, 0.905116, 2.688869
12.605, 0.905116, 2.688869
12.606, 0.905116, 2.688869
12.607, 0.905116, 2.688869
12.608, 0.905116, 2.688869
12.609, 0.905116, 2.688869
12.61, 0.932005, 2.684679
12.611, 0.932005, 2.684679
12.612, 0.932005, 2.684679
12.613, 0.932005, 2.684679
12.614, 0.932005, 2.684679
12.615, 0.932005, 2.684679
12.616, 0.932005, 2.684679
12.617, 0.932005, 2.684679
12.618, 0.932005, 2.684679
12.619, 0.932005, 2.684679
12.62, 0.958851, 2.678885
12.621, 0.958851, 2.678885
12.622, 0.958851, 2.678885
12.623, 0.958851, 2.678885
12.624, 0.958851, 2.678885
12.625, 0.958851, 2.678885
12.626, 0.958851, 2.678885
12.627, 0.958851, 2.678885
12.628, 0.958851, 2.678885
12.629, 0.958851, 2.678885
12.63, 0.985640, 2.671456
12.631, 0.985640, 2.671456
12.632, 0.985640, 2.671456
12.633, 0.985640, 2.671456
12.634, 0.985640, 2.671456
12.635, 0.985640, 2.671456
12.636, 0.985640, 2.671456
12.637, 0.985640, 2.671456
12.638, 0.985640, 2.671456
12.639, 0.985640, 2.671456
12.64, 1.012355, 2.662361
12.641, 1.012355, 2.662361
12.642, 1.012355, 2.662361
12.643, 1.012355, 2.662361
12.644, 1.012355, 2.662361
12.645, 1.012355, 2.662361
12.646, 1.012355, 2.662361
12.647, 1.012355, 2.662361
12.648, 1.012355, 2.662361
12.649, 1.012355, 2.662361
12.65, 1.038978, 2.651576
12.651, 1.038978, 2.651576
12.652, 1.038978, 2.651576
12.653, 1.038978, 2.651576
12.654, 1.038978, 2.651576
12.655, 1.038978, 2.651576
12.656, 1.038978, 2.651576
12.657, 1.038978, 2.651576
12.658, 1.038978, 2.651576
12.659, 1.038978, 2.651576
12.66, 1.065494, 2.639079
12.661, 1.065494, 2.639079
12.662, 1.065494, 2.639079
12.663, 1.065494, 2.639079
12.664, 1.065494, 2.639079
12.665, 1.065494, 2.639079
12.666, 1.065494, 2.639079
12.667, 1.065494, 2.639079
12.668, 1.065494, 2.639079
12.669, 1.065494, 2.639079
12.67, 1.091885, 2.624854
12.671, 1.091885, 2.624854
12.672, 1.091885, 2.624854
12.673, 1.091885, 2.624854
12.674, 1.091885, 2.624854
12.675, 1.091885, 2.624854
12.676, 1.091885, 2.624854
12.677, 1.091885, 2.624854
12.678, 1.091885, 2.624854
12.679, 1.091885, 2.624854
12.68, 1.118134, 2.608889
12.681, 1.118134, 2.608889
12.682, 1.118134, 2.608889
12.683, 1.118134, 2.608889
12.684, 1.118134, 2.608889
12.685, 1.118134, 2.608889
12.686, 1.118134, 2.608889
12.687, 1.118134, 2.608889
12.688, 1.118134, 2.608889
12.689, 1.118134, 2.608889
12.69, 1.144222, 2.591180
12.691, 1.144222, 2.591180
12.692, 1.144222, 2.591180
12.693, 1.144222, 2.591180
12.694, 1.144222, 2.591180
12.695, 1.144222, 2.591180
12.696, 1.144222, 2.591180
12.697, 1.144222, 2.591180
12.698, 1.144222, 2.591180
12.699, 1.144222, 2.591180
12.7, 1.170134, 2.571725
12.701, 1.170134, 2.571725
12.702, 1.170134, 2.571725
12.703, 1.170134, 2.571725
12.704, 1.170134, 2.571725
12.705, 1.170134, 2.571725
12.706, 1.170134, 2.571725
12.707, 1.170134, 2.571725
12.708, 1.170134, 2.571725
12.709, 1.170134, 2.571725
12.71, 1.195852, 2.550528
12.711, 1.195852, 2.550528
12.712, 1.195852, 2.550528
12.713, 1.195852, 2.550528
12.714, 1.195852, 2.550528
12.715, 1.195852, 2.550528
12.716, 1.195852, 2.550528
12.717, 1.195852, 2.550528
12.718, 1.195852, 2.550528
12.719, 1.195852, 2.550528
12.72, 1.221357, 2.527601
12.721, 1.221357, 2.527601
12.722, 1.221357, 2.527601
12.723, 1.221357, 2.527601
12.724, 1.221357, 2.527601
12.725, 1.221357, 2.527601
12.726, 1.221357, 2.527601
12.727, 1.221357, 2.527601
12.728, 1.221357, 2.527601
12.729, 1.221357, 2.527601
12.73, 1.246633, 2.502959
12.731, 1.246633, 2.502959
12.732, 1.246633, 2.502959
12.733, 1.246633, 2.502959
12.734, 1.246633, 2.502959
12.735, 1.246633, 2.502959
12.736, 1.246633, 2.502959
12.737, 1.246633, 2.502959
12.738, 1.246633, 2.502959
12.739, 1.246633, 2.502959
12.74, 1.271662, 2.476624
12.741, 1.271662, 2.476624
12.742, 1.271662, 2.476624
12.743, 1.271662, 2.476624
12.744, 1.271662, 2.476624
12.745, 1.271662, 2.476624
12.746, 1.271662, 2.476624
12.747, 1.271662, 2.476624
12.748, 1.271662, 2.476624
12.749, 1.271662, 2.476624
12.75, 1.296429, 2.448623
12.751, 1.296429, 2.448623
12.752, 1.296429, 2.448623
12.753, 1.296429, 2.448623
12.754, 1.296429, 2.448623
12.755, 1.296429, 2.448623
12.756, 1.296429, 2.448623
12.757, 1.296429, 2.448623
12.758, 1.296429, 2.448623
12.759, 1.296429, 2.448623
12.76, 1.320915, 2.418991
12.761, 1.320915, 2.418991
12.762, 1.320915, 2.418991
12.763, 1.320915, 2.418991
12.764, 1.320915, 2.418991
12.765, 1.320915, 2.418991
12.766, 1.320915, 2.418991
12.767, 1.320915, 2.418991
12.768, 1.320915, 2.418991
12.769, 1.320915, 2.418991
12.77, 1.345105, 2.387764
12.771, 1.345105, 2.387764
12.772, 1.345105, 2.387764
12.773, 1.345105, 2.387764
12.774, 1.345105, 2.387764
12.775, 1.345105, 2.387764
12.776, 1.345105, 2.387764
12.777, 1.345105, 2.387764
12.778, 1.345105, 2.387764
12.779, 1.345105, 2.387764
12.78, 1.368982, 2.354989
12.781, 1.368982, 2.354989
12.782, 1.368982, 2.354989
12.783, 1.368982, 2.354989
12.784, 1.368982, 2.354989
12.785, 1.368982, 2.354989
12.786, 1.368982, 2.354989
12.787, 1.368982, 2.354989
12.788, 1.368982, 2.354989
12.789, 1.368982, 2.354989
12.79, 1.392532, 2.320714
12.791, 1.392532, 2.320714
12.792, 1.392532, 2.320714
12.793, 1.392532, 2.320714
12.794, 1.392532, 2.320714
12.795, 1.392532, 2.320714
12.796, 1.392532, 2.320714
12.797, 1.392532, 2.320714
12.798, 1.392532, 2.320714
12.799, 1.392532, 2.320714
12.8, 1.415739, 2.284994
12.801, 1.415739, 2.284994
12.802, 1.415739, 2.284994
12.803, 1.415739, 2.284994
12.804, 1.415739, 2.284994
12.805, 1.415739, 2.284994
12.806, 1.415739, 2.284994
12.807, 1.415739, 2.284994
12.808, 1.415739, 2.284994
12.809, 1.415739, 2.284994
12.81, 1.438589, 2.247888
12.811, 1.438589, 2.247888
12.812, 1.438589, 2.247888
12.813, 1.438589, 2.247888
12.814, 1.438589, 2.247888
12.815, 1.438589, 2.247888
12.816, 1.438589, 2.247888
12.817, 1.438589, 2.247888
12.818, 1.438589, 2.247888
12.819, 1.438589, 2.247888
12.82, 1.461068, 2.209460
12.821, 1.461068, 2.209460
12.822, 1.461068, 2.209460
12.823, 1.461068, 2.209460
12.824, 1.461068, 2.209460
12.825, 1.461068, 2.209460
12.826, 1.461068, 2.209460
12.827, 1.461068, 2.209460
12.828, 1.461068, 2.209460
12.829, 1.461068, 2.209460
12.83, 1.483163, 2.169778
12.831, 1.483163, 2.169778
12.832, 1.483163, 2.169778
12.833, 1.483163, 2.169778
12.834, 1.483163, 2.169778
12.835, 1.483163, 2.169778
12.836, 1.483163, 2.169778
12.837, 1.483163, 2.169778
12.838, 1.483163, 2.169778
12.839, 1.483163, 2.169778
12.84, 1.504861, 2.128914
12.841, 1.504861, 2.128914
12.842, 1.504861, 2.128914
12.843, 1.504861, 2.128914
12.844, 1.504861, 2.128914
12.845, 1.504861, 2.128914
12.846, 1.504861, 2.128914
12.847, 1.504861, 2.128914
12.848, 1.504861, 2.128914
12.849, 1.504861, 2.128914
12.85, 1.526150, 2.086943
12.851, 1.526150, 2.086943
12.852, 1.526150, 2.086943
12.853, 1.526150, 2.086943
12.854, 1.526150, 2.086943
12.855, 1.526150, 2.086943
12.856, 1.526150, 2.086943
12.857, 1.526150, 2.086943
12.858, 1.526150, 2.086943
12.859, 1.526150, 2.086943
12.86, 1.547019, 2.043943
12.861, 1.547019, 2.043943
12.862, 1.547019, 2.043943
12.863, 1.547019, 2.043943
12.864, 1.547019, 2.043943
12.865, 1.547019, 2.043943
12.866, 1.547019, 2.043943
12.867, 1.547019, 2.043943
12.868, 1.547019, 2.043943
12.869, 1.547019, 2.043943
12.87, 1.567459, 1.999995
12.871, 1.567459, 1.999995
12.872, 1.567459, 1.999995
12.873, 1.567459, 1.999995
12.874, 1.567459, 1.999995
12.875, 1.567459, 1.999995
12.876, 1.567459, 1.999995
12.877, 1.567459, 1.999995
12.878, 1.567459, 1.999995
12.879, 1.567459, 1.999995
12.88, 1.587459, 1.955182
12.881, 1.587459, 1.955182
12.882, 1.587459, 1.955182
12.883, 1.587459, 1.955182
12.884, 1.587459, 1.955182
12.885, 1.587459, 1.955182
12.886, 1.587459, 1.955182
12.887, 1.587459, 1.955182
12.888, 1.587459, 1.955182
12.889, 1.587459, 1.955182
12.89, 1.607010, 1.909588
12.891, 1.607010, 1.909588
12.892, 1.607010, 1.909588
12.893, 1.607010, 1.909588
12.894, 1.607010, 1.909588
12.895, 1.607010, 1.909588
12.896, 1.607010, 1.909588
12.897, 1.607010, 1.909588
12.898, 1.607010, 1.909588
12.899, 1.607010, 1.909588
12.9, 1.626106, 1.863299
12.901, 1.626106, 1.863299
12.902, 1.626106, 1.863299
12.903, 1.626106, 1.863299
12.904, 1.626106, 1.863299
12.905, 1.626106, 1.863299
12.906, 1.626106, 1.863299
12.907, 1.626106, 1.863299
12.908, 1.626106, 1.863299
12.909, 1.626106, 1.863299
12.91, 1.644739, 1.816402
12.911, 1.644739, 1.816402
12.912, 1.644739, 1.816402
12.913, 1.644739, 1.816402
12.914, 1.644739, 1.816402
12.915, 1.644739, 1.816402
12.916, 1.644739, 1.816402
12.917, 1.644739, 1.816402
12.918, 1.644739, 1.816402
12.919, 1.644739, 1.816402
12.92, 1.662903, 1.768982
12.921, 1.662903, 1.768982
12.922, 1.662903, 1.768982
12.923, 1.662903, 1.768982
12.924, 1.662903, 1.768982
12.925, 1.662903, 1.768982
12.926, 1.662903, 1.768982
12.927, 1.662903, 1.768982
12.928, 1.662903, 1.768982
12.929, 1.662903, 1.768982
12.93, 1.680593, 1.721126
12.931, 1.680593, 1.721126
12.932, 1.680593, 1.721126
12.933, 1.680593, 1.721126
12.934, 1.680593, 1.721126
12.935, 1.680593, 1.721126
12.936, 1.680593, 1.721126
12.937, 1.680593, 1.721126
12.938, 1.680593, 1.721126
12.939, 1.680593, 1.721126
12.94, 1.697804, 1.672920
12.941, 1.697804, 1.672920
12.942, 1.697804, 1.672920
12.943, 1.697804, 1.672920
12.944, 1.697804, 1.672920
12.945, 1.697804, 1.672920
12.946, 1.697804, 1.672920
12.947, 1.697804, 1.672920
12.948, 1.697804, 1.672920
12.949, 1.697804, 1.672920
12.95, 1.714534, 1.624448
12.951, 1.714534, 1.624448
12.952, 1.714534, 1.624448
12.953, 1.714534, 1.624448
12.954, 1.714534, 1.624448
12.955, 1.714534, 1.624448
12.956, 1.714534, 1.624448
12.957, 1.714534, 1.624448
12.958, 1.714534, 1.624448
12.959, 1.714534, 1.624448
12.96, 1.730778, 1.575795
12.961, 1.730778, 1.575795
12.962, 1.730778, 1.575795
12.963, 1.730778, 1.575795
12.964, 1.730778, 1.575795
12.965, 1.730778, 1.575795
12.966, 1.730778, 1.575795
12.967, 1.730778, 1.575795
12.968, 1.730778, 1.575795
12.969, 1.730778, 1.575795
12.97, 1.746536, 1.527040
12.971, 1.746536, 1.527040
12.972, 1.746536, 1.527040
12.973, 1.746536, 1.527040
12.974, 1.746536, 1.527040
12.975, 1.746536, 1.527040
12.976, 1.746536, 1.527040
12.977, 1.746536, 1.527040
12.978, 1.746536, 1.527040
12.979, 1.746536, 1.527040
12.98, 1.761806, 1.478265
12.981, 1.761806, 1.478265
12.982, 1.761806, 1.478265
12.983, 1.761806, 1.478265
12.984, 1.761806, 1.478265
12.985, 1.761806, 1.478265
12.986, 1.761806, 1.478265
12.987, 1.761806, 1.478265
12.988, 1.761806, 1.478265
12.989, 1.761806, 1.478265
12.99, 1.776589, 1.429545
12.991, 1.776589, 1.429545
12.992, 1.776589, 1.429545
12.993, 1.776589, 1.429545
12.994, 1.776589, 1.429545
12.995, 1.776589, 1.429545
12.996, 1.776589, 1.429545
12.997, 1.776589, 1.429545
12.998, 1.776589, 1.429545
12.999, 1.776589, 1.429545
13, 1.790885, 1.380954
13.001, 1.790885, 1.380954
13.002, 1.790885, 1.380954
13.003, 1.790885, 1.380954
13.004, 1.790885, 1.380954
13.005, 1.790885, 1.380954
13.006, 1.790885, 1.380954
13.007, 1.790885, 1.380954
13.008, 1.790885, 1.380954
13.009, 1.790885, 1.380954
13.01, 1.804694, 1.332564
13.011, 1.804694, 1.332564
13.012, 1.804694, 1.332564
13.013, 1.804694, 1.332564
13.014, 1.804694, 1.332564
13.015, 1.804694, 1.332564
13.016, 1.804694, 1.332564
13.017, 1.804694, 1.332564
13.018, 1.804694, 1.332564
13.019, 1.804694, 1.332564
13.02, 1.818020, 1.284442
13.021, 1.818020, 1.284442
13.022, 1.818020, 1.284442
13.023, 1.818020, 1.284442
13.024, 1.818020, 1.284442
13.025, 1.818020, 1.284442
13.026, 1.818020, 1.284442
13.027, 1.818020, 1.284442
13.028, 1.818020, 1.284442
13.029, 1.818020, 1.284442
13.03, 1.830864, 1.236653
13.031, 1.830864, 1.236653
13.032, 1.830864, 1.236653
13.033, 1.830864, 1.236653
13.034, 1.830864, 1.236653
13.035, 1.830864, 1.236653
13.036, 1.830864, 1.236653
13.037, 1.830864, 1.236653
13.038, 1.830864, 1.236653
13.039, 1.830864, 1.236653
13.04, 1.843231, 1.189257
13.041, 1.843231, 1.189257
13.042, 1.843231, 1.189257
13.043, 1.843231, 1.189257
13.044, 1.843231, 1.189257
13.045, 1.843231, 1.189257
13.046, 1.843231, 1.189257
13.047, 1.843231, 1.189257
13.048, 1.843231, 1.189257
13.049, 1.843231, 1.189257
13.05, 1.855123, 1.142312
13.051, 1.855123, 1.142312
13.052, 1.855123, 1.142312
13.053, 1.855123, 1.142312
13.054, 1.855123, 1.142312
13.055, 1.855123, 1.142312
13.056, 1.855123, 1.142312
13.057, 1.855123, 1.142312
13.058, 1.855123, 1.142312
13.059, 1.855123, 1.142312
13.06, 1.866546, 1.095872
13.061, 1.866546, 1.095872
13.062, 1.866546, 1.095872
13.063, 1.866546, 1.095872
13.064, 1.866546, 1.095872
13.065, 1.866546, 1.095872
13.066, 1.866546, 1.095872
13.067, 1.866546, 1.095872
13.068, 1.866546, 1.095872
13.069, 1.866546, 1.095872
13.07, 1.877505, 1.049985
13.071, 1.877505, 1.049985
13.072, 1.877505, 1.049985
13.073, 1.877505, 1.049985
13.074, 1.877505, 1.049985
13.075, 1.877505, 1.049985
13.076, 1.877505, 1.049985
13.077, 1.877505, 1.049985
13.078, 1.877505, 1.049985
13.079, 1.877505, 1.049985
13.08, 1.888005, 1.004698
13.081, 1.888005, 1.004698
13.082, 1.888005, 1.004698
13.083, 1.888005, 1.004698
13.084, 1.888005, 1.004698
13.085, 1.888005, 1.004698
13.086, 1.888005, 1.004698
13.087, 1.888005, 1.004698
13.088, 1.888005, 1.004698
13.089, 1.888005, 1.004698
13.09, 1.898052, 0.960051
13.091, 1.898052, 0.960051
13.092, 1.898052, 0.960051
13.093, 1.898052, 0.960051
13.094, 1.898052, 0.960051
13.095, 1.898052, 0.960051
13.096, 1.898052, 0.960051
13.097, 1.898052, 0.960051
13.098, 1.898052, 0.960051
13.099, 1.898052, 0.960051
13.1, 1.907652, 0.916085
13.101, 1.907652, 0.916085
13.102, 1.907652, 0.916085
13.103, 1.907652, 0.916085
13.104, 1.907652, 0.916085
13.105, 1.907652, 0.916085
13.106, 1.907652, 0.916085
13.107, 1.907652, 0.916085
13.108, 1.907652, 0.916085
13.109, 1.907652, 0.916085
13.11, 1.916813, 0.872831
13.111, 1.916813, 0.872831
13.112, 1.916813, 0.872831
13.113, 1.916813, 0.872831
13.114, 1.916813, 0.872831
13.115, 1.916813, 0.872831
13.116, 1.916813, 0.872831
13.117, 1.916813, 0.872831
13.118, 1.916813, 0.872831
13.119, 1.916813, 0.872831
13.12, 1.925542, 0.830322
13.121, 1.925542, 0.830322
13.122, 1.925542, 0.830322
13.123, 1.925542, 0.830322
13.124, 1.925542, 0.830322
13.125, 1.925542, 0.830322
13.126, 1.925542, 0.830322
13.127, 1.925542, 0.830322
13.128, 1.925542, 0.830322
13.129, 1.925542, 0.830322
13.13, 1.933845, 0.788584
13.131, 1.933845, 0.788584
13.132, 1.933845, 0.788584
13.133, 1.933845, 0.788584
13.134, 1.933845, 0.788584
13.135, 1.933845, 0.788584
13.136, 1.933845, 0.788584
13.137, 1.933845, 0.788584
13.138, 1.933845, 0.788584
13.139, 1.933845, 0.788584
13.14, 1.941731, 0.747640
13.141, 1.941731, 0.747640
13.142, 1.941731, 0.747640
13.143, 1.941731, 0.747640
13.144, 1.941731, 0.747640
13.145, 1.941731, 0.747640
13.146, 1.941731, 0.747640
13.147, 1.941731, 0.747640
13.148, 1.941731, 0.747640
13.149, 1.941731, 0.747640
13.15, 1.949207, 0.707511
13.151, 1.949207, 0.707511
13.152, 1.949207, 0.707511
13.153, 1.949207, 0.707511
13.154, 1.949207, 0.707511
13.155, 1.949207, 0.707511
13.156, 1.949207, 0.707511
13.157, 1.949207, 0.707511
13.158, 1.949207, 0.707511
13.159, 1.949207, 0.707511
13.16, 1.956282, 0.668213
13.161, 1.956282, 0.668213
13.162, 1.956282, 0.668213
13.163, 1.956282, 0.668213
13.164, 1.956282, 0.668213
13.165, 1.956282, 0.668213
13.166, 1.956282, 0.668213
13.167, 1.956282, 0.668213
13.168, 1.956282, 0.668213
13.169, 1.956282, 0.668213
13.17, 1.962964, 0.629759
13.171, 1.962964, 0.629759
13.172, 1.962964, 0.629759
13.173, 1.962964, 0.629759
13.174, 1.962964, 0.629759
13.175, 1.962964, 0.629759
13.176, 1.962964, 0.629759
13.177, 1.962964, 0.629759
13.178, 1.962964, 0.629759
13.179, 1.962964, 0.629759
13.18, 1.969262, 0.592161
13.181, 1.969262, 0.592161
13.182, 1.969262, 0.592161
13.183, 1.969262, 0.592161
13.184, 1.969262, 0.592161
13.185, 1.969262, 0.592161
13.186, 1.969262, 0.592161
13.187, 1.969262, 0.592161
13.188, 1.969262, 0.592161
13.189, 1.969262, 0.592161
13.19, 1.975183, 0.555426
13.191, 1.975183, 0.555426
13.192, 1.975183, 0.555426
13.193, 1.975183, 0.555426
13.194, 1.975183, 0.555426
13.195, 1.975183, 0.555426
13.196, 1.975183, 0.555426
13.197, 1.975183, 0.555426
13.198, 1.975183, 0.555426
13.199, 1.975183, 0.555426
13.2, 1.980738, 0.519560
13.201, 1.980738, 0.519560
13.202, 1.980738, 0.519560
13.203, 1.980738, 0.519560
13.204, 1.980738, 0.519560
13.205, 1.980738, 0.519560
13.206, 1.980738, 0.519560
13.207, 1.980738, 0.519560
13.208, 1.980738, 0.519560
13.209, 1.980738, 0.519560
13.21, 1.985933, 0.484564
13.211, 1.985933, 0.484564
13.212, 1.985933, 0.484564
13.213, 1.985933, 0.484564
13.214, 1.985933, 0.484564
13.215, 1.985933, 0.484564
13.216, 1.985933, 0.484564
13.217, 1.985933, 0.484564
13.218, 1.985933, 0.484564
13.219, 1.985933, 0.484564
13.22, 1.990779, 0.450439
13.221, 1.990779, 0.450439
13.222, 1.990779, 0.450439
13.223, 1.990779, 0.450439
13.224, 1.990779, 0.450439
13.225, 1.990779, 0.450439
13.226, 1.990779, 0.450439
13.227, 1.990779, 0.450439
13.228, 1.990779, 0.450439
13.229, 1.990779, 0.450439
13.23, 1.995283, 0.417184
13.231, 1.995283, 0.417184
13.232, 1.995283, 0.417184
13.233, 1.995283, 0.417184
13.234, 1.995283, 0.417184
13.235, 1.995283, 0.417184
13.236, 1.995283, 0.417184
13.237, 1.995283, 0.417184
13.238, 1.995283, 0.417184
13.239, 1.995283, 0.417184
13.24, 1.999455, 0.384794
13.241, 1.999455, 0.384794
13.242, 1.999455, 0.384794
13.243, 1.999455, 0.384794
13.244, 1.999455, 0.384794
13.245, 1.999455, 0.384794
13.246, 1.999455, 0.384794
13.247, 1.999455, 0.384794
13.248, 1.999455, 0.384794
13.249, 1.999455, 0.384794
13.25, 2.003303, 0.353264
13.251, 2.003303, 0.353264
13.252, 2.003303, 0.353264
13.253, 2.003303, 0.353264
13.254, 2.003303, 0.353264
13.255, 2.003303, 0.353264
13.256, 2.003303, 0.353264
13.257, 2.003303, 0.353264
13.258, 2.003303, 0.353264
13.259, 2.003303, 0.353264
13.26, 2.006836, 0.322587
13.261, 2.006836, 0.322587
13.262, 2.006836, 0.322587
13.263, 2.006836, 0.322587
13.264, 2.006836, 0.322587
13.265, 2.006836, 0.322587
13.266, 2.006836, 0.322587
13.267, 2.006836, 0.322587
13.268, 2.006836, 0.322587
13.269, 2.006836, 0.322587
13.27, 2.010062, 0.292752
13.271, 2.010062, 0.292752
13.272, 2.010062, 0.292752
13.273, 2.010062, 0.292752
13.274, 2.010062, 0.292752
13.275, 2.010062, 0.292752
13.276, 2.010062, 0.292752
13.277, 2.010062, 0.292752
13.278, 2.010062, 0.292752
13.279, 2.010062, 0.292752
13.28, 2.012989, 0.263751
13.281, 2.012989, 0.263751
13.282, 2.012989, 0.263751
13.283, 2.012989, 0.263751
13.284, 2.012989, 0.263751
13.285, 2.012989, 0.263751
13.286, 2.012989, 0.263751
13.287, 2.012989, 0.263751
13.288, 2.012989, 0.263751
13.289, 2.012989, 0.263751
13.29, 2.015627, 0.235571
13.291, 2.015627, 0.235571
13.292, 2.015627, 0.235571
13.293, 2.015627, 0.235571
13.294, 2.015627, 0.235571
13.295, 2.015627, 0.235571
13.296, 2.015627, 0.235571
13.297, 2.015627, 0.235571
13.298, 2.015627, 0.235571
13.299, 2.015627, 0.235571
13.3, 2.017982, 0.208200
13.301, 2.017982, 0.208200
13.302, 2.017982, 0.208200
13.303, 2.017982, 0.208200
13.304, 2.017982, 0.208200
13.305, 2.017982, 0.208200
13.306, 2.017982, 0.208200
13.307, 2.017982, 0.208200
13.308, 2.017982, 0.208200
13.309, 2.017982, 0.208200
13.31, 2.020064, 0.181624
13.311, 2.020064, 0.181624
13.312, 2.020064, 0.181624
13.313, 2.020064, 0.181624
13.314, 2.020064, 0.181624
13.315, 2.020064, 0.181624
13.316, 2.020064, 0.181624
13.317, 2.020064, 0.181624
13.318, 2.020064, 0.181624
13.319, 2.020064, 0.181624
13.32, 2.021881, 0.155828
13.321, 2.021881, 0.155828
13.322, 2.021881, 0.155828
13.323, 2.021881, 0.155828
13.324, 2.021881, 0.155828
13.325, 2.021881, 0.155828
13.326, 2.021881, 0.155828
13.327, 2.021881, 0.155828
13.328, 2.021881, 0.155828
13.329, 2.021881, 0.155828
13.33, 2.023439, 0.130797
13.331, 2.023439, 0.130797
13.332, 2.023439, 0.130797
13.333, 2.023439, 0.130797
13.334, 2.023439, 0.130797
13.335, 2.023439, 0.130797
13.336, 2.023439, 0.130797
13.337, 2.023439, 0.130797
13.338, 2.023439, 0.130797
13.339, 2.023439, 0.130797
13.34, 2.024747, 0.106515
13.341, 2.024747, 0.106515
13.342, 2.024747, 0.106515
13.343, 2.024747, 0.106515
13.344, 2.024747, 0.106515
13.345, 2.024747, 0.106515
13.346, 2.024747, 0.106515
13.347, 2.024747, 0.106515
13.348, 2.024747, 0.106515
13.349, 2.024747, 0.106515
13.35, 2.025812, 0.082966
13.351, 2.025812, 0.082966
13.352, 2.025812, 0.082966
13.353, 2.025812, 0.082966
13.354, 2.025812, 0.082966
13.355, 2.025812, 0.082966
13.356, 2.025812, 0.082966
13.357, 2.025812, 0.082966
13.358, 2.025812, 0.082966
13.359, 2.025812, 0.082966
13.36, 2.026642, 0.060133
13.361, 2.026642, 0.060133
13.362, 2.026642, 0.060133
13.363, 2.026642, 0.060133
13.364, 2.026642, 0.060133
13.365, 2.026642, 0.060133
13.366, 2.026642, 0.060133
13.367, 2.026642, 0.060133
13.368, 2.026642, 0.060133
13.369, 2.026642, 0.060133
13.37, 2.027243, 0.037998
13.371, 2.027243, 0.037998
13.372, 2.027243, 0.037998
13.373, 2.027243, 0.037998
13.374, 2.027243, 0.037998
13.375, 2.027243, 0.037998
13.376, 2.027243, 0.037998
13.377, 2.027243, 0.037998
13.378, 2.027243, 0.037998
13.379, 2.027243, 0.037998
13.38, 2.027623, 0.016544
13.381, 2.027623, 0.016544
13.382, 2.027623, 0.016544
13.383, 2.027623, 0.016544
13.384, 2.027623, 0.016544
13.385, 2.027623, 0.016544
13.386, 2.027623, 0.016544
13.387, 2.027623, 0.016544
13.388, 2.027623, 0.016544
13.389, 2.027623, 0.016544
13.39, 2.027788, -0.004247
13.391, 2.027788, -0.004247
13.392, 2.027788, -0.004247
13.393, 2.027788, -0.004247
13.394, 2.027788, -0.004247
13.395, 2.027788, -0.004247
13.396, 2.027788, -0.004247
13.397, 2.027788, -0.004247
13.398, 2.027788, -0.004247
13.399, 2.027788, -0.004247
13.4, 2.027746, -0.024393
13.401, 2.027746, -0.024393
13.402, 2.027746, -0.024393
13.403, 2.027746, -0.024393
13.404, 2.027746, -0.024393
13.405, 2.027746, -0.024393
13.406, 2.027746, -0.024393
13.407, 2.027746, -0.024393
13.408, 2.027746, -0.024393
13.409, 2.027746, -0.024393
13.41, 2.027502, -0.043911
13.411, 2.027502, -0.043911
13.412, 2.027502, -0.043911
13.413, 2.027502, -0.043911
13.414, 2.027502, -0.043911
13.415, 2.027502, -0.043911
13.416, 2.027502, -0.043911
13.417, 2.027502, -0.043911
13.418, 2.027502, -0.043911
13.419, 2.027502, -0.043911
13.42, 2.027063, -0.062820
13.421, 2.027063, -0.062820
13.422, 2.027063, -0.062820
13.423, 2.027063, -0.062820
13.424, 2.027063, -0.062820
13.425, 2.027063, -0.062820
13.426, 2.027063, -0.062820
13.427, 2.027063, -0.062820
13.428, 2.027063, -0.062820
13.429, 2.027063, -0.062820
13.43, 2.026435, -0.081138
13.431, 2.026435, -0.081138
13.432, 2.026435, -0.081138
13.433, 2.026435, -0.081138
13.434, 2.026435, -0.081138
13.435, 2.026435, -0.081138
13.436, 2.026435, -0.081138
13.437, 2.026435, -0.081138
13.438, 2.026435, -0.081138
13.439, 2.026435, -0.081138
13.44, 2.025623, -0.098882
13.441, 2.025623, -0.098882
13.442, 2.025623, -0.098882
13.443, 2.025623, -0.098882
13.444, 2.025623, -0.098882
13.445, 2.025623, -0.098882
13.446, 2.025623, -0.098882
13.447, 2.025623, -0.098882
13.448, 2.025623, -0.098882
13.449, 2.025623, -0.098882
13.45, 2.024635, -0.116069
13.451, 2.024635, -0.116069
13.452, 2.024635, -0.116069
13.453, 2.024635, -0.116069
13.454, 2.024635, -0.116069
13.455, 2.024635, -0.116069
13.456, 2.024635, -0.116069
13.457, 2.024635, -0.116069
13.458, 2.024635, -0.116069
13.459, 2.024635, -0.116069
13.46, 2.023474, -0.132718
13.461, 2.023474, -0.132718
13.462, 2.023474, -0.132718
13.463, 2.023474, -0.132718
13.464, 2.023474, -0.132718
13.465, 2.023474, -0.132718
13.466, 2.023474, -0.132718
13.467, 2.023474, -0.132718
13.468, 2.023474, -0.132718
13.469, 2.023474, -0.132718
13.47, 2.022147, -0.148846
13.471, 2.022147, -0.148846
13.472, 2.022147, -0.148846
13.473, 2.022147, -0.148846
13.474, 2.022147, -0.148846
13.475, 2.022147, -0.148846
13.476, 2.022147, -0.148846
13.477, 2.022147, -0.148846
13.478, 2.022147, -0.148846
13.479, 2.022147, -0.148846
13.48, 2.020658, -0.164470
13.481, 2.020658, -0.164470
13.482, 2.020658, -0.164470
13.483, 2.020658, -0.164470
13.484, 2.020658, -0.164470
13.485, 2.020658, -0.164470
13.486, 2.020658, -0.164470
13.487, 2.020658, -0.164470
13.488, 2.020658, -0.164470
13.489, 2.020658, -0.164470
13.49, 2.019013, -0.179606
13.491, 2.019013, -0.179606
13.492, 2.019013, -0.179606
13.493, 2.019013, -0.179606
13.494, 2.019013, -0.179606
13.495, 2.019013, -0.179606
13.496, 2.019013, -0.179606
13.497, 2.019013, -0.179606
13.498, 2.019013, -0.179606
13.499, 2.019013, -0.179606
13.5, 2.017217, -0.194270
13.501, 2.017217, -0.194270
13.502, 2.017217, -0.194270
13.503, 2.017217, -0.194270
13.504, 2.017217, -0.194270
13.505, 2.017217, -0.194270
13.506, 2.017217, -0.194270
13.507, 2.017217, -0.194270
13.508, 2.017217, -0.194270
13.509, 2.017217, -0.194270
13.51, 2.015275, -0.208480
13.511, 2.015275, -0.208480
13.512, 2.015275, -0.208480
13.513, 2.015275, -0.208480
13.514, 2.015275, -0.208480
13.515, 2.015275, -0.208480
13.516, 2.015275, -0.208480
13.517, 2.015275, -0.208480
13.518, 2.015275, -0.208480
13.519, 2.015275, -0.208480
13.52, 2.013190, -0.222251
13.521, 2.013190, -0.222251
13.522, 2.013190, -0.222251
13.523, 2.013190, -0.222251
13.524, 2.013190, -0.222251
13.525, 2.013190, -0.222251
13.526, 2.013190, -0.222251
13.527, 2.013190, -0.222251
13.528, 2.013190, -0.222251
13.529, 2.013190, -0.222251
13.53, 2.010967, -0.235597
13.531, 2.010967, -0.235597
13.532, 2.010967, -0.235597
13.533, 2.010967, -0.235597
13.534, 2.010967, -0.235597
13.535, 2.010967, -0.235597
13.536, 2.010967, -0.235597
13.537, 2.010967, -0.235597
13.538, 2.010967, -0.235597
13.539, 2.010967, -0.235597
13.54, 2.008611, -0.248535
13.541, 2.008611, -0.248535
13.542, 2.008611, -0.248535
13.543, 2.008611, -0.248535
13.544, 2.008611, -0.248535
13.545, 2.008611, -0.248535
13.546, 2.008611, -0.248535
13.547, 2.008611, -0.248535
13.548, 2.008611, -0.248535
13.549, 2.008611, -0.248535
13.55, 2.006126, -0.261080
13.551, 2.006126, -0.261080
13.552, 2.006126, -0.261080
13.553, 2.006126, -0.261080
13.554, 2.006126, -0.261080
13.555, 2.006126, -0.261080
13.556, 2.006126, -0.261080
13.557, 2.006126, -0.261080
13.558, 2.006126, -0.261080
13.559, 2.006126, -0.261080
13.56, 2.003515, -0.273244
13.561, 2.003515, -0.273244
13.562, 2.003515, -0.273244
13.563, 2.003515, -0.273244
13.564, 2.003515, -0.273244
13.565, 2.003515, -0.273244
13.566, 2.003515, -0.273244
13.567, 2.003515, -0.273244
13.568, 2.003515, -0.273244
13.569, 2.003515, -0.273244
13.57, 2.000783, -0.285044
13.571, 2.000783, -0.285044
13.572, 2.000783, -0.285044
13.573, 2.000783, -0.285044
13.574, 2.000783, -0.285044
13.575, 2.000783, -0.285044
13.576, 2.000783, -0.285044
13.577, 2.000783, -0.285044
13.578, 2.000783, -0.285044
13.579, 2.000783, -0.285044
13.58, 1.997932, -0.296491
13.581, 1.997932, -0.296491
13.582, 1.997932, -0.296491
13.583, 1.997932, -0.296491
13.584, 1.997932, -0.296491
13.585, 1.997932, -0.296491
13.586, 1.997932, -0.296491
13.587, 1.997932, -0.296491
13.588, 1.997932, -0.296491
13.589, 1.997932, -0.296491
13.59, 1.994968, -0.307601
13.591, 1.994968, -0.307601
13.592, 1.994968, -0.307601
13.593, 1.994968, -0.307601
13.594, 1.994968, -0.307601
13.595, 1.994968, -0.307601
13.596, 1.994968, -0.307601
13.597, 1.994968, -0.307601
13.598, 1.994968, -0.307601
13.599, 1.994968, -0.307601
13.6, 1.991892, -0.318384
13.601, 1.991892, -0.318384
13.602, 1.991892, -0.318384
13.603, 1.991892, -0.318384
13.604, 1.991892, -0.318384
13.605, 1.991892, -0.318384
13.606, 1.991892, -0.318384
13.607, 1.991892, -0.318384
13.608, 1.991892, -0.318384
13.609, 1.991892, -0.318384
13.61, 1.988708, -0.328854
13.611, 1.988708, -0.328854
13.612, 1.988708, -0.328854
13.613, 1.988708, -0.328854
13.614, 1.988708, -0.328854
13.615, 1.988708, -0.328854
13.616, 1.988708, -0.328854
13.617, 1.988708, -0.328854
13.618, 1.988708, -0.328854
13.619, 1.988708, -0.328854
13.62, 1.985419, -0.339024
13.621, 1.985419, -0.339024
13.622, 1.985419, -0.339024
13.623, 1.985419, -0.339024
13.624, 1.985419, -0.339024
13.625, 1.985419, -0.339024
13.626, 1.985419, -0.339024
13.627, 1.985419, -0.339024
13.628, 1.985419, -0.339024
13.629, 1.985419, -0.339024
13.63, 1.982029, -0.348905
13.631, 1.982029, -0.348905
13.632, 1.982029, -0.348905
13.633, 1.982029, -0.348905
13.634, 1.982029, -0.348905
13.635, 1.982029, -0.348905
13.636, 1.982029, -0.348905
13.637, 1.982029, -0.348905
13.638, 1.982029, -0.348905
13.639, 1.982029, -0.348905
13.64, 1.978540, -0.358507
13.641, 1.978540, -0.358507
13.642, 1.978540, -0.358507
13.643, 1.978540, -0.358507
13.644, 1.978540, -0.358507
13.645, 1.978540, -0.358507
13.646, 1.978540, -0.358507
13.647, 1.978540, -0.358507
13.648, 1.978540, -0.358507
13.649, 1.978540, -0.358507
13.65, 1.974955, -0.367844
13.651, 1.974955, -0.367844
13.652, 1.974955, -0.367844
13.653, 1.974955, -0.367844
13.654, 1.974955, -0.367844
13.655, 1.974955, -0.367844
13.656, 1.974955, -0.367844
13.657, 1.974955, -0.367844
13.658, 1.974955, -0.367844
13.659, 1.974955, -0.367844
13.66, 1.971276, -0.376924
13.661, 1.971276, -0.376924
13.662, 1.971276, -0.376924
13.663, 1.971276, -0.376924
13.664, 1.971276, -0.376924
13.665, 1.971276, -0.376924
13.666, 1.971276, -0.376924
13.667, 1.971276, -0.376924
13.668, 1.971276, -0.376924
13.669, 1.971276, -0.376924
13.67, 1.967507, -0.385759
13.671, 1.967507, -0.385759
13.672, 1.967507, -0.385759
13.673, 1.967507, -0.385759
13.674, 1.967507, -0.385759
13.675, 1.967507, -0.385759
13.676, 1.967507, -0.385759
13.677, 1.967507, -0.385759
13.678, 1.967507, -0.385759
13.679, 1.967507, -0.385759
13.68, 1.963649, -0.394359
13.681, 1.963649, -0.394359
13.682, 1.963649, -0.394359
13.683, 1.963649, -0.394359
13.684, 1.963649, -0.394359
13.685, 1.963649, -0.394359
13.686, 1.963649, -0.394359
13.687, 1.963649, -0.394359
13.688, 1.963649, -0.394359
13.689, 1.963649, -0.394359
13.69, 1.959706, -0.402733
13.691, 1.959706, -0.402733
13.692, 1.959706, -0.402733
13.693, 1.959706, -0.402733
13.694, 1.959706, -0.402733
13.695, 1.959706, -0.402733
13.696, 1.959706, -0.402733
13.697, 1.959706, -0.402733
13.698, 1.959706, -0.402733
13.699, 1.959706, -0.402733
13.7, 1.955679, -0.410890
13.701, 1.955679, -0.410890
13.702, 1.955679, -0.410890
13.703, 1.955679, -0.410890
13.704, 1.955679, -0.410890
13.705, 1.955679, -0.410890
13.706, 1.955679, -0.410890
13.707, 1.955679, -0.410890
13.708, 1.955679, -0.410890
13.709, 1.955679, -0.410890
13.71, 1.951570, -0.418841
13.711, 1.951570, -0.418841
13.712, 1.951570, -0.418841
13.713, 1.951570, -0.418841
13.714, 1.951570, -0.418841
13.715, 1.951570, -0.418841
13.716, 1.951570, -0.418841
13.717, 1.951570, -0.418841
13.718, 1.951570, -0.418841
13.719, 1.951570, -0.418841
13.72, 1.947381, -0.426593
13.721, 1.947381, -0.426593
13.722, 1.947381, -0.426593
13.723, 1.947381, -0.426593
13.724, 1.947381, -0.426593
13.725, 1.947381, -0.426593
13.726, 1.947381, -0.426593
13.727, 1.947381, -0.426593
13.728, 1.947381, -0.426593
13.729, 1.947381, -0.426593
13.73, 1.943115, -0.434155
13.731, 1.943115, -0.434155
13.732, 1.943115, -0.434155
13.733, 1.943115, -0.434155
13.734, 1.943115, -0.434155
13.735, 1.943115, -0.434155
13.736, 1.943115, -0.434155
13.737, 1.943115, -0.434155
13.738, 1.943115, -0.434155
13.739, 1.943115, -0.434155
13.74, 1.938774, -0.441535
13.741, 1.938774, -0.441535
13.742, 1.938774, -0.441535
13.743, 1.938774, -0.441535
13.744, 1.938774, -0.441535
13.745, 1.938774, -0.441535
13.746, 1.938774, -0.441535
13.747, 1.938774, -0.441535
13.748, 1.938774, -0.441535
13.749, 1.938774, -0.441535
13.75, 1.934358, -0.448742
13.751, 1.934358, -0.448742
13.752, 1.934358, -0.448742
13.753, 1.934358, -0.448742
13.754, 1.934358, -0.448742
13.755, 1.934358, -0.448742
13.756, 1.934358, -0.448742
13.757, 1.934358, -0.448742
13.758, 1.934358, -0.448742
13.759, 1.934358, -0.448742
13.76, 1.929871, -0.455782
13.761, 1.929871, -0.455782
13.762, 1.929871, -0.455782
13.763, 1.929871, -0.455782
13.764, 1.929871, -0.455782
13.765, 1.929871, -0.455782
13.766, 1.929871, -0.455782
13.767, 1.929871, -0.455782
13.768, 1.929871, -0.455782
13.769, 1.929871, -0.455782
13.77, 1.925313, -0.462663
13.771, 1.925313, -0.462663
13.772, 1.925313, -0.462663
13.773, 1.925313, -0.462663
13.774, 1.925313, -0.462663
13.775, 1.925313, -0.462663
13.776, 1.925313, -0.462663
13.777, 1.925313, -0.462663
13.778, 1.925313, -0.462663
13.779, 1.925313, -0.462663
13.78, 1.920687, -0.469393
13.781, 1.920687, -0.469393
13.782, 1.920687, -0.469393
13.783, 1.920687, -0.469393
13.784, 1.920687, -0.469393
13.785, 1.920687, -0.469393
13.786, 1.920687, -0.469393
13.787, 1.920687, -0.469393
13.788, 1.920687, -0.469393
13.789, 1.920687, -0.469393
13.79, 1.915993, -0.475978
13.791, 1.915993, -0.475978
13.792, 1.915993, -0.475978
13.793, 1.915993, -0.475978
13.794, 1.915993, -0.475978
13.795, 1.915993, -0.475978
13.796, 1.915993, -0.475978
13.797, 1.915993, -0.475978
13.798, 1.915993, -0.475978
13.799, 1.915993, -0.475978
13.8, 1.911233, -0.482424
13.801, 1.911233, -0.482424
13.802, 1.911233, -0.482424
13.803, 1.911233, -0.482424
13.804, 1.911233, -0.482424
13.805, 1.911233, -0.482424
13.806, 1.911233, -0.482424
13.807, 1.911233, -0.482424
13.808, 1.911233, -0.482424
13.809, 1.911233, -0.482424
13.81, 1.906409, -0.488739
13.811, 1.906409, -0.488739
13.812, 1.906409, -0.488739
13.813, 1.906409, -0.488739
13.814, 1.906409, -0.488739
13.815, 1.906409, -0.488739
13.816, 1.906409, -0.488739
13.817, 1.906409, -0.488739
13.818, 1.906409, -0.488739
13.819, 1.906409, -0.488739
13.82, 1.901521, -0.494927
13.821, 1.901521, -0.494927
13.822, 1.901521, -0.494927
13.823, 1.901521, -0.494927
13.824, 1.901521, -0.494927
13.825, 1.901521, -0.494927
13.826, 1.901521, -0.494927
13.827, 1.901521, -0.494927
13.828, 1.901521, -0.494927
13.829, 1.901521, -0.494927
13.83, 1.896572, -0.500996
13.831, 1.896572, -0.500996
13.832, 1.896572, -0.500996
13.833, 1.896572, -0.500996
13.834, 1.896572, -0.500996
13.835, 1.896572, -0.500996
13.836, 1.896572, -0.500996
13.837, 1.896572, -0.500996
13.838, 1.896572, -0.500996
13.839, 1.896572, -0.500996
13.84, 1.891562, -0.506951
13.841, 1.891562, -0.506951
13.842, 1.891562, -0.506951
13.843, 1.891562, -0.506951
13.844, 1.891562, -0.506951
13.845, 1.891562, -0.506951
13.846, 1.891562, -0.506951
13.847, 1.891562, -0.506951
13.848, 1.891562, -0.506951
13.849, 1.891562, -0.506951
13.85, 1.886492, -0.512798
13.851, 1.886492, -0.512798
13.852, 1.886492, -0.512798
13.853, 1.886492, -0.512798
13.854, 1.886492, -0.512798
13.855, 1.886492, -0.512798
13.856, 1.886492, -0.512798
13.857, 1.886492, -0.512798
13.858, 1.886492, -0.512798
13.859, 1.886492, -0.512798
13.86, 1.881365, -0.518541
13.861, 1.881365, -0.518541
13.862, 1.881365, -0.518541
13.863, 1.881365, -0.518541
13.864, 1.881365, -0.518541
13.865, 1.881365, -0.518541
13.866, 1.881365, -0.518541
13.867, 1.881365, -0.518541
13.868, 1.881365, -0.518541
13.869, 1.881365, -0.518541
13.87, 1.876179, -0.524186
13.871, 1.876179, -0.524186
13.872, 1.876179, -0.524186
13.873, 1.876179, -0.524186
13.874, 1.876179, -0.524186
13.875, 1.876179, -0.524186
13.876, 1.876179, -0.524186
13.877, 1.876179, -0.524186
13.878, 1.876179, -0.524186
13.879, 1.876179, -0.524186
13.88, 1.870937, -0.529738
13.881, 1.870937, -0.529738
13.882, 1.870937, -0.529738
13.883, 1.870937, -0.529738
13.884, 1.870937, -0.529738
13.885, 1.870937, -0.529738
13.886, 1.870937, -0.529738
13.887, 1.870937, -0.529738
13.888, 1.870937, -0.529738
13.889, 1.870937, -0.529738
13.89, 1.865640, -0.535202
13.891, 1.865640, -0.535202
13.892, 1.865640, -0.535202
13.893, 1.865640, -0.535202
13.894, 1.865640, -0.535202
13.895, 1.865640, -0.535202
13.896, 1.865640, -0.535202
13.897, 1.865640, -0.535202
13.898, 1.865640, -0.535202
13.899, 1.865640, -0.535202
13.9, 1.860288, -0.540582
13.901, 1.860288, -0.540582
13.902, 1.860288, -0.540582
13.903, 1.860288, -0.540582
13.904, 1.860288, -0.540582
13.905, 1.860288, -0.540582
13.906, 1.860288, -0.540582
13.907, 1.860288, -0.540582
13.908, 1.860288, -0.540582
13.909, 1.860288, -0.540582
13.91, 1.854882, -0.545883
13.911, 1.854882, -0.545883
13.912, 1.854882, -0.545883
13.913, 1.854882, -0.545883
13.914, 1.854882, -0.545883
13.915, 1.854882, -0.545883
13.916, 1.854882, -0.545883
13.917, 1.854882, -0.545883
13.918, 1.854882, -0.545883
13.919, 1.854882, -0.545883
13.92, 1.849423, -0.551109
13.921, 1.849423, -0.551109
13.922, 1.849423, -0.551109
13.923, 1.849423, -0.551109
13.924, 1.849423, -0.551109
13.925, 1.849423, -0.551109
13.926, 1.849423, -0.551109
13.927, 1.849423, -0.551109
13.928, 1.849423, -0.551109
13.929, 1.849423, -0.551109
13.93, 1.843912, -0.556264
13.931, 1.843912, -0.556264
13.932, 1.843912, -0.556264
13.933, 1.843912, -0.556264
13.934, 1.843912, -0.556264
13.935, 1.843912, -0.556264
13.936, 1.843912, -0.556264
13.937, 1.843912, -0.556264
13.938, 1.843912, -0.556264
13.939, 1.843912, -0.556264
13.94, 1.838349, -0.561353
13.941, 1.838349, -0.561353
13.942, 1.838349, -0.561353
13.943, 1.838349, -0.561353
13.944, 1.838349, -0.561353
13.945, 1.838349, -0.561353
13.946, 1.838349, -0.561353
13.947, 1.838349, -0.561353
13.948, 1.838349, -0.561353
13.949, 1.838349, -0.561353
13.95, 1.832736, -0.566379
13.951, 1.832736, -0.566379
13.952, 1.832736, -0.566379
13.953, 1.832736, -0.566379
13.954, 1.832736, -0.566379
13.955, 1.832736, -0.566379
13.956, 1.832736, -0.566379
13.957, 1.832736, -0.566379
13.958, 1.832736, -0.566379
13.959, 1.832736, -0.566379
13.96, 1.827072, -0.571346
13.961, 1.827072, -0.571346
13.962, 1.827072, -0.571346
13.963, 1.827072, -0.571346
13.964, 1.827072, -0.571346
13.965, 1.827072, -0.571346
13.966, 1.827072, -0.571346
13.967, 1.827072, -0.571346
13.968, 1.827072, -0.571346
13.969, 1.827072, -0.571346
13.97, 1.821359, -0.576257
13.971, 1.821359, -0.576257
13.972, 1.821359, -0.576257
13.973, 1.821359, -0.576257
13.974, 1.821359, -0.576257
13.975, 1.821359, -0.576257
13.976, 1.821359, -0.576257
13.977, 1.821359, -0.576257
13.978, 1.821359, -0.576257
13.979, 1.821359, -0.576257
13.98, 1.815596, -0.581117
13.981, 1.815596, -0.581117
13.982, 1.815596, -0.581117
13.983, 1.815596, -0.581117
13.984, 1.815596, -0.581117
13.985, 1.815596, -0.581117
13.986, 1.815596, -0.581117
13.987, 1.815596, -0.581117
13.988, 1.815596, -0.581117
13.989, 1.815596, -0.581117
13.99, 1.809785, -0.585928
13.991, 1.809785, -0.585928
13.992, 1.809785, -0.585928
13.993, 1.809785, -0.585928
13.994, 1.809785, -0.585928
13.995, 1.809785, -0.585928
13.996, 1.809785, -0.585928
13.997, 1.809785, -0.585928
13.998, 1.809785, -0.585928
13.999, 1.809785, -0.585928
14, 1.803926, -0.590694
14.001, 1.803926, -0.590694
14.002, 1.803926, -0.590694
14.003, 1.803926, -0.590694
14.004, 1.803926, -0.590694
14.005, 1.803926, -0.590694
14.006, 1.803926, -0.590694
14.007, 1.803926, -0.590694
14.008, 1.803926, -0.590694
14.009, 1.803926, -0.590694
14.01, 1.798019, -0.595419
14.011, 1.798019, -0.595419
14.012, 1.798019, -0.595419
14.013, 1.798019, -0.595419
14.014, 1.798019, -0.595419
14.015, 1.798019, -0.595419
14.016, 1.798019, -0.595419
14.017, 1.798019, -0.595419
14.018, 1.798019, -0.595419
14.019, 1.798019, -0.595419
14.02, 1.792065, -0.600104
14.021, 1.792065, -0.600104
14.022, 1.792065, -0.600104
14.023, 1.792065, -0.600104
14.024, 1.792065, -0.600104
14.025, 1.792065, -0.600104
14.026, 1.792065, -0.600104
14.027, 1.792065, -0.600104
14.028, 1.792065, -0.600104
14.029, 1.792065, -0.600104
14.03, 1.786063, -0.604753
14.031, 1.786063, -0.604753
14.032, 1.786063, -0.604753
14.033, 1.786063, -0.604753
14.034, 1.786063, -0.604753
14.035, 1.786063, -0.604753
14.036, 1.786063, -0.604753
14.037, 1.786063, -0.604753
14.038, 1.786063, -0.604753
14.039, 1.786063, -0.604753
14.04, 1.780016, -0.609370
14.041, 1.780016, -0.609370
14.042, 1.780016, -0.609370
14.043, 1.780016, -0.609370
14.044, 1.780016, -0.609370
14.045, 1.780016, -0.609370
14.046, 1.780016, -0.609370
14.047, 1.780016, -0.609370
14.048, 1.780016, -0.609370
14.049, 1.780016, -0.609370
14.05, 1.773922, -0.613956
14.051, 1.773922, -0.613956
14.052, 1.773922, -0.613956
14.053, 1.773922, -0.613956
14.054, 1.773922, -0.613956
14.055, 1.773922, -0.613956
14.056, 1.773922, -0.613956
14.057, 1.773922, -0.613956
14.058, 1.773922, -0.613956
14.059, 1.773922, -0.613956
14.06, 1.767783, -0.618515
14.061, 1.767783, -0.618515
14.062, 1.767783, -0.618515
14.063, 1.767783, -0.618515
14.064, 1.767783, -0.618515
14.065, 1.767783, -0.618515
14.066, 1.767783, -0.618515
14.067, 1.767783, -0.618515
14.068, 1.767783, -0.618515
14.069, 1.767783, -0.618515
14.07, 1.761598, -0.623049
14.071, 1.761598, -0.623049
14.072, 1.761598, -0.623049
14.073, 1.761598, -0.623049
14.074, 1.761598, -0.623049
14.075, 1.761598, -0.623049
14.076, 1.761598, -0.623049
14.077, 1.761598, -0.623049
14.078, 1.761598, -0.623049
14.079, 1.761598, -0.623049
14.08, 1.755367, -0.627561
14.081, 1.755367, -0.627561
14.082, 1.755367, -0.627561
14.083, 1.755367, -0.627561
14.084, 1.755367, -0.627561
14.085, 1.755367, -0.627561
14.086, 1.755367, -0.627561
14.087, 1.755367, -0.627561
14.088, 1.755367, -0.627561
14.089, 1.755367, -0.627561
14.09, 1.749091, -0.632053
14.091, 1.749091, -0.632053
14.092, 1.749091, -0.632053
14.093, 1.749091, -0.632053
14.094, 1.749091, -0.632053
14.095, 1.749091, -0.632053
14.096, 1.749091, -0.632053
14.097, 1.749091, -0.632053
14.098, 1.749091, -0.632053
14.099, 1.749091, -0.632053
14.1, 1.742771, -0.636528
14.101, 1.742771, -0.636528
14.102, 1.742771, -0.636528
14.103, 1.742771, -0.636528
14.104, 1.742771, -0.636528
14.105, 1.742771, -0.636528
14.106, 1.742771, -0.636528
14.107, 1.742771, -0.636528
14.108, 1.742771, -0.636528
14.109, 1.742771, -0.636528
14.11, 1.736406, -0.640988
14.111, 1.736406, -0.640988
14.112, 1.736406, -0.640988
14.113, 1.736406, -0.640988
14.114, 1.736406, -0.640988
14.115, 1.736406, -0.640988
14.116, 1.736406, -0.640988
14.117, 1.736406, -0.640988
14.118, 1.736406, -0.640988
14.119, 1.736406, -0.640988
14.12, 1.729996, -0.645435
14.121, 1.729996, -0.645435
14.122, 1.729996, -0.645435
14.123, 1.729996, -0.645435
14.124, 1.729996, -0.645435
14.125, 1.729996, -0.645435
14.126, 1.729996, -0.645435
14.127, 1.729996, -0.645435
14.128, 1.729996, -0.645435
14.129, 1.729996, -0.645435
14.13, 1.723541, -0.649872
14.131, 1.723541, -0.649872
14.132, 1.723541, -0.649872
14.133, 1.723541, -0.649872
14.134, 1.723541, -0.649872
14.135, 1.723541, -0.649872
14.136, 1.723541, -0.649872
14.137, 1.723541, -0.649872
14.138, 1.723541, -0.649872
14.139, 1.723541, -0.649872
14.14, 1.717043, -0.654301
14.141, 1.717043, -0.654301
14.142, 1.717043, -0.654301
14.143, 1.717043, -0.654301
14.144, 1.717043, -0.654301
14.145, 1.717043, -0.654301
14.146, 1.717043, -0.654301
14.147, 1.717043, -0.654301
14.148, 1.717043, -0.654301
14.149, 1.717043, -0.654301
14.15, 1.710500, -0.658725
14.151, 1.710500, -0.658725
14.152, 1.710500, -0.658725
14.153, 1.710500, -0.658725
14.154, 1.710500, -0.658725
14.155, 1.710500, -0.658725
14.156, 1.710500, -0.658725
14.157, 1.710500, -0.658725
14.158, 1.710500, -0.658725
14.159, 1.710500, -0.658725
14.16, 1.703912, -0.663144
14.161, 1.703912, -0.663144
14.162, 1.703912, -0.663144
14.163, 1.703912, -0.663144
14.164, 1.703912, -0.663144
14.165, 1.703912, -0.663144
14.166, 1.703912, -0.663144
14.167, 1.703912, -0.663144
14.168, 1.703912, -0.663144
14.169, 1.703912, -0.663144
14.17, 1.697281, -0.667561
14.171, 1.697281, -0.667561
14.172, 1.697281, -0.667561
14.173, 1.697281, -0.667561
14.174, 1.697281, -0.667561
14.175, 1.697281, -0.667561
14.176, 1.697281, -0.667561
14.177, 1.697281, -0.667561
14.178, 1.697281, -0.667561
14.179, 1.697281, -0.667561
14.18, 1.690605, -0.671979
14.181, 1.690605, -0.671979
14.182, 1.690605, -0.671979
14.183, 1.690605, -0.671979
14.184, 1.690605, -0.671979
14.185, 1.690605, -0.671979
14.186, 1.690605, -0.671979
14.187, 1.690605, -0.671979
14.188, 1.690605, -0.671979
14.189, 1.690605, -0.671979
14.19, 1.683886, -0.676398
14.191, 1.683886, -0.676398
14.192, 1.683886, -0.676398
14.193, 1.683886, -0.676398
14.194, 1.683886, -0.676398
14.195, 1.683886, -0.676398
14.196, 1.683886, -0.676398
14.197, 1.683886, -0.676398
14.198, 1.683886, -0.676398
14.199, 1.683886, -0.676398
14.2, 1.677122, -0.680822
14.201, 1.677122, -0.680822
14.202, 1.677122, -0.680822
14.203, 1.677122, -0.680822
14.204, 1.677122, -0.680822
14.205, 1.677122, -0.680822
14.206, 1.677122, -0.680822
14.207, 1.677122, -0.680822
14.208, 1.677122, -0.680822
14.209, 1.677122, -0.680822
14.21, 1.670313, -0.685252
14.211, 1.670313, -0.685252
14.212, 1.670313, -0.685252
14.213, 1.670313, -0.685252
14.214, 1.670313, -0.685252
14.215, 1.670313, -0.685252
14.216, 1.670313, -0.685252
14.217, 1.670313, -0.685252
14.218, 1.670313, -0.685252
14.219, 1.670313, -0.685252
14.22, 1.663461, -0.689689
14.221, 1.663461, -0.689689
14.222, 1.663461, -0.689689
14.223, 1.663461, -0.689689
14.224, 1.663461, -0.689689
14.225, 1.663461, -0.689689
14.226, 1.663461, -0.689689
14.227, 1.663461, -0.689689
14.228, 1.663461, -0.689689
14.229, 1.663461, -0.689689
14.23, 1.656564, -0.694136
14.231, 1.656564, -0.694136
14.232, 1.656564, -0.694136
14.233, 1.656564, -0.694136
14.234, 1.656564, -0.694136
14.235, 1.656564, -0.694136
14.236, 1.656564, -0.694136
14.237, 1.656564, -0.694136
14.238, 1.656564, -0.694136
14.239, 1.656564, -0.694136
14.24, 1.649623, -0.698595
14.241, 1.649623, -0.698595
14.242, 1.649623, -0.698595
14.243, 1.649623, -0.698595
14.244, 1.649623, -0.698595
14.245, 1.649623, -0.698595
14.246, 1.649623, -0.698595
14.247, 1.649623, -0.698595
14.248, 1.649623, -0.698595
14.249, 1.649623, -0.698595
14.25, 1.642637, -0.703067
14.251, 1.642637, -0.703067
14.252, 1.642637, -0.703067
14.253, 1.642637, -0.703067
14.254, 1.642637, -0.703067
14.255, 1.642637, -0.703067
14.256, 1.642637, -0.703067
14.257, 1.642637, -0.703067
14.258, 1.642637, -0.703067
14.259, 1.642637, -0.703067
14.26, 1.635606, -0.707553
14.261, 1.635606, -0.707553
14.262, 1.635606, -0.707553
14.263, 1.635606, -0.707553
14.264, 1.635606, -0.707553
14.265, 1.635606, -0.707553
14.266, 1.635606, -0.707553
14.267, 1.635606, -0.707553
14.268, 1.635606, -0.707553
14.269, 1.635606, -0.707553
14.27, 1.628530, -0.712056
14.271, 1.628530, -0.712056
14.272, 1.628530, -0.712056
14.273, 1.628530, -0.712056
14.274, 1.628530, -0.712056
14.275, 1.628530, -0.712056
14.276, 1.628530, -0.712056
14.277, 1.628530, -0.712056
14.278, 1.628530, -0.712056
14.279, 1.628530, -0.712056
14.28, 1.621410, -0.716577
14.281, 1.621410, -0.716577
14.282, 1.621410, -0.716577
14.283, 1.621410, -0.716577
14.284, 1.621410, -0.716577
14.285, 1.621410, -0.716577
14.286, 1.621410, -0.716577
14.287, 1.621410, -0.716577
14.288, 1.621410, -0.716577
14.289, 1.621410, -0.716577
14.29, 1.614244, -0.721119
14.291, 1.614244, -0.721119
14.292, 1.614244, -0.721119
14.293, 1.614244, -0.721119
14.294, 1.614244, -0.721119
14.295, 1.614244, -0.721119
14.296, 1.614244, -0.721119
14.297, 1.614244, -0.721119
14.298, 1.614244, -0.721119
14.299, 1.614244, -0.721119
14.3, 1.607033, -0.725682
14.301, 1.607033, -0.725682
14.302, 1.607033, -0.725682
14.303, 1.607033, -0.725682
14.304, 1.607033, -0.725682
14.305, 1.607033, -0.725682
14.306, 1.607033, -0.725682
14.307, 1.607033, -0.725682
14.308, 1.607033, -0.725682
14.309, 1.607033, -0.725682
14.31, 1.599776, -0.730268
14.311, 1.599776, -0.730268
14.312, 1.599776, -0.730268
14.313, 1.599776, -0.730268
14.314, 1.599776, -0.730268
14.315, 1.599776, -0.730268
14.316, 1.599776, -0.730268
14.317, 1.599776, -0.730268
14.318, 1.599776, -0.730268
14.319, 1.599776, -0.730268
14.32, 1.592473, -0.734878
14.321, 1.592473, -0.734878
14.322, 1.592473, -0.734878
14.323, 1.592473, -0.734878
14.324, 1.592473, -0.734878
14.325, 1.592473, -0.734878
14.326, 1.592473, -0.734878
14.327, 1.592473, -0.734878
14.328, 1.592473, -0.734878
14.329, 1.592473, -0.734878
14.33, 1.585125, -0.739516
14.331, 1.585125, -0.739516
14.332, 1.585125, -0.739516
14.333, 1.585125, -0.739516
14.334, 1.585125, -0.739516
14.335, 1.585125, -0.739516
14.336, 1.585125, -0.739516
14.337, 1.585125, -0.739516
14.338, 1.585125, -0.739516
14.339, 1.585125, -0.739516
14.34, 1.577730, -0.744181
14.341, 1.577730, -0.744181
14.342, 1.577730, -0.744181
14.343, 1.577730, -0.744181
14.344, 1.577730, -0.744181
14.345, 1.577730, -0.744181
14.346, 1.577730, -0.744181
14.347, 1.577730, -0.744181
14.348, 1.577730, -0.744181
14.349, 1.577730, -0.744181
14.35, 1.570288, -0.748876
14.351, 1.570288, -0.748876
14.352, 1.570288, -0.748876
14.353, 1.570288, -0.748876
14.354, 1.570288, -0.748876
14.355, 1.570288, -0.748876
14.356, 1.570288, -0.748876
14.357, 1.570288, -0.748876
14.358, 1.570288, -0.748876
14.359, 1.570288, -0.748876
14.36, 1.562799, -0.753601
14.361, 1.562799, -0.753601
14.362, 1.562799, -0.753601
14.363, 1.562799, -0.753601
14.364, 1.562799, -0.753601
14.365, 1.562799, -0.753601
14.366, 1.562799, -0.753601
14.367, 1.562799, -0.753601
14.368, 1.562799, -0.753601
14.369, 1.562799, -0.753601
14.37, 1.555263, -0.758360
14.371, 1.555263, -0.758360
14.372, 1.555263, -0.758360
14.373, 1.555263, -0.758360
14.374, 1.555263, -0.758360
14.375, 1.555263, -0.758360
14.376, 1.555263, -0.758360
14.377, 1.555263, -0.758360
14.378, 1.555263, -0.758360
14.379, 1.555263, -0.758360
14.38, 1.547679, -0.763153
14.381, 1.547679, -0.763153
14.382, 1.547679, -0.763153
14.383, 1.547679, -0.763153
14.384, 1.547679, -0.763153
14.385, 1.547679, -0.763153
14.386, 1.547679, -0.763153
14.387, 1.547679, -0.763153
14.388, 1.547679, -0.763153
14.389, 1.547679, -0.763153
14.39, 1.540048, -0.767981
14.391, 1.540048, -0.767981
14.392, 1.540048, -0.767981
14.393, 1.540048, -0.767981
14.394, 1.540048, -0.767981
14.395, 1.540048, -0.767981
14.396, 1.540048, -0.767981
14.397, 1.540048, -0.767981
14.398, 1.540048, -0.767981
14.399, 1.540048, -0.767981
14.4, 1.532368, -0.772847
14.401, 1.532368, -0.772847
14.402, 1.532368, -0.772847
14.403, 1.532368, -0.772847
14.404, 1.532368, -0.772847
14.405, 1.532368, -0.772847
14.406, 1.532368, -0.772847
14.407, 1.532368, -0.772847
14.408, 1.532368, -0.772847
14.409, 1.532368, -0.772847
14.41, 1.524640, -0.777751
14.411, 1.524640, -0.777751
14.412, 1.524640, -0.777751
14.413, 1.524640, -0.777751
14.414, 1.524640, -0.777751
14.415, 1.524640, -0.777751
14.416, 1.524640, -0.777751
14.417, 1.524640, -0.777751
14.418, 1.524640, -0.777751
14.419, 1.524640, -0.777751
14.42, 1.516862, -0.782696
14.421, 1.516862, -0.782696
14.422, 1.516862, -0.782696
14.423, 1.516862, -0.782696
14.424, 1.516862, -0.782696
14.425, 1.516862, -0.782696
14.426, 1.516862, -0.782696
14.427, 1.516862, -0.782696
14.428, 1.516862, -0.782696
14.429, 1.516862, -0.782696
14.43, 1.509035, -0.787683
14.431, 1.509035, -0.787683
14.432, 1.509035, -0.787683
14.433, 1.509035, -0.787683
14.434, 1.509035, -0.787683
14.435, 1.509035, -0.787683
14.436, 1.509035, -0.787683
14.437, 1.509035, -0.787683
14.438, 1.509035, -0.787683
14.439, 1.509035, -0.787683
14.44, 1.501158, -0.792713
14.441, 1.501158, -0.792713
14.442, 1.501158, -0.792713
14.443, 1.501158, -0.792713
14.444, 1.501158, -0.792713
14.445, 1.501158, -0.792713
14.446, 1.501158, -0.792713
14.447, 1.501158, -0.792713
14.448, 1.501158, -0.792713
14.449, 1.501158, -0.792713
14.45, 1.493231, -0.797788
14.451, 1.493231, -0.797788
14.452, 1.493231, -0.797788
14.453, 1.493231, -0.797788
14.454, 1.493231, -0.797788
14.455, 1.493231, -0.797788
14.456, 1.493231, -0.797788
14.457, 1.493231, -0.797788
14.458, 1.493231, -0.797788
14.459, 1.493231, -0.797788
14.46, 1.485253, -0.802910
14.461, 1.485253, -0.802910
14.462, 1.485253, -0.802910
14.463, 1.485253, -0.802910
14.464, 1.485253, -0.802910
14.465, 1.485253, -0.802910
14.466, 1.485253, -0.802910
14.467, 1.485253, -0.802910
14.468, 1.485253, -0.802910
14.469, 1.485253, -0.802910
14.47, 1.477224, -0.808079
14.471, 1.477224, -0.808079
14.472, 1.477224, -0.808079
14.473, 1.477224, -0.808079
14.474, 1.477224, -0.808079
14.475, 1.477224, -0.808079
14.476, 1.477224, -0.808079
14.477, 1.477224, -0.808079
14.478, 1.477224, -0.808079
14.479, 1.477224, -0.808079
14.48, 1.469143, -0.813299
14.481, 1.469143, -0.813299
14.482, 1.469143, -0.813299
14.483, 1.469143, -0.813299
14.484, 1.469143, -0.813299
14.485, 1.469143, -0.813299
14.486, 1.469143, -0.813299
14.487, 1.469143, -0.813299
14.488, 1.469143, -0.813299
14.489, 1.469143, -0.813299
14.49, 1.461010, -0.818569
14.491, 1.461010, -0.818569
14.492, 1.461010, -0.818569
14.493, 1.461010, -0.818569
14.494, 1.461010, -0.818569
14.495, 1.461010, -0.818569
14.496, 1.461010, -0.818569
14.497, 1.461010, -0.818569
14.498, 1.461010, -0.818569
14.499, 1.461010, -0.818569
14.5, 1.452825, -0.823892
14.501, 1.452825, -0.823892
14.502, 1.452825, -0.823892
14.503, 1.452825, -0.823892
14.504, 1.452825, -0.823892
14.505, 1.452825, -0.823892
14.506, 1.452825, -0.823892
14.507, 1.452825, -0.823892
14.508, 1.452825, -0.823892
14.509, 1.452825, -0.823892
14.51, 1.444586, -0.829269
14.511, 1.444586, -0.829269
14.512, 1.444586, -0.829269
14.513, 1.444586, -0.829269
14.514, 1.444586, -0.829269
14.515, 1.444586, -0.829269
14.516, 1.444586, -0.829269
14.517, 1.444586, -0.829269
14.518, 1.444586, -0.829269
14.519, 1.444586, -0.829269
14.52, 1.436293, -0.834702
14.521, 1.436293, -0.834702
14.522, 1.436293, -0.834702
14.523, 1.436293, -0.834702
14.524, 1.436293, -0.834702
14.525, 1.436293, -0.834702
14.526, 1.436293, -0.834702
14.527, 1.436293, -0.834702
14.528, 1.436293, -0.834702
14.529, 1.436293, -0.834702
14.53, 1.427946, -0.840193
14.531, 1.427946, -0.840193
14.532, 1.427946, -0.840193
14.533, 1.427946, -0.840193
14.534, 1.427946, -0.840193
14.535, 1.427946, -0.840193
14.536, 1.427946, -0.840193
14.537, 1.427946, -0.840193
14.538, 1.427946, -0.840193
14.539, 1.427946, -0.840193
14.54, 1.419544, -0.845743
14.541, 1.419544, -0.845743
14.542, 1.419544, -0.845743
14.543, 1.419544, -0.845743
14.544, 1.419544, -0.845743
14.545, 1.419544, -0.845743
14.546, 1.419544, -0.845743
14.547, 1.419544, -0.845743
14.548, 1.419544, -0.845743
14.549, 1.419544, -0.845743
14.55, 1.411087, -0.851353
14.551, 1.411087, -0.851353
14.552, 1.411087, -0.851353
14.553, 1.411087, -0.851353
14.554, 1.411087, -0.851353
14.555, 1.411087, -0.851353
14.556, 1.411087, -0.851353
14.557, 1.411087, -0.851353
14.558, 1.411087, -0.851353
14.559, 1.411087, -0.851353
14.56, 1.402573, -0.857025
14.561, 1.402573, -0.857025
14.562, 1.402573, -0.857025
14.563, 1.402573, -0.857025
14.564, 1.402573, -0.857025
14.565, 1.402573, -0.857025
14.566, 1.402573, -0.857025
14.567, 1.402573, -0.857025
14.568, 1.402573, -0.857025
14.569, 1.402573, -0.857025
14.57, 1.394003, -0.862762
14.571, 1.394003, -0.862762
14.572, 1.394003, -0.862762
14.573, 1.394003, -0.862762
14.574, 1.394003, -0.862762
14.575, 1.394003, -0.862762
14.576, 1.394003, -0.862762
14.577, 1.394003, -0.862762
14.578, 1.394003, -0.862762
14.579, 1.394003, -0.862762
14.58, 1.385375, -0.868564
14.581, 1.385375, -0.868564
14.582, 1.385375, -0.868564
14.583, 1.385375, -0.868564
14.584, 1.385375, -0.868564
14.585, 1.385375, -0.868564
14.586, 1.385375, -0.868564
14.587, 1.385375, -0.868564
14.588, 1.385375, -0.868564
14.589, 1.385375, -0.868564
14.59, 1.376690, -0.874433
14.591, 1.376690, -0.874433
14.592, 1.376690, -0.874433
14.593, 1.376690, -0.874433
14.594, 1.376690, -0.874433
14.595, 1.376690, -0.874433
14.596, 1.376690, -0.874433
14.597, 1.376690, -0.874433
14.598, 1.376690, -0.874433
14.599, 1.376690, -0.874433
14.6, 1.367945, -0.880372
14.601, 1.367945, -0.880372
14.602, 1.367945, -0.880372
14.603, 1.367945, -0.880372
14.604, 1.367945, -0.880372
14.605, 1.367945, -0.880372
14.606, 1.367945, -0.880372
14.607, 1.367945, -0.880372
14.608, 1.367945, -0.880372
14.609, 1.367945, -0.880372
14.61, 1.359142, -0.886381
14.611, 1.359142, -0.886381
14.612, 1.359142, -0.886381
14.613, 1.359142, -0.886381
14.614, 1.359142, -0.886381
14.615, 1.359142, -0.886381
14.616, 1.359142, -0.886381
14.617, 1.359142, -0.886381
14.618, 1.359142, -0.886381
14.619, 1.359142, -0.886381
14.62, 1.350278, -0.892462
14.621, 1.350278, -0.892462
14.622, 1.350278, -0.892462
14.623, 1.350278, -0.892462
14.624, 1.350278, -0.892462
14.625, 1.350278, -0.892462
14.626, 1.350278, -0.892462
14.627, 1.350278, -0.892462
14.628, 1.350278, -0.892462
14.629, 1.350278, -0.892462
14.63, 1.341353, -0.898618
14.631, 1.341353, -0.898618
14.632, 1.341353, -0.898618
14.633, 1.341353, -0.898618
14.634, 1.341353, -0.898618
14.635, 1.341353, -0.898618
14.636, 1.341353, -0.898618
14.637, 1.341353, -0.898618
14.638, 1.341353, -0.898618
14.639, 1.341353, -0.898618
14.64, 1.332367, -0.904849
14.641, 1.332367, -0.904849
14.642, 1.332367, -0.904849
14.643, 1.332367, -0.904849
14.644, 1.332367, -0.904849
14.645, 1.332367, -0.904849
14.646, 1.332367, -0.904849
14.647, 1.332367, -0.904849
14.648, 1.332367, -0.904849
14.649, 1.332367, -0.904849
14.65, 1.323318, -0.911158
14.651, 1.323318, -0.911158
14.652, 1.323318, -0.911158
14.653, 1.323318, -0.911158
14.654, 1.323318, -0.911158
14.655, 1.323318, -0.911158
14.656, 1.323318, -0.911158
14.657, 1.323318, -0.911158
14.658, 1.323318, -0.911158
14.659, 1.323318, -0.911158
14.66, 1.314207, -0.917547
14.661, 1.314207, -0.917547
14.662, 1.314207, -0.917547
14.663, 1.314207, -0.917547
14.664, 1.314207, -0.917547
14.665, 1.314207, -0.917547
14.666, 1.314207, -0.917547
14.667, 1.314207, -0.917547
14.668, 1.314207, -0.917547
14.669, 1.314207, -0.917547
14.67, 1.305031, -0.924017
14.671, 1.305031, -0.924017
14.672, 1.305031, -0.924017
14.673, 1.305031, -0.924017
14.674, 1.305031, -0.924017
14.675, 1.305031, -0.924017
14.676, 1.305031, -0.924017
14.677, 1.305031, -0.924017
14.678, 1.305031, -0.924017
14.679, 1.305031, -0.924017
14.68, 1.295791, -0.930571
14.681, 1.295791, -0.930571
14.682, 1.295791, -0.930571
14.683, 1.295791, -0.930571
14.684, 1.295791, -0.930571
14.685, 1.295791, -0.930571
14.686, 1.295791, -0.930571
14.687, 1.295791, -0.930571
14.688, 1.295791, -0.930571
14.689, 1.295791, -0.930571
14.69, 1.286486, -0.937210
14.691, 1.286486, -0.937210
14.692, 1.286486, -0.937210
14.693, 1.286486, -0.937210
14.694, 1.286486, -0.937210
14.695, 1.286486, -0.937210
14.696, 1.286486, -0.937210
14.697, 1.286486, -0.937210
14.698, 1.286486, -0.937210
14.699, 1.286486, -0.937210
14.7, 1.277113, -0.943935
14.701, 1.277113, -0.943935
14.702, 1.277113, -0.943935
14.703, 1.277113, -0.943935
14.704, 1.277113, -0.943935
14.705, 1.277113, -0.943935
14.706, 1.277113, -0.943935
14.707, 1.277113, -0.943935
14.708, 1.277113, -0.943935
14.709, 1.277113, -0.943935
14.71, 1.267674, -0.950750
14.711, 1.267674, -0.950750
14.712, 1.267674, -0.950750
14.713, 1.267674, -0.950750
14.714, 1.267674, -0.950750
14.715, 1.267674, -0.950750
14.716, 1.267674, -0.950750
14.717, 1.267674, -0.950750
14.718, 1.267674, -0.950750
14.719, 1.267674, -0.950750
14.72, 1.258167, -0.957656
14.721, 1.258167, -0.957656
14.722, 1.258167, -0.957656
14.723, 1.258167, -0.957656
14.724, 1.258167, -0.957656
14.725, 1.258167, -0.957656
14.726, 1.258167, -0.957656
14.727, 1.258167, -0.957656
14.728, 1.258167, -0.957656
14.729, 1.258167, -0.957656
14.73, 1.248590, -0.964654
14.731, 1.248590, -0.964654
14.732, 1.248590, -0.964654
14.733, 1.248590, -0.964654
14.734, 1.248590, -0.964654
14.735, 1.248590, -0.964654
14.736, 1.248590, -0.964654
14.737, 1.248590, -0.964654
14.738, 1.248590, -0.964654
14.739, 1.248590, -0.964654
14.74, 1.238944, -0.971748
14.741, 1.238944, -0.971748
14.742, 1.238944, -0.971748
14.743, 1.238944, -0.971748
14.744, 1.238944, -0.971748
14.745, 1.238944, -0.971748
14.746, 1.238944, -0.971748
14.747, 1.238944, -0.971748
14.748, 1.238944, -0.971748
14.749, 1.238944, -0.971748
14.75, 1.229226, -0.978939
14.751, 1.229226, -0.978939
14.752, 1.229226, -0.978939
14.753, 1.229226, -0.978939
14.754, 1.229226, -0.978939
14.755, 1.229226, -0.978939
14.756, 1.229226, -0.978939
14.757, 1.229226, -0.978939
14.758, 1.229226, -0.978939
14.759, 1.229226, -0.978939
14.76, 1.219437, -0.986229
14.761, 1.219437, -0.986229
14.762, 1.219437, -0.986229
14.763, 1.219437, -0.986229
14.764, 1.219437, -0.986229
14.765, 1.219437, -0.986229
14.766, 1.219437, -0.986229
14.767, 1.219437, -0.986229
14.768, 1.219437, -0.986229
14.769, 1.219437, -0.986229
14.77, 1.209574, -0.993620
14.771, 1.209574, -0.993620
14.772, 1.209574, -0.993620
14.773, 1.209574, -0.993620
14.774, 1.209574, -0.993620
14.775, 1.209574, -0.993620
14.776, 1.209574, -0.993620
14.777, 1.209574, -0.993620
14.778, 1.209574, -0.993620
14.779, 1.209574, -0.993620
14.78, 1.199638, -1.001115
14.781, 1.199638, -1.001115
14.782, 1.199638, -1.001115
14.783, 1.199638, -1.001115
14.784, 1.199638, -1.001115
14.785, 1.199638, -1.001115
14.786, 1.199638, -1.001115
14.787, 1.199638, -1.001115
14.788, 1.199638, -1.001115
14.789, 1.199638, -1.001115
14.79, 1.189627, -1.008715
14.791, 1.189627, -1.008715
14.792, 1.189627, -1.008715
14.793, 1.189627, -1.008715
14.794, 1.189627, -1.008715
14.795, 1.189627, -1.008715
14.796, 1.189627, -1.008715
14.797, 1.189627, -1.008715
14.798, 1.189627, -1.008715
14.799, 1.189627, -1.008715
14.8, 1.179540, -1.016423
14.801, 1.179540, -1.016423
14.802, 1.179540, -1.016423
14.803, 1.179540, -1.016423
14.804, 1.179540, -1.016423
14.805, 1.179540, -1.016423
14.806, 1.179540, -1.016423
14.807, 1.179540, -1.016423
14.808, 1.179540, -1.016423
14.809, 1.179540, -1.016423
14.81, 1.169376, -1.024241
14.811, 1.169376, -1.024241
14.812, 1.169376, -1.024241
14.813, 1.169376, -1.024241
14.814, 1.169376, -1.024241
14.815, 1.169376, -1.024241
14.816, 1.169376, -1.024241
14.817, 1.169376, -1.024241
14.818, 1.169376, -1.024241
14.819, 1.169376, -1.024241
14.82, 1.159133, -1.032171
14.821, 1.159133, -1.032171
14.822, 1.159133, -1.032171
14.823, 1.159133, -1.032171
14.824, 1.159133, -1.032171
14.825, 1.159133, -1.032171
14.826, 1.159133, -1.032171
14.827, 1.159133, -1.032171
14.828, 1.159133, -1.032171
14.829, 1.159133, -1.032171
14.83, 1.148812, -1.040216
14.831, 1.148812, -1.040216
14.832, 1.148812, -1.040216
14.833, 1.148812, -1.040216
14.834, 1.148812, -1.040216
14.835, 1.148812, -1.040216
14.836, 1.148812, -1.040216
14.837, 1.148812, -1.040216
14.838, 1.148812, -1.040216
14.839, 1.148812, -1.040216
14.84, 1.138409, -1.048378
14.841, 1.138409, -1.048378
14.842, 1.138409, -1.048378
14.843, 1.138409, -1.048378
14.844, 1.138409, -1.048378
14.845, 1.138409, -1.048378
14.846, 1.138409, -1.048378
14.847, 1.138409, -1.048378
14.848, 1.138409, -1.048378
14.849, 1.138409, -1.048378
14.85, 1.127926, -1.056659
14.851, 1.127926, -1.056659
14.852, 1.127926, -1.056659
14.853, 1.127926, -1.056659
14.854, 1.127926, -1.056659
14.855, 1.127926, -1.056659
14.856, 1.127926, -1.056659
14.857, 1.127926, -1.056659
14.858, 1.127926, -1.056659
14.859, 1.127926, -1.056659
14.86, 1.117359, -1.065062
14.861, 1.117359, -1.065062
14.862, 1.117359, -1.065062
14.863, 1.117359, -1.065062
14.864, 1.117359, -1.065062
14.865, 1.117359, -1.065062
14.866, 1.117359, -1.065062
14.867, 1.117359, -1.065062
14.868, 1.117359, -1.065062
14.869, 1.117359, -1.065062
14.87, 1.106708, -1.073589
14.871, 1.106708, -1.073589
14.872, 1.106708, -1.073589
14.873, 1.106708, -1.073589
14.874, 1.106708, -1.073589
14.875, 1.106708, -1.073589
14.876, 1.106708, -1.073589
14.877, 1.106708, -1.073589
14.878, 1.106708, -1.073589
14.879, 1.106708, -1.073589
14.88, 1.095972, -1.082242
14.881, 1.095972, -1.082242
14.882, 1.095972, -1.082242
14.883, 1.095972, -1.082242
14.884, 1.095972, -1.082242
14.885, 1.095972, -1.082242
14.886, 1.095972, -1.082242
14.887, 1.095972, -1.082242
14.888, 1.095972, -1.082242
14.889, 1.095972, -1.082242
14.89, 1.085150, -1.091025
14.891, 1.085150, -1.091025
14.892, 1.085150, -1.091025
14.893, 1.085150, -1.091025
14.894, 1.085150, -1.091025
14.895, 1.085150, -1.091025
14.896, 1.085150, -1.091025
14.897, 1.085150, -1.091025
14.898, 1.085150, -1.091025
14.899, 1.085150, -1.091025
14.9, 1.074240, -1.099939
14.901, 1.074240, -1.099939
14.902, 1.074240, -1.099939
14.903, 1.074240, -1.099939
14.904, 1.074240, -1.099939
14.905, 1.074240, -1.099939
14.906, 1.074240, -1.099939
14.907, 1.074240, -1.099939
14.908, 1.074240, -1.099939
14.909, 1.074240, -1.099939
14.91, 1.063240, -1.108988
14.911, 1.063240, -1.108988
14.912, 1.063240, -1.108988
14.913, 1.063240, -1.108988
14.914, 1.063240, -1.108988
14.915, 1.063240, -1.108988
14.916, 1.063240, -1.108988
14.917, 1.063240, -1.108988
14.918, 1.063240, -1.108988
14.919, 1.063240, -1.108988
14.92, 1.052151, -1.118173
14.921, 1.052151, -1.118173
14.922, 1.052151, -1.118173
14.923, 1.052151, -1.118173
14.924, 1.052151, -1.118173
14.925, 1.052151, -1.118173
14.926, 1.052151, -1.118173
14.927, 1.052151, -1.118173
14.928, 1.052151, -1.118173
14.929, 1.052151, -1.118173
14.93, 1.040969, -1.127498
14.931, 1.040969, -1.127498
14.932, 1.040969, -1.127498
14.933, 1.040969, -1.127498
14.934, 1.040969, -1.127498
14.935, 1.040969, -1.127498
14.936, 1.040969, -1.127498
14.937, 1.040969, -1.127498
14.938, 1.040969, -1.127498
14.939, 1.040969, -1.127498
14.94, 1.029694, -1.136965
14.941, 1.029694, -1.136965
14.942, 1.029694, -1.136965
14.943, 1.029694, -1.136965
14.944, 1.029694, -1.136965
14.945, 1.029694, -1.136965
14.946, 1.029694, -1.136965
14.947, 1.029694, -1.136965
14.948, 1.029694, -1.136965
14.949, 1.029694, -1.136965
14.95, 1.018324, -1.146577
14.951, 1.018324, -1.146577
14.952, 1.018324, -1.146577
14.953, 1.018324, -1.146577
14.954, 1.018324, -1.146577
14.955, 1.018324, -1.146577
14.956, 1.018324, -1.146577
14.957, 1.018324, -1.146577
14.958, 1.018324, -1.146577
14.959, 1.018324, -1.146577
14.96, 1.006858, -1.156336
14.961, 1.006858, -1.156336
14.962, 1.006858, -1.156336
14.963, 1.006858, -1.156336
14.964, 1.006858, -1.156336
14.965, 1.006858, -1.156336
14.966, 1.006858, -1.156336
14.967, 1.006858, -1.156336
14.968, 1.006858, -1.156336
14.969, 1.006858, -1.156336
14.97, 0.995295, -1.166245
14.971, 0.995295, -1.166245
14.972, 0.995295, -1.166245
14.973, 0.995295, -1.166245
14.974, 0.995295, -1.166245
14.975, 0.995295, -1.166245
14.976, 0.995295, -1.166245
14.977, 0.995295, -1.166245
14.978, 0.995295, -1.166245
14.979, 0.995295, -1.166245
14.98, 0.983633, -1.176308
14.981, 0.983633, -1.176308
14.982, 0.983633, -1.176308
14.983, 0.983633, -1.176308
14.984, 0.983633, -1.176308
14.985, 0.983633, -1.176308
14.986, 0.983633, -1.176308
14.987, 0.983633, -1.176308
14.988, 0.983633, -1.176308
14.989, 0.983633, -1.176308
14.99, 0.971870, -1.186526
14.991, 0.971870, -1.186526
14.992, 0.971870, -1.186526
14.993, 0.971870, -1.186526
14.994, 0.971870, -1.186526
14.995, 0.971870, -1.186526
14.996, 0.971870, -1.186526
14.997, 0.971870, -1.186526
14.998, 0.971870, -1.186526
14.999, 0.971870, -1.186526
15, 0.960004, -1.196903
15.001, 0.960004, -1.196903
15.002, 0.960004, -1.196903
15.003, 0.960004, -1.196903
15.004, 0.960004, -1.196903
15.005, 0.960004, -1.196903
15.006, 0.960004, -1.196903
15.007, 0.960004, -1.196903
15.008, 0.960004, -1.196903
15.009, 0.960004, -1.196903
15.01, 0.948035, -1.207441
15.011, 0.948035, -1.207441
15.012, 0.948035, -1.207441
15.013, 0.948035, -1.207441
15.014, 0.948035, -1.207441
15.015, 0.948035, -1.207441
15.016, 0.948035, -1.207441
15.017, 0.948035, -1.207441
15.018, 0.948035, -1.207441
15.019, 0.948035, -1.207441
15.02, 0.935961, -1.218144
15.021, 0.935961, -1.218144
15.022, 0.935961, -1.218144
15.023, 0.935961, -1.218144
15.024, 0.935961, -1.218144
15.025, 0.935961, -1.218144
15.026, 0.935961, -1.218144
15.027, 0.935961, -1.218144
15.028, 0.935961, -1.218144
15.029, 0.935961, -1.218144
15.03, 0.923779, -1.229014
15.031, 0.923779, -1.229014
15.032, 0.923779, -1.229014
15.033, 0.923779, -1.229014
15.034, 0.923779, -1.229014
15.035, 0.923779, -1.229014
15.036, 0.923779, -1.229014
15.037, 0.923779, -1.229014
15.038, 0.923779, -1.229014
15.039, 0.923779, -1.229014
15.04, 0.911489, -1.240054
15.041, 0.911489, -1.240054
15.042, 0.911489, -1.240054
15.043, 0.911489, -1.240054
15.044, 0.911489, -1.240054
15.045, 0.911489, -1.240054
15.046, 0.911489, -1.240054
15.047, 0.911489, -1.240054
15.048, 0.911489, -1.240054
15.049, 0.911489, -1.240054
15.05, 0.899089, -1.251267
15.051, 0.899089, -1.251267
15.052, 0.899089, -1.251267
15.053, 0.899089, -1.251267
15.054, 0.899089, -1.251267
15.055, 0.899089, -1.251267
15.056, 0.899089, -1.251267
15.057, 0.899089, -1.251267
15.058, 0.899089, -1.251267
15.059, 0.899089, -1.251267
15.06, 0.886576, -1.262655
15.061, 0.886576, -1.262655
15.062, 0.886576, -1.262655
15.063, 0.886576, -1.262655
15.064, 0.886576, -1.262655
15.065, 0.886576, -1.262655
15.066, 0.886576, -1.262655
15.067, 0.886576, -1.262655
15.068, 0.886576, -1.262655
15.069, 0.886576, -1.262655
15.07, 0.873949, -1.274223
15.071, 0.873949, -1.274223
15.072, 0.873949, -1.274223
15.073, 0.873949, -1.274223
15.074, 0.873949, -1.274223
15.075, 0.873949, -1.274223
15.076, 0.873949, -1.274223
15.077, 0.873949, -1.274223
15.078, 0.873949, -1.274223
15.079, 0.873949, -1.274223
15.08, 0.861207, -1.285972
15.081, 0.861207, -1.285972
15.082, 0.861207, -1.285972
15.083, 0.861207, -1.285972
15.084, 0.861207, -1.285972
15.085, 0.861207, -1.285972
15.086, 0.861207, -1.285972
15.087, 0.861207, -1.285972
15.088, 0.861207, -1.285972
15.089, 0.861207, -1.285972
15.09, 0.848348, -1.297906
15.091, 0.848348, -1.297906
15.092, 0.848348, -1.297906
15.093, 0.848348, -1.297906
15.094, 0.848348, -1.297906
15.095, 0.848348, -1.297906
15.096, 0.848348, -1.297906
15.097, 0.848348, -1.297906
15.098, 0.848348, -1.297906
15.099, 0.848348, -1.297906
15.1, 0.835368, -1.310028
15.101, 0.835368, -1.310028
15.102, 0.835368, -1.310028
15.103, 0.835368, -1.310028
15.104, 0.835368, -1.310028
15.105, 0.835368, -1.310028
15.106, 0.835368, -1.310028
15.107, 0.835368, -1.310028
15.108, 0.835368, -1.310028
15.109, 0.835368, -1.310028
15.11, 0.822268, -1.322340
15.111, 0.822268, -1.322340
15.112, 0.822268, -1.322340
15.113, 0.822268, -1.322340
15.114, 0.822268, -1.322340
15.115, 0.822268, -1.322340
15.116, 0.822268, -1.322340
15.117, 0.822268, -1.322340
15.118, 0.822268, -1.322340
15.119, 0.822268, -1.322340
15.12, 0.809045, -1.334845
15.121, 0.809045, -1.334845
15.122, 0.809045, -1.334845
15.123, 0.809045, -1.334845
15.124, 0.809045, -1.334845
15.125, 0.809045, -1.334845
15.126, 0.809045, -1.334845
15.127, 0.809045, -1.334845
15.128, 0.809045, -1.334845
15.129, 0.809045, -1.334845
15.13, 0.795696, -1.347547
15.131, 0.795696, -1.347547
15.132, 0.795696, -1.347547
15.133, 0.795696, -1.347547
15.134, 0.795696, -1.347547
15.135, 0.795696, -1.347547
15.136, 0.795696, -1.347547
15.137, 0.795696, -1.347547
15.138, 0.795696, -1.347547
15.139, 0.795696, -1.347547
15.14, 0.782221, -1.360448
15.141, 0.782221, -1.360448
15.142, 0.782221, -1.360448
15.143, 0.782221, -1.360448
15.144, 0.782221, -1.360448
15.145, 0.782221, -1.360448
15.146, 0.782221, -1.360448
15.147, 0.782221, -1.360448
15.148, 0.782221, -1.360448
15.149, 0.782221, -1.360448
15.15, 0.768616, -1.373550
15.151, 0.768616, -1.373550
15.152, 0.768616, -1.373550
15.153, 0.768616, -1.373550
15.154, 0.768616, -1.373550
15.155, 0.768616, -1.373550
15.156, 0.768616, -1.373550
15.157, 0.768616, -1.373550
15.158, 0.768616, -1.373550
15.159, 0.768616, -1.373550
15.16, 0.754881, -1.386857
15.161, 0.754881, -1.386857
15.162, 0.754881, -1.386857
15.163, 0.754881, -1.386857
15.164, 0.754881, -1.386857
15.165, 0.754881, -1.386857
15.166, 0.754881, -1.386857
15.167, 0.754881, -1.386857
15.168, 0.754881, -1.386857
15.169, 0.754881, -1.386857
15.17, 0.741012, -1.400372
15.171, 0.741012, -1.400372
15.172, 0.741012, -1.400372
15.173, 0.741012, -1.400372
15.174, 0.741012, -1.400372
15.175, 0.741012, -1.400372
15.176, 0.741012, -1.400372
15.177, 0.741012, -1.400372
15.178, 0.741012, -1.400372
15.179, 0.741012, -1.400372
15.18, 0.727009, -1.414096
15.181, 0.727009, -1.414096
15.182, 0.727009, -1.414096
15.183, 0.727009, -1.414096
15.184, 0.727009, -1.414096
15.185, 0.727009, -1.414096
15.186, 0.727009, -1.414096
15.187, 0.727009, -1.414096
15.188, 0.727009, -1.414096
15.189, 0.727009, -1.414096
15.19, 0.712868, -1.428033
15.191, 0.712868, -1.428033
15.192, 0.712868, -1.428033
15.193, 0.712868, -1.428033
15.194, 0.712868, -1.428033
15.195, 0.712868, -1.428033
15.196, 0.712868, -1.428033
15.197, 0.712868, -1.428033
15.198, 0.712868, -1.428033
15.199, 0.712868, -1.428033
15.2, 0.698587, -1.442185
15.201, 0.698587, -1.442185
15.202, 0.698587, -1.442185
15.203, 0.698587, -1.442185
15.204, 0.698587, -1.442185
15.205, 0.698587, -1.442185
15.206, 0.698587, -1.442185
15.207, 0.698587, -1.442185
15.208, 0.698587, -1.442185
15.209, 0.698587, -1.442185
15.21, 0.684165, -1.456555
15.211, 0.684165, -1.456555
15.212, 0.684165, -1.456555
15.213, 0.684165, -1.456555
15.214, 0.684165, -1.456555
15.215, 0.684165, -1.456555
15.216, 0.684165, -1.456555
15.217, 0.684165, -1.456555
15.218, 0.684165, -1.456555
15.219, 0.684165, -1.456555
15.22, 0.669600, -1.471144
15.221, 0.669600, -1.471144
15.222, 0.669600, -1.471144
15.223, 0.669600, -1.471144
15.224, 0.669600, -1.471144
15.225, 0.669600, -1.471144
15.226, 0.669600, -1.471144
15.227, 0.669600, -1.471144
15.228, 0.669600, -1.471144
15.229, 0.669600, -1.471144
15.23, 0.654888, -1.485955
15.231, 0.654888, -1.485955
15.232, 0.654888, -1.485955
15.233, 0.654888, -1.485955
15.234, 0.654888, -1.485955
15.235, 0.654888, -1.485955
15.236, 0.654888, -1.485955
15.237, 0.654888, -1.485955
15.238, 0.654888, -1.485955
15.239, 0.654888, -1.485955
15.24, 0.640029, -1.500991
15.241, 0.640029, -1.500991
15.242, 0.640029, -1.500991
15.243, 0.640029, -1.500991
15.244, 0.640029, -1.500991
15.245, 0.640029, -1.500991
15.246, 0.640029, -1.500991
15.247, 0.640029, -1.500991
15.248, 0.640029, -1.500991
15.249, 0.640029, -1.500991
15.25, 0.625019, -1.516253
15.251, 0.625019, -1.516253
15.252, 0.625019, -1.516253
15.253, 0.625019, -1.516253
15.254, 0.625019, -1.516253
15.255, 0.625019, -1.516253
15.256, 0.625019, -1.516253
15.257, 0.625019, -1.516253
15.258, 0.625019, -1.516253
15.259, 0.625019, -1.516253
15.26, 0.609856, -1.531742
15.261, 0.609856, -1.531742
15.262, 0.609856, -1.531742
15.263, 0.609856, -1.531742
15.264, 0.609856, -1.531742
15.265, 0.609856, -1.531742
15.266, 0.609856, -1.531742
15.267, 0.609856, -1.531742
15.268, 0.609856, -1.531742
15.269, 0.609856, -1.531742
15.27, 0.594539, -1.547461
15.271, 0.594539, -1.547461
15.272, 0.594539, -1.547461
15.273, 0.594539, -1.547461
15.274, 0.594539, -1.547461
15.275, 0.594539, -1.547461
15.276, 0.594539, -1.547461
15.277, 0.594539, -1.547461
15.278, 0.594539, -1.547461
15.279, 0.594539, -1.547461
15.28, 0.579064, -1.563411
15.281, 0.579064, -1.563411
15.282, 0.579064, -1.563411
15.283, 0.579064, -1.563411
15.284, 0.579064, -1.563411
15.285, 0.579064, -1.563411
15.286, 0.579064, -1.563411
15.287, 0.579064, -1.563411
15.288, 0.579064, -1.563411
15.289, 0.579064, -1.563411
15.29, 0.563430, -1.579594
15.291, 0.563430, -1.579594
15.292, 0.563430, -1.579594
15.293, 0.563430, -1.579594
15.294, 0.563430, -1.579594
15.295, 0.563430, -1.579594
15.296, 0.563430, -1.579594
15.297, 0.563430, -1.579594
15.298, 0.563430, -1.579594
15.299, 0.563430, -1.579594
15.3, 0.547634, -1.596009
15.301, 0.547634, -1.596009
15.302, 0.547634, -1.596009
15.303, 0.547634, -1.596009
15.304, 0.547634, -1.596009
15.305, 0.547634, -1.596009
15.306, 0.547634, -1.596009
15.307, 0.547634, -1.596009
15.308, 0.547634, -1.596009
15.309, 0.547634, -1.596009
15.31, 0.531674, -1.612659
15.311, 0.531674, -1.612659
15.312, 0.531674, -1.612659
15.313, 0.531674, -1.612659
15.314, 0.531674, -1.612659
15.315, 0.531674, -1.612659
15.316, 0.531674, -1.612659
15.317, 0.531674, -1.612659
15.318, 0.531674, -1.612659
15.319, 0.531674, -1.612659
15.32, 0.515548, -1.629544
15.321, 0.515548, -1.629544
15.322, 0.515548, -1.629544
15.323, 0.515548, -1.629544
15.324, 0.515548, -1.629544
15.325, 0.515548, -1.629544
15.326, 0.515548, -1.629544
15.327, 0.515548, -1.629544
15.328, 0.515548, -1.629544
15.329, 0.515548, -1.629544
15.33, 0.499252, -1.646664
15.331, 0.499252, -1.646664
15.332, 0.499252, -1.646664
15.333, 0.499252, -1.646664
15.334, 0.499252, -1.646664
15.335, 0.499252, -1.646664
15.336, 0.499252, -1.646664
15.337, 0.499252, -1.646664
15.338, 0.499252, -1.646664
15.339, 0.499252, -1.646664
15.34, 0.482786, -1.664019
15.341, 0.482786, -1.664019
15.342, 0.482786, -1.664019
15.343, 0.482786, -1.664019
15.344, 0.482786, -1.664019
15.345, 0.482786, -1.664019
15.346, 0.482786, -1.664019
15.347, 0.482786, -1.664019
15.348, 0.482786, -1.664019
15.349, 0.482786, -1.664019
15.35, 0.466145, -1.681608
15.351, 0.466145, -1.681608
15.352, 0.466145, -1.681608
15.353, 0.466145, -1.681608
15.354, 0.466145, -1.681608
15.355, 0.466145, -1.681608
15.356, 0.466145, -1.681608
15.357, 0.466145, -1.681608
15.358, 0.466145, -1.681608
15.359, 0.466145, -1.681608
15.36, 0.449329, -1.699432
15.361, 0.449329, -1.699432
15.362, 0.449329, -1.699432
15.363, 0.449329, -1.699432
15.364, 0.449329, -1.699432
15.365, 0.449329, -1.699432
15.366, 0.449329, -1.699432
15.367, 0.449329, -1.699432
15.368, 0.449329, -1.699432
15.369, 0.449329, -1.699432
15.37, 0.432335, -1.717488
15.371, 0.432335, -1.717488
15.372, 0.432335, -1.717488
15.373, 0.432335, -1.717488
15.374, 0.432335, -1.717488
15.375, 0.432335, -1.717488
15.376, 0.432335, -1.717488
15.377, 0.432335, -1.717488
15.378, 0.432335, -1.717488
15.379, 0.432335, -1.717488
15.38, 0.415160, -1.735776
15.381, 0.415160, -1.735776
15.382, 0.415160, -1.735776
15.383, 0.415160, -1.735776
15.384, 0.415160, -1.735776
15.385, 0.415160, -1.735776
15.386, 0.415160, -1.735776
15.387, 0.415160, -1.735776
15.388, 0.415160, -1.735776
15.389, 0.415160, -1.735776
15.39, 0.397802, -1.754294
15.391, 0.397802, -1.754294
15.392, 0.397802, -1.754294
15.393, 0.397802, -1.754294
15.394, 0.397802, -1.754294
15.395, 0.397802, -1.754294
15.396, 0.397802, -1.754294
15.397, 0.397802, -1.754294
15.398, 0.397802, -1.754294
15.399, 0.397802, -1.754294
15.4, 0.380259, -1.773039
15.401, 0.380259, -1.773039
15.402, 0.380259, -1.773039
15.403, 0.380259, -1.773039
15.404, 0.380259, -1.773039
15.405, 0.380259, -1.773039
15.406, 0.380259, -1.773039
15.407, 0.380259, -1.773039
15.408, 0.380259, -1.773039
15.409, 0.380259, -1.773039
15.41, 0.362529, -1.792008
15.411, 0.362529, -1.792008
15.412, 0.362529, -1.792008
15.413, 0.362529, -1.792008
15.414, 0.362529, -1.792008
15.415, 0.362529, -1.792008
15.416, 0.362529, -1.792008
15.417, 0.362529, -1.792008
15.418, 0.362529, -1.792008
15.419, 0.362529, -1.792008
15.42, 0.344609, -1.811198
15.421, 0.344609, -1.811198
15.422, 0.344609, -1.811198
15.423, 0.344609, -1.811198
15.424, 0.344609, -1.811198
15.425, 0.344609, -1.811198
15.426, 0.344609, -1.811198
15.427, 0.344609, -1.811198
15.428, 0.344609, -1.811198
15.429, 0.344609, -1.811198
15.43, 0.326497, -1.830605
15.431, 0.326497, -1.830605
15.432, 0.326497, -1.830605
15.433, 0.326497, -1.830605
15.434, 0.326497, -1.830605
15.435, 0.326497, -1.830605
15.436, 0.326497, -1.830605
15.437, 0.326497, -1.830605
15.438, 0.326497, -1.830605
15.439, 0.326497, -1.830605
15.44, 0.308191, -1.850225
15.441, 0.308191, -1.850225
15.442, 0.308191, -1.850225
15.443, 0.308191, -1.850225
15.444, 0.308191, -1.850225
15.445, 0.308191, -1.850225
15.446, 0.308191, -1.850225
15.447, 0.308191, -1.850225
15.448, 0.308191, -1.850225
15.449, 0.308191, -1.850225
15.45, 0.289689, -1.870052
15.451, 0.289689, -1.870052
15.452, 0.289689, -1.870052
15.453, 0.289689, -1.870052
15.454, 0.289689, -1.870052
15.455, 0.289689, -1.870052
15.456, 0.289689, -1.870052
15.457, 0.289689, -1.870052
15.458, 0.289689, -1.870052
15.459, 0.289689, -1.870052
15.46, 0.270988, -1.890080
15.461, 0.270988, -1.890080
15.462, 0.270988, -1.890080
15.463, 0.270988, -1.890080
15.464, 0.270988, -1.890080
15.465, 0.270988, -1.890080
15.466, 0.270988, -1.890080
15.467, 0.270988, -1.890080
15.468, 0.270988, -1.890080
15.469, 0.270988, -1.890080
15.47, 0.252087, -1.910302
15.471, 0.252087, -1.910302
15.472, 0.252087, -1.910302
15.473, 0.252087, -1.910302
15.474, 0.252087, -1.910302
15.475, 0.252087, -1.910302
15.476, 0.252087, -1.910302
15.477, 0.252087, -1.910302
15.478, 0.252087, -1.910302
15.479, 0.252087, -1.910302
15.48, 0.232984, -1.930712
15.481, 0.232984, -1.930712
15.482, 0.232984, -1.930712
15.483, 0.232984, -1.930712
15.484, 0.232984, -1.930712
15.485, 0.232984, -1.930712
15.486, 0.232984, -1.930712
15.487, 0.232984, -1.930712
15.488, 0.232984, -1.930712
15.489, 0.232984, -1.930712
15.49, 0.213677, -1.951301
15.491, 0.213677, -1.951301
15.492, 0.213677, -1.951301
15.493, 0.213677, -1.951301
15.494, 0.213677, -1.951301
15.495, 0.213677, -1.951301
15.496, 0.213677, -1.951301
15.497, 0.213677, -1.951301
15.498, 0.213677, -1.951301
15.499, 0.213677, -1.951301
15.5, 0.194164, -1.972060
15.501, 0.194164, -1.972060
15.502, 0.194164, -1.972060
15.503, 0.194164, -1.972060
15.504, 0.194164, -1.972060
15.505, 0.194164, -1.972060
15.506, 0.194164, -1.972060
15.507, 0.194164, -1.972060
15.508, 0.194164, -1.972060
15.509, 0.194164, -1.972060
15.51, 0.174444, -1.992979
15.511, 0.174444, -1.992979
15.512, 0.174444, -1.992979
15.513, 0.174444, -1.992979
15.514, 0.174444, -1.992979
15.515, 0.174444, -1.992979
15.516, 0.174444, -1.992979
15.517, 0.174444, -1.992979
15.518, 0.174444, -1.992979
15.519, 0.174444, -1.992979
15.52, 0.154514, -2.014047
15.521, 0.154514, -2.014047
15.522, 0.154514, -2.014047
15.523, 0.154514, -2.014047
15.524, 0.154514, -2.014047
15.525, 0.154514, -2.014047
15.526, 0.154514, -2.014047
15.527, 0.154514, -2.014047
15.528, 0.154514, -2.014047
15.529, 0.154514, -2.014047
15.53, 0.134373, -2.035251
15.531, 0.134373, -2.035251
15.532, 0.134373, -2.035251
15.533, 0.134373, -2.035251
15.534, 0.134373, -2.035251
15.535, 0.134373, -2.035251
15.536, 0.134373, -2.035251
15.537, 0.134373, -2.035251
15.538, 0.134373, -2.035251
15.539, 0.134373, -2.035251
15.54, 0.114021, -2.056580
15.541, 0.114021, -2.056580
15.542, 0.114021, -2.056580
15.543, 0.114021, -2.056580
15.544, 0.114021, -2.056580
15.545, 0.114021, -2.056580
15.546, 0.114021, -2.056580
15.547, 0.114021, -2.056580
15.548, 0.114021, -2.056580
15.549, 0.114021, -2.056580
15.55, 0.093455, -2.078019
15.551, 0.093455, -2.078019
15.552, 0.093455, -2.078019
15.553, 0.093455, -2.078019
15.554, 0.093455, -2.078019
15.555, 0.093455, -2.078019
15.556, 0.093455, -2.078019
15.557, 0.093455, -2.078019
15.558, 0.093455, -2.078019
15.559, 0.093455, -2.078019
15.56, 0.072675, -2.099552
15.561, 0.072675, -2.099552
15.562, 0.072675, -2.099552
15.563, 0.072675, -2.099552
15.564, 0.072675, -2.099552
15.565, 0.072675, -2.099552
15.566, 0.072675, -2.099552
15.567, 0.072675, -2.099552
15.568, 0.072675, -2.099552
15.569, 0.072675, -2.099552
15.57, 0.051679, -2.121163
15.571, 0.051679, -2.121163
15.572, 0.051679, -2.121163
15.573, 0.051679, -2.121163
15.574, 0.051679, -2.121163
15.575, 0.051679, -2.121163
15.576, 0.051679, -2.121163
15.577, 0.051679, -2.121163
15.578, 0.051679, -2.121163
15.579, 0.051679, -2.121163
15.58, 0.030468, -2.142835
15.581, 0.030468, -2.142835
15.582, 0.030468, -2.142835
15.583, 0.030468, -2.142835
15.584, 0.030468, -2.142835
15.585, 0.030468, -2.142835
15.586, 0.030468, -2.142835
15.587, 0.030468, -2.142835
15.588, 0.030468, -2.142835
15.589, 0.030468, -2.142835
15.59, 0.009039, -2.164548
15.591, 0.009039, -2.164548
15.592, 0.009039, -2.164548
15.593, 0.009039, -2.164548
15.594, 0.009039, -2.164548
15.595, 0.009039, -2.164548
15.596, 0.009039, -2.164548
15.597, 0.009039, -2.164548
15.598, 0.009039, -2.164548
15.599, 0.009039, -2.164548
15.6, -0.012606, -2.186282
15.601, -0.012606, -2.186282
15.602, -0.012606, -2.186282
15.603, -0.012606, -2.186282
15.604, -0.012606, -2.186282
15.605, -0.012606, -2.186282
15.606, -0.012606, -2.186282
15.607, -0.012606, -2.186282
15.608, -0.012606, -2.186282
15.609, -0.012606, -2.186282
15.61, -0.034469, -2.208016
15.611, -0.034469, -2.208016
15.612, -0.034469, -2.208016
15.613, -0.034469, -2.208016
15.614, -0.034469, -2.208016
15.615, -0.034469, -2.208016
15.616, -0.034469, -2.208016
15.617, -0.034469, -2.208016
15.618, -0.034469, -2.208016
15.619, -0.034469, -2.208016
15.62, -0.056549, -2.229725
15.621, -0.056549, -2.229725
15.622, -0.056549, -2.229725
15.623, -0.056549, -2.229725
15.624, -0.056549, -2.229725
15.625, -0.056549, -2.229725
15.626, -0.056549, -2.229725
15.627, -0.056549, -2.229725
15.628, -0.056549, -2.229725
15.629, -0.056549, -2.229725
15.63, -0.078846, -2.251385
15.631, -0.078846, -2.251385
15.632, -0.078846, -2.251385
15.633, -0.078846, -2.251385
15.634, -0.078846, -2.251385
15.635, -0.078846, -2.251385
15.636, -0.078846, -2.251385
15.637, -0.078846, -2.251385
15.638, -0.078846, -2.251385
15.639, -0.078846, -2.251385
15.64, -0.101360, -2.272971
15.641, -0.101360, -2.272971
15.642, -0.101360, -2.272971
15.643, -0.101360, -2.272971
15.644, -0.101360, -2.272971
15.645, -0.101360, -2.272971
15.646, -0.101360, -2.272971
15.647, -0.101360, -2.272971
15.648, -0.101360, -2.272971
15.649, -0.101360, -2.272971
15.65, -0.124090, -2.294453
15.651, -0.124090, -2.294453
15.652, -0.124090, -2.294453
15.653, -0.124090, -2.294453
15.654, -0.124090, -2.294453
15.655, -0.124090, -2.294453
15.656, -0.124090, -2.294453
15.657, -0.124090, -2.294453
15.658, -0.124090, -2.294453
15.659, -0.124090, -2.294453
15.66, -0.147034, -2.315804
15.661, -0.147034, -2.315804
15.662, -0.147034, -2.315804
15.663, -0.147034, -2.315804
15.664, -0.147034, -2.315804
15.665, -0.147034, -2.315804
15.666, -0.147034, -2.315804
15.667, -0.147034, -2.315804
15.668, -0.147034, -2.315804
15.669, -0.147034, -2.315804
15.67, -0.170192, -2.336991
15.671, -0.170192, -2.336991
15.672, -0.170192, -2.336991
15.673, -0.170192, -2.336991
15.674, -0.170192, -2.336991
15.675, -0.170192, -2.336991
15.676, -0.170192, -2.336991
15.677, -0.170192, -2.336991
15.678, -0.170192, -2.336991
15.679, -0.170192, -2.336991
15.68, -0.193562, -2.357982
15.681, -0.193562, -2.357982
15.682, -0.193562, -2.357982
15.683, -0.193562, -2.357982
15.684, -0.193562, -2.357982
15.685, -0.193562, -2.357982
15.686, -0.193562, -2.357982
15.687, -0.193562, -2.357982
15.688, -0.193562, -2.357982
15.689, -0.193562, -2.357982
15.69, -0.217142, -2.378743
15.691, -0.217142, -2.378743
15.692, -0.217142, -2.378743
15.693, -0.217142, -2.378743
15.694, -0.217142, -2.378743
15.695, -0.217142, -2.378743
15.696, -0.217142, -2.378743
15.697, -0.217142, -2.378743
15.698, -0.217142, -2.378743
15.699, -0.217142, -2.378743
15.7, -0.240930, -2.399237
15.701, -0.240930, -2.399237
15.702, -0.240930, -2.399237
15.703, -0.240930, -2.399237
15.704, -0.240930, -2.399237
15.705, -0.240930, -2.399237
15.706, -0.240930, -2.399237
15.707, -0.240930, -2.399237
15.708, -0.240930, -2.399237
15.709, -0.240930, -2.399237
15.71, -0.264922, -2.419427
15.711, -0.264922, -2.419427
15.712, -0.264922, -2.419427
15.713, -0.264922, -2.419427
15.714, -0.264922, -2.419427
15.715, -0.264922, -2.419427
15.716, -0.264922, -2.419427
15.717, -0.264922, -2.419427
15.718, -0.264922, -2.419427
15.719, -0.264922, -2.419427
15.72, -0.289116, -2.439274
15.721, -0.289116, -2.439274
15.722, -0.289116, -2.439274
15.723, -0.289116, -2.439274
15.724, -0.289116, -2.439274
15.725, -0.289116, -2.439274
15.726, -0.289116, -2.439274
15.727, -0.289116, -2.439274
15.728, -0.289116, -2.439274
15.729, -0.289116, -2.439274
15.73, -0.313509, -2.458737
15.731, -0.313509, -2.458737
15.732, -0.313509, -2.458737
15.733, -0.313509, -2.458737
15.734, -0.313509, -2.458737
15.735, -0.313509, -2.458737
15.736, -0.313509, -2.458737
15.737, -0.313509, -2.458737
15.738, -0.313509, -2.458737
15.739, -0.313509, -2.458737
15.74, -0.338096, -2.477773
15.741, -0.338096, -2.477773
15.742, -0.338096, -2.477773
15.743, -0.338096, -2.477773
15.744, -0.338096, -2.477773
15.745, -0.338096, -2.477773
15.746, -0.338096, -2.477773
15.747, -0.338096, -2.477773
15.748, -0.338096, -2.477773
15.749, -0.338096, -2.477773
15.75, -0.362874, -2.496337
15.751, -0.362874, -2.496337
15.752, -0.362874, -2.496337
15.753, -0.362874, -2.496337
15.754, -0.362874, -2.496337
15.755, -0.362874, -2.496337
15.756, -0.362874, -2.496337
15.757, -0.362874, -2.496337
15.758, -0.362874, -2.496337
15.759, -0.362874, -2.496337
15.76, -0.387837, -2.514385
15.761, -0.387837, -2.514385
15.762, -0.387837, -2.514385
15.763, -0.387837, -2.514385
15.764, -0.387837, -2.514385
15.765, -0.387837, -2.514385
15.766, -0.387837, -2.514385
15.767, -0.387837, -2.514385
15.768, -0.387837, -2.514385
15.769, -0.387837, -2.514385
15.77, -0.412981, -2.531868
15.771, -0.412981, -2.531868
15.772, -0.412981, -2.531868
15.773, -0.412981, -2.531868
15.774, -0.412981, -2.531868
15.775, -0.412981, -2.531868
15.776, -0.412981, -2.531868
15.777, -0.412981, -2.531868
15.778, -0.412981, -2.531868
15.779, -0.412981, -2.531868
15.78, -0.438300, -2.548739
15.781, -0.438300, -2.548739
15.782, -0.438300, -2.548739
15.783, -0.438300, -2.548739
15.784, -0.438300, -2.548739
15.785, -0.438300, -2.548739
15.786, -0.438300, -2.548739
15.787, -0.438300, -2.548739
15.788, -0.438300, -2.548739
15.789, -0.438300, -2.548739
15.79, -0.463787, -2.564947
15.791, -0.463787, -2.564947
15.792, -0.463787, -2.564947
15.793, -0.463787, -2.564947
15.794, -0.463787, -2.564947
15.795, -0.463787, -2.564947
15.796, -0.463787, -2.564947
15.797, -0.463787, -2.564947
15.798, -0.463787, -2.564947
15.799, -0.463787, -2.564947
15.8, -0.489437, -2.580441
15.801, -0.489437, -2.580441
15.802, -0.489437, -2.580441
15.803, -0.489437, -2.580441
15.804, -0.489437, -2.580441
15.805, -0.489437, -2.580441
15.806, -0.489437, -2.580441
15.807, -0.489437, -2.580441
15.808, -0.489437, -2.580441
15.809, -0.489437, -2.580441
15.81, -0.515241, -2.595170
15.811, -0.515241, -2.595170
15.812, -0.515241, -2.595170
15.813, -0.515241, -2.595170
15.814, -0.515241, -2.595170
15.815, -0.515241, -2.595170
15.816, -0.515241, -2.595170
15.817, -0.515241, -2.595170
15.818, -0.515241, -2.595170
15.819, -0.515241, -2.595170
15.82, -0.541193, -2.609080
15.821, -0.541193, -2.609080
15.822, -0.541193, -2.609080
15.823, -0.541193, -2.609080
15.824, -0.541193, -2.609080
15.825, -0.541193, -2.609080
15.826, -0.541193, -2.609080
15.827, -0.541193, -2.609080
15.828, -0.541193, -2.609080
15.829, -0.541193, -2.609080
15.83, -0.567284, -2.622117
15.831, -0.567284, -2.622117
15.832, -0.567284, -2.622117
15.833, -0.567284, -2.622117
15.834, -0.567284, -2.622117
15.835, -0.567284, -2.622117
15.836, -0.567284, -2.622117
15.837, -0.567284, -2.622117
15.838, -0.567284, -2.622117
15.839, -0.567284, -2.622117
15.84, -0.593505, -2.634227
15.841, -0.593505, -2.634227
15.842, -0.593505, -2.634227
15.843, -0.593505, -2.634227
15.844, -0.593505, -2.634227
15.845, -0.593505, -2.634227
15.846, -0.593505, -2.634227
15.847, -0.593505, -2.634227
15.848, -0.593505, -2.634227
15.849, -0.593505, -2.634227
15.85, -0.619847, -2.645355
15.851, -0.619847, -2.645355
15.852, -0.619847, -2.645355
15.853, -0.619847, -2.645355
15.854, -0.619847, -2.645355
15.855, -0.619847, -2.645355
15.856, -0.619847, -2.645355
15.857, -0.619847, -2.645355
15.858, -0.619847, -2.645355
15.859, -0.619847, -2.645355
15.86, -0.646301, -2.655446
15.861, -0.646301, -2.655446
15.862, -0.646301, -2.655446
15.863, -0.646301, -2.655446
15.864, -0.646301, -2.655446
15.865, -0.646301, -2.655446
15.866, -0.646301, -2.655446
15.867, -0.646301, -2.655446
15.868, -0.646301, -2.655446
15.869, -0.646301, -2.655446
15.87, -0.672855, -2.664446
15.871, -0.672855, -2.664446
15.872, -0.672855, -2.664446
15.873, -0.672855, -2.664446
15.874, -0.672855, -2.664446
15.875, -0.672855, -2.664446
15.876, -0.672855, -2.664446
15.877, -0.672855, -2.664446
15.878, -0.672855, -2.664446
15.879, -0.672855, -2.664446
15.88, -0.699500, -2.672299
15.881, -0.699500, -2.672299
15.882, -0.699500, -2.672299
15.883, -0.699500, -2.672299
15.884, -0.699500, -2.672299
15.885, -0.699500, -2.672299
15.886, -0.699500, -2.672299
15.887, -0.699500, -2.672299
15.888, -0.699500, -2.672299
15.889, -0.699500, -2.672299
15.89, -0.726223, -2.678951
15.891, -0.726223, -2.678951
15.892, -0.726223, -2.678951
15.893, -0.726223, -2.678951
15.894, -0.726223, -2.678951
15.895, -0.726223, -2.678951
15.896, -0.726223, -2.678951
15.897, -0.726223, -2.678951
15.898, -0.726223, -2.678951
15.899, -0.726223, -2.678951
15.9, -0.753012, -2.684350
15.901, -0.753012, -2.684350
15.902, -0.753012, -2.684350
15.903, -0.753012, -2.684350
15.904, -0.753012, -2.684350
15.905, -0.753012, -2.684350
15.906, -0.753012, -2.684350
15.907, -0.753012, -2.684350
15.908, -0.753012, -2.684350
15.909, -0.753012, -2.684350
15.91, -0.779856, -2.688442
15.911, -0.779856, -2.688442
15.912, -0.779856, -2.688442
15.913, -0.779856, -2.688442
15.914, -0.779856, -2.688442
15.915, -0.779856, -2.688442
15.916, -0.779856, -2.688442
15.917, -0.779856, -2.688442
15.918, -0.779856, -2.688442
15.919, -0.779856, -2.688442
15.92, -0.806740, -2.691178
15.921, -0.806740, -2.691178
15.922, -0.806740, -2.691178
15.923, -0.806740, -2.691178
15.924, -0.806740, -2.691178
15.925, -0.806740, -2.691178
15.926, -0.806740, -2.691178
15.927, -0.806740, -2.691178
15.928, -0.806740, -2.691178
15.929, -0.806740, -2.691178
15.93, -0.833652, -2.692507
15.931, -0.833652, -2.692507
15.932, -0.833652, -2.692507
15.933, -0.833652, -2.692507
15.934, -0.833652, -2.692507
15.935, -0.833652, -2.692507
15.936, -0.833652, -2.692507
15.937, -0.833652, -2.692507
15.938, -0.833652, -2.692507
15.939, -0.833652, -2.692507
15.94, -0.860577, -2.692383
15.941, -0.860577, -2.692383
15.942, -0.860577, -2.692383
15.943, -0.860577, -2.692383
15.944, -0.860577, -2.692383
15.945, -0.860577, -2.692383
15.946, -0.860577, -2.692383
15.947, -0.860577, -2.692383
15.948, -0.860577, -2.692383
15.949, -0.860577, -2.692383
15.95, -0.887501, -2.690762
15.951, -0.887501, -2.690762
15.952, -0.887501, -2.690762
15.953, -0.887501, -2.690762
15.954, -0.887501, -2.690762
15.955, -0.887501, -2.690762
15.956, -0.887501, -2.690762
15.957, -0.887501, -2.690762
15.958, -0.887501, -2.690762
15.959, -0.887501, -2.690762
15.96, -0.914408, -2.687600
15.961, -0.914408, -2.687600
15.962, -0.914408, -2.687600
15.963, -0.914408, -2.687600
15.964, -0.914408, -2.687600
15.965, -0.914408, -2.687600
15.966, -0.914408, -2.687600
15.967, -0.914408, -2.687600
15.968, -0.914408, -2.687600
15.969, -0.914408, -2.687600
15.97, -0.941284, -2.682860
15.971, -0.941284, -2.682860
15.972, -0.941284, -2.682860
15.973, -0.941284, -2.682860
15.974, -0.941284, -2.682860
15.975, -0.941284, -2.682860
15.976, -0.941284, -2.682860
15.977, -0.941284, -2.682860
15.978, -0.941284, -2.682860
15.979, -0.941284, -2.682860
15.98, -0.968113, -2.676505
15.981, -0.968113, -2.676505
15.982, -0.968113, -2.676505
15.983, -0.968113, -2.676505
15.984, -0.968113, -2.676505
15.985, -0.968113, -2.676505
15.986, -0.968113, -2.676505
15.987, -0.968113, -2.676505
15.988, -0.968113, -2.676505
15.989, -0.968113, -2.676505
15.99, -0.994878, -2.668504
15.991, -0.994878, -2.668504
15.992, -0.994878, -2.668504
15.993, -0.994878, -2.668504
15.994, -0.994878, -2.668504
15.995, -0.994878, -2.668504
15.996, -0.994878, -2.668504
15.997, -0.994878, -2.668504
15.998, -0.994878, -2.668504
15.999, -0.994878, -2.668504
16, -1.021563, -2.658828
16.001, -1.021563, -2.658828
16.002, -1.021563, -2.658828
16.003, -1.021563, -2.658828
16.004, -1.021563, -2.658828
16.005, -1.021563, -2.658828
16.006, -1.021563, -2.658828
16.007, -1.021563, -2.658828
16.008, -1.021563, -2.658828
16.009, -1.021563, -2.658828
16.01, -1.048151, -2.647453
16.011, -1.048151, -2.647453
16.012, -1.048151, -2.647453
16.013, -1.048151, -2.647453
16.014, -1.048151, -2.647453
16.015, -1.048151, -2.647453
16.016, -1.048151, -2.647453
16.017, -1.048151, -2.647453
16.018, -1.048151, -2.647453
16.019, -1.048151, -2.647453
16.02, -1.074626, -2.634361
16.021, -1.074626, -2.634361
16.022, -1.074626, -2.634361
16.023, -1.074626, -2.634361
16.024, -1.074626, -2.634361
16.025, -1.074626, -2.634361
16.026, -1.074626, -2.634361
16.027, -1.074626, -2.634361
16.028, -1.074626, -2.634361
16.029, -1.074626, -2.634361
16.03, -1.100970, -2.619536
16.031, -1.100970, -2.619536
16.032, -1.100970, -2.619536
16.033, -1.100970, -2.619536
16.034, -1.100970, -2.619536
16.035, -1.100970, -2.619536
16.036, -1.100970, -2.619536
16.037, -1.100970, -2.619536
16.038, -1.100970, -2.619536
16.039, -1.100970, -2.619536
16.04, -1.127165, -2.602969
16.041, -1.127165, -2.602969
16.042, -1.127165, -2.602969
16.043, -1.127165, -2.602969
16.044, -1.127165, -2.602969
16.045, -1.127165, -2.602969
16.046, -1.127165, -2.602969
16.047, -1.127165, -2.602969
16.048, -1.127165, -2.602969
16.049, -1.127165, -2.602969
16.05, -1.153195, -2.584657
16.051, -1.153195, -2.584657
16.052, -1.153195, -2.584657
16.053, -1.153195, -2.584657
16.054, -1.153195, -2.584657
16.055, -1.153195, -2.584657
16.056, -1.153195, -2.584657
16.057, -1.153195, -2.584657
16.058, -1.153195, -2.584657
16.059, -1.153195, -2.584657
16.06, -1.179041, -2.564599
16.061, -1.179041, -2.564599
16.062, -1.179041, -2.564599
16.063, -1.179041, -2.564599
16.064, -1.179041, -2.564599
16.065, -1.179041, -2.564599
16.066, -1.179041, -2.564599
16.067, -1.179041, -2.564599
16.068, -1.179041, -2.564599
16.069, -1.179041, -2.564599
16.07, -1.204687, -2.542803
16.071, -1.204687, -2.542803
16.072, -1.204687, -2.542803
16.073, -1.204687, -2.542803
16.074, -1.204687, -2.542803
16.075, -1.204687, -2.542803
16.076, -1.204687, -2.542803
16.077, -1.204687, -2.542803
16.078, -1.204687, -2.542803
16.079, -1.204687, -2.542803
16.08, -1.230115, -2.519281
16.081, -1.230115, -2.519281
16.082, -1.230115, -2.519281
16.083, -1.230115, -2.519281
16.084, -1.230115, -2.519281
16.085, -1.230115, -2.519281
16.086, -1.230115, -2.519281
16.087, -1.230115, -2.519281
16.088, -1.230115, -2.519281
16.089, -1.230115, -2.519281
16.09, -1.255308, -2.494052
16.091, -1.255308, -2.494052
16.092, -1.255308, -2.494052
16.093, -1.255308, -2.494052
16.094, -1.255308, -2.494052
16.095, -1.255308, -2.494052
16.096, -1.255308, -2.494052
16.097, -1.255308, -2.494052
16.098, -1.255308, -2.494052
16.099, -1.255308, -2.494052
16.1, -1.280248, -2.467138
16.101, -1.280248, -2.467138
16.102, -1.280248, -2.467138
16.103, -1.280248, -2.467138
16.104, -1.280248, -2.467138
16.105, -1.280248, -2.467138
16.106, -1.280248, -2.467138
16.107, -1.280248, -2.467138
16.108, -1.280248, -2.467138
16.109, -1.280248, -2.467138
16.11, -1.304920, -2.438569
16.111, -1.304920, -2.438569
16.112, -1.304920, -2.438569
16.113, -1.304920, -2.438569
16.114, -1.304920, -2.438569
16.115, -1.304920, -2.438569
16.116, -1.304920, -2.438569
16.117, -1.304920, -2.438569
16.118, -1.304920, -2.438569
16.119, -1.304920, -2.438569
16.12, -1.329306, -2.408382
16.121, -1.329306, -2.408382
16.122, -1.329306, -2.408382
16.123, -1.329306, -2.408382
16.124, -1.329306, -2.408382
16.125, -1.329306, -2.408382
16.126, -1.329306, -2.408382
16.127, -1.329306, -2.408382
16.128, -1.329306, -2.408382
16.129, -1.329306, -2.408382
16.13, -1.353389, -2.376615
16.131, -1.353389, -2.376615
16.132, -1.353389, -2.376615
16.133, -1.353389, -2.376615
16.134, -1.353389, -2.376615
16.135, -1.353389, -2.376615
16.136, -1.353389, -2.376615
16.137, -1.353389, -2.376615
16.138, -1.353389, -2.376615
16.139, -1.353389, -2.376615
16.14, -1.377156, -2.343316
16.141, -1.377156, -2.343316
16.142, -1.377156, -2.343316
16.143, -1.377156, -2.343316
16.144, -1.377156, -2.343316
16.145, -1.377156, -2.343316
16.146, -1.377156, -2.343316
16.147, -1.377156, -2.343316
16.148, -1.377156, -2.343316
16.149, -1.377156, -2.343316
16.15, -1.400589, -2.308535
16.151, -1.400589, -2.308535
16.152, -1.400589, -2.308535
16.153, -1.400589, -2.308535
16.154, -1.400589, -2.308535
16.155, -1.400589, -2.308535
16.156, -1.400589, -2.308535
16.157, -1.400589, -2.308535
16.158, -1.400589, -2.308535
16.159, -1.400589, -2.308535
16.16, -1.423674, -2.272329
16.161, -1.423674, -2.272329
16.162, -1.423674, -2.272329
16.163, -1.423674, -2.272329
16.164, -1.423674, -2.272329
16.165, -1.423674, -2.272329
16.166, -1.423674, -2.272329
16.167, -1.423674, -2.272329
16.168, -1.423674, -2.272329
16.169, -1.423674, -2.272329
16.17, -1.446397, -2.234759
16.171, -1.446397, -2.234759
16.172, -1.446397, -2.234759
16.173, -1.446397, -2.234759
16.174, -1.446397, -2.234759
16.175, -1.446397, -2.234759
16.176, -1.446397, -2.234759
16.177, -1.446397, -2.234759
16.178, -1.446397, -2.234759
16.179, -1.446397, -2.234759
16.18, -1.468745, -2.195890
16.181, -1.468745, -2.195890
16.182, -1.468745, -2.195890
16.183, -1.468745, -2.195890
16.184, -1.468745, -2.195890
16.185, -1.468745, -2.195890
16.186, -1.468745, -2.195890
16.187, -1.468745, -2.195890
16.188, -1.468745, -2.195890
16.189, -1.468745, -2.195890
16.19, -1.490704, -2.155791
16.191, -1.490704, -2.155791
16.192, -1.490704, -2.155791
16.193, -1.490704, -2.155791
16.194, -1.490704, -2.155791
16.195, -1.490704, -2.155791
16.196, -1.490704, -2.155791
16.197, -1.490704, -2.155791
16.198, -1.490704, -2.155791
16.199, -1.490704, -2.155791
16.2, -1.512262, -2.114536
16.201, -1.512262, -2.114536
16.202, -1.512262, -2.114536
16.203, -1.512262, -2.114536
16.204, -1.512262, -2.114536
16.205, -1.512262, -2.114536
16.206, -1.512262, -2.114536
16.207, -1.512262, -2.114536
16.208, -1.512262, -2.114536
16.209, -1.512262, -2.114536
16.21, -1.533407, -2.072201
16.211, -1.533407, -2.072201
16.212, -1.533407, -2.072201
16.213, -1.533407, -2.072201
16.214, -1.533407, -2.072201
16.215, -1.533407, -2.072201
16.216, -1.533407, -2.072201
16.217, -1.533407, -2.072201
16.218, -1.533407, -2.072201
16.219, -1.533407, -2.072201
16.22, -1.554129, -2.028865
16.221, -1.554129, -2.028865
16.222, -1.554129, -2.028865
16.223, -1.554129, -2.028865
16.224, -1.554129, -2.028865
16.225, -1.554129, -2.028865
16.226, -1.554129, -2.028865
16.227, -1.554129, -2.028865
16.228, -1.554129, -2.028865
16.229, -1.554129, -2.028865
16.23, -1.574418, -1.984608
16.231, -1.574418, -1.984608
16.232, -1.574418, -1.984608
16.233, -1.574418, -1.984608
16.234, -1.574418, -1.984608
16.235, -1.574418, -1.984608
16.236, -1.574418, -1.984608
16.237, -1.574418, -1.984608
16.238, -1.574418, -1.984608
16.239, -1.574418, -1.984608
16.24, -1.594264, -1.939516
16.241, -1.594264, -1.939516
16.242, -1.594264, -1.939516
16.243, -1.594264, -1.939516
16.244, -1.594264, -1.939516
16.245, -1.594264, -1.939516
16.246, -1.594264, -1.939516
16.247, -1.594264, -1.939516
16.248, -1.594264, -1.939516
16.249, -1.594264, -1.939516
16.25, -1.613659, -1.893672
16.251, -1.613659, -1.893672
16.252, -1.613659, -1.893672
16.253, -1.613659, -1.893672
16.254, -1.613659, -1.893672
16.255, -1.613659, -1.893672
16.256, -1.613659, -1.893672
16.257, -1.613659, -1.893672
16.258, -1.613659, -1.893672
16.259, -1.613659, -1.893672
16.26, -1.632596, -1.847163
16.261, -1.632596, -1.847163
16.262, -1.632596, -1.847163
16.263, -1.632596, -1.847163
16.264, -1.632596, -1.847163
16.265, -1.632596, -1.847163
16.266, -1.632596, -1.847163
16.267, -1.632596, -1.847163
16.268, -1.632596, -1.847163
16.269, -1.632596, -1.847163
16.27, -1.651067, -1.800075
16.271, -1.651067, -1.800075
16.272, -1.651067, -1.800075
16.273, -1.651067, -1.800075
16.274, -1.651067, -1.800075
16.275, -1.651067, -1.800075
16.276, -1.651067, -1.800075
16.277, -1.651067, -1.800075
16.278, -1.651067, -1.800075
16.279, -1.651067, -1.800075
16.28, -1.669068, -1.752495
16.281, -1.669068, -1.752495
16.282, -1.669068, -1.752495
16.283, -1.669068, -1.752495
16.284, -1.669068, -1.752495
16.285, -1.669068, -1.752495
16.286, -1.669068, -1.752495
16.287, -1.669068, -1.752495
16.288, -1.669068, -1.752495
16.289, -1.669068, -1.752495
16.29, -1.686593, -1.704508
16.291, -1.686593, -1.704508
16.292, -1.686593, -1.704508
16.293, -1.686593, -1.704508
16.294, -1.686593, -1.704508
16.295, -1.686593, -1.704508
16.296, -1.686593, -1.704508
16.297, -1.686593, -1.704508
16.298, -1.686593, -1.704508
16.299, -1.686593, -1.704508
16.3, -1.703638, -1.656201
16.301, -1.703638, -1.656201
16.302, -1.703638, -1.656201
16.303, -1.703638, -1.656201
16.304, -1.703638, -1.656201
16.305, -1.703638, -1.656201
16.306, -1.703638, -1.656201
16.307, -1.703638, -1.656201
16.308, -1.703638, -1.656201
16.309, -1.703638, -1.656201
16.31, -1.720200, -1.607657
16.311, -1.720200, -1.607657
16.312, -1.720200, -1.607657
16.313, -1.720200, -1.607657
16.314, -1.720200, -1.607657
16.315, -1.720200, -1.607657
16.316, -1.720200, -1.607657
16.317, -1.720200, -1.607657
16.318, -1.720200, -1.607657
16.319, -1.720200, -1.607657
16.32, -1.736277, -1.558960
16.321, -1.736277, -1.558960
16.322, -1.736277, -1.558960
16.323, -1.736277, -1.558960
16.324, -1.736277, -1.558960
16.325, -1.736277, -1.558960
16.326, -1.736277, -1.558960
16.327, -1.736277, -1.558960
16.328, -1.736277, -1.558960
16.329, -1.736277, -1.558960
16.33, -1.751866, -1.510189
16.331, -1.751866, -1.510189
16.332, -1.751866, -1.510189
16.333, -1.751866, -1.510189
16.334, -1.751866, -1.510189
16.335, -1.751866, -1.510189
16.336, -1.751866, -1.510189
16.337, -1.751866, -1.510189
16.338, -1.751866, -1.510189
16.339, -1.751866, -1.510189
16.34, -1.766968, -1.461424
16.341, -1.766968, -1.461424
16.342, -1.766968, -1.461424
16.343, -1.766968, -1.461424
16.344, -1.766968, -1.461424
16.345, -1.766968, -1.461424
16.346, -1.766968, -1.461424
16.347, -1.766968, -1.461424
16.348, -1.766968, -1.461424
16.349, -1.766968, -1.461424
16.35, -1.781582, -1.412741
16.351, -1.781582, -1.412741
16.352, -1.781582, -1.412741
16.353, -1.781582, -1.412741
16.354, -1.781582, -1.412741
16.355, -1.781582, -1.412741
16.356, -1.781582, -1.412741
16.357, -1.781582, -1.412741
16.358, -1.781582, -1.412741
16.359, -1.781582, -1.412741
16.36, -1.795710, -1.364211
16.361, -1.795710, -1.364211
16.362, -1.795710, -1.364211
16.363, -1.795710, -1.364211
16.364, -1.795710, -1.364211
16.365, -1.795710, -1.364211
16.366, -1.795710, -1.364211
16.367, -1.795710, -1.364211
16.368, -1.795710, -1.364211
16.369, -1.795710, -1.364211
16.37, -1.809352, -1.315906
16.371, -1.809352, -1.315906
16.372, -1.809352, -1.315906
16.373, -1.809352, -1.315906
16.374, -1.809352, -1.315906
16.375, -1.809352, -1.315906
16.376, -1.809352, -1.315906
16.377, -1.809352, -1.315906
16.378, -1.809352, -1.315906
16.379, -1.809352, -1.315906
16.38, -1.822511, -1.267892
16.381, -1.822511, -1.267892
16.382, -1.822511, -1.267892
16.383, -1.822511, -1.267892
16.384, -1.822511, -1.267892
16.385, -1.822511, -1.267892
16.386, -1.822511, -1.267892
16.387, -1.822511, -1.267892
16.388, -1.822511, -1.267892
16.389, -1.822511, -1.267892
16.39, -1.835190, -1.220233
16.391, -1.835190, -1.220233
16.392, -1.835190, -1.220233
16.393, -1.835190, -1.220233
16.394, -1.835190, -1.220233
16.395, -1.835190, -1.220233
16.396, -1.835190, -1.220233
16.397, -1.835190, -1.220233
16.398, -1.835190, -1.220233
16.399, -1.835190, -1.220233
16.4, -1.847392, -1.172987
16.401, -1.847392, -1.172987
16.402, -1.847392, -1.172987
16.403, -1.847392, -1.172987
16.404, -1.847392, -1.172987
16.405, -1.847392, -1.172987
16.406, -1.847392, -1.172987
16.407, -1.847392, -1.172987
16.408, -1.847392, -1.172987
16.409, -1.847392, -1.172987
16.41, -1.859122, -1.126210
16.411, -1.859122, -1.126210
16.412, -1.859122, -1.126210
16.413, -1.859122, -1.126210
16.414, -1.859122, -1.126210
16.415, -1.859122, -1.126210
16.416, -1.859122, -1.126210
16.417, -1.859122, -1.126210
16.418, -1.859122, -1.126210
16.419, -1.859122, -1.126210
16.42, -1.870384, -1.079955
16.421, -1.870384, -1.079955
16.422, -1.870384, -1.079955
16.423, -1.870384, -1.079955
16.424, -1.870384, -1.079955
16.425, -1.870384, -1.079955
16.426, -1.870384, -1.079955
16.427, -1.870384, -1.079955
16.428, -1.870384, -1.079955
16.429, -1.870384, -1.079955
16.43, -1.881184, -1.034271
16.431, -1.881184, -1.034271
16.432, -1.881184, -1.034271
16.433, -1.881184, -1.034271
16.434, -1.881184, -1.034271
16.435, -1.881184, -1.034271
16.436, -1.881184, -1.034271
16.437, -1.881184, -1.034271
16.438, -1.881184, -1.034271
16.439, -1.881184, -1.034271
16.44, -1.891526, -0.989200
16.441, -1.891526, -0.989200
16.442, -1.891526, -0.989200
16.443, -1.891526, -0.989200
16.444, -1.891526, -0.989200
16.445, -1.891526, -0.989200
16.446, -1.891526, -0.989200
16.447, -1.891526, -0.989200
16.448, -1.891526, -0.989200
16.449, -1.891526, -0.989200
16.45, -1.901418, -0.944785
16.451, -1.901418, -0.944785
16.452, -1.901418, -0.944785
16.453, -1.901418, -0.944785
16.454, -1.901418, -0.944785
16.455, -1.901418, -0.944785
16.456, -1.901418, -0.944785
16.457, -1.901418, -0.944785
16.458, -1.901418, -0.944785
16.459, -1.901418, -0.944785
16.46, -1.910866, -0.901061
16.461, -1.910866, -0.901061
16.462, -1.910866, -0.901061
16.463, -1.910866, -0.901061
16.464, -1.910866, -0.901061
16.465, -1.910866, -0.901061
16.466, -1.910866, -0.901061
16.467, -1.910866, -0.901061
16.468, -1.910866, -0.901061
16.469, -1.910866, -0.901061
16.47, -1.919877, -0.858061
16.471, -1.919877, -0.858061
16.472, -1.919877, -0.858061
16.473, -1.919877, -0.858061
16.474, -1.919877, -0.858061
16.475, -1.919877, -0.858061
16.476, -1.919877, -0.858061
16.477, -1.919877, -0.858061
16.478, -1.919877, -0.858061
16.479, -1.919877, -0.858061
16.48, -1.928458, -0.815815
16.481, -1.928458, -0.815815
16.482, -1.928458, -0.815815
16.483, -1.928458, -0.815815
16.484, -1.928458, -0.815815
16.485, -1.928458, -0.815815
16.486, -1.928458, -0.815815
16.487, -1.928458, -0.815815
16.488, -1.928458, -0.815815
16.489, -1.928458, -0.815815
16.49, -1.936616, -0.774349
16.491, -1.936616, -0.774349
16.492, -1.936616, -0.774349
16.493, -1.936616, -0.774349
16.494, -1.936616, -0.774349
16.495, -1.936616, -0.774349
16.496, -1.936616, -0.774349
16.497, -1.936616, -0.774349
16.498, -1.936616, -0.774349
16.499, -1.936616, -0.774349
16.5, -1.944359, -0.733685
16.501, -1.944359, -0.733685
16.502, -1.944359, -0.733685
16.503, -1.944359, -0.733685
16.504, -1.944359, -0.733685
16.505, -1.944359, -0.733685
16.506, -1.944359, -0.733685
16.507, -1.944359, -0.733685
16.508, -1.944359, -0.733685
16.509, -1.944359, -0.733685
16.51, -1.951696, -0.693841
16.511, -1.951696, -0.693841
16.512, -1.951696, -0.693841
16.513, -1.951696, -0.693841
16.514, -1.951696, -0.693841
16.515, -1.951696, -0.693841
16.516, -1.951696, -0.693841
16.517, -1.951696, -0.693841
16.518, -1.951696, -0.693841
16.519, -1.951696, -0.693841
16.52, -1.958634, -0.654833
16.521, -1.958634, -0.654833
16.522, -1.958634, -0.654833
16.523, -1.958634, -0.654833
16.524, -1.958634, -0.654833
16.525, -1.958634, -0.654833
16.526, -1.958634, -0.654833
16.527, -1.958634, -0.654833
16.528, -1.958634, -0.654833
16.529, -1.958634, -0.654833
16.53, -1.965183, -0.616674
16.531, -1.965183, -0.616674
16.532, -1.965183, -0.616674
16.533, -1.965183, -0.616674
16.534, -1.965183, -0.616674
16.535, -1.965183, -0.616674
16.536, -1.965183, -0.616674
16.537, -1.965183, -0.616674
16.538, -1.965183, -0.616674
16.539, -1.965183, -0.616674
16.54, -1.971350, -0.579373
16.541, -1.971350, -0.579373
16.542, -1.971350, -0.579373
16.543, -1.971350, -0.579373
16.544, -1.971350, -0.579373
16.545, -1.971350, -0.579373
16.546, -1.971350, -0.579373
16.547, -1.971350, -0.579373
16.548, -1.971350, -0.579373
16.549, -1.971350, -0.579373
16.55, -1.977143, -0.542938
16.551, -1.977143, -0.542938
16.552, -1.977143, -0.542938
16.553, -1.977143, -0.542938
16.554, -1.977143, -0.542938
16.555, -1.977143, -0.542938
16.556, -1.977143, -0.542938
16.557, -1.977143, -0.542938
16.558, -1.977143, -0.542938
16.559, -1.977143, -0.542938
16.56, -1.982573, -0.507372
16.561, -1.982573, -0.507372
16.562, -1.982573, -0.507372
16.563, -1.982573, -0.507372
16.564, -1.982573, -0.507372
16.565, -1.982573, -0.507372
16.566, -1.982573, -0.507372
16.567, -1.982573, -0.507372
16.568, -1.982573, -0.507372
16.569, -1.982573, -0.507372
16.57, -1.987646, -0.472677
16.571, -1.987646, -0.472677
16.572, -1.987646, -0.472677
16.573, -1.987646, -0.472677
16.574, -1.987646, -0.472677
16.575, -1.987646, -0.472677
16.576, -1.987646, -0.472677
16.577, -1.987646, -0.472677
16.578, -1.987646, -0.472677
16.579, -1.987646, -0.472677
16.58, -1.992373, -0.438853
16.581, -1.992373, -0.438853
16.582, -1.992373, -0.438853
16.583, -1.992373, -0.438853
16.584, -1.992373, -0.438853
16.585, -1.992373, -0.438853
16.586, -1.992373, -0.438853
16.587, -1.992373, -0.438853
16.588, -1.992373, -0.438853
16.589, -1.992373, -0.438853
16.59, -1.996762, -0.405897
16.591, -1.996762, -0.405897
16.592, -1.996762, -0.405897
16.593, -1.996762, -0.405897
16.594, -1.996762, -0.405897
16.595, -1.996762, -0.405897
16.596, -1.996762, -0.405897
16.597, -1.996762, -0.405897
16.598, -1.996762, -0.405897
16.599, -1.996762, -0.405897
16.6, -2.000821, -0.373805
16.601, -2.000821, -0.373805
16.602, -2.000821, -0.373805
16.603, -2.000821, -0.373805
16.604, -2.000821, -0.373805
16.605, -2.000821, -0.373805
16.606, -2.000821, -0.373805
16.607, -2.000821, -0.373805
16.608, -2.000821, -0.373805
16.609, -2.000821, -0.373805
16.61, -2.004559, -0.342571
16.611, -2.004559, -0.342571
16.612, -2.004559, -0.342571
16.613, -2.004559, -0.342571
16.614, -2.004559, -0.342571
16.615, -2.004559, -0.342571
16.616, -2.004559, -0.342571
16.617, -2.004559, -0.342571
16.618, -2.004559, -0.342571
16.619, -2.004559, -0.342571
16.62, -2.007984, -0.312186
16.621, -2.007984, -0.312186
16.622, -2.007984, -0.312186
16.623, -2.007984, -0.312186
16.624, -2.007984, -0.312186
16.625, -2.007984, -0.312186
16.626, -2.007984, -0.312186
16.627, -2.007984, -0.312186
16.628, -2.007984, -0.312186
16.629, -2.007984, -0.312186
16.63, -2.011106, -0.282640
16.631, -2.011106, -0.282640
16.632, -2.011106, -0.282640
16.633, -2.011106, -0.282640
16.634, -2.011106, -0.282640
16.635, -2.011106, -0.282640
16.636, -2.011106, -0.282640
16.637, -2.011106, -0.282640
16.638, -2.011106, -0.282640
16.639, -2.011106, -0.282640
16.64, -2.013933, -0.253924
16.641, -2.013933, -0.253924
16.642, -2.013933, -0.253924
16.643, -2.013933, -0.253924
16.644, -2.013933, -0.253924
16.645, -2.013933, -0.253924
16.646, -2.013933, -0.253924
16.647, -2.013933, -0.253924
16.648, -2.013933, -0.253924
16.649, -2.013933, -0.253924
16.65, -2.016472, -0.226025
16.651, -2.016472, -0.226025
16.652, -2.016472, -0.226025
16.653, -2.016472, -0.226025
16.654, -2.016472, -0.226025
16.655, -2.016472, -0.226025
16.656, -2.016472, -0.226025
16.657, -2.016472, -0.226025
16.658, -2.016472, -0.226025
16.659, -2.016472, -0.226025
16.66, -2.018732, -0.198930
16.661, -2.018732, -0.198930
16.662, -2.018732, -0.198930
16.663, -2.018732, -0.198930
16.664, -2.018732, -0.198930
16.665, -2.018732, -0.198930
16.666, -2.018732, -0.198930
16.667, -2.018732, -0.198930
16.668, -2.018732, -0.198930
16.669, -2.018732, -0.198930
16.67, -2.020721, -0.172625
16.671, -2.020721, -0.172625
16.672, -2.020721, -0.172625
16.673, -2.020721, -0.172625
16.674, -2.020721, -0.172625
16.675, -2.020721, -0.172625
16.676, -2.020721, -0.172625
16.677, -2.020721, -0.172625
16.678, -2.020721, -0.172625
16.679, -2.020721, -0.172625
16.68, -2.022448, -0.147095
16.681, -2.022448, -0.147095
16.682, -2.022448, -0.147095
16.683, -2.022448, -0.147095
16.684, -2.022448, -0.147095
16.685, -2.022448, -0.147095
16.686, -2.022448, -0.147095
16.687, -2.022448, -0.147095
16.688, -2.022448, -0.147095
16.689, -2.022448, -0.147095
16.69, -2.023919, -0.122325
16.691, -2.023919, -0.122325
16.692, -2.023919, -0.122325
16.693, -2.023919, -0.122325
16.694, -2.023919, -0.122325
16.695, -2.023919, -0.122325
16.696, -2.023919, -0.122325
16.697, -2.023919, -0.122325
16.698, -2.023919, -0.122325
16.699, -2.023919, -0.122325
16.7, -2.025142, -0.098298
16.701, -2.025142, -0.098298
16.702, -2.025142, -0.098298
16.703, -2.025142, -0.098298
16.704, -2.025142, -0.098298
16.705, -2.025142, -0.098298
16.706, -2.025142, -0.098298
16.707, -2.025142, -0.098298
16.708, -2.025142, -0.098298
16.709, -2.025142, -0.098298
16.71, -2.026125, -0.074999
16.711, -2.026125, -0.074999
16.712, -2.026125, -0.074999
16.713, -2.026125, -0.074999
16.714, -2.026125, -0.074999
16.715, -2.026125, -0.074999
16.716, -2.026125, -0.074999
16.717, -2.026125, -0.074999
16.718, -2.026125, -0.074999
16.719, -2.026125, -0.074999
16.72, -2.026875, -0.052408
16.721, -2.026875, -0.052408
16.722, -2.026875, -0.052408
16.723, -2.026875, -0.052408
16.724, -2.026875, -0.052408
16.725, -2.026875, -0.052408
16.726, -2.026875, -0.052408
16.727, -2.026875, -0.052408
16.728, -2.026875, -0.052408
16.729, -2.026875, -0.052408
16.73, -2.027399, -0.030511
16.731, -2.027399, -0.030511
16.732, -2.027399, -0.030511
16.733, -2.027399, -0.030511
16.734, -2.027399, -0.030511
16.735, -2.027399, -0.030511
16.736, -2.027399, -0.030511
16.737, -2.027399, -0.030511
16.738, -2.027399, -0.030511
16.739, -2.027399, -0.030511
16.74, -2.027704, -0.009288
16.741, -2.027704, -0.009288
16.742, -2.027704, -0.009288
16.743, -2.027704, -0.009288
16.744, -2.027704, -0.009288
16.745, -2.027704, -0.009288
16.746, -2.027704, -0.009288
16.747, -2.027704, -0.009288
16.748, -2.027704, -0.009288
16.749, -2.027704, -0.009288
16.75, -2.027797, 0.011278
16.751, -2.027797, 0.011278
16.752, -2.027797, 0.011278
16.753, -2.027797, 0.011278
16.754, -2.027797, 0.011278
16.755, -2.027797, 0.011278
16.756, -2.027797, 0.011278
16.757, -2.027797, 0.011278
16.758, -2.027797, 0.011278
16.759, -2.027797, 0.011278
16.76, -2.027684, 0.031205
16.761, -2.027684, 0.031205
16.762, -2.027684, 0.031205
16.763, -2.027684, 0.031205
16.764, -2.027684, 0.031205
16.765, -2.027684, 0.031205
16.766, -2.027684, 0.031205
16.767, -2.027684, 0.031205
16.768, -2.027684, 0.031205
16.769, -2.027684, 0.031205
16.77, -2.027372, 0.050511
16.771, -2.027372, 0.050511
16.772, -2.027372, 0.050511
16.773, -2.027372, 0.050511
16.774, -2.027372, 0.050511
16.775, -2.027372, 0.050511
16.776, -2.027372, 0.050511
16.777, -2.027372, 0.050511
16.778, -2.027372, 0.050511
16.779, -2.027372, 0.050511
16.78, -2.026867, 0.069214
16.781, -2.026867, 0.069214
16.782, -2.026867, 0.069214
16.783, -2.026867, 0.069214
16.784, -2.026867, 0.069214
16.785, -2.026867, 0.069214
16.786, -2.026867, 0.069214
16.787, -2.026867, 0.069214
16.788, -2.026867, 0.069214
16.789, -2.026867, 0.069214
16.79, -2.026175, 0.087331
16.791, -2.026175, 0.087331
16.792, -2.026175, 0.087331
16.793, -2.026175, 0.087331
16.794, -2.026175, 0.087331
16.795, -2.026175, 0.087331
16.796, -2.026175, 0.087331
16.797, -2.026175, 0.087331
16.798, -2.026175, 0.087331
16.799, -2.026175, 0.087331
16.8, -2.025302, 0.104881
16.801, -2.025302, 0.104881
16.802, -2.025302, 0.104881
16.803, -2.025302, 0.104881
16.804, -2.025302, 0.104881
16.805, -2.025302, 0.104881
16.806, -2.025302, 0.104881
16.807, -2.025302, 0.104881
16.808, -2.025302, 0.104881
16.809, -2.025302, 0.104881
16.81, -2.024253, 0.121881
16.811, -2.024253, 0.121881
16.812, -2.024253, 0.121881
16.813, -2.024253, 0.121881
16.814, -2.024253, 0.121881
16.815, -2.024253, 0.121881
16.816, -2.024253, 0.121881
16.817, -2.024253, 0.121881
16.818, -2.024253, 0.121881
16.819, -2.024253, 0.121881
16.82, -2.023034, 0.138348
16.821, -2.023034, 0.138348
16.822, -2.023034, 0.138348
16.823, -2.023034, 0.138348
16.824, -2.023034, 0.138348
16.825, -2.023034, 0.138348
16.826, -2.023034, 0.138348
16.827, -2.023034, 0.138348
16.828, -2.023034, 0.138348
16.829, -2.023034, 0.138348
16.83, -2.021650, 0.154300
16.831, -2.021650, 0.154300
16.832, -2.021650, 0.154300
16.833, -2.021650, 0.154300
16.834, -2.021650, 0.154300
16.835, -2.021650, 0.154300
16.836, -2.021650, 0.154300
16.837, -2.021650, 0.154300
16.838, -2.021650, 0.154300
16.839, -2.021650, 0.154300
16.84, -2.020107, 0.169753
16.841, -2.020107, 0.169753
16.842, -2.020107, 0.169753
16.843, -2.020107, 0.169753
16.844, -2.020107, 0.169753
16.845, -2.020107, 0.169753
16.846, -2.020107, 0.169753
16.847, -2.020107, 0.169753
16.848, -2.020107, 0.169753
16.849, -2.020107, 0.169753
16.85, -2.018410, 0.184724
16.851, -2.018410, 0.184724
16.852, -2.018410, 0.184724
16.853, -2.018410, 0.184724
16.854, -2.018410, 0.184724
16.855, -2.018410, 0.184724
16.856, -2.018410, 0.184724
16.857, -2.018410, 0.184724
16.858, -2.018410, 0.184724
16.859, -2.018410, 0.184724
16.86, -2.016563, 0.199230
16.861, -2.016563, 0.199230
16.862, -2.016563, 0.199230
16.863, -2.016563, 0.199230
16.864, -2.016563, 0.199230
16.865, -2.016563, 0.199230
16.866, -2.016563, 0.199230
16.867, -2.016563, 0.199230
16.868, -2.016563, 0.199230
16.869, -2.016563, 0.199230
16.87, -2.014570, 0.213286
16.871, -2.014570, 0.213286
16.872, -2.014570, 0.213286
16.873, -2.014570, 0.213286
16.874, -2.014570, 0.213286
16.875, -2.014570, 0.213286
16.876, -2.014570, 0.213286
16.877, -2.014570, 0.213286
16.878, -2.014570, 0.213286
16.879, -2.014570, 0.213286
16.88, -2.012438, 0.226908
16.881, -2.012438, 0.226908
16.882, -2.012438, 0.226908
16.883, -2.012438, 0.226908
16.884, -2.012438, 0.226908
16.885, -2.012438, 0.226908
16.886, -2.012438, 0.226908
16.887, -2.012438, 0.226908
16.888, -2.012438, 0.226908
16.889, -2.012438, 0.226908
16.89, -2.010168, 0.240112
16.891, -2.010168, 0.240112
16.892, -2.010168, 0.240112
16.893, -2.010168, 0.240112
16.894, -2.010168, 0.240112
16.895, -2.010168, 0.240112
16.896, -2.010168, 0.240112
16.897, -2.010168, 0.240112
16.898, -2.010168, 0.240112
16.899, -2.010168, 0.240112
16.9, -2.007767, 0.252913
16.901, -2.007767, 0.252913
16.902, -2.007767, 0.252913
16.903, -2.007767, 0.252913
16.904, -2.007767, 0.252913
16.905, -2.007767, 0.252913
16.906, -2.007767, 0.252913
16.907, -2.007767, 0.252913
16.908, -2.007767, 0.252913
16.909, -2.007767, 0.252913
16.91, -2.005238, 0.265324
16.911, -2.005238, 0.265324
16.912, -2.005238, 0.265324
16.913, -2.005238, 0.265324
16.914, -2.005238, 0.265324
16.915, -2.005238, 0.265324
16.916, -2.005238, 0.265324
16.917, -2.005238, 0.265324
16.918, -2.005238, 0.265324
16.919, -2.005238, 0.265324
16.92, -2.002585, 0.277361
16.921, -2.002585, 0.277361
16.922, -2.002585, 0.277361
16.923, -2.002585, 0.277361
16.924, -2.002585, 0.277361
16.925, -2.002585, 0.277361
16.926, -2.002585, 0.277361
16.927, -2.002585, 0.277361
16.928, -2.002585, 0.277361
16.929, -2.002585, 0.277361
16.93, -1.999811, 0.289037
16.931, -1.999811, 0.289037
16.932, -1.999811, 0.289037
16.933, -1.999811, 0.289037
16.934, -1.999811, 0.289037
16.935, -1.999811, 0.289037
16.936, -1.999811, 0.289037
16.937, -1.999811, 0.289037
16.938, -1.999811, 0.289037
16.939, -1.999811, 0.289037
16.94, -1.996921, 0.300367
16.941, -1.996921, 0.300367
16.942, -1.996921, 0.300367
16.943, -1.996921, 0.300367
16.944, -1.996921, 0.300367
16.945, -1.996921, 0.300367
16.946, -1.996921, 0.300367
16.947, -1.996921, 0.300367
16.948, -1.996921, 0.300367
16.949, -1.996921, 0.300367
16.95, -1.993917, 0.311362
16.951, -1.993917, 0.311362
16.952, -1.993917, 0.311362
16.953, -1.993917, 0.311362
16.954, -1.993917, 0.311362
16.955, -1.993917, 0.311362
16.956, -1.993917, 0.311362
16.957, -1.993917, 0.311362
16.958, -1.993917, 0.311362
16.959, -1.993917, 0.311362
16.96, -1.990804, 0.322036
16.961, -1.990804, 0.322036
16.962, -1.990804, 0.322036
16.963, -1.990804, 0.322036
16.964, -1.990804, 0.322036
16.965, -1.990804, 0.322036
16.966, -1.990804, 0.322036
16.967, -1.990804, 0.322036
16.968, -1.990804, 0.322036
16.969, -1.990804, 0.322036
16.97, -1.987583, 0.332401
16.971, -1.987583, 0.332401
16.972, -1.987583, 0.332401
16.973, -1.987583, 0.332401
16.974, -1.987583, 0.332401
16.975, -1.987583, 0.332401
16.976, -1.987583, 0.332401
16.977, -1.987583, 0.332401
16.978, -1.987583, 0.332401
16.979, -1.987583, 0.332401
16.98, -1.984259, 0.342469
16.981, -1.984259, 0.342469
16.982, -1.984259, 0.342469
16.983, -1.984259, 0.342469
16.984, -1.984259, 0.342469
16.985, -1.984259, 0.342469
16.986, -1.984259, 0.342469
16.987, -1.984259, 0.342469
16.988, -1.984259, 0.342469
16.989, -1.984259, 0.342469
16.99, -1.980835, 0.352253
16.991, -1.980835, 0.352253
16.992, -1.980835, 0.352253
16.993, -1.980835, 0.352253
16.994, -1.980835, 0.352253
16.995, -1.980835, 0.352253
16.996, -1.980835, 0.352253
16.997, -1.980835, 0.352253
16.998, -1.980835, 0.352253
16.999, -1.980835, 0.352253
17, -1.977312, 0.361762
17.001, -1.977312, 0.361762
17.002, -1.977312, 0.361762
17.003, -1.977312, 0.361762
17.004, -1.977312, 0.361762
17.005, -1.977312, 0.361762
17.006, -1.977312, 0.361762
17.007, -1.977312, 0.361762
17.008, -1.977312, 0.361762
17.009, -1.977312, 0.361762
17.01, -1.973694, 0.371009
17.011, -1.973694, 0.371009
17.012, -1.973694, 0.371009
17.013, -1.973694, 0.371009
17.014, -1.973694, 0.371009
17.015, -1.973694, 0.371009
17.016, -1.973694, 0.371009
17.017, -1.973694, 0.371009
17.018, -1.973694, 0.371009
17.019, -1.973694, 0.371009
17.02, -1.969984, 0.380003
17.021, -1.969984, 0.380003
17.022, -1.969984, 0.380003
17.023, -1.969984, 0.380003
17.024, -1.969984, 0.380003
17.025, -1.969984, 0.380003
17.026, -1.969984, 0.380003
17.027, -1.969984, 0.380003
17.028, -1.969984, 0.380003
17.029, -1.969984, 0.380003
17.03, -1.966184, 0.388756
17.031, -1.966184, 0.388756
17.032, -1.966184, 0.388756
17.033, -1.966184, 0.388756
17.034, -1.966184, 0.388756
17.035, -1.966184, 0.388756
17.036, -1.966184, 0.388756
17.037, -1.966184, 0.388756
17.038, -1.966184, 0.388756
17.039, -1.966184, 0.388756
17.04, -1.962297, 0.397276
17.041, -1.962297, 0.397276
17.042, -1.962297, 0.397276
17.043, -1.962297, 0.397276
17.044, -1.962297, 0.397276
17.045, -1.962297, 0.397276
17.046, -1.962297, 0.397276
17.047, -1.962297, 0.397276
17.048, -1.962297, 0.397276
17.049, -1.962297, 0.397276
17.05, -1.958324, 0.405575
17.051, -1.958324, 0.405575
17.052, -1.958324, 0.405575
17.053, -1.958324, 0.405575
17.054, -1.958324, 0.405575
17.055, -1.958324, 0.405575
17.056, -1.958324, 0.405575
17.057, -1.958324, 0.405575
17.058, -1.958324, 0.405575
17.059, -1.958324, 0.405575
17.06, -1.954268, 0.413660
17.061, -1.954268, 0.413660
17.062, -1.954268, 0.413660
17.063, -1.954268, 0.413660
17.064, -1.954268, 0.413660
17.065, -1.954268, 0.413660
17.066, -1.954268, 0.413660
17.067, -1.954268, 0.413660
17.068, -1.954268, 0.413660
17.069, -1.954268, 0.413660
17.07, -1.950132, 0.421541
17.071, -1.950132, 0.421541
17.072, -1.950132, 0.421541
17.073, -1.950132, 0.421541
17.074, -1.950132, 0.421541
17.075, -1.950132, 0.421541
17.076, -1.950132, 0.421541
17.077, -1.950132, 0.421541
17.078, -1.950132, 0.421541
17.079, -1.950132, 0.421541
17.08, -1.945916, 0.429226
17.081, -1.945916, 0.429226
17.082, -1.945916, 0.429226
17.083, -1.945916, 0.429226
17.084, -1.945916, 0.429226
17.085, -1.945916, 0.429226
17.086, -1.945916, 0.429226
17.087, -1.945916, 0.429226
17.088, -1.945916, 0.429226
17.089, -1.945916, 0.429226
17.09, -1.941624, 0.436725
17.091, -1.941624, 0.436725
17.092, -1.941624, 0.436725
17.093, -1.941624, 0.436725
17.094, -1.941624, 0.436725
17.095, -1.941624, 0.436725
17.096, -1.941624, 0.436725
17.097, -1.941624, 0.436725
17.098, -1.941624, 0.436725
17.099, -1.941624, 0.436725
17.1, -1.937257, 0.444044
17.101, -1.937257, 0.444044
17.102, -1.937257, 0.444044
17.103, -1.937257, 0.444044
17.104, -1.937257, 0.444044
17.105, -1.937257, 0.444044
17.106, -1.937257, 0.444044
17.107, -1.937257, 0.444044
17.108, -1.937257, 0.444044
17.109, -1.937257, 0.444044
17.11, -1.932816, 0.451192
17.111, -1.932816, 0.451192
17.112, -1.932816, 0.451192
17.113, -1.932816, 0.451192
17.114, -1.932816, 0.451192
17.115, -1.932816, 0.451192
17.116, -1.932816, 0.451192
17.117, -1.932816, 0.451192
17.118, -1.932816, 0.451192
17.119, -1.932816, 0.451192
17.12, -1.928304, 0.458177
17.121, -1.928304, 0.458177
17.122, -1.928304, 0.458177
17.123, -1.928304, 0.458177
17.124, -1.928304, 0.458177
17.125, -1.928304, 0.458177
17.126, -1.928304, 0.458177
17.127, -1.928304, 0.458177
17.128, -1.928304, 0.458177
17.129, -1.928304, 0.458177
17.13, -1.923723, 0.465005
17.131, -1.923723, 0.465005
17.132, -1.923723, 0.465005
17.133, -1.923723, 0.465005
17.134, -1.923723, 0.465005
17.135, -1.923723, 0.465005
17.136, -1.923723, 0.465005
17.137, -1.923723, 0.465005
17.138, -1.923723, 0.465005
17.139, -1.923723, 0.465005
17.14, -1.919073, 0.471684
17.141, -1.919073, 0.471684
17.142, -1.919073, 0.471684
17.143, -1.919073, 0.471684
17.144, -1.919073, 0.471684
17.145, -1.919073, 0.471684
17.146, -1.919073, 0.471684
17.147, -1.919073, 0.471684
17.148, -1.919073, 0.471684
17.149, -1.919073, 0.471684
17.15, -1.914356, 0.478220
17.151, -1.914356, 0.478220
17.152, -1.914356, 0.478220
17.153, -1.914356, 0.478220
17.154, -1.914356, 0.478220
17.155, -1.914356, 0.478220
17.156, -1.914356, 0.478220
17.157, -1.914356, 0.478220
17.158, -1.914356, 0.478220
17.159, -1.914356, 0.478220
17.16, -1.909574, 0.484620
17.161, -1.909574, 0.484620
17.162, -1.909574, 0.484620
17.163, -1.909574, 0.484620
17.164, -1.909574, 0.484620
17.165, -1.909574, 0.484620
17.166, -1.909574, 0.484620
17.167, -1.909574, 0.484620
17.168, -1.909574, 0.484620
17.169, -1.909574, 0.484620
17.17, -1.904727, 0.490890
17.171, -1.904727, 0.490890
17.172, -1.904727, 0.490890
17.173, -1.904727, 0.490890
17.174, -1.904727, 0.490890
17.175, -1.904727, 0.490890
17.176, -1.904727, 0.490890
17.177, -1.904727, 0.490890
17.178, -1.904727, 0.490890
17.179, -1.904727, 0.490890
17.18, -1.899818, 0.497037
17.181, -1.899818, 0.497037
17.182, -1.899818, 0.497037
17.183, -1.899818, 0.497037
17.184, -1.899818, 0.497037
17.185, -1.899818, 0.497037
17.186, -1.899818, 0.497037
17.187, -1.899818, 0.497037
17.188, -1.899818, 0.497037
17.189, -1.899818, 0.497037
17.19, -1.894848, 0.503066
17.191, -1.894848, 0.503066
17.192, -1.894848, 0.503066
17.193, -1.894848, 0.503066
17.194, -1.894848, 0.503066
17.195, -1.894848, 0.503066
17.196, -1.894848, 0.503066
17.197, -1.894848, 0.503066
17.198, -1.894848, 0.503066
17.199, -1.894848, 0.503066
17.2, -1.889817, 0.508983
17.201, -1.889817, 0.508983
17.202, -1.889817, 0.508983
17.203, -1.889817, 0.508983
17.204, -1.889817, 0.508983
17.205, -1.889817, 0.508983
17.206, -1.889817, 0.508983
17.207, -1.889817, 0.508983
17.208, -1.889817, 0.508983
17.209, -1.889817, 0.508983
17.21, -1.884728, 0.514793
17.211, -1.884728, 0.514793
17.212, -1.884728, 0.514793
17.213, -1.884728, 0.514793
17.214, -1.884728, 0.514793
17.215, -1.884728, 0.514793
17.216, -1.884728, 0.514793
17.217, -1.884728, 0.514793
17.218, -1.884728, 0.514793
17.219, -1.884728, 0.514793
17.22, -1.879580, 0.520502
17.221, -1.879580, 0.520502
17.222, -1.879580, 0.520502
17.223, -1.879580, 0.520502
17.224, -1.879580, 0.520502
17.225, -1.879580, 0.520502
17.226, -1.879580, 0.520502
17.227, -1.879580, 0.520502
17.228, -1.879580, 0.520502
17.229, -1.879580, 0.520502
17.23, -1.874375, 0.526114
17.231, -1.874375, 0.526114
17.232, -1.874375, 0.526114
17.233, -1.874375, 0.526114
17.234, -1.874375, 0.526114
17.235, -1.874375, 0.526114
17.236, -1.874375, 0.526114
17.237, -1.874375, 0.526114
17.238, -1.874375, 0.526114
17.239, -1.874375, 0.526114
17.24, -1.869114, 0.531635
17.241, -1.869114, 0.531635
17.242, -1.869114, 0.531635
17.243, -1.869114, 0.531635
17.244, -1.869114, 0.531635
17.245, -1.869114, 0.531635
17.246, -1.869114, 0.531635
17.247, -1.869114, 0.531635
17.248, -1.869114, 0.531635
17.249, -1.869114, 0.531635
17.25, -1.863797, 0.537070
17.251, -1.863797, 0.537070
17.252, -1.863797, 0.537070
17.253, -1.863797, 0.537070
17.254, -1.863797, 0.537070
17.255, -1.863797, 0.537070
17.256, -1.863797, 0.537070
17.257, -1.863797, 0.537070
17.258, -1.863797, 0.537070
17.259, -1.863797, 0.537070
17.26, -1.858426, 0.542422
17.261, -1.858426, 0.542422
17.262, -1.858426, 0.542422
17.263, -1.858426, 0.542422
17.264, -1.858426, 0.542422
17.265, -1.858426, 0.542422
17.266, -1.858426, 0.542422
17.267, -1.858426, 0.542422
17.268, -1.858426, 0.542422
17.269, -1.858426, 0.542422
17.27, -1.853002, 0.547696
17.271, -1.853002, 0.547696
17.272, -1.853002, 0.547696
17.273, -1.853002, 0.547696
17.274, -1.853002, 0.547696
17.275, -1.853002, 0.547696
17.276, -1.853002, 0.547696
17.277, -1.853002, 0.547696
17.278, -1.853002, 0.547696
17.279, -1.853002, 0.547696
17.28, -1.847525, 0.552898
17.281, -1.847525, 0.552898
17.282, -1.847525, 0.552898
17.283, -1.847525, 0.552898
17.284, -1.847525, 0.552898
17.285, -1.847525, 0.552898
17.286, -1.847525, 0.552898
17.287, -1.847525, 0.552898
17.288, -1.847525, 0.552898
17.289, -1.847525, 0.552898
17.29, -1.841996, 0.558030
17.291, -1.841996, 0.558030
17.292, -1.841996, 0.558030
17.293, -1.841996, 0.558030
17.294, -1.841996, 0.558030
17.295, -1.841996, 0.558030
17.296, -1.841996, 0.558030
17.297, -1.841996, 0.558030
17.298, -1.841996, 0.558030
17.299, -1.841996, 0.558030
17.3, -1.836416, 0.563096
17.301, -1.836416, 0.563096
17.302, -1.836416, 0.563096
17.303, -1.836416, 0.563096
17.304, -1.836416, 0.563096
17.305, -1.836416, 0.563096
17.306, -1.836416, 0.563096
17.307, -1.836416, 0.563096
17.308, -1.836416, 0.563096
17.309, -1.836416, 0.563096
17.31, -1.830785, 0.568101
17.311, -1.830785, 0.568101
17.312, -1.830785, 0.568101
17.313, -1.830785, 0.568101
17.314, -1.830785, 0.568101
17.315, -1.830785, 0.568101
17.316, -1.830785, 0.568101
17.317, -1.830785, 0.568101
17.318, -1.830785, 0.568101
17.319, -1.830785, 0.568101
17.32, -1.825104, 0.573049
17.321, -1.825104, 0.573049
17.322, -1.825104, 0.573049
17.323, -1.825104, 0.573049
17.324, -1.825104, 0.573049
17.325, -1.825104, 0.573049
17.326, -1.825104, 0.573049
17.327, -1.825104, 0.573049
17.328, -1.825104, 0.573049
17.329, -1.825104, 0.573049
17.33, -1.819374, 0.577942
17.331, -1.819374, 0.577942
17.332, -1.819374, 0.577942
17.333, -1.819374, 0.577942
17.334, -1.819374, 0.577942
17.335, -1.819374, 0.577942
17.336, -1.819374, 0.577942
17.337, -1.819374, 0.577942
17.338, -1.819374, 0.577942
17.339, -1.819374, 0.577942
17.34, -1.813594, 0.582784
17.341, -1.813594, 0.582784
17.342, -1.813594, 0.582784
17.343, -1.813594, 0.582784
17.344, -1.813594, 0.582784
17.345, -1.813594, 0.582784
17.346, -1.813594, 0.582784
17.347, -1.813594, 0.582784
17.348, -1.813594, 0.582784
17.349, -1.813594, 0.582784
17.35, -1.807766, 0.587580
17.351, -1.807766, 0.587580
17.352, -1.807766, 0.587580
17.353, -1.807766, 0.587580
17.354, -1.807766, 0.587580
17.355, -1.807766, 0.587580
17.356, -1.807766, 0.587580
17.357, -1.807766, 0.587580
17.358, -1.807766, 0.587580
17.359, -1.807766, 0.587580
17.36, -1.801890, 0.592331
17.361, -1.801890, 0.592331
17.362, -1.801890, 0.592331
17.363, -1.801890, 0.592331
17.364, -1.801890, 0.592331
17.365, -1.801890, 0.592331
17.366, -1.801890, 0.592331
17.367, -1.801890, 0.592331
17.368, -1.801890, 0.592331
17.369, -1.801890, 0.592331
17.37, -1.795967, 0.597041
17.371, -1.795967, 0.597041
17.372, -1.795967, 0.597041
17.373, -1.795967, 0.597041
17.374, -1.795967, 0.597041
17.375, -1.795967, 0.597041
17.376, -1.795967, 0.597041
17.377, -1.795967, 0.597041
17.378, -1.795967, 0.597041
17.379, -1.795967, 0.597041
17.38, -1.789997, 0.601714
17.381, -1.789997, 0.601714
17.382, -1.789997, 0.601714
17.383, -1.789997, 0.601714
17.384, -1.789997, 0.601714
17.385, -1.789997, 0.601714
17.386, -1.789997, 0.601714
17.387, -1.789997, 0.601714
17.388, -1.789997, 0.601714
17.389, -1.789997, 0.601714
17.39, -1.783980, 0.606352
17.391, -1.783980, 0.606352
17.392, -1.783980, 0.606352
17.393, -1.783980, 0.606352
17.394, -1.783980, 0.606352
17.395, -1.783980, 0.606352
17.396, -1.783980, 0.606352
17.397, -1.783980, 0.606352
17.398, -1.783980, 0.606352
17.399, -1.783980, 0.606352
17.4, -1.777916, 0.610957
17.401, -1.777916, 0.610957
17.402, -1.777916, 0.610957
17.403, -1.777916, 0.610957
17.404, -1.777916, 0.610957
17.405, -1.777916, 0.610957
17.406, -1.777916, 0.610957
17.407, -1.777916, 0.610957
17.408, -1.777916, 0.610957
17.409, -1.777916, 0.610957
17.41, -1.771807, 0.615534
17.411, -1.771807, 0.615534
17.412, -1.771807, 0.615534
17.413, -1.771807, 0.615534
17.414, -1.771807, 0.615534
17.415, -1.771807, 0.615534
17.416, -1.771807, 0.615534
17.417, -1.771807, 0.615534
17.418, -1.771807, 0.615534
17.419, -1.771807, 0.615534
17.42, -1.765651, 0.620084
17.421, -1.765651, 0.620084
17.422, -1.765651, 0.620084
17.423, -1.765651, 0.620084
17.424, -1.765651, 0.620084
17.425, -1.765651, 0.620084
17.426, -1.765651, 0.620084
17.427, -1.765651, 0.620084
17.428, -1.765651, 0.620084
17.429, -1.765651, 0.620084
17.43, -1.759450, 0.624610
17.431, -1.759450, 0.624610
17.432, -1.759450, 0.624610
17.433, -1.759450, 0.624610
17.434, -1.759450, 0.624610
17.435, -1.759450, 0.624610
17.436, -1.759450, 0.624610
17.437, -1.759450, 0.624610
17.438, -1.759450, 0.624610
17.439, -1.759450, 0.624610
17.44, -1.753204, 0.629114
17.441, -1.753204, 0.629114
17.442, -1.753204, 0.629114
17.443, -1.753204, 0.629114
17.444, -1.753204, 0.629114
17.445, -1.753204, 0.629114
17.446, -1.753204, 0.629114
17.447, -1.753204, 0.629114
17.448, -1.753204, 0.629114
17.449, -1.753204, 0.629114
17.45, -1.746913, 0.633600
17.451, -1.746913, 0.633600
17.452, -1.746913, 0.633600
17.453, -1.746913, 0.633600
17.454, -1.746913, 0.633600
17.455, -1.746913, 0.633600
17.456, -1.746913, 0.633600
17.457, -1.746913, 0.633600
17.458, -1.746913, 0.633600
17.459, -1.746913, 0.633600
17.46, -1.740577, 0.638070
17.461, -1.740577, 0.638070
17.462, -1.740577, 0.638070
17.463, -1.740577, 0.638070
17.464, -1.740577, 0.638070
17.465, -1.740577, 0.638070
17.466, -1.740577, 0.638070
17.467, -1.740577, 0.638070
17.468, -1.740577, 0.638070
17.469, -1.740577, 0.638070
17.47, -1.734196, 0.642525
17.471, -1.734196, 0.642525
17.472, -1.734196, 0.642525
17.473, -1.734196, 0.642525
17.474, -1.734196, 0.642525
17.475, -1.734196, 0.642525
17.476, -1.734196, 0.642525
17.477, -1.734196, 0.642525
17.478, -1.734196, 0.642525
17.479, -1.734196, 0.642525
17.48, -1.727771, 0.646969
17.481, -1.727771, 0.646969
17.482, -1.727771, 0.646969
17.483, -1.727771, 0.646969
17.484, -1.727771, 0.646969
17.485, -1.727771, 0.646969
17.486, -1.727771, 0.646969
17.487, -1.727771, 0.646969
17.488, -1.727771, 0.646969
17.489, -1.727771, 0.646969
17.49, -1.721301, 0.651403
17.491, -1.721301, 0.651403
17.492, -1.721301, 0.651403
17.493, -1.721301, 0.651403
17.494, -1.721301, 0.651403
17.495, -1.721301, 0.651403
17.496, -1.721301, 0.651403
17.497, -1.721301, 0.651403
17.498, -1.721301, 0.651403
17.499, -1.721301, 0.651403
17.5, -1.714787, 0.655830
17.501, -1.714787, 0.655830
17.502, -1.714787, 0.655830
17.503, -1.714787, 0.655830
17.504, -1.714787, 0.655830
17.505, -1.714787, 0.655830
17.506, -1.714787, 0.655830
17.507, -1.714787, 0.655830
17.508, -1.714787, 0.655830
17.509, -1.714787, 0.655830
17.51, -1.708229, 0.660251
17.511, -1.708229, 0.660251
17.512, -1.708229, 0.660251
17.513, -1.708229, 0.660251
17.514, -1.708229, 0.660251
17.515, -1.708229, 0.660251
17.516, -1.708229, 0.660251
17.517, -1.708229, 0.660251
17.518, -1.708229, 0.660251
17.519, -1.708229, 0.660251
17.52, -1.701627, 0.664670
17.521, -1.701627, 0.664670
17.522, -1.701627, 0.664670
17.523, -1.701627, 0.664670
17.524, -1.701627, 0.664670
17.525, -1.701627, 0.664670
17.526, -1.701627, 0.664670
17.527, -1.701627, 0.664670
17.528, -1.701627, 0.664670
17.529, -1.701627, 0.664670
17.53, -1.694980, 0.669087
17.531, -1.694980, 0.669087
17.532, -1.694980, 0.669087
17.533, -1.694980, 0.669087
17.534, -1.694980, 0.669087
17.535, -1.694980, 0.669087
17.536, -1.694980, 0.669087
17.537, -1.694980, 0.669087
17.538, -1.694980, 0.669087
17.539, -1.694980, 0.669087
17.54, -1.688289, 0.673505
17.541, -1.688289, 0.673505
17.542, -1.688289, 0.673505
17.543, -1.688289, 0.673505
17.544, -1.688289, 0.673505
17.545, -1.688289, 0.673505
17.546, -1.688289, 0.673505
17.547, -1.688289, 0.673505
17.548, -1.688289, 0.673505
17.549, -1.688289, 0.673505
17.55, -1.681554, 0.677926
17.551, -1.681554, 0.677926
17.552, -1.681554, 0.677926
17.553, -1.681554, 0.677926
17.554, -1.681554, 0.677926
17.555, -1.681554, 0.677926
17.556, -1.681554, 0.677926
17.557, -1.681554, 0.677926
17.558, -1.681554, 0.677926
17.559, -1.681554, 0.677926
17.56, -1.674775, 0.682352
17.561, -1.674775, 0.682352
17.562, -1.674775, 0.682352
17.563, -1.674775, 0.682352
17.564, -1.674775, 0.682352
17.565, -1.674775, 0.682352
17.566, -1.674775, 0.682352
17.567, -1.674775, 0.682352
17.568, -1.674775, 0.682352
17.569, -1.674775, 0.682352
17.57, -1.667951, 0.686784
17.571, -1.667951, 0.686784
17.572, -1.667951, 0.686784
17.573, -1.667951, 0.686784
17.574, -1.667951, 0.686784
17.575, -1.667951, 0.686784
17.576, -1.667951, 0.686784
17.577, -1.667951, 0.686784
17.578, -1.667951, 0.686784
17.579, -1.667951, 0.686784
17.58, -1.661083, 0.691224
17.581, -1.661083, 0.691224
17.582, -1.661083, 0.691224
17.583, -1.661083, 0.691224
17.584, -1.661083, 0.691224
17.585, -1.661083, 0.691224
17.586, -1.661083, 0.691224
17.587, -1.661083, 0.691224
17.588, -1.661083, 0.691224
17.589, -1.661083, 0.691224
17.59, -1.654171, 0.695675
17.591, -1.654171, 0.695675
17.592, -1.654171, 0.695675
17.593, -1.654171, 0.695675
17.594, -1.654171, 0.695675
17.595, -1.654171, 0.695675
17.596, -1.654171, 0.695675
17.597, -1.654171, 0.695675
17.598, -1.654171, 0.695675
17.599, -1.654171, 0.695675
17.6, -1.647214, 0.700138
17.601, -1.647214, 0.700138
17.602, -1.647214, 0.700138
17.603, -1.647214, 0.700138
17.604, -1.647214, 0.700138
17.605, -1.647214, 0.700138
17.606, -1.647214, 0.700138
17.607, -1.647214, 0.700138
17.608, -1.647214, 0.700138
17.609, -1.647214, 0.700138
17.61, -1.640213, 0.704615
17.611, -1.640213, 0.704615
17.612, -1.640213, 0.704615
17.613, -1.640213, 0.704615
17.614, -1.640213, 0.704615
17.615, -1.640213, 0.704615
17.616, -1.640213, 0.704615
17.617, -1.640213, 0.704615
17.618, -1.640213, 0.704615
17.619, -1.640213, 0.704615
17.62, -1.633167, 0.709107
17.621, -1.633167, 0.709107
17.622, -1.633167, 0.709107
17.623, -1.633167, 0.709107
17.624, -1.633167, 0.709107
17.625, -1.633167, 0.709107
17.626, -1.633167, 0.709107
17.627, -1.633167, 0.709107
17.628, -1.633167, 0.709107
17.629, -1.633167, 0.709107
17.63, -1.626076, 0.713616
17.631, -1.626076, 0.713616
17.632, -1.626076, 0.713616
17.633, -1.626076, 0.713616
17.634, -1.626076, 0.713616
17.635, -1.626076, 0.713616
17.636, -1.626076, 0.713616
17.637, -1.626076, 0.713616
17.638, -1.626076, 0.713616
17.639, -1.626076, 0.713616
17.64, -1.618940, 0.718144
17.641, -1.618940, 0.718144
17.642, -1.618940, 0.718144
17.643, -1.618940, 0.718144
17.644, -1.618940, 0.718144
17.645, -1.618940, 0.718144
17.646, -1.618940, 0.718144
17.647, -1.618940, 0.718144
17.648, -1.618940, 0.718144
17.649, -1.618940, 0.718144
17.65, -1.611758, 0.722692
17.651, -1.611758, 0.722692
17.652, -1.611758, 0.722692
17.653, -1.611758, 0.722692
17.654, -1.611758, 0.722692
17.655, -1.611758, 0.722692
17.656, -1.611758, 0.722692
17.657, -1.611758, 0.722692
17.658, -1.611758, 0.722692
17.659, -1.611758, 0.722692
17.66, -1.604531, 0.727263
17.661, -1.604531, 0.727263
17.662, -1.604531, 0.727263
17.663, -1.604531, 0.727263
17.664, -1.604531, 0.727263
17.665, -1.604531, 0.727263
17.666, -1.604531, 0.727263
17.667, -1.604531, 0.727263
17.668, -1.604531, 0.727263
17.669, -1.604531, 0.727263
17.67, -1.597259, 0.731858
17.671, -1.597259, 0.731858
17.672, -1.597259, 0.731858
17.673, -1.597259, 0.731858
17.674, -1.597259, 0.731858
17.675, -1.597259, 0.731858
17.676, -1.597259, 0.731858
17.677, -1.597259, 0.731858
17.678, -1.597259, 0.731858
17.679, -1.597259, 0.731858
17.68, -1.589940, 0.736477
17.681, -1.589940, 0.736477
17.682, -1.589940, 0.736477
17.683, -1.589940, 0.736477
17.684, -1.589940, 0.736477
17.685, -1.589940, 0.736477
17.686, -1.589940, 0.736477
17.687, -1.589940, 0.736477
17.688, -1.589940, 0.736477
17.689, -1.589940, 0.736477
17.69, -1.582575, 0.741124
17.691, -1.582575, 0.741124
17.692, -1.582575, 0.741124
17.693, -1.582575, 0.741124
17.694, -1.582575, 0.741124
17.695, -1.582575, 0.741124
17.696, -1.582575, 0.741124
17.697, -1.582575, 0.741124
17.698, -1.582575, 0.741124
17.699, -1.582575, 0.741124
17.7, -1.575164, 0.745799
17.701, -1.575164, 0.745799
17.702, -1.575164, 0.745799
17.703, -1.575164, 0.745799
17.704, -1.575164, 0.745799
17.705, -1.575164, 0.745799
17.706, -1.575164, 0.745799
17.707, -1.575164, 0.745799
17.708, -1.575164, 0.745799
17.709, -1.575164, 0.745799
17.71, -1.567706, 0.750504
17.711, -1.567706, 0.750504
17.712, -1.567706, 0.750504
17.713, -1.567706, 0.750504
17.714, -1.567706, 0.750504
17.715, -1.567706, 0.750504
17.716, -1.567706, 0.750504
17.717, -1.567706, 0.750504
17.718, -1.567706, 0.750504
17.719, -1.567706, 0.750504
17.72, -1.560201, 0.755241
17.721, -1.560201, 0.755241
17.722, -1.560201, 0.755241
17.723, -1.560201, 0.755241
17.724, -1.560201, 0.755241
17.725, -1.560201, 0.755241
17.726, -1.560201, 0.755241
17.727, -1.560201, 0.755241
17.728, -1.560201, 0.755241
17.729, -1.560201, 0.755241
17.73, -1.552649, 0.760012
17.731, -1.552649, 0.760012
17.732, -1.552649, 0.760012
17.733, -1.552649, 0.760012
17.734, -1.552649, 0.760012
17.735, -1.552649, 0.760012
17.736, -1.552649, 0.760012
17.737, -1.552649, 0.760012
17.738, -1.552649, 0.760012
17.739, -1.552649, 0.760012
17.74, -1.545049, 0.764816
17.741, -1.545049, 0.764816
17.742, -1.545049, 0.764816
17.743, -1.545049, 0.764816
17.744, -1.545049, 0.764816
17.745, -1.545049, 0.764816
17.746, -1.545049, 0.764816
17.747, -1.545049, 0.764816
17.748, -1.545049, 0.764816
17.749, -1.545049, 0.764816
17.75, -1.537400, 0.769658
17.751, -1.537400, 0.769658
17.752, -1.537400, 0.769658
17.753, -1.537400, 0.769658
17.754, -1.537400, 0.769658
17.755, -1.537400, 0.769658
17.756, -1.537400, 0.769658
17.757, -1.537400, 0.769658
17.758, -1.537400, 0.769658
17.759, -1.537400, 0.769658
17.76, -1.529704, 0.774537
17.761, -1.529704, 0.774537
17.762, -1.529704, 0.774537
17.763, -1.529704, 0.774537
17.764, -1.529704, 0.774537
17.765, -1.529704, 0.774537
17.766, -1.529704, 0.774537
17.767, -1.529704, 0.774537
17.768, -1.529704, 0.774537
17.769, -1.529704, 0.774537
17.77, -1.521958, 0.779455
17.771, -1.521958, 0.779455
17.772, -1.521958, 0.779455
17.773, -1.521958, 0.779455
17.774, -1.521958, 0.779455
17.775, -1.521958, 0.779455
17.776, -1.521958, 0.779455
17.777, -1.521958, 0.779455
17.778, -1.521958, 0.779455
17.779, -1.521958, 0.779455
17.78, -1.514164, 0.784414
17.781, -1.514164, 0.784414
17.782, -1.514164, 0.784414
17.783, -1.514164, 0.784414
17.784, -1.514164, 0.784414
17.785, -1.514164, 0.784414
17.786, -1.514164, 0.784414
17.787, -1.514164, 0.784414
17.788, -1.514164, 0.784414
17.789, -1.514164, 0.784414
17.79, -1.506320, 0.789416
17.791, -1.506320, 0.789416
17.792, -1.506320, 0.789416
17.793, -1.506320, 0.789416
17.794, -1.506320, 0.789416
17.795, -1.506320, 0.789416
17.796, -1.506320, 0.789416
17.797, -1.506320, 0.789416
17.798, -1.506320, 0.789416
17.799, -1.506320, 0.789416
17.8, -1.498426, 0.794461
17.801, -1.498426, 0.794461
17.802, -1.498426, 0.794461
17.803, -1.498426, 0.794461
17.804, -1.498426, 0.794461
17.805, -1.498426, 0.794461
17.806, -1.498426, 0.794461
17.807, -1.498426, 0.794461
17.808, -1.498426, 0.794461
17.809, -1.498426, 0.794461
17.81, -1.490481, 0.799552
17.811, -1.490481, 0.799552
17.812, -1.490481, 0.799552
17.813, -1.490481, 0.799552
17.814, -1.490481, 0.799552
17.815, -1.490481, 0.799552
17.816, -1.490481, 0.799552
17.817, -1.490481, 0.799552
17.818, -1.490481, 0.799552
17.819, -1.490481, 0.799552
17.82, -1.482485, 0.804690
17.821, -1.482485, 0.804690
17.822, -1.482485, 0.804690
17.823, -1.482485, 0.804690
17.824, -1.482485, 0.804690
17.825, -1.482485, 0.804690
17.826, -1.482485, 0.804690
17.827, -1.482485, 0.804690
17.828, -1.482485, 0.804690
17.829, -1.482485, 0.804690
17.83, -1.474439, 0.809877
17.831, -1.474439, 0.809877
17.832, -1.474439, 0.809877
17.833, -1.474439, 0.809877
17.834, -1.474439, 0.809877
17.835, -1.474439, 0.809877
17.836, -1.474439, 0.809877
17.837, -1.474439, 0.809877
17.838, -1.474439, 0.809877
17.839, -1.474439, 0.809877
17.84, -1.466340, 0.815113
17.841, -1.466340, 0.815113
17.842, -1.466340, 0.815113
17.843, -1.466340, 0.815113
17.844, -1.466340, 0.815113
17.845, -1.466340, 0.815113
17.846, -1.466340, 0.815113
17.847, -1.466340, 0.815113
17.848, -1.466340, 0.815113
17.849, -1.466340, 0.815113
17.85, -1.458189, 0.820402
17.851, -1.458189, 0.820402
17.852, -1.458189, 0.820402
17.853, -1.458189, 0.820402
17.854, -1.458189, 0.820402
17.855, -1.458189, 0.820402
17.856, -1.458189, 0.820402
17.857, -1.458189, 0.820402
17.858, -1.458189, 0.820402
17.859, -1.458189, 0.820402
17.86, -1.449985, 0.825743
17.861, -1.449985, 0.825743
17.862, -1.449985, 0.825743
17.863, -1.449985, 0.825743
17.864, -1.449985, 0.825743
17.865, -1.449985, 0.825743
17.866, -1.449985, 0.825743
17.867, -1.449985, 0.825743
17.868, -1.449985, 0.825743
17.869, -1.449985, 0.825743
17.87, -1.441727, 0.831140
17.871, -1.441727, 0.831140
17.872, -1.441727, 0.831140
17.873, -1.441727, 0.831140
17.874, -1.441727, 0.831140
17.875, -1.441727, 0.831140
17.876, -1.441727, 0.831140
17.877, -1.441727, 0.831140
17.878, -1.441727, 0.831140
17.879, -1.441727, 0.831140
17.88, -1.433416, 0.836592
17.881, -1.433416, 0.836592
17.882, -1.433416, 0.836592
17.883, -1.433416, 0.836592
17.884, -1.433416, 0.836592
17.885, -1.433416, 0.836592
17.886, -1.433416, 0.836592
17.887, -1.433416, 0.836592
17.888, -1.433416, 0.836592
17.889, -1.433416, 0.836592
17.89, -1.425050, 0.842103
17.891, -1.425050, 0.842103
17.892, -1.425050, 0.842103
17.893, -1.425050, 0.842103
17.894, -1.425050, 0.842103
17.895, -1.425050, 0.842103
17.896, -1.425050, 0.842103
17.897, -1.425050, 0.842103
17.898, -1.425050, 0.842103
17.899, -1.425050, 0.842103
17.9, -1.416629, 0.847674
17.901, -1.416629, 0.847674
17.902, -1.416629, 0.847674
17.903, -1.416629, 0.847674
17.904, -1.416629, 0.847674
17.905, -1.416629, 0.847674
17.906, -1.416629, 0.847674
17.907, -1.416629, 0.847674
17.908, -1.416629, 0.847674
17.909, -1.416629, 0.847674
17.91, -1.408152, 0.853305
17.911, -1.408152, 0.853305
17.912, -1.408152, 0.853305
17.913, -1.408152, 0.853305
17.914, -1.408152, 0.853305
17.915, -1.408152, 0.853305
17.916, -1.408152, 0.853305
17.917, -1.408152, 0.853305
17.918, -1.408152, 0.853305
17.919, -1.408152, 0.853305
17.92, -1.399619, 0.859000
17.921, -1.399619, 0.859000
17.922, -1.399619, 0.859000
17.923, -1.399619, 0.859000
17.924, -1.399619, 0.859000
17.925, -1.399619, 0.859000
17.926, -1.399619, 0.859000
17.927, -1.399619, 0.859000
17.928, -1.399619, 0.859000
17.929, -1.399619, 0.859000
17.93, -1.391029, 0.864759
17.931, -1.391029, 0.864759
17.932, -1.391029, 0.864759
17.933, -1.391029, 0.864759
17.934, -1.391029, 0.864759
17.935, -1.391029, 0.864759
17.936, -1.391029, 0.864759
17.937, -1.391029, 0.864759
17.938, -1.391029, 0.864759
17.939, -1.391029, 0.864759
17.94, -1.382381, 0.870584
17.941, -1.382381, 0.870584
17.942, -1.382381, 0.870584
17.943, -1.382381, 0.870584
17.944, -1.382381, 0.870584
17.945, -1.382381, 0.870584
17.946, -1.382381, 0.870584
17.947, -1.382381, 0.870584
17.948, -1.382381, 0.870584
17.949, -1.382381, 0.870584
17.95, -1.373676, 0.876477
17.951, -1.373676, 0.876477
17.952, -1.373676, 0.876477
17.953, -1.373676, 0.876477
17.954, -1.373676, 0.876477
17.955, -1.373676, 0.876477
17.956, -1.373676, 0.876477
17.957, -1.373676, 0.876477
17.958, -1.373676, 0.876477
17.959, -1.373676, 0.876477
17.96, -1.364911, 0.882439
17.961, -1.364911, 0.882439
17.962, -1.364911, 0.882439
17.963, -1.364911, 0.882439
17.964, -1.364911, 0.882439
17.965, -1.364911, 0.882439
17.966, -1.364911, 0.882439
17.967, -1.364911, 0.882439
17.968, -1.364911, 0.882439
17.969, -1.364911, 0.882439
17.97, -1.356086, 0.888473
17.971, -1.356086, 0.888473
17.972, -1.356086, 0.888473
17.973, -1.356086, 0.888473
17.974, -1.356086, 0.888473
17.975, -1.356086, 0.888473
17.976, -1.356086, 0.888473
17.977, -1.356086, 0.888473
17.978, -1.356086, 0.888473
17.979, -1.356086, 0.888473
17.98, -1.347202, 0.894580
17.981, -1.347202, 0.894580
17.982, -1.347202, 0.894580
17.983, -1.347202, 0.894580
17.984, -1.347202, 0.894580
17.985, -1.347202, 0.894580
17.986, -1.347202, 0.894580
17.987, -1.347202, 0.894580
17.988, -1.347202, 0.894580
17.989, -1.347202, 0.894580
17.99, -1.338256, 0.900762
17.991, -1.338256, 0.900762
17.992, -1.338256, 0.900762
17.993, -1.338256, 0.900762
17.994, -1.338256, 0.900762
17.995, -1.338256, 0.900762
17.996, -1.338256, 0.900762
17.997, -1.338256, 0.900762
17.998, -1.338256, 0.900762
17.999, -1.338256, 0.900762
18, -1.329248, 0.907020
18.001, -1.329248, 0.907020
18.002, -1.329248, 0.907020
18.003, -1.329248, 0.907020
18.004, -1.329248, 0.907020
18.005, -1.329248, 0.907020
18.006, -1.329248, 0.907020
18.007, -1.329248, 0.907020
18.008, -1.329248, 0.907020
18.009, -1.329248, 0.907020
18.01, -1.320178, 0.913356
18.011, -1.320178, 0.913356
18.012, -1.320178, 0.913356
18.013, -1.320178, 0.913356
18.014, -1.320178, 0.913356
18.015, -1.320178, 0.913356
18.016, -1.320178, 0.913356
18.017, -1.320178, 0.913356
18.018, -1.320178, 0.913356
18.019, -1.320178, 0.913356
18.02, -1.311045, 0.919773
18.021, -1.311045, 0.919773
18.022, -1.311045, 0.919773
18.023, -1.311045, 0.919773
18.024, -1.311045, 0.919773
18.025, -1.311045, 0.919773
18.026, -1.311045, 0.919773
18.027, -1.311045, 0.919773
18.028, -1.311045, 0.919773
18.029, -1.311045, 0.919773
18.03, -1.301847, 0.926272
18.031, -1.301847, 0.926272
18.032, -1.301847, 0.926272
18.033, -1.301847, 0.926272
18.034, -1.301847, 0.926272
18.035, -1.301847, 0.926272
18.036, -1.301847, 0.926272
18.037, -1.301847, 0.926272
18.038, -1.301847, 0.926272
18.039, -1.301847, 0.926272
18.04, -1.292584, 0.932854
18.041, -1.292584, 0.932854
18.042, -1.292584, 0.932854
18.043, -1.292584, 0.932854
18.044, -1.292584, 0.932854
18.045, -1.292584, 0.932854
18.046, -1.292584, 0.932854
18.047, -1.292584, 0.932854
18.048, -1.292584, 0.932854
18.049, -1.292584, 0.932854
18.05, -1.283256, 0.939523
18.051, -1.283256, 0.939523
18.052, -1.283256, 0.939523
18.053, -1.283256, 0.939523
18.054, -1.283256, 0.939523
18.055, -1.283256, 0.939523
18.056, -1.283256, 0.939523
18.057, -1.283256, 0.939523
18.058, -1.283256, 0.939523
18.059, -1.283256, 0.939523
18.06, -1.273860, 0.946279
18.061, -1.273860, 0.946279
18.062, -1.273860, 0.946279
18.063, -1.273860, 0.946279
18.064, -1.273860, 0.946279
18.065, -1.273860, 0.946279
18.066, -1.273860, 0.946279
18.067, -1.273860, 0.946279
18.068, -1.273860, 0.946279
18.069, -1.273860, 0.946279
18.07, -1.264398, 0.953125
18.071, -1.264398, 0.953125
18.072, -1.264398, 0.953125
18.073, -1.264398, 0.953125
18.074, -1.264398, 0.953125
18.075, -1.264398, 0.953125
18.076, -1.264398, 0.953125
18.077, -1.264398, 0.953125
18.078, -1.264398, 0.953125
18.079, -1.264398, 0.953125
18.08, -1.254866, 0.960063
18.081, -1.254866, 0.960063
18.082, -1.254866, 0.960063
18.083, -1.254866, 0.960063
18.084, -1.254866, 0.960063
18.085, -1.254866, 0.960063
18.086, -1.254866, 0.960063
18.087, -1.254866, 0.960063
18.088, -1.254866, 0.960063
18.089, -1.254866, 0.960063
18.09, -1.245266, 0.967094
18.091, -1.245266, 0.967094
18.092, -1.245266, 0.967094
18.093, -1.245266, 0.967094
18.094, -1.245266, 0.967094
18.095, -1.245266, 0.967094
18.096, -1.245266, 0.967094
18.097, -1.245266, 0.967094
18.098, -1.245266, 0.967094
18.099, -1.245266, 0.967094
18.1, -1.235595, 0.974221
18.101, -1.235595, 0.974221
18.102, -1.235595, 0.974221
18.103, -1.235595, 0.974221
18.104, -1.235595, 0.974221
18.105, -1.235595, 0.974221
18.106, -1.235595, 0.974221
18.107, -1.235595, 0.974221
18.108, -1.235595, 0.974221
18.109, -1.235595, 0.974221
18.11, -1.225852, 0.981446
18.111, -1.225852, 0.981446
18.112, -1.225852, 0.981446
18.113, -1.225852, 0.981446
18.114, -1.225852, 0.981446
18.115, -1.225852, 0.981446
18.116, -1.225852, 0.981446
18.117, -1.225852, 0.981446
18.118, -1.225852, 0.981446
18.119, -1.225852, 0.981446
18.12, -1.216038, 0.988770
18.121, -1.216038, 0.988770
18.122, -1.216038, 0.988770
18.123, -1.216038, 0.988770
18.124, -1.216038, 0.988770
18.125, -1.216038, 0.988770
18.126, -1.216038, 0.988770
18.127, -1.216038, 0.988770
18.128, -1.216038, 0.988770
18.129, -1.216038, 0.988770
18.13, -1.206150, 0.996197
18.131, -1.206150, 0.996197
18.132, -1.206150, 0.996197
18.133, -1.206150, 0.996197
18.134, -1.206150, 0.996197
18.135, -1.206150, 0.996197
18.136, -1.206150, 0.996197
18.137, -1.206150, 0.996197
18.138, -1.206150, 0.996197
18.139, -1.206150, 0.996197
18.14, -1.196188, 1.003728
18.141, -1.196188, 1.003728
18.142, -1.196188, 1.003728
18.143, -1.196188, 1.003728
18.144, -1.196188, 1.003728
18.145, -1.196188, 1.003728
18.146, -1.196188, 1.003728
18.147, -1.196188, 1.003728
18.148, -1.196188, 1.003728
18.149, -1.196188, 1.003728
18.15, -1.186151, 1.011365
18.151, -1.186151, 1.011365
18.152, -1.186151, 1.011365
18.153, -1.186151, 1.011365
18.154, -1.186151, 1.011365
18.155, -1.186151, 1.011365
18.156, -1.186151, 1.011365
18.157, -1.186151, 1.011365
18.158, -1.186151, 1.011365
18.159, -1.186151, 1.011365
18.16, -1.176037, 1.019111
18.161, -1.176037, 1.019111
18.162, -1.176037, 1.019111
18.163, -1.176037, 1.019111
18.164, -1.176037, 1.019111
18.165, -1.176037, 1.019111
18.166, -1.176037, 1.019111
18.167, -1.176037, 1.019111
18.168, -1.176037, 1.019111
18.169, -1.176037, 1.019111
18.17, -1.165846, 1.026967
18.171, -1.165846, 1.026967
18.172, -1.165846, 1.026967
18.173, -1.165846, 1.026967
18.174, -1.165846, 1.026967
18.175, -1.165846, 1.026967
18.176, -1.165846, 1.026967
18.177, -1.165846, 1.026967
18.178, -1.165846, 1.026967
18.179, -1.165846, 1.026967
18.18, -1.155577, 1.034937
18.181, -1.155577, 1.034937
18.182, -1.155577, 1.034937
18.183, -1.155577, 1.034937
18.184, -1.155577, 1.034937
18.185, -1.155577, 1.034937
18.186, -1.155577, 1.034937
18.187, -1.155577, 1.034937
18.188, -1.155577, 1.034937
18.189, -1.155577, 1.034937
18.19, -1.145227, 1.043022
18.191, -1.145227, 1.043022
18.192, -1.145227, 1.043022
18.193, -1.145227, 1.043022
18.194, -1.145227, 1.043022
18.195, -1.145227, 1.043022
18.196, -1.145227, 1.043022
18.197, -1.145227, 1.043022
18.198, -1.145227, 1.043022
18.199, -1.145227, 1.043022
18.2, -1.134797, 1.051225
18.201, -1.134797, 1.051225
18.202, -1.134797, 1.051225
18.203, -1.134797, 1.051225
18.204, -1.134797, 1.051225
18.205, -1.134797, 1.051225
18.206, -1.134797, 1.051225
18.207, -1.134797, 1.051225
18.208, -1.134797, 1.051225
18.209, -1.134797, 1.051225
18.21, -1.124285, 1.059548
18.211, -1.124285, 1.059548
18.212, -1.124285, 1.059548
18.213, -1.124285, 1.059548
18.214, -1.124285, 1.059548
18.215, -1.124285, 1.059548
18.216, -1.124285, 1.059548
18.217, -1.124285, 1.059548
18.218, -1.124285, 1.059548
18.219, -1.124285, 1.059548
18.22, -1.113689, 1.067993
18.221, -1.113689, 1.067993
18.222, -1.113689, 1.067993
18.223, -1.113689, 1.067993
18.224, -1.113689, 1.067993
18.225, -1.113689, 1.067993
18.226, -1.113689, 1.067993
18.227, -1.113689, 1.067993
18.228, -1.113689, 1.067993
18.229, -1.113689, 1.067993
18.23, -1.103009, 1.076564
18.231, -1.103009, 1.076564
18.232, -1.103009, 1.076564
18.233, -1.103009, 1.076564
18.234, -1.103009, 1.076564
18.235, -1.103009, 1.076564
18.236, -1.103009, 1.076564
18.237, -1.103009, 1.076564
18.238, -1.103009, 1.076564
18.239, -1.103009, 1.076564
18.24, -1.092244, 1.085262
18.241, -1.092244, 1.085262
18.242, -1.092244, 1.085262
18.243, -1.092244, 1.085262
18.244, -1.092244, 1.085262
18.245, -1.092244, 1.085262
18.246, -1.092244, 1.085262
18.247, -1.092244, 1.085262
18.248, -1.092244, 1.085262
18.249, -1.092244, 1.085262
18.25, -1.081391, 1.094089
18.251, -1.081391, 1.094089
18.252, -1.081391, 1.094089
18.253, -1.081391, 1.094089
18.254, -1.081391, 1.094089
18.255, -1.081391, 1.094089
18.256, -1.081391, 1.094089
18.257, -1.081391, 1.094089
18.258, -1.081391, 1.094089
18.259, -1.081391, 1.094089
18.26, -1.070450, 1.103050
18.261, -1.070450, 1.103050
18.262, -1.070450, 1.103050
18.263, -1.070450, 1.103050
18.264, -1.070450, 1.103050
18.265, -1.070450, 1.103050
18.266, -1.070450, 1.103050
18.267, -1.070450, 1.103050
18.268, -1.070450, 1.103050
18.269, -1.070450, 1.103050
18.27, -1.059420, 1.112145
18.271, -1.059420, 1.112145
18.272, -1.059420, 1.112145
18.273, -1.059420, 1.112145
18.274, -1.059420, 1.112145
18.275, -1.059420, 1.112145
18.276, -1.059420, 1.112145
18.277, -1.059420, 1.112145
18.278, -1.059420, 1.112145
18.279, -1.059420, 1.112145
18.28, -1.048298, 1.121379
18.281, -1.048298, 1.121379
18.282, -1.048298, 1.121379
18.283, -1.048298, 1.121379
18.284, -1.048298, 1.121379
18.285, -1.048298, 1.121379
18.286, -1.048298, 1.121379
18.287, -1.048298, 1.121379
18.288, -1.048298, 1.121379
18.289, -1.048298, 1.121379
18.29, -1.037085, 1.130752
18.291, -1.037085, 1.130752
18.292, -1.037085, 1.130752
18.293, -1.037085, 1.130752
18.294, -1.037085, 1.130752
18.295, -1.037085, 1.130752
18.296, -1.037085, 1.130752
18.297, -1.037085, 1.130752
18.298, -1.037085, 1.130752
18.299, -1.037085, 1.130752
18.3, -1.025777, 1.140269
18.301, -1.025777, 1.140269
18.302, -1.025777, 1.140269
18.303, -1.025777, 1.140269
18.304, -1.025777, 1.140269
18.305, -1.025777, 1.140269
18.306, -1.025777, 1.140269
18.307, -1.025777, 1.140269
18.308, -1.025777, 1.140269
18.309, -1.025777, 1.140269
18.31, -1.014374, 1.149931
18.311, -1.014374, 1.149931
18.312, -1.014374, 1.149931
18.313, -1.014374, 1.149931
18.314, -1.014374, 1.149931
18.315, -1.014374, 1.149931
18.316, -1.014374, 1.149931
18.317, -1.014374, 1.149931
18.318, -1.014374, 1.149931
18.319, -1.014374, 1.149931
18.32, -1.002875, 1.159742
18.321, -1.002875, 1.159742
18.322, -1.002875, 1.159742
18.323, -1.002875, 1.159742
18.324, -1.002875, 1.159742
18.325, -1.002875, 1.159742
18.326, -1.002875, 1.159742
18.327, -1.002875, 1.159742
18.328, -1.002875, 1.159742
18.329, -1.002875, 1.159742
18.33, -0.991278, 1.169704
18.331, -0.991278, 1.169704
18.332, -0.991278, 1.169704
18.333, -0.991278, 1.169704
18.334, -0.991278, 1.169704
18.335, -0.991278, 1.169704
18.336, -0.991278, 1.169704
18.337, -0.991278, 1.169704
18.338, -0.991278, 1.169704
18.339, -0.991278, 1.169704
18.34, -0.979581, 1.179820
18.341, -0.979581, 1.179820
18.342, -0.979581, 1.179820
18.343, -0.979581, 1.179820
18.344, -0.979581, 1.179820
18.345, -0.979581, 1.179820
18.346, -0.979581, 1.179820
18.347, -0.979581, 1.179820
18.348, -0.979581, 1.179820
18.349, -0.979581, 1.179820
18.35, -0.967782, 1.190093
18.351, -0.967782, 1.190093
18.352, -0.967782, 1.190093
18.353, -0.967782, 1.190093
18.354, -0.967782, 1.190093
18.355, -0.967782, 1.190093
18.356, -0.967782, 1.190093
18.357, -0.967782, 1.190093
18.358, -0.967782, 1.190093
18.359, -0.967782, 1.190093
18.36, -0.955881, 1.200525
18.361, -0.955881, 1.200525
18.362, -0.955881, 1.200525
18.363, -0.955881, 1.200525
18.364, -0.955881, 1.200525
18.365, -0.955881, 1.200525
18.366, -0.955881, 1.200525
18.367, -0.955881, 1.200525
18.368, -0.955881, 1.200525
18.369, -0.955881, 1.200525
18.37, -0.943876, 1.211120
18.371, -0.943876, 1.211120
18.372, -0.943876, 1.211120
18.373, -0.943876, 1.211120
18.374, -0.943876, 1.211120
18.375, -0.943876, 1.211120
18.376, -0.943876, 1.211120
18.377, -0.943876, 1.211120
18.378, -0.943876, 1.211120
18.379, -0.943876, 1.211120
18.38, -0.931765, 1.221880
18.381, -0.931765, 1.221880
18.382, -0.931765, 1.221880
18.383, -0.931765, 1.221880
18.384, -0.931765, 1.221880
18.385, -0.931765, 1.221880
18.386, -0.931765, 1.221880
18.387, -0.931765, 1.221880
18.388, -0.931765, 1.221880
18.389, -0.931765, 1.221880
18.39, -0.919546, 1.232808
18.391, -0.919546, 1.232808
18.392, -0.919546, 1.232808
18.393, -0.919546, 1.232808
18.394, -0.919546, 1.232808
18.395, -0.919546, 1.232808
18.396, -0.919546, 1.232808
18.397, -0.919546, 1.232808
18.398, -0.919546, 1.232808
18.399, -0.919546, 1.232808
18.4, -0.907218, 1.243907
18.401, -0.907218, 1.243907
18.402, -0.907218, 1.243907
18.403, -0.907218, 1.243907
18.404, -0.907218, 1.243907
18.405, -0.907218, 1.243907
18.406, -0.907218, 1.243907
18.407, -0.907218, 1.243907
18.408, -0.907218, 1.243907
18.409, -0.907218, 1.243907
18.41, -0.894779, 1.255181
18.411, -0.894779, 1.255181
18.412, -0.894779, 1.255181
18.413, -0.894779, 1.255181
18.414, -0.894779, 1.255181
18.415, -0.894779, 1.255181
18.416, -0.894779, 1.255181
18.417, -0.894779, 1.255181
18.418, -0.894779, 1.255181
18.419, -0.894779, 1.255181
18.42, -0.882227, 1.266631
18.421, -0.882227, 1.266631
18.422, -0.882227, 1.266631
18.423, -0.882227, 1.266631
18.424, -0.882227, 1.266631
18.425, -0.882227, 1.266631
18.426, -0.882227, 1.266631
18.427, -0.882227, 1.266631
18.428, -0.882227, 1.266631
18.429, -0.882227, 1.266631
18.43, -0.869561, 1.278261
18.431, -0.869561, 1.278261
18.432, -0.869561, 1.278261
18.433, -0.869561, 1.278261
18.434, -0.869561, 1.278261
18.435, -0.869561, 1.278261
18.436, -0.869561, 1.278261
18.437, -0.869561, 1.278261
18.438, -0.869561, 1.278261
18.439, -0.869561, 1.278261
18.44, -0.856778, 1.290074
18.441, -0.856778, 1.290074
18.442, -0.856778, 1.290074
18.443, -0.856778, 1.290074
18.444, -0.856778, 1.290074
18.445, -0.856778, 1.290074
18.446, -0.856778, 1.290074
18.447, -0.856778, 1.290074
18.448, -0.856778, 1.290074
18.449, -0.856778, 1.290074
18.45, -0.843878, 1.302072
18.451, -0.843878, 1.302072
18.452, -0.843878, 1.302072
18.453, -0.843878, 1.302072
18.454, -0.843878, 1.302072
18.455, -0.843878, 1.302072
18.456, -0.843878, 1.302072
18.457, -0.843878, 1.302072
18.458, -0.843878, 1.302072
18.459, -0.843878, 1.302072
18.46, -0.830857, 1.314259
18.461, -0.830857, 1.314259
18.462, -0.830857, 1.314259
18.463, -0.830857, 1.314259
18.464, -0.830857, 1.314259
18.465, -0.830857, 1.314259
18.466, -0.830857, 1.314259
18.467, -0.830857, 1.314259
18.468, -0.830857, 1.314259
18.469, -0.830857, 1.314259
18.47, -0.817714, 1.326638
18.471, -0.817714, 1.326638
18.472, -0.817714, 1.326638
18.473, -0.817714, 1.326638
18.474, -0.817714, 1.326638
18.475, -0.817714, 1.326638
18.476, -0.817714, 1.326638
18.477, -0.817714, 1.326638
18.478, -0.817714, 1.326638
18.479, -0.817714, 1.326638
18.48, -0.804448, 1.339211
18.481, -0.804448, 1.339211
18.482, -0.804448, 1.339211
18.483, -0.804448, 1.339211
18.484, -0.804448, 1.339211
18.485, -0.804448, 1.339211
18.486, -0.804448, 1.339211
18.487, -0.804448, 1.339211
18.488, -0.804448, 1.339211
18.489, -0.804448, 1.339211
18.49, -0.791056, 1.351981
18.491, -0.791056, 1.351981
18.492, -0.791056, 1.351981
18.493, -0.791056, 1.351981
18.494, -0.791056, 1.351981
18.495, -0.791056, 1.351981
18.496, -0.791056, 1.351981
18.497, -0.791056, 1.351981
18.498, -0.791056, 1.351981
18.499, -0.791056, 1.351981
18.5, -0.777536, 1.364951
18.501, -0.777536, 1.364951
18.502, -0.777536, 1.364951
18.503, -0.777536, 1.364951
18.504, -0.777536, 1.364951
18.505, -0.777536, 1.364951
18.506, -0.777536, 1.364951
18.507, -0.777536, 1.364951
18.508, -0.777536, 1.364951
18.509, -0.777536, 1.364951
18.51, -0.763886, 1.378124
18.511, -0.763886, 1.378124
18.512, -0.763886, 1.378124
18.513, -0.763886, 1.378124
18.514, -0.763886, 1.378124
18.515, -0.763886, 1.378124
18.516, -0.763886, 1.378124
18.517, -0.763886, 1.378124
18.518, -0.763886, 1.378124
18.519, -0.763886, 1.378124
18.52, -0.750105, 1.391502
18.521, -0.750105, 1.391502
18.522, -0.750105, 1.391502
18.523, -0.750105, 1.391502
18.524, -0.750105, 1.391502
18.525, -0.750105, 1.391502
18.526, -0.750105, 1.391502
18.527, -0.750105, 1.391502
18.528, -0.750105, 1.391502
18.529, -0.750105, 1.391502
18.53, -0.736190, 1.405089
18.531, -0.736190, 1.405089
18.532, -0.736190, 1.405089
18.533, -0.736190, 1.405089
18.534, -0.736190, 1.405089
18.535, -0.736190, 1.405089
18.536, -0.736190, 1.405089
18.537, -0.736190, 1.405089
18.538, -0.736190, 1.405089
18.539, -0.736190, 1.405089
18.54, -0.722139, 1.418887
18.541, -0.722139, 1.418887
18.542, -0.722139, 1.418887
18.543, -0.722139, 1.418887
18.544, -0.722139, 1.418887
18.545, -0.722139, 1.418887
18.546, -0.722139, 1.418887
18.547, -0.722139, 1.418887
18.548, -0.722139, 1.418887
18.549, -0.722139, 1.418887
18.55, -0.707950, 1.432898
18.551, -0.707950, 1.432898
18.552, -0.707950, 1.432898
18.553, -0.707950, 1.432898
18.554, -0.707950, 1.432898
18.555, -0.707950, 1.432898
18.556, -0.707950, 1.432898
18.557, -0.707950, 1.432898
18.558, -0.707950, 1.432898
18.559, -0.707950, 1.432898
18.56, -0.693621, 1.447124
18.561, -0.693621, 1.447124
18.562, -0.693621, 1.447124
18.563, -0.693621, 1.447124
18.564, -0.693621, 1.447124
18.565, -0.693621, 1.447124
18.566, -0.693621, 1.447124
18.567, -0.693621, 1.447124
18.568, -0.693621, 1.447124
18.569, -0.693621, 1.447124
18.57, -0.679150, 1.461570
18.571, -0.679150, 1.461570
18.572, -0.679150, 1.461570
18.573, -0.679150, 1.461570
18.574, -0.679150, 1.461570
18.575, -0.679150, 1.461570
18.576, -0.679150, 1.461570
18.577, -0.679150, 1.461570
18.578, -0.679150, 1.461570
18.579, -0.679150, 1.461570
18.58, -0.664534, 1.476235
18.581, -0.664534, 1.476235
18.582, -0.664534, 1.476235
18.583, -0.664534, 1.476235
18.584, -0.664534, 1.476235
18.585, -0.664534, 1.476235
18.586, -0.664534, 1.476235
18.587, -0.664534, 1.476235
18.588, -0.664534, 1.476235
18.589, -0.664534, 1.476235
18.59, -0.649772, 1.491124
18.591, -0.649772, 1.491124
18.592, -0.649772, 1.491124
18.593, -0.649772, 1.491124
18.594, -0.649772, 1.491124
18.595, -0.649772, 1.491124
18.596, -0.649772, 1.491124
18.597, -0.649772, 1.491124
18.598, -0.649772, 1.491124
18.599, -0.649772, 1.491124
18.6, -0.634861, 1.506237
18.601, -0.634861, 1.506237
18.602, -0.634861, 1.506237
18.603, -0.634861, 1.506237
18.604, -0.634861, 1.506237
18.605, -0.634861, 1.506237
18.606, -0.634861, 1.506237
18.607, -0.634861, 1.506237
18.608, -0.634861, 1.506237
18.609, -0.634861, 1.506237
18.61, -0.619799, 1.521577
18.611, -0.619799, 1.521577
18.612, -0.619799, 1.521577
18.613, -0.619799, 1.521577
18.614, -0.619799, 1.521577
18.615, -0.619799, 1.521577
18.616, -0.619799, 1.521577
18.617, -0.619799, 1.521577
18.618, -0.619799, 1.521577
18.619, -0.619799, 1.521577
18.62, -0.604583, 1.537146
18.621, -0.604583, 1.537146
18.622, -0.604583, 1.537146
18.623, -0.604583, 1.537146
18.624, -0.604583, 1.537146
18.625, -0.604583, 1.537146
18.626, -0.604583, 1.537146
18.627, -0.604583, 1.537146
18.628, -0.604583, 1.537146
18.629, -0.604583, 1.537146
18.63, -0.589211, 1.552945
18.631, -0.589211, 1.552945
18.632, -0.589211, 1.552945
18.633, -0.589211, 1.552945
18.634, -0.589211, 1.552945
18.635, -0.589211, 1.552945
18.636, -0.589211, 1.552945
18.637, -0.589211, 1.552945
18.638, -0.589211, 1.552945
18.639, -0.589211, 1.552945
18.64, -0.573682, 1.568975
18.641, -0.573682, 1.568975
18.642, -0.573682, 1.568975
18.643, -0.573682, 1.568975
18.644, -0.573682, 1.568975
18.645, -0.573682, 1.568975
18.646, -0.573682, 1.568975
18.647, -0.573682, 1.568975
18.648, -0.573682, 1.568975
18.649, -0.573682, 1.568975
18.65, -0.557992, 1.585238
18.651, -0.557992, 1.585238
18.652, -0.557992, 1.585238
18.653, -0.557992, 1.585238
18.654, -0.557992, 1.585238
18.655, -0.557992, 1.585238
18.656, -0.557992, 1.585238
18.657, -0.557992, 1.585238
18.658, -0.557992, 1.585238
18.659, -0.557992, 1.585238
18.66, -0.542140, 1.601734
18.661, -0.542140, 1.601734
18.662, -0.542140, 1.601734
18.663, -0.542140, 1.601734
18.664, -0.542140, 1.601734
18.665, -0.542140, 1.601734
18.666, -0.542140, 1.601734
18.667, -0.542140, 1.601734
18.668, -0.542140, 1.601734
18.669, -0.542140, 1.601734
18.67, -0.526122, 1.618465
18.671, -0.526122, 1.618465
18.672, -0.526122, 1.618465
18.673, -0.526122, 1.618465
18.674, -0.526122, 1.618465
18.675, -0.526122, 1.618465
18.676, -0.526122, 1.618465
18.677, -0.526122, 1.618465
18.678, -0.526122, 1.618465
18.679, -0.526122, 1.618465
18.68, -0.509938, 1.635431
18.681, -0.509938, 1.635431
18.682, -0.509938, 1.635431
18.683, -0.509938, 1.635431
18.684, -0.509938, 1.635431
18.685, -0.509938, 1.635431
18.686, -0.509938, 1.635431
18.687, -0.509938, 1.635431
18.688, -0.509938, 1.635431
18.689, -0.509938, 1.635431
18.69, -0.493583, 1.652632
18.691, -0.493583, 1.652632
18.692, -0.493583, 1.652632
18.693, -0.493583, 1.652632
18.694, -0.493583, 1.652632
18.695, -0.493583, 1.652632
18.696, -0.493583, 1.652632
18.697, -0.493583, 1.652632
18.698, -0.493583, 1.652632
18.699, -0.493583, 1.652632
18.7, -0.477057, 1.670068
18.701, -0.477057, 1.670068
18.702, -0.477057, 1.670068
18.703, -0.477057, 1.670068
18.704, -0.477057, 1.670068
18.705, -0.477057, 1.670068
18.706, -0.477057, 1.670068
18.707, -0.477057, 1.670068
18.708, -0.477057, 1.670068
18.709, -0.477057, 1.670068
18.71, -0.460356, 1.687739
18.711, -0.460356, 1.687739
18.712, -0.460356, 1.687739
18.713, -0.460356, 1.687739
18.714, -0.460356, 1.687739
18.715, -0.460356, 1.687739
18.716, -0.460356, 1.687739
18.717, -0.460356, 1.687739
18.718, -0.460356, 1.687739
18.719, -0.460356, 1.687739
18.72, -0.443479, 1.705643
18.721, -0.443479, 1.705643
18.722, -0.443479, 1.705643
18.723, -0.443479, 1.705643
18.724, -0.443479, 1.705643
18.725, -0.443479, 1.705643
18.726, -0.443479, 1.705643
18.727, -0.443479, 1.705643
18.728, -0.443479, 1.705643
18.729, -0.443479, 1.705643
18.73, -0.426423, 1.723780
18.731, -0.426423, 1.723780
18.732, -0.426423, 1.723780
18.733, -0.426423, 1.723780
18.734, -0.426423, 1.723780
18.735, -0.426423, 1.723780
18.736, -0.426423, 1.723780
18.737, -0.426423, 1.723780
18.738, -0.426423, 1.723780
18.739, -0.426423, 1.723780
18.74, -0.409185, 1.742147
18.741, -0.409185, 1.742147
18.742, -0.409185, 1.742147
18.743, -0.409185, 1.742147
18.744, -0.409185, 1.742147
18.745, -0.409185, 1.742147
18.746, -0.409185, 1.742147
18.747, -0.409185, 1.742147
18.748, -0.409185, 1.742147
18.749, -0.409185, 1.742147
18.75, -0.391763, 1.760744
18.751, -0.391763, 1.760744
18.752, -0.391763, 1.760744
18.753, -0.391763, 1.760744
18.754, -0.391763, 1.760744
18.755, -0.391763, 1.760744
18.756, -0.391763, 1.760744
18.757, -0.391763, 1.760744
18.758, -0.391763, 1.760744
18.759, -0.391763, 1.760744
18.76, -0.374156, 1.779566
18.761, -0.374156, 1.779566
18.762, -0.374156, 1.779566
18.763, -0.374156, 1.779566
18.764, -0.374156, 1.779566
18.765, -0.374156, 1.779566
18.766, -0.374156, 1.779566
18.767, -0.374156, 1.779566
18.768, -0.374156, 1.779566
18.769, -0.374156, 1.779566
18.77, -0.356360, 1.798612
18.771, -0.356360, 1.798612
18.772, -0.356360, 1.798612
18.773, -0.356360, 1.798612
18.774, -0.356360, 1.798612
18.775, -0.356360, 1.798612
18.776, -0.356360, 1.798612
18.777, -0.356360, 1.798612
18.778, -0.356360, 1.798612
18.779, -0.356360, 1.798612
18.78, -0.338374, 1.817878
18.781, -0.338374, 1.817878
18.782, -0.338374, 1.817878
18.783, -0.338374, 1.817878
18.784, -0.338374, 1.817878
18.785, -0.338374, 1.817878
18.786, -0.338374, 1.817878
18.787, -0.338374, 1.817878
18.788, -0.338374, 1.817878
18.789, -0.338374, 1.817878
18.79, -0.320195, 1.837359
18.791, -0.320195, 1.837359
18.792, -0.320195, 1.837359
18.793, -0.320195, 1.837359
18.794, -0.320195, 1.837359
18.795, -0.320195, 1.837359
18.796, -0.320195, 1.837359
18.797, -0.320195, 1.837359
18.798, -0.320195, 1.837359
18.799, -0.320195, 1.837359
18.8, -0.301822, 1.857051
18.801, -0.301822, 1.857051
18.802, -0.301822, 1.857051
18.803, -0.301822, 1.857051
18.804, -0.301822, 1.857051
18.805, -0.301822, 1.857051
18.806, -0.301822, 1.857051
18.807, -0.301822, 1.857051
18.808, -0.301822, 1.857051
18.809, -0.301822, 1.857051
18.81, -0.283251, 1.876948
18.811, -0.283251, 1.876948
18.812, -0.283251, 1.876948
18.813, -0.283251, 1.876948
18.814, -0.283251, 1.876948
18.815, -0.283251, 1.876948
18.816, -0.283251, 1.876948
18.817, -0.283251, 1.876948
18.818, -0.283251, 1.876948
18.819, -0.283251, 1.876948
18.82, -0.264482, 1.897044
18.821, -0.264482, 1.897044
18.822, -0.264482, 1.897044
18.823, -0.264482, 1.897044
18.824, -0.264482, 1.897044
18.825, -0.264482, 1.897044
18.826, -0.264482, 1.897044
18.827, -0.264482, 1.897044
18.828, -0.264482, 1.897044
18.829, -0.264482, 1.897044
18.83, -0.245511, 1.917332
18.831, -0.245511, 1.917332
18.832, -0.245511, 1.917332
18.833, -0.245511, 1.917332
18.834, -0.245511, 1.917332
18.835, -0.245511, 1.917332
18.836, -0.245511, 1.917332
18.837, -0.245511, 1.917332
18.838, -0.245511, 1.917332
18.839, -0.245511, 1.917332
18.84, -0.226338, 1.937805
18.841, -0.226338, 1.937805
18.842, -0.226338, 1.937805
18.843, -0.226338, 1.937805
18.844, -0.226338, 1.937805
18.845, -0.226338, 1.937805
18.846, -0.226338, 1.937805
18.847, -0.226338, 1.937805
18.848, -0.226338, 1.937805
18.849, -0.226338, 1.937805
18.85, -0.206960, 1.958454
18.851, -0.206960, 1.958454
18.852, -0.206960, 1.958454
18.853, -0.206960, 1.958454
18.854, -0.206960, 1.958454
18.855, -0.206960, 1.958454
18.856, -0.206960, 1.958454
18.857, -0.206960, 1.958454
18.858, -0.206960, 1.958454
18.859, -0.206960, 1.958454
18.86, -0.187375, 1.979269
18.861, -0.187375, 1.979269
18.862, -0.187375, 1.979269
18.863, -0.187375, 1.979269
18.864, -0.187375, 1.979269
18.865, -0.187375, 1.979269
18.866, -0.187375, 1.979269
18.867, -0.187375, 1.979269
18.868, -0.187375, 1.979269
18.869, -0.187375, 1.979269
18.87, -0.167583, 2.000240
18.871, -0.167583, 2.000240
18.872, -0.167583, 2.000240
18.873, -0.167583, 2.000240
18.874, -0.167583, 2.000240
18.875, -0.167583, 2.000240
18.876, -0.167583, 2.000240
18.877, -0.167583, 2.000240
18.878, -0.167583, 2.000240
18.879, -0.167583, 2.000240
18.88, -0.147580, 2.021357
18.881, -0.147580, 2.021357
18.882, -0.147580, 2.021357
18.883, -0.147580, 2.021357
18.884, -0.147580, 2.021357
18.885, -0.147580, 2.021357
18.886, -0.147580, 2.021357
18.887, -0.147580, 2.021357
18.888, -0.147580, 2.021357
18.889, -0.147580, 2.021357
18.89, -0.127367, 2.042606
18.891, -0.127367, 2.042606
18.892, -0.127367, 2.042606
18.893, -0.127367, 2.042606
18.894, -0.127367, 2.042606
18.895, -0.127367, 2.042606
18.896, -0.127367, 2.042606
18.897, -0.127367, 2.042606
18.898, -0.127367, 2.042606
18.899, -0.127367, 2.042606
18.9, -0.106941, 2.063974
18.901, -0.106941, 2.063974
18.902, -0.106941, 2.063974
18.903, -0.106941, 2.063974
18.904, -0.106941, 2.063974
18.905, -0.106941, 2.063974
18.906, -0.106941, 2.063974
18.907, -0.106941, 2.063974
18.908, -0.106941, 2.063974
18.909, -0.106941, 2.063974
18.91, -0.086301, 2.085447
18.911, -0.086301, 2.085447
18.912, -0.086301, 2.085447
18.913, -0.086301, 2.085447
18.914, -0.086301, 2.085447
18.915, -0.086301, 2.085447
18.916, -0.086301, 2.085447
18.917, -0.086301, 2.085447
18.918, -0.086301, 2.085447
18.919, -0.086301, 2.085447
18.92, -0.065446, 2.107010
18.921, -0.065446, 2.107010
18.922, -0.065446, 2.107010
18.923, -0.065446, 2.107010
18.924, -0.065446, 2.107010
18.925, -0.065446, 2.107010
18.926, -0.065446, 2.107010
18.927, -0.065446, 2.107010
18.928, -0.065446, 2.107010
18.929, -0.065446, 2.107010
18.93, -0.044376, 2.128644
18.931, -0.044376, 2.128644
18.932, -0.044376, 2.128644
18.933, -0.044376, 2.128644
18.934, -0.044376, 2.128644
18.935, -0.044376, 2.128644
18.936, -0.044376, 2.128644
18.937, -0.044376, 2.128644
18.938, -0.044376, 2.128644
18.939, -0.044376, 2.128644
18.94, -0.023090, 2.150332
18.941, -0.023090, 2.150332
18.942, -0.023090, 2.150332
18.943, -0.023090, 2.150332
18.944, -0.023090, 2.150332
18.945, -0.023090, 2.150332
18.946, -0.023090, 2.150332
18.947, -0.023090, 2.150332
18.948, -0.023090, 2.150332
18.949, -0.023090, 2.150332
18.95, -0.001587, 2.172055
18.951, -0.001587, 2.172055
18.952, -0.001587, 2.172055
18.953, -0.001587, 2.172055
18.954, -0.001587, 2.172055
18.955, -0.001587, 2.172055
18.956, -0.001587, 2.172055
18.957, -0.001587, 2.172055
18.958, -0.001587, 2.172055
18.959, -0.001587, 2.172055
18.96, 0.020134, 2.193791
18.961, 0.020134, 2.193791
18.962, 0.020134, 2.193791
18.963, 0.020134, 2.193791
18.964, 0.020134, 2.193791
18.965, 0.020134, 2.193791
18.966, 0.020134, 2.193791
18.967, 0.020134, 2.193791
18.968, 0.020134, 2.193791
18.969, 0.020134, 2.193791
18.97, 0.042072, 2.215519
18.971, 0.042072, 2.215519
18.972, 0.042072, 2.215519
18.973, 0.042072, 2.215519
18.974, 0.042072, 2.215519
18.975, 0.042072, 2.215519
18.976, 0.042072, 2.215519
18.977, 0.042072, 2.215519
18.978, 0.042072, 2.215519
18.979, 0.042072, 2.215519
18.98, 0.064227, 2.237214
18.981, 0.064227, 2.237214
18.982, 0.064227, 2.237214
18.983, 0.064227, 2.237214
18.984, 0.064227, 2.237214
18.985, 0.064227, 2.237214
18.986, 0.064227, 2.237214
18.987, 0.064227, 2.237214
18.988, 0.064227, 2.237214
18.989, 0.064227, 2.237214
18.99, 0.086599, 2.258852
18.991, 0.086599, 2.258852
18.992, 0.086599, 2.258852
18.993, 0.086599, 2.258852
18.994, 0.086599, 2.258852
18.995, 0.086599, 2.258852
18.996, 0.086599, 2.258852
18.997, 0.086599, 2.258852
18.998, 0.086599, 2.258852
18.999, 0.086599, 2.258852
19, 0.109188, 2.280405
19.001, 0.109188, 2.280405
19.002, 0.109188, 2.280405
19.003, 0.109188, 2.280405
19.004, 0.109188, 2.280405
19.005, 0.109188, 2.280405
19.006, 0.109188, 2.280405
19.007, 0.109188, 2.280405
19.008, 0.109188, 2.280405
19.009, 0.109188, 2.280405
19.01, 0.131992, 2.301845
19.011, 0.131992, 2.301845
19.012, 0.131992, 2.301845
19.013, 0.131992, 2.301845
19.014, 0.131992, 2.301845
19.015, 0.131992, 2.301845
19.016, 0.131992, 2.301845
19.017, 0.131992, 2.301845
19.018, 0.131992, 2.301845
19.019, 0.131992, 2.301845
19.02, 0.155010, 2.323143
19.021, 0.155010, 2.323143
19.022, 0.155010, 2.323143
19.023, 0.155010, 2.323143
19.024, 0.155010, 2.323143
19.025, 0.155010, 2.323143
19.026, 0.155010, 2.323143
19.027, 0.155010, 2.323143
19.028, 0.155010, 2.323143
19.029, 0.155010, 2.323143
19.03, 0.178242, 2.344266
19.031, 0.178242, 2.344266
19.032, 0.178242, 2.344266
19.033, 0.178242, 2.344266
19.034, 0.178242, 2.344266
19.035, 0.178242, 2.344266
19.036, 0.178242, 2.344266
19.037, 0.178242, 2.344266
19.038, 0.178242, 2.344266
19.039, 0.178242, 2.344266
19.04, 0.201684, 2.365181
19.041, 0.201684, 2.365181
19.042, 0.201684, 2.365181
19.043, 0.201684, 2.365181
19.044, 0.201684, 2.365181
19.045, 0.201684, 2.365181
19.046, 0.201684, 2.365181
19.047, 0.201684, 2.365181
19.048, 0.201684, 2.365181
19.049, 0.201684, 2.365181
19.05, 0.225336, 2.385854
19.051, 0.225336, 2.385854
19.052, 0.225336, 2.385854
19.053, 0.225336, 2.385854
19.054, 0.225336, 2.385854
19.055, 0.225336, 2.385854
19.056, 0.225336, 2.385854
19.057, 0.225336, 2.385854
19.058, 0.225336, 2.385854
19.059, 0.225336, 2.385854
19.06, 0.249195, 2.406248
19.061, 0.249195, 2.406248
19.062, 0.249195, 2.406248
19.063, 0.249195, 2.406248
19.064, 0.249195, 2.406248
19.065, 0.249195, 2.406248
19.066, 0.249195, 2.406248
19.067, 0.249195, 2.406248
19.068, 0.249195, 2.406248
19.069, 0.249195, 2.406248
19.07, 0.273257, 2.426324
19.071, 0.273257, 2.426324
19.072, 0.273257, 2.426324
19.073, 0.273257, 2.426324
19.074, 0.273257, 2.426324
19.075, 0.273257, 2.426324
19.076, 0.273257, 2.426324
19.077, 0.273257, 2.426324
19.078, 0.273257, 2.426324
19.079, 0.273257, 2.426324
19.08, 0.297520, 2.446043
19.081, 0.297520, 2.446043
19.082, 0.297520, 2.446043
19.083, 0.297520, 2.446043
19.084, 0.297520, 2.446043
19.085, 0.297520, 2.446043
19.086, 0.297520, 2.446043
19.087, 0.297520, 2.446043
19.088, 0.297520, 2.446043
19.089, 0.297520, 2.446043
19.09, 0.321981, 2.465363
19.091, 0.321981, 2.465363
19.092, 0.321981, 2.465363
19.093, 0.321981, 2.465363
19.094, 0.321981, 2.465363
19.095, 0.321981, 2.465363
19.096, 0.321981, 2.465363
19.097, 0.321981, 2.465363
19.098, 0.321981, 2.465363
19.099, 0.321981, 2.465363
19.1, 0.346634, 2.484241
19.101, 0.346634, 2.484241
19.102, 0.346634, 2.484241
19.103, 0.346634, 2.484241
19.104, 0.346634, 2.484241
19.105, 0.346634, 2.484241
19.106, 0.346634, 2.484241
19.107, 0.346634, 2.484241
19.108, 0.346634, 2.484241
19.109, 0.346634, 2.484241
19.11, 0.371477, 2.502632
19.111, 0.371477, 2.502632
19.112, 0.371477, 2.502632
19.113, 0.371477, 2.502632
19.114, 0.371477, 2.502632
19.115, 0.371477, 2.502632
19.116, 0.371477, 2.502632
19.117, 0.371477, 2.502632
19.118, 0.371477, 2.502632
19.119, 0.371477, 2.502632
19.12, 0.396503, 2.520490
19.121, 0.396503, 2.520490
19.122, 0.396503, 2.520490
19.123, 0.396503, 2.520490
19.124, 0.396503, 2.520490
19.125, 0.396503, 2.520490
19.126, 0.396503, 2.520490
19.127, 0.396503, 2.520490
19.128, 0.396503, 2.520490
19.129, 0.396503, 2.520490
19.13, 0.421708, 2.537768
19.131, 0.421708, 2.537768
19.132, 0.421708, 2.537768
19.133, 0.421708, 2.537768
19.134, 0.421708, 2.537768
19.135, 0.421708, 2.537768
19.136, 0.421708, 2.537768
19.137, 0.421708, 2.537768
19.138, 0.421708, 2.537768
19.139, 0.421708, 2.537768
19.14, 0.447086, 2.554415
19.141, 0.447086, 2.554415
19.142, 0.447086, 2.554415
19.143, 0.447086, 2.554415
19.144, 0.447086, 2.554415
19.145, 0.447086, 2.554415
19.146, 0.447086, 2.554415
19.147, 0.447086, 2.554415
19.148, 0.447086, 2.554415
19.149, 0.447086, 2.554415
19.15, 0.472630, 2.570383
19.151, 0.472630, 2.570383
19.152, 0.472630, 2.570383
19.153, 0.472630, 2.570383
19.154, 0.472630, 2.570383
19.155, 0.472630, 2.570383
19.156, 0.472630, 2.570383
19.157, 0.472630, 2.570383
19.158, 0.472630, 2.570383
19.159, 0.472630, 2.570383
19.16, 0.498334, 2.585618
19.161, 0.498334, 2.585618
19.162, 0.498334, 2.585618
19.163, 0.498334, 2.585618
19.164, 0.498334, 2.585618
19.165, 0.498334, 2.585618
19.166, 0.498334, 2.585618
19.167, 0.498334, 2.585618
19.168, 0.498334, 2.585618
19.169, 0.498334, 2.585618
19.17, 0.524190, 2.600070
19.171, 0.524190, 2.600070
19.172, 0.524190, 2.600070
19.173, 0.524190, 2.600070
19.174, 0.524190, 2.600070
19.175, 0.524190, 2.600070
19.176, 0.524190, 2.600070
19.177, 0.524190, 2.600070
19.178, 0.524190, 2.600070
19.179, 0.524190, 2.600070
19.18, 0.550191, 2.613685
19.181, 0.550191, 2.613685
19.182, 0.550191, 2.613685
19.183, 0.550191, 2.613685
19.184, 0.550191, 2.613685
19.185, 0.550191, 2.613685
19.186, 0.550191, 2.613685
19.187, 0.550191, 2.613685
19.188, 0.550191, 2.613685
19.189, 0.550191, 2.613685
19.19, 0.576327, 2.626408
19.191, 0.576327, 2.626408
19.192, 0.576327, 2.626408
19.193, 0.576327, 2.626408
19.194, 0.576327, 2.626408
19.195, 0.576327, 2.626408
19.196, 0.576327, 2.626408
19.197, 0.576327, 2.626408
19.198, 0.576327, 2.626408
19.199, 0.576327, 2.626408
19.2, 0.602592, 2.638185
19.201, 0.602592, 2.638185
19.202, 0.602592, 2.638185
19.203, 0.602592, 2.638185
19.204, 0.602592, 2.638185
19.205, 0.602592, 2.638185
19.206, 0.602592, 2.638185
19.207, 0.602592, 2.638185
19.208, 0.602592, 2.638185
19.209, 0.602592, 2.638185
19.21, 0.628973, 2.648961
19.211, 0.628973, 2.648961
19.212, 0.628973, 2.648961
19.213, 0.628973, 2.648961
19.214, 0.628973, 2.648961
19.215, 0.628973, 2.648961
19.216, 0.628973, 2.648961
19.217, 0.628973, 2.648961
19.218, 0.628973, 2.648961
19.219, 0.628973, 2.648961
19.22, 0.655463, 2.658681
19.221, 0.655463, 2.658681
19.222, 0.655463, 2.658681
19.223, 0.655463, 2.658681
19.224, 0.655463, 2.658681
19.225, 0.655463, 2.658681
19.226, 0.655463, 2.658681
19.227, 0.655463, 2.658681
19.228, 0.655463, 2.658681
19.229, 0.655463, 2.658681
19.23, 0.682050, 2.667291
19.231, 0.682050, 2.667291
19.232, 0.682050, 2.667291
19.233, 0.682050, 2.667291
19.234, 0.682050, 2.667291
19.235, 0.682050, 2.667291
19.236, 0.682050, 2.667291
19.237, 0.682050, 2.667291
19.238, 0.682050, 2.667291
19.239, 0.682050, 2.667291
19.24, 0.708723, 2.674735
19.241, 0.708723, 2.674735
19.242, 0.708723, 2.674735
19.243, 0.708723, 2.674735
19.244, 0.708723, 2.674735
19.245, 0.708723, 2.674735
19.246, 0.708723, 2.674735
19.247, 0.708723, 2.674735
19.248, 0.708723, 2.674735
19.249, 0.708723, 2.674735
19.25, 0.735470, 2.680961
19.251, 0.735470, 2.680961
19.252, 0.735470, 2.680961
19.253, 0.735470, 2.680961
19.254, 0.735470, 2.680961
19.255, 0.735470, 2.680961
19.256, 0.735470, 2.680961
19.257, 0.735470, 2.680961
19.258, 0.735470, 2.680961
19.259, 0.735470, 2.680961
19.26, 0.762280, 2.685914
19.261, 0.762280, 2.685914
19.262, 0.762280, 2.685914
19.263, 0.762280, 2.685914
19.264, 0.762280, 2.685914
19.265, 0.762280, 2.685914
19.266, 0.762280, 2.685914
19.267, 0.762280, 2.685914
19.268, 0.762280, 2.685914
19.269, 0.762280, 2.685914
19.27, 0.789139, 2.689543
19.271, 0.789139, 2.689543
19.272, 0.789139, 2.689543
19.273, 0.789139, 2.689543
19.274, 0.789139, 2.689543
19.275, 0.789139, 2.689543
19.276, 0.789139, 2.689543
19.277, 0.789139, 2.689543
19.278, 0.789139, 2.689543
19.279, 0.789139, 2.689543
19.28, 0.816034, 2.691798
19.281, 0.816034, 2.691798
19.282, 0.816034, 2.691798
19.283, 0.816034, 2.691798
19.284, 0.816034, 2.691798
19.285, 0.816034, 2.691798
19.286, 0.816034, 2.691798
19.287, 0.816034, 2.691798
19.288, 0.816034, 2.691798
19.289, 0.816034, 2.691798
19.29, 0.842952, 2.692631
19.291, 0.842952, 2.692631
19.292, 0.842952, 2.692631
19.293, 0.842952, 2.692631
19.294, 0.842952, 2.692631
19.295, 0.842952, 2.692631
19.296, 0.842952, 2.692631
19.297, 0.842952, 2.692631
19.298, 0.842952, 2.692631
19.299, 0.842952, 2.692631
19.3, 0.869879, 2.691995
19.301, 0.869879, 2.691995
19.302, 0.869879, 2.691995
19.303, 0.869879, 2.691995
19.304, 0.869879, 2.691995
19.305, 0.869879, 2.691995
19.306, 0.869879, 2.691995
19.307, 0.869879, 2.691995
19.308, 0.869879, 2.691995
19.309, 0.869879, 2.691995
19.31, 0.896799, 2.689846
19.311, 0.896799, 2.689846
19.312, 0.896799, 2.689846
19.313, 0.896799, 2.689846
19.314, 0.896799, 2.689846
19.315, 0.896799, 2.689846
19.316, 0.896799, 2.689846
19.317, 0.896799, 2.689846
19.318, 0.896799, 2.689846
19.319, 0.896799, 2.689846
19.32, 0.923697, 2.686143
19.321, 0.923697, 2.686143
19.322, 0.923697, 2.686143
19.323, 0.923697, 2.686143
19.324, 0.923697, 2.686143
19.325, 0.923697, 2.686143
19.326, 0.923697, 2.686143
19.327, 0.923697, 2.686143
19.328, 0.923697, 2.686143
19.329, 0.923697, 2.686143
19.33, 0.950558, 2.680849
19.331, 0.950558, 2.680849
19.332, 0.950558, 2.680849
19.333, 0.950558, 2.680849
19.334, 0.950558, 2.680849
19.335, 0.950558, 2.680849
19.336, 0.950558, 2.680849
19.337, 0.950558, 2.680849
19.338, 0.950558, 2.680849
19.339, 0.950558, 2.680849
19.34, 0.977367, 2.673929
19.341, 0.977367, 2.673929
19.342, 0.977367, 2.673929
19.343, 0.977367, 2.673929
19.344, 0.977367, 2.673929
19.345, 0.977367, 2.673929
19.346, 0.977367, 2.673929
19.347, 0.977367, 2.673929
19.348, 0.977367, 2.673929
19.349, 0.977367, 2.673929
19.35, 1.004106, 2.665352
19.351, 1.004106, 2.665352
19.352, 1.004106, 2.665352
19.353, 1.004106, 2.665352
19.354, 1.004106, 2.665352
19.355, 1.004106, 2.665352
19.356, 1.004106, 2.665352
19.357, 1.004106, 2.665352
19.358, 1.004106, 2.665352
19.359, 1.004106, 2.665352
19.36, 1.030760, 2.655092
19.361, 1.030760, 2.655092
19.362, 1.030760, 2.655092
19.363, 1.030760, 2.655092
19.364, 1.030760, 2.655092
19.365, 1.030760, 2.655092
19.366, 1.030760, 2.655092
19.367, 1.030760, 2.655092
19.368, 1.030760, 2.655092
19.369, 1.030760, 2.655092
19.37, 1.057311, 2.643126
19.371, 1.057311, 2.643126
19.372, 1.057311, 2.643126
19.373, 1.057311, 2.643126
19.374, 1.057311, 2.643126
19.375, 1.057311, 2.643126
19.376, 1.057311, 2.643126
19.377, 1.057311, 2.643126
19.378, 1.057311, 2.643126
19.379, 1.057311, 2.643126
19.38, 1.083742, 2.629436
19.381, 1.083742, 2.629436
19.382, 1.083742, 2.629436
19.383, 1.083742, 2.629436
19.384, 1.083742, 2.629436
19.385, 1.083742, 2.629436
19.386, 1.083742, 2.629436
19.387, 1.083742, 2.629436
19.388, 1.083742, 2.629436
19.389, 1.083742, 2.629436
19.39, 1.110036, 2.614010
19.391, 1.110036, 2.614010
19.392, 1.110036, 2.614010
19.393, 1.110036, 2.614010
19.394, 1.110036, 2.614010
19.395, 1.110036, 2.614010
19.396, 1.110036, 2.614010
19.397, 1.110036, 2.614010
19.398, 1.110036, 2.614010
19.399, 1.110036, 2.614010
19.4, 1.136176, 2.596841
19.401, 1.136176, 2.596841
19.402, 1.136176, 2.596841
19.403, 1.136176, 2.596841
19.404, 1.136176, 2.596841
19.405, 1.136176, 2.596841
19.406, 1.136176, 2.596841
19.407, 1.136176, 2.596841
19.408, 1.136176, 2.596841
19.409, 1.136176, 2.596841
19.41, 1.162145, 2.577925
19.411, 1.162145, 2.577925
19.412, 1.162145, 2.577925
19.413, 1.162145, 2.577925
19.414, 1.162145, 2.577925
19.415, 1.162145, 2.577925
19.416, 1.162145, 2.577925
19.417, 1.162145, 2.577925
19.418, 1.162145, 2.577925
19.419, 1.162145, 2.577925
19.42, 1.187924, 2.557266
19.421, 1.187924, 2.557266
19.422, 1.187924, 2.557266
19.423, 1.187924, 2.557266
19.424, 1.187924, 2.557266
19.425, 1.187924, 2.557266
19.426, 1.187924, 2.557266
19.427, 1.187924, 2.557266
19.428, 1.187924, 2.557266
19.429, 1.187924, 2.557266
19.43, 1.213497, 2.534872
19.431, 1.213497, 2.534872
19.432, 1.213497, 2.534872
19.433, 1.213497, 2.534872
19.434, 1.213497, 2.534872
19.435, 1.213497, 2.534872
19.436, 1.213497, 2.534872
19.437, 1.213497, 2.534872
19.438, 1.213497, 2.534872
19.439, 1.213497, 2.534872
19.44, 1.238845, 2.510758
19.441, 1.238845, 2.510758
19.442, 1.238845, 2.510758
19.443, 1.238845, 2.510758
19.444, 1.238845, 2.510758
19.445, 1.238845, 2.510758
19.446, 1.238845, 2.510758
19.447, 1.238845, 2.510758
19.448, 1.238845, 2.510758
19.449, 1.238845, 2.510758
19.45, 1.263953, 2.484943
19.451, 1.263953, 2.484943
19.452, 1.263953, 2.484943
19.453, 1.263953, 2.484943
19.454, 1.263953, 2.484943
19.455, 1.263953, 2.484943
19.456, 1.263953, 2.484943
19.457, 1.263953, 2.484943
19.458, 1.263953, 2.484943
19.459, 1.263953, 2.484943
19.46, 1.288802, 2.457454
19.461, 1.288802, 2.457454
19.462, 1.288802, 2.457454
19.463, 1.288802, 2.457454
19.464, 1.288802, 2.457454
19.465, 1.288802, 2.457454
19.466, 1.288802, 2.457454
19.467, 1.288802, 2.457454
19.468, 1.288802, 2.457454
19.469, 1.288802, 2.457454
19.47, 1.313377, 2.428322
19.471, 1.313377, 2.428322
19.472, 1.313377, 2.428322
19.473, 1.313377, 2.428322
19.474, 1.313377, 2.428322
19.475, 1.313377, 2.428322
19.476, 1.313377, 2.428322
19.477, 1.313377, 2.428322
19.478, 1.313377, 2.428322
19.479, 1.313377, 2.428322
19.48, 1.337660, 2.397584
19.481, 1.337660, 2.397584
19.482, 1.337660, 2.397584
19.483, 1.337660, 2.397584
19.484, 1.337660, 2.397584
19.485, 1.337660, 2.397584
19.486, 1.337660, 2.397584
19.487, 1.337660, 2.397584
19.488, 1.337660, 2.397584
19.489, 1.337660, 2.397584
19.49, 1.361636, 2.365283
19.491, 1.361636, 2.365283
19.492, 1.361636, 2.365283
19.493, 1.361636, 2.365283
19.494, 1.361636, 2.365283
19.495, 1.361636, 2.365283
19.496, 1.361636, 2.365283
19.497, 1.361636, 2.365283
19.498, 1.361636, 2.365283
19.499, 1.361636, 2.365283
19.5, 1.385289, 2.331466
19.501, 1.385289, 2.331466
19.502, 1.385289, 2.331466
19.503, 1.385289, 2.331466
19.504, 1.385289, 2.331466
19.505, 1.385289, 2.331466
19.506, 1.385289, 2.331466
19.507, 1.385289, 2.331466
19.508, 1.385289, 2.331466
19.509, 1.385289, 2.331466
19.51, 1.408603, 2.296186
19.511, 1.408603, 2.296186
19.512, 1.408603, 2.296186
19.513, 1.408603, 2.296186
19.514, 1.408603, 2.296186
19.515, 1.408603, 2.296186
19.516, 1.408603, 2.296186
19.517, 1.408603, 2.296186
19.518, 1.408603, 2.296186
19.519, 1.408603, 2.296186
19.52, 1.431565, 2.259502
19.521, 1.431565, 2.259502
19.522, 1.431565, 2.259502
19.523, 1.431565, 2.259502
19.524, 1.431565, 2.259502
19.525, 1.431565, 2.259502
19.526, 1.431565, 2.259502
19.527, 1.431565, 2.259502
19.528, 1.431565, 2.259502
19.529, 1.431565, 2.259502
19.53, 1.454160, 2.221475
19.531, 1.454160, 2.221475
19.532, 1.454160, 2.221475
19.533, 1.454160, 2.221475
19.534, 1.454160, 2.221475
19.535, 1.454160, 2.221475
19.536, 1.454160, 2.221475
19.537, 1.454160, 2.221475
19.538, 1.454160, 2.221475
19.539, 1.454160, 2.221475
19.54, 1.476375, 2.182173
19.541, 1.476375, 2.182173
19.542, 1.476375, 2.182173
19.543, 1.476375, 2.182173
19.544, 1.476375, 2.182173
19.545, 1.476375, 2.182173
19.546, 1.476375, 2.182173
19.547, 1.476375, 2.182173
19.548, 1.476375, 2.182173
19.549, 1.476375, 2.182173
19.55, 1.498197, 2.141667
19.551, 1.498197, 2.141667
19.552, 1.498197, 2.141667
19.553, 1.498197, 2.141667
19.554, 1.498197, 2.141667
19.555, 1.498197, 2.141667
19.556, 1.498197, 2.141667
19.557, 1.498197, 2.141667
19.558, 1.498197, 2.141667
19.559, 1.498197, 2.141667
19.56, 1.519614, 2.100030
19.561, 1.519614, 2.100030
19.562, 1.519614, 2.100030
19.563, 1.519614, 2.100030
19.564, 1.519614, 2.100030
19.565, 1.519614, 2.100030
19.566, 1.519614, 2.100030
19.567, 1.519614, 2.100030
19.568, 1.519614, 2.100030
19.569, 1.519614, 2.100030
19.57, 1.540614, 2.057340
19.571, 1.540614, 2.057340
19.572, 1.540614, 2.057340
19.573, 1.540614, 2.057340
19.574, 1.540614, 2.057340
19.575, 1.540614, 2.057340
19.576, 1.540614, 2.057340
19.577, 1.540614, 2.057340
19.578, 1.540614, 2.057340
19.579, 1.540614, 2.057340
19.58, 1.561187, 2.013676
19.581, 1.561187, 2.013676
19.582, 1.561187, 2.013676
19.583, 1.561187, 2.013676
19.584, 1.561187, 2.013676
19.585, 1.561187, 2.013676
19.586, 1.561187, 2.013676
19.587, 1.561187, 2.013676
19.588, 1.561187, 2.013676
19.589, 1.561187, 2.013676
19.59, 1.581324, 1.969122
19.591, 1.581324, 1.969122
19.592, 1.581324, 1.969122
19.593, 1.581324, 1.969122
19.594, 1.581324, 1.969122
19.595, 1.581324, 1.969122
19.596, 1.581324, 1.969122
19.597, 1.581324, 1.969122
19.598, 1.581324, 1.969122
19.599, 1.581324, 1.969122
19.6, 1.601015, 1.923760
19.601, 1.601015, 1.923760
19.602, 1.601015, 1.923760
19.603, 1.601015, 1.923760
19.604, 1.601015, 1.923760
19.605, 1.601015, 1.923760
19.606, 1.601015, 1.923760
19.607, 1.601015, 1.923760
19.608, 1.601015, 1.923760
19.609, 1.601015, 1.923760
19.61, 1.620253, 1.877677
19.611, 1.620253, 1.877677
19.612, 1.620253, 1.877677
19.613, 1.620253, 1.877677
19.614, 1.620253, 1.877677
19.615, 1.620253, 1.877677
19.616, 1.620253, 1.877677
19.617, 1.620253, 1.877677
19.618, 1.620253, 1.877677
19.619, 1.620253, 1.877677
19.62, 1.639030, 1.830958
19.621, 1.639030, 1.830958
19.622, 1.639030, 1.830958
19.623, 1.639030, 1.830958
19.624, 1.639030, 1.830958
19.625, 1.639030, 1.830958
19.626, 1.639030, 1.830958
19.627, 1.639030, 1.830958
19.628, 1.639030, 1.830958
19.629, 1.639030, 1.830958
19.63, 1.657339, 1.783690
19.631, 1.657339, 1.783690
19.632, 1.657339, 1.783690
19.633, 1.657339, 1.783690
19.634, 1.657339, 1.783690
19.635, 1.657339, 1.783690
19.636, 1.657339, 1.783690
19.637, 1.657339, 1.783690
19.638, 1.657339, 1.783690
19.639, 1.657339, 1.783690
19.64, 1.675176, 1.735959
19.641, 1.675176, 1.735959
19.642, 1.675176, 1.735959
19.643, 1.675176, 1.735959
19.644, 1.675176, 1.735959
19.645, 1.675176, 1.735959
19.646, 1.675176, 1.735959
19.647, 1.675176, 1.735959
19.648, 1.675176, 1.735959
19.649, 1.675176, 1.735959
19.65, 1.692536, 1.687853
19.651, 1.692536, 1.687853
19.652, 1.692536, 1.687853
19.653, 1.692536, 1.687853
19.654, 1.692536, 1.687853
19.655, 1.692536, 1.687853
19.656, 1.692536, 1.687853
19.657, 1.692536, 1.687853
19.658, 1.692536, 1.687853
19.659, 1.692536, 1.687853
19.66, 1.709414, 1.639454
19.661, 1.709414, 1.639454
19.662, 1.709414, 1.639454
19.663, 1.709414, 1.639454
19.664, 1.709414, 1.639454
19.665, 1.709414, 1.639454
19.666, 1.709414, 1.639454
19.667, 1.709414, 1.639454
19.668, 1.709414, 1.639454
19.669, 1.709414, 1.639454
19.67, 1.725809, 1.590848
19.671, 1.725809, 1.590848
19.672, 1.725809, 1.590848
19.673, 1.725809, 1.590848
19.674, 1.725809, 1.590848
19.675, 1.725809, 1.590848
19.676, 1.725809, 1.590848
19.677, 1.725809, 1.590848
19.678, 1.725809, 1.590848
19.679, 1.725809, 1.590848
19.68, 1.741717, 1.542116
19.681, 1.741717, 1.542116
19.682, 1.741717, 1.542116
19.683, 1.741717, 1.542116
19.684, 1.741717, 1.542116
19.685, 1.741717, 1.542116
19.686, 1.741717, 1.542116
19.687, 1.741717, 1.542116
19.688, 1.741717, 1.542116
19.689, 1.741717, 1.542116
19.69, 1.757138, 1.493339
19.691, 1.757138, 1.493339
19.692, 1.757138, 1.493339
19.693, 1.757138, 1.493339
19.694, 1.757138, 1.493339
19.695, 1.757138, 1.493339
19.696, 1.757138, 1.493339
19.697, 1.757138, 1.493339
19.698, 1.757138, 1.493339
19.699, 1.757138, 1.493339
19.7, 1.772072, 1.444594
19.701, 1.772072, 1.444594
19.702, 1.772072, 1.444594
19.703, 1.772072, 1.444594
19.704, 1.772072, 1.444594
19.705, 1.772072, 1.444594
19.706, 1.772072, 1.444594
19.707, 1.772072, 1.444594
19.708, 1.772072, 1.444594
19.709, 1.772072, 1.444594
19.71, 1.786518, 1.395955
19.711, 1.786518, 1.395955
19.712, 1.786518, 1.395955
19.713, 1.786518, 1.395955
19.714, 1.786518, 1.395955
19.715, 1.786518, 1.395955
19.716, 1.786518, 1.395955
19.717, 1.786518, 1.395955
19.718, 1.786518, 1.395955
19.719, 1.786518, 1.395955
19.72, 1.800477, 1.347496
19.721, 1.800477, 1.347496
19.722, 1.800477, 1.347496
19.723, 1.800477, 1.347496
19.724, 1.800477, 1.347496
19.725, 1.800477, 1.347496
19.726, 1.800477, 1.347496
19.727, 1.800477, 1.347496
19.728, 1.800477, 1.347496
19.729, 1.800477, 1.347496
19.73, 1.813952, 1.299284
19.731, 1.813952, 1.299284
19.732, 1.813952, 1.299284
19.733, 1.813952, 1.299284
19.734, 1.813952, 1.299284
19.735, 1.813952, 1.299284
19.736, 1.813952, 1.299284
19.737, 1.813952, 1.299284
19.738, 1.813952, 1.299284
19.739, 1.813952, 1.299284
19.74, 1.826945, 1.251385
19.741, 1.826945, 1.251385
19.742, 1.826945, 1.251385
19.743, 1.826945, 1.251385
19.744, 1.826945, 1.251385
19.745, 1.826945, 1.251385
19.746, 1.826945, 1.251385
19.747, 1.826945, 1.251385
19.748, 1.826945, 1.251385
19.749, 1.826945, 1.251385
19.75, 1.839459, 1.203862
19.751, 1.839459, 1.203862
19.752, 1.839459, 1.203862
19.753, 1.839459, 1.203862
19.754, 1.839459, 1.203862
19.755, 1.839459, 1.203862
19.756, 1.839459, 1.203862
19.757, 1.839459, 1.203862
19.758, 1.839459, 1.203862
19.759, 1.839459, 1.203862
19.76, 1.851498, 1.156772
19.761, 1.851498, 1.156772
19.762, 1.851498, 1.156772
19.763, 1.851498, 1.156772
19.764, 1.851498, 1.156772
19.765, 1.851498, 1.156772
19.766, 1.851498, 1.156772
19.767, 1.851498, 1.156772
19.768, 1.851498, 1.156772
19.769, 1.851498, 1.156772
19.77, 1.863065, 1.110170
19.771, 1.863065, 1.110170
19.772, 1.863065, 1.110170
19.773, 1.863065, 1.110170
19.774, 1.863065, 1.110170
19.775, 1.863065, 1.110170
19.776, 1.863065, 1.110170
19.777, 1.863065, 1.110170
19.778, 1.863065, 1.110170
19.779, 1.863065, 1.110170
19.78, 1.874167, 1.064107
19.781, 1.874167, 1.064107
19.782, 1.874167, 1.064107
19.783, 1.874167, 1.064107
19.784, 1.874167, 1.064107
19.785, 1.874167, 1.064107
19.786, 1.874167, 1.064107
19.787, 1.874167, 1.064107
19.788, 1.874167, 1.064107
19.789, 1.874167, 1.064107
19.79, 1.884808, 1.018630
19.791, 1.884808, 1.018630
19.792, 1.884808, 1.018630
19.793, 1.884808, 1.018630
19.794, 1.884808, 1.018630
19.795, 1.884808, 1.018630
19.796, 1.884808, 1.018630
19.797, 1.884808, 1.018630
19.798, 1.884808, 1.018630
19.799, 1.884808, 1.018630
19.8, 1.894994, 0.973781
19.801, 1.894994, 0.973781
19.802, 1.894994, 0.973781
19.803, 1.894994, 0.973781
19.804, 1.894994, 0.973781
19.805, 1.894994, 0.973781
19.806, 1.894994, 0.973781
19.807, 1.894994, 0.973781
19.808, 1.894994, 0.973781
19.809, 1.894994, 0.973781
19.81, 1.904732, 0.929600
19.811, 1.904732, 0.929600
19.812, 1.904732, 0.929600
19.813, 1.904732, 0.929600
19.814, 1.904732, 0.929600
19.815, 1.904732, 0.929600
19.816, 1.904732, 0.929600
19.817, 1.904732, 0.929600
19.818, 1.904732, 0.929600
19.819, 1.904732, 0.929600
19.82, 1.914028, 0.886123
19.821, 1.914028, 0.886123
19.822, 1.914028, 0.886123
19.823, 1.914028, 0.886123
19.824, 1.914028, 0.886123
19.825, 1.914028, 0.886123
19.826, 1.914028, 0.886123
19.827, 1.914028, 0.886123
19.828, 1.914028, 0.886123
19.829, 1.914028, 0.886123
19.83, 1.922889, 0.843381
19.831, 1.922889, 0.843381
19.832, 1.922889, 0.843381
19.833, 1.922889, 0.843381
19.834, 1.922889, 0.843381
19.835, 1.922889, 0.843381
19.836, 1.922889, 0.843381
19.837, 1.922889, 0.843381
19.838, 1.922889, 0.843381
19.839, 1.922889, 0.843381
19.84, 1.931323, 0.801402
19.841, 1.931323, 0.801402
19.842, 1.931323, 0.801402
19.843, 1.931323, 0.801402
19.844, 1.931323, 0.801402
19.845, 1.931323, 0.801402
19.846, 1.931323, 0.801402
19.847, 1.931323, 0.801402
19.848, 1.931323, 0.801402
19.849, 1.931323, 0.801402
19.85, 1.939337, 0.760210
19.851, 1.939337, 0.760210
19.852, 1.939337, 0.760210
19.853, 1.939337, 0.760210
19.854, 1.939337, 0.760210
19.855, 1.939337, 0.760210
19.856, 1.939337, 0.760210
19.857, 1.939337, 0.760210
19.858, 1.939337, 0.760210
19.859, 1.939337, 0.760210
19.86, 1.946939, 0.719827
19.861, 1.946939, 0.719827
19.862, 1.946939, 0.719827
19.863, 1.946939, 0.719827
19.864, 1.946939, 0.719827
19.865, 1.946939, 0.719827
19.866, 1.946939, 0.719827
19.867, 1.946939, 0.719827
19.868, 1.946939, 0.719827
19.869, 1.946939, 0.719827
19.87, 1.954138, 0.680270
19.871, 1.954138, 0.680270
19.872, 1.954138, 0.680270
19.873, 1.954138, 0.680270
19.874, 1.954138, 0.680270
19.875, 1.954138, 0.680270
19.876, 1.954138, 0.680270
19.877, 1.954138, 0.680270
19.878, 1.954138, 0.680270
19.879, 1.954138, 0.680270
19.88, 1.960940, 0.641555
19.881, 1.960940, 0.641555
19.882, 1.960940, 0.641555
19.883, 1.960940, 0.641555
19.884, 1.960940, 0.641555
19.885, 1.960940, 0.641555
19.886, 1.960940, 0.641555
19.887, 1.960940, 0.641555
19.888, 1.960940, 0.641555
19.889, 1.960940, 0.641555
19.89, 1.967356, 0.603691
19.891, 1.967356, 0.603691
19.892, 1.967356, 0.603691
19.893, 1.967356, 0.603691
19.894, 1.967356, 0.603691
19.895, 1.967356, 0.603691
19.896, 1.967356, 0.603691
19.897, 1.967356, 0.603691
19.898, 1.967356, 0.603691
19.899, 1.967356, 0.603691
19.9, 1.973393, 0.566689
19.901, 1.973393, 0.566689
19.902, 1.973393, 0.566689
19.903, 1.973393, 0.566689
19.904, 1.973393, 0.566689
19.905, 1.973393, 0.566689
19.906, 1.973393, 0.566689
19.907, 1.973393, 0.566689
19.908, 1.973393, 0.566689
19.909, 1.973393, 0.566689
19.91, 1.979060, 0.530553
19.911, 1.979060, 0.530553
19.912, 1.979060, 0.530553
19.913, 1.979060, 0.530553
19.914, 1.979060, 0.530553
19.915, 1.979060, 0.530553
19.916, 1.979060, 0.530553
19.917, 1.979060, 0.530553
19.918, 1.979060, 0.530553
19.919, 1.979060, 0.530553
19.92, 1.984365, 0.495288
19.921, 1.984365, 0.495288
19.922, 1.984365, 0.495288
19.923, 1.984365, 0.495288
19.924, 1.984365, 0.495288
19.925, 1.984365, 0.495288
19.926, 1.984365, 0.495288
19.927, 1.984365, 0.495288
19.928, 1.984365, 0.495288
19.929, 1.984365, 0.495288
19.93, 1.989318, 0.460894
19.931, 1.989318, 0.460894
19.932, 1.989318, 0.460894
19.933, 1.989318, 0.460894
19.934, 1.989318, 0.460894
19.935, 1.989318, 0.460894
19.936, 1.989318, 0.460894
19.937, 1.989318, 0.460894
19.938, 1.989318, 0.460894
19.939, 1.989318, 0.460894
19.94, 1.993927, 0.427371
19.941, 1.993927, 0.427371
19.942, 1.993927, 0.427371
19.943, 1.993927, 0.427371
19.944, 1.993927, 0.427371
19.945, 1.993927, 0.427371
19.946, 1.993927, 0.427371
19.947, 1.993927, 0.427371
19.948, 1.993927, 0.427371
19.949, 1.993927, 0.427371
19.95, 1.998201, 0.394714
19.951, 1.998201, 0.394714
19.952, 1.998201, 0.394714
19.953, 1.998201, 0.394714
19.954, 1.998201, 0.394714
19.955, 1.998201, 0.394714
19.956, 1.998201, 0.394714
19.957, 1.998201, 0.394714
19.958, 1.998201, 0.394714
19.959, 1.998201, 0.394714
19.96, 2.002148, 0.362919
19.961, 2.002148, 0.362919
19.962, 2.002148, 0.362919
19.963, 2.002148, 0.362919
19.964, 2.002148, 0.362919
19.965, 2.002148, 0.362919
19.966, 2.002148, 0.362919
19.967, 2.002148, 0.362919
19.968, 2.002148, 0.362919
19.969, 2.002148, 0.362919
19.97, 2.005777, 0.331979
19.971, 2.005777, 0.331979
19.972, 2.005777, 0.331979
19.973, 2.005777, 0.331979
19.974, 2.005777, 0.331979
19.975, 2.005777, 0.331979
19.976, 2.005777, 0.331979
19.977, 2.005777, 0.331979
19.978, 2.005777, 0.331979
19.979, 2.005777, 0.331979
19.98, 2.009097, 0.301885
19.981, 2.009097, 0.301885
19.982, 2.009097, 0.301885
19.983, 2.009097, 0.301885
19.984, 2.009097, 0.301885
19.985, 2.009097, 0.301885
19.986, 2.009097, 0.301885
19.987, 2.009097, 0.301885
19.988, 2.009097, 0.301885
19.989, 2.009097, 0.301885
19.99, 2.012116, 0.272627
19.991, 2.012116, 0.272627
19.992, 2.012116, 0.272627
19.993, 2.012116, 0.272627
19.994, 2.012116, 0.272627
19.995, 2.012116, 0.272627
19.996, 2.012116, 0.272627
19.997, 2.012116, 0.272627
19.998, 2.012116, 0.272627
19.999, 2.012116, 0.272627
20, 2.014842, 0.244195
