"time","model.root.$wallTime","model.root.fmu.$wallTime","system.fmu.time","system.fmu.x","system.fmu.der(x)","system.fmu.k"
0, 1.3271e-05, 1.169e-06, 0, 1, -1, 1
0.001, 1.6641e-05, 1.979e-06, 0, 1, -1, 1
0.002, 2.2041e-05, 2.299e-06, 0, 1, -1, 1
0.003, 2.6141e-05, 2.549e-06, 0, 1, -1, 1
0.004, 2.9841e-05, 2.799e-06, 0, 1, -1, 1
0.005, 3.3461e-05, 3.049e-06, 0, 1, -1, 1
0.006, 3.7001e-05, 3.299e-06, 0, 1, -1, 1
0.007, 4.0532e-05, 3.55e-06, 0, 1, -1, 1
0.008, 4.3991e-05, 3.81e-06, 0, 1, -1, 1
0.009, 4.7511e-05, 4.069e-06, 0, 1, -1, 1
0.01, 5.098e-05, 4.331e-06, 0, 1, -1, 1
0.011, 5.443e-05, 4.592e-06, 0, 1, -1, 1
0.012, 5.7821e-05, 4.853e-06, 0, 1, -1, 1
0.013, 6.1151e-05, 5.123e-06, 0, 1, -1, 1
0.014, 6.458e-05, 5.383e-06, 0, 1, -1, 1
0.015, 6.809e-05, 5.642e-06, 0, 1, -1, 1
0.016, 7.162e-05, 5.913e-06, 0, 1, -1, 1
0.017, 7.5039e-05, 6.172e-06, 0, 1, -1, 1
0.018, 7.846e-05, 6.421e-06, 0, 1, -1, 1
0.019, 8.181e-05, 6.672e-06, 0, 1, -1, 1
0.02, 8.527e-05, 6.922e-06, 0, 1, -1, 1
0.021, 8.873e-05, 7.182e-06, 0, 1, -1, 1
0.022, 9.223e-05, 7.442e-06, 0, 1, -1, 1
0.023, 9.68e-05, 7.792e-06, 0, 1, -1, 1
0.024, 0.00010185, 8.202e-06, 0, 1, -1, 1
0.025, 0.0001069, 8.622e-06, 0, 1, -1, 1
0.026, 0.00011229, 9.012e-06, 0, 1, -1, 1
0.027, 0.000117091, 9.441e-06, 0, 1, -1, 1
0.028, 0.000121851, 9.822e-06, 0, 1, -1, 1
0.029, 0.000126801, 1.0211e-05, 0, 1, -1, 1
0.03, 0.000131832, 1.0631e-05, 0, 1, -1, 1
0.031, 0.000136501, 1.1042e-05, 0, 1, -1, 1
0.032, 0.000141501, 1.1462e-05, 0, 1, -1, 1
0.033, 0.000146341, 1.1853e-05, 0, 1, -1, 1
0.034, 0.0001512, 1.2254e-05, 0, 1, -1, 1
0.035, 0.000156209, 1.2673e-05, 0, 1, -1, 1
0.036, 0.000161859, 1.3083e-05, 0, 1, -1, 1
0.037, 0.000166919, 1.3503e-05, 0, 1, -1, 1
0.038, 0.000171199, 1.3833e-05, 0, 1, -1, 1
0.039, 0.000174579, 1.4083e-05, 0, 1, -1, 1
0.04, 0.000178029, 1.4343e-05, 0, 1, -1, 1
0.041, 0.000181619, 1.4613e-05, 0, 1, -1, 1
0.042, 0.000185109, 1.4883e-05, 0, 1, -1, 1
0.043, 0.000188509, 1.5143e-05, 0, 1, -1, 1
0.044, 0.00019198, 1.5414e-05, 0, 1, -1, 1
0.045, 0.000195279, 1.5683e-05, 0, 1, -1, 1
0.046, 0.000198939, 1.5956e-05, 0, 1, -1, 1
0.047, 0.000202329, 1.6227e-05, 0, 1, -1, 1
0.048, 0.000205878, 1.6497e-05, 0, 1, -1, 1
0.049, 0.000209277, 1.6757e-05, 0, 1, -1, 1
0.05, 0.000212687, 1.7018e-05, 0, 1, -1, 1
0.051, 0.000216127, 1.7277e-05, 0, 1, -1, 1
0.052, 0.000219576, 1.7537e-05, 0, 1, -1, 1
0.053, 0.000223017, 1.7787e-05, 0, 1, -1, 1
0.054, 0.000226436, 1.8047e-05, 0, 1, -1, 1
0.055, 0.000230005, 1.8297e-05, 0, 1, -1, 1
0.056, 0.000233306, 1.8548e-05, 0, 1, -1, 1
0.057, 0.000236856, 1.8808e-05, 0, 1, -1, 1
0.058, 0.000240276, 1.9068e-05, 0, 1, -1, 1
0.059, 0.000243706, 1.9328e-05, 0, 1, -1, 1
0.06, 0.000247026, 1.9588e-05, 0, 1, -1, 1
0.061, 0.000250556, 1.9858e-05, 0, 1, -1, 1
0.062, 0.000253926, 2.0128e-05, 0, 1, -1, 1
0.063, 0.000257396, 2.0388e-05, 0, 1, -1, 1
0.064, 0.000260846, 2.0638e-05, 0, 1, -1, 1
0.065, 0.000264256, 2.0888e-05, 0, 1, -1, 1
0.066, 0.000267706, 2.1147e-05, 0, 1, -1, 1
0.067, 0.000271116, 2.1396e-05, 0, 1, -1, 1
0.068, 0.000274596, 2.1655e-05, 0, 1, -1, 1
0.069, 0.000277987, 2.1904e-05, 0, 1, -1, 1
0.07, 0.000281487, 2.2174e-05, 0, 1, -1, 1
0.071, 0.000284826, 2.2431e-05, 0, 1, -1, 1
0.072, 0.000288296, 2.2703e-05, 0, 1, -1, 1
0.073, 0.000291726, 2.2971e-05, 0, 1, -1, 1
0.074, 0.000295196, 2.3233e-05, 0, 1, -1, 1
0.075, 0.000298526, 2.3494e-05, 0, 1, -1, 1
0.076, 0.000301906, 2.3743e-05, 0, 1, -1, 1
0.077, 0.000305286, 2.4003e-05, 0, 1, -1, 1
0.078, 0.000308627, 2.4263e-05, 0, 1, -1, 1
0.079, 0.000312077, 2.4532e-05, 0, 1, -1, 1
0.08, 0.000315527, 2.4802e-05, 0, 1, -1, 1
0.081, 0.000319097, 2.5062e-05, 0, 1, -1, 1
0.082, 0.000322487, 2.5312e-05, 0, 1, -1, 1
0.083, 0.000325927, 2.5562e-05, 0, 1, -1, 1
0.084, 0.000329307, 2.5812e-05, 0, 1, -1, 1
0.085, 0.000332787, 2.6072e-05, 0, 1, -1, 1
0.086, 0.000336137, 2.6332e-05, 0, 1, -1, 1
0.087, 0.000339707, 2.6602e-05, 0, 1, -1, 1
0.088, 0.000343137, 2.6872e-05, 0, 1, -1, 1
0.089, 0.000346547, 2.7144e-05, 0, 1, -1, 1
0.09, 0.000349917, 2.7414e-05, 0, 1, -1, 1
0.091, 0.000353317, 2.7673e-05, 0, 1, -1, 1
0.092, 0.000356727, 2.7924e-05, 0, 1, -1, 1
0.093, 0.000364527, 2.8174e-05, 0, 1, -1, 1
0.094, 0.000368127, 2.8423e-05, 0, 1, -1, 1
0.095, 0.000371616, 2.8692e-05, 0, 1, -1, 1
0.096, 0.000374977, 2.8973e-05, 0, 1, -1, 1
0.097, 0.000378407, 2.9231e-05, 0, 1, -1, 1
0.098, 0.000381727, 2.948e-05, 0, 1, -1, 1
0.099, 0.000385148, 2.9751e-05, 0, 1, -1, 1
0.1, 0.000388758, 3.0222e-05, 0.1, 0.9, -0.9, 1
0.101, 0.000392508, 3.0502e-05, 0.1, 0.9, -0.9, 1
0.102, 0.000396098, 3.0762e-05, 0.1, 0.9, -0.9, 1
0.103, 0.000399688, 3.1032e-05, 0.1, 0.9, -0.9, 1
0.104, 0.000403188, 3.1282e-05, 0.1, 0.9, -0.9, 1
0.105, 0.000406828, 3.1532e-05, 0.1, 0.9, -0.9, 1
0.106, 0.000410388, 3.1782e-05, 0.1, 0.9, -0.9, 1
0.107, 0.000414068, 3.2042e-05, 0.1, 0.9, -0.9, 1
0.108, 0.000417528, 3.2292e-05, 0.1, 0.9, -0.9, 1
0.109, 0.000421098, 3.2551e-05, 0.1, 0.9, -0.9, 1
0.11, 0.000424578, 3.281e-05, 0.1, 0.9, -0.9, 1
0.111, 0.000428098, 3.3071e-05, 0.1, 0.9, -0.9, 1
0.112, 0.000431578, 3.3332e-05, 0.1, 0.9, -0.9, 1
0.113, 0.000435058, 3.3583e-05, 0.1, 0.9, -0.9, 1
0.114, 0.000438538, 3.3832e-05, 0.1, 0.9, -0.9, 1
0.115, 0.000442027, 3.4081e-05, 0.1, 0.9, -0.9, 1
0.116, 0.000445568, 3.4354e-05, 0.1, 0.9, -0.9, 1
0.117, 0.000449119, 3.4614e-05, 0.1, 0.9, -0.9, 1
0.118, 0.000452689, 3.4873e-05, 0.1, 0.9, -0.9, 1
0.119, 0.000456159, 3.5124e-05, 0.1, 0.9, -0.9, 1
0.12, 0.000459769, 3.5376e-05, 0.1, 0.9, -0.9, 1
0.121, 0.000463259, 3.5637e-05, 0.1, 0.9, -0.9, 1
0.122, 0.000466799, 3.5906e-05, 0.1, 0.9, -0.9, 1
0.123, 0.000470259, 3.6166e-05, 0.1, 0.9, -0.9, 1
0.124, 0.000473839, 3.6426e-05, 0.1, 0.9, -0.9, 1
0.125, 0.000477249, 3.6686e-05, 0.1, 0.9, -0.9, 1
0.126, 0.000480739, 3.6956e-05, 0.1, 0.9, -0.9, 1
0.127, 0.000484109, 3.7226e-05, 0.1, 0.9, -0.9, 1
0.128, 0.000487619, 3.7486e-05, 0.1, 0.9, -0.9, 1
0.129, 0.000491119, 3.7746e-05, 0.1, 0.9, -0.9, 1
0.13, 0.000494649, 3.7996e-05, 0.1, 0.9, -0.9, 1
0.131, 0.000498189, 3.8254e-05, 0.1, 0.9, -0.9, 1
0.132, 0.000501709, 3.8523e-05, 0.1, 0.9, -0.9, 1
0.133, 0.000505349, 3.8793e-05, 0.1, 0.9, -0.9, 1
0.134, 0.00050881, 3.9063e-05, 0.1, 0.9, -0.9, 1
0.135, 0.00051245, 3.9311e-05, 0.1, 0.9, -0.9, 1
0.136, 0.000516031, 3.9583e-05, 0.1, 0.9, -0.9, 1
0.137, 0.000519562, 3.9834e-05, 0.1, 0.9, -0.9, 1
0.138, 0.000523042, 4.0084e-05, 0.1, 0.9, -0.9, 1
0.139, 0.000526562, 4.0344e-05, 0.1, 0.9, -0.9, 1
0.14, 0.000529993, 4.0614e-05, 0.1, 0.9, -0.9, 1
0.141, 0.000533513, 4.0873e-05, 0.1, 0.9, -0.9, 1
0.142, 0.000536993, 4.1123e-05, 0.1, 0.9, -0.9, 1
0.143, 0.000540703, 4.1373e-05, 0.1, 0.9, -0.9, 1
0.144, 0.000544253, 4.1623e-05, 0.1, 0.9, -0.9, 1
0.145, 0.000547793, 4.1883e-05, 0.1, 0.9, -0.9, 1
0.146, 0.000551293, 4.2153e-05, 0.1, 0.9, -0.9, 1
0.147, 0.000554812, 4.2413e-05, 0.1, 0.9, -0.9, 1
0.148, 0.000558392, 4.2683e-05, 0.1, 0.9, -0.9, 1
0.149, 0.000561922, 4.2953e-05, 0.1, 0.9, -0.9, 1
0.15, 0.000565472, 4.3223e-05, 0.1, 0.9, -0.9, 1
0.151, 0.000568902, 4.3493e-05, 0.1, 0.9, -0.9, 1
0.152, 0.000572422, 4.3743e-05, 0.1, 0.9, -0.9, 1
0.153, 0.000575801, 4.4004e-05, 0.1, 0.9, -0.9, 1
0.154, 0.000579422, 4.4256e-05, 0.1, 0.9, -0.9, 1
0.155, 0.000582971, 4.4496e-05, 0.1, 0.9, -0.9, 1
0.156, 0.000586571, 4.4746e-05, 0.1, 0.9, -0.9, 1
0.157, 0.000589971, 4.4994e-05, 0.1, 0.9, -0.9, 1
0.158, 0.000593451, 4.5243e-05, 0.1, 0.9, -0.9, 1
0.159, 0.0005969, 4.5503e-05, 0.1, 0.9, -0.9, 1
0.16, 0.00060034, 4.5751e-05, 0.1, 0.9, -0.9, 1
0.161, 0.0006039, 4.601e-05, 0.1, 0.9, -0.9, 1
0.162, 0.0006076, 4.6277e-05, 0.1, 0.9, -0.9, 1
0.163, 0.00061115, 4.6539e-05, 0.1, 0.9, -0.9, 1
0.164, 0.0006146, 4.6788e-05, 0.1, 0.9, -0.9, 1
0.165, 0.00061817, 4.7027e-05, 0.1, 0.9, -0.9, 1
0.166, 0.00062169, 4.7297e-05, 0.1, 0.9, -0.9, 1
0.167, 0.00062523, 4.7557e-05, 0.1, 0.9, -0.9, 1
0.168, 0.00062875, 4.7817e-05, 0.1, 0.9, -0.9, 1
0.169, 0.0006323, 4.8077e-05, 0.1, 0.9, -0.9, 1
0.17, 0.0006358, 4.8337e-05, 0.1, 0.9, -0.9, 1
0.171, 0.00063932, 4.8587e-05, 0.1, 0.9, -0.9, 1
0.172, 0.00064273, 4.8847e-05, 0.1, 0.9, -0.9, 1
0.173, 0.000646291, 4.9106e-05, 0.1, 0.9, -0.9, 1
0.174, 0.000649811, 4.9355e-05, 0.1, 0.9, -0.9, 1
0.175, 0.000653422, 4.9613e-05, 0.1, 0.9, -0.9, 1
0.176, 0.000659852, 4.9883e-05, 0.1, 0.9, -0.9, 1
0.177, 0.000663523, 5.0142e-05, 0.1, 0.9, -0.9, 1
0.178, 0.000666953, 5.0403e-05, 0.1, 0.9, -0.9, 1
0.179, 0.000670484, 5.0665e-05, 0.1, 0.9, -0.9, 1
0.18, 0.000673945, 5.0935e-05, 0.1, 0.9, -0.9, 1
0.181, 0.000677454, 5.1193e-05, 0.1, 0.9, -0.9, 1
0.182, 0.000681023, 5.1465e-05, 0.1, 0.9, -0.9, 1
0.183, 0.000684583, 5.1724e-05, 0.1, 0.9, -0.9, 1
0.184, 0.000688082, 5.1972e-05, 0.1, 0.9, -0.9, 1
0.185, 0.000691583, 5.2234e-05, 0.1, 0.9, -0.9, 1
0.186, 0.000695073, 5.2494e-05, 0.1, 0.9, -0.9, 1
0.187, 0.000698583, 5.2744e-05, 0.1, 0.9, -0.9, 1
0.188, 0.000701963, 5.2994e-05, 0.1, 0.9, -0.9, 1
0.189, 0.000705593, 5.3254e-05, 0.1, 0.9, -0.9, 1
0.19, 0.000709063, 5.3524e-05, 0.1, 0.9, -0.9, 1
0.191, 0.000712593, 5.3784e-05, 0.1, 0.9, -0.9, 1
0.192, 0.000716013, 5.4054e-05, 0.1, 0.9, -0.9, 1
0.193, 0.000719573, 5.4314e-05, 0.1, 0.9, -0.9, 1
0.194, 0.000723004, 5.4585e-05, 0.1, 0.9, -0.9, 1
0.195, 0.000726484, 5.4856e-05, 0.1, 0.9, -0.9, 1
0.196, 0.000730014, 5.5116e-05, 0.1, 0.9, -0.9, 1
0.197, 0.000733585, 5.5387e-05, 0.1, 0.9, -0.9, 1
0.198, 0.000737115, 5.5647e-05, 0.1, 0.9, -0.9, 1
0.199, 0.000740534, 5.5905e-05, 0.1, 0.9, -0.9, 1
0.2, 0.000744244, 5.6335e-05, 0.2, 0.81, -0.81, 1
0.201, 0.000747865, 5.6625e-05, 0.2, 0.81, -0.81, 1
0.202, 0.000751395, 5.6883e-05, 0.2, 0.81, -0.81, 1
0.203, 0.000754945, 5.7135e-05, 0.2, 0.81, -0.81, 1
0.204, 0.000758494, 5.7384e-05, 0.2, 0.81, -0.81, 1
0.205, 0.000762084, 5.7647e-05, 0.2, 0.81, -0.81, 1
0.206, 0.000765673, 5.7896e-05, 0.2, 0.81, -0.81, 1
0.207, 0.000769204, 5.8156e-05, 0.2, 0.81, -0.81, 1
0.208, 0.000772764, 5.8416e-05, 0.2, 0.81, -0.81, 1
0.209, 0.000776224, 5.8686e-05, 0.2, 0.81, -0.81, 1
0.21, 0.000779844, 5.8956e-05, 0.2, 0.81, -0.81, 1
0.211, 0.000783334, 5.9226e-05, 0.2, 0.81, -0.81, 1
0.212, 0.000786964, 5.9486e-05, 0.2, 0.81, -0.81, 1
0.213, 0.000790424, 5.9746e-05, 0.2, 0.81, -0.81, 1
0.214, 0.000793934, 6.0016e-05, 0.2, 0.81, -0.81, 1
0.215, 0.000797404, 6.0264e-05, 0.2, 0.81, -0.81, 1
0.216, 0.000800934, 6.0522e-05, 0.2, 0.81, -0.81, 1
0.217, 0.000804514, 6.0784e-05, 0.2, 0.81, -0.81, 1
0.218, 0.000807944, 6.1035e-05, 0.2, 0.81, -0.81, 1
0.219, 0.000811373, 6.1305e-05, 0.2, 0.81, -0.81, 1
0.22, 0.000814823, 6.1566e-05, 0.2, 0.81, -0.81, 1
0.221, 0.000818503, 6.1816e-05, 0.2, 0.81, -0.81, 1
0.222, 0.000822033, 6.2077e-05, 0.2, 0.81, -0.81, 1
0.223, 0.000825593, 6.2347e-05, 0.2, 0.81, -0.81, 1
0.224, 0.000829073, 6.2618e-05, 0.2, 0.81, -0.81, 1
0.225, 0.000832673, 6.2877e-05, 0.2, 0.81, -0.81, 1
0.226, 0.000836294, 6.3127e-05, 0.2, 0.81, -0.81, 1
0.227, 0.000839834, 6.3396e-05, 0.2, 0.81, -0.81, 1
0.228, 0.000843284, 6.3655e-05, 0.2, 0.81, -0.81, 1
0.229, 0.000846944, 6.3925e-05, 0.2, 0.81, -0.81, 1
0.23, 0.000850424, 6.4185e-05, 0.2, 0.81, -0.81, 1
0.231, 0.000854084, 6.4435e-05, 0.2, 0.81, -0.81, 1
0.232, 0.000857564, 6.4695e-05, 0.2, 0.81, -0.81, 1
0.233, 0.000861134, 6.4975e-05, 0.2, 0.81, -0.81, 1
0.234, 0.000864624, 6.5225e-05, 0.2, 0.81, -0.81, 1
0.235, 0.000868054, 6.5465e-05, 0.2, 0.81, -0.81, 1
0.236, 0.000871524, 6.5715e-05, 0.2, 0.81, -0.81, 1
0.237, 0.000874915, 6.5975e-05, 0.2, 0.81, -0.81, 1
0.238, 0.000878355, 6.6234e-05, 0.2, 0.81, -0.81, 1
0.239, 0.000881865, 6.6492e-05, 0.2, 0.81, -0.81, 1
0.24, 0.000885405, 6.6732e-05, 0.2, 0.81, -0.81, 1
0.241, 0.000888866, 6.6994e-05, 0.2, 0.81, -0.81, 1
0.242, 0.000892386, 6.7243e-05, 0.2, 0.81, -0.81, 1
0.243, 0.000895857, 6.7581e-05, 0.2, 0.81, -0.81, 1
0.244, 0.000899666, 6.8041e-05, 0.2, 0.81, -0.81, 1
0.245, 0.000903176, 6.8403e-05, 0.2, 0.81, -0.81, 1
0.246, 0.000906717, 6.8673e-05, 0.2, 0.81, -0.81, 1
0.247, 0.000910226, 6.8923e-05, 0.2, 0.81, -0.81, 1
0.248, 0.000913786, 6.9194e-05, 0.2, 0.81, -0.81, 1
0.249, 0.000917176, 6.9454e-05, 0.2, 0.81, -0.81, 1
0.25, 0.000920597, 6.9724e-05, 0.2, 0.81, -0.81, 1
0.251, 0.000924247, 6.9984e-05, 0.2, 0.81, -0.81, 1
0.252, 0.000927727, 7.0244e-05, 0.2, 0.81, -0.81, 1
0.253, 0.000931227, 7.0504e-05, 0.2, 0.81, -0.81, 1
0.254, 0.000934677, 7.0774e-05, 0.2, 0.81, -0.81, 1
0.255, 0.000938237, 7.1034e-05, 0.2, 0.81, -0.81, 1
0.256, 0.000944297, 7.1284e-05, 0.2, 0.81, -0.81, 1
0.257, 0.000947697, 7.1544e-05, 0.2, 0.81, -0.81, 1
0.258, 0.000951318, 7.1803e-05, 0.2, 0.81, -0.81, 1
0.259, 0.000954708, 7.2061e-05, 0.2, 0.81, -0.81, 1
0.26, 0.000958208, 7.2334e-05, 0.2, 0.81, -0.81, 1
0.261, 0.000961648, 7.2604e-05, 0.2, 0.81, -0.81, 1
0.262, 0.000965279, 7.2865e-05, 0.2, 0.81, -0.81, 1
0.263, 0.000968719, 7.3125e-05, 0.2, 0.81, -0.81, 1
0.264, 0.000972229, 7.3393e-05, 0.2, 0.81, -0.81, 1
0.265, 0.000975768, 7.3655e-05, 0.2, 0.81, -0.81, 1
0.266, 0.000979179, 7.4027e-05, 0.2, 0.81, -0.81, 1
0.267, 0.000983059, 7.4375e-05, 0.2, 0.81, -0.81, 1
0.268, 0.000986569, 7.4638e-05, 0.2, 0.81, -0.81, 1
0.269, 0.000990099, 7.4887e-05, 0.2, 0.81, -0.81, 1
0.27, 0.000993489, 7.5145e-05, 0.2, 0.81, -0.81, 1
0.271, 0.00099702, 7.5395e-05, 0.2, 0.81, -0.81, 1
0.272, 0.00100045, 7.5655e-05, 0.2, 0.81, -0.81, 1
0.273, 0.00100404, 7.5915e-05, 0.2, 0.81, -0.81, 1
0.274, 0.0010075, 7.6165e-05, 0.2, 0.81, -0.81, 1
0.275, 0.00101112, 7.6425e-05, 0.2, 0.81, -0.81, 1
0.276, 0.00101465, 7.6675e-05, 0.2, 0.81, -0.81, 1
0.277, 0.00101824, 7.6935e-05, 0.2, 0.81, -0.81, 1
0.278, 0.00102168, 7.7185e-05, 0.2, 0.81, -0.81, 1
0.279, 0.0010255, 7.7456e-05, 0.2, 0.81, -0.81, 1
0.28, 0.001029029, 7.7714e-05, 0.2, 0.81, -0.81, 1
0.281, 0.001032599, 7.7974e-05, 0.2, 0.81, -0.81, 1
0.282, 0.00103607, 7.8225e-05, 0.2, 0.81, -0.81, 1
0.283, 0.00103963, 7.8484e-05, 0.2, 0.81, -0.81, 1
0.284, 0.00104311, 7.8752e-05, 0.2, 0.81, -0.81, 1
0.285, 0.001046531, 7.9014e-05, 0.2, 0.81, -0.81, 1
0.286, 0.001050041, 7.9263e-05, 0.2, 0.81, -0.81, 1
0.287, 0.001053392, 7.9524e-05, 0.2, 0.81, -0.81, 1
0.288, 0.001056882, 7.9782e-05, 0.2, 0.81, -0.81, 1
0.289, 0.001060272, 8.0033e-05, 0.2, 0.81, -0.81, 1
0.29, 0.001063812, 8.0293e-05, 0.2, 0.81, -0.81, 1
0.291, 0.001067332, 8.0563e-05, 0.2, 0.81, -0.81, 1
0.292, 0.001070852, 8.0822e-05, 0.2, 0.81, -0.81, 1
0.293, 0.001074372, 8.1092e-05, 0.2, 0.81, -0.81, 1
0.294, 0.001077902, 8.1352e-05, 0.2, 0.81, -0.81, 1
0.295, 0.001081422, 8.1592e-05, 0.2, 0.81, -0.81, 1
0.296, 0.001084982, 8.1852e-05, 0.2, 0.81, -0.81, 1
0.297, 0.001088502, 8.2112e-05, 0.2, 0.81, -0.81, 1
0.298, 0.001092422, 8.2362e-05, 0.2, 0.81, -0.81, 1
0.299, 0.001096172, 8.2612e-05, 0.2, 0.81, -0.81, 1
0.3, 0.001099972, 8.3042e-05, 0.3, 0.729, -0.729, 1
0.301, 0.001103512, 8.33e-05, 0.3, 0.729, -0.729, 1
0.302, 0.001107202, 8.3548e-05, 0.3, 0.729, -0.729, 1
0.303, 0.001110662, 8.3808e-05, 0.3, 0.729, -0.729, 1
0.304, 0.001114163, 8.4069e-05, 0.3, 0.729, -0.729, 1
0.305, 0.001117693, 8.4328e-05, 0.3, 0.729, -0.729, 1
0.306, 0.001121192, 8.4576e-05, 0.3, 0.729, -0.729, 1
0.307, 0.001124672, 8.4836e-05, 0.3, 0.729, -0.729, 1
0.308, 0.001128121, 8.5086e-05, 0.3, 0.729, -0.729, 1
0.309, 0.00113162, 8.5346e-05, 0.3, 0.729, -0.729, 1
0.31, 0.0011352, 8.5599e-05, 0.3, 0.729, -0.729, 1
0.311, 0.00113881, 8.5849e-05, 0.3, 0.729, -0.729, 1
0.312, 0.00114235, 8.6116e-05, 0.3, 0.729, -0.729, 1
0.313, 0.001145969, 8.6364e-05, 0.3, 0.729, -0.729, 1
0.314, 0.00114952, 8.6624e-05, 0.3, 0.729, -0.729, 1
0.315, 0.00115313, 8.6884e-05, 0.3, 0.729, -0.729, 1
0.316, 0.00115673, 8.7154e-05, 0.3, 0.729, -0.729, 1
0.317, 0.00116033, 8.7414e-05, 0.3, 0.729, -0.729, 1
0.318, 0.00116387, 8.7674e-05, 0.3, 0.729, -0.729, 1
0.319, 0.00116744, 8.7934e-05, 0.3, 0.729, -0.729, 1
0.32, 0.00117087, 8.8184e-05, 0.3, 0.729, -0.729, 1
0.321, 0.00117454, 8.8444e-05, 0.3, 0.729, -0.729, 1
0.322, 0.00117809, 8.8695e-05, 0.3, 0.729, -0.729, 1
0.323, 0.001181659, 8.8956e-05, 0.3, 0.729, -0.729, 1
0.324, 0.001185099, 8.9215e-05, 0.3, 0.729, -0.729, 1
0.325, 0.001188919, 8.9485e-05, 0.3, 0.729, -0.729, 1
0.326, 0.001192489, 8.9734e-05, 0.3, 0.729, -0.729, 1
0.327, 0.001196068, 8.9985e-05, 0.3, 0.729, -0.729, 1
0.328, 0.001199559, 9.0236e-05, 0.3, 0.729, -0.729, 1
0.329, 0.001203119, 9.0486e-05, 0.3, 0.729, -0.729, 1
0.33, 0.00120653, 9.0747e-05, 0.3, 0.729, -0.729, 1
0.331, 0.00121029, 9.1005e-05, 0.3, 0.729, -0.729, 1
0.332, 0.001213781, 9.1266e-05, 0.3, 0.729, -0.729, 1
0.333, 0.001217261, 9.1535e-05, 0.3, 0.729, -0.729, 1
0.334, 0.001223302, 9.1796e-05, 0.3, 0.729, -0.729, 1
0.335, 0.001226982, 9.2056e-05, 0.3, 0.729, -0.729, 1
0.336, 0.001230442, 9.2306e-05, 0.3, 0.729, -0.729, 1
0.337, 0.001233962, 9.2566e-05, 0.3, 0.729, -0.729, 1
0.338, 0.001237472, 9.2826e-05, 0.3, 0.729, -0.729, 1
0.339, 0.001241002, 9.3086e-05, 0.3, 0.729, -0.729, 1
0.34, 0.001244442, 9.3356e-05, 0.3, 0.729, -0.729, 1
0.341, 0.001247961, 9.3596e-05, 0.3, 0.729, -0.729, 1
0.342, 0.001251341, 9.3856e-05, 0.3, 0.729, -0.729, 1
0.343, 0.001254812, 9.4107e-05, 0.3, 0.729, -0.729, 1
0.344, 0.001258271, 9.4365e-05, 0.3, 0.729, -0.729, 1
0.345, 0.001261822, 9.4616e-05, 0.3, 0.729, -0.729, 1
0.346, 0.001265331, 9.4866e-05, 0.3, 0.729, -0.729, 1
0.347, 0.001268851, 9.5125e-05, 0.3, 0.729, -0.729, 1
0.348, 0.001272541, 9.5386e-05, 0.3, 0.729, -0.729, 1
0.349, 0.001276052, 9.5646e-05, 0.3, 0.729, -0.729, 1
0.35, 0.001279602, 9.5897e-05, 0.3, 0.729, -0.729, 1
0.351, 0.001283103, 9.6158e-05, 0.3, 0.729, -0.729, 1
0.352, 0.001286673, 9.642e-05, 0.3, 0.729, -0.729, 1
0.353, 0.001290123, 9.6678e-05, 0.3, 0.729, -0.729, 1
0.354, 0.001293622, 9.6928e-05, 0.3, 0.729, -0.729, 1
0.355, 0.001297132, 9.7189e-05, 0.3, 0.729, -0.729, 1
0.356, 0.001300672, 9.7458e-05, 0.3, 0.729, -0.729, 1
0.357, 0.001304212, 9.7708e-05, 0.3, 0.729, -0.729, 1
0.358, 0.001307892, 9.7958e-05, 0.3, 0.729, -0.729, 1
0.359, 0.001311392, 9.8228e-05, 0.3, 0.729, -0.729, 1
0.36, 0.001315052, 9.8498e-05, 0.3, 0.729, -0.729, 1
0.361, 0.001318552, 9.8758e-05, 0.3, 0.729, -0.729, 1
0.362, 0.001322142, 9.9018e-05, 0.3, 0.729, -0.729, 1
0.363, 0.001325602, 9.9288e-05, 0.3, 0.729, -0.729, 1
0.364, 0.001329183, 9.9549e-05, 0.3, 0.729, -0.729, 1
0.365, 0.001332613, 9.9809e-05, 0.3, 0.729, -0.729, 1
0.366, 0.001336053, 0.00010006, 0.3, 0.729, -0.729, 1
0.367, 0.001339593, 0.000100322, 0.3, 0.729, -0.729, 1
0.368, 0.001343033, 0.00010059, 0.3, 0.729, -0.729, 1
0.369, 0.001346643, 0.000100859, 0.3, 0.729, -0.729, 1
0.37, 0.001350203, 0.00010112, 0.3, 0.729, -0.729, 1
0.371, 0.001353813, 0.000101379, 0.3, 0.729, -0.729, 1
0.372, 0.001357232, 0.000101617, 0.3, 0.729, -0.729, 1
0.373, 0.001360811, 0.000101876, 0.3, 0.729, -0.729, 1
0.374, 0.001364351, 0.000102146, 0.3, 0.729, -0.729, 1
0.375, 0.001367852, 0.000102387, 0.3, 0.729, -0.729, 1
0.376, 0.001371372, 0.000102648, 0.3, 0.729, -0.729, 1
0.377, 0.001374932, 0.000102908, 0.3, 0.729, -0.729, 1
0.378, 0.001378382, 0.000103178, 0.3, 0.729, -0.729, 1
0.379, 0.001381922, 0.000103438, 0.3, 0.729, -0.729, 1
0.38, 0.001385362, 0.000103698, 0.3, 0.729, -0.729, 1
0.381, 0.001388852, 0.000103938, 0.3, 0.729, -0.729, 1
0.382, 0.001392302, 0.000104198, 0.3, 0.729, -0.729, 1
0.383, 0.001395802, 0.000104458, 0.3, 0.729, -0.729, 1
0.384, 0.001399302, 0.000104708, 0.3, 0.729, -0.729, 1
0.385, 0.001402842, 0.000104958, 0.3, 0.729, -0.729, 1
0.386, 0.001406382, 0.000105216, 0.3, 0.729, -0.729, 1
0.387, 0.001409952, 0.000105464, 0.3, 0.729, -0.729, 1
0.388, 0.001413442, 0.000105724, 0.3, 0.729, -0.729, 1
0.389, 0.001416972, 0.000105995, 0.3, 0.729, -0.729, 1
0.39, 0.001420502, 0.000106266, 0.3, 0.729, -0.729, 1
0.391, 0.001424043, 0.000106518, 0.3, 0.729, -0.729, 1
0.392, 0.001427563, 0.000106778, 0.3, 0.729, -0.729, 1
0.393, 0.001431144, 0.000107038, 0.3, 0.729, -0.729, 1
0.394, 0.001434723, 0.000107285, 0.3, 0.729, -0.729, 1
0.395, 0.001438173, 0.000107545, 0.3, 0.729, -0.729, 1
0.396, 0.001441813, 0.000107816, 0.3, 0.729, -0.729, 1
0.397, 0.001445343, 0.000108096, 0.3, 0.729, -0.729, 1
0.398, 0.001448863, 0.000108366, 0.3, 0.729, -0.729, 1
0.399, 0.001452353, 0.000108616, 0.3, 0.729, -0.729, 1
0.4, 0.001456013, 0.000109036, 0.4, 0.6561, -0.6561, 1
0.401, 0.001459603, 0.000109286, 0.4, 0.6561, -0.6561, 1
0.402, 0.001463263, 0.000109556, 0.4, 0.6561, -0.6561, 1
0.403, 0.001466783, 0.000109806, 0.4, 0.6561, -0.6561, 1
0.404, 0.001470333, 0.000110056, 0.4, 0.6561, -0.6561, 1
0.405, 0.001473903, 0.000110306, 0.4, 0.6561, -0.6561, 1
0.406, 0.001477543, 0.000110566, 0.4, 0.6561, -0.6561, 1
0.407, 0.001481113, 0.000110827, 0.4, 0.6561, -0.6561, 1
0.408, 0.001484682, 0.000111075, 0.4, 0.6561, -0.6561, 1
0.409, 0.001490562, 0.000111325, 0.4, 0.6561, -0.6561, 1
0.41, 0.001494221, 0.000111593, 0.4, 0.6561, -0.6561, 1
0.411, 0.001497751, 0.000111852, 0.4, 0.6561, -0.6561, 1
0.412, 0.001501431, 0.000112105, 0.4, 0.6561, -0.6561, 1
0.413, 0.00150489, 0.000112353, 0.4, 0.6561, -0.6561, 1
0.414, 0.001508471, 0.000112606, 0.4, 0.6561, -0.6561, 1
0.415, 0.001511972, 0.000112856, 0.4, 0.6561, -0.6561, 1
0.416, 0.001515412, 0.000113117, 0.4, 0.6561, -0.6561, 1
0.417, 0.001518932, 0.000113386, 0.4, 0.6561, -0.6561, 1
0.418, 0.001522452, 0.000113658, 0.4, 0.6561, -0.6561, 1
0.419, 0.001525962, 0.00011391, 0.4, 0.6561, -0.6561, 1
0.42, 0.001529352, 0.000114169, 0.4, 0.6561, -0.6561, 1
0.421, 0.001532892, 0.000114439, 0.4, 0.6561, -0.6561, 1
0.422, 0.001536292, 0.000114689, 0.4, 0.6561, -0.6561, 1
0.423, 0.001539932, 0.000114949, 0.4, 0.6561, -0.6561, 1
0.424, 0.001543482, 0.000115209, 0.4, 0.6561, -0.6561, 1
0.425, 0.001547072, 0.000115469, 0.4, 0.6561, -0.6561, 1
0.426, 0.001550542, 0.000115739, 0.4, 0.6561, -0.6561, 1
0.427, 0.001554082, 0.000116009, 0.4, 0.6561, -0.6561, 1
0.428, 0.001557583, 0.00011628, 0.4, 0.6561, -0.6561, 1
0.429, 0.001561223, 0.000116549, 0.4, 0.6561, -0.6561, 1
0.43, 0.001564663, 0.000116818, 0.4, 0.6561, -0.6561, 1
0.431, 0.001568244, 0.00011708, 0.4, 0.6561, -0.6561, 1
0.432, 0.001571735, 0.00011735, 0.4, 0.6561, -0.6561, 1
0.433, 0.001575265, 0.000117608, 0.4, 0.6561, -0.6561, 1
0.434, 0.001578794, 0.000117858, 0.4, 0.6561, -0.6561, 1
0.435, 0.001582203, 0.000118117, 0.4, 0.6561, -0.6561, 1
0.436, 0.001585833, 0.000118378, 0.4, 0.6561, -0.6561, 1
0.437, 0.001589273, 0.000118638, 0.4, 0.6561, -0.6561, 1
0.438, 0.001592792, 0.000118889, 0.4, 0.6561, -0.6561, 1
0.439, 0.001596312, 0.00011915, 0.4, 0.6561, -0.6561, 1
0.44, 0.001599972, 0.000119398, 0.4, 0.6561, -0.6561, 1
0.441, 0.001603393, 0.000119658, 0.4, 0.6561, -0.6561, 1
0.442, 0.001606923, 0.000119918, 0.4, 0.6561, -0.6561, 1
0.443, 0.001610393, 0.000120178, 0.4, 0.6561, -0.6561, 1
0.444, 0.001613953, 0.000120438, 0.4, 0.6561, -0.6561, 1
0.445, 0.001617403, 0.000120698, 0.4, 0.6561, -0.6561, 1
0.446, 0.001620953, 0.000120968, 0.4, 0.6561, -0.6561, 1
0.447, 0.001624413, 0.000121228, 0.4, 0.6561, -0.6561, 1
0.448, 0.001628053, 0.000121478, 0.4, 0.6561, -0.6561, 1
0.449, 0.001631593, 0.000121739, 0.4, 0.6561, -0.6561, 1
0.45, 0.001635123, 0.000122011, 0.4, 0.6561, -0.6561, 1
0.451, 0.001638534, 0.000122282, 0.4, 0.6561, -0.6561, 1
0.452, 0.001642025, 0.000122542, 0.4, 0.6561, -0.6561, 1
0.453, 0.001645585, 0.000122792, 0.4, 0.6561, -0.6561, 1
0.454, 0.001649185, 0.000123051, 0.4, 0.6561, -0.6561, 1
0.455, 0.001652795, 0.000123313, 0.4, 0.6561, -0.6561, 1
0.456, 0.001656246, 0.000123574, 0.4, 0.6561, -0.6561, 1
0.457, 0.001659817, 0.000123835, 0.4, 0.6561, -0.6561, 1
0.458, 0.001663326, 0.000124105, 0.4, 0.6561, -0.6561, 1
0.459, 0.001666846, 0.000124376, 0.4, 0.6561, -0.6561, 1
0.46, 0.001670356, 0.000124626, 0.4, 0.6561, -0.6561, 1
0.461, 0.001673935, 0.000124875, 0.4, 0.6561, -0.6561, 1
0.462, 0.001677375, 0.000125125, 0.4, 0.6561, -0.6561, 1
0.463, 0.001680855, 0.000125385, 0.4, 0.6561, -0.6561, 1
0.464, 0.001684215, 0.000125645, 0.4, 0.6561, -0.6561, 1
0.465, 0.001687775, 0.000125915, 0.4, 0.6561, -0.6561, 1
0.466, 0.001691315, 0.000126185, 0.4, 0.6561, -0.6561, 1
0.467, 0.001695005, 0.000126445, 0.4, 0.6561, -0.6561, 1
0.468, 0.001698525, 0.000126715, 0.4, 0.6561, -0.6561, 1
0.469, 0.001702165, 0.000126995, 0.4, 0.6561, -0.6561, 1
0.47, 0.001705735, 0.000127285, 0.4, 0.6561, -0.6561, 1
0.471, 0.001709315, 0.000127554, 0.4, 0.6561, -0.6561, 1
0.472, 0.001712765, 0.000127812, 0.4, 0.6561, -0.6561, 1
0.473, 0.001716325, 0.000128073, 0.4, 0.6561, -0.6561, 1
0.474, 0.001719784, 0.000128321, 0.4, 0.6561, -0.6561, 1
0.475, 0.001723204, 0.000128592, 0.4, 0.6561, -0.6561, 1
0.476, 0.001726705, 0.000128844, 0.4, 0.6561, -0.6561, 1
0.477, 0.001730134, 0.000129093, 0.4, 0.6561, -0.6561, 1
0.478, 0.001733694, 0.000129354, 0.4, 0.6561, -0.6561, 1
0.479, 0.001737134, 0.000129615, 0.4, 0.6561, -0.6561, 1
0.48, 0.001740664, 0.000129864, 0.4, 0.6561, -0.6561, 1
0.481, 0.001746544, 0.000130113, 0.4, 0.6561, -0.6561, 1
0.482, 0.001750104, 0.000130362, 0.4, 0.6561, -0.6561, 1
0.483, 0.001753735, 0.00013061, 0.4, 0.6561, -0.6561, 1
0.484, 0.001757255, 0.00013088, 0.4, 0.6561, -0.6561, 1
0.485, 0.001760815, 0.00013113, 0.4, 0.6561, -0.6561, 1
0.486, 0.001764335, 0.00013138, 0.4, 0.6561, -0.6561, 1
0.487, 0.001767795, 0.00013163, 0.4, 0.6561, -0.6561, 1
0.488, 0.001771395, 0.00013189, 0.4, 0.6561, -0.6561, 1
0.489, 0.001774945, 0.00013214, 0.4, 0.6561, -0.6561, 1
0.49, 0.001778485, 0.0001324, 0.4, 0.6561, -0.6561, 1
0.491, 0.001782065, 0.00013266, 0.4, 0.6561, -0.6561, 1
0.492, 0.001785605, 0.000132911, 0.4, 0.6561, -0.6561, 1
0.493, 0.001789125, 0.00013317, 0.4, 0.6561, -0.6561, 1
0.494, 0.001792685, 0.00013343, 0.4, 0.6561, -0.6561, 1
0.495, 0.001796105, 0.00013369, 0.4, 0.6561, -0.6561, 1
0.496, 0.001799665, 0.000133959, 0.4, 0.6561, -0.6561, 1
0.497, 0.001803195, 0.00013422, 0.4, 0.6561, -0.6561, 1
0.498, 0.001806725, 0.000134491, 0.4, 0.6561, -0.6561, 1
0.499, 0.001810125, 0.000134752, 0.4, 0.6561, -0.6561, 1
0.5, 0.001813835, 0.000135144, 0.5, 0.59049, -0.59049, 1
0.501, 0.001817536, 0.000135393, 0.5, 0.59049, -0.59049, 1
0.502, 0.001821206, 0.000135653, 0.5, 0.59049, -0.59049, 1
0.503, 0.001824697, 0.000135922, 0.5, 0.59049, -0.59049, 1
0.504, 0.001828348, 0.000136181, 0.5, 0.59049, -0.59049, 1
0.505, 0.001831839, 0.000136441, 0.5, 0.59049, -0.59049, 1
0.506, 0.001835599, 0.000136691, 0.5, 0.59049, -0.59049, 1
0.507, 0.001839119, 0.000136951, 0.5, 0.59049, -0.59049, 1
0.508, 0.001842629, 0.000137211, 0.5, 0.59049, -0.59049, 1
0.509, 0.001846219, 0.000137471, 0.5, 0.59049, -0.59049, 1
0.51, 0.001849789, 0.000137731, 0.5, 0.59049, -0.59049, 1
0.511, 0.001853349, 0.000137991, 0.5, 0.59049, -0.59049, 1
0.512, 0.001856909, 0.000138251, 0.5, 0.59049, -0.59049, 1
0.513, 0.0018605, 0.000138511, 0.5, 0.59049, -0.59049, 1
0.514, 0.001864111, 0.000138771, 0.5, 0.59049, -0.59049, 1
0.515, 0.001867651, 0.000139051, 0.5, 0.59049, -0.59049, 1
0.516, 0.001871211, 0.000139312, 0.5, 0.59049, -0.59049, 1
0.517, 0.001874872, 0.000139571, 0.5, 0.59049, -0.59049, 1
0.518, 0.001878302, 0.000139831, 0.5, 0.59049, -0.59049, 1
0.519, 0.001881923, 0.000140089, 0.5, 0.59049, -0.59049, 1
0.52, 0.001885342, 0.00014034, 0.5, 0.59049, -0.59049, 1
0.521, 0.001888923, 0.000140598, 0.5, 0.59049, -0.59049, 1
0.522, 0.001892323, 0.000140858, 0.5, 0.59049, -0.59049, 1
0.523, 0.001895903, 0.000141127, 0.5, 0.59049, -0.59049, 1
0.524, 0.001899433, 0.000141397, 0.5, 0.59049, -0.59049, 1
0.525, 0.001903012, 0.000141668, 0.5, 0.59049, -0.59049, 1
0.526, 0.001906422, 0.000141929, 0.5, 0.59049, -0.59049, 1
0.527, 0.001910142, 0.000142189, 0.5, 0.59049, -0.59049, 1
0.528, 0.001913692, 0.000142459, 0.5, 0.59049, -0.59049, 1
0.529, 0.001917222, 0.000142709, 0.5, 0.59049, -0.59049, 1
0.53, 0.001920722, 0.000142959, 0.5, 0.59049, -0.59049, 1
0.531, 0.001924302, 0.000143209, 0.5, 0.59049, -0.59049, 1
0.532, 0.001928162, 0.000143649, 0.5, 0.59049, -0.59049, 1
0.533, 0.001931752, 0.000143899, 0.5, 0.59049, -0.59049, 1
0.534, 0.001935252, 0.000144149, 0.5, 0.59049, -0.59049, 1
0.535, 0.001938831, 0.000144409, 0.5, 0.59049, -0.59049, 1
0.536, 0.0019424, 0.00014467, 0.5, 0.59049, -0.59049, 1
0.537, 0.001946, 0.000144931, 0.5, 0.59049, -0.59049, 1
0.538, 0.00194959, 0.000145199, 0.5, 0.59049, -0.59049, 1
0.539, 0.00195316, 0.000145459, 0.5, 0.59049, -0.59049, 1
0.54, 0.00195672, 0.000145719, 0.5, 0.59049, -0.59049, 1
0.541, 0.00196015, 0.000145979, 0.5, 0.59049, -0.59049, 1
0.542, 0.001963731, 0.000146239, 0.5, 0.59049, -0.59049, 1
0.543, 0.00196712, 0.000146487, 0.5, 0.59049, -0.59049, 1
0.544, 0.00197064, 0.000146748, 0.5, 0.59049, -0.59049, 1
0.545, 0.00197406, 0.00014701, 0.5, 0.59049, -0.59049, 1
0.546, 0.001977611, 0.00014728, 0.5, 0.59049, -0.59049, 1
0.547, 0.00198115, 0.000147559, 0.5, 0.59049, -0.59049, 1
0.548, 0.0019847, 0.00014782, 0.5, 0.59049, -0.59049, 1
0.549, 0.00198825, 0.00014808, 0.5, 0.59049, -0.59049, 1
0.55, 0.00199194, 0.00014833, 0.5, 0.59049, -0.59049, 1
0.551, 0.00199548, 0.00014859, 0.5, 0.59049, -0.59049, 1
0.552, 0.00200129, 0.00014884, 0.5, 0.59049, -0.59049, 1
0.553, 0.00200476, 0.00014909, 0.5, 0.59049, -0.59049, 1
0.554, 0.0020083, 0.00014936, 0.5, 0.59049, -0.59049, 1
0.555, 0.00201175, 0.000149618, 0.5, 0.59049, -0.59049, 1
0.556, 0.00201527, 0.000149879, 0.5, 0.59049, -0.59049, 1
0.557, 0.00201879, 0.00015014, 0.5, 0.59049, -0.59049, 1
0.558, 0.002022279, 0.000150389, 0.5, 0.59049, -0.59049, 1
0.559, 0.002025729, 0.000150637, 0.5, 0.59049, -0.59049, 1
0.56, 0.00202925, 0.000150898, 0.5, 0.59049, -0.59049, 1
0.561, 0.00203269, 0.000151168, 0.5, 0.59049, -0.59049, 1
0.562, 0.002057361, 0.000151518, 0.5, 0.59049, -0.59049, 1
0.563, 0.002061321, 0.000151798, 0.5, 0.59049, -0.59049, 1
0.564, 0.002064761, 0.000152048, 0.5, 0.59049, -0.59049, 1
0.565, 0.002068241, 0.000152298, 0.5, 0.59049, -0.59049, 1
0.566, 0.002071781, 0.000152558, 0.5, 0.59049, -0.59049, 1
0.567, 0.002075191, 0.000152818, 0.5, 0.59049, -0.59049, 1
0.568, 0.002078671, 0.000153078, 0.5, 0.59049, -0.59049, 1
0.569, 0.002082051, 0.000153338, 0.5, 0.59049, -0.59049, 1
0.57, 0.002085591, 0.000153598, 0.5, 0.59049, -0.59049, 1
0.571, 0.002089021, 0.000153856, 0.5, 0.59049, -0.59049, 1
0.572, 0.002092511, 0.000154127, 0.5, 0.59049, -0.59049, 1
0.573, 0.002095991, 0.000154399, 0.5, 0.59049, -0.59049, 1
0.574, 0.00209954, 0.000154659, 0.5, 0.59049, -0.59049, 1
0.575, 0.00210305, 0.000154928, 0.5, 0.59049, -0.59049, 1
0.576, 0.002106549, 0.000155179, 0.5, 0.59049, -0.59049, 1
0.577, 0.002109939, 0.000155427, 0.5, 0.59049, -0.59049, 1
0.578, 0.002113558, 0.000155698, 0.5, 0.59049, -0.59049, 1
0.579, 0.002117048, 0.000155969, 0.5, 0.59049, -0.59049, 1
0.58, 0.002120569, 0.000156228, 0.5, 0.59049, -0.59049, 1
0.581, 0.002124079, 0.000156479, 0.5, 0.59049, -0.59049, 1
0.582, 0.002127609, 0.000156728, 0.5, 0.59049, -0.59049, 1
0.583, 0.002131049, 0.000156979, 0.5, 0.59049, -0.59049, 1
0.584, 0.002134569, 0.000157229, 0.5, 0.59049, -0.59049, 1
0.585, 0.002138069, 0.000157499, 0.5, 0.59049, -0.59049, 1
0.586, 0.002141489, 0.000157749, 0.5, 0.59049, -0.59049, 1
0.587, 0.002145069, 0.000157999, 0.5, 0.59049, -0.59049, 1
0.588, 0.002148459, 0.000158249, 0.5, 0.59049, -0.59049, 1
0.589, 0.002151949, 0.000158509, 0.5, 0.59049, -0.59049, 1
0.59, 0.002155309, 0.000158759, 0.5, 0.59049, -0.59049, 1
0.591, 0.002158849, 0.000159019, 0.5, 0.59049, -0.59049, 1
0.592, 0.002162369, 0.000159269, 0.5, 0.59049, -0.59049, 1
0.593, 0.00216589, 0.000159549, 0.5, 0.59049, -0.59049, 1
0.594, 0.00216936, 0.000159799, 0.5, 0.59049, -0.59049, 1
0.595, 0.002172981, 0.000160059, 0.5, 0.59049, -0.59049, 1
0.596, 0.002176321, 0.000160317, 0.5, 0.59049, -0.59049, 1
0.597, 0.002179641, 0.000160589, 0.5, 0.59049, -0.59049, 1
0.598, 0.002183161, 0.000160857, 0.5, 0.59049, -0.59049, 1
0.599, 0.002186611, 0.000161108, 0.5, 0.59049, -0.59049, 1
0.6, 0.002190301, 0.000161519, 0.6, 0.531441, -0.531441, 1
0.601, 0.002193882, 0.00016178, 0.6, 0.531441, -0.531441, 1
0.602, 0.002197623, 0.000162052, 0.6, 0.531441, -0.531441, 1
0.603, 0.002201092, 0.000162311, 0.6, 0.531441, -0.531441, 1
0.604, 0.002204682, 0.000162582, 0.6, 0.531441, -0.531441, 1
0.605, 0.002208141, 0.000162841, 0.6, 0.531441, -0.531441, 1
0.606, 0.002211731, 0.000163112, 0.6, 0.531441, -0.531441, 1
0.607, 0.002215171, 0.000163402, 0.6, 0.531441, -0.531441, 1
0.608, 0.002218691, 0.000163662, 0.6, 0.531441, -0.531441, 1
0.609, 0.002222181, 0.000163932, 0.6, 0.531441, -0.531441, 1
0.61, 0.002225751, 0.000164192, 0.6, 0.531441, -0.531441, 1
0.611, 0.002229281, 0.000164442, 0.6, 0.531441, -0.531441, 1
0.612, 0.002232811, 0.000164702, 0.6, 0.531441, -0.531441, 1
0.613, 0.002236251, 0.000164972, 0.6, 0.531441, -0.531441, 1
0.614, 0.002239921, 0.000165223, 0.6, 0.531441, -0.531441, 1
0.615, 0.002243361, 0.000165473, 0.6, 0.531441, -0.531441, 1
0.616, 0.002246872, 0.000165745, 0.6, 0.531441, -0.531441, 1
0.617, 0.002250312, 0.000166014, 0.6, 0.531441, -0.531441, 1
0.618, 0.002253802, 0.000166286, 0.6, 0.531441, -0.531441, 1
0.619, 0.002257322, 0.000166536, 0.6, 0.531441, -0.531441, 1
0.62, 0.002260741, 0.000166795, 0.6, 0.531441, -0.531441, 1
0.621, 0.002264351, 0.000167056, 0.6, 0.531441, -0.531441, 1
0.622, 0.002270492, 0.000167326, 0.6, 0.531441, -0.531441, 1
0.623, 0.002274043, 0.000167595, 0.6, 0.531441, -0.531441, 1
0.624, 0.002277653, 0.000167863, 0.6, 0.531441, -0.531441, 1
0.625, 0.002281173, 0.000168133, 0.6, 0.531441, -0.531441, 1
0.626, 0.002284773, 0.000168381, 0.6, 0.531441, -0.531441, 1
0.627, 0.002288223, 0.00016863, 0.6, 0.531441, -0.531441, 1
0.628, 0.002291893, 0.00016889, 0.6, 0.531441, -0.531441, 1
0.629, 0.002295413, 0.00016915, 0.6, 0.531441, -0.531441, 1
0.63, 0.002298982, 0.00016942, 0.6, 0.531441, -0.531441, 1
0.631, 0.002302612, 0.00016967, 0.6, 0.531441, -0.531441, 1
0.632, 0.002306122, 0.00016992, 0.6, 0.531441, -0.531441, 1
0.633, 0.002309532, 0.00017017, 0.6, 0.531441, -0.531441, 1
0.634, 0.002313172, 0.00017043, 0.6, 0.531441, -0.531441, 1
0.635, 0.002316693, 0.0001707, 0.6, 0.531441, -0.531441, 1
0.636, 0.002320153, 0.000170958, 0.6, 0.531441, -0.531441, 1
0.637, 0.002323742, 0.000171228, 0.6, 0.531441, -0.531441, 1
0.638, 0.002327172, 0.000171488, 0.6, 0.531441, -0.531441, 1
0.639, 0.002330732, 0.000171758, 0.6, 0.531441, -0.531441, 1
0.64, 0.002334183, 0.000172009, 0.6, 0.531441, -0.531441, 1
0.641, 0.002337733, 0.000172247, 0.6, 0.531441, -0.531441, 1
0.642, 0.002341284, 0.000172509, 0.6, 0.531441, -0.531441, 1
0.643, 0.002344814, 0.000172768, 0.6, 0.531441, -0.531441, 1
0.644, 0.002348224, 0.000173028, 0.6, 0.531441, -0.531441, 1
0.645, 0.002351773, 0.000173278, 0.6, 0.531441, -0.531441, 1
0.646, 0.002355363, 0.000173539, 0.6, 0.531441, -0.531441, 1
0.647, 0.002359023, 0.000173789, 0.6, 0.531441, -0.531441, 1
0.648, 0.002362543, 0.000174038, 0.6, 0.531441, -0.531441, 1
0.649, 0.002365993, 0.000174298, 0.6, 0.531441, -0.531441, 1
0.65, 0.002369593, 0.000174558, 0.6, 0.531441, -0.531441, 1
0.651, 0.002373073, 0.000174818, 0.6, 0.531441, -0.531441, 1
0.652, 0.002389293, 0.000175078, 0.6, 0.531441, -0.531441, 1
0.653, 0.002392764, 0.000175339, 0.6, 0.531441, -0.531441, 1
0.654, 0.002396244, 0.000175598, 0.6, 0.531441, -0.531441, 1
0.655, 0.002399804, 0.000175859, 0.6, 0.531441, -0.531441, 1
0.656, 0.002403204, 0.000176111, 0.6, 0.531441, -0.531441, 1
0.657, 0.002406734, 0.000176372, 0.6, 0.531441, -0.531441, 1
0.658, 0.002410235, 0.000176635, 0.6, 0.531441, -0.531441, 1
0.659, 0.002413715, 0.000176895, 0.6, 0.531441, -0.531441, 1
0.66, 0.002417176, 0.000177155, 0.6, 0.531441, -0.531441, 1
0.661, 0.002420785, 0.000177413, 0.6, 0.531441, -0.531441, 1
0.662, 0.002424246, 0.000177663, 0.6, 0.531441, -0.531441, 1
0.663, 0.002427947, 0.000177915, 0.6, 0.531441, -0.531441, 1
0.664, 0.002431427, 0.000178176, 0.6, 0.531441, -0.531441, 1
0.665, 0.002434878, 0.000178438, 0.6, 0.531441, -0.531441, 1
0.666, 0.002438358, 0.000178707, 0.6, 0.531441, -0.531441, 1
0.667, 0.002441958, 0.000178977, 0.6, 0.531441, -0.531441, 1
0.668, 0.002445418, 0.000179237, 0.6, 0.531441, -0.531441, 1
0.669, 0.002448908, 0.000179497, 0.6, 0.531441, -0.531441, 1
0.67, 0.002452508, 0.000179767, 0.6, 0.531441, -0.531441, 1
0.671, 0.002455918, 0.000180017, 0.6, 0.531441, -0.531441, 1
0.672, 0.002459438, 0.000180277, 0.6, 0.531441, -0.531441, 1
0.673, 0.002462958, 0.000180537, 0.6, 0.531441, -0.531441, 1
0.674, 0.002466539, 0.000180787, 0.6, 0.531441, -0.531441, 1
0.675, 0.002469959, 0.000181055, 0.6, 0.531441, -0.531441, 1
0.676, 0.002473408, 0.000181303, 0.6, 0.531441, -0.531441, 1
0.677, 0.002476848, 0.000181564, 0.6, 0.531441, -0.531441, 1
0.678, 0.002480237, 0.000181814, 0.6, 0.531441, -0.531441, 1
0.679, 0.002483787, 0.000182062, 0.6, 0.531441, -0.531441, 1
0.68, 0.002487187, 0.000182312, 0.6, 0.531441, -0.531441, 1
0.681, 0.002490686, 0.000182573, 0.6, 0.531441, -0.531441, 1
0.682, 0.002494157, 0.000182826, 0.6, 0.531441, -0.531441, 1
0.683, 0.002497767, 0.000183095, 0.6, 0.531441, -0.531441, 1
0.684, 0.002501127, 0.000183364, 0.6, 0.531441, -0.531441, 1
0.685, 0.002504737, 0.000183623, 0.6, 0.531441, -0.531441, 1
0.686, 0.002508217, 0.000183882, 0.6, 0.531441, -0.531441, 1
0.687, 0.002511916, 0.000184142, 0.6, 0.531441, -0.531441, 1
0.688, 0.002515456, 0.000184403, 0.6, 0.531441, -0.531441, 1
0.689, 0.002521446, 0.000184653, 0.6, 0.531441, -0.531441, 1
0.69, 0.002524916, 0.000184913, 0.6, 0.531441, -0.531441, 1
0.691, 0.002528526, 0.000185173, 0.6, 0.531441, -0.531441, 1
0.692, 0.002532036, 0.000185423, 0.6, 0.531441, -0.531441, 1
0.693, 0.002535656, 0.000185673, 0.6, 0.531441, -0.531441, 1
0.694, 0.002539206, 0.000185933, 0.6, 0.531441, -0.531441, 1
0.695, 0.002542656, 0.000186183, 0.6, 0.531441, -0.531441, 1
0.696, 0.002546086, 0.00018644, 0.6, 0.531441, -0.531441, 1
0.697, 0.002549656, 0.000186688, 0.6, 0.531441, -0.531441, 1
0.698, 0.002553146, 0.000186939, 0.6, 0.531441, -0.531441, 1
0.699, 0.002556796, 0.0001872, 0.6, 0.531441, -0.531441, 1
0.7, 0.002560706, 0.000187596, 0.7, 0.4782969, -0.4782969, 1
0.701, 0.002564466, 0.000187887, 0.7, 0.4782969, -0.4782969, 1
0.702, 0.002568076, 0.000188145, 0.7, 0.4782969, -0.4782969, 1
0.703, 0.002571735, 0.000188405, 0.7, 0.4782969, -0.4782969, 1
0.704, 0.002575295, 0.000188665, 0.7, 0.4782969, -0.4782969, 1
0.705, 0.002578855, 0.000188926, 0.7, 0.4782969, -0.4782969, 1
0.706, 0.002582285, 0.000189176, 0.7, 0.4782969, -0.4782969, 1
0.707, 0.002585815, 0.000189423, 0.7, 0.4782969, -0.4782969, 1
0.708, 0.002589275, 0.000189682, 0.7, 0.4782969, -0.4782969, 1
0.709, 0.002592815, 0.000189942, 0.7, 0.4782969, -0.4782969, 1
0.71, 0.002596355, 0.000190202, 0.7, 0.4782969, -0.4782969, 1
0.711, 0.002599835, 0.000190452, 0.7, 0.4782969, -0.4782969, 1
0.712, 0.002603405, 0.000190702, 0.7, 0.4782969, -0.4782969, 1
0.713, 0.002606825, 0.000190962, 0.7, 0.4782969, -0.4782969, 1
0.714, 0.002610385, 0.000191232, 0.7, 0.4782969, -0.4782969, 1
0.715, 0.002613965, 0.000191492, 0.7, 0.4782969, -0.4782969, 1
0.716, 0.002617575, 0.000191742, 0.7, 0.4782969, -0.4782969, 1
0.717, 0.002621065, 0.000191992, 0.7, 0.4782969, -0.4782969, 1
0.718, 0.002624625, 0.000192241, 0.7, 0.4782969, -0.4782969, 1
0.719, 0.002628056, 0.000192482, 0.7, 0.4782969, -0.4782969, 1
0.72, 0.002631635, 0.000192733, 0.7, 0.4782969, -0.4782969, 1
0.721, 0.002635075, 0.000192983, 0.7, 0.4782969, -0.4782969, 1
0.722, 0.002638654, 0.000193254, 0.7, 0.4782969, -0.4782969, 1
0.723, 0.002642125, 0.000193504, 0.7, 0.4782969, -0.4782969, 1
0.724, 0.002645784, 0.000193773, 0.7, 0.4782969, -0.4782969, 1
0.725, 0.002649334, 0.000194023, 0.7, 0.4782969, -0.4782969, 1
0.726, 0.002653065, 0.000194285, 0.7, 0.4782969, -0.4782969, 1
0.727, 0.002656565, 0.000194525, 0.7, 0.4782969, -0.4782969, 1
0.728, 0.002660104, 0.000194775, 0.7, 0.4782969, -0.4782969, 1
0.729, 0.002663535, 0.000195025, 0.7, 0.4782969, -0.4782969, 1
0.73, 0.002666965, 0.000195266, 0.7, 0.4782969, -0.4782969, 1
0.731, 0.002670545, 0.000195516, 0.7, 0.4782969, -0.4782969, 1
0.732, 0.002673995, 0.000195766, 0.7, 0.4782969, -0.4782969, 1
0.733, 0.002677525, 0.000196006, 0.7, 0.4782969, -0.4782969, 1
0.734, 0.002680975, 0.000196266, 0.7, 0.4782969, -0.4782969, 1
0.735, 0.002684515, 0.000196526, 0.7, 0.4782969, -0.4782969, 1
0.736, 0.002688065, 0.000196796, 0.7, 0.4782969, -0.4782969, 1
0.737, 0.002691615, 0.000197056, 0.7, 0.4782969, -0.4782969, 1
0.738, 0.002695085, 0.000197315, 0.7, 0.4782969, -0.4782969, 1
0.739, 0.002698594, 0.000197556, 0.7, 0.4782969, -0.4782969, 1
0.74, 0.002702204, 0.000197828, 0.7, 0.4782969, -0.4782969, 1
0.741, 0.002705785, 0.000198089, 0.7, 0.4782969, -0.4782969, 1
0.742, 0.002709305, 0.00019834, 0.7, 0.4782969, -0.4782969, 1
0.743, 0.002712825, 0.00019859, 0.7, 0.4782969, -0.4782969, 1
0.744, 0.002716364, 0.000198837, 0.7, 0.4782969, -0.4782969, 1
0.745, 0.002719994, 0.00019909, 0.7, 0.4782969, -0.4782969, 1
0.746, 0.002723444, 0.000199339, 0.7, 0.4782969, -0.4782969, 1
0.747, 0.002727074, 0.000199598, 0.7, 0.4782969, -0.4782969, 1
0.748, 0.002730525, 0.000199858, 0.7, 0.4782969, -0.4782969, 1
0.749, 0.002734026, 0.000200107, 0.7, 0.4782969, -0.4782969, 1
0.75, 0.002737525, 0.000200365, 0.7, 0.4782969, -0.4782969, 1
0.751, 0.002741066, 0.000200636, 0.7, 0.4782969, -0.4782969, 1
0.752, 0.002744646, 0.000200886, 0.7, 0.4782969, -0.4782969, 1
0.753, 0.002748106, 0.000201146, 0.7, 0.4782969, -0.4782969, 1
0.754, 0.002751586, 0.000201406, 0.7, 0.4782969, -0.4782969, 1
0.755, 0.002757816, 0.000201676, 0.7, 0.4782969, -0.4782969, 1
0.756, 0.002761286, 0.000201926, 0.7, 0.4782969, -0.4782969, 1
0.757, 0.002764856, 0.000202176, 0.7, 0.4782969, -0.4782969, 1
0.758, 0.002768376, 0.000202446, 0.7, 0.4782969, -0.4782969, 1
0.759, 0.002772117, 0.000202705, 0.7, 0.4782969, -0.4782969, 1
0.76, 0.002775587, 0.000202964, 0.7, 0.4782969, -0.4782969, 1
0.761, 0.002779067, 0.000203233, 0.7, 0.4782969, -0.4782969, 1
0.762, 0.002782578, 0.000203494, 0.7, 0.4782969, -0.4782969, 1
0.763, 0.002786109, 0.000203744, 0.7, 0.4782969, -0.4782969, 1
0.764, 0.002789578, 0.000204003, 0.7, 0.4782969, -0.4782969, 1
0.765, 0.002792959, 0.000204263, 0.7, 0.4782969, -0.4782969, 1
0.766, 0.002796509, 0.000204514, 0.7, 0.4782969, -0.4782969, 1
0.767, 0.00280001, 0.000204793, 0.7, 0.4782969, -0.4782969, 1
0.768, 0.00280366, 0.000205051, 0.7, 0.4782969, -0.4782969, 1
0.769, 0.002807239, 0.00020532, 0.7, 0.4782969, -0.4782969, 1
0.77, 0.002810768, 0.00020558, 0.7, 0.4782969, -0.4782969, 1
0.771, 0.002814217, 0.00020585, 0.7, 0.4782969, -0.4782969, 1
0.772, 0.002817797, 0.000206101, 0.7, 0.4782969, -0.4782969, 1
0.773, 0.002821197, 0.000206351, 0.7, 0.4782969, -0.4782969, 1
0.774, 0.002824727, 0.000206611, 0.7, 0.4782969, -0.4782969, 1
0.775, 0.002828117, 0.000206871, 0.7, 0.4782969, -0.4782969, 1
0.776, 0.002831767, 0.000207151, 0.7, 0.4782969, -0.4782969, 1
0.777, 0.002835267, 0.000207411, 0.7, 0.4782969, -0.4782969, 1
0.778, 0.002838987, 0.000207661, 0.7, 0.4782969, -0.4782969, 1
0.779, 0.002842417, 0.000207921, 0.7, 0.4782969, -0.4782969, 1
0.78, 0.002845847, 0.000208183, 0.7, 0.4782969, -0.4782969, 1
0.781, 0.002849447, 0.000208451, 0.7, 0.4782969, -0.4782969, 1
0.782, 0.002852907, 0.000208724, 0.7, 0.4782969, -0.4782969, 1
0.783, 0.002856368, 0.000208975, 0.7, 0.4782969, -0.4782969, 1
0.784, 0.002859798, 0.000209232, 0.7, 0.4782969, -0.4782969, 1
0.785, 0.002863349, 0.000209493, 0.7, 0.4782969, -0.4782969, 1
0.786, 0.00286688, 0.000209763, 0.7, 0.4782969, -0.4782969, 1
0.787, 0.002870461, 0.000210033, 0.7, 0.4782969, -0.4782969, 1
0.788, 0.00287384, 0.000210302, 0.7, 0.4782969, -0.4782969, 1
0.789, 0.00287741, 0.000210562, 0.7, 0.4782969, -0.4782969, 1
0.79, 0.00288096, 0.000210821, 0.7, 0.4782969, -0.4782969, 1
0.791, 0.00288456, 0.000211071, 0.7, 0.4782969, -0.4782969, 1
0.792, 0.00288811, 0.000211321, 0.7, 0.4782969, -0.4782969, 1
0.793, 0.00289166, 0.000211572, 0.7, 0.4782969, -0.4782969, 1
0.794, 0.00289521, 0.000211832, 0.7, 0.4782969, -0.4782969, 1
0.795, 0.00289871, 0.000212082, 0.7, 0.4782969, -0.4782969, 1
0.796, 0.00290212, 0.000212332, 0.7, 0.4782969, -0.4782969, 1
0.797, 0.00290588, 0.000212592, 0.7, 0.4782969, -0.4782969, 1
0.798, 0.0029093, 0.000212862, 0.7, 0.4782969, -0.4782969, 1
0.799, 0.00291277, 0.000213132, 0.7, 0.4782969, -0.4782969, 1
0.8, 0.00291658, 0.000213552, 0.8, 0.43046721, -0.43046721, 1
0.801, 0.00292033, 0.000213792, 0.8, 0.43046721, -0.43046721, 1
0.802, 0.00292384, 0.000214051, 0.8, 0.43046721, -0.43046721, 1
0.803, 0.00292741, 0.0002143, 0.8, 0.43046721, -0.43046721, 1
0.804, 0.002931041, 0.000214559, 0.8, 0.43046721, -0.43046721, 1
0.805, 0.002934481, 0.000214818, 0.8, 0.43046721, -0.43046721, 1
0.806, 0.002938142, 0.000215079, 0.8, 0.43046721, -0.43046721, 1
0.807, 0.002941651, 0.000215328, 0.8, 0.43046721, -0.43046721, 1
0.808, 0.002945222, 0.0002156, 0.8, 0.43046721, -0.43046721, 1
0.809, 0.002948723, 0.000215858, 0.8, 0.43046721, -0.43046721, 1
0.81, 0.002952182, 0.000216116, 0.8, 0.43046721, -0.43046721, 1
0.811, 0.002955681, 0.000216367, 0.8, 0.43046721, -0.43046721, 1
0.812, 0.00295929, 0.000216648, 0.8, 0.43046721, -0.43046721, 1
0.813, 0.002962831, 0.000216919, 0.8, 0.43046721, -0.43046721, 1
0.814, 0.002966441, 0.00021719, 0.8, 0.43046721, -0.43046721, 1
0.815, 0.002969871, 0.00021745, 0.8, 0.43046721, -0.43046721, 1
0.816, 0.002973481, 0.00021771, 0.8, 0.43046721, -0.43046721, 1
0.817, 0.002977001, 0.00021798, 0.8, 0.43046721, -0.43046721, 1
0.818, 0.002980681, 0.00021823, 0.8, 0.43046721, -0.43046721, 1
0.819, 0.002984151, 0.0002185, 0.8, 0.43046721, -0.43046721, 1
0.82, 0.002989971, 0.00021877, 0.8, 0.43046721, -0.43046721, 1
0.821, 0.002993651, 0.00021904, 0.8, 0.43046721, -0.43046721, 1
0.822, 0.002997241, 0.000219299, 0.8, 0.43046721, -0.43046721, 1
0.823, 0.003000672, 0.000219558, 0.8, 0.43046721, -0.43046721, 1
0.824, 0.003004272, 0.000219819, 0.8, 0.43046721, -0.43046721, 1
0.825, 0.003007813, 0.000220099, 0.8, 0.43046721, -0.43046721, 1
0.826, 0.003011373, 0.000220368, 0.8, 0.43046721, -0.43046721, 1
0.827, 0.003014853, 0.000220608, 0.8, 0.43046721, -0.43046721, 1
0.828, 0.003018373, 0.000220868, 0.8, 0.43046721, -0.43046721, 1
0.829, 0.003021802, 0.00022113, 0.8, 0.43046721, -0.43046721, 1
0.83, 0.003025322, 0.000221379, 0.8, 0.43046721, -0.43046721, 1
0.831, 0.003028793, 0.000221642, 0.8, 0.43046721, -0.43046721, 1
0.832, 0.003032462, 0.000221891, 0.8, 0.43046721, -0.43046721, 1
0.833, 0.003035982, 0.000222151, 0.8, 0.43046721, -0.43046721, 1
0.834, 0.003039442, 0.000222411, 0.8, 0.43046721, -0.43046721, 1
0.835, 0.003042903, 0.000222661, 0.8, 0.43046721, -0.43046721, 1
0.836, 0.003046513, 0.00022293, 0.8, 0.43046721, -0.43046721, 1
0.837, 0.003049933, 0.00022318, 0.8, 0.43046721, -0.43046721, 1
0.838, 0.003053373, 0.00022343, 0.8, 0.43046721, -0.43046721, 1
0.839, 0.003056953, 0.00022368, 0.8, 0.43046721, -0.43046721, 1
0.84, 0.003060493, 0.00022394, 0.8, 0.43046721, -0.43046721, 1
0.841, 0.003064083, 0.0002242, 0.8, 0.43046721, -0.43046721, 1
0.842, 0.003067533, 0.00022446, 0.8, 0.43046721, -0.43046721, 1
0.843, 0.003071063, 0.00022472, 0.8, 0.43046721, -0.43046721, 1
0.844, 0.003074483, 0.000224979, 0.8, 0.43046721, -0.43046721, 1
0.845, 0.003078003, 0.000225231, 0.8, 0.43046721, -0.43046721, 1
0.846, 0.003081523, 0.000225492, 0.8, 0.43046721, -0.43046721, 1
0.847, 0.003085083, 0.000225762, 0.8, 0.43046721, -0.43046721, 1
0.848, 0.003088612, 0.00022602, 0.8, 0.43046721, -0.43046721, 1
0.849, 0.003092122, 0.000226271, 0.8, 0.43046721, -0.43046721, 1
0.85, 0.003095642, 0.000226522, 0.8, 0.43046721, -0.43046721, 1
0.851, 0.003099162, 0.000226782, 0.8, 0.43046721, -0.43046721, 1
0.852, 0.003102682, 0.000227031, 0.8, 0.43046721, -0.43046721, 1
0.853, 0.003106212, 0.000227281, 0.8, 0.43046721, -0.43046721, 1
0.854, 0.003109632, 0.000227543, 0.8, 0.43046721, -0.43046721, 1
0.855, 0.003113162, 0.000227802, 0.8, 0.43046721, -0.43046721, 1
0.856, 0.003116701, 0.00022805, 0.8, 0.43046721, -0.43046721, 1
0.857, 0.003120122, 0.00022831, 0.8, 0.43046721, -0.43046721, 1
0.858, 0.003123812, 0.00022856, 0.8, 0.43046721, -0.43046721, 1
0.859, 0.003127432, 0.00022882, 0.8, 0.43046721, -0.43046721, 1
0.86, 0.003130932, 0.00022908, 0.8, 0.43046721, -0.43046721, 1
0.861, 0.003134402, 0.00022933, 0.8, 0.43046721, -0.43046721, 1
0.862, 0.003137932, 0.00022959, 0.8, 0.43046721, -0.43046721, 1
0.863, 0.003141472, 0.00022985, 0.8, 0.43046721, -0.43046721, 1
0.864, 0.003145042, 0.00023011, 0.8, 0.43046721, -0.43046721, 1
0.865, 0.003148602, 0.00023037, 0.8, 0.43046721, -0.43046721, 1
0.866, 0.003152162, 0.000230631, 0.8, 0.43046721, -0.43046721, 1
0.867, 0.003155632, 0.000230883, 0.8, 0.43046721, -0.43046721, 1
0.868, 0.003159171, 0.000231143, 0.8, 0.43046721, -0.43046721, 1
0.869, 0.003162741, 0.000231405, 0.8, 0.43046721, -0.43046721, 1
0.87, 0.003166431, 0.000231665, 0.8, 0.43046721, -0.43046721, 1
0.871, 0.003169942, 0.000231915, 0.8, 0.43046721, -0.43046721, 1
0.872, 0.003173641, 0.000232166, 0.8, 0.43046721, -0.43046721, 1
0.873, 0.003177182, 0.000232427, 0.8, 0.43046721, -0.43046721, 1
0.874, 0.003180752, 0.000232688, 0.8, 0.43046721, -0.43046721, 1
0.875, 0.003184252, 0.000232946, 0.8, 0.43046721, -0.43046721, 1
0.876, 0.003187722, 0.000233207, 0.8, 0.43046721, -0.43046721, 1
0.877, 0.003191202, 0.000233476, 0.8, 0.43046721, -0.43046721, 1
0.878, 0.003194722, 0.000233725, 0.8, 0.43046721, -0.43046721, 1
0.879, 0.003198223, 0.000233975, 0.8, 0.43046721, -0.43046721, 1
0.88, 0.003201703, 0.000234245, 0.8, 0.43046721, -0.43046721, 1
0.881, 0.003205283, 0.000234515, 0.8, 0.43046721, -0.43046721, 1
0.882, 0.003208773, 0.000234775, 0.8, 0.43046721, -0.43046721, 1
0.883, 0.003216443, 0.000235045, 0.8, 0.43046721, -0.43046721, 1
0.884, 0.003220053, 0.000235295, 0.8, 0.43046721, -0.43046721, 1
0.885, 0.003223483, 0.000235555, 0.8, 0.43046721, -0.43046721, 1
0.886, 0.003227013, 0.000235815, 0.8, 0.43046721, -0.43046721, 1
0.887, 0.003230473, 0.000236076, 0.8, 0.43046721, -0.43046721, 1
0.888, 0.003234023, 0.000236333, 0.8, 0.43046721, -0.43046721, 1
0.889, 0.003237473, 0.000236592, 0.8, 0.43046721, -0.43046721, 1
0.89, 0.003241034, 0.000236852, 0.8, 0.43046721, -0.43046721, 1
0.891, 0.003244634, 0.000237112, 0.8, 0.43046721, -0.43046721, 1
0.892, 0.003248335, 0.00023737, 0.8, 0.43046721, -0.43046721, 1
0.893, 0.003251895, 0.000237621, 0.8, 0.43046721, -0.43046721, 1
0.894, 0.003255585, 0.00023789, 0.8, 0.43046721, -0.43046721, 1
0.895, 0.003259155, 0.000238152, 0.8, 0.43046721, -0.43046721, 1
0.896, 0.003262725, 0.000238414, 0.8, 0.43046721, -0.43046721, 1
0.897, 0.003266205, 0.000238666, 0.8, 0.43046721, -0.43046721, 1
0.898, 0.003269714, 0.000238927, 0.8, 0.43046721, -0.43046721, 1
0.899, 0.003273204, 0.000239178, 0.8, 0.43046721, -0.43046721, 1
0.9, 0.003276884, 0.000239578, 0.9, 0.387420489, -0.387420489, 1
0.901, 0.003280504, 0.000239828, 0.9, 0.387420489, -0.387420489, 1
0.902, 0.003284034, 0.000240078, 0.9, 0.387420489, -0.387420489, 1
0.903, 0.003287604, 0.000240318, 0.9, 0.387420489, -0.387420489, 1
0.904, 0.003291094, 0.000240578, 0.9, 0.387420489, -0.387420489, 1
0.905, 0.003294634, 0.000240828, 0.9, 0.387420489, -0.387420489, 1
0.906, 0.003298064, 0.000241098, 0.9, 0.387420489, -0.387420489, 1
0.907, 0.003301574, 0.000241356, 0.9, 0.387420489, -0.387420489, 1
0.908, 0.003305045, 0.000241615, 0.9, 0.387420489, -0.387420489, 1
0.909, 0.003308625, 0.000241885, 0.9, 0.387420489, -0.387420489, 1
0.91, 0.003312194, 0.000242133, 0.9, 0.387420489, -0.387420489, 1
0.911, 0.003315814, 0.000242395, 0.9, 0.387420489, -0.387420489, 1
0.912, 0.003319395, 0.000242657, 0.9, 0.387420489, -0.387420489, 1
0.913, 0.003322995, 0.000242926, 0.9, 0.387420489, -0.387420489, 1
0.914, 0.003326546, 0.000243187, 0.9, 0.387420489, -0.387420489, 1
0.915, 0.003330175, 0.000243456, 0.9, 0.387420489, -0.387420489, 1
0.916, 0.003333606, 0.000243709, 0.9, 0.387420489, -0.387420489, 1
0.917, 0.003337115, 0.000243958, 0.9, 0.387420489, -0.387420489, 1
0.918, 0.003340635, 0.000244207, 0.9, 0.387420489, -0.387420489, 1
0.919, 0.003344376, 0.000244469, 0.9, 0.387420489, -0.387420489, 1
0.92, 0.003347816, 0.000244738, 0.9, 0.387420489, -0.387420489, 1
0.921, 0.003351166, 0.000244998, 0.9, 0.387420489, -0.387420489, 1
0.922, 0.003354676, 0.000245248, 0.9, 0.387420489, -0.387420489, 1
0.923, 0.003358096, 0.000245498, 0.9, 0.387420489, -0.387420489, 1
0.924, 0.003361706, 0.000245748, 0.9, 0.387420489, -0.387420489, 1
0.925, 0.003365276, 0.000246008, 0.9, 0.387420489, -0.387420489, 1
0.926, 0.003368856, 0.000246278, 0.9, 0.387420489, -0.387420489, 1
0.927, 0.003372426, 0.000246548, 0.9, 0.387420489, -0.387420489, 1
0.928, 0.003376026, 0.000246818, 0.9, 0.387420489, -0.387420489, 1
0.929, 0.003379566, 0.000247079, 0.9, 0.387420489, -0.387420489, 1
0.93, 0.003383146, 0.000247341, 0.9, 0.387420489, -0.387420489, 1
0.931, 0.003386826, 0.00024759, 0.9, 0.387420489, -0.387420489, 1
0.932, 0.003390397, 0.00024785, 0.9, 0.387420489, -0.387420489, 1
0.933, 0.003393747, 0.000248118, 0.9, 0.387420489, -0.387420489, 1
0.934, 0.003397297, 0.000248369, 0.9, 0.387420489, -0.387420489, 1
0.935, 0.003400718, 0.000248629, 0.9, 0.387420489, -0.387420489, 1
0.936, 0.003404398, 0.00024889, 0.9, 0.387420489, -0.387420489, 1
0.937, 0.003407969, 0.000249148, 0.9, 0.387420489, -0.387420489, 1
0.938, 0.003411609, 0.000249417, 0.9, 0.387420489, -0.387420489, 1
0.939, 0.00341514, 0.000249689, 0.9, 0.387420489, -0.387420489, 1
0.94, 0.003418641, 0.00024994, 0.9, 0.387420489, -0.387420489, 1
0.941, 0.003422141, 0.000250197, 0.9, 0.387420489, -0.387420489, 1
0.942, 0.003425521, 0.000250446, 0.9, 0.387420489, -0.387420489, 1
0.943, 0.003429051, 0.000250696, 0.9, 0.387420489, -0.387420489, 1
0.944, 0.003432511, 0.000250946, 0.9, 0.387420489, -0.387420489, 1
0.945, 0.003438381, 0.000251206, 0.9, 0.387420489, -0.387420489, 1
0.946, 0.003442021, 0.000251456, 0.9, 0.387420489, -0.387420489, 1
0.947, 0.003445391, 0.000251716, 0.9, 0.387420489, -0.387420489, 1
0.948, 0.003449061, 0.000251976, 0.9, 0.387420489, -0.387420489, 1
0.949, 0.003452591, 0.000252225, 0.9, 0.387420489, -0.387420489, 1
0.95, 0.00345621, 0.000252484, 0.9, 0.387420489, -0.387420489, 1
0.951, 0.00345973, 0.000252753, 0.9, 0.387420489, -0.387420489, 1
0.952, 0.003463481, 0.000253013, 0.9, 0.387420489, -0.387420489, 1
0.953, 0.003466961, 0.000253262, 0.9, 0.387420489, -0.387420489, 1
0.954, 0.003470511, 0.00025351, 0.9, 0.387420489, -0.387420489, 1
0.955, 0.00347397, 0.00025376, 0.9, 0.387420489, -0.387420489, 1
0.956, 0.003477471, 0.000254021, 0.9, 0.387420489, -0.387420489, 1
0.957, 0.003481002, 0.000254282, 0.9, 0.387420489, -0.387420489, 1
0.958, 0.003484583, 0.000254553, 0.9, 0.387420489, -0.387420489, 1
0.959, 0.003488143, 0.000254821, 0.9, 0.387420489, -0.387420489, 1
0.96, 0.003491694, 0.00025507, 0.9, 0.387420489, -0.387420489, 1
0.961, 0.003495334, 0.000255332, 0.9, 0.387420489, -0.387420489, 1
0.962, 0.003498824, 0.000255593, 0.9, 0.387420489, -0.387420489, 1
0.963, 0.003502414, 0.000255843, 0.9, 0.387420489, -0.387420489, 1
0.964, 0.003505904, 0.000256103, 0.9, 0.387420489, -0.387420489, 1
0.965, 0.003509434, 0.000256373, 0.9, 0.387420489, -0.387420489, 1
0.966, 0.003512914, 0.000256643, 0.9, 0.387420489, -0.387420489, 1
0.967, 0.003516524, 0.000256913, 0.9, 0.387420489, -0.387420489, 1
0.968, 0.003520114, 0.000257173, 0.9, 0.387420489, -0.387420489, 1
0.969, 0.003523644, 0.000257443, 0.9, 0.387420489, -0.387420489, 1
0.97, 0.003527204, 0.000257703, 0.9, 0.387420489, -0.387420489, 1
0.971, 0.003530805, 0.000257952, 0.9, 0.387420489, -0.387420489, 1
0.972, 0.003534315, 0.000258201, 0.9, 0.387420489, -0.387420489, 1
0.973, 0.003538005, 0.000258464, 0.9, 0.387420489, -0.387420489, 1
0.974, 0.003541535, 0.000258724, 0.9, 0.387420489, -0.387420489, 1
0.975, 0.003545206, 0.000258974, 0.9, 0.387420489, -0.387420489, 1
0.976, 0.003548815, 0.000259223, 0.9, 0.387420489, -0.387420489, 1
0.977, 0.003552326, 0.000259484, 0.9, 0.387420489, -0.387420489, 1
0.978, 0.003555776, 0.000259743, 0.9, 0.387420489, -0.387420489, 1
0.979, 0.003559365, 0.000260003, 0.9, 0.387420489, -0.387420489, 1
0.98, 0.003562916, 0.000260261, 0.9, 0.387420489, -0.387420489, 1
0.981, 0.003566446, 0.00026052, 0.9, 0.387420489, -0.387420489, 1
0.982, 0.003570016, 0.00026079, 0.9, 0.387420489, -0.387420489, 1
0.983, 0.003573555, 0.000261038, 0.9, 0.387420489, -0.387420489, 1
0.984, 0.003577175, 0.000261299, 0.9, 0.387420489, -0.387420489, 1
0.985, 0.003580525, 0.000261539, 0.9, 0.387420489, -0.387420489, 1
0.986, 0.003584075, 0.000261789, 0.9, 0.387420489, -0.387420489, 1
0.987, 0.003587535, 0.000262049, 0.9, 0.387420489, -0.387420489, 1
0.988, 0.003590995, 0.000262309, 0.9, 0.387420489, -0.387420489, 1
0.989, 0.003594455, 0.000262579, 0.9, 0.387420489, -0.387420489, 1
0.99, 0.003597865, 0.000262829, 0.9, 0.387420489, -0.387420489, 1
0.991, 0.003601325, 0.000263079, 0.9, 0.387420489, -0.387420489, 1
0.992, 0.003604765, 0.000263339, 0.9, 0.387420489, -0.387420489, 1
0.993, 0.003608355, 0.0002636, 0.9, 0.387420489, -0.387420489, 1
0.994, 0.003611795, 0.000263861, 0.9, 0.387420489, -0.387420489, 1
0.995, 0.003615295, 0.000264129, 0.9, 0.387420489, -0.387420489, 1
0.996, 0.003618775, 0.0002644, 0.9, 0.387420489, -0.387420489, 1
0.997, 0.003622215, 0.000264661, 0.9, 0.387420489, -0.387420489, 1
0.998, 0.003625796, 0.000264929, 0.9, 0.387420489, -0.387420489, 1
0.999, 0.003629316, 0.000265179, 0.9, 0.387420489, -0.387420489, 1
1, 0.003633015, 0.000265557, 1, 0.3486784401, -0.3486784401, 1
1.001, 0.003636656, 0.000265818, 1, 0.3486784401, -0.3486784401, 1
1.002, 0.003640186, 0.000266088, 1, 0.3486784401, -0.3486784401, 1
1.003, 0.003643836, 0.000266356, 1, 0.3486784401, -0.3486784401, 1
1.004, 0.003647335, 0.000266605, 1, 0.3486784401, -0.3486784401, 1
1.005, 0.003650935, 0.000266856, 1, 0.3486784401, -0.3486784401, 1
1.006, 0.003656575, 0.000267116, 1, 0.3486784401, -0.3486784401, 1
1.007, 0.003660285, 0.000267376, 1, 0.3486784401, -0.3486784401, 1
1.008, 0.003663835, 0.000267646, 1, 0.3486784401, -0.3486784401, 1
1.009, 0.003667335, 0.000267906, 1, 0.3486784401, -0.3486784401, 1
1.01, 0.003670795, 0.000268176, 1, 0.3486784401, -0.3486784401, 1
1.011, 0.003674425, 0.000268456, 1, 0.3486784401, -0.3486784401, 1
1.012, 0.003678105, 0.000268706, 1, 0.3486784401, -0.3486784401, 1
1.013, 0.003681655, 0.000268968, 1, 0.3486784401, -0.3486784401, 1
1.014, 0.003685145, 0.000269228, 1, 0.3486784401, -0.3486784401, 1
1.015, 0.003688735, 0.000269497, 1, 0.3486784401, -0.3486784401, 1
1.016, 0.003692175, 0.000269768, 1, 0.3486784401, -0.3486784401, 1
1.017, 0.003695685, 0.000270026, 1, 0.3486784401, -0.3486784401, 1
1.018, 0.003699125, 0.000270286, 1, 0.3486784401, -0.3486784401, 1
1.019, 0.003702504, 0.000270546, 1, 0.3486784401, -0.3486784401, 1
1.02, 0.003706165, 0.000270818, 1, 0.3486784401, -0.3486784401, 1
1.021, 0.003709736, 0.000271078, 1, 0.3486784401, -0.3486784401, 1
1.022, 0.003713157, 0.000271338, 1, 0.3486784401, -0.3486784401, 1
1.023, 0.003716647, 0.000271599, 1, 0.3486784401, -0.3486784401, 1
1.024, 0.003720007, 0.00027186, 1, 0.3486784401, -0.3486784401, 1
1.025, 0.003723727, 0.000272129, 1, 0.3486784401, -0.3486784401, 1
1.026, 0.003727098, 0.0002724, 1, 0.3486784401, -0.3486784401, 1
1.027, 0.003730518, 0.00027267, 1, 0.3486784401, -0.3486784401, 1
1.028, 0.003734078, 0.00027292, 1, 0.3486784401, -0.3486784401, 1
1.029, 0.003737538, 0.00027319, 1, 0.3486784401, -0.3486784401, 1
1.03, 0.003741098, 0.00027345, 1, 0.3486784401, -0.3486784401, 1
1.031, 0.003744607, 0.0002737, 1, 0.3486784401, -0.3486784401, 1
1.032, 0.003748137, 0.00027397, 1, 0.3486784401, -0.3486784401, 1
1.033, 0.003751517, 0.00027423, 1, 0.3486784401, -0.3486784401, 1
1.034, 0.003755037, 0.00027449, 1, 0.3486784401, -0.3486784401, 1
1.035, 0.003758417, 0.00027475, 1, 0.3486784401, -0.3486784401, 1
1.036, 0.003762007, 0.000275007, 1, 0.3486784401, -0.3486784401, 1
1.037, 0.003765527, 0.000275268, 1, 0.3486784401, -0.3486784401, 1
1.038, 0.003769106, 0.000275518, 1, 0.3486784401, -0.3486784401, 1
1.039, 0.003772497, 0.000275789, 1, 0.3486784401, -0.3486784401, 1
1.04, 0.003776068, 0.000276039, 1, 0.3486784401, -0.3486784401, 1
1.041, 0.003779498, 0.000276298, 1, 0.3486784401, -0.3486784401, 1
1.042, 0.003782968, 0.000276559, 1, 0.3486784401, -0.3486784401, 1
1.043, 0.003786558, 0.000276818, 1, 0.3486784401, -0.3486784401, 1
1.044, 0.003789988, 0.000277079, 1, 0.3486784401, -0.3486784401, 1
1.045, 0.003793439, 0.000277341, 1, 0.3486784401, -0.3486784401, 1
1.046, 0.003796779, 0.00027758, 1, 0.3486784401, -0.3486784401, 1
1.047, 0.003800289, 0.000277838, 1, 0.3486784401, -0.3486784401, 1
1.048, 0.00380365, 0.000278098, 1, 0.3486784401, -0.3486784401, 1
1.049, 0.00380734, 0.000278358, 1, 0.3486784401, -0.3486784401, 1
1.05, 0.00381079, 0.000278618, 1, 0.3486784401, -0.3486784401, 1
1.051, 0.00381433, 0.000278878, 1, 0.3486784401, -0.3486784401, 1
1.052, 0.00381774, 0.000279138, 1, 0.3486784401, -0.3486784401, 1
1.053, 0.0038213, 0.000279408, 1, 0.3486784401, -0.3486784401, 1
1.054, 0.00382476, 0.000279678, 1, 0.3486784401, -0.3486784401, 1
1.055, 0.00382827, 0.000279938, 1, 0.3486784401, -0.3486784401, 1
1.056, 0.0038317, 0.000280178, 1, 0.3486784401, -0.3486784401, 1
1.057, 0.00383529, 0.000280428, 1, 0.3486784401, -0.3486784401, 1
1.058, 0.003838791, 0.000280678, 1, 0.3486784401, -0.3486784401, 1
1.059, 0.003842211, 0.000280935, 1, 0.3486784401, -0.3486784401, 1
1.06, 0.003845771, 0.000281194, 1, 0.3486784401, -0.3486784401, 1
1.061, 0.003849212, 0.000281464, 1, 0.3486784401, -0.3486784401, 1
1.062, 0.003852812, 0.000281724, 1, 0.3486784401, -0.3486784401, 1
1.063, 0.003856313, 0.000281984, 1, 0.3486784401, -0.3486784401, 1
1.064, 0.003859803, 0.000282243, 1, 0.3486784401, -0.3486784401, 1
1.065, 0.003863223, 0.000282501, 1, 0.3486784401, -0.3486784401, 1
1.066, 0.003866722, 0.00028277, 1, 0.3486784401, -0.3486784401, 1
1.067, 0.003870122, 0.00028302, 1, 0.3486784401, -0.3486784401, 1
1.068, 0.003875971, 0.000283291, 1, 0.3486784401, -0.3486784401, 1
1.069, 0.003879401, 0.000283542, 1, 0.3486784401, -0.3486784401, 1
1.07, 0.003882951, 0.000283812, 1, 0.3486784401, -0.3486784401, 1
1.071, 0.003886491, 0.000284082, 1, 0.3486784401, -0.3486784401, 1
1.072, 0.003890031, 0.000284352, 1, 0.3486784401, -0.3486784401, 1
1.073, 0.003893611, 0.000284612, 1, 0.3486784401, -0.3486784401, 1
1.074, 0.003897171, 0.000284872, 1, 0.3486784401, -0.3486784401, 1
1.075, 0.003900591, 0.000285132, 1, 0.3486784401, -0.3486784401, 1
1.076, 0.003904161, 0.000285402, 1, 0.3486784401, -0.3486784401, 1
1.077, 0.003907561, 0.000285652, 1, 0.3486784401, -0.3486784401, 1
1.078, 0.003911081, 0.000285892, 1, 0.3486784401, -0.3486784401, 1
1.079, 0.003914481, 0.000286141, 1, 0.3486784401, -0.3486784401, 1
1.08, 0.003918012, 0.000286399, 1, 0.3486784401, -0.3486784401, 1
1.081, 0.003921442, 0.000286649, 1, 0.3486784401, -0.3486784401, 1
1.082, 0.003924962, 0.000286899, 1, 0.3486784401, -0.3486784401, 1
1.083, 0.003928371, 0.000287158, 1, 0.3486784401, -0.3486784401, 1
1.084, 0.00393191, 0.000287429, 1, 0.3486784401, -0.3486784401, 1
1.085, 0.003935381, 0.000287699, 1, 0.3486784401, -0.3486784401, 1
1.086, 0.003938841, 0.000287957, 1, 0.3486784401, -0.3486784401, 1
1.087, 0.003942371, 0.000288214, 1, 0.3486784401, -0.3486784401, 1
1.088, 0.003945921, 0.000288494, 1, 0.3486784401, -0.3486784401, 1
1.089, 0.003949492, 0.000288756, 1, 0.3486784401, -0.3486784401, 1
1.09, 0.003953063, 0.000289008, 1, 0.3486784401, -0.3486784401, 1
1.091, 0.003956604, 0.000289268, 1, 0.3486784401, -0.3486784401, 1
1.092, 0.003960134, 0.000289538, 1, 0.3486784401, -0.3486784401, 1
1.093, 0.003963674, 0.000289788, 1, 0.3486784401, -0.3486784401, 1
1.094, 0.003967204, 0.000290058, 1, 0.3486784401, -0.3486784401, 1
1.095, 0.003970724, 0.000290318, 1, 0.3486784401, -0.3486784401, 1
1.096, 0.003974264, 0.000290578, 1, 0.3486784401, -0.3486784401, 1
1.097, 0.003977784, 0.000290838, 1, 0.3486784401, -0.3486784401, 1
1.098, 0.003981194, 0.000291088, 1, 0.3486784401, -0.3486784401, 1
1.099, 0.003984894, 0.000291346, 1, 0.3486784401, -0.3486784401, 1
1.1, 0.003988454, 0.000291757, 1.1, 0.31381059609, -0.31381059609, 1
1.101, 0.003992245, 0.000292069, 1.1, 0.31381059609, -0.31381059609, 1
1.102, 0.003995805, 0.000292329, 1.1, 0.31381059609, -0.31381059609, 1
1.103, 0.003999506, 0.000292591, 1.1, 0.31381059609, -0.31381059609, 1
1.104, 0.004002976, 0.000292859, 1.1, 0.31381059609, -0.31381059609, 1
1.105, 0.004006576, 0.00029312, 1.1, 0.31381059609, -0.31381059609, 1
1.106, 0.004010085, 0.00029337, 1.1, 0.31381059609, -0.31381059609, 1
1.107, 0.004013716, 0.000293641, 1.1, 0.31381059609, -0.31381059609, 1
1.108, 0.004017216, 0.000293901, 1.1, 0.31381059609, -0.31381059609, 1
1.109, 0.004020736, 0.000294169, 1.1, 0.31381059609, -0.31381059609, 1
1.11, 0.004024246, 0.00029442, 1.1, 0.31381059609, -0.31381059609, 1
1.111, 0.004027696, 0.00029467, 1.1, 0.31381059609, -0.31381059609, 1
1.112, 0.004031226, 0.000294929, 1.1, 0.31381059609, -0.31381059609, 1
1.113, 0.004034666, 0.000295189, 1.1, 0.31381059609, -0.31381059609, 1
1.114, 0.004038206, 0.000295459, 1.1, 0.31381059609, -0.31381059609, 1
1.115, 0.004041556, 0.000295729, 1.1, 0.31381059609, -0.31381059609, 1
1.116, 0.004045166, 0.000295989, 1.1, 0.31381059609, -0.31381059609, 1
1.117, 0.004048706, 0.000296259, 1.1, 0.31381059609, -0.31381059609, 1
1.118, 0.004052276, 0.000296529, 1.1, 0.31381059609, -0.31381059609, 1
1.119, 0.004055706, 0.000296799, 1.1, 0.31381059609, -0.31381059609, 1
1.12, 0.004059366, 0.000297049, 1.1, 0.31381059609, -0.31381059609, 1
1.121, 0.004062846, 0.000297318, 1.1, 0.31381059609, -0.31381059609, 1
1.122, 0.004066497, 0.000297586, 1.1, 0.31381059609, -0.31381059609, 1
1.123, 0.004069988, 0.000297846, 1.1, 0.31381059609, -0.31381059609, 1
1.124, 0.004073468, 0.000298107, 1.1, 0.31381059609, -0.31381059609, 1
1.125, 0.004076958, 0.000298365, 1.1, 0.31381059609, -0.31381059609, 1
1.126, 0.004080567, 0.000298614, 1.1, 0.31381059609, -0.31381059609, 1
1.127, 0.004084038, 0.000298874, 1.1, 0.31381059609, -0.31381059609, 1
1.128, 0.004089758, 0.000299134, 1.1, 0.31381059609, -0.31381059609, 1
1.129, 0.004093198, 0.000299404, 1.1, 0.31381059609, -0.31381059609, 1
1.13, 0.004096749, 0.000299664, 1.1, 0.31381059609, -0.31381059609, 1
1.131, 0.004100278, 0.000299914, 1.1, 0.31381059609, -0.31381059609, 1
1.132, 0.004103988, 0.000300164, 1.1, 0.31381059609, -0.31381059609, 1
1.133, 0.004107398, 0.000300435, 1.1, 0.31381059609, -0.31381059609, 1
1.134, 0.004110938, 0.000300685, 1.1, 0.31381059609, -0.31381059609, 1
1.135, 0.004114458, 0.000300945, 1.1, 0.31381059609, -0.31381059609, 1
1.136, 0.004117948, 0.000301215, 1.1, 0.31381059609, -0.31381059609, 1
1.137, 0.004121398, 0.000301475, 1.1, 0.31381059609, -0.31381059609, 1
1.138, 0.004124818, 0.000301745, 1.1, 0.31381059609, -0.31381059609, 1
1.139, 0.004128368, 0.000302015, 1.1, 0.31381059609, -0.31381059609, 1
1.14, 0.004131878, 0.000302275, 1.1, 0.31381059609, -0.31381059609, 1
1.141, 0.004135429, 0.000302546, 1.1, 0.31381059609, -0.31381059609, 1
1.142, 0.004138939, 0.000302815, 1.1, 0.31381059609, -0.31381059609, 1
1.143, 0.004142519, 0.000303097, 1.1, 0.31381059609, -0.31381059609, 1
1.144, 0.004145999, 0.000303366, 1.1, 0.31381059609, -0.31381059609, 1
1.145, 0.004149489, 0.000303624, 1.1, 0.31381059609, -0.31381059609, 1
1.146, 0.004152829, 0.000303874, 1.1, 0.31381059609, -0.31381059609, 1
1.147, 0.00415637, 0.000304136, 1.1, 0.31381059609, -0.31381059609, 1
1.148, 0.00415978, 0.000304395, 1.1, 0.31381059609, -0.31381059609, 1
1.149, 0.004163369, 0.000304674, 1.1, 0.31381059609, -0.31381059609, 1
1.15, 0.00416677, 0.000304922, 1.1, 0.31381059609, -0.31381059609, 1
1.151, 0.00417045, 0.000305193, 1.1, 0.31381059609, -0.31381059609, 1
1.152, 0.00417402, 0.000305443, 1.1, 0.31381059609, -0.31381059609, 1
1.153, 0.0041777, 0.000305704, 1.1, 0.31381059609, -0.31381059609, 1
1.154, 0.004181169, 0.000305954, 1.1, 0.31381059609, -0.31381059609, 1
1.155, 0.00418468, 0.000306214, 1.1, 0.31381059609, -0.31381059609, 1
1.156, 0.00418829, 0.000306484, 1.1, 0.31381059609, -0.31381059609, 1
1.157, 0.00419176, 0.000306754, 1.1, 0.31381059609, -0.31381059609, 1
1.158, 0.00419535, 0.000307024, 1.1, 0.31381059609, -0.31381059609, 1
1.159, 0.00419878, 0.000307294, 1.1, 0.31381059609, -0.31381059609, 1
1.16, 0.00420229, 0.000307554, 1.1, 0.31381059609, -0.31381059609, 1
1.161, 0.00420574, 0.000307814, 1.1, 0.31381059609, -0.31381059609, 1
1.162, 0.00420924, 0.000308074, 1.1, 0.31381059609, -0.31381059609, 1
1.163, 0.00421267, 0.000308332, 1.1, 0.31381059609, -0.31381059609, 1
1.164, 0.00421623, 0.000308591, 1.1, 0.31381059609, -0.31381059609, 1
1.165, 0.004220119, 0.000308942, 1.1, 0.31381059609, -0.31381059609, 1
1.166, 0.004224008, 0.000309281, 1.1, 0.31381059609, -0.31381059609, 1
1.167, 0.004227507, 0.00030954, 1.1, 0.31381059609, -0.31381059609, 1
1.168, 0.004231168, 0.000309802, 1.1, 0.31381059609, -0.31381059609, 1
1.169, 0.004234589, 0.00031006, 1.1, 0.31381059609, -0.31381059609, 1
1.17, 0.004238189, 0.000310321, 1.1, 0.31381059609, -0.31381059609, 1
1.171, 0.004241578, 0.000310571, 1.1, 0.31381059609, -0.31381059609, 1
1.172, 0.004245009, 0.000310829, 1.1, 0.31381059609, -0.31381059609, 1
1.173, 0.004248559, 0.000311099, 1.1, 0.31381059609, -0.31381059609, 1
1.174, 0.004252119, 0.000311368, 1.1, 0.31381059609, -0.31381059609, 1
1.175, 0.00425566, 0.00031163, 1.1, 0.31381059609, -0.31381059609, 1
1.176, 0.00425909, 0.00031189, 1.1, 0.31381059609, -0.31381059609, 1
1.177, 0.00426273, 0.00031216, 1.1, 0.31381059609, -0.31381059609, 1
1.178, 0.00426618, 0.00031242, 1.1, 0.31381059609, -0.31381059609, 1
1.179, 0.00426984, 0.00031269, 1.1, 0.31381059609, -0.31381059609, 1
1.18, 0.00427331, 0.00031294, 1.1, 0.31381059609, -0.31381059609, 1
1.181, 0.00427694, 0.00031321, 1.1, 0.31381059609, -0.31381059609, 1
1.182, 0.00428052, 0.00031346, 1.1, 0.31381059609, -0.31381059609, 1
1.183, 0.00428404, 0.00031372, 1.1, 0.31381059609, -0.31381059609, 1
1.184, 0.004287491, 0.000313971, 1.1, 0.31381059609, -0.31381059609, 1
1.185, 0.00429108, 0.000314222, 1.1, 0.31381059609, -0.31381059609, 1
1.186, 0.00429711, 0.000314481, 1.1, 0.31381059609, -0.31381059609, 1
1.187, 0.004300689, 0.000314741, 1.1, 0.31381059609, -0.31381059609, 1
1.188, 0.004304409, 0.000315011, 1.1, 0.31381059609, -0.31381059609, 1
1.189, 0.004307938, 0.00031527, 1.1, 0.31381059609, -0.31381059609, 1
1.19, 0.004311597, 0.000315541, 1.1, 0.31381059609, -0.31381059609, 1
1.191, 0.004315247, 0.000315782, 1.1, 0.31381059609, -0.31381059609, 1
1.192, 0.004318718, 0.000316043, 1.1, 0.31381059609, -0.31381059609, 1
1.193, 0.004322228, 0.000316303, 1.1, 0.31381059609, -0.31381059609, 1
1.194, 0.004325817, 0.000316562, 1.1, 0.31381059609, -0.31381059609, 1
1.195, 0.004329327, 0.000316833, 1.1, 0.31381059609, -0.31381059609, 1
1.196, 0.004332747, 0.000317112, 1.1, 0.31381059609, -0.31381059609, 1
1.197, 0.004336277, 0.000317372, 1.1, 0.31381059609, -0.31381059609, 1
1.198, 0.004339737, 0.000317642, 1.1, 0.31381059609, -0.31381059609, 1
1.199, 0.004343247, 0.000317902, 1.1, 0.31381059609, -0.31381059609, 1
1.2, 0.004346817, 0.000318312, 1.2, 0.282429536481, -0.282429536481, 1
1.201, 0.004350587, 0.000318572, 1.2, 0.282429536481, -0.282429536481, 1
1.202, 0.004354167, 0.000318832, 1.2, 0.282429536481, -0.282429536481, 1
1.203, 0.004357777, 0.000319102, 1.2, 0.282429536481, -0.282429536481, 1
1.204, 0.004361387, 0.000319362, 1.2, 0.282429536481, -0.282429536481, 1
1.205, 0.004364977, 0.000319623, 1.2, 0.282429536481, -0.282429536481, 1
1.206, 0.004368518, 0.000319883, 1.2, 0.282429536481, -0.282429536481, 1
1.207, 0.004372028, 0.000320152, 1.2, 0.282429536481, -0.282429536481, 1
1.208, 0.004375499, 0.000320424, 1.2, 0.282429536481, -0.282429536481, 1
1.209, 0.004379129, 0.000320692, 1.2, 0.282429536481, -0.282429536481, 1
1.21, 0.004382548, 0.000320962, 1.2, 0.282429536481, -0.282429536481, 1
1.211, 0.004386028, 0.000321244, 1.2, 0.282429536481, -0.282429536481, 1
1.212, 0.004389579, 0.000321516, 1.2, 0.282429536481, -0.282429536481, 1
1.213, 0.004393038, 0.000321774, 1.2, 0.282429536481, -0.282429536481, 1
1.214, 0.004396588, 0.000322033, 1.2, 0.282429536481, -0.282429536481, 1
1.215, 0.004400119, 0.000322294, 1.2, 0.282429536481, -0.282429536481, 1
1.216, 0.004403679, 0.000322563, 1.2, 0.282429536481, -0.282429536481, 1
1.217, 0.0044071, 0.000322823, 1.2, 0.282429536481, -0.282429536481, 1
1.218, 0.00441069, 0.000323082, 1.2, 0.282429536481, -0.282429536481, 1
1.219, 0.00441431, 0.000323352, 1.2, 0.282429536481, -0.282429536481, 1
1.22, 0.00441782, 0.000323612, 1.2, 0.282429536481, -0.282429536481, 1
1.221, 0.00442132, 0.000323882, 1.2, 0.282429536481, -0.282429536481, 1
1.222, 0.0044249, 0.000324162, 1.2, 0.282429536481, -0.282429536481, 1
1.223, 0.00442833, 0.000324422, 1.2, 0.282429536481, -0.282429536481, 1
1.224, 0.00443188, 0.000324682, 1.2, 0.282429536481, -0.282429536481, 1
1.225, 0.00443533, 0.000324962, 1.2, 0.282429536481, -0.282429536481, 1
1.226, 0.00443901, 0.000325231, 1.2, 0.282429536481, -0.282429536481, 1
1.227, 0.004442481, 0.0003255, 1.2, 0.282429536481, -0.282429536481, 1
1.228, 0.004446111, 0.000325759, 1.2, 0.282429536481, -0.282429536481, 1
1.229, 0.004449601, 0.000326028, 1.2, 0.282429536481, -0.282429536481, 1
1.23, 0.004453051, 0.000326297, 1.2, 0.282429536481, -0.282429536481, 1
1.231, 0.004456532, 0.000326568, 1.2, 0.282429536481, -0.282429536481, 1
1.232, 0.004460071, 0.000326815, 1.2, 0.282429536481, -0.282429536481, 1
1.233, 0.004463662, 0.000327064, 1.2, 0.282429536481, -0.282429536481, 1
1.234, 0.004467141, 0.000327344, 1.2, 0.282429536481, -0.282429536481, 1
1.235, 0.004470692, 0.000327603, 1.2, 0.282429536481, -0.282429536481, 1
1.236, 0.004474261, 0.000327865, 1.2, 0.282429536481, -0.282429536481, 1
1.237, 0.004477841, 0.000328125, 1.2, 0.282429536481, -0.282429536481, 1
1.238, 0.004481262, 0.000328386, 1.2, 0.282429536481, -0.282429536481, 1
1.239, 0.004484762, 0.000328655, 1.2, 0.282429536481, -0.282429536481, 1
1.24, 0.004488272, 0.000328905, 1.2, 0.282429536481, -0.282429536481, 1
1.241, 0.004491822, 0.000329165, 1.2, 0.282429536481, -0.282429536481, 1
1.242, 0.004495222, 0.000329425, 1.2, 0.282429536481, -0.282429536481, 1
1.243, 0.004501152, 0.000329685, 1.2, 0.282429536481, -0.282429536481, 1
1.244, 0.004504732, 0.000329935, 1.2, 0.282429536481, -0.282429536481, 1
1.245, 0.004508302, 0.000330215, 1.2, 0.282429536481, -0.282429536481, 1
1.246, 0.004511782, 0.000330475, 1.2, 0.282429536481, -0.282429536481, 1
1.247, 0.004515342, 0.000330734, 1.2, 0.282429536481, -0.282429536481, 1
1.248, 0.004518822, 0.000330985, 1.2, 0.282429536481, -0.282429536481, 1
1.249, 0.004522401, 0.000331236, 1.2, 0.282429536481, -0.282429536481, 1
1.25, 0.004525801, 0.000331487, 1.2, 0.282429536481, -0.282429536481, 1
1.251, 0.004529371, 0.000331758, 1.2, 0.282429536481, -0.282429536481, 1
1.252, 0.004532802, 0.00033203, 1.2, 0.282429536481, -0.282429536481, 1
1.253, 0.004536413, 0.000332291, 1.2, 0.282429536481, -0.282429536481, 1
1.254, 0.004539802, 0.00033256, 1.2, 0.282429536481, -0.282429536481, 1
1.255, 0.004543482, 0.00033283, 1.2, 0.282429536481, -0.282429536481, 1
1.256, 0.004546932, 0.000333088, 1.2, 0.282429536481, -0.282429536481, 1
1.257, 0.004550542, 0.000333345, 1.2, 0.282429536481, -0.282429536481, 1
1.258, 0.004553961, 0.000333604, 1.2, 0.282429536481, -0.282429536481, 1
1.259, 0.004557622, 0.000333864, 1.2, 0.282429536481, -0.282429536481, 1
1.26, 0.004561112, 0.000334122, 1.2, 0.282429536481, -0.282429536481, 1
1.261, 0.004564722, 0.000334382, 1.2, 0.282429536481, -0.282429536481, 1
1.262, 0.004568192, 0.000334642, 1.2, 0.282429536481, -0.282429536481, 1
1.263, 0.004571712, 0.000334882, 1.2, 0.282429536481, -0.282429536481, 1
1.264, 0.004575232, 0.000335142, 1.2, 0.282429536481, -0.282429536481, 1
1.265, 0.004578762, 0.000335412, 1.2, 0.282429536481, -0.282429536481, 1
1.266, 0.004582312, 0.000335672, 1.2, 0.282429536481, -0.282429536481, 1
1.267, 0.004585752, 0.000335922, 1.2, 0.282429536481, -0.282429536481, 1
1.268, 0.004589262, 0.000336182, 1.2, 0.282429536481, -0.282429536481, 1
1.269, 0.004592693, 0.000336433, 1.2, 0.282429536481, -0.282429536481, 1
1.27, 0.004596222, 0.000336702, 1.2, 0.282429536481, -0.282429536481, 1
1.271, 0.004599662, 0.000336973, 1.2, 0.282429536481, -0.282429536481, 1
1.272, 0.004603182, 0.000337242, 1.2, 0.282429536481, -0.282429536481, 1
1.273, 0.004606723, 0.000337514, 1.2, 0.282429536481, -0.282429536481, 1
1.274, 0.004610243, 0.000337783, 1.2, 0.282429536481, -0.282429536481, 1
1.275, 0.004613694, 0.000338055, 1.2, 0.282429536481, -0.282429536481, 1
1.276, 0.004617385, 0.000338316, 1.2, 0.282429536481, -0.282429536481, 1
1.277, 0.004620895, 0.000338563, 1.2, 0.282429536481, -0.282429536481, 1
1.278, 0.004624396, 0.000338825, 1.2, 0.282429536481, -0.282429536481, 1
1.279, 0.004627897, 0.000339075, 1.2, 0.282429536481, -0.282429536481, 1
1.28, 0.004631516, 0.000339334, 1.2, 0.282429536481, -0.282429536481, 1
1.281, 0.004635016, 0.000339596, 1.2, 0.282429536481, -0.282429536481, 1
1.282, 0.004638417, 0.000339846, 1.2, 0.282429536481, -0.282429536481, 1
1.283, 0.004641987, 0.000340096, 1.2, 0.282429536481, -0.282429536481, 1
1.284, 0.004645437, 0.000340346, 1.2, 0.282429536481, -0.282429536481, 1
1.285, 0.004649017, 0.000340606, 1.2, 0.282429536481, -0.282429536481, 1
1.286, 0.004652547, 0.000340856, 1.2, 0.282429536481, -0.282429536481, 1
1.287, 0.004656077, 0.000341116, 1.2, 0.282429536481, -0.282429536481, 1
1.288, 0.004659487, 0.000341366, 1.2, 0.282429536481, -0.282429536481, 1
1.289, 0.004663077, 0.000341626, 1.2, 0.282429536481, -0.282429536481, 1
1.29, 0.004666497, 0.000341887, 1.2, 0.282429536481, -0.282429536481, 1
1.291, 0.004670078, 0.000342149, 1.2, 0.282429536481, -0.282429536481, 1
1.292, 0.004673538, 0.000342409, 1.2, 0.282429536481, -0.282429536481, 1
1.293, 0.004677077, 0.00034266, 1.2, 0.282429536481, -0.282429536481, 1
1.294, 0.004680547, 0.000342922, 1.2, 0.282429536481, -0.282429536481, 1
1.295, 0.004684166, 0.000343181, 1.2, 0.282429536481, -0.282429536481, 1
1.296, 0.004687615, 0.000343439, 1.2, 0.282429536481, -0.282429536481, 1
1.297, 0.004691165, 0.000343712, 1.2, 0.282429536481, -0.282429536481, 1
1.298, 0.004694675, 0.000343961, 1.2, 0.282429536481, -0.282429536481, 1
1.299, 0.004700476, 0.000344221, 1.2, 0.282429536481, -0.282429536481, 1
1.3, 0.004704026, 0.000344634, 1.3, 0.254186582833, -0.254186582833, 1
1.301, 0.004707575, 0.000344892, 1.3, 0.254186582833, -0.254186582833, 1
1.302, 0.004711386, 0.00034515, 1.3, 0.254186582833, -0.254186582833, 1
1.303, 0.004715097, 0.000345479, 1.3, 0.254186582833, -0.254186582833, 1
1.304, 0.004718617, 0.000345739, 1.3, 0.254186582833, -0.254186582833, 1
1.305, 0.004722077, 0.000346009, 1.3, 0.254186582833, -0.254186582833, 1
1.306, 0.004725567, 0.000346269, 1.3, 0.254186582833, -0.254186582833, 1
1.307, 0.004729167, 0.000346519, 1.3, 0.254186582833, -0.254186582833, 1
1.308, 0.004732597, 0.000346789, 1.3, 0.254186582833, -0.254186582833, 1
1.309, 0.004736127, 0.000347039, 1.3, 0.254186582833, -0.254186582833, 1
1.31, 0.004739527, 0.000347309, 1.3, 0.254186582833, -0.254186582833, 1
1.311, 0.004743028, 0.00034756, 1.3, 0.254186582833, -0.254186582833, 1
1.312, 0.004746457, 0.00034782, 1.3, 0.254186582833, -0.254186582833, 1
1.313, 0.004750017, 0.00034809, 1.3, 0.254186582833, -0.254186582833, 1
1.314, 0.004753488, 0.000348342, 1.3, 0.254186582833, -0.254186582833, 1
1.315, 0.004756888, 0.000348602, 1.3, 0.254186582833, -0.254186582833, 1
1.316, 0.004760408, 0.000348862, 1.3, 0.254186582833, -0.254186582833, 1
1.317, 0.004763829, 0.000349124, 1.3, 0.254186582833, -0.254186582833, 1
1.318, 0.00476729, 0.000349374, 1.3, 0.254186582833, -0.254186582833, 1
1.319, 0.00477073, 0.000349634, 1.3, 0.254186582833, -0.254186582833, 1
1.32, 0.00477425, 0.000349882, 1.3, 0.254186582833, -0.254186582833, 1
1.321, 0.004777671, 0.000350133, 1.3, 0.254186582833, -0.254186582833, 1
1.322, 0.004781281, 0.000350382, 1.3, 0.254186582833, -0.254186582833, 1
1.323, 0.004784711, 0.00035063, 1.3, 0.254186582833, -0.254186582833, 1
1.324, 0.004788271, 0.000350869, 1.3, 0.254186582833, -0.254186582833, 1
1.325, 0.004791712, 0.000351129, 1.3, 0.254186582833, -0.254186582833, 1
1.326, 0.004795242, 0.000351399, 1.3, 0.254186582833, -0.254186582833, 1
1.327, 0.004798712, 0.000351659, 1.3, 0.254186582833, -0.254186582833, 1
1.328, 0.004802202, 0.000351919, 1.3, 0.254186582833, -0.254186582833, 1
1.329, 0.004805612, 0.000352179, 1.3, 0.254186582833, -0.254186582833, 1
1.33, 0.004809222, 0.000352449, 1.3, 0.254186582833, -0.254186582833, 1
1.331, 0.004812762, 0.000352709, 1.3, 0.254186582833, -0.254186582833, 1
1.332, 0.004816192, 0.000352969, 1.3, 0.254186582833, -0.254186582833, 1
1.333, 0.004819792, 0.000353218, 1.3, 0.254186582833, -0.254186582833, 1
1.334, 0.004823232, 0.000353479, 1.3, 0.254186582833, -0.254186582833, 1
1.335, 0.00482678, 0.000353739, 1.3, 0.254186582833, -0.254186582833, 1
1.336, 0.00483022, 0.000353989, 1.3, 0.254186582833, -0.254186582833, 1
1.337, 0.00483378, 0.000354249, 1.3, 0.254186582833, -0.254186582833, 1
1.338, 0.00483725, 0.000354509, 1.3, 0.254186582833, -0.254186582833, 1
1.339, 0.0048408, 0.000354759, 1.3, 0.254186582833, -0.254186582833, 1
1.34, 0.00484436, 0.00035503, 1.3, 0.254186582833, -0.254186582833, 1
1.341, 0.004848019, 0.000355388, 1.3, 0.254186582833, -0.254186582833, 1
1.342, 0.004851549, 0.000355649, 1.3, 0.254186582833, -0.254186582833, 1
1.343, 0.004855088, 0.000355897, 1.3, 0.254186582833, -0.254186582833, 1
1.344, 0.004858549, 0.000356147, 1.3, 0.254186582833, -0.254186582833, 1
1.345, 0.004862149, 0.000356389, 1.3, 0.254186582833, -0.254186582833, 1
1.346, 0.004865729, 0.000356649, 1.3, 0.254186582833, -0.254186582833, 1
1.347, 0.004869349, 0.000356919, 1.3, 0.254186582833, -0.254186582833, 1
1.348, 0.004872859, 0.000357169, 1.3, 0.254186582833, -0.254186582833, 1
1.349, 0.004876399, 0.000357419, 1.3, 0.254186582833, -0.254186582833, 1
1.35, 0.004879869, 0.000357679, 1.3, 0.254186582833, -0.254186582833, 1
1.351, 0.004883559, 0.000357939, 1.3, 0.254186582833, -0.254186582833, 1
1.352, 0.004887079, 0.000358209, 1.3, 0.254186582833, -0.254186582833, 1
1.353, 0.004890519, 0.000358469, 1.3, 0.254186582833, -0.254186582833, 1
1.354, 0.004894009, 0.00035873, 1.3, 0.254186582833, -0.254186582833, 1
1.355, 0.004897589, 0.000358977, 1.3, 0.254186582833, -0.254186582833, 1
1.356, 0.004903649, 0.000359229, 1.3, 0.254186582833, -0.254186582833, 1
1.357, 0.004907249, 0.000359469, 1.3, 0.254186582833, -0.254186582833, 1
1.358, 0.004910649, 0.000359739, 1.3, 0.254186582833, -0.254186582833, 1
1.359, 0.004914279, 0.000360001, 1.3, 0.254186582833, -0.254186582833, 1
1.36, 0.00491773, 0.000360251, 1.3, 0.254186582833, -0.254186582833, 1
1.361, 0.00492128, 0.000360518, 1.3, 0.254186582833, -0.254186582833, 1
1.362, 0.00492475, 0.00036079, 1.3, 0.254186582833, -0.254186582833, 1
1.363, 0.004928251, 0.00036106, 1.3, 0.254186582833, -0.254186582833, 1
1.364, 0.004931751, 0.00036132, 1.3, 0.254186582833, -0.254186582833, 1
1.365, 0.004935331, 0.000361589, 1.3, 0.254186582833, -0.254186582833, 1
1.366, 0.004938872, 0.00036186, 1.3, 0.254186582833, -0.254186582833, 1
1.367, 0.004942312, 0.00036212, 1.3, 0.254186582833, -0.254186582833, 1
1.368, 0.004945872, 0.00036238, 1.3, 0.254186582833, -0.254186582833, 1
1.369, 0.004949302, 0.00036263, 1.3, 0.254186582833, -0.254186582833, 1
1.37, 0.004952762, 0.00036289, 1.3, 0.254186582833, -0.254186582833, 1
1.371, 0.004956342, 0.00036316, 1.3, 0.254186582833, -0.254186582833, 1
1.372, 0.004959862, 0.00036342, 1.3, 0.254186582833, -0.254186582833, 1
1.373, 0.004963362, 0.00036369, 1.3, 0.254186582833, -0.254186582833, 1
1.374, 0.004966942, 0.00036395, 1.3, 0.254186582833, -0.254186582833, 1
1.375, 0.004970423, 0.00036421, 1.3, 0.254186582833, -0.254186582833, 1
1.376, 0.004974253, 0.000364479, 1.3, 0.254186582833, -0.254186582833, 1
1.377, 0.004977743, 0.000364741, 1.3, 0.254186582833, -0.254186582833, 1
1.378, 0.004981253, 0.00036501, 1.3, 0.254186582833, -0.254186582833, 1
1.379, 0.004984832, 0.00036528, 1.3, 0.254186582833, -0.254186582833, 1
1.38, 0.004988322, 0.000365529, 1.3, 0.254186582833, -0.254186582833, 1
1.381, 0.004991802, 0.000365778, 1.3, 0.254186582833, -0.254186582833, 1
1.382, 0.004995211, 0.000366027, 1.3, 0.254186582833, -0.254186582833, 1
1.383, 0.004998752, 0.00036629, 1.3, 0.254186582833, -0.254186582833, 1
1.384, 0.005002223, 0.000366559, 1.3, 0.254186582833, -0.254186582833, 1
1.385, 0.005005753, 0.000366817, 1.3, 0.254186582833, -0.254186582833, 1
1.386, 0.005009293, 0.000367079, 1.3, 0.254186582833, -0.254186582833, 1
1.387, 0.005012834, 0.00036735, 1.3, 0.254186582833, -0.254186582833, 1
1.388, 0.005016334, 0.000367609, 1.3, 0.254186582833, -0.254186582833, 1
1.389, 0.005019854, 0.000367869, 1.3, 0.254186582833, -0.254186582833, 1
1.39, 0.005023284, 0.000368129, 1.3, 0.254186582833, -0.254186582833, 1
1.391, 0.005026854, 0.000368389, 1.3, 0.254186582833, -0.254186582833, 1
1.392, 0.005030294, 0.000368649, 1.3, 0.254186582833, -0.254186582833, 1
1.393, 0.005033814, 0.000368929, 1.3, 0.254186582833, -0.254186582833, 1
1.394, 0.005037374, 0.000369189, 1.3, 0.254186582833, -0.254186582833, 1
1.395, 0.005040974, 0.000369459, 1.3, 0.254186582833, -0.254186582833, 1
1.396, 0.005044484, 0.000369709, 1.3, 0.254186582833, -0.254186582833, 1
1.397, 0.005048074, 0.000369959, 1.3, 0.254186582833, -0.254186582833, 1
1.398, 0.005051455, 0.000370221, 1.3, 0.254186582833, -0.254186582833, 1
1.399, 0.005055035, 0.000370489, 1.3, 0.254186582833, -0.254186582833, 1
1.4, 0.005058715, 0.00037089, 1.4, 0.22876792455, -0.22876792455, 1
1.401, 0.005062246, 0.00037114, 1.4, 0.22876792455, -0.22876792455, 1
1.402, 0.005065945, 0.000371408, 1.4, 0.22876792455, -0.22876792455, 1
1.403, 0.005069456, 0.000371679, 1.4, 0.22876792455, -0.22876792455, 1
1.404, 0.005073005, 0.000371937, 1.4, 0.22876792455, -0.22876792455, 1
1.405, 0.005076485, 0.000372187, 1.4, 0.22876792455, -0.22876792455, 1
1.406, 0.005080046, 0.000372448, 1.4, 0.22876792455, -0.22876792455, 1
1.407, 0.005083456, 0.000372696, 1.4, 0.22876792455, -0.22876792455, 1
1.408, 0.005087016, 0.000372956, 1.4, 0.22876792455, -0.22876792455, 1
1.409, 0.005090496, 0.000373205, 1.4, 0.22876792455, -0.22876792455, 1
1.41, 0.005094047, 0.000373465, 1.4, 0.22876792455, -0.22876792455, 1
1.411, 0.005097507, 0.000373725, 1.4, 0.22876792455, -0.22876792455, 1
1.412, 0.005103597, 0.000373995, 1.4, 0.22876792455, -0.22876792455, 1
1.413, 0.005107137, 0.000374265, 1.4, 0.22876792455, -0.22876792455, 1
1.414, 0.005110657, 0.000374525, 1.4, 0.22876792455, -0.22876792455, 1
1.415, 0.005114227, 0.000374775, 1.4, 0.22876792455, -0.22876792455, 1
1.416, 0.005117777, 0.000375035, 1.4, 0.22876792455, -0.22876792455, 1
1.417, 0.005121347, 0.000375295, 1.4, 0.22876792455, -0.22876792455, 1
1.418, 0.005124927, 0.000375556, 1.4, 0.22876792455, -0.22876792455, 1
1.419, 0.005128367, 0.000375817, 1.4, 0.22876792455, -0.22876792455, 1
1.42, 0.005131957, 0.000376094, 1.4, 0.22876792455, -0.22876792455, 1
1.421, 0.005135397, 0.000376354, 1.4, 0.22876792455, -0.22876792455, 1
1.422, 0.005139038, 0.000376624, 1.4, 0.22876792455, -0.22876792455, 1
1.423, 0.005142608, 0.000376893, 1.4, 0.22876792455, -0.22876792455, 1
1.424, 0.005146107, 0.000377171, 1.4, 0.22876792455, -0.22876792455, 1
1.425, 0.005149547, 0.000377431, 1.4, 0.22876792455, -0.22876792455, 1
1.426, 0.005153117, 0.000377692, 1.4, 0.22876792455, -0.22876792455, 1
1.427, 0.005156637, 0.000377953, 1.4, 0.22876792455, -0.22876792455, 1
1.428, 0.005160288, 0.000378224, 1.4, 0.22876792455, -0.22876792455, 1
1.429, 0.005163739, 0.000378495, 1.4, 0.22876792455, -0.22876792455, 1
1.43, 0.00516732, 0.000378747, 1.4, 0.22876792455, -0.22876792455, 1
1.431, 0.00517083, 0.000379007, 1.4, 0.22876792455, -0.22876792455, 1
1.432, 0.0051743, 0.000379267, 1.4, 0.22876792455, -0.22876792455, 1
1.433, 0.0051779, 0.000379537, 1.4, 0.22876792455, -0.22876792455, 1
1.434, 0.00518132, 0.000379797, 1.4, 0.22876792455, -0.22876792455, 1
1.435, 0.00518489, 0.000380057, 1.4, 0.22876792455, -0.22876792455, 1
1.436, 0.005188379, 0.000380317, 1.4, 0.22876792455, -0.22876792455, 1
1.437, 0.005191949, 0.000380567, 1.4, 0.22876792455, -0.22876792455, 1
1.438, 0.005195469, 0.000380837, 1.4, 0.22876792455, -0.22876792455, 1
1.439, 0.005198979, 0.000381107, 1.4, 0.22876792455, -0.22876792455, 1
1.44, 0.005202509, 0.000381358, 1.4, 0.22876792455, -0.22876792455, 1
1.441, 0.00520608, 0.000381616, 1.4, 0.22876792455, -0.22876792455, 1
1.442, 0.00520958, 0.000381863, 1.4, 0.22876792455, -0.22876792455, 1
1.443, 0.00521324, 0.000382113, 1.4, 0.22876792455, -0.22876792455, 1
1.444, 0.005216791, 0.000382373, 1.4, 0.22876792455, -0.22876792455, 1
1.445, 0.00522044, 0.000382632, 1.4, 0.22876792455, -0.22876792455, 1
1.446, 0.00522387, 0.000382903, 1.4, 0.22876792455, -0.22876792455, 1
1.447, 0.005227491, 0.000383152, 1.4, 0.22876792455, -0.22876792455, 1
1.448, 0.00523099, 0.000383413, 1.4, 0.22876792455, -0.22876792455, 1
1.449, 0.00523467, 0.000383674, 1.4, 0.22876792455, -0.22876792455, 1
1.45, 0.005238199, 0.000383943, 1.4, 0.22876792455, -0.22876792455, 1
1.451, 0.005241739, 0.000384193, 1.4, 0.22876792455, -0.22876792455, 1
1.452, 0.00524524, 0.000384463, 1.4, 0.22876792455, -0.22876792455, 1
1.453, 0.00524872, 0.000384723, 1.4, 0.22876792455, -0.22876792455, 1
1.454, 0.00525217, 0.000384983, 1.4, 0.22876792455, -0.22876792455, 1
1.455, 0.00525577, 0.000385233, 1.4, 0.22876792455, -0.22876792455, 1
1.456, 0.00525931, 0.000385503, 1.4, 0.22876792455, -0.22876792455, 1
1.457, 0.00526277, 0.000385763, 1.4, 0.22876792455, -0.22876792455, 1
1.458, 0.0052663, 0.000386013, 1.4, 0.22876792455, -0.22876792455, 1
1.459, 0.00526991, 0.000386273, 1.4, 0.22876792455, -0.22876792455, 1
1.46, 0.00527346, 0.000386544, 1.4, 0.22876792455, -0.22876792455, 1
1.461, 0.005276999, 0.000386802, 1.4, 0.22876792455, -0.22876792455, 1
1.462, 0.005280529, 0.000387073, 1.4, 0.22876792455, -0.22876792455, 1
1.463, 0.005284059, 0.000387332, 1.4, 0.22876792455, -0.22876792455, 1
1.464, 0.005287599, 0.000387603, 1.4, 0.22876792455, -0.22876792455, 1
1.465, 0.005291169, 0.000387864, 1.4, 0.22876792455, -0.22876792455, 1
1.466, 0.0052947, 0.000388115, 1.4, 0.22876792455, -0.22876792455, 1
1.467, 0.00529822, 0.000388364, 1.4, 0.22876792455, -0.22876792455, 1
1.468, 0.005301841, 0.000388626, 1.4, 0.22876792455, -0.22876792455, 1
1.469, 0.005305392, 0.000388884, 1.4, 0.22876792455, -0.22876792455, 1
1.47, 0.005308952, 0.000389155, 1.4, 0.22876792455, -0.22876792455, 1
1.471, 0.005314802, 0.000389434, 1.4, 0.22876792455, -0.22876792455, 1
1.472, 0.005318452, 0.000389684, 1.4, 0.22876792455, -0.22876792455, 1
1.473, 0.005321912, 0.000389934, 1.4, 0.22876792455, -0.22876792455, 1
1.474, 0.005325532, 0.000390184, 1.4, 0.22876792455, -0.22876792455, 1
1.475, 0.005328992, 0.000390434, 1.4, 0.22876792455, -0.22876792455, 1
1.476, 0.005332542, 0.000390684, 1.4, 0.22876792455, -0.22876792455, 1
1.477, 0.005336062, 0.000390934, 1.4, 0.22876792455, -0.22876792455, 1
1.478, 0.005339602, 0.000391184, 1.4, 0.22876792455, -0.22876792455, 1
1.479, 0.005343022, 0.000391454, 1.4, 0.22876792455, -0.22876792455, 1
1.48, 0.005346562, 0.000391704, 1.4, 0.22876792455, -0.22876792455, 1
1.481, 0.005350083, 0.000391955, 1.4, 0.22876792455, -0.22876792455, 1
1.482, 0.005353632, 0.000392215, 1.4, 0.22876792455, -0.22876792455, 1
1.483, 0.005357062, 0.000392473, 1.4, 0.22876792455, -0.22876792455, 1
1.484, 0.005360672, 0.000392733, 1.4, 0.22876792455, -0.22876792455, 1
1.485, 0.005364172, 0.000392994, 1.4, 0.22876792455, -0.22876792455, 1
1.486, 0.005367682, 0.000393243, 1.4, 0.22876792455, -0.22876792455, 1
1.487, 0.005371211, 0.000393492, 1.4, 0.22876792455, -0.22876792455, 1
1.488, 0.005374781, 0.000393744, 1.4, 0.22876792455, -0.22876792455, 1
1.489, 0.005378221, 0.000393995, 1.4, 0.22876792455, -0.22876792455, 1
1.49, 0.005381612, 0.000394253, 1.4, 0.22876792455, -0.22876792455, 1
1.491, 0.005385252, 0.000394523, 1.4, 0.22876792455, -0.22876792455, 1
1.492, 0.005388672, 0.000394781, 1.4, 0.22876792455, -0.22876792455, 1
1.493, 0.005392192, 0.00039504, 1.4, 0.22876792455, -0.22876792455, 1
1.494, 0.005395642, 0.000395299, 1.4, 0.22876792455, -0.22876792455, 1
1.495, 0.005399152, 0.000395559, 1.4, 0.22876792455, -0.22876792455, 1
1.496, 0.005402582, 0.000395809, 1.4, 0.22876792455, -0.22876792455, 1
1.497, 0.005406112, 0.000396069, 1.4, 0.22876792455, -0.22876792455, 1
1.498, 0.005409512, 0.000396319, 1.4, 0.22876792455, -0.22876792455, 1
1.499, 0.005413142, 0.000396579, 1.4, 0.22876792455, -0.22876792455, 1
1.5, 0.005416762, 0.000396999, 1.5, 0.205891132095, -0.205891132095, 1
1.501, 0.005420422, 0.000397259, 1.5, 0.205891132095, -0.205891132095, 1
1.502, 0.005423862, 0.000397509, 1.5, 0.205891132095, -0.205891132095, 1
1.503, 0.005427563, 0.000397759, 1.5, 0.205891132095, -0.205891132095, 1
1.504, 0.005431023, 0.000398007, 1.5, 0.205891132095, -0.205891132095, 1
1.505, 0.005434482, 0.000398265, 1.5, 0.205891132095, -0.205891132095, 1
1.506, 0.005437993, 0.000398516, 1.5, 0.205891132095, -0.205891132095, 1
1.507, 0.005441483, 0.000398776, 1.5, 0.205891132095, -0.205891132095, 1
1.508, 0.005444963, 0.000399036, 1.5, 0.205891132095, -0.205891132095, 1
1.509, 0.005448494, 0.000399306, 1.5, 0.205891132095, -0.205891132095, 1
1.51, 0.005452094, 0.000399565, 1.5, 0.205891132095, -0.205891132095, 1
1.511, 0.005455544, 0.000399827, 1.5, 0.205891132095, -0.205891132095, 1
1.512, 0.005459115, 0.000400086, 1.5, 0.205891132095, -0.205891132095, 1
1.513, 0.005462546, 0.000400344, 1.5, 0.205891132095, -0.205891132095, 1
1.514, 0.005466165, 0.000400615, 1.5, 0.205891132095, -0.205891132095, 1
1.515, 0.005469625, 0.000400855, 1.5, 0.205891132095, -0.205891132095, 1
1.516, 0.005473126, 0.000401115, 1.5, 0.205891132095, -0.205891132095, 1
1.517, 0.005476586, 0.000401375, 1.5, 0.205891132095, -0.205891132095, 1
1.518, 0.005480136, 0.000401635, 1.5, 0.205891132095, -0.205891132095, 1
1.519, 0.005483636, 0.000401885, 1.5, 0.205891132095, -0.205891132095, 1
1.52, 0.005487376, 0.000402145, 1.5, 0.205891132095, -0.205891132095, 1
1.521, 0.005490766, 0.000402405, 1.5, 0.205891132095, -0.205891132095, 1
1.522, 0.005494286, 0.000402655, 1.5, 0.205891132095, -0.205891132095, 1
1.523, 0.005497786, 0.000402915, 1.5, 0.205891132095, -0.205891132095, 1
1.524, 0.005501286, 0.000403195, 1.5, 0.205891132095, -0.205891132095, 1
1.525, 0.005504747, 0.000403466, 1.5, 0.205891132095, -0.205891132095, 1
1.526, 0.005508246, 0.000403724, 1.5, 0.205891132095, -0.205891132095, 1
1.527, 0.005511907, 0.000403976, 1.5, 0.205891132095, -0.205891132095, 1
1.528, 0.005517926, 0.000404235, 1.5, 0.205891132095, -0.205891132095, 1
1.529, 0.005521376, 0.000404496, 1.5, 0.205891132095, -0.205891132095, 1
1.53, 0.005524966, 0.000404766, 1.5, 0.205891132095, -0.205891132095, 1
1.531, 0.005528385, 0.000405016, 1.5, 0.205891132095, -0.205891132095, 1
1.532, 0.005531976, 0.000405288, 1.5, 0.205891132095, -0.205891132095, 1
1.533, 0.005535405, 0.000405548, 1.5, 0.205891132095, -0.205891132095, 1
1.534, 0.005539025, 0.000405818, 1.5, 0.205891132095, -0.205891132095, 1
1.535, 0.005542486, 0.000406067, 1.5, 0.205891132095, -0.205891132095, 1
1.536, 0.005546896, 0.000406437, 1.5, 0.205891132095, -0.205891132095, 1
1.537, 0.005551475, 0.000406807, 1.5, 0.205891132095, -0.205891132095, 1
1.538, 0.005556455, 0.000407187, 1.5, 0.205891132095, -0.205891132095, 1
1.539, 0.005560395, 0.000407527, 1.5, 0.205891132095, -0.205891132095, 1
1.54, 0.005563935, 0.000407777, 1.5, 0.205891132095, -0.205891132095, 1
1.541, 0.005567395, 0.000408037, 1.5, 0.205891132095, -0.205891132095, 1
1.542, 0.005570905, 0.000408307, 1.5, 0.205891132095, -0.205891132095, 1
1.543, 0.005574325, 0.000408567, 1.5, 0.205891132095, -0.205891132095, 1
1.544, 0.005577865, 0.000408836, 1.5, 0.205891132095, -0.205891132095, 1
1.545, 0.005581296, 0.000409106, 1.5, 0.205891132095, -0.205891132095, 1
1.546, 0.005584827, 0.000409365, 1.5, 0.205891132095, -0.205891132095, 1
1.547, 0.005588247, 0.000409622, 1.5, 0.205891132095, -0.205891132095, 1
1.548, 0.005591727, 0.000409883, 1.5, 0.205891132095, -0.205891132095, 1
1.549, 0.005595106, 0.000410132, 1.5, 0.205891132095, -0.205891132095, 1
1.55, 0.005598716, 0.000410381, 1.5, 0.205891132095, -0.205891132095, 1
1.551, 0.005602217, 0.000410633, 1.5, 0.205891132095, -0.205891132095, 1
1.552, 0.005605707, 0.000410892, 1.5, 0.205891132095, -0.205891132095, 1
1.553, 0.005609107, 0.000411162, 1.5, 0.205891132095, -0.205891132095, 1
1.554, 0.005612557, 0.000411423, 1.5, 0.205891132095, -0.205891132095, 1
1.555, 0.005616106, 0.000411683, 1.5, 0.205891132095, -0.205891132095, 1
1.556, 0.005619536, 0.000411954, 1.5, 0.205891132095, -0.205891132095, 1
1.557, 0.005623146, 0.000412215, 1.5, 0.205891132095, -0.205891132095, 1
1.558, 0.005626506, 0.000412475, 1.5, 0.205891132095, -0.205891132095, 1
1.559, 0.005630116, 0.000412735, 1.5, 0.205891132095, -0.205891132095, 1
1.56, 0.005633556, 0.000412985, 1.5, 0.205891132095, -0.205891132095, 1
1.561, 0.005637066, 0.000413235, 1.5, 0.205891132095, -0.205891132095, 1
1.562, 0.005640456, 0.000413495, 1.5, 0.205891132095, -0.205891132095, 1
1.563, 0.005644086, 0.000413765, 1.5, 0.205891132095, -0.205891132095, 1
1.564, 0.005647506, 0.000414015, 1.5, 0.205891132095, -0.205891132095, 1
1.565, 0.005651216, 0.000414285, 1.5, 0.205891132095, -0.205891132095, 1
1.566, 0.005654606, 0.000414565, 1.5, 0.205891132095, -0.205891132095, 1
1.567, 0.005658105, 0.000414843, 1.5, 0.205891132095, -0.205891132095, 1
1.568, 0.005661536, 0.000415094, 1.5, 0.205891132095, -0.205891132095, 1
1.569, 0.005665115, 0.000415353, 1.5, 0.205891132095, -0.205891132095, 1
1.57, 0.005668546, 0.000415614, 1.5, 0.205891132095, -0.205891132095, 1
1.571, 0.005671936, 0.000415873, 1.5, 0.205891132095, -0.205891132095, 1
1.572, 0.005675555, 0.000416133, 1.5, 0.205891132095, -0.205891132095, 1
1.573, 0.005679056, 0.000416385, 1.5, 0.205891132095, -0.205891132095, 1
1.574, 0.005682605, 0.000416635, 1.5, 0.205891132095, -0.205891132095, 1
1.575, 0.005686005, 0.000416884, 1.5, 0.205891132095, -0.205891132095, 1
1.576, 0.005689576, 0.000417145, 1.5, 0.205891132095, -0.205891132095, 1
1.577, 0.005693016, 0.000417404, 1.5, 0.205891132095, -0.205891132095, 1
1.578, 0.005696527, 0.000417652, 1.5, 0.205891132095, -0.205891132095, 1
1.579, 0.005700057, 0.000417912, 1.5, 0.205891132095, -0.205891132095, 1
1.58, 0.005703537, 0.000418182, 1.5, 0.205891132095, -0.205891132095, 1
1.581, 0.005707087, 0.000418452, 1.5, 0.205891132095, -0.205891132095, 1
1.582, 0.005710717, 0.000418712, 1.5, 0.205891132095, -0.205891132095, 1
1.583, 0.005714097, 0.000418972, 1.5, 0.205891132095, -0.205891132095, 1
1.584, 0.005719937, 0.000419252, 1.5, 0.205891132095, -0.205891132095, 1
1.585, 0.005723397, 0.000419502, 1.5, 0.205891132095, -0.205891132095, 1
1.586, 0.005726977, 0.000419762, 1.5, 0.205891132095, -0.205891132095, 1
1.587, 0.005730507, 0.000420031, 1.5, 0.205891132095, -0.205891132095, 1
1.588, 0.005734036, 0.000420302, 1.5, 0.205891132095, -0.205891132095, 1
1.589, 0.005737505, 0.000420564, 1.5, 0.205891132095, -0.205891132095, 1
1.59, 0.005741065, 0.000420832, 1.5, 0.205891132095, -0.205891132095, 1
1.591, 0.005744485, 0.000421094, 1.5, 0.205891132095, -0.205891132095, 1
1.592, 0.005748026, 0.000421354, 1.5, 0.205891132095, -0.205891132095, 1
1.593, 0.005751396, 0.000421603, 1.5, 0.205891132095, -0.205891132095, 1
1.594, 0.005754895, 0.000421861, 1.5, 0.205891132095, -0.205891132095, 1
1.595, 0.005758335, 0.000422112, 1.5, 0.205891132095, -0.205891132095, 1
1.596, 0.005761875, 0.000422381, 1.5, 0.205891132095, -0.205891132095, 1
1.597, 0.005765454, 0.00042264, 1.5, 0.205891132095, -0.205891132095, 1
1.598, 0.005769054, 0.0004229, 1.5, 0.205891132095, -0.205891132095, 1
1.599, 0.005772583, 0.000423161, 1.5, 0.205891132095, -0.205891132095, 1
1.6, 0.005776173, 0.000423562, 1.6, 0.185302018885, -0.185302018885, 1
1.601, 0.005779823, 0.000423822, 1.6, 0.185302018885, -0.185302018885, 1
1.602, 0.005783463, 0.000424092, 1.6, 0.185302018885, -0.185302018885, 1
1.603, 0.005787083, 0.000424362, 1.6, 0.185302018885, -0.185302018885, 1
1.604, 0.005790573, 0.000424632, 1.6, 0.185302018885, -0.185302018885, 1
1.605, 0.005794163, 0.000424892, 1.6, 0.185302018885, -0.185302018885, 1
1.606, 0.005797743, 0.000425162, 1.6, 0.185302018885, -0.185302018885, 1
1.607, 0.005801263, 0.000425432, 1.6, 0.185302018885, -0.185302018885, 1
1.608, 0.005804853, 0.000425702, 1.6, 0.185302018885, -0.185302018885, 1
1.609, 0.005808343, 0.000425973, 1.6, 0.185302018885, -0.185302018885, 1
1.61, 0.005811774, 0.000426243, 1.6, 0.185302018885, -0.185302018885, 1
1.611, 0.005815465, 0.000426503, 1.6, 0.185302018885, -0.185302018885, 1
1.612, 0.005819125, 0.000426771, 1.6, 0.185302018885, -0.185302018885, 1
1.613, 0.005822615, 0.00042702, 1.6, 0.185302018885, -0.185302018885, 1
1.614, 0.005826114, 0.00042728, 1.6, 0.185302018885, -0.185302018885, 1
1.615, 0.005829794, 0.000427549, 1.6, 0.185302018885, -0.185302018885, 1
1.616, 0.005833243, 0.000427798, 1.6, 0.185302018885, -0.185302018885, 1
1.617, 0.005836733, 0.000428058, 1.6, 0.185302018885, -0.185302018885, 1
1.618, 0.005840144, 0.000428321, 1.6, 0.185302018885, -0.185302018885, 1
1.619, 0.005843533, 0.000428581, 1.6, 0.185302018885, -0.185302018885, 1
1.62, 0.005847062, 0.000428851, 1.6, 0.185302018885, -0.185302018885, 1
1.621, 0.005850612, 0.000429123, 1.6, 0.185302018885, -0.185302018885, 1
1.622, 0.005854092, 0.000429383, 1.6, 0.185302018885, -0.185302018885, 1
1.623, 0.005857552, 0.000429643, 1.6, 0.185302018885, -0.185302018885, 1
1.624, 0.005861072, 0.000429913, 1.6, 0.185302018885, -0.185302018885, 1
1.625, 0.005864542, 0.000430163, 1.6, 0.185302018885, -0.185302018885, 1
1.626, 0.005868012, 0.000430433, 1.6, 0.185302018885, -0.185302018885, 1
1.627, 0.005871442, 0.000430693, 1.6, 0.185302018885, -0.185302018885, 1
1.628, 0.005874912, 0.000430943, 1.6, 0.185302018885, -0.185302018885, 1
1.629, 0.005878292, 0.000431193, 1.6, 0.185302018885, -0.185302018885, 1
1.63, 0.005881962, 0.000431461, 1.6, 0.185302018885, -0.185302018885, 1
1.631, 0.005885372, 0.000431721, 1.6, 0.185302018885, -0.185302018885, 1
1.632, 0.005888892, 0.000431992, 1.6, 0.185302018885, -0.185302018885, 1
1.633, 0.005892452, 0.000432251, 1.6, 0.185302018885, -0.185302018885, 1
1.634, 0.005895932, 0.000432523, 1.6, 0.185302018885, -0.185302018885, 1
1.635, 0.005899463, 0.000432784, 1.6, 0.185302018885, -0.185302018885, 1
1.636, 0.005902884, 0.000433041, 1.6, 0.185302018885, -0.185302018885, 1
1.637, 0.005906354, 0.000433301, 1.6, 0.185302018885, -0.185302018885, 1
1.638, 0.005909725, 0.000433562, 1.6, 0.185302018885, -0.185302018885, 1
1.639, 0.005913275, 0.000433812, 1.6, 0.185302018885, -0.185302018885, 1
1.64, 0.005919145, 0.000434085, 1.6, 0.185302018885, -0.185302018885, 1
1.641, 0.005922635, 0.000434345, 1.6, 0.185302018885, -0.185302018885, 1
1.642, 0.005926344, 0.000434615, 1.6, 0.185302018885, -0.185302018885, 1
1.643, 0.005929815, 0.000434886, 1.6, 0.185302018885, -0.185302018885, 1
1.644, 0.005933365, 0.000435136, 1.6, 0.185302018885, -0.185302018885, 1
1.645, 0.005936745, 0.000435396, 1.6, 0.185302018885, -0.185302018885, 1
1.646, 0.005940145, 0.000435646, 1.6, 0.185302018885, -0.185302018885, 1
1.647, 0.005943725, 0.000435906, 1.6, 0.185302018885, -0.185302018885, 1
1.648, 0.005947145, 0.000436176, 1.6, 0.185302018885, -0.185302018885, 1
1.649, 0.005950645, 0.000436436, 1.6, 0.185302018885, -0.185302018885, 1
1.65, 0.005954005, 0.000436686, 1.6, 0.185302018885, -0.185302018885, 1
1.651, 0.005957515, 0.000436947, 1.6, 0.185302018885, -0.185302018885, 1
1.652, 0.005960915, 0.000437208, 1.6, 0.185302018885, -0.185302018885, 1
1.653, 0.005964375, 0.000437478, 1.6, 0.185302018885, -0.185302018885, 1
1.654, 0.005967784, 0.000437736, 1.6, 0.185302018885, -0.185302018885, 1
1.655, 0.005971375, 0.000437987, 1.6, 0.185302018885, -0.185302018885, 1
1.656, 0.005974855, 0.000438257, 1.6, 0.185302018885, -0.185302018885, 1
1.657, 0.005978415, 0.000438518, 1.6, 0.185302018885, -0.185302018885, 1
1.658, 0.005981825, 0.00043877, 1.6, 0.185302018885, -0.185302018885, 1
1.659, 0.005985286, 0.00043903, 1.6, 0.185302018885, -0.185302018885, 1
1.66, 0.005988766, 0.000439279, 1.6, 0.185302018885, -0.185302018885, 1
1.661, 0.005992366, 0.000439559, 1.6, 0.185302018885, -0.185302018885, 1
1.662, 0.005995846, 0.000439828, 1.6, 0.185302018885, -0.185302018885, 1
1.663, 0.006013386, 0.000440157, 1.6, 0.185302018885, -0.185302018885, 1
1.664, 0.006018706, 0.000440587, 1.6, 0.185302018885, -0.185302018885, 1
1.665, 0.006024386, 0.000441007, 1.6, 0.185302018885, -0.185302018885, 1
1.666, 0.006028336, 0.000441357, 1.6, 0.185302018885, -0.185302018885, 1
1.667, 0.006031946, 0.000441627, 1.6, 0.185302018885, -0.185302018885, 1
1.668, 0.006035386, 0.000441889, 1.6, 0.185302018885, -0.185302018885, 1
1.669, 0.006038956, 0.000442149, 1.6, 0.185302018885, -0.185302018885, 1
1.67, 0.006042536, 0.000442407, 1.6, 0.185302018885, -0.185302018885, 1
1.671, 0.006046165, 0.000442669, 1.6, 0.185302018885, -0.185302018885, 1
1.672, 0.006049615, 0.000442939, 1.6, 0.185302018885, -0.185302018885, 1
1.673, 0.006053116, 0.000443201, 1.6, 0.185302018885, -0.185302018885, 1
1.674, 0.006056556, 0.000443471, 1.6, 0.185302018885, -0.185302018885, 1
1.675, 0.006060287, 0.000443731, 1.6, 0.185302018885, -0.185302018885, 1
1.676, 0.006063796, 0.00044399, 1.6, 0.185302018885, -0.185302018885, 1
1.677, 0.006067456, 0.00044425, 1.6, 0.185302018885, -0.185302018885, 1
1.678, 0.006070877, 0.000444509, 1.6, 0.185302018885, -0.185302018885, 1
1.679, 0.006074407, 0.000444766, 1.6, 0.185302018885, -0.185302018885, 1
1.68, 0.006077857, 0.000445015, 1.6, 0.185302018885, -0.185302018885, 1
1.681, 0.006081307, 0.000445276, 1.6, 0.185302018885, -0.185302018885, 1
1.682, 0.006084787, 0.000445546, 1.6, 0.185302018885, -0.185302018885, 1
1.683, 0.006088337, 0.000445806, 1.6, 0.185302018885, -0.185302018885, 1
1.684, 0.006091887, 0.000446066, 1.6, 0.185302018885, -0.185302018885, 1
1.685, 0.006095467, 0.000446326, 1.6, 0.185302018885, -0.185302018885, 1
1.686, 0.006099017, 0.000446586, 1.6, 0.185302018885, -0.185302018885, 1
1.687, 0.006102597, 0.000446856, 1.6, 0.185302018885, -0.185302018885, 1
1.688, 0.006106147, 0.000447106, 1.6, 0.185302018885, -0.185302018885, 1
1.689, 0.006109548, 0.000447367, 1.6, 0.185302018885, -0.185302018885, 1
1.69, 0.006113058, 0.000447625, 1.6, 0.185302018885, -0.185302018885, 1
1.691, 0.006116538, 0.000447873, 1.6, 0.185302018885, -0.185302018885, 1
1.692, 0.006120078, 0.000448123, 1.6, 0.185302018885, -0.185302018885, 1
1.693, 0.006123539, 0.000448386, 1.6, 0.185302018885, -0.185302018885, 1
1.694, 0.00612703, 0.000448656, 1.6, 0.185302018885, -0.185302018885, 1
1.695, 0.00613047, 0.000448916, 1.6, 0.185302018885, -0.185302018885, 1
1.696, 0.00613643, 0.000449176, 1.6, 0.185302018885, -0.185302018885, 1
1.697, 0.006140011, 0.000449448, 1.6, 0.185302018885, -0.185302018885, 1
1.698, 0.006143642, 0.000449708, 1.6, 0.185302018885, -0.185302018885, 1
1.699, 0.006147082, 0.000449958, 1.6, 0.185302018885, -0.185302018885, 1
1.7, 0.006150741, 0.000450346, 1.7, 0.166771816997, -0.166771816997, 1
1.701, 0.006154331, 0.000450597, 1.7, 0.166771816997, -0.166771816997, 1
1.702, 0.006157991, 0.000450847, 1.7, 0.166771816997, -0.166771816997, 1
1.703, 0.006161531, 0.000451097, 1.7, 0.166771816997, -0.166771816997, 1
1.704, 0.006165111, 0.000451367, 1.7, 0.166771816997, -0.166771816997, 1
1.705, 0.006168571, 0.000451637, 1.7, 0.166771816997, -0.166771816997, 1
1.706, 0.006172061, 0.000451887, 1.7, 0.166771816997, -0.166771816997, 1
1.707, 0.006175491, 0.000452147, 1.7, 0.166771816997, -0.166771816997, 1
1.708, 0.006179181, 0.000452417, 1.7, 0.166771816997, -0.166771816997, 1
1.709, 0.006182771, 0.000452677, 1.7, 0.166771816997, -0.166771816997, 1
1.71, 0.006186391, 0.000452935, 1.7, 0.166771816997, -0.166771816997, 1
1.711, 0.006189841, 0.000453195, 1.7, 0.166771816997, -0.166771816997, 1
1.712, 0.006193581, 0.000453468, 1.7, 0.166771816997, -0.166771816997, 1
1.713, 0.006197021, 0.000453738, 1.7, 0.166771816997, -0.166771816997, 1
1.714, 0.006200692, 0.00045401, 1.7, 0.166771816997, -0.166771816997, 1
1.715, 0.006204233, 0.000454279, 1.7, 0.166771816997, -0.166771816997, 1
1.716, 0.006207843, 0.000454528, 1.7, 0.166771816997, -0.166771816997, 1
1.717, 0.006211232, 0.000454787, 1.7, 0.166771816997, -0.166771816997, 1
1.718, 0.006214672, 0.000455058, 1.7, 0.166771816997, -0.166771816997, 1
1.719, 0.006218193, 0.000455329, 1.7, 0.166771816997, -0.166771816997, 1
1.72, 0.006221612, 0.000455587, 1.7, 0.166771816997, -0.166771816997, 1
1.721, 0.006225221, 0.000455847, 1.7, 0.166771816997, -0.166771816997, 1
1.722, 0.006228681, 0.000456108, 1.7, 0.166771816997, -0.166771816997, 1
1.723, 0.006232161, 0.000456378, 1.7, 0.166771816997, -0.166771816997, 1
1.724, 0.006235551, 0.000456638, 1.7, 0.166771816997, -0.166771816997, 1
1.725, 0.006239161, 0.000456898, 1.7, 0.166771816997, -0.166771816997, 1
1.726, 0.006242651, 0.000457158, 1.7, 0.166771816997, -0.166771816997, 1
1.727, 0.006246161, 0.000457418, 1.7, 0.166771816997, -0.166771816997, 1
1.728, 0.006249701, 0.000457678, 1.7, 0.166771816997, -0.166771816997, 1
1.729, 0.006253191, 0.000457928, 1.7, 0.166771816997, -0.166771816997, 1
1.73, 0.006256781, 0.000458188, 1.7, 0.166771816997, -0.166771816997, 1
1.731, 0.006260372, 0.000458447, 1.7, 0.166771816997, -0.166771816997, 1
1.732, 0.006263812, 0.000458697, 1.7, 0.166771816997, -0.166771816997, 1
1.733, 0.006267302, 0.000458958, 1.7, 0.166771816997, -0.166771816997, 1
1.734, 0.006270712, 0.000459228, 1.7, 0.166771816997, -0.166771816997, 1
1.735, 0.006274332, 0.000459479, 1.7, 0.166771816997, -0.166771816997, 1
1.736, 0.006277802, 0.000459738, 1.7, 0.166771816997, -0.166771816997, 1
1.737, 0.006281282, 0.000459989, 1.7, 0.166771816997, -0.166771816997, 1
1.738, 0.006284791, 0.000460239, 1.7, 0.166771816997, -0.166771816997, 1
1.739, 0.006288212, 0.000460499, 1.7, 0.166771816997, -0.166771816997, 1
1.74, 0.006291792, 0.000460758, 1.7, 0.166771816997, -0.166771816997, 1
1.741, 0.006295262, 0.000460988, 1.7, 0.166771816997, -0.166771816997, 1
1.742, 0.006298782, 0.000461247, 1.7, 0.166771816997, -0.166771816997, 1
1.743, 0.006302242, 0.000461507, 1.7, 0.166771816997, -0.166771816997, 1
1.744, 0.006305732, 0.000461777, 1.7, 0.166771816997, -0.166771816997, 1
1.745, 0.006309092, 0.000462047, 1.7, 0.166771816997, -0.166771816997, 1
1.746, 0.006312682, 0.000462307, 1.7, 0.166771816997, -0.166771816997, 1
1.747, 0.006316192, 0.000462557, 1.7, 0.166771816997, -0.166771816997, 1
1.748, 0.006319792, 0.000462807, 1.7, 0.166771816997, -0.166771816997, 1
1.749, 0.006323212, 0.000463067, 1.7, 0.166771816997, -0.166771816997, 1
1.75, 0.006326762, 0.000463327, 1.7, 0.166771816997, -0.166771816997, 1
1.751, 0.006330192, 0.000463577, 1.7, 0.166771816997, -0.166771816997, 1
1.752, 0.006333662, 0.000463837, 1.7, 0.166771816997, -0.166771816997, 1
1.753, 0.006361432, 0.000464109, 1.7, 0.166771816997, -0.166771816997, 1
1.754, 0.006365263, 0.000464379, 1.7, 0.166771816997, -0.166771816997, 1
1.755, 0.006368763, 0.000464638, 1.7, 0.166771816997, -0.166771816997, 1
1.756, 0.006372163, 0.000464908, 1.7, 0.166771816997, -0.166771816997, 1
1.757, 0.006375832, 0.000465178, 1.7, 0.166771816997, -0.166771816997, 1
1.758, 0.006379262, 0.00046545, 1.7, 0.166771816997, -0.166771816997, 1
1.759, 0.006382682, 0.0004657, 1.7, 0.166771816997, -0.166771816997, 1
1.76, 0.006386302, 0.00046596, 1.7, 0.166771816997, -0.166771816997, 1
1.761, 0.006389752, 0.00046621, 1.7, 0.166771816997, -0.166771816997, 1
1.762, 0.006393292, 0.00046648, 1.7, 0.166771816997, -0.166771816997, 1
1.763, 0.006396722, 0.00046674, 1.7, 0.166771816997, -0.166771816997, 1
1.764, 0.006400252, 0.000467, 1.7, 0.166771816997, -0.166771816997, 1
1.765, 0.006403732, 0.00046727, 1.7, 0.166771816997, -0.166771816997, 1
1.766, 0.006407292, 0.00046753, 1.7, 0.166771816997, -0.166771816997, 1
1.767, 0.006410812, 0.00046779, 1.7, 0.166771816997, -0.166771816997, 1
1.768, 0.006414362, 0.000468051, 1.7, 0.166771816997, -0.166771816997, 1
1.769, 0.006417792, 0.000468311, 1.7, 0.166771816997, -0.166771816997, 1
1.77, 0.006421352, 0.000468581, 1.7, 0.166771816997, -0.166771816997, 1
1.771, 0.006424812, 0.000468851, 1.7, 0.166771816997, -0.166771816997, 1
1.772, 0.006428302, 0.000469121, 1.7, 0.166771816997, -0.166771816997, 1
1.773, 0.006431841, 0.000469369, 1.7, 0.166771816997, -0.166771816997, 1
1.774, 0.006435201, 0.000469608, 1.7, 0.166771816997, -0.166771816997, 1
1.775, 0.006438751, 0.000469869, 1.7, 0.166771816997, -0.166771816997, 1
1.776, 0.006442111, 0.000470139, 1.7, 0.166771816997, -0.166771816997, 1
1.777, 0.006445692, 0.000470379, 1.7, 0.166771816997, -0.166771816997, 1
1.778, 0.006449132, 0.000470628, 1.7, 0.166771816997, -0.166771816997, 1
1.779, 0.006452672, 0.000470895, 1.7, 0.166771816997, -0.166771816997, 1
1.78, 0.006456171, 0.000471143, 1.7, 0.166771816997, -0.166771816997, 1
1.781, 0.006459832, 0.000471403, 1.7, 0.166771816997, -0.166771816997, 1
1.782, 0.006463322, 0.000471673, 1.7, 0.166771816997, -0.166771816997, 1
1.783, 0.006466832, 0.000471943, 1.7, 0.166771816997, -0.166771816997, 1
1.784, 0.006470362, 0.000472213, 1.7, 0.166771816997, -0.166771816997, 1
1.785, 0.006473902, 0.000472473, 1.7, 0.166771816997, -0.166771816997, 1
1.786, 0.006477402, 0.000472743, 1.7, 0.166771816997, -0.166771816997, 1
1.787, 0.006480962, 0.000473013, 1.7, 0.166771816997, -0.166771816997, 1
1.788, 0.006484362, 0.000473283, 1.7, 0.166771816997, -0.166771816997, 1
1.789, 0.006487932, 0.000473555, 1.7, 0.166771816997, -0.166771816997, 1
1.79, 0.006491382, 0.000473827, 1.7, 0.166771816997, -0.166771816997, 1
1.791, 0.006494843, 0.000474079, 1.7, 0.166771816997, -0.166771816997, 1
1.792, 0.006498323, 0.00047434, 1.7, 0.166771816997, -0.166771816997, 1
1.793, 0.006501833, 0.000474609, 1.7, 0.166771816997, -0.166771816997, 1
1.794, 0.006505413, 0.000474869, 1.7, 0.166771816997, -0.166771816997, 1
1.795, 0.006508834, 0.000475142, 1.7, 0.166771816997, -0.166771816997, 1
1.796, 0.006512365, 0.000475412, 1.7, 0.166771816997, -0.166771816997, 1
1.797, 0.006515845, 0.000475672, 1.7, 0.166771816997, -0.166771816997, 1
1.798, 0.006519396, 0.000475944, 1.7, 0.166771816997, -0.166771816997, 1
1.799, 0.006522825, 0.000476212, 1.7, 0.166771816997, -0.166771816997, 1
1.8, 0.006526476, 0.000476613, 1.8, 0.150094635297, -0.150094635297, 1
1.801, 0.006529947, 0.000476872, 1.8, 0.150094635297, -0.150094635297, 1
1.802, 0.006533486, 0.000477131, 1.8, 0.150094635297, -0.150094635297, 1
1.803, 0.006536867, 0.000477371, 1.8, 0.150094635297, -0.150094635297, 1
1.804, 0.006540377, 0.000477621, 1.8, 0.150094635297, -0.150094635297, 1
1.805, 0.006543877, 0.000477871, 1.8, 0.150094635297, -0.150094635297, 1
1.806, 0.006547347, 0.000478151, 1.8, 0.150094635297, -0.150094635297, 1
1.807, 0.006550807, 0.000478421, 1.8, 0.150094635297, -0.150094635297, 1
1.808, 0.006554177, 0.000478681, 1.8, 0.150094635297, -0.150094635297, 1
1.809, 0.006561287, 0.000478951, 1.8, 0.150094635297, -0.150094635297, 1
1.81, 0.006564847, 0.000479201, 1.8, 0.150094635297, -0.150094635297, 1
1.811, 0.006568216, 0.000479449, 1.8, 0.150094635297, -0.150094635297, 1
1.812, 0.006571786, 0.000479709, 1.8, 0.150094635297, -0.150094635297, 1
1.813, 0.006575166, 0.00047998, 1.8, 0.150094635297, -0.150094635297, 1
1.814, 0.006578766, 0.000480249, 1.8, 0.150094635297, -0.150094635297, 1
1.815, 0.006582157, 0.000480511, 1.8, 0.150094635297, -0.150094635297, 1
1.816, 0.006585688, 0.000480771, 1.8, 0.150094635297, -0.150094635297, 1
1.817, 0.006589067, 0.000481018, 1.8, 0.150094635297, -0.150094635297, 1
1.818, 0.006592547, 0.000481288, 1.8, 0.150094635297, -0.150094635297, 1
1.819, 0.006595997, 0.000481559, 1.8, 0.150094635297, -0.150094635297, 1
1.82, 0.006599717, 0.00048182, 1.8, 0.150094635297, -0.150094635297, 1
1.821, 0.006603157, 0.00048208, 1.8, 0.150094635297, -0.150094635297, 1
1.822, 0.006606528, 0.000482342, 1.8, 0.150094635297, -0.150094635297, 1
1.823, 0.006610048, 0.000482602, 1.8, 0.150094635297, -0.150094635297, 1
1.824, 0.006613458, 0.000482852, 1.8, 0.150094635297, -0.150094635297, 1
1.825, 0.006616948, 0.000483102, 1.8, 0.150094635297, -0.150094635297, 1
1.826, 0.006620318, 0.000483362, 1.8, 0.150094635297, -0.150094635297, 1
1.827, 0.006623898, 0.000483622, 1.8, 0.150094635297, -0.150094635297, 1
1.828, 0.006627268, 0.000483882, 1.8, 0.150094635297, -0.150094635297, 1
1.829, 0.006630758, 0.000484152, 1.8, 0.150094635297, -0.150094635297, 1
1.83, 0.006634197, 0.000484412, 1.8, 0.150094635297, -0.150094635297, 1
1.831, 0.006637877, 0.000484672, 1.8, 0.150094635297, -0.150094635297, 1
1.832, 0.006641367, 0.000484944, 1.8, 0.150094635297, -0.150094635297, 1
1.833, 0.006644908, 0.000485205, 1.8, 0.150094635297, -0.150094635297, 1
1.834, 0.006648377, 0.000485466, 1.8, 0.150094635297, -0.150094635297, 1
1.835, 0.006651847, 0.000485726, 1.8, 0.150094635297, -0.150094635297, 1
1.836, 0.006655297, 0.000485986, 1.8, 0.150094635297, -0.150094635297, 1
1.837, 0.006658707, 0.000486235, 1.8, 0.150094635297, -0.150094635297, 1
1.838, 0.006662197, 0.000486483, 1.8, 0.150094635297, -0.150094635297, 1
1.839, 0.006665606, 0.000486732, 1.8, 0.150094635297, -0.150094635297, 1
1.84, 0.006669107, 0.000486983, 1.8, 0.150094635297, -0.150094635297, 1
1.841, 0.006672528, 0.000487235, 1.8, 0.150094635297, -0.150094635297, 1
1.842, 0.006676037, 0.000487494, 1.8, 0.150094635297, -0.150094635297, 1
1.843, 0.006679566, 0.000487754, 1.8, 0.150094635297, -0.150094635297, 1
1.844, 0.006683095, 0.000488014, 1.8, 0.150094635297, -0.150094635297, 1
1.845, 0.006686615, 0.000488285, 1.8, 0.150094635297, -0.150094635297, 1
1.846, 0.006690195, 0.000488545, 1.8, 0.150094635297, -0.150094635297, 1
1.847, 0.006693645, 0.000488815, 1.8, 0.150094635297, -0.150094635297, 1
1.848, 0.006697115, 0.000489085, 1.8, 0.150094635297, -0.150094635297, 1
1.849, 0.006700655, 0.000489345, 1.8, 0.150094635297, -0.150094635297, 1
1.85, 0.006704405, 0.000489595, 1.8, 0.150094635297, -0.150094635297, 1
1.851, 0.006707885, 0.000489845, 1.8, 0.150094635297, -0.150094635297, 1
1.852, 0.006711275, 0.000490095, 1.8, 0.150094635297, -0.150094635297, 1
1.853, 0.006714905, 0.000490355, 1.8, 0.150094635297, -0.150094635297, 1
1.854, 0.006718305, 0.000490625, 1.8, 0.150094635297, -0.150094635297, 1
1.855, 0.006721794, 0.000490886, 1.8, 0.150094635297, -0.150094635297, 1
1.856, 0.006725213, 0.000491135, 1.8, 0.150094635297, -0.150094635297, 1
1.857, 0.006728724, 0.000491407, 1.8, 0.150094635297, -0.150094635297, 1
1.858, 0.006732114, 0.000491675, 1.8, 0.150094635297, -0.150094635297, 1
1.859, 0.006735714, 0.000491946, 1.8, 0.150094635297, -0.150094635297, 1
1.86, 0.006739124, 0.000492206, 1.8, 0.150094635297, -0.150094635297, 1
1.861, 0.006742724, 0.000492476, 1.8, 0.150094635297, -0.150094635297, 1
1.862, 0.006746244, 0.000492727, 1.8, 0.150094635297, -0.150094635297, 1
1.863, 0.006749893, 0.000492987, 1.8, 0.150094635297, -0.150094635297, 1
1.864, 0.006753342, 0.000493249, 1.8, 0.150094635297, -0.150094635297, 1
1.865, 0.006759551, 0.00049351, 1.8, 0.150094635297, -0.150094635297, 1
1.866, 0.006763041, 0.000493771, 1.8, 0.150094635297, -0.150094635297, 1
1.867, 0.006766621, 0.000494031, 1.8, 0.150094635297, -0.150094635297, 1
1.868, 0.006770151, 0.000494281, 1.8, 0.150094635297, -0.150094635297, 1
1.869, 0.006773671, 0.000494541, 1.8, 0.150094635297, -0.150094635297, 1
1.87, 0.006777151, 0.000494801, 1.8, 0.150094635297, -0.150094635297, 1
1.871, 0.006780681, 0.000495051, 1.8, 0.150094635297, -0.150094635297, 1
1.872, 0.006784091, 0.000495291, 1.8, 0.150094635297, -0.150094635297, 1
1.873, 0.006787611, 0.000495561, 1.8, 0.150094635297, -0.150094635297, 1
1.874, 0.006791111, 0.00049582, 1.8, 0.150094635297, -0.150094635297, 1
1.875, 0.006794771, 0.000496092, 1.8, 0.150094635297, -0.150094635297, 1
1.876, 0.006798161, 0.000496354, 1.8, 0.150094635297, -0.150094635297, 1
1.877, 0.00680177, 0.000496613, 1.8, 0.150094635297, -0.150094635297, 1
1.878, 0.006805279, 0.000496895, 1.8, 0.150094635297, -0.150094635297, 1
1.879, 0.006808769, 0.000497155, 1.8, 0.150094635297, -0.150094635297, 1
1.88, 0.006812209, 0.000497415, 1.8, 0.150094635297, -0.150094635297, 1
1.881, 0.006815708, 0.000497686, 1.8, 0.150094635297, -0.150094635297, 1
1.882, 0.006819278, 0.000497957, 1.8, 0.150094635297, -0.150094635297, 1
1.883, 0.006822749, 0.000498218, 1.8, 0.150094635297, -0.150094635297, 1
1.884, 0.006826369, 0.000498468, 1.8, 0.150094635297, -0.150094635297, 1
1.885, 0.006829738, 0.00049873, 1.8, 0.150094635297, -0.150094635297, 1
1.886, 0.006833258, 0.000498991, 1.8, 0.150094635297, -0.150094635297, 1
1.887, 0.006836738, 0.000499252, 1.8, 0.150094635297, -0.150094635297, 1
1.888, 0.006840268, 0.000499502, 1.8, 0.150094635297, -0.150094635297, 1
1.889, 0.006843708, 0.000499762, 1.8, 0.150094635297, -0.150094635297, 1
1.89, 0.006847248, 0.000500022, 1.8, 0.150094635297, -0.150094635297, 1
1.891, 0.006850668, 0.000500292, 1.8, 0.150094635297, -0.150094635297, 1
1.892, 0.006854378, 0.000500562, 1.8, 0.150094635297, -0.150094635297, 1
1.893, 0.006857778, 0.000500822, 1.8, 0.150094635297, -0.150094635297, 1
1.894, 0.006861318, 0.000501082, 1.8, 0.150094635297, -0.150094635297, 1
1.895, 0.006864768, 0.000501332, 1.8, 0.150094635297, -0.150094635297, 1
1.896, 0.006868118, 0.000501583, 1.8, 0.150094635297, -0.150094635297, 1
1.897, 0.006871659, 0.000501835, 1.8, 0.150094635297, -0.150094635297, 1
1.898, 0.006875019, 0.000502094, 1.8, 0.150094635297, -0.150094635297, 1
1.899, 0.00687863, 0.000502354, 1.8, 0.150094635297, -0.150094635297, 1
1.9, 0.00688235, 0.000502767, 1.9, 0.135085171767, -0.135085171767, 1
1.901, 0.00688602, 0.000503035, 1.9, 0.135085171767, -0.135085171767, 1
1.902, 0.00688946, 0.000503295, 1.9, 0.135085171767, -0.135085171767, 1
1.903, 0.00689298, 0.000503545, 1.9, 0.135085171767, -0.135085171767, 1
1.904, 0.00689642, 0.000503816, 1.9, 0.135085171767, -0.135085171767, 1
1.905, 0.006899951, 0.000504086, 1.9, 0.135085171767, -0.135085171767, 1
1.906, 0.006903382, 0.000504345, 1.9, 0.135085171767, -0.135085171767, 1
1.907, 0.006906932, 0.000504605, 1.9, 0.135085171767, -0.135085171767, 1
1.908, 0.006910363, 0.000504865, 1.9, 0.135085171767, -0.135085171767, 1
1.909, 0.006914003, 0.000505115, 1.9, 0.135085171767, -0.135085171767, 1
1.91, 0.006917553, 0.000505375, 1.9, 0.135085171767, -0.135085171767, 1
1.911, 0.006921043, 0.000505625, 1.9, 0.135085171767, -0.135085171767, 1
1.912, 0.006924543, 0.000505885, 1.9, 0.135085171767, -0.135085171767, 1
1.913, 0.006927993, 0.000506125, 1.9, 0.135085171767, -0.135085171767, 1
1.914, 0.006931423, 0.000506375, 1.9, 0.135085171767, -0.135085171767, 1
1.915, 0.006934963, 0.000506645, 1.9, 0.135085171767, -0.135085171767, 1
1.916, 0.006938533, 0.000506915, 1.9, 0.135085171767, -0.135085171767, 1
1.917, 0.006941943, 0.000507175, 1.9, 0.135085171767, -0.135085171767, 1
1.918, 0.006945464, 0.000507445, 1.9, 0.135085171767, -0.135085171767, 1
1.919, 0.006948934, 0.000507702, 1.9, 0.135085171767, -0.135085171767, 1
1.92, 0.006952464, 0.000507962, 1.9, 0.135085171767, -0.135085171767, 1
1.921, 0.006958895, 0.000508234, 1.9, 0.135085171767, -0.135085171767, 1
1.922, 0.006962356, 0.000508492, 1.9, 0.135085171767, -0.135085171767, 1
1.923, 0.006965796, 0.000508741, 1.9, 0.135085171767, -0.135085171767, 1
1.924, 0.006969255, 0.000508999, 1.9, 0.135085171767, -0.135085171767, 1
1.925, 0.006972685, 0.000509271, 1.9, 0.135085171767, -0.135085171767, 1
1.926, 0.006976196, 0.00050951, 1.9, 0.135085171767, -0.135085171767, 1
1.927, 0.006979616, 0.000509763, 1.9, 0.135085171767, -0.135085171767, 1
1.928, 0.006983186, 0.000510025, 1.9, 0.135085171767, -0.135085171767, 1
1.929, 0.006986586, 0.000510267, 1.9, 0.135085171767, -0.135085171767, 1
1.93, 0.006990166, 0.000510527, 1.9, 0.135085171767, -0.135085171767, 1
1.931, 0.006993606, 0.000510777, 1.9, 0.135085171767, -0.135085171767, 1
1.932, 0.006997145, 0.000511037, 1.9, 0.135085171767, -0.135085171767, 1
1.933, 0.007000635, 0.000511307, 1.9, 0.135085171767, -0.135085171767, 1
1.934, 0.007004155, 0.000511577, 1.9, 0.135085171767, -0.135085171767, 1
1.935, 0.007007535, 0.000511847, 1.9, 0.135085171767, -0.135085171767, 1
1.936, 0.007011065, 0.000512107, 1.9, 0.135085171767, -0.135085171767, 1
1.937, 0.007014495, 0.000512377, 1.9, 0.135085171767, -0.135085171767, 1
1.938, 0.007018005, 0.000512627, 1.9, 0.135085171767, -0.135085171767, 1
1.939, 0.007021395, 0.000512885, 1.9, 0.135085171767, -0.135085171767, 1
1.94, 0.007024775, 0.000513145, 1.9, 0.135085171767, -0.135085171767, 1
1.941, 0.007028385, 0.000513417, 1.9, 0.135085171767, -0.135085171767, 1
1.942, 0.007031865, 0.000513686, 1.9, 0.135085171767, -0.135085171767, 1
1.943, 0.007035346, 0.000513935, 1.9, 0.135085171767, -0.135085171767, 1
1.944, 0.007038826, 0.000514205, 1.9, 0.135085171767, -0.135085171767, 1
1.945, 0.007042325, 0.000514463, 1.9, 0.135085171767, -0.135085171767, 1
1.946, 0.007045725, 0.000514723, 1.9, 0.135085171767, -0.135085171767, 1
1.947, 0.007049285, 0.000514993, 1.9, 0.135085171767, -0.135085171767, 1
1.948, 0.007052805, 0.000515253, 1.9, 0.135085171767, -0.135085171767, 1
1.949, 0.007056305, 0.000515523, 1.9, 0.135085171767, -0.135085171767, 1
1.95, 0.007059846, 0.000515785, 1.9, 0.135085171767, -0.135085171767, 1
1.951, 0.007063446, 0.000516027, 1.9, 0.135085171767, -0.135085171767, 1
1.952, 0.007066976, 0.000516277, 1.9, 0.135085171767, -0.135085171767, 1
1.953, 0.007070626, 0.000516537, 1.9, 0.135085171767, -0.135085171767, 1
1.954, 0.007074026, 0.000516797, 1.9, 0.135085171767, -0.135085171767, 1
1.955, 0.007077496, 0.000517057, 1.9, 0.135085171767, -0.135085171767, 1
1.956, 0.007081036, 0.000517317, 1.9, 0.135085171767, -0.135085171767, 1
1.957, 0.007084466, 0.000517577, 1.9, 0.135085171767, -0.135085171767, 1
1.958, 0.007087966, 0.000517837, 1.9, 0.135085171767, -0.135085171767, 1
1.959, 0.007091486, 0.000518077, 1.9, 0.135085171767, -0.135085171767, 1
1.96, 0.007094966, 0.000518327, 1.9, 0.135085171767, -0.135085171767, 1
1.961, 0.007098486, 0.000518599, 1.9, 0.135085171767, -0.135085171767, 1
1.962, 0.007101955, 0.000518861, 1.9, 0.135085171767, -0.135085171767, 1
1.963, 0.007105376, 0.000519123, 1.9, 0.135085171767, -0.135085171767, 1
1.964, 0.007108876, 0.000519393, 1.9, 0.135085171767, -0.135085171767, 1
1.965, 0.007112255, 0.000519642, 1.9, 0.135085171767, -0.135085171767, 1
1.966, 0.007115735, 0.000519891, 1.9, 0.135085171767, -0.135085171767, 1
1.967, 0.007119165, 0.000520142, 1.9, 0.135085171767, -0.135085171767, 1
1.968, 0.007122664, 0.000520379, 1.9, 0.135085171767, -0.135085171767, 1
1.969, 0.007126015, 0.000520629, 1.9, 0.135085171767, -0.135085171767, 1
1.97, 0.007129505, 0.000520877, 1.9, 0.135085171767, -0.135085171767, 1
1.971, 0.007133044, 0.000521148, 1.9, 0.135085171767, -0.135085171767, 1
1.972, 0.007136444, 0.000521399, 1.9, 0.135085171767, -0.135085171767, 1
1.973, 0.007139954, 0.000521657, 1.9, 0.135085171767, -0.135085171767, 1
1.974, 0.007143425, 0.000521907, 1.9, 0.135085171767, -0.135085171767, 1
1.975, 0.007146935, 0.000522167, 1.9, 0.135085171767, -0.135085171767, 1
1.976, 0.007150435, 0.000522427, 1.9, 0.135085171767, -0.135085171767, 1
1.977, 0.007153985, 0.000522687, 1.9, 0.135085171767, -0.135085171767, 1
1.978, 0.007159845, 0.000522957, 1.9, 0.135085171767, -0.135085171767, 1
1.979, 0.007163365, 0.000523227, 1.9, 0.135085171767, -0.135085171767, 1
1.98, 0.007166925, 0.000523497, 1.9, 0.135085171767, -0.135085171767, 1
1.981, 0.007170376, 0.000523757, 1.9, 0.135085171767, -0.135085171767, 1
1.982, 0.007173926, 0.000524025, 1.9, 0.135085171767, -0.135085171767, 1
1.983, 0.007177466, 0.000524296, 1.9, 0.135085171767, -0.135085171767, 1
1.984, 0.007180996, 0.000524559, 1.9, 0.135085171767, -0.135085171767, 1
1.985, 0.007184577, 0.00052482, 1.9, 0.135085171767, -0.135085171767, 1
1.986, 0.007188086, 0.00052506, 1.9, 0.135085171767, -0.135085171767, 1
1.987, 0.007191677, 0.00052534, 1.9, 0.135085171767, -0.135085171767, 1
1.988, 0.007195237, 0.00052561, 1.9, 0.135085171767, -0.135085171767, 1
1.989, 0.007198818, 0.00052588, 1.9, 0.135085171767, -0.135085171767, 1
1.99, 0.007202258, 0.00052614, 1.9, 0.135085171767, -0.135085171767, 1
1.991, 0.007205849, 0.0005264, 1.9, 0.135085171767, -0.135085171767, 1
1.992, 0.007209319, 0.000526662, 1.9, 0.135085171767, -0.135085171767, 1
1.993, 0.007212859, 0.00052692, 1.9, 0.135085171767, -0.135085171767, 1
1.994, 0.007216329, 0.000527191, 1.9, 0.135085171767, -0.135085171767, 1
1.995, 0.00722001, 0.000527461, 1.9, 0.135085171767, -0.135085171767, 1
1.996, 0.00722356, 0.000527741, 1.9, 0.135085171767, -0.135085171767, 1
1.997, 0.00722713, 0.000528011, 1.9, 0.135085171767, -0.135085171767, 1
1.998, 0.00723068, 0.000528251, 1.9, 0.135085171767, -0.135085171767, 1
1.999, 0.00723418, 0.000528501, 1.9, 0.135085171767, -0.135085171767, 1
2, 0.00723778, 0.000528911, 2, 0.121576654591, -0.121576654591, 1
2.001, 0.0072418, 0.000529181, 2, 0.121576654591, -0.121576654591, 1
2.002, 0.00724538, 0.000529431, 2, 0.121576654591, -0.121576654591, 1
2.003, 0.007249081, 0.000529681, 2, 0.121576654591, -0.121576654591, 1
2.004, 0.007252612, 0.000529941, 2, 0.121576654591, -0.121576654591, 1
2.005, 0.007256463, 0.00053022, 2, 0.121576654591, -0.121576654591, 1
2.006, 0.007260013, 0.00053048, 2, 0.121576654591, -0.121576654591, 1
2.007, 0.007263633, 0.000530731, 2, 0.121576654591, -0.121576654591, 1
2.008, 0.007267223, 0.000530979, 2, 0.121576654591, -0.121576654591, 1
2.009, 0.007270762, 0.00053123, 2, 0.121576654591, -0.121576654591, 1
2.01, 0.007274413, 0.000531482, 2, 0.121576654591, -0.121576654591, 1
2.011, 0.007278004, 0.000531741, 2, 0.121576654591, -0.121576654591, 1
2.012, 0.007281704, 0.000532001, 2, 0.121576654591, -0.121576654591, 1
2.013, 0.007285304, 0.000532251, 2, 0.121576654591, -0.121576654591, 1
2.014, 0.007288855, 0.000532511, 2, 0.121576654591, -0.121576654591, 1
2.015, 0.007292295, 0.000532771, 2, 0.121576654591, -0.121576654591, 1
2.016, 0.007295815, 0.000533032, 2, 0.121576654591, -0.121576654591, 1
2.017, 0.007299385, 0.000533312, 2, 0.121576654591, -0.121576654591, 1
2.018, 0.007302945, 0.000533562, 2, 0.121576654591, -0.121576654591, 1
2.019, 0.007306435, 0.000533812, 2, 0.121576654591, -0.121576654591, 1
2.02, 0.007310005, 0.000534062, 2, 0.121576654591, -0.121576654591, 1
2.021, 0.007313455, 0.000534322, 2, 0.121576654591, -0.121576654591, 1
2.022, 0.007317035, 0.000534592, 2, 0.121576654591, -0.121576654591, 1
2.023, 0.007320575, 0.000534842, 2, 0.121576654591, -0.121576654591, 1
2.024, 0.007324185, 0.000535092, 2, 0.121576654591, -0.121576654591, 1
2.025, 0.007327575, 0.00053535, 2, 0.121576654591, -0.121576654591, 1
2.026, 0.007331195, 0.000535612, 2, 0.121576654591, -0.121576654591, 1
2.027, 0.007334685, 0.000535864, 2, 0.121576654591, -0.121576654591, 1
2.028, 0.007338146, 0.000536135, 2, 0.121576654591, -0.121576654591, 1
2.029, 0.007341746, 0.000536396, 2, 0.121576654591, -0.121576654591, 1
2.03, 0.007345207, 0.000536658, 2, 0.121576654591, -0.121576654591, 1
2.031, 0.007348796, 0.000536917, 2, 0.121576654591, -0.121576654591, 1
2.032, 0.007352366, 0.000537169, 2, 0.121576654591, -0.121576654591, 1
2.033, 0.007355956, 0.000537418, 2, 0.121576654591, -0.121576654591, 1
2.034, 0.007359386, 0.000537659, 2, 0.121576654591, -0.121576654591, 1
2.035, 0.007365686, 0.000537907, 2, 0.121576654591, -0.121576654591, 1
2.036, 0.007369296, 0.000538158, 2, 0.121576654591, -0.121576654591, 1
2.037, 0.007372696, 0.000538418, 2, 0.121576654591, -0.121576654591, 1
2.038, 0.007376336, 0.000538678, 2, 0.121576654591, -0.121576654591, 1
2.039, 0.007379766, 0.000538938, 2, 0.121576654591, -0.121576654591, 1
2.04, 0.007383246, 0.000539208, 2, 0.121576654591, -0.121576654591, 1
2.041, 0.007386786, 0.000539478, 2, 0.121576654591, -0.121576654591, 1
2.042, 0.007390296, 0.000539738, 2, 0.121576654591, -0.121576654591, 1
2.043, 0.007393846, 0.000540008, 2, 0.121576654591, -0.121576654591, 1
2.044, 0.007397276, 0.000540278, 2, 0.121576654591, -0.121576654591, 1
2.045, 0.007400826, 0.000540538, 2, 0.121576654591, -0.121576654591, 1
2.046, 0.007404336, 0.000540806, 2, 0.121576654591, -0.121576654591, 1
2.047, 0.007407876, 0.000541047, 2, 0.121576654591, -0.121576654591, 1
2.048, 0.007411356, 0.000541317, 2, 0.121576654591, -0.121576654591, 1
2.049, 0.007414907, 0.000541589, 2, 0.121576654591, -0.121576654591, 1
2.05, 0.007418417, 0.000541857, 2, 0.121576654591, -0.121576654591, 1
2.051, 0.007421977, 0.000542117, 2, 0.121576654591, -0.121576654591, 1
2.052, 0.007425267, 0.000542386, 2, 0.121576654591, -0.121576654591, 1
2.053, 0.007428846, 0.000542655, 2, 0.121576654591, -0.121576654591, 1
2.054, 0.007432266, 0.000542927, 2, 0.121576654591, -0.121576654591, 1
2.055, 0.007435897, 0.000543197, 2, 0.121576654591, -0.121576654591, 1
2.056, 0.007439356, 0.000543467, 2, 0.121576654591, -0.121576654591, 1
2.057, 0.007442946, 0.000543729, 2, 0.121576654591, -0.121576654591, 1
2.058, 0.007446456, 0.000543988, 2, 0.121576654591, -0.121576654591, 1
2.059, 0.007449996, 0.000544228, 2, 0.121576654591, -0.121576654591, 1
2.06, 0.007453416, 0.000544488, 2, 0.121576654591, -0.121576654591, 1
2.061, 0.007456846, 0.000544758, 2, 0.121576654591, -0.121576654591, 1
2.062, 0.007460426, 0.000545028, 2, 0.121576654591, -0.121576654591, 1
2.063, 0.007463946, 0.000545288, 2, 0.121576654591, -0.121576654591, 1
2.064, 0.007467426, 0.000545548, 2, 0.121576654591, -0.121576654591, 1
2.065, 0.007470816, 0.000545808, 2, 0.121576654591, -0.121576654591, 1
2.066, 0.007474356, 0.000546078, 2, 0.121576654591, -0.121576654591, 1
2.067, 0.007477936, 0.000546328, 2, 0.121576654591, -0.121576654591, 1
2.068, 0.007481437, 0.00054659, 2, 0.121576654591, -0.121576654591, 1
2.069, 0.007484968, 0.000546848, 2, 0.121576654591, -0.121576654591, 1
2.07, 0.007488728, 0.000547087, 2, 0.121576654591, -0.121576654591, 1
2.071, 0.007492319, 0.000547348, 2, 0.121576654591, -0.121576654591, 1
2.072, 0.007495729, 0.000547606, 2, 0.121576654591, -0.121576654591, 1
2.073, 0.007499178, 0.000547855, 2, 0.121576654591, -0.121576654591, 1
2.074, 0.007502468, 0.000548126, 2, 0.121576654591, -0.121576654591, 1
2.075, 0.007505989, 0.000548376, 2, 0.121576654591, -0.121576654591, 1
2.076, 0.007509509, 0.000548637, 2, 0.121576654591, -0.121576654591, 1
2.077, 0.007512999, 0.000548905, 2, 0.121576654591, -0.121576654591, 1
2.078, 0.007516509, 0.000549165, 2, 0.121576654591, -0.121576654591, 1
2.079, 0.007520069, 0.000549415, 2, 0.121576654591, -0.121576654591, 1
2.08, 0.00752352, 0.000549675, 2, 0.121576654591, -0.121576654591, 1
2.081, 0.00752708, 0.000549945, 2, 0.121576654591, -0.121576654591, 1
2.082, 0.00753042, 0.000550225, 2, 0.121576654591, -0.121576654591, 1
2.083, 0.00753394, 0.000550485, 2, 0.121576654591, -0.121576654591, 1
2.084, 0.00753733, 0.000550735, 2, 0.121576654591, -0.121576654591, 1
2.085, 0.00754102, 0.000550995, 2, 0.121576654591, -0.121576654591, 1
2.086, 0.0075444, 0.000551245, 2, 0.121576654591, -0.121576654591, 1
2.087, 0.00754791, 0.000551485, 2, 0.121576654591, -0.121576654591, 1
2.088, 0.007551371, 0.000551744, 2, 0.121576654591, -0.121576654591, 1
2.089, 0.007554971, 0.000552014, 2, 0.121576654591, -0.121576654591, 1
2.09, 0.007558451, 0.000552275, 2, 0.121576654591, -0.121576654591, 1
2.091, 0.007561971, 0.000552536, 2, 0.121576654591, -0.121576654591, 1
2.092, 0.007565492, 0.000552785, 2, 0.121576654591, -0.121576654591, 1
2.093, 0.007571381, 0.000553044, 2, 0.121576654591, -0.121576654591, 1
2.094, 0.007574821, 0.000553304, 2, 0.121576654591, -0.121576654591, 1
2.095, 0.007578381, 0.000553554, 2, 0.121576654591, -0.121576654591, 1
2.096, 0.007581842, 0.000553824, 2, 0.121576654591, -0.121576654591, 1
2.097, 0.007585542, 0.000554093, 2, 0.121576654591, -0.121576654591, 1
2.098, 0.007588942, 0.000554365, 2, 0.121576654591, -0.121576654591, 1
2.099, 0.007592731, 0.000554616, 2, 0.121576654591, -0.121576654591, 1
2.1, 0.007596321, 0.000555017, 2.1, 0.109418989132, -0.109418989132, 1
2.101, 0.007599971, 0.000555267, 2.1, 0.109418989132, -0.109418989132, 1
2.102, 0.007603481, 0.000555527, 2.1, 0.109418989132, -0.109418989132, 1
2.103, 0.007607001, 0.000555797, 2.1, 0.109418989132, -0.109418989132, 1
2.104, 0.007610501, 0.000556047, 2.1, 0.109418989132, -0.109418989132, 1
2.105, 0.007614071, 0.000556297, 2.1, 0.109418989132, -0.109418989132, 1
2.106, 0.007617731, 0.000556567, 2.1, 0.109418989132, -0.109418989132, 1
2.107, 0.007621161, 0.000556817, 2.1, 0.109418989132, -0.109418989132, 1
2.108, 0.007624781, 0.000557067, 2.1, 0.109418989132, -0.109418989132, 1
2.109, 0.007628201, 0.000557327, 2.1, 0.109418989132, -0.109418989132, 1
2.11, 0.007631871, 0.000557585, 2.1, 0.109418989132, -0.109418989132, 1
2.111, 0.007635481, 0.000557843, 2.1, 0.109418989132, -0.109418989132, 1
2.112, 0.007639061, 0.000558116, 2.1, 0.109418989132, -0.109418989132, 1
2.113, 0.007642501, 0.000558386, 2.1, 0.109418989132, -0.109418989132, 1
2.114, 0.007646091, 0.000558647, 2.1, 0.109418989132, -0.109418989132, 1
2.115, 0.007649672, 0.000558898, 2.1, 0.109418989132, -0.109418989132, 1
2.116, 0.007653272, 0.000559157, 2.1, 0.109418989132, -0.109418989132, 1
2.117, 0.007656773, 0.000559407, 2.1, 0.109418989132, -0.109418989132, 1
2.118, 0.007660322, 0.000559656, 2.1, 0.109418989132, -0.109418989132, 1
2.119, 0.007663733, 0.000559917, 2.1, 0.109418989132, -0.109418989132, 1
2.12, 0.007667544, 0.000560186, 2.1, 0.109418989132, -0.109418989132, 1
2.121, 0.007671055, 0.000560456, 2.1, 0.109418989132, -0.109418989132, 1
2.122, 0.007674885, 0.000560726, 2.1, 0.109418989132, -0.109418989132, 1
2.123, 0.007678335, 0.000560976, 2.1, 0.109418989132, -0.109418989132, 1
2.124, 0.007681875, 0.000561226, 2.1, 0.109418989132, -0.109418989132, 1
2.125, 0.007685305, 0.000561486, 2.1, 0.109418989132, -0.109418989132, 1
2.126, 0.007688765, 0.000561736, 2.1, 0.109418989132, -0.109418989132, 1
2.127, 0.007692305, 0.000561976, 2.1, 0.109418989132, -0.109418989132, 1
2.128, 0.007695765, 0.000562246, 2.1, 0.109418989132, -0.109418989132, 1
2.129, 0.007699315, 0.000562506, 2.1, 0.109418989132, -0.109418989132, 1
2.13, 0.007702755, 0.000562765, 2.1, 0.109418989132, -0.109418989132, 1
2.131, 0.007706294, 0.000563016, 2.1, 0.109418989132, -0.109418989132, 1
2.132, 0.007709744, 0.000563279, 2.1, 0.109418989132, -0.109418989132, 1
2.133, 0.007713264, 0.000563519, 2.1, 0.109418989132, -0.109418989132, 1
2.134, 0.007716724, 0.000563769, 2.1, 0.109418989132, -0.109418989132, 1
2.135, 0.007720254, 0.000564031, 2.1, 0.109418989132, -0.109418989132, 1
2.136, 0.007723814, 0.000564291, 2.1, 0.109418989132, -0.109418989132, 1
2.137, 0.007727364, 0.00056455, 2.1, 0.109418989132, -0.109418989132, 1
2.138, 0.007730813, 0.000564809, 2.1, 0.109418989132, -0.109418989132, 1
2.139, 0.007734443, 0.00056506, 2.1, 0.109418989132, -0.109418989132, 1
2.14, 0.007737914, 0.00056531, 2.1, 0.109418989132, -0.109418989132, 1
2.141, 0.007741554, 0.000565571, 2.1, 0.109418989132, -0.109418989132, 1
2.142, 0.007745093, 0.000565819, 2.1, 0.109418989132, -0.109418989132, 1
2.143, 0.007748684, 0.000566069, 2.1, 0.109418989132, -0.109418989132, 1
2.144, 0.007752434, 0.000566319, 2.1, 0.109418989132, -0.109418989132, 1
2.145, 0.007756034, 0.000566579, 2.1, 0.109418989132, -0.109418989132, 1
2.146, 0.007759514, 0.000566849, 2.1, 0.109418989132, -0.109418989132, 1
2.147, 0.007762954, 0.000567109, 2.1, 0.109418989132, -0.109418989132, 1
2.148, 0.007766484, 0.000567369, 2.1, 0.109418989132, -0.109418989132, 1
2.149, 0.007769894, 0.000567629, 2.1, 0.109418989132, -0.109418989132, 1
2.15, 0.007775254, 0.000567879, 2.1, 0.109418989132, -0.109418989132, 1
2.151, 0.007778974, 0.00056815, 2.1, 0.109418989132, -0.109418989132, 1
2.152, 0.007782524, 0.000568408, 2.1, 0.109418989132, -0.109418989132, 1
2.153, 0.007786054, 0.000568667, 2.1, 0.109418989132, -0.109418989132, 1
2.154, 0.007789534, 0.000568915, 2.1, 0.109418989132, -0.109418989132, 1
2.155, 0.007792965, 0.000569176, 2.1, 0.109418989132, -0.109418989132, 1
2.156, 0.007796445, 0.000569427, 2.1, 0.109418989132, -0.109418989132, 1
2.157, 0.007799866, 0.000569689, 2.1, 0.109418989132, -0.109418989132, 1
2.158, 0.007803437, 0.000569959, 2.1, 0.109418989132, -0.109418989132, 1
2.159, 0.007806877, 0.000570228, 2.1, 0.109418989132, -0.109418989132, 1
2.16, 0.007810418, 0.00057049, 2.1, 0.109418989132, -0.109418989132, 1
2.161, 0.007813959, 0.000570752, 2.1, 0.109418989132, -0.109418989132, 1
2.162, 0.007817579, 0.000571012, 2.1, 0.109418989132, -0.109418989132, 1
2.163, 0.007820989, 0.000571272, 2.1, 0.109418989132, -0.109418989132, 1
2.164, 0.007824589, 0.000571533, 2.1, 0.109418989132, -0.109418989132, 1
2.165, 0.007827999, 0.000571793, 2.1, 0.109418989132, -0.109418989132, 1
2.166, 0.007831549, 0.000572063, 2.1, 0.109418989132, -0.109418989132, 1
2.167, 0.007835029, 0.000572333, 2.1, 0.109418989132, -0.109418989132, 1
2.168, 0.007838559, 0.000572593, 2.1, 0.109418989132, -0.109418989132, 1
2.169, 0.007842099, 0.000572853, 2.1, 0.109418989132, -0.109418989132, 1
2.17, 0.007845779, 0.000573123, 2.1, 0.109418989132, -0.109418989132, 1
2.171, 0.007849219, 0.000573383, 2.1, 0.109418989132, -0.109418989132, 1
2.172, 0.007852679, 0.000573633, 2.1, 0.109418989132, -0.109418989132, 1
2.173, 0.007856189, 0.000573881, 2.1, 0.109418989132, -0.109418989132, 1
2.174, 0.00785974, 0.000574151, 2.1, 0.109418989132, -0.109418989132, 1
2.175, 0.00786326, 0.000574422, 2.1, 0.109418989132, -0.109418989132, 1
2.176, 0.00786675, 0.000574685, 2.1, 0.109418989132, -0.109418989132, 1
2.177, 0.007870341, 0.000574944, 2.1, 0.109418989132, -0.109418989132, 1
2.178, 0.00787388, 0.000575204, 2.1, 0.109418989132, -0.109418989132, 1
2.179, 0.00787748, 0.000575474, 2.1, 0.109418989132, -0.109418989132, 1
2.18, 0.007881089, 0.000575734, 2.1, 0.109418989132, -0.109418989132, 1
2.181, 0.007884708, 0.000576006, 2.1, 0.109418989132, -0.109418989132, 1
2.182, 0.007888157, 0.000576266, 2.1, 0.109418989132, -0.109418989132, 1
2.183, 0.007891707, 0.000576517, 2.1, 0.109418989132, -0.109418989132, 1
2.184, 0.007895296, 0.000576787, 2.1, 0.109418989132, -0.109418989132, 1
2.185, 0.007898876, 0.000577047, 2.1, 0.109418989132, -0.109418989132, 1
2.186, 0.007902357, 0.000577297, 2.1, 0.109418989132, -0.109418989132, 1
2.187, 0.007905957, 0.000577547, 2.1, 0.109418989132, -0.109418989132, 1
2.188, 0.007909367, 0.000577797, 2.1, 0.109418989132, -0.109418989132, 1
2.189, 0.007912987, 0.000578047, 2.1, 0.109418989132, -0.109418989132, 1
2.19, 0.007916497, 0.000578297, 2.1, 0.109418989132, -0.109418989132, 1
2.191, 0.007920107, 0.000578557, 2.1, 0.109418989132, -0.109418989132, 1
2.192, 0.007923537, 0.000578817, 2.1, 0.109418989132, -0.109418989132, 1
2.193, 0.007927227, 0.000579077, 2.1, 0.109418989132, -0.109418989132, 1
2.194, 0.007930698, 0.000579328, 2.1, 0.109418989132, -0.109418989132, 1
2.195, 0.007934167, 0.000579579, 2.1, 0.109418989132, -0.109418989132, 1
2.196, 0.007937767, 0.000579849, 2.1, 0.109418989132, -0.109418989132, 1
2.197, 0.007941277, 0.000580098, 2.1, 0.109418989132, -0.109418989132, 1
2.198, 0.007944817, 0.000580358, 2.1, 0.109418989132, -0.109418989132, 1
2.199, 0.007948417, 0.000580639, 2.1, 0.109418989132, -0.109418989132, 1
2.2, 0.007952088, 0.000581039, 2.2, 0.0984770902184, -0.0984770902184, 1
2.201, 0.007955627, 0.000581299, 2.2, 0.0984770902184, -0.0984770902184, 1
2.202, 0.007959258, 0.00058157, 2.2, 0.0984770902184, -0.0984770902184, 1
2.203, 0.007962718, 0.000581829, 2.2, 0.0984770902184, -0.0984770902184, 1
2.204, 0.007966428, 0.00058207, 2.2, 0.0984770902184, -0.0984770902184, 1
2.205, 0.007969978, 0.000582321, 2.2, 0.0984770902184, -0.0984770902184, 1
2.206, 0.007975748, 0.000582581, 2.2, 0.0984770902184, -0.0984770902184, 1
2.207, 0.007979318, 0.000582841, 2.2, 0.0984770902184, -0.0984770902184, 1
2.208, 0.007982738, 0.000583111, 2.2, 0.0984770902184, -0.0984770902184, 1
2.209, 0.007986318, 0.000583381, 2.2, 0.0984770902184, -0.0984770902184, 1
2.21, 0.007989828, 0.000583641, 2.2, 0.0984770902184, -0.0984770902184, 1
2.211, 0.007993268, 0.000583901, 2.2, 0.0984770902184, -0.0984770902184, 1
2.212, 0.007996828, 0.000584171, 2.2, 0.0984770902184, -0.0984770902184, 1
2.213, 0.008000318, 0.000584431, 2.2, 0.0984770902184, -0.0984770902184, 1
2.214, 0.008003898, 0.000584691, 2.2, 0.0984770902184, -0.0984770902184, 1
2.215, 0.008007378, 0.000584961, 2.2, 0.0984770902184, -0.0984770902184, 1
2.216, 0.008010998, 0.000585221, 2.2, 0.0984770902184, -0.0984770902184, 1
2.217, 0.008014417, 0.000585471, 2.2, 0.0984770902184, -0.0984770902184, 1
2.218, 0.008018017, 0.000585711, 2.2, 0.0984770902184, -0.0984770902184, 1
2.219, 0.008021517, 0.000585981, 2.2, 0.0984770902184, -0.0984770902184, 1
2.22, 0.008024948, 0.000586252, 2.2, 0.0984770902184, -0.0984770902184, 1
2.221, 0.008028478, 0.000586521, 2.2, 0.0984770902184, -0.0984770902184, 1
2.222, 0.008032017, 0.000586769, 2.2, 0.0984770902184, -0.0984770902184, 1
2.223, 0.008035568, 0.00058703, 2.2, 0.0984770902184, -0.0984770902184, 1
2.224, 0.008039228, 0.000587299, 2.2, 0.0984770902184, -0.0984770902184, 1
2.225, 0.008042767, 0.00058757, 2.2, 0.0984770902184, -0.0984770902184, 1
2.226, 0.008046336, 0.00058784, 2.2, 0.0984770902184, -0.0984770902184, 1
2.227, 0.008049876, 0.000588103, 2.2, 0.0984770902184, -0.0984770902184, 1
2.228, 0.008053386, 0.000588363, 2.2, 0.0984770902184, -0.0984770902184, 1
2.229, 0.008056906, 0.000588613, 2.2, 0.0984770902184, -0.0984770902184, 1
2.23, 0.008060396, 0.000588873, 2.2, 0.0984770902184, -0.0984770902184, 1
2.231, 0.008063936, 0.000589123, 2.2, 0.0984770902184, -0.0984770902184, 1
2.232, 0.008067436, 0.000589383, 2.2, 0.0984770902184, -0.0984770902184, 1
2.233, 0.008071066, 0.000589643, 2.2, 0.0984770902184, -0.0984770902184, 1
2.234, 0.008074486, 0.000589913, 2.2, 0.0984770902184, -0.0984770902184, 1
2.235, 0.008078056, 0.000590173, 2.2, 0.0984770902184, -0.0984770902184, 1
2.236, 0.008081505, 0.000590432, 2.2, 0.0984770902184, -0.0984770902184, 1
2.237, 0.008085074, 0.000590701, 2.2, 0.0984770902184, -0.0984770902184, 1
2.238, 0.008088533, 0.000590971, 2.2, 0.0984770902184, -0.0984770902184, 1
2.239, 0.008092093, 0.000591241, 2.2, 0.0984770902184, -0.0984770902184, 1
2.24, 0.008095564, 0.000591502, 2.2, 0.0984770902184, -0.0984770902184, 1
2.241, 0.008099134, 0.000591751, 2.2, 0.0984770902184, -0.0984770902184, 1
2.242, 0.008102583, 0.000592, 2.2, 0.0984770902184, -0.0984770902184, 1
2.243, 0.008106082, 0.000592251, 2.2, 0.0984770902184, -0.0984770902184, 1
2.244, 0.008109562, 0.00059251, 2.2, 0.0984770902184, -0.0984770902184, 1
2.245, 0.008113163, 0.000592769, 2.2, 0.0984770902184, -0.0984770902184, 1
2.246, 0.008116733, 0.000593016, 2.2, 0.0984770902184, -0.0984770902184, 1
2.247, 0.008120303, 0.000593276, 2.2, 0.0984770902184, -0.0984770902184, 1
2.248, 0.008123893, 0.000593526, 2.2, 0.0984770902184, -0.0984770902184, 1
2.249, 0.008127403, 0.000593775, 2.2, 0.0984770902184, -0.0984770902184, 1
2.25, 0.008130933, 0.000594035, 2.2, 0.0984770902184, -0.0984770902184, 1
2.251, 0.008134393, 0.000594285, 2.2, 0.0984770902184, -0.0984770902184, 1
2.252, 0.008137963, 0.000594555, 2.2, 0.0984770902184, -0.0984770902184, 1
2.253, 0.008141463, 0.000594815, 2.2, 0.0984770902184, -0.0984770902184, 1
2.254, 0.008145043, 0.000595085, 2.2, 0.0984770902184, -0.0984770902184, 1
2.255, 0.008148553, 0.000595345, 2.2, 0.0984770902184, -0.0984770902184, 1
2.256, 0.008152143, 0.000595605, 2.2, 0.0984770902184, -0.0984770902184, 1
2.257, 0.008155693, 0.000595855, 2.2, 0.0984770902184, -0.0984770902184, 1
2.258, 0.008159234, 0.000596116, 2.2, 0.0984770902184, -0.0984770902184, 1
2.259, 0.008162765, 0.000596356, 2.2, 0.0984770902184, -0.0984770902184, 1
2.26, 0.008168734, 0.000596606, 2.2, 0.0984770902184, -0.0984770902184, 1
2.261, 0.008172224, 0.000596865, 2.2, 0.0984770902184, -0.0984770902184, 1
2.262, 0.008175784, 0.000597125, 2.2, 0.0984770902184, -0.0984770902184, 1
2.263, 0.008179314, 0.000597393, 2.2, 0.0984770902184, -0.0984770902184, 1
2.264, 0.008182884, 0.000597641, 2.2, 0.0984770902184, -0.0984770902184, 1
2.265, 0.008186354, 0.000597892, 2.2, 0.0984770902184, -0.0984770902184, 1
2.266, 0.008189974, 0.000598139, 2.2, 0.0984770902184, -0.0984770902184, 1
2.267, 0.008193524, 0.000598391, 2.2, 0.0984770902184, -0.0984770902184, 1
2.268, 0.008197064, 0.000598649, 2.2, 0.0984770902184, -0.0984770902184, 1
2.269, 0.008200504, 0.000598909, 2.2, 0.0984770902184, -0.0984770902184, 1
2.27, 0.008204064, 0.000599168, 2.2, 0.0984770902184, -0.0984770902184, 1
2.271, 0.008207494, 0.000599418, 2.2, 0.0984770902184, -0.0984770902184, 1
2.272, 0.008211184, 0.000599678, 2.2, 0.0984770902184, -0.0984770902184, 1
2.273, 0.008214604, 0.000599928, 2.2, 0.0984770902184, -0.0984770902184, 1
2.274, 0.008218234, 0.000600178, 2.2, 0.0984770902184, -0.0984770902184, 1
2.275, 0.008221814, 0.000600428, 2.2, 0.0984770902184, -0.0984770902184, 1
2.276, 0.008225314, 0.000600688, 2.2, 0.0984770902184, -0.0984770902184, 1
2.277, 0.008228774, 0.000600958, 2.2, 0.0984770902184, -0.0984770902184, 1
2.278, 0.008232214, 0.000601208, 2.2, 0.0984770902184, -0.0984770902184, 1
2.279, 0.008235724, 0.000601477, 2.2, 0.0984770902184, -0.0984770902184, 1
2.28, 0.008239235, 0.000601748, 2.2, 0.0984770902184, -0.0984770902184, 1
2.281, 0.008242835, 0.000601999, 2.2, 0.0984770902184, -0.0984770902184, 1
2.282, 0.008246305, 0.000602261, 2.2, 0.0984770902184, -0.0984770902184, 1
2.283, 0.008249854, 0.000602521, 2.2, 0.0984770902184, -0.0984770902184, 1
2.284, 0.008253304, 0.000602783, 2.2, 0.0984770902184, -0.0984770902184, 1
2.285, 0.008256774, 0.000603042, 2.2, 0.0984770902184, -0.0984770902184, 1
2.286, 0.008260273, 0.000603313, 2.2, 0.0984770902184, -0.0984770902184, 1
2.287, 0.008263854, 0.000603554, 2.2, 0.0984770902184, -0.0984770902184, 1
2.288, 0.008267435, 0.000603834, 2.2, 0.0984770902184, -0.0984770902184, 1
2.289, 0.008271035, 0.000604104, 2.2, 0.0984770902184, -0.0984770902184, 1
2.29, 0.008274464, 0.000604363, 2.2, 0.0984770902184, -0.0984770902184, 1
2.291, 0.008278024, 0.000604623, 2.2, 0.0984770902184, -0.0984770902184, 1
2.292, 0.008281484, 0.000604884, 2.2, 0.0984770902184, -0.0984770902184, 1
2.293, 0.008285034, 0.000605144, 2.2, 0.0984770902184, -0.0984770902184, 1
2.294, 0.008288444, 0.000605414, 2.2, 0.0984770902184, -0.0984770902184, 1
2.295, 0.008291974, 0.000605684, 2.2, 0.0984770902184, -0.0984770902184, 1
2.296, 0.008295544, 0.000605944, 2.2, 0.0984770902184, -0.0984770902184, 1
2.297, 0.008299064, 0.000606224, 2.2, 0.0984770902184, -0.0984770902184, 1
2.298, 0.008302604, 0.000606494, 2.2, 0.0984770902184, -0.0984770902184, 1
2.299, 0.008306094, 0.000606754, 2.2, 0.0984770902184, -0.0984770902184, 1
2.3, 0.008309794, 0.000607146, 2.3, 0.0886293811965, -0.0886293811965, 1
2.301, 0.008313264, 0.000607403, 2.3, 0.0886293811965, -0.0886293811965, 1
2.302, 0.008316804, 0.000607674, 2.3, 0.0886293811965, -0.0886293811965, 1
2.303, 0.008320244, 0.000607934, 2.3, 0.0886293811965, -0.0886293811965, 1
2.304, 0.008323805, 0.000608197, 2.3, 0.0886293811965, -0.0886293811965, 1
2.305, 0.008327335, 0.000608455, 2.3, 0.0886293811965, -0.0886293811965, 1
2.306, 0.008330874, 0.000608714, 2.3, 0.0886293811965, -0.0886293811965, 1
2.307, 0.008334413, 0.000608974, 2.3, 0.0886293811965, -0.0886293811965, 1
2.308, 0.008337954, 0.000609226, 2.3, 0.0886293811965, -0.0886293811965, 1
2.309, 0.008341524, 0.000609495, 2.3, 0.0886293811965, -0.0886293811965, 1
2.31, 0.008345294, 0.000609764, 2.3, 0.0886293811965, -0.0886293811965, 1
2.311, 0.008348793, 0.000610034, 2.3, 0.0886293811965, -0.0886293811965, 1
2.312, 0.008352442, 0.000610295, 2.3, 0.0886293811965, -0.0886293811965, 1
2.313, 0.008355962, 0.000610556, 2.3, 0.0886293811965, -0.0886293811965, 1
2.314, 0.008359562, 0.000610826, 2.3, 0.0886293811965, -0.0886293811965, 1
2.315, 0.008365472, 0.000611086, 2.3, 0.0886293811965, -0.0886293811965, 1
2.316, 0.008369132, 0.000611346, 2.3, 0.0886293811965, -0.0886293811965, 1
2.317, 0.008372682, 0.000611606, 2.3, 0.0886293811965, -0.0886293811965, 1
2.318, 0.008376242, 0.000611856, 2.3, 0.0886293811965, -0.0886293811965, 1
2.319, 0.008379702, 0.000612096, 2.3, 0.0886293811965, -0.0886293811965, 1
2.32, 0.008383242, 0.000612346, 2.3, 0.0886293811965, -0.0886293811965, 1
2.321, 0.008386842, 0.000612614, 2.3, 0.0886293811965, -0.0886293811965, 1
2.322, 0.008390393, 0.000612875, 2.3, 0.0886293811965, -0.0886293811965, 1
2.323, 0.008393943, 0.000613144, 2.3, 0.0886293811965, -0.0886293811965, 1
2.324, 0.008397503, 0.000613404, 2.3, 0.0886293811965, -0.0886293811965, 1
2.325, 0.008401004, 0.000613687, 2.3, 0.0886293811965, -0.0886293811965, 1
2.326, 0.008404604, 0.000613945, 2.3, 0.0886293811965, -0.0886293811965, 1
2.327, 0.008408065, 0.000614207, 2.3, 0.0886293811965, -0.0886293811965, 1
2.328, 0.008411726, 0.000614476, 2.3, 0.0886293811965, -0.0886293811965, 1
2.329, 0.008415256, 0.000614736, 2.3, 0.0886293811965, -0.0886293811965, 1
2.33, 0.008418906, 0.000614985, 2.3, 0.0886293811965, -0.0886293811965, 1
2.331, 0.008422436, 0.000615244, 2.3, 0.0886293811965, -0.0886293811965, 1
2.332, 0.008425855, 0.000615513, 2.3, 0.0886293811965, -0.0886293811965, 1
2.333, 0.008429344, 0.000615785, 2.3, 0.0886293811965, -0.0886293811965, 1
2.334, 0.008432894, 0.000616046, 2.3, 0.0886293811965, -0.0886293811965, 1
2.335, 0.008436324, 0.000616316, 2.3, 0.0886293811965, -0.0886293811965, 1
2.336, 0.008439784, 0.000616586, 2.3, 0.0886293811965, -0.0886293811965, 1
2.337, 0.008443313, 0.000616845, 2.3, 0.0886293811965, -0.0886293811965, 1
2.338, 0.008446773, 0.000617105, 2.3, 0.0886293811965, -0.0886293811965, 1
2.339, 0.008450303, 0.000617365, 2.3, 0.0886293811965, -0.0886293811965, 1
2.34, 0.008453793, 0.000617625, 2.3, 0.0886293811965, -0.0886293811965, 1
2.341, 0.008457393, 0.000617885, 2.3, 0.0886293811965, -0.0886293811965, 1
2.342, 0.008460963, 0.000618143, 2.3, 0.0886293811965, -0.0886293811965, 1
2.343, 0.008464543, 0.000618393, 2.3, 0.0886293811965, -0.0886293811965, 1
2.344, 0.008468034, 0.000618651, 2.3, 0.0886293811965, -0.0886293811965, 1
2.345, 0.008471634, 0.00061891, 2.3, 0.0886293811965, -0.0886293811965, 1
2.346, 0.008475165, 0.00061917, 2.3, 0.0886293811965, -0.0886293811965, 1
2.347, 0.008478696, 0.00061943, 2.3, 0.0886293811965, -0.0886293811965, 1
2.348, 0.008482147, 0.00061969, 2.3, 0.0886293811965, -0.0886293811965, 1
2.349, 0.008485777, 0.000619958, 2.3, 0.0886293811965, -0.0886293811965, 1
2.35, 0.008489327, 0.000620218, 2.3, 0.0886293811965, -0.0886293811965, 1
2.351, 0.008492937, 0.000620479, 2.3, 0.0886293811965, -0.0886293811965, 1
2.352, 0.008496397, 0.000620729, 2.3, 0.0886293811965, -0.0886293811965, 1
2.353, 0.008500027, 0.00062098, 2.3, 0.0886293811965, -0.0886293811965, 1
2.354, 0.008503576, 0.00062124, 2.3, 0.0886293811965, -0.0886293811965, 1
2.355, 0.008507026, 0.000621491, 2.3, 0.0886293811965, -0.0886293811965, 1
2.356, 0.008510536, 0.000621751, 2.3, 0.0886293811965, -0.0886293811965, 1
2.357, 0.008514006, 0.000622021, 2.3, 0.0886293811965, -0.0886293811965, 1
2.358, 0.008517626, 0.000622271, 2.3, 0.0886293811965, -0.0886293811965, 1
2.359, 0.008521056, 0.000622531, 2.3, 0.0886293811965, -0.0886293811965, 1
2.36, 0.008524616, 0.000622791, 2.3, 0.0886293811965, -0.0886293811965, 1
2.361, 0.008528086, 0.000623051, 2.3, 0.0886293811965, -0.0886293811965, 1
2.362, 0.008531636, 0.000623311, 2.3, 0.0886293811965, -0.0886293811965, 1
2.363, 0.008535086, 0.000623571, 2.3, 0.0886293811965, -0.0886293811965, 1
2.364, 0.008538626, 0.000623831, 2.3, 0.0886293811965, -0.0886293811965, 1
2.365, 0.008542156, 0.000624092, 2.3, 0.0886293811965, -0.0886293811965, 1
2.366, 0.008545577, 0.000624342, 2.3, 0.0886293811965, -0.0886293811965, 1
2.367, 0.008549047, 0.000624611, 2.3, 0.0886293811965, -0.0886293811965, 1
2.368, 0.008552577, 0.000624871, 2.3, 0.0886293811965, -0.0886293811965, 1
2.369, 0.008555998, 0.000625123, 2.3, 0.0886293811965, -0.0886293811965, 1
2.37, 0.008561867, 0.000625373, 2.3, 0.0886293811965, -0.0886293811965, 1
2.371, 0.008565477, 0.000625644, 2.3, 0.0886293811965, -0.0886293811965, 1
2.372, 0.008568998, 0.000625913, 2.3, 0.0886293811965, -0.0886293811965, 1
2.373, 0.008572428, 0.000626161, 2.3, 0.0886293811965, -0.0886293811965, 1
2.374, 0.008575959, 0.000626432, 2.3, 0.0886293811965, -0.0886293811965, 1
2.375, 0.00857938, 0.000626702, 2.3, 0.0886293811965, -0.0886293811965, 1
2.376, 0.00858284, 0.000626971, 2.3, 0.0886293811965, -0.0886293811965, 1
2.377, 0.00858643, 0.000627231, 2.3, 0.0886293811965, -0.0886293811965, 1
2.378, 0.00858986, 0.000627501, 2.3, 0.0886293811965, -0.0886293811965, 1
2.379, 0.00859342, 0.000627761, 2.3, 0.0886293811965, -0.0886293811965, 1
2.38, 0.00859696, 0.000628011, 2.3, 0.0886293811965, -0.0886293811965, 1
2.381, 0.00860054, 0.000628271, 2.3, 0.0886293811965, -0.0886293811965, 1
2.382, 0.00860416, 0.000628521, 2.3, 0.0886293811965, -0.0886293811965, 1
2.383, 0.0086076, 0.000628781, 2.3, 0.0886293811965, -0.0886293811965, 1
2.384, 0.00861116, 0.000629051, 2.3, 0.0886293811965, -0.0886293811965, 1
2.385, 0.00861469, 0.000629311, 2.3, 0.0886293811965, -0.0886293811965, 1
2.386, 0.00861828, 0.000629561, 2.3, 0.0886293811965, -0.0886293811965, 1
2.387, 0.008621791, 0.000629823, 2.3, 0.0886293811965, -0.0886293811965, 1
2.388, 0.00862524, 0.000630084, 2.3, 0.0886293811965, -0.0886293811965, 1
2.389, 0.00862876, 0.000630355, 2.3, 0.0886293811965, -0.0886293811965, 1
2.39, 0.008632219, 0.000630623, 2.3, 0.0886293811965, -0.0886293811965, 1
2.391, 0.008635788, 0.000630893, 2.3, 0.0886293811965, -0.0886293811965, 1
2.392, 0.008639327, 0.000631155, 2.3, 0.0886293811965, -0.0886293811965, 1
2.393, 0.008642828, 0.000631426, 2.3, 0.0886293811965, -0.0886293811965, 1
2.394, 0.008646448, 0.000631684, 2.3, 0.0886293811965, -0.0886293811965, 1
2.395, 0.008649888, 0.000631943, 2.3, 0.0886293811965, -0.0886293811965, 1
2.396, 0.008653458, 0.000632202, 2.3, 0.0886293811965, -0.0886293811965, 1
2.397, 0.008656958, 0.000632464, 2.3, 0.0886293811965, -0.0886293811965, 1
2.398, 0.008660609, 0.000632724, 2.3, 0.0886293811965, -0.0886293811965, 1
2.399, 0.008664089, 0.000632994, 2.3, 0.0886293811965, -0.0886293811965, 1
2.4, 0.008667839, 0.000633374, 2.4, 0.0797664430769, -0.0797664430769, 1
2.401, 0.008671449, 0.000633624, 2.4, 0.0797664430769, -0.0797664430769, 1
2.402, 0.008675079, 0.000633884, 2.4, 0.0797664430769, -0.0797664430769, 1
2.403, 0.008678509, 0.000634134, 2.4, 0.0797664430769, -0.0797664430769, 1
2.404, 0.008682189, 0.000634394, 2.4, 0.0797664430769, -0.0797664430769, 1
2.405, 0.008685699, 0.000634664, 2.4, 0.0797664430769, -0.0797664430769, 1
2.406, 0.008689329, 0.000634926, 2.4, 0.0797664430769, -0.0797664430769, 1
2.407, 0.008692839, 0.000635184, 2.4, 0.0797664430769, -0.0797664430769, 1
2.408, 0.00869639, 0.000635445, 2.4, 0.0797664430769, -0.0797664430769, 1
2.409, 0.00869991, 0.000635716, 2.4, 0.0797664430769, -0.0797664430769, 1
2.41, 0.00870348, 0.000635987, 2.4, 0.0797664430769, -0.0797664430769, 1
2.411, 0.00870705, 0.000636239, 2.4, 0.0797664430769, -0.0797664430769, 1
2.412, 0.00871049, 0.000636499, 2.4, 0.0797664430769, -0.0797664430769, 1
2.413, 0.008714071, 0.000636782, 2.4, 0.0797664430769, -0.0797664430769, 1
2.414, 0.008717612, 0.00063703, 2.4, 0.0797664430769, -0.0797664430769, 1
2.415, 0.008721151, 0.000637279, 2.4, 0.0797664430769, -0.0797664430769, 1
2.416, 0.008724591, 0.000637528, 2.4, 0.0797664430769, -0.0797664430769, 1
2.417, 0.008728151, 0.000637787, 2.4, 0.0797664430769, -0.0797664430769, 1
2.418, 0.00873172, 0.000638047, 2.4, 0.0797664430769, -0.0797664430769, 1
2.419, 0.00873532, 0.000638308, 2.4, 0.0797664430769, -0.0797664430769, 1
2.42, 0.00873879, 0.000638558, 2.4, 0.0797664430769, -0.0797664430769, 1
2.421, 0.00874257, 0.000638818, 2.4, 0.0797664430769, -0.0797664430769, 1
2.422, 0.008746, 0.000639088, 2.4, 0.0797664430769, -0.0797664430769, 1
2.423, 0.00874974, 0.000639338, 2.4, 0.0797664430769, -0.0797664430769, 1
2.424, 0.00875327, 0.000639588, 2.4, 0.0797664430769, -0.0797664430769, 1
2.425, 0.00875948, 0.000639858, 2.4, 0.0797664430769, -0.0797664430769, 1
2.426, 0.00876301, 0.000640128, 2.4, 0.0797664430769, -0.0797664430769, 1
2.427, 0.00876663, 0.0006404, 2.4, 0.0797664430769, -0.0797664430769, 1
2.428, 0.008770251, 0.000640671, 2.4, 0.0797664430769, -0.0797664430769, 1
2.429, 0.008773831, 0.000640939, 2.4, 0.0797664430769, -0.0797664430769, 1
2.43, 0.008777342, 0.00064121, 2.4, 0.0797664430769, -0.0797664430769, 1
2.431, 0.008780913, 0.00064147, 2.4, 0.0797664430769, -0.0797664430769, 1
2.432, 0.008784484, 0.000641721, 2.4, 0.0797664430769, -0.0797664430769, 1
2.433, 0.008788124, 0.00064199, 2.4, 0.0797664430769, -0.0797664430769, 1
2.434, 0.008791814, 0.000642251, 2.4, 0.0797664430769, -0.0797664430769, 1
2.435, 0.008795325, 0.000642511, 2.4, 0.0797664430769, -0.0797664430769, 1
2.436, 0.008798875, 0.000642759, 2.4, 0.0797664430769, -0.0797664430769, 1
2.437, 0.008802375, 0.00064301, 2.4, 0.0797664430769, -0.0797664430769, 1
2.438, 0.008806095, 0.00064326, 2.4, 0.0797664430769, -0.0797664430769, 1
2.439, 0.008810015, 0.000643508, 2.4, 0.0797664430769, -0.0797664430769, 1
2.44, 0.008813435, 0.000643768, 2.4, 0.0797664430769, -0.0797664430769, 1
2.441, 0.008817035, 0.000644028, 2.4, 0.0797664430769, -0.0797664430769, 1
2.442, 0.008820455, 0.000644298, 2.4, 0.0797664430769, -0.0797664430769, 1
2.443, 0.008823965, 0.000644558, 2.4, 0.0797664430769, -0.0797664430769, 1
2.444, 0.008827415, 0.000644818, 2.4, 0.0797664430769, -0.0797664430769, 1
2.445, 0.008830895, 0.000645068, 2.4, 0.0797664430769, -0.0797664430769, 1
2.446, 0.008834455, 0.000645318, 2.4, 0.0797664430769, -0.0797664430769, 1
2.447, 0.008838045, 0.000645588, 2.4, 0.0797664430769, -0.0797664430769, 1
2.448, 0.008841635, 0.00064586, 2.4, 0.0797664430769, -0.0797664430769, 1
2.449, 0.008845205, 0.000646113, 2.4, 0.0797664430769, -0.0797664430769, 1
2.45, 0.008848795, 0.000646362, 2.4, 0.0797664430769, -0.0797664430769, 1
2.451, 0.008852365, 0.000646623, 2.4, 0.0797664430769, -0.0797664430769, 1
2.452, 0.008856006, 0.000646893, 2.4, 0.0797664430769, -0.0797664430769, 1
2.453, 0.008859456, 0.000647151, 2.4, 0.0797664430769, -0.0797664430769, 1
2.454, 0.008862985, 0.000647409, 2.4, 0.0797664430769, -0.0797664430769, 1
2.455, 0.008866415, 0.00064767, 2.4, 0.0797664430769, -0.0797664430769, 1
2.456, 0.008869965, 0.000647927, 2.4, 0.0797664430769, -0.0797664430769, 1
2.457, 0.008873384, 0.000648198, 2.4, 0.0797664430769, -0.0797664430769, 1
2.458, 0.008876873, 0.000648469, 2.4, 0.0797664430769, -0.0797664430769, 1
2.459, 0.008880333, 0.000648751, 2.4, 0.0797664430769, -0.0797664430769, 1
2.46, 0.008883873, 0.00064901, 2.4, 0.0797664430769, -0.0797664430769, 1
2.461, 0.008887333, 0.000649269, 2.4, 0.0797664430769, -0.0797664430769, 1
2.462, 0.008890913, 0.000649529, 2.4, 0.0797664430769, -0.0797664430769, 1
2.463, 0.008894443, 0.000649799, 2.4, 0.0797664430769, -0.0797664430769, 1
2.464, 0.008897913, 0.000650059, 2.4, 0.0797664430769, -0.0797664430769, 1
2.465, 0.008901453, 0.000650319, 2.4, 0.0797664430769, -0.0797664430769, 1
2.466, 0.008904863, 0.000650579, 2.4, 0.0797664430769, -0.0797664430769, 1
2.467, 0.008908483, 0.000650829, 2.4, 0.0797664430769, -0.0797664430769, 1
2.468, 0.008912003, 0.000651079, 2.4, 0.0797664430769, -0.0797664430769, 1
2.469, 0.008915553, 0.000651329, 2.4, 0.0797664430769, -0.0797664430769, 1
2.47, 0.008918973, 0.000651576, 2.4, 0.0797664430769, -0.0797664430769, 1
2.471, 0.008922553, 0.000651826, 2.4, 0.0797664430769, -0.0797664430769, 1
2.472, 0.008926023, 0.000652075, 2.4, 0.0797664430769, -0.0797664430769, 1
2.473, 0.008929513, 0.000652335, 2.4, 0.0797664430769, -0.0797664430769, 1
2.474, 0.008933024, 0.000652596, 2.4, 0.0797664430769, -0.0797664430769, 1
2.475, 0.008936533, 0.000652856, 2.4, 0.0797664430769, -0.0797664430769, 1
2.476, 0.008940074, 0.000653116, 2.4, 0.0797664430769, -0.0797664430769, 1
2.477, 0.008943583, 0.000653375, 2.4, 0.0797664430769, -0.0797664430769, 1
2.478, 0.008947004, 0.000653628, 2.4, 0.0797664430769, -0.0797664430769, 1
2.479, 0.008950664, 0.000653886, 2.4, 0.0797664430769, -0.0797664430769, 1
2.48, 0.008956554, 0.000654154, 2.4, 0.0797664430769, -0.0797664430769, 1
2.481, 0.008960213, 0.000654413, 2.4, 0.0797664430769, -0.0797664430769, 1
2.482, 0.008963624, 0.000654673, 2.4, 0.0797664430769, -0.0797664430769, 1
2.483, 0.008967134, 0.000654943, 2.4, 0.0797664430769, -0.0797664430769, 1
2.484, 0.008970614, 0.000655213, 2.4, 0.0797664430769, -0.0797664430769, 1
2.485, 0.008974244, 0.000655473, 2.4, 0.0797664430769, -0.0797664430769, 1
2.486, 0.008977674, 0.000655733, 2.4, 0.0797664430769, -0.0797664430769, 1
2.487, 0.008981314, 0.000656003, 2.4, 0.0797664430769, -0.0797664430769, 1
2.488, 0.008984834, 0.000656263, 2.4, 0.0797664430769, -0.0797664430769, 1
2.489, 0.008988374, 0.000656523, 2.4, 0.0797664430769, -0.0797664430769, 1
2.49, 0.008991834, 0.000656773, 2.4, 0.0797664430769, -0.0797664430769, 1
2.491, 0.008995493, 0.000657033, 2.4, 0.0797664430769, -0.0797664430769, 1
2.492, 0.008998964, 0.000657294, 2.4, 0.0797664430769, -0.0797664430769, 1
2.493, 0.009002413, 0.000657565, 2.4, 0.0797664430769, -0.0797664430769, 1
2.494, 0.009005922, 0.000657837, 2.4, 0.0797664430769, -0.0797664430769, 1
2.495, 0.009009343, 0.000658109, 2.4, 0.0797664430769, -0.0797664430769, 1
2.496, 0.009012844, 0.000658377, 2.4, 0.0797664430769, -0.0797664430769, 1
2.497, 0.009016354, 0.000658628, 2.4, 0.0797664430769, -0.0797664430769, 1
2.498, 0.009020045, 0.000658878, 2.4, 0.0797664430769, -0.0797664430769, 1
2.499, 0.009023506, 0.00065914, 2.4, 0.0797664430769, -0.0797664430769, 1
2.5, 0.009027186, 0.000659541, 2.5, 0.0717897987692, -0.0717897987692, 1
2.501, 0.009030797, 0.000659812, 2.5, 0.0717897987692, -0.0717897987692, 1
2.502, 0.009034357, 0.000660073, 2.5, 0.0717897987692, -0.0717897987692, 1
2.503, 0.009037817, 0.000660334, 2.5, 0.0717897987692, -0.0717897987692, 1
2.504, 0.009041367, 0.000660584, 2.5, 0.0717897987692, -0.0717897987692, 1
2.505, 0.009044967, 0.000660854, 2.5, 0.0717897987692, -0.0717897987692, 1
2.506, 0.009048847, 0.000661214, 2.5, 0.0717897987692, -0.0717897987692, 1
2.507, 0.009052677, 0.000661564, 2.5, 0.0717897987692, -0.0717897987692, 1
2.508, 0.009056267, 0.000661824, 2.5, 0.0717897987692, -0.0717897987692, 1
2.509, 0.009059747, 0.000662084, 2.5, 0.0717897987692, -0.0717897987692, 1
2.51, 0.009063337, 0.000662334, 2.5, 0.0717897987692, -0.0717897987692, 1
2.511, 0.009066807, 0.000662584, 2.5, 0.0717897987692, -0.0717897987692, 1
2.512, 0.009070507, 0.000662845, 2.5, 0.0717897987692, -0.0717897987692, 1
2.513, 0.009074118, 0.000663104, 2.5, 0.0717897987692, -0.0717897987692, 1
2.514, 0.009077778, 0.000663364, 2.5, 0.0717897987692, -0.0717897987692, 1
2.515, 0.009081207, 0.000663604, 2.5, 0.0717897987692, -0.0717897987692, 1
2.516, 0.009084697, 0.000663865, 2.5, 0.0717897987692, -0.0717897987692, 1
2.517, 0.009088158, 0.000664137, 2.5, 0.0717897987692, -0.0717897987692, 1
2.518, 0.009091849, 0.000664389, 2.5, 0.0717897987692, -0.0717897987692, 1
2.519, 0.009095358, 0.000664628, 2.5, 0.0717897987692, -0.0717897987692, 1
2.52, 0.009098899, 0.000664881, 2.5, 0.0717897987692, -0.0717897987692, 1
2.521, 0.009102448, 0.00066514, 2.5, 0.0717897987692, -0.0717897987692, 1
2.522, 0.009105968, 0.000665409, 2.5, 0.0717897987692, -0.0717897987692, 1
2.523, 0.009109507, 0.000665669, 2.5, 0.0717897987692, -0.0717897987692, 1
2.524, 0.009113047, 0.000665941, 2.5, 0.0717897987692, -0.0717897987692, 1
2.525, 0.009116638, 0.000666231, 2.5, 0.0717897987692, -0.0717897987692, 1
2.526, 0.009120078, 0.000666501, 2.5, 0.0717897987692, -0.0717897987692, 1
2.527, 0.009123598, 0.000666761, 2.5, 0.0717897987692, -0.0717897987692, 1
2.528, 0.009127018, 0.000667021, 2.5, 0.0717897987692, -0.0717897987692, 1
2.529, 0.009130558, 0.000667281, 2.5, 0.0717897987692, -0.0717897987692, 1
2.53, 0.009133938, 0.000667551, 2.5, 0.0717897987692, -0.0717897987692, 1
2.531, 0.009137558, 0.000667811, 2.5, 0.0717897987692, -0.0717897987692, 1
2.532, 0.009140978, 0.000668081, 2.5, 0.0717897987692, -0.0717897987692, 1
2.533, 0.009144518, 0.000668341, 2.5, 0.0717897987692, -0.0717897987692, 1
2.534, 0.009147908, 0.000668579, 2.5, 0.0717897987692, -0.0717897987692, 1
2.535, 0.009153899, 0.000668828, 2.5, 0.0717897987692, -0.0717897987692, 1
2.536, 0.009157399, 0.000669087, 2.5, 0.0717897987692, -0.0717897987692, 1
2.537, 0.009161018, 0.000669345, 2.5, 0.0717897987692, -0.0717897987692, 1
2.538, 0.009164426, 0.000669605, 2.5, 0.0717897987692, -0.0717897987692, 1
2.539, 0.009167936, 0.000669866, 2.5, 0.0717897987692, -0.0717897987692, 1
2.54, 0.009171486, 0.000670134, 2.5, 0.0717897987692, -0.0717897987692, 1
2.541, 0.009175036, 0.000670406, 2.5, 0.0717897987692, -0.0717897987692, 1
2.542, 0.009178497, 0.000670677, 2.5, 0.0717897987692, -0.0717897987692, 1
2.543, 0.009182017, 0.000670935, 2.5, 0.0717897987692, -0.0717897987692, 1
2.544, 0.009185608, 0.000671195, 2.5, 0.0717897987692, -0.0717897987692, 1
2.545, 0.009189158, 0.000671457, 2.5, 0.0717897987692, -0.0717897987692, 1
2.546, 0.009192718, 0.000671717, 2.5, 0.0717897987692, -0.0717897987692, 1
2.547, 0.009196138, 0.000671977, 2.5, 0.0717897987692, -0.0717897987692, 1
2.548, 0.009199728, 0.000672227, 2.5, 0.0717897987692, -0.0717897987692, 1
2.549, 0.009203248, 0.000672497, 2.5, 0.0717897987692, -0.0717897987692, 1
2.55, 0.009206748, 0.000672767, 2.5, 0.0717897987692, -0.0717897987692, 1
2.551, 0.009210258, 0.000673027, 2.5, 0.0717897987692, -0.0717897987692, 1
2.552, 0.009213848, 0.000673297, 2.5, 0.0717897987692, -0.0717897987692, 1
2.553, 0.009217278, 0.000673557, 2.5, 0.0717897987692, -0.0717897987692, 1
2.554, 0.009220788, 0.000673815, 2.5, 0.0717897987692, -0.0717897987692, 1
2.555, 0.009224248, 0.000674065, 2.5, 0.0717897987692, -0.0717897987692, 1
2.556, 0.009227899, 0.000674314, 2.5, 0.0717897987692, -0.0717897987692, 1
2.557, 0.009231318, 0.000674574, 2.5, 0.0717897987692, -0.0717897987692, 1
2.558, 0.009234839, 0.000674835, 2.5, 0.0717897987692, -0.0717897987692, 1
2.559, 0.009238359, 0.000675084, 2.5, 0.0717897987692, -0.0717897987692, 1
2.56, 0.009241959, 0.000675343, 2.5, 0.0717897987692, -0.0717897987692, 1
2.561, 0.009245439, 0.000675603, 2.5, 0.0717897987692, -0.0717897987692, 1
2.562, 0.009248948, 0.000675873, 2.5, 0.0717897987692, -0.0717897987692, 1
2.563, 0.009252379, 0.000676134, 2.5, 0.0717897987692, -0.0717897987692, 1
2.564, 0.009255829, 0.000676394, 2.5, 0.0717897987692, -0.0717897987692, 1
2.565, 0.009259289, 0.000676663, 2.5, 0.0717897987692, -0.0717897987692, 1
2.566, 0.009262699, 0.000676921, 2.5, 0.0717897987692, -0.0717897987692, 1
2.567, 0.009266229, 0.00067718, 2.5, 0.0717897987692, -0.0717897987692, 1
2.568, 0.009269689, 0.00067743, 2.5, 0.0717897987692, -0.0717897987692, 1
2.569, 0.009273259, 0.00067769, 2.5, 0.0717897987692, -0.0717897987692, 1
2.57, 0.009276729, 0.00067794, 2.5, 0.0717897987692, -0.0717897987692, 1
2.571, 0.009280299, 0.00067818, 2.5, 0.0717897987692, -0.0717897987692, 1
2.572, 0.009283779, 0.00067844, 2.5, 0.0717897987692, -0.0717897987692, 1
2.573, 0.009287329, 0.00067871, 2.5, 0.0717897987692, -0.0717897987692, 1
2.574, 0.009290879, 0.00067896, 2.5, 0.0717897987692, -0.0717897987692, 1
2.575, 0.009294399, 0.00067921, 2.5, 0.0717897987692, -0.0717897987692, 1
2.576, 0.00929798, 0.000679461, 2.5, 0.0717897987692, -0.0717897987692, 1
2.577, 0.009301599, 0.000679712, 2.5, 0.0717897987692, -0.0717897987692, 1
2.578, 0.00930506, 0.000679963, 2.5, 0.0717897987692, -0.0717897987692, 1
2.579, 0.009308671, 0.000680223, 2.5, 0.0717897987692, -0.0717897987692, 1
2.58, 0.009312121, 0.000680492, 2.5, 0.0717897987692, -0.0717897987692, 1
2.581, 0.00931563, 0.000680741, 2.5, 0.0717897987692, -0.0717897987692, 1
2.582, 0.009319181, 0.000681022, 2.5, 0.0717897987692, -0.0717897987692, 1
2.583, 0.009322591, 0.000681281, 2.5, 0.0717897987692, -0.0717897987692, 1
2.584, 0.009326201, 0.00068154, 2.5, 0.0717897987692, -0.0717897987692, 1
2.585, 0.009329661, 0.000681798, 2.5, 0.0717897987692, -0.0717897987692, 1
2.586, 0.009333231, 0.000682047, 2.5, 0.0717897987692, -0.0717897987692, 1
2.587, 0.009336791, 0.000682308, 2.5, 0.0717897987692, -0.0717897987692, 1
2.588, 0.009340351, 0.000682569, 2.5, 0.0717897987692, -0.0717897987692, 1
2.589, 0.009347551, 0.000682839, 2.5, 0.0717897987692, -0.0717897987692, 1
2.59, 0.009350951, 0.000683099, 2.5, 0.0717897987692, -0.0717897987692, 1
2.591, 0.009354491, 0.000683349, 2.5, 0.0717897987692, -0.0717897987692, 1
2.592, 0.009357971, 0.000683609, 2.5, 0.0717897987692, -0.0717897987692, 1
2.593, 0.009361511, 0.000683859, 2.5, 0.0717897987692, -0.0717897987692, 1
2.594, 0.009365061, 0.000684129, 2.5, 0.0717897987692, -0.0717897987692, 1
2.595, 0.009368691, 0.000684389, 2.5, 0.0717897987692, -0.0717897987692, 1
2.596, 0.009372131, 0.00068466, 2.5, 0.0717897987692, -0.0717897987692, 1
2.597, 0.00937579, 0.00068492, 2.5, 0.0717897987692, -0.0717897987692, 1
2.598, 0.009379291, 0.00068518, 2.5, 0.0717897987692, -0.0717897987692, 1
2.599, 0.009382811, 0.000685429, 2.5, 0.0717897987692, -0.0717897987692, 1
2.6, 0.009386422, 0.00068581, 2.6, 0.0646108188923, -0.0646108188923, 1
2.601, 0.009390102, 0.000686079, 2.6, 0.0646108188923, -0.0646108188923, 1
2.602, 0.009393603, 0.00068634, 2.6, 0.0646108188923, -0.0646108188923, 1
2.603, 0.009397163, 0.00068661, 2.6, 0.0646108188923, -0.0646108188923, 1
2.604, 0.009400654, 0.000686869, 2.6, 0.0646108188923, -0.0646108188923, 1
2.605, 0.009404005, 0.000687129, 2.6, 0.0646108188923, -0.0646108188923, 1
2.606, 0.009407535, 0.000687397, 2.6, 0.0646108188923, -0.0646108188923, 1
2.607, 0.009410975, 0.000687668, 2.6, 0.0646108188923, -0.0646108188923, 1
2.608, 0.009414495, 0.000687936, 2.6, 0.0646108188923, -0.0646108188923, 1
2.609, 0.009417936, 0.000688196, 2.6, 0.0646108188923, -0.0646108188923, 1
2.61, 0.009421586, 0.000688456, 2.6, 0.0646108188923, -0.0646108188923, 1
2.611, 0.009425136, 0.000688726, 2.6, 0.0646108188923, -0.0646108188923, 1
2.612, 0.009428716, 0.000688986, 2.6, 0.0646108188923, -0.0646108188923, 1
2.613, 0.009432136, 0.000689236, 2.6, 0.0646108188923, -0.0646108188923, 1
2.614, 0.009435616, 0.000689496, 2.6, 0.0646108188923, -0.0646108188923, 1
2.615, 0.009439056, 0.000689766, 2.6, 0.0646108188923, -0.0646108188923, 1
2.616, 0.009442646, 0.000690016, 2.6, 0.0646108188923, -0.0646108188923, 1
2.617, 0.009446066, 0.000690266, 2.6, 0.0646108188923, -0.0646108188923, 1
2.618, 0.009449556, 0.000690527, 2.6, 0.0646108188923, -0.0646108188923, 1
2.619, 0.009453086, 0.000690797, 2.6, 0.0646108188923, -0.0646108188923, 1
2.62, 0.009456627, 0.000691068, 2.6, 0.0646108188923, -0.0646108188923, 1
2.621, 0.009460167, 0.000691338, 2.6, 0.0646108188923, -0.0646108188923, 1
2.622, 0.009463617, 0.000691597, 2.6, 0.0646108188923, -0.0646108188923, 1
2.623, 0.009467206, 0.000691857, 2.6, 0.0646108188923, -0.0646108188923, 1
2.624, 0.009470646, 0.000692108, 2.6, 0.0646108188923, -0.0646108188923, 1
2.625, 0.009474196, 0.000692357, 2.6, 0.0646108188923, -0.0646108188923, 1
2.626, 0.009477747, 0.000692619, 2.6, 0.0646108188923, -0.0646108188923, 1
2.627, 0.009481267, 0.000692877, 2.6, 0.0646108188923, -0.0646108188923, 1
2.628, 0.009484818, 0.000693137, 2.6, 0.0646108188923, -0.0646108188923, 1
2.629, 0.009488388, 0.000693407, 2.6, 0.0646108188923, -0.0646108188923, 1
2.63, 0.009491948, 0.000693678, 2.6, 0.0646108188923, -0.0646108188923, 1
2.631, 0.009495458, 0.000693947, 2.6, 0.0646108188923, -0.0646108188923, 1
2.632, 0.009498918, 0.000694207, 2.6, 0.0646108188923, -0.0646108188923, 1
2.633, 0.009502438, 0.000694467, 2.6, 0.0646108188923, -0.0646108188923, 1
2.634, 0.009505848, 0.000694727, 2.6, 0.0646108188923, -0.0646108188923, 1
2.635, 0.009509388, 0.000694987, 2.6, 0.0646108188923, -0.0646108188923, 1
2.636, 0.009512808, 0.000695247, 2.6, 0.0646108188923, -0.0646108188923, 1
2.637, 0.009516268, 0.000695497, 2.6, 0.0646108188923, -0.0646108188923, 1
2.638, 0.009519798, 0.000695757, 2.6, 0.0646108188923, -0.0646108188923, 1
2.639, 0.009523318, 0.000695997, 2.6, 0.0646108188923, -0.0646108188923, 1
2.64, 0.009526786, 0.000696269, 2.6, 0.0646108188923, -0.0646108188923, 1
2.641, 0.009530236, 0.000696521, 2.6, 0.0646108188923, -0.0646108188923, 1
2.642, 0.009533786, 0.00069677, 2.6, 0.0646108188923, -0.0646108188923, 1
2.643, 0.009537257, 0.000697029, 2.6, 0.0646108188923, -0.0646108188923, 1
2.644, 0.009543087, 0.000697287, 2.6, 0.0646108188923, -0.0646108188923, 1
2.645, 0.009546696, 0.000697535, 2.6, 0.0646108188923, -0.0646108188923, 1
2.646, 0.009550225, 0.000697783, 2.6, 0.0646108188923, -0.0646108188923, 1
2.647, 0.009553855, 0.000698043, 2.6, 0.0646108188923, -0.0646108188923, 1
2.648, 0.009557406, 0.000698292, 2.6, 0.0646108188923, -0.0646108188923, 1
2.649, 0.009560886, 0.000698551, 2.6, 0.0646108188923, -0.0646108188923, 1
2.65, 0.009564306, 0.000698829, 2.6, 0.0646108188923, -0.0646108188923, 1
2.651, 0.009567816, 0.000699098, 2.6, 0.0646108188923, -0.0646108188923, 1
2.652, 0.009571367, 0.000699348, 2.6, 0.0646108188923, -0.0646108188923, 1
2.653, 0.009574777, 0.000699608, 2.6, 0.0646108188923, -0.0646108188923, 1
2.654, 0.009578397, 0.000699858, 2.6, 0.0646108188923, -0.0646108188923, 1
2.655, 0.009581797, 0.000700108, 2.6, 0.0646108188923, -0.0646108188923, 1
2.656, 0.009585607, 0.000700368, 2.6, 0.0646108188923, -0.0646108188923, 1
2.657, 0.009589007, 0.000700628, 2.6, 0.0646108188923, -0.0646108188923, 1
2.658, 0.009592597, 0.000700888, 2.6, 0.0646108188923, -0.0646108188923, 1
2.659, 0.009596087, 0.000701148, 2.6, 0.0646108188923, -0.0646108188923, 1
2.66, 0.009599597, 0.000701399, 2.6, 0.0646108188923, -0.0646108188923, 1
2.661, 0.009603087, 0.00070166, 2.6, 0.0646108188923, -0.0646108188923, 1
2.662, 0.009606628, 0.000701911, 2.6, 0.0646108188923, -0.0646108188923, 1
2.663, 0.009610028, 0.000702191, 2.6, 0.0646108188923, -0.0646108188923, 1
2.664, 0.009613638, 0.000702452, 2.6, 0.0646108188923, -0.0646108188923, 1
2.665, 0.009616968, 0.000702713, 2.6, 0.0646108188923, -0.0646108188923, 1
2.666, 0.009620629, 0.000702994, 2.6, 0.0646108188923, -0.0646108188923, 1
2.667, 0.009624178, 0.000703263, 2.6, 0.0646108188923, -0.0646108188923, 1
2.668, 0.009627858, 0.000703523, 2.6, 0.0646108188923, -0.0646108188923, 1
2.669, 0.009631368, 0.000703793, 2.6, 0.0646108188923, -0.0646108188923, 1
2.67, 0.009634909, 0.000704043, 2.6, 0.0646108188923, -0.0646108188923, 1
2.671, 0.009638419, 0.000704294, 2.6, 0.0646108188923, -0.0646108188923, 1
2.672, 0.009641909, 0.000704565, 2.6, 0.0646108188923, -0.0646108188923, 1
2.673, 0.009645409, 0.000704844, 2.6, 0.0646108188923, -0.0646108188923, 1
2.674, 0.009648899, 0.000705104, 2.6, 0.0646108188923, -0.0646108188923, 1
2.675, 0.009652509, 0.000705364, 2.6, 0.0646108188923, -0.0646108188923, 1
2.676, 0.009655929, 0.000705614, 2.6, 0.0646108188923, -0.0646108188923, 1
2.677, 0.009659439, 0.000705864, 2.6, 0.0646108188923, -0.0646108188923, 1
2.678, 0.009662929, 0.000706114, 2.6, 0.0646108188923, -0.0646108188923, 1
2.679, 0.009666439, 0.000706374, 2.6, 0.0646108188923, -0.0646108188923, 1
2.68, 0.009669929, 0.000706644, 2.6, 0.0646108188923, -0.0646108188923, 1
2.681, 0.009673529, 0.000706914, 2.6, 0.0646108188923, -0.0646108188923, 1
2.682, 0.00967699, 0.000707185, 2.6, 0.0646108188923, -0.0646108188923, 1
2.683, 0.009680561, 0.000707454, 2.6, 0.0646108188923, -0.0646108188923, 1
2.684, 0.009684012, 0.000707724, 2.6, 0.0646108188923, -0.0646108188923, 1
2.685, 0.009687602, 0.000707992, 2.6, 0.0646108188923, -0.0646108188923, 1
2.686, 0.009691172, 0.00070824, 2.6, 0.0646108188923, -0.0646108188923, 1
2.687, 0.009694922, 0.000708501, 2.6, 0.0646108188923, -0.0646108188923, 1
2.688, 0.009698383, 0.00070876, 2.6, 0.0646108188923, -0.0646108188923, 1
2.689, 0.009702063, 0.00070902, 2.6, 0.0646108188923, -0.0646108188923, 1
2.69, 0.009705614, 0.00070928, 2.6, 0.0646108188923, -0.0646108188923, 1
2.691, 0.009716034, 0.00070954, 2.6, 0.0646108188923, -0.0646108188923, 1
2.692, 0.009719665, 0.000709807, 2.6, 0.0646108188923, -0.0646108188923, 1
2.693, 0.009723125, 0.000710067, 2.6, 0.0646108188923, -0.0646108188923, 1
2.694, 0.009726565, 0.000710317, 2.6, 0.0646108188923, -0.0646108188923, 1
2.695, 0.009730035, 0.000710577, 2.6, 0.0646108188923, -0.0646108188923, 1
2.696, 0.009733565, 0.000710837, 2.6, 0.0646108188923, -0.0646108188923, 1
2.697, 0.009736985, 0.000711097, 2.6, 0.0646108188923, -0.0646108188923, 1
2.698, 0.009740525, 0.000711367, 2.6, 0.0646108188923, -0.0646108188923, 1
2.699, 0.009746355, 0.000711637, 2.6, 0.0646108188923, -0.0646108188923, 1
2.7, 0.009750385, 0.000712237, 2.7, 0.058149737003, -0.058149737003, 1
2.701, 0.009754065, 0.000712497, 2.7, 0.058149737003, -0.058149737003, 1
2.702, 0.009762274, 0.000717048, 2.7, 0.058149737003, -0.058149737003, 1
2.703, 0.009765823, 0.000717308, 2.7, 0.058149737003, -0.058149737003, 1
2.704, 0.009769364, 0.00071757, 2.7, 0.058149737003, -0.058149737003, 1
2.705, 0.009772884, 0.00071783, 2.7, 0.058149737003, -0.058149737003, 1
2.706, 0.009776374, 0.000718087, 2.7, 0.058149737003, -0.058149737003, 1
2.707, 0.009779854, 0.000718357, 2.7, 0.058149737003, -0.058149737003, 1
2.708, 0.009783434, 0.000718614, 2.7, 0.058149737003, -0.058149737003, 1
2.709, 0.009786893, 0.000718862, 2.7, 0.058149737003, -0.058149737003, 1
2.71, 0.009790344, 0.000719114, 2.7, 0.058149737003, -0.058149737003, 1
2.711, 0.009793804, 0.000719372, 2.7, 0.058149737003, -0.058149737003, 1
2.712, 0.009797274, 0.000719642, 2.7, 0.058149737003, -0.058149737003, 1
2.713, 0.009800804, 0.000719902, 2.7, 0.058149737003, -0.058149737003, 1
2.714, 0.009804234, 0.000720162, 2.7, 0.058149737003, -0.058149737003, 1
2.715, 0.009807814, 0.000720412, 2.7, 0.058149737003, -0.058149737003, 1
2.716, 0.009811364, 0.000720672, 2.7, 0.058149737003, -0.058149737003, 1
2.717, 0.009814914, 0.000720942, 2.7, 0.058149737003, -0.058149737003, 1
2.718, 0.009818404, 0.000721202, 2.7, 0.058149737003, -0.058149737003, 1
2.719, 0.009821924, 0.000721472, 2.7, 0.058149737003, -0.058149737003, 1
2.72, 0.009825394, 0.000721722, 2.7, 0.058149737003, -0.058149737003, 1
2.721, 0.009828994, 0.000721973, 2.7, 0.058149737003, -0.058149737003, 1
2.722, 0.009832554, 0.000722242, 2.7, 0.058149737003, -0.058149737003, 1
2.723, 0.009836114, 0.000722503, 2.7, 0.058149737003, -0.058149737003, 1
2.724, 0.009839664, 0.000722754, 2.7, 0.058149737003, -0.058149737003, 1
2.725, 0.009843194, 0.000723014, 2.7, 0.058149737003, -0.058149737003, 1
2.726, 0.009846624, 0.000723284, 2.7, 0.058149737003, -0.058149737003, 1
2.727, 0.009850165, 0.000723552, 2.7, 0.058149737003, -0.058149737003, 1
2.728, 0.009853725, 0.000723822, 2.7, 0.058149737003, -0.058149737003, 1
2.729, 0.009857156, 0.000724072, 2.7, 0.058149737003, -0.058149737003, 1
2.73, 0.009860626, 0.000724332, 2.7, 0.058149737003, -0.058149737003, 1
2.731, 0.009864097, 0.0007246, 2.7, 0.058149737003, -0.058149737003, 1
2.732, 0.009867707, 0.000724868, 2.7, 0.058149737003, -0.058149737003, 1
2.733, 0.009871337, 0.00072513, 2.7, 0.058149737003, -0.058149737003, 1
2.734, 0.009874937, 0.00072539, 2.7, 0.058149737003, -0.058149737003, 1
2.735, 0.009878547, 0.00072565, 2.7, 0.058149737003, -0.058149737003, 1
2.736, 0.009882137, 0.00072592, 2.7, 0.058149737003, -0.058149737003, 1
2.737, 0.009885577, 0.00072619, 2.7, 0.058149737003, -0.058149737003, 1
2.738, 0.009889096, 0.00072646, 2.7, 0.058149737003, -0.058149737003, 1
2.739, 0.009892606, 0.00072673, 2.7, 0.058149737003, -0.058149737003, 1
2.74, 0.009896236, 0.00072699, 2.7, 0.058149737003, -0.058149737003, 1
2.741, 0.009899756, 0.00072725, 2.7, 0.058149737003, -0.058149737003, 1
2.742, 0.009903336, 0.00072752, 2.7, 0.058149737003, -0.058149737003, 1
2.743, 0.009906797, 0.00072778, 2.7, 0.058149737003, -0.058149737003, 1
2.744, 0.009910346, 0.000728052, 2.7, 0.058149737003, -0.058149737003, 1
2.745, 0.009913807, 0.000728322, 2.7, 0.058149737003, -0.058149737003, 1
2.746, 0.009917487, 0.000728592, 2.7, 0.058149737003, -0.058149737003, 1
2.747, 0.009921007, 0.000728851, 2.7, 0.058149737003, -0.058149737003, 1
2.748, 0.009924506, 0.000729122, 2.7, 0.058149737003, -0.058149737003, 1
2.749, 0.009928106, 0.000729401, 2.7, 0.058149737003, -0.058149737003, 1
2.75, 0.009931616, 0.000729652, 2.7, 0.058149737003, -0.058149737003, 1
2.751, 0.009935197, 0.000729901, 2.7, 0.058149737003, -0.058149737003, 1
2.752, 0.009938616, 0.00073015, 2.7, 0.058149737003, -0.058149737003, 1
2.753, 0.009942225, 0.000730422, 2.7, 0.058149737003, -0.058149737003, 1
2.754, 0.009945634, 0.000730683, 2.7, 0.058149737003, -0.058149737003, 1
2.755, 0.009951455, 0.000730943, 2.7, 0.058149737003, -0.058149737003, 1
2.756, 0.009954995, 0.000731203, 2.7, 0.058149737003, -0.058149737003, 1
2.757, 0.009958515, 0.000731473, 2.7, 0.058149737003, -0.058149737003, 1
2.758, 0.009977765, 0.000731823, 2.7, 0.058149737003, -0.058149737003, 1
2.759, 0.009983614, 0.000732223, 2.7, 0.058149737003, -0.058149737003, 1
2.76, 0.009988984, 0.000732612, 2.7, 0.058149737003, -0.058149737003, 1
2.761, 0.009993084, 0.000733014, 2.7, 0.058149737003, -0.058149737003, 1
2.762, 0.009996524, 0.000733274, 2.7, 0.058149737003, -0.058149737003, 1
2.763, 0.009999964, 0.000733524, 2.7, 0.058149737003, -0.058149737003, 1
2.764, 0.010003454, 0.000733785, 2.7, 0.058149737003, -0.058149737003, 1
2.765, 0.010006944, 0.000734046, 2.7, 0.058149737003, -0.058149737003, 1
2.766, 0.010010474, 0.000734308, 2.7, 0.058149737003, -0.058149737003, 1
2.767, 0.010013864, 0.000734569, 2.7, 0.058149737003, -0.058149737003, 1
2.768, 0.010017314, 0.000734828, 2.7, 0.058149737003, -0.058149737003, 1
2.769, 0.010020754, 0.000735089, 2.7, 0.058149737003, -0.058149737003, 1
2.77, 0.010024144, 0.000735349, 2.7, 0.058149737003, -0.058149737003, 1
2.771, 0.010027594, 0.000735609, 2.7, 0.058149737003, -0.058149737003, 1
2.772, 0.010031054, 0.000735879, 2.7, 0.058149737003, -0.058149737003, 1
2.773, 0.010034494, 0.000736129, 2.7, 0.058149737003, -0.058149737003, 1
2.774, 0.010037894, 0.000736389, 2.7, 0.058149737003, -0.058149737003, 1
2.775, 0.010041324, 0.000736659, 2.7, 0.058149737003, -0.058149737003, 1
2.776, 0.010044764, 0.000736919, 2.7, 0.058149737003, -0.058149737003, 1
2.777, 0.010048134, 0.000737179, 2.7, 0.058149737003, -0.058149737003, 1
2.778, 0.010051534, 0.000737449, 2.7, 0.058149737003, -0.058149737003, 1
2.779, 0.010054965, 0.0007377, 2.7, 0.058149737003, -0.058149737003, 1
2.78, 0.010058405, 0.00073795, 2.7, 0.058149737003, -0.058149737003, 1
2.781, 0.010061896, 0.000738208, 2.7, 0.058149737003, -0.058149737003, 1
2.782, 0.010065316, 0.000738468, 2.7, 0.058149737003, -0.058149737003, 1
2.783, 0.010068756, 0.000738747, 2.7, 0.058149737003, -0.058149737003, 1
2.784, 0.010072167, 0.000739008, 2.7, 0.058149737003, -0.058149737003, 1
2.785, 0.010075588, 0.000739268, 2.7, 0.058149737003, -0.058149737003, 1
2.786, 0.010078958, 0.000739527, 2.7, 0.058149737003, -0.058149737003, 1
2.787, 0.010082408, 0.000739785, 2.7, 0.058149737003, -0.058149737003, 1
2.788, 0.010085808, 0.000740036, 2.7, 0.058149737003, -0.058149737003, 1
2.789, 0.010089197, 0.000740295, 2.7, 0.058149737003, -0.058149737003, 1
2.79, 0.010092597, 0.000740544, 2.7, 0.058149737003, -0.058149737003, 1
2.791, 0.010096027, 0.000740807, 2.7, 0.058149737003, -0.058149737003, 1
2.792, 0.010099416, 0.000741056, 2.7, 0.058149737003, -0.058149737003, 1
2.793, 0.010102807, 0.000741316, 2.7, 0.058149737003, -0.058149737003, 1
2.794, 0.010106217, 0.000741566, 2.7, 0.058149737003, -0.058149737003, 1
2.795, 0.010109727, 0.000741816, 2.7, 0.058149737003, -0.058149737003, 1
2.796, 0.010113247, 0.000742076, 2.7, 0.058149737003, -0.058149737003, 1
2.797, 0.010116647, 0.000742346, 2.7, 0.058149737003, -0.058149737003, 1
2.798, 0.010120057, 0.000742616, 2.7, 0.058149737003, -0.058149737003, 1
2.799, 0.010123437, 0.000742866, 2.7, 0.058149737003, -0.058149737003, 1
2.8, 0.010127277, 0.000743296, 2.8, 0.0523347633027, -0.0523347633027, 1
2.801, 0.010130777, 0.000743547, 2.8, 0.0523347633027, -0.0523347633027, 1
2.802, 0.010134198, 0.000743798, 2.8, 0.0523347633027, -0.0523347633027, 1
2.803, 0.010137988, 0.000744057, 2.8, 0.0523347633027, -0.0523347633027, 1
2.804, 0.010141708, 0.000744317, 2.8, 0.0523347633027, -0.0523347633027, 1
2.805, 0.010145238, 0.000744577, 2.8, 0.0523347633027, -0.0523347633027, 1
2.806, 0.010148669, 0.000744838, 2.8, 0.0523347633027, -0.0523347633027, 1
2.807, 0.010152128, 0.000745106, 2.8, 0.0523347633027, -0.0523347633027, 1
2.808, 0.010155568, 0.000745366, 2.8, 0.0523347633027, -0.0523347633027, 1
2.809, 0.010159067, 0.000745615, 2.8, 0.0523347633027, -0.0523347633027, 1
2.81, 0.010162498, 0.000745868, 2.8, 0.0523347633027, -0.0523347633027, 1
2.811, 0.010168798, 0.000746136, 2.8, 0.0523347633027, -0.0523347633027, 1
2.812, 0.010172298, 0.000746398, 2.8, 0.0523347633027, -0.0523347633027, 1
2.813, 0.010175779, 0.000746649, 2.8, 0.0523347633027, -0.0523347633027, 1
2.814, 0.010179219, 0.000746899, 2.8, 0.0523347633027, -0.0523347633027, 1
2.815, 0.010182659, 0.000747159, 2.8, 0.0523347633027, -0.0523347633027, 1
2.816, 0.010186109, 0.000747419, 2.8, 0.0523347633027, -0.0523347633027, 1
2.817, 0.010189519, 0.000747699, 2.8, 0.0523347633027, -0.0523347633027, 1
2.818, 0.010192949, 0.000747949, 2.8, 0.0523347633027, -0.0523347633027, 1
2.819, 0.010196399, 0.000748209, 2.8, 0.0523347633027, -0.0523347633027, 1
2.82, 0.010199869, 0.000748469, 2.8, 0.0523347633027, -0.0523347633027, 1
2.821, 0.010203349, 0.000748739, 2.8, 0.0523347633027, -0.0523347633027, 1
2.822, 0.010206799, 0.000748997, 2.8, 0.0523347633027, -0.0523347633027, 1
2.823, 0.010210529, 0.000749257, 2.8, 0.0523347633027, -0.0523347633027, 1
2.824, 0.010214309, 0.000749509, 2.8, 0.0523347633027, -0.0523347633027, 1
2.825, 0.01021784, 0.000749767, 2.8, 0.0523347633027, -0.0523347633027, 1
2.826, 0.010221331, 0.000750017, 2.8, 0.0523347633027, -0.0523347633027, 1
2.827, 0.01022479, 0.000750274, 2.8, 0.0523347633027, -0.0523347633027, 1
2.828, 0.010228239, 0.000750544, 2.8, 0.0523347633027, -0.0523347633027, 1
2.829, 0.010231669, 0.000750806, 2.8, 0.0523347633027, -0.0523347633027, 1
2.83, 0.010235088, 0.000751053, 2.8, 0.0523347633027, -0.0523347633027, 1
2.831, 0.010238608, 0.000751304, 2.8, 0.0523347633027, -0.0523347633027, 1
2.832, 0.010242028, 0.000751571, 2.8, 0.0523347633027, -0.0523347633027, 1
2.833, 0.010245438, 0.000751828, 2.8, 0.0523347633027, -0.0523347633027, 1
2.834, 0.010248856, 0.000752087, 2.8, 0.0523347633027, -0.0523347633027, 1
2.835, 0.010252336, 0.000752358, 2.8, 0.0523347633027, -0.0523347633027, 1
2.836, 0.010255766, 0.000752628, 2.8, 0.0523347633027, -0.0523347633027, 1
2.837, 0.010259176, 0.000752898, 2.8, 0.0523347633027, -0.0523347633027, 1
2.838, 0.010262586, 0.000753148, 2.8, 0.0523347633027, -0.0523347633027, 1
2.839, 0.010266146, 0.000753408, 2.8, 0.0523347633027, -0.0523347633027, 1
2.84, 0.010269566, 0.000753668, 2.8, 0.0523347633027, -0.0523347633027, 1
2.841, 0.010272996, 0.000753928, 2.8, 0.0523347633027, -0.0523347633027, 1
2.842, 0.010276396, 0.000754188, 2.8, 0.0523347633027, -0.0523347633027, 1
2.843, 0.010279806, 0.000754448, 2.8, 0.0523347633027, -0.0523347633027, 1
2.844, 0.010283216, 0.000754699, 2.8, 0.0523347633027, -0.0523347633027, 1
2.845, 0.010286656, 0.00075497, 2.8, 0.0523347633027, -0.0523347633027, 1
2.846, 0.010290096, 0.000755231, 2.8, 0.0523347633027, -0.0523347633027, 1
2.847, 0.010293506, 0.000755501, 2.8, 0.0523347633027, -0.0523347633027, 1
2.848, 0.010296956, 0.00075577, 2.8, 0.0523347633027, -0.0523347633027, 1
2.849, 0.010300387, 0.000756039, 2.8, 0.0523347633027, -0.0523347633027, 1
2.85, 0.010309566, 0.000756301, 2.8, 0.0523347633027, -0.0523347633027, 1
2.851, 0.010313077, 0.000756552, 2.8, 0.0523347633027, -0.0523347633027, 1
2.852, 0.010316506, 0.000756813, 2.8, 0.0523347633027, -0.0523347633027, 1
2.853, 0.010319966, 0.000757076, 2.8, 0.0523347633027, -0.0523347633027, 1
2.854, 0.010323376, 0.000757325, 2.8, 0.0523347633027, -0.0523347633027, 1
2.855, 0.010326795, 0.000757573, 2.8, 0.0523347633027, -0.0523347633027, 1
2.856, 0.010330206, 0.000757843, 2.8, 0.0523347633027, -0.0523347633027, 1
2.857, 0.010333616, 0.000758103, 2.8, 0.0523347633027, -0.0523347633027, 1
2.858, 0.010337056, 0.000758363, 2.8, 0.0523347633027, -0.0523347633027, 1
2.859, 0.010340486, 0.000758633, 2.8, 0.0523347633027, -0.0523347633027, 1
2.86, 0.010343906, 0.000758893, 2.8, 0.0523347633027, -0.0523347633027, 1
2.861, 0.010347346, 0.000759143, 2.8, 0.0523347633027, -0.0523347633027, 1
2.862, 0.010350766, 0.000759403, 2.8, 0.0523347633027, -0.0523347633027, 1
2.863, 0.010354206, 0.000759653, 2.8, 0.0523347633027, -0.0523347633027, 1
2.864, 0.010357616, 0.000759921, 2.8, 0.0523347633027, -0.0523347633027, 1
2.865, 0.010361106, 0.000760169, 2.8, 0.0523347633027, -0.0523347633027, 1
2.866, 0.010366886, 0.00076042, 2.8, 0.0523347633027, -0.0523347633027, 1
2.867, 0.010370406, 0.000760688, 2.8, 0.0523347633027, -0.0523347633027, 1
2.868, 0.010373887, 0.000760948, 2.8, 0.0523347633027, -0.0523347633027, 1
2.869, 0.010377336, 0.000761207, 2.8, 0.0523347633027, -0.0523347633027, 1
2.87, 0.010380816, 0.000761467, 2.8, 0.0523347633027, -0.0523347633027, 1
2.871, 0.010384355, 0.000761727, 2.8, 0.0523347633027, -0.0523347633027, 1
2.872, 0.010387845, 0.000761998, 2.8, 0.0523347633027, -0.0523347633027, 1
2.873, 0.010391315, 0.000762249, 2.8, 0.0523347633027, -0.0523347633027, 1
2.874, 0.010394774, 0.000762509, 2.8, 0.0523347633027, -0.0523347633027, 1
2.875, 0.010398294, 0.000762768, 2.8, 0.0523347633027, -0.0523347633027, 1
2.876, 0.010401774, 0.000763036, 2.8, 0.0523347633027, -0.0523347633027, 1
2.877, 0.010405244, 0.000763296, 2.8, 0.0523347633027, -0.0523347633027, 1
2.878, 0.010408714, 0.000763546, 2.8, 0.0523347633027, -0.0523347633027, 1
2.879, 0.010412194, 0.000763816, 2.8, 0.0523347633027, -0.0523347633027, 1
2.88, 0.010415684, 0.000764086, 2.8, 0.0523347633027, -0.0523347633027, 1
2.881, 0.010419154, 0.000764356, 2.8, 0.0523347633027, -0.0523347633027, 1
2.882, 0.010422624, 0.000764606, 2.8, 0.0523347633027, -0.0523347633027, 1
2.883, 0.010426104, 0.000764866, 2.8, 0.0523347633027, -0.0523347633027, 1
2.884, 0.010429624, 0.000765136, 2.8, 0.0523347633027, -0.0523347633027, 1
2.885, 0.010433124, 0.000765387, 2.8, 0.0523347633027, -0.0523347633027, 1
2.886, 0.010436633, 0.000765659, 2.8, 0.0523347633027, -0.0523347633027, 1
2.887, 0.010440143, 0.00076593, 2.8, 0.0523347633027, -0.0523347633027, 1
2.888, 0.010443592, 0.000766178, 2.8, 0.0523347633027, -0.0523347633027, 1
2.889, 0.010447082, 0.000766436, 2.8, 0.0523347633027, -0.0523347633027, 1
2.89, 0.010450582, 0.000766687, 2.8, 0.0523347633027, -0.0523347633027, 1
2.891, 0.010454062, 0.000766947, 2.8, 0.0523347633027, -0.0523347633027, 1
2.892, 0.010457523, 0.000767208, 2.8, 0.0523347633027, -0.0523347633027, 1
2.893, 0.010460984, 0.000767477, 2.8, 0.0523347633027, -0.0523347633027, 1
2.894, 0.010464404, 0.000767726, 2.8, 0.0523347633027, -0.0523347633027, 1
2.895, 0.010467874, 0.000767988, 2.8, 0.0523347633027, -0.0523347633027, 1
2.896, 0.010471314, 0.000768256, 2.8, 0.0523347633027, -0.0523347633027, 1
2.897, 0.010474775, 0.000768515, 2.8, 0.0523347633027, -0.0523347633027, 1
2.898, 0.010478295, 0.000768775, 2.8, 0.0523347633027, -0.0523347633027, 1
2.899, 0.010481755, 0.000769025, 2.8, 0.0523347633027, -0.0523347633027, 1
2.9, 0.010485395, 0.000769455, 2.9, 0.0471012869725, -0.0471012869725, 1
2.901, 0.010488975, 0.000769705, 2.9, 0.0471012869725, -0.0471012869725, 1
2.902, 0.010492475, 0.000769965, 2.9, 0.0471012869725, -0.0471012869725, 1
2.903, 0.010495945, 0.000770245, 2.9, 0.0471012869725, -0.0471012869725, 1
2.904, 0.010499415, 0.000770505, 2.9, 0.0471012869725, -0.0471012869725, 1
2.905, 0.010502885, 0.000770755, 2.9, 0.0471012869725, -0.0471012869725, 1
2.906, 0.010506385, 0.000771005, 2.9, 0.0471012869725, -0.0471012869725, 1
2.907, 0.010509886, 0.000771256, 2.9, 0.0471012869725, -0.0471012869725, 1
2.908, 0.010513415, 0.000771514, 2.9, 0.0471012869725, -0.0471012869725, 1
2.909, 0.010516846, 0.000771773, 2.9, 0.0471012869725, -0.0471012869725, 1
2.91, 0.010520356, 0.000772031, 2.9, 0.0471012869725, -0.0471012869725, 1
2.911, 0.010523926, 0.000772319, 2.9, 0.0471012869725, -0.0471012869725, 1
2.912, 0.010527456, 0.000772589, 2.9, 0.0471012869725, -0.0471012869725, 1
2.913, 0.010530926, 0.000772851, 2.9, 0.0471012869725, -0.0471012869725, 1
2.914, 0.010534406, 0.000773111, 2.9, 0.0471012869725, -0.0471012869725, 1
2.915, 0.010537896, 0.000773371, 2.9, 0.0471012869725, -0.0471012869725, 1
2.916, 0.010541407, 0.000773632, 2.9, 0.0471012869725, -0.0471012869725, 1
2.917, 0.010544897, 0.000773903, 2.9, 0.0471012869725, -0.0471012869725, 1
2.918, 0.010548377, 0.000774162, 2.9, 0.0471012869725, -0.0471012869725, 1
2.919, 0.010551908, 0.000774422, 2.9, 0.0471012869725, -0.0471012869725, 1
2.92, 0.010555389, 0.000774672, 2.9, 0.0471012869725, -0.0471012869725, 1
2.921, 0.010561209, 0.000774932, 2.9, 0.0471012869725, -0.0471012869725, 1
2.922, 0.010564729, 0.000775202, 2.9, 0.0471012869725, -0.0471012869725, 1
2.923, 0.010568239, 0.000775472, 2.9, 0.0471012869725, -0.0471012869725, 1
2.924, 0.010571689, 0.000775722, 2.9, 0.0471012869725, -0.0471012869725, 1
2.925, 0.010575119, 0.000775992, 2.9, 0.0471012869725, -0.0471012869725, 1
2.926, 0.010578559, 0.000776252, 2.9, 0.0471012869725, -0.0471012869725, 1
2.927, 0.010582029, 0.000776522, 2.9, 0.0471012869725, -0.0471012869725, 1
2.928, 0.010585459, 0.000776773, 2.9, 0.0471012869725, -0.0471012869725, 1
2.929, 0.010588979, 0.000777033, 2.9, 0.0471012869725, -0.0471012869725, 1
2.93, 0.010592399, 0.000777281, 2.9, 0.0471012869725, -0.0471012869725, 1
2.931, 0.010595888, 0.00077755, 2.9, 0.0471012869725, -0.0471012869725, 1
2.932, 0.010599377, 0.000777821, 2.9, 0.0471012869725, -0.0471012869725, 1
2.933, 0.010602827, 0.000778081, 2.9, 0.0471012869725, -0.0471012869725, 1
2.934, 0.010606206, 0.000778329, 2.9, 0.0471012869725, -0.0471012869725, 1
2.935, 0.010609725, 0.00077859, 2.9, 0.0471012869725, -0.0471012869725, 1
2.936, 0.010613175, 0.000778859, 2.9, 0.0471012869725, -0.0471012869725, 1
2.937, 0.010616655, 0.000779118, 2.9, 0.0471012869725, -0.0471012869725, 1
2.938, 0.010620095, 0.000779379, 2.9, 0.0471012869725, -0.0471012869725, 1
2.939, 0.010623555, 0.00077966, 2.9, 0.0471012869725, -0.0471012869725, 1
2.94, 0.010627016, 0.000779921, 2.9, 0.0471012869725, -0.0471012869725, 1
2.941, 0.010630506, 0.000780181, 2.9, 0.0471012869725, -0.0471012869725, 1
2.942, 0.010633966, 0.00078044, 2.9, 0.0471012869725, -0.0471012869725, 1
2.943, 0.010637406, 0.00078068, 2.9, 0.0471012869725, -0.0471012869725, 1
2.944, 0.010640866, 0.00078093, 2.9, 0.0471012869725, -0.0471012869725, 1
2.945, 0.010644366, 0.00078119, 2.9, 0.0471012869725, -0.0471012869725, 1
2.946, 0.010647846, 0.00078146, 2.9, 0.0471012869725, -0.0471012869725, 1
2.947, 0.010651326, 0.00078173, 2.9, 0.0471012869725, -0.0471012869725, 1
2.948, 0.010654956, 0.000782, 2.9, 0.0471012869725, -0.0471012869725, 1
2.949, 0.010658506, 0.00078226, 2.9, 0.0471012869725, -0.0471012869725, 1
2.95, 0.010661936, 0.00078253, 2.9, 0.0471012869725, -0.0471012869725, 1
2.951, 0.010665396, 0.00078279, 2.9, 0.0471012869725, -0.0471012869725, 1
2.952, 0.010668846, 0.00078306, 2.9, 0.0471012869725, -0.0471012869725, 1
2.953, 0.010672316, 0.000783329, 2.9, 0.0471012869725, -0.0471012869725, 1
2.954, 0.010675745, 0.000783599, 2.9, 0.0471012869725, -0.0471012869725, 1
2.955, 0.010679155, 0.00078387, 2.9, 0.0471012869725, -0.0471012869725, 1
2.956, 0.010682626, 0.000784132, 2.9, 0.0471012869725, -0.0471012869725, 1
2.957, 0.010686036, 0.000784392, 2.9, 0.0471012869725, -0.0471012869725, 1
2.958, 0.010689505, 0.000784661, 2.9, 0.0471012869725, -0.0471012869725, 1
2.959, 0.010692926, 0.000784932, 2.9, 0.0471012869725, -0.0471012869725, 1
2.96, 0.010696356, 0.000785202, 2.9, 0.0471012869725, -0.0471012869725, 1
2.961, 0.010699836, 0.000785472, 2.9, 0.0471012869725, -0.0471012869725, 1
2.962, 0.010703276, 0.000785733, 2.9, 0.0471012869725, -0.0471012869725, 1
2.963, 0.010706726, 0.000786004, 2.9, 0.0471012869725, -0.0471012869725, 1
2.964, 0.010710196, 0.000786264, 2.9, 0.0471012869725, -0.0471012869725, 1
2.965, 0.010713666, 0.000786534, 2.9, 0.0471012869725, -0.0471012869725, 1
2.966, 0.010717106, 0.000786784, 2.9, 0.0471012869725, -0.0471012869725, 1
2.967, 0.010720546, 0.000787054, 2.9, 0.0471012869725, -0.0471012869725, 1
2.968, 0.010723986, 0.000787314, 2.9, 0.0471012869725, -0.0471012869725, 1
2.969, 0.010727486, 0.000787584, 2.9, 0.0471012869725, -0.0471012869725, 1
2.97, 0.010730956, 0.000787844, 2.9, 0.0471012869725, -0.0471012869725, 1
2.971, 0.010734456, 0.000788104, 2.9, 0.0471012869725, -0.0471012869725, 1
2.972, 0.010737926, 0.000788373, 2.9, 0.0471012869725, -0.0471012869725, 1
2.973, 0.010741425, 0.000788641, 2.9, 0.0471012869725, -0.0471012869725, 1
2.974, 0.010744896, 0.0007889, 2.9, 0.0471012869725, -0.0471012869725, 1
2.975, 0.010748356, 0.000789147, 2.9, 0.0471012869725, -0.0471012869725, 1
2.976, 0.010763547, 0.000789407, 2.9, 0.0471012869725, -0.0471012869725, 1
2.977, 0.010767107, 0.000789667, 2.9, 0.0471012869725, -0.0471012869725, 1
2.978, 0.010770598, 0.000789919, 2.9, 0.0471012869725, -0.0471012869725, 1
2.979, 0.010774118, 0.00079018, 2.9, 0.0471012869725, -0.0471012869725, 1
2.98, 0.010777638, 0.000790449, 2.9, 0.0471012869725, -0.0471012869725, 1
2.981, 0.010781148, 0.00079074, 2.9, 0.0471012869725, -0.0471012869725, 1
2.982, 0.010784628, 0.000791009, 2.9, 0.0471012869725, -0.0471012869725, 1
2.983, 0.010788078, 0.000791269, 2.9, 0.0471012869725, -0.0471012869725, 1
2.984, 0.010791538, 0.000791529, 2.9, 0.0471012869725, -0.0471012869725, 1
2.985, 0.010794998, 0.000791789, 2.9, 0.0471012869725, -0.0471012869725, 1
2.986, 0.010798488, 0.000792039, 2.9, 0.0471012869725, -0.0471012869725, 1
2.987, 0.010801958, 0.000792299, 2.9, 0.0471012869725, -0.0471012869725, 1
2.988, 0.010805468, 0.000792559, 2.9, 0.0471012869725, -0.0471012869725, 1
2.989, 0.010808968, 0.000792829, 2.9, 0.0471012869725, -0.0471012869725, 1
2.99, 0.010812468, 0.00079309, 2.9, 0.0471012869725, -0.0471012869725, 1
2.991, 0.010815978, 0.000793341, 2.9, 0.0471012869725, -0.0471012869725, 1
2.992, 0.010819467, 0.0007936, 2.9, 0.0471012869725, -0.0471012869725, 1
2.993, 0.010822947, 0.000793869, 2.9, 0.0471012869725, -0.0471012869725, 1
2.994, 0.010826417, 0.000794119, 2.9, 0.0471012869725, -0.0471012869725, 1
2.995, 0.010829888, 0.000794369, 2.9, 0.0471012869725, -0.0471012869725, 1
2.996, 0.010833378, 0.000794617, 2.9, 0.0471012869725, -0.0471012869725, 1
2.997, 0.010836877, 0.000794877, 2.9, 0.0471012869725, -0.0471012869725, 1
2.998, 0.010840327, 0.000795138, 2.9, 0.0471012869725, -0.0471012869725, 1
2.999, 0.010843808, 0.000795399, 2.9, 0.0471012869725, -0.0471012869725, 1
3, 0.010847428, 0.00079583, 3, 0.0423911582752, -0.0423911582752, 1
3.001, 0.010851049, 0.000796089, 3, 0.0423911582752, -0.0423911582752, 1
3.002, 0.010854539, 0.000796338, 3, 0.0423911582752, -0.0423911582752, 1
3.003, 0.010858079, 0.0007966, 3, 0.0423911582752, -0.0423911582752, 1
3.004, 0.01086155, 0.00079686, 3, 0.0423911582752, -0.0423911582752, 1
3.005, 0.01086509, 0.00079713, 3, 0.0423911582752, -0.0423911582752, 1
3.006, 0.0108686, 0.00079738, 3, 0.0423911582752, -0.0423911582752, 1
3.007, 0.01087215, 0.00079765, 3, 0.0423911582752, -0.0423911582752, 1
3.008, 0.01087567, 0.00079792, 3, 0.0423911582752, -0.0423911582752, 1
3.009, 0.01087921, 0.00079818, 3, 0.0423911582752, -0.0423911582752, 1
3.01, 0.01088268, 0.00079843, 3, 0.0423911582752, -0.0423911582752, 1
3.011, 0.01088619, 0.00079868, 3, 0.0423911582752, -0.0423911582752, 1
3.012, 0.01088968, 0.00079893, 3, 0.0423911582752, -0.0423911582752, 1
3.013, 0.010893211, 0.000799188, 3, 0.0423911582752, -0.0423911582752, 1
3.014, 0.010896761, 0.000799457, 3, 0.0423911582752, -0.0423911582752, 1
3.015, 0.010900261, 0.000799718, 3, 0.0423911582752, -0.0423911582752, 1
3.016, 0.010903821, 0.000799968, 3, 0.0423911582752, -0.0423911582752, 1
3.017, 0.010907352, 0.000800229, 3, 0.0423911582752, -0.0423911582752, 1
3.018, 0.010910891, 0.000800488, 3, 0.0423911582752, -0.0423911582752, 1
3.019, 0.01091443, 0.000800739, 3, 0.0423911582752, -0.0423911582752, 1
3.02, 0.010917961, 0.000801001, 3, 0.0423911582752, -0.0423911582752, 1
3.021, 0.010921532, 0.000801261, 3, 0.0423911582752, -0.0423911582752, 1
3.022, 0.010925033, 0.00080152, 3, 0.0423911582752, -0.0423911582752, 1
3.023, 0.010928532, 0.000801769, 3, 0.0423911582752, -0.0423911582752, 1
3.024, 0.010932061, 0.000802039, 3, 0.0423911582752, -0.0423911582752, 1
3.025, 0.010935591, 0.00080231, 3, 0.0423911582752, -0.0423911582752, 1
3.026, 0.010939111, 0.00080256, 3, 0.0423911582752, -0.0423911582752, 1
3.027, 0.010942601, 0.00080281, 3, 0.0423911582752, -0.0423911582752, 1
3.028, 0.010946091, 0.00080307, 3, 0.0423911582752, -0.0423911582752, 1
3.029, 0.010949621, 0.00080333, 3, 0.0423911582752, -0.0423911582752, 1
3.03, 0.010953131, 0.0008036, 3, 0.0423911582752, -0.0423911582752, 1
3.031, 0.010956691, 0.00080385, 3, 0.0423911582752, -0.0423911582752, 1
3.032, 0.010962481, 0.00080412, 3, 0.0423911582752, -0.0423911582752, 1
3.033, 0.010966031, 0.000804368, 3, 0.0423911582752, -0.0423911582752, 1
3.034, 0.010969551, 0.000804616, 3, 0.0423911582752, -0.0423911582752, 1
3.035, 0.01097301, 0.000804889, 3, 0.0423911582752, -0.0423911582752, 1
3.036, 0.01097668, 0.000805141, 3, 0.0423911582752, -0.0423911582752, 1
3.037, 0.01098021, 0.0008054, 3, 0.0423911582752, -0.0423911582752, 1
3.038, 0.0109837, 0.000805649, 3, 0.0423911582752, -0.0423911582752, 1
3.039, 0.01098727, 0.000805908, 3, 0.0423911582752, -0.0423911582752, 1
3.04, 0.010990739, 0.000806177, 3, 0.0423911582752, -0.0423911582752, 1
3.041, 0.010994269, 0.000806429, 3, 0.0423911582752, -0.0423911582752, 1
3.042, 0.01099772, 0.000806681, 3, 0.0423911582752, -0.0423911582752, 1
3.043, 0.01100125, 0.000806931, 3, 0.0423911582752, -0.0423911582752, 1
3.044, 0.01100481, 0.000807201, 3, 0.0423911582752, -0.0423911582752, 1
3.045, 0.01100833, 0.00080746, 3, 0.0423911582752, -0.0423911582752, 1
3.046, 0.011011811, 0.00080772, 3, 0.0423911582752, -0.0423911582752, 1
3.047, 0.011015301, 0.00080799, 3, 0.0423911582752, -0.0423911582752, 1
3.048, 0.011018811, 0.00080827, 3, 0.0423911582752, -0.0423911582752, 1
3.049, 0.011022301, 0.00080853, 3, 0.0423911582752, -0.0423911582752, 1
3.05, 0.011025791, 0.00080878, 3, 0.0423911582752, -0.0423911582752, 1
3.051, 0.011029331, 0.00080903, 3, 0.0423911582752, -0.0423911582752, 1
3.052, 0.011032831, 0.00080929, 3, 0.0423911582752, -0.0423911582752, 1
3.053, 0.011036291, 0.00080954, 3, 0.0423911582752, -0.0423911582752, 1
3.054, 0.011039741, 0.000809801, 3, 0.0423911582752, -0.0423911582752, 1
3.055, 0.011043242, 0.000810072, 3, 0.0423911582752, -0.0423911582752, 1
3.056, 0.011046702, 0.00081034, 3, 0.0423911582752, -0.0423911582752, 1
3.057, 0.011050211, 0.000810591, 3, 0.0423911582752, -0.0423911582752, 1
3.058, 0.011053751, 0.000810851, 3, 0.0423911582752, -0.0423911582752, 1
3.059, 0.01105722, 0.000811121, 3, 0.0423911582752, -0.0423911582752, 1
3.06, 0.01106074, 0.00081138, 3, 0.0423911582752, -0.0423911582752, 1
3.061, 0.011064279, 0.000811642, 3, 0.0423911582752, -0.0423911582752, 1
3.062, 0.01106774, 0.000811893, 3, 0.0423911582752, -0.0423911582752, 1
3.063, 0.011071249, 0.000812162, 3, 0.0423911582752, -0.0423911582752, 1
3.064, 0.011074759, 0.000812433, 3, 0.0423911582752, -0.0423911582752, 1
3.065, 0.011078249, 0.000812695, 3, 0.0423911582752, -0.0423911582752, 1
3.066, 0.011081678, 0.000812963, 3, 0.0423911582752, -0.0423911582752, 1
3.067, 0.011085169, 0.000813235, 3, 0.0423911582752, -0.0423911582752, 1
3.068, 0.01108863, 0.000813495, 3, 0.0423911582752, -0.0423911582752, 1
3.069, 0.01109213, 0.000813745, 3, 0.0423911582752, -0.0423911582752, 1
3.07, 0.0110956, 0.000814005, 3, 0.0423911582752, -0.0423911582752, 1
3.071, 0.01109919, 0.000814265, 3, 0.0423911582752, -0.0423911582752, 1
3.072, 0.01110273, 0.000814525, 3, 0.0423911582752, -0.0423911582752, 1
3.073, 0.0111062, 0.000814805, 3, 0.0423911582752, -0.0423911582752, 1
3.074, 0.01110971, 0.000815075, 3, 0.0423911582752, -0.0423911582752, 1
3.075, 0.01111316, 0.000815335, 3, 0.0423911582752, -0.0423911582752, 1
3.076, 0.011116651, 0.000815595, 3, 0.0423911582752, -0.0423911582752, 1
3.077, 0.011120121, 0.000815845, 3, 0.0423911582752, -0.0423911582752, 1
3.078, 0.011123571, 0.000816108, 3, 0.0423911582752, -0.0423911582752, 1
3.079, 0.011127061, 0.00081636, 3, 0.0423911582752, -0.0423911582752, 1
3.08, 0.011130562, 0.000816611, 3, 0.0423911582752, -0.0423911582752, 1
3.081, 0.011134071, 0.00081688, 3, 0.0423911582752, -0.0423911582752, 1
3.082, 0.011137591, 0.00081715, 3, 0.0423911582752, -0.0423911582752, 1
3.083, 0.011141071, 0.000817422, 3, 0.0423911582752, -0.0423911582752, 1
3.084, 0.01114453, 0.00081768, 3, 0.0423911582752, -0.0423911582752, 1
3.085, 0.011148029, 0.00081794, 3, 0.0423911582752, -0.0423911582752, 1
3.086, 0.01115153, 0.000818212, 3, 0.0423911582752, -0.0423911582752, 1
3.087, 0.01115501, 0.00081848, 3, 0.0423911582752, -0.0423911582752, 1
3.088, 0.011158561, 0.00081874, 3, 0.0423911582752, -0.0423911582752, 1
3.089, 0.011164401, 0.000818991, 3, 0.0423911582752, -0.0423911582752, 1
3.09, 0.011167961, 0.000819251, 3, 0.0423911582752, -0.0423911582752, 1
3.091, 0.011171511, 0.000819511, 3, 0.0423911582752, -0.0423911582752, 1
3.092, 0.011174971, 0.000819781, 3, 0.0423911582752, -0.0423911582752, 1
3.093, 0.011178441, 0.000820051, 3, 0.0423911582752, -0.0423911582752, 1
3.094, 0.011181951, 0.000820301, 3, 0.0423911582752, -0.0423911582752, 1
3.095, 0.011185431, 0.000820561, 3, 0.0423911582752, -0.0423911582752, 1
3.096, 0.011188901, 0.000820831, 3, 0.0423911582752, -0.0423911582752, 1
3.097, 0.011192421, 0.000821099, 3, 0.0423911582752, -0.0423911582752, 1
3.098, 0.011195871, 0.00082137, 3, 0.0423911582752, -0.0423911582752, 1
3.099, 0.011199412, 0.000821642, 3, 0.0423911582752, -0.0423911582752, 1
3.1, 0.011203112, 0.000822092, 3.1, 0.0381520424477, -0.0381520424477, 1
3.101, 0.011206661, 0.000822364, 3.1, 0.0381520424477, -0.0381520424477, 1
3.102, 0.011210231, 0.000822626, 3.1, 0.0381520424477, -0.0381520424477, 1
3.103, 0.011213742, 0.000822878, 3.1, 0.0381520424477, -0.0381520424477, 1
3.104, 0.011217232, 0.000823117, 3.1, 0.0381520424477, -0.0381520424477, 1
3.105, 0.011220701, 0.000823377, 3.1, 0.0381520424477, -0.0381520424477, 1
3.106, 0.011224221, 0.000823645, 3.1, 0.0381520424477, -0.0381520424477, 1
3.107, 0.011227721, 0.000823908, 3.1, 0.0381520424477, -0.0381520424477, 1
3.108, 0.01123131, 0.000824157, 3.1, 0.0381520424477, -0.0381520424477, 1
3.109, 0.011234861, 0.000824417, 3.1, 0.0381520424477, -0.0381520424477, 1
3.11, 0.011238401, 0.000824677, 3.1, 0.0381520424477, -0.0381520424477, 1
3.111, 0.011241951, 0.000824937, 3.1, 0.0381520424477, -0.0381520424477, 1
3.112, 0.011245431, 0.000825197, 3.1, 0.0381520424477, -0.0381520424477, 1
3.113, 0.011248941, 0.000825457, 3.1, 0.0381520424477, -0.0381520424477, 1
3.114, 0.011252411, 0.000825717, 3.1, 0.0381520424477, -0.0381520424477, 1
3.115, 0.011255891, 0.000825967, 3.1, 0.0381520424477, -0.0381520424477, 1
3.116, 0.011259371, 0.000826227, 3.1, 0.0381520424477, -0.0381520424477, 1
3.117, 0.011262851, 0.000826467, 3.1, 0.0381520424477, -0.0381520424477, 1
3.118, 0.011266321, 0.000826727, 3.1, 0.0381520424477, -0.0381520424477, 1
3.119, 0.011269781, 0.000826976, 3.1, 0.0381520424477, -0.0381520424477, 1
3.12, 0.011273261, 0.000827237, 3.1, 0.0381520424477, -0.0381520424477, 1
3.121, 0.01127681, 0.000827509, 3.1, 0.0381520424477, -0.0381520424477, 1
3.122, 0.01128032, 0.000827778, 3.1, 0.0381520424477, -0.0381520424477, 1
3.123, 0.0112838, 0.000828029, 3.1, 0.0381520424477, -0.0381520424477, 1
3.124, 0.011287269, 0.000828288, 3.1, 0.0381520424477, -0.0381520424477, 1
3.125, 0.01129077, 0.000828541, 3.1, 0.0381520424477, -0.0381520424477, 1
3.126, 0.011294261, 0.000828802, 3.1, 0.0381520424477, -0.0381520424477, 1
3.127, 0.011297771, 0.000829051, 3.1, 0.0381520424477, -0.0381520424477, 1
3.128, 0.011301261, 0.000829303, 3.1, 0.0381520424477, -0.0381520424477, 1
3.129, 0.011304731, 0.000829553, 3.1, 0.0381520424477, -0.0381520424477, 1
3.13, 0.011308221, 0.000829821, 3.1, 0.0381520424477, -0.0381520424477, 1
3.131, 0.011311741, 0.000830083, 3.1, 0.0381520424477, -0.0381520424477, 1
3.132, 0.011315201, 0.000830333, 3.1, 0.0381520424477, -0.0381520424477, 1
3.133, 0.011318671, 0.000830593, 3.1, 0.0381520424477, -0.0381520424477, 1
3.134, 0.011322131, 0.000830853, 3.1, 0.0381520424477, -0.0381520424477, 1
3.135, 0.011325581, 0.000831113, 3.1, 0.0381520424477, -0.0381520424477, 1
3.136, 0.011329081, 0.000831383, 3.1, 0.0381520424477, -0.0381520424477, 1
3.137, 0.0113326, 0.000831643, 3.1, 0.0381520424477, -0.0381520424477, 1
3.138, 0.01133615, 0.000831903, 3.1, 0.0381520424477, -0.0381520424477, 1
3.139, 0.01133962, 0.000832163, 3.1, 0.0381520424477, -0.0381520424477, 1
3.14, 0.011343141, 0.000832413, 3.1, 0.0381520424477, -0.0381520424477, 1
3.141, 0.011346621, 0.000832674, 3.1, 0.0381520424477, -0.0381520424477, 1
3.142, 0.011350112, 0.000832943, 3.1, 0.0381520424477, -0.0381520424477, 1
3.143, 0.011353603, 0.000833193, 3.1, 0.0381520424477, -0.0381520424477, 1
3.144, 0.011359512, 0.000833445, 3.1, 0.0381520424477, -0.0381520424477, 1
3.145, 0.011363013, 0.000833705, 3.1, 0.0381520424477, -0.0381520424477, 1
3.146, 0.011366472, 0.000833954, 3.1, 0.0381520424477, -0.0381520424477, 1
3.147, 0.011369942, 0.000834205, 3.1, 0.0381520424477, -0.0381520424477, 1
3.148, 0.011373422, 0.000834455, 3.1, 0.0381520424477, -0.0381520424477, 1
3.149, 0.011376882, 0.000834704, 3.1, 0.0381520424477, -0.0381520424477, 1
3.15, 0.011380342, 0.000834957, 3.1, 0.0381520424477, -0.0381520424477, 1
3.151, 0.011383872, 0.000835217, 3.1, 0.0381520424477, -0.0381520424477, 1
3.152, 0.011387352, 0.000835478, 3.1, 0.0381520424477, -0.0381520424477, 1
3.153, 0.011390852, 0.000835728, 3.1, 0.0381520424477, -0.0381520424477, 1
3.154, 0.011394322, 0.000835978, 3.1, 0.0381520424477, -0.0381520424477, 1
3.155, 0.011397782, 0.000836248, 3.1, 0.0381520424477, -0.0381520424477, 1
3.156, 0.011401292, 0.000836518, 3.1, 0.0381520424477, -0.0381520424477, 1
3.157, 0.011404792, 0.000836778, 3.1, 0.0381520424477, -0.0381520424477, 1
3.158, 0.011408272, 0.000837038, 3.1, 0.0381520424477, -0.0381520424477, 1
3.159, 0.011411742, 0.000837308, 3.1, 0.0381520424477, -0.0381520424477, 1
3.16, 0.011415232, 0.000837578, 3.1, 0.0381520424477, -0.0381520424477, 1
3.161, 0.011418722, 0.000837838, 3.1, 0.0381520424477, -0.0381520424477, 1
3.162, 0.011422312, 0.000838099, 3.1, 0.0381520424477, -0.0381520424477, 1
3.163, 0.011425782, 0.000838368, 3.1, 0.0381520424477, -0.0381520424477, 1
3.164, 0.011429262, 0.000838627, 3.1, 0.0381520424477, -0.0381520424477, 1
3.165, 0.011432692, 0.000838875, 3.1, 0.0381520424477, -0.0381520424477, 1
3.166, 0.011436222, 0.000839134, 3.1, 0.0381520424477, -0.0381520424477, 1
3.167, 0.011439681, 0.000839405, 3.1, 0.0381520424477, -0.0381520424477, 1
3.168, 0.011443152, 0.000839675, 3.1, 0.0381520424477, -0.0381520424477, 1
3.169, 0.011446661, 0.000839944, 3.1, 0.0381520424477, -0.0381520424477, 1
3.17, 0.011450122, 0.000840216, 3.1, 0.0381520424477, -0.0381520424477, 1
3.171, 0.011453622, 0.000840474, 3.1, 0.0381520424477, -0.0381520424477, 1
3.172, 0.011457052, 0.000840735, 3.1, 0.0381520424477, -0.0381520424477, 1
3.173, 0.011460552, 0.000840985, 3.1, 0.0381520424477, -0.0381520424477, 1
3.174, 0.011464022, 0.000841237, 3.1, 0.0381520424477, -0.0381520424477, 1
3.175, 0.011467522, 0.000841506, 3.1, 0.0381520424477, -0.0381520424477, 1
3.176, 0.011470992, 0.000841756, 3.1, 0.0381520424477, -0.0381520424477, 1
3.177, 0.011474472, 0.000842016, 3.1, 0.0381520424477, -0.0381520424477, 1
3.178, 0.011477932, 0.000842276, 3.1, 0.0381520424477, -0.0381520424477, 1
3.179, 0.011481382, 0.000842556, 3.1, 0.0381520424477, -0.0381520424477, 1
3.18, 0.011484852, 0.000842806, 3.1, 0.0381520424477, -0.0381520424477, 1
3.181, 0.011488412, 0.000843056, 3.1, 0.0381520424477, -0.0381520424477, 1
3.182, 0.011491872, 0.000843306, 3.1, 0.0381520424477, -0.0381520424477, 1
3.183, 0.011495362, 0.000843575, 3.1, 0.0381520424477, -0.0381520424477, 1
3.184, 0.011498862, 0.000843836, 3.1, 0.0381520424477, -0.0381520424477, 1
3.185, 0.011502322, 0.000844096, 3.1, 0.0381520424477, -0.0381520424477, 1
3.186, 0.011505871, 0.000844358, 3.1, 0.0381520424477, -0.0381520424477, 1
3.187, 0.011509361, 0.000844619, 3.1, 0.0381520424477, -0.0381520424477, 1
3.188, 0.011512841, 0.000844879, 3.1, 0.0381520424477, -0.0381520424477, 1
3.189, 0.01151633, 0.000845138, 3.1, 0.0381520424477, -0.0381520424477, 1
3.19, 0.011519829, 0.000845409, 3.1, 0.0381520424477, -0.0381520424477, 1
3.191, 0.01152334, 0.000845671, 3.1, 0.0381520424477, -0.0381520424477, 1
3.192, 0.01152684, 0.000845938, 3.1, 0.0381520424477, -0.0381520424477, 1
3.193, 0.01153032, 0.000846197, 3.1, 0.0381520424477, -0.0381520424477, 1
3.194, 0.0115338, 0.000846436, 3.1, 0.0381520424477, -0.0381520424477, 1
3.195, 0.01153732, 0.000846707, 3.1, 0.0381520424477, -0.0381520424477, 1
3.196, 0.01154084, 0.000846968, 3.1, 0.0381520424477, -0.0381520424477, 1
3.197, 0.011544321, 0.000847228, 3.1, 0.0381520424477, -0.0381520424477, 1
3.198, 0.011547831, 0.000847488, 3.1, 0.0381520424477, -0.0381520424477, 1
3.199, 0.011553531, 0.000847738, 3.1, 0.0381520424477, -0.0381520424477, 1
3.2, 0.011557171, 0.000848138, 3.2, 0.0343368382029, -0.0343368382029, 1
3.201, 0.011560741, 0.000848388, 3.2, 0.0343368382029, -0.0343368382029, 1
3.202, 0.011564211, 0.000848648, 3.2, 0.0343368382029, -0.0343368382029, 1
3.203, 0.011567721, 0.000848918, 3.2, 0.0343368382029, -0.0343368382029, 1
3.204, 0.011571181, 0.000849186, 3.2, 0.0343368382029, -0.0343368382029, 1
3.205, 0.011574692, 0.000849447, 3.2, 0.0343368382029, -0.0343368382029, 1
3.206, 0.011578172, 0.000849708, 3.2, 0.0343368382029, -0.0343368382029, 1
3.207, 0.011581662, 0.000849961, 3.2, 0.0343368382029, -0.0343368382029, 1
3.208, 0.011585132, 0.000850232, 3.2, 0.0343368382029, -0.0343368382029, 1
3.209, 0.011588641, 0.000850493, 3.2, 0.0343368382029, -0.0343368382029, 1
3.21, 0.011592081, 0.000850753, 3.2, 0.0343368382029, -0.0343368382029, 1
3.211, 0.011595672, 0.000851013, 3.2, 0.0343368382029, -0.0343368382029, 1
3.212, 0.011599101, 0.000851263, 3.2, 0.0343368382029, -0.0343368382029, 1
3.213, 0.011602541, 0.000851523, 3.2, 0.0343368382029, -0.0343368382029, 1
3.214, 0.01160603, 0.000851775, 3.2, 0.0343368382029, -0.0343368382029, 1
3.215, 0.01160954, 0.000852047, 3.2, 0.0343368382029, -0.0343368382029, 1
3.216, 0.01161315, 0.000852316, 3.2, 0.0343368382029, -0.0343368382029, 1
3.217, 0.011616609, 0.000852576, 3.2, 0.0343368382029, -0.0343368382029, 1
3.218, 0.011620149, 0.000852837, 3.2, 0.0343368382029, -0.0343368382029, 1
3.219, 0.011623649, 0.000853097, 3.2, 0.0343368382029, -0.0343368382029, 1
3.22, 0.011627099, 0.000853347, 3.2, 0.0343368382029, -0.0343368382029, 1
3.221, 0.011630699, 0.000853607, 3.2, 0.0343368382029, -0.0343368382029, 1
3.222, 0.011634249, 0.000853857, 3.2, 0.0343368382029, -0.0343368382029, 1
3.223, 0.011637719, 0.000854107, 3.2, 0.0343368382029, -0.0343368382029, 1
3.224, 0.011641209, 0.000854357, 3.2, 0.0343368382029, -0.0343368382029, 1
3.225, 0.011644659, 0.000854617, 3.2, 0.0343368382029, -0.0343368382029, 1
3.226, 0.011648209, 0.000854866, 3.2, 0.0343368382029, -0.0343368382029, 1
3.227, 0.011651769, 0.000855135, 3.2, 0.0343368382029, -0.0343368382029, 1
3.228, 0.01165522, 0.000855393, 3.2, 0.0343368382029, -0.0343368382029, 1
3.229, 0.01165868, 0.000855632, 3.2, 0.0343368382029, -0.0343368382029, 1
3.23, 0.011662149, 0.000855882, 3.2, 0.0343368382029, -0.0343368382029, 1
3.231, 0.01166565, 0.000856142, 3.2, 0.0343368382029, -0.0343368382029, 1
3.232, 0.011669099, 0.00085641, 3.2, 0.0343368382029, -0.0343368382029, 1
3.233, 0.011672579, 0.000856672, 3.2, 0.0343368382029, -0.0343368382029, 1
3.234, 0.011676069, 0.00085693, 3.2, 0.0343368382029, -0.0343368382029, 1
3.235, 0.011679599, 0.00085719, 3.2, 0.0343368382029, -0.0343368382029, 1
3.236, 0.011683079, 0.000857441, 3.2, 0.0343368382029, -0.0343368382029, 1
3.237, 0.011686519, 0.000857702, 3.2, 0.0343368382029, -0.0343368382029, 1
3.238, 0.011689969, 0.000857961, 3.2, 0.0343368382029, -0.0343368382029, 1
3.239, 0.011693438, 0.00085821, 3.2, 0.0343368382029, -0.0343368382029, 1
3.24, 0.011696948, 0.00085847, 3.2, 0.0343368382029, -0.0343368382029, 1
3.241, 0.011700428, 0.00085873, 3.2, 0.0343368382029, -0.0343368382029, 1
3.242, 0.011703898, 0.000859, 3.2, 0.0343368382029, -0.0343368382029, 1
3.243, 0.011707438, 0.00085927, 3.2, 0.0343368382029, -0.0343368382029, 1
3.244, 0.011710898, 0.00085954, 3.2, 0.0343368382029, -0.0343368382029, 1
3.245, 0.011714358, 0.0008598, 3.2, 0.0343368382029, -0.0343368382029, 1
3.246, 0.011717918, 0.00086006, 3.2, 0.0343368382029, -0.0343368382029, 1
3.247, 0.011721388, 0.00086031, 3.2, 0.0343368382029, -0.0343368382029, 1
3.248, 0.011724888, 0.00086057, 3.2, 0.0343368382029, -0.0343368382029, 1
3.249, 0.011728378, 0.000860832, 3.2, 0.0343368382029, -0.0343368382029, 1
3.25, 0.011731828, 0.000861085, 3.2, 0.0343368382029, -0.0343368382029, 1
3.251, 0.011735368, 0.000861334, 3.2, 0.0343368382029, -0.0343368382029, 1
3.252, 0.011738818, 0.000861593, 3.2, 0.0343368382029, -0.0343368382029, 1
3.253, 0.011742298, 0.000861853, 3.2, 0.0343368382029, -0.0343368382029, 1
3.254, 0.011748138, 0.000862104, 3.2, 0.0343368382029, -0.0343368382029, 1
3.255, 0.011751647, 0.000862363, 3.2, 0.0343368382029, -0.0343368382029, 1
3.256, 0.011755078, 0.000862624, 3.2, 0.0343368382029, -0.0343368382029, 1
3.257, 0.011758537, 0.000862882, 3.2, 0.0343368382029, -0.0343368382029, 1
3.258, 0.011762037, 0.000863152, 3.2, 0.0343368382029, -0.0343368382029, 1
3.259, 0.011765498, 0.000863422, 3.2, 0.0343368382029, -0.0343368382029, 1
3.26, 0.011768958, 0.000863682, 3.2, 0.0343368382029, -0.0343368382029, 1
3.261, 0.011772498, 0.000863942, 3.2, 0.0343368382029, -0.0343368382029, 1
3.262, 0.011775968, 0.000864192, 3.2, 0.0343368382029, -0.0343368382029, 1
3.263, 0.011779398, 0.000864462, 3.2, 0.0343368382029, -0.0343368382029, 1
3.264, 0.011782878, 0.000864712, 3.2, 0.0343368382029, -0.0343368382029, 1
3.265, 0.011786308, 0.000864972, 3.2, 0.0343368382029, -0.0343368382029, 1
3.266, 0.011789778, 0.000865232, 3.2, 0.0343368382029, -0.0343368382029, 1
3.267, 0.011793258, 0.000865492, 3.2, 0.0343368382029, -0.0343368382029, 1
3.268, 0.011796718, 0.000865752, 3.2, 0.0343368382029, -0.0343368382029, 1
3.269, 0.011800328, 0.00086601, 3.2, 0.0343368382029, -0.0343368382029, 1
3.27, 0.011803788, 0.00086626, 3.2, 0.0343368382029, -0.0343368382029, 1
3.271, 0.011807308, 0.000866509, 3.2, 0.0343368382029, -0.0343368382029, 1
3.272, 0.011810768, 0.000866779, 3.2, 0.0343368382029, -0.0343368382029, 1
3.273, 0.011814258, 0.000867039, 3.2, 0.0343368382029, -0.0343368382029, 1
3.274, 0.011817767, 0.000867298, 3.2, 0.0343368382029, -0.0343368382029, 1
3.275, 0.011821217, 0.00086755, 3.2, 0.0343368382029, -0.0343368382029, 1
3.276, 0.011824727, 0.00086781, 3.2, 0.0343368382029, -0.0343368382029, 1
3.277, 0.011828216, 0.000868069, 3.2, 0.0343368382029, -0.0343368382029, 1
3.278, 0.011831686, 0.000868328, 3.2, 0.0343368382029, -0.0343368382029, 1
3.279, 0.011835166, 0.000868577, 3.2, 0.0343368382029, -0.0343368382029, 1
3.28, 0.011838627, 0.000868817, 3.2, 0.0343368382029, -0.0343368382029, 1
3.281, 0.011842107, 0.000869067, 3.2, 0.0343368382029, -0.0343368382029, 1
3.282, 0.011845617, 0.000869336, 3.2, 0.0343368382029, -0.0343368382029, 1
3.283, 0.011849097, 0.000869596, 3.2, 0.0343368382029, -0.0343368382029, 1
3.284, 0.011852587, 0.000869856, 3.2, 0.0343368382029, -0.0343368382029, 1
3.285, 0.011856097, 0.000870116, 3.2, 0.0343368382029, -0.0343368382029, 1
3.286, 0.011859567, 0.000870366, 3.2, 0.0343368382029, -0.0343368382029, 1
3.287, 0.011863097, 0.000870636, 3.2, 0.0343368382029, -0.0343368382029, 1
3.288, 0.011866577, 0.000870896, 3.2, 0.0343368382029, -0.0343368382029, 1
3.289, 0.011870107, 0.000871166, 3.2, 0.0343368382029, -0.0343368382029, 1
3.29, 0.011873597, 0.000871426, 3.2, 0.0343368382029, -0.0343368382029, 1
3.291, 0.011877108, 0.000871697, 3.2, 0.0343368382029, -0.0343368382029, 1
3.292, 0.011880599, 0.000871966, 3.2, 0.0343368382029, -0.0343368382029, 1
3.293, 0.011884059, 0.000872226, 3.2, 0.0343368382029, -0.0343368382029, 1
3.294, 0.011887619, 0.000872487, 3.2, 0.0343368382029, -0.0343368382029, 1
3.295, 0.011891089, 0.000872755, 3.2, 0.0343368382029, -0.0343368382029, 1
3.296, 0.011894559, 0.000873027, 3.2, 0.0343368382029, -0.0343368382029, 1
3.297, 0.011898029, 0.000873285, 3.2, 0.0343368382029, -0.0343368382029, 1
3.298, 0.011901499, 0.000873536, 3.2, 0.0343368382029, -0.0343368382029, 1
3.299, 0.011905039, 0.000873793, 3.2, 0.0343368382029, -0.0343368382029, 1
3.3, 0.011908709, 0.000874244, 3.3, 0.0309031543826, -0.0309031543826, 1
3.301, 0.01191225, 0.000874514, 3.3, 0.0309031543826, -0.0309031543826, 1
3.302, 0.011915719, 0.000874772, 3.3, 0.0309031543826, -0.0309031543826, 1
3.303, 0.01191926, 0.000875032, 3.3, 0.0309031543826, -0.0309031543826, 1
3.304, 0.01192286, 0.000875301, 3.3, 0.0309031543826, -0.0309031543826, 1
3.305, 0.01192636, 0.000875581, 3.3, 0.0309031543826, -0.0309031543826, 1
3.306, 0.01192982, 0.000875841, 3.3, 0.0309031543826, -0.0309031543826, 1
3.307, 0.01193339, 0.000876111, 3.3, 0.0309031543826, -0.0309031543826, 1
3.308, 0.01193899, 0.000876371, 3.3, 0.0309031543826, -0.0309031543826, 1
3.309, 0.01194251, 0.000876631, 3.3, 0.0309031543826, -0.0309031543826, 1
3.31, 0.01194602, 0.000876901, 3.3, 0.0309031543826, -0.0309031543826, 1
3.311, 0.01194953, 0.000877161, 3.3, 0.0309031543826, -0.0309031543826, 1
3.312, 0.011953051, 0.000877411, 3.3, 0.0309031543826, -0.0309031543826, 1
3.313, 0.011956582, 0.000877679, 3.3, 0.0309031543826, -0.0309031543826, 1
3.314, 0.011960062, 0.00087794, 3.3, 0.0309031543826, -0.0309031543826, 1
3.315, 0.011963592, 0.000878203, 3.3, 0.0309031543826, -0.0309031543826, 1
3.316, 0.011967103, 0.000878464, 3.3, 0.0309031543826, -0.0309031543826, 1
3.317, 0.011970612, 0.000878724, 3.3, 0.0309031543826, -0.0309031543826, 1
3.318, 0.011974073, 0.000878983, 3.3, 0.0309031543826, -0.0309031543826, 1
3.319, 0.011977612, 0.00087924, 3.3, 0.0309031543826, -0.0309031543826, 1
3.32, 0.011981123, 0.000879502, 3.3, 0.0309031543826, -0.0309031543826, 1
3.321, 0.011984613, 0.000879762, 3.3, 0.0309031543826, -0.0309031543826, 1
3.322, 0.011988093, 0.000880033, 3.3, 0.0309031543826, -0.0309031543826, 1
3.323, 0.011991562, 0.000880301, 3.3, 0.0309031543826, -0.0309031543826, 1
3.324, 0.011995063, 0.000880561, 3.3, 0.0309031543826, -0.0309031543826, 1
3.325, 0.011998513, 0.0008808, 3.3, 0.0309031543826, -0.0309031543826, 1
3.326, 0.012002063, 0.00088105, 3.3, 0.0309031543826, -0.0309031543826, 1
3.327, 0.012005533, 0.0008813, 3.3, 0.0309031543826, -0.0309031543826, 1
3.328, 0.012009023, 0.00088157, 3.3, 0.0309031543826, -0.0309031543826, 1
3.329, 0.012012533, 0.00088182, 3.3, 0.0309031543826, -0.0309031543826, 1
3.33, 0.012015993, 0.00088208, 3.3, 0.0309031543826, -0.0309031543826, 1
3.331, 0.012019543, 0.00088234, 3.3, 0.0309031543826, -0.0309031543826, 1
3.332, 0.012022973, 0.00088259, 3.3, 0.0309031543826, -0.0309031543826, 1
3.333, 0.012026433, 0.000882838, 3.3, 0.0309031543826, -0.0309031543826, 1
3.334, 0.012029883, 0.000883089, 3.3, 0.0309031543826, -0.0309031543826, 1
3.335, 0.012033344, 0.000883349, 3.3, 0.0309031543826, -0.0309031543826, 1
3.336, 0.012036804, 0.000883607, 3.3, 0.0309031543826, -0.0309031543826, 1
3.337, 0.012040263, 0.000883877, 3.3, 0.0309031543826, -0.0309031543826, 1
3.338, 0.012043723, 0.000884149, 3.3, 0.0309031543826, -0.0309031543826, 1
3.339, 0.012047203, 0.000884408, 3.3, 0.0309031543826, -0.0309031543826, 1
3.34, 0.012050674, 0.000884669, 3.3, 0.0309031543826, -0.0309031543826, 1
3.341, 0.012054142, 0.000884918, 3.3, 0.0309031543826, -0.0309031543826, 1
3.342, 0.012057623, 0.000885177, 3.3, 0.0309031543826, -0.0309031543826, 1
3.343, 0.012061073, 0.000885436, 3.3, 0.0309031543826, -0.0309031543826, 1
3.344, 0.012064532, 0.000885695, 3.3, 0.0309031543826, -0.0309031543826, 1
3.345, 0.012068012, 0.000885955, 3.3, 0.0309031543826, -0.0309031543826, 1
3.346, 0.012071492, 0.000886206, 3.3, 0.0309031543826, -0.0309031543826, 1
3.347, 0.012074962, 0.000886457, 3.3, 0.0309031543826, -0.0309031543826, 1
3.348, 0.012078432, 0.000886707, 3.3, 0.0309031543826, -0.0309031543826, 1
3.349, 0.012081892, 0.000886967, 3.3, 0.0309031543826, -0.0309031543826, 1
3.35, 0.012085352, 0.000887217, 3.3, 0.0309031543826, -0.0309031543826, 1
3.351, 0.012088822, 0.000887457, 3.3, 0.0309031543826, -0.0309031543826, 1
3.352, 0.012092322, 0.000887717, 3.3, 0.0309031543826, -0.0309031543826, 1
3.353, 0.012095832, 0.000887987, 3.3, 0.0309031543826, -0.0309031543826, 1
3.354, 0.012099332, 0.000888247, 3.3, 0.0309031543826, -0.0309031543826, 1
3.355, 0.012102752, 0.000888516, 3.3, 0.0309031543826, -0.0309031543826, 1
3.356, 0.012106322, 0.000888778, 3.3, 0.0309031543826, -0.0309031543826, 1
3.357, 0.012109802, 0.00088903, 3.3, 0.0309031543826, -0.0309031543826, 1
3.358, 0.012113272, 0.000889292, 3.3, 0.0309031543826, -0.0309031543826, 1
3.359, 0.012116781, 0.000889564, 3.3, 0.0309031543826, -0.0309031543826, 1
3.36, 0.012120292, 0.000889824, 3.3, 0.0309031543826, -0.0309031543826, 1
3.361, 0.012123801, 0.000890074, 3.3, 0.0309031543826, -0.0309031543826, 1
3.362, 0.012127281, 0.000890334, 3.3, 0.0309031543826, -0.0309031543826, 1
3.363, 0.012133102, 0.000890595, 3.3, 0.0309031543826, -0.0309031543826, 1
3.364, 0.012136683, 0.000890857, 3.3, 0.0309031543826, -0.0309031543826, 1
3.365, 0.012140183, 0.000891116, 3.3, 0.0309031543826, -0.0309031543826, 1
3.366, 0.012143672, 0.000891378, 3.3, 0.0309031543826, -0.0309031543826, 1
3.367, 0.012147132, 0.000891631, 3.3, 0.0309031543826, -0.0309031543826, 1
3.368, 0.012150642, 0.000891881, 3.3, 0.0309031543826, -0.0309031543826, 1
3.369, 0.012154112, 0.000892151, 3.3, 0.0309031543826, -0.0309031543826, 1
3.37, 0.012157592, 0.000892411, 3.3, 0.0309031543826, -0.0309031543826, 1
3.371, 0.012161072, 0.000892681, 3.3, 0.0309031543826, -0.0309031543826, 1
3.372, 0.012164552, 0.000892941, 3.3, 0.0309031543826, -0.0309031543826, 1
3.373, 0.012168012, 0.000893201, 3.3, 0.0309031543826, -0.0309031543826, 1
3.374, 0.012171492, 0.000893451, 3.3, 0.0309031543826, -0.0309031543826, 1
3.375, 0.012174942, 0.000893711, 3.3, 0.0309031543826, -0.0309031543826, 1
3.376, 0.012178412, 0.000893973, 3.3, 0.0309031543826, -0.0309031543826, 1
3.377, 0.012181852, 0.000894242, 3.3, 0.0309031543826, -0.0309031543826, 1
3.378, 0.012185443, 0.000894493, 3.3, 0.0309031543826, -0.0309031543826, 1
3.379, 0.012188934, 0.000894763, 3.3, 0.0309031543826, -0.0309031543826, 1
3.38, 0.012192545, 0.000895032, 3.3, 0.0309031543826, -0.0309031543826, 1
3.381, 0.012196135, 0.00089527, 3.3, 0.0309031543826, -0.0309031543826, 1
3.382, 0.012199634, 0.00089553, 3.3, 0.0309031543826, -0.0309031543826, 1
3.383, 0.012203124, 0.00089579, 3.3, 0.0309031543826, -0.0309031543826, 1
3.384, 0.012206564, 0.00089604, 3.3, 0.0309031543826, -0.0309031543826, 1
3.385, 0.012210075, 0.000896301, 3.3, 0.0309031543826, -0.0309031543826, 1
3.386, 0.012213635, 0.000896562, 3.3, 0.0309031543826, -0.0309031543826, 1
3.387, 0.012217096, 0.000896821, 3.3, 0.0309031543826, -0.0309031543826, 1
3.388, 0.012220666, 0.00089707, 3.3, 0.0309031543826, -0.0309031543826, 1
3.389, 0.012224226, 0.000897331, 3.3, 0.0309031543826, -0.0309031543826, 1
3.39, 0.012227856, 0.000897591, 3.3, 0.0309031543826, -0.0309031543826, 1
3.391, 0.012231416, 0.000897861, 3.3, 0.0309031543826, -0.0309031543826, 1
3.392, 0.012234906, 0.000898121, 3.3, 0.0309031543826, -0.0309031543826, 1
3.393, 0.012238346, 0.000898381, 3.3, 0.0309031543826, -0.0309031543826, 1
3.394, 0.012241926, 0.000898631, 3.3, 0.0309031543826, -0.0309031543826, 1
3.395, 0.012245556, 0.000898891, 3.3, 0.0309031543826, -0.0309031543826, 1
3.396, 0.012249096, 0.000899131, 3.3, 0.0309031543826, -0.0309031543826, 1
3.397, 0.012252586, 0.000899391, 3.3, 0.0309031543826, -0.0309031543826, 1
3.398, 0.012256126, 0.000899661, 3.3, 0.0309031543826, -0.0309031543826, 1
3.399, 0.012259666, 0.000899924, 3.3, 0.0309031543826, -0.0309031543826, 1
3.4, 0.012263376, 0.000900375, 3.4, 0.0278128389444, -0.0278128389444, 1
3.401, 0.012267085, 0.000900635, 3.4, 0.0278128389444, -0.0278128389444, 1
3.402, 0.012270605, 0.000900894, 3.4, 0.0278128389444, -0.0278128389444, 1
3.403, 0.012274316, 0.000901165, 3.4, 0.0278128389444, -0.0278128389444, 1
3.404, 0.012277786, 0.000901426, 3.4, 0.0278128389444, -0.0278128389444, 1
3.405, 0.012281477, 0.000901676, 3.4, 0.0278128389444, -0.0278128389444, 1
3.406, 0.012284978, 0.000901945, 3.4, 0.0278128389444, -0.0278128389444, 1
3.407, 0.012288658, 0.000902206, 3.4, 0.0278128389444, -0.0278128389444, 1
3.408, 0.012292247, 0.000902455, 3.4, 0.0278128389444, -0.0278128389444, 1
3.409, 0.012295927, 0.000902725, 3.4, 0.0278128389444, -0.0278128389444, 1
3.41, 0.012299437, 0.000902996, 3.4, 0.0278128389444, -0.0278128389444, 1
3.411, 0.012303187, 0.000903265, 3.4, 0.0278128389444, -0.0278128389444, 1
3.412, 0.012306717, 0.000903525, 3.4, 0.0278128389444, -0.0278128389444, 1
3.413, 0.012310447, 0.000903785, 3.4, 0.0278128389444, -0.0278128389444, 1
3.414, 0.012313967, 0.000904055, 3.4, 0.0278128389444, -0.0278128389444, 1
3.415, 0.012317617, 0.000904315, 3.4, 0.0278128389444, -0.0278128389444, 1
3.416, 0.012321137, 0.000904585, 3.4, 0.0278128389444, -0.0278128389444, 1
3.417, 0.012324857, 0.000904835, 3.4, 0.0278128389444, -0.0278128389444, 1
3.418, 0.012331997, 0.000905106, 3.4, 0.0278128389444, -0.0278128389444, 1
3.419, 0.012335548, 0.000905375, 3.4, 0.0278128389444, -0.0278128389444, 1
3.42, 0.012339298, 0.000905633, 3.4, 0.0278128389444, -0.0278128389444, 1
3.421, 0.012342948, 0.000905895, 3.4, 0.0278128389444, -0.0278128389444, 1
3.422, 0.012346689, 0.000906157, 3.4, 0.0278128389444, -0.0278128389444, 1
3.423, 0.012350239, 0.000906416, 3.4, 0.0278128389444, -0.0278128389444, 1
3.424, 0.012354058, 0.000906676, 3.4, 0.0278128389444, -0.0278128389444, 1
3.425, 0.012357528, 0.000906946, 3.4, 0.0278128389444, -0.0278128389444, 1
3.426, 0.012361147, 0.000907205, 3.4, 0.0278128389444, -0.0278128389444, 1
3.427, 0.012364667, 0.000907467, 3.4, 0.0278128389444, -0.0278128389444, 1
3.428, 0.012368207, 0.000907729, 3.4, 0.0278128389444, -0.0278128389444, 1
3.429, 0.012371678, 0.000907988, 3.4, 0.0278128389444, -0.0278128389444, 1
3.43, 0.012375158, 0.000908247, 3.4, 0.0278128389444, -0.0278128389444, 1
3.431, 0.012378838, 0.000908506, 3.4, 0.0278128389444, -0.0278128389444, 1
3.432, 0.012382318, 0.000908766, 3.4, 0.0278128389444, -0.0278128389444, 1
3.433, 0.012385978, 0.000909046, 3.4, 0.0278128389444, -0.0278128389444, 1
3.434, 0.012389428, 0.000909316, 3.4, 0.0278128389444, -0.0278128389444, 1
3.435, 0.012393108, 0.000909576, 3.4, 0.0278128389444, -0.0278128389444, 1
3.436, 0.012396598, 0.000909836, 3.4, 0.0278128389444, -0.0278128389444, 1
3.437, 0.012400108, 0.000910086, 3.4, 0.0278128389444, -0.0278128389444, 1
3.438, 0.012403578, 0.000910346, 3.4, 0.0278128389444, -0.0278128389444, 1
3.439, 0.012407158, 0.000910616, 3.4, 0.0278128389444, -0.0278128389444, 1
3.44, 0.012410638, 0.000910884, 3.4, 0.0278128389444, -0.0278128389444, 1
3.441, 0.012414358, 0.000911146, 3.4, 0.0278128389444, -0.0278128389444, 1
3.442, 0.012417806, 0.000911394, 3.4, 0.0278128389444, -0.0278128389444, 1
3.443, 0.012421487, 0.000911654, 3.4, 0.0278128389444, -0.0278128389444, 1
3.444, 0.012424946, 0.000911912, 3.4, 0.0278128389444, -0.0278128389444, 1
3.445, 0.012428595, 0.000912161, 3.4, 0.0278128389444, -0.0278128389444, 1
3.446, 0.012432044, 0.000912421, 3.4, 0.0278128389444, -0.0278128389444, 1
3.447, 0.012435755, 0.000912682, 3.4, 0.0278128389444, -0.0278128389444, 1
3.448, 0.012439325, 0.000912923, 3.4, 0.0278128389444, -0.0278128389444, 1
3.449, 0.012442985, 0.000913181, 3.4, 0.0278128389444, -0.0278128389444, 1
3.45, 0.012446535, 0.00091345, 3.4, 0.0278128389444, -0.0278128389444, 1
3.451, 0.012450116, 0.00091371, 3.4, 0.0278128389444, -0.0278128389444, 1
3.452, 0.012453646, 0.000913979, 3.4, 0.0278128389444, -0.0278128389444, 1
3.453, 0.012457186, 0.000914249, 3.4, 0.0278128389444, -0.0278128389444, 1
3.454, 0.012460756, 0.000914509, 3.4, 0.0278128389444, -0.0278128389444, 1
3.455, 0.012464266, 0.000914779, 3.4, 0.0278128389444, -0.0278128389444, 1
3.456, 0.012467886, 0.000915039, 3.4, 0.0278128389444, -0.0278128389444, 1
3.457, 0.012471446, 0.000915299, 3.4, 0.0278128389444, -0.0278128389444, 1
3.458, 0.012475066, 0.000915559, 3.4, 0.0278128389444, -0.0278128389444, 1
3.459, 0.012478616, 0.000915829, 3.4, 0.0278128389444, -0.0278128389444, 1
3.46, 0.012482126, 0.00091609, 3.4, 0.0278128389444, -0.0278128389444, 1
3.461, 0.012485566, 0.00091634, 3.4, 0.0278128389444, -0.0278128389444, 1
3.462, 0.012489246, 0.000916599, 3.4, 0.0278128389444, -0.0278128389444, 1
3.463, 0.012492816, 0.000916859, 3.4, 0.0278128389444, -0.0278128389444, 1
3.464, 0.012496407, 0.000917132, 3.4, 0.0278128389444, -0.0278128389444, 1
3.465, 0.012499868, 0.000917372, 3.4, 0.0278128389444, -0.0278128389444, 1
3.466, 0.012503527, 0.00091763, 3.4, 0.0278128389444, -0.0278128389444, 1
3.467, 0.012507007, 0.000917879, 3.4, 0.0278128389444, -0.0278128389444, 1
3.468, 0.012510607, 0.000918128, 3.4, 0.0278128389444, -0.0278128389444, 1
3.469, 0.012514257, 0.000918389, 3.4, 0.0278128389444, -0.0278128389444, 1
3.47, 0.012517886, 0.000918658, 3.4, 0.0278128389444, -0.0278128389444, 1
3.471, 0.012521366, 0.000918917, 3.4, 0.0278128389444, -0.0278128389444, 1
3.472, 0.012525025, 0.000919176, 3.4, 0.0278128389444, -0.0278128389444, 1
3.473, 0.012530875, 0.000919447, 3.4, 0.0278128389444, -0.0278128389444, 1
3.474, 0.012534515, 0.000919717, 3.4, 0.0278128389444, -0.0278128389444, 1
3.475, 0.012537975, 0.000919987, 3.4, 0.0278128389444, -0.0278128389444, 1
3.476, 0.012541655, 0.000920247, 3.4, 0.0278128389444, -0.0278128389444, 1
3.477, 0.012545265, 0.000920497, 3.4, 0.0278128389444, -0.0278128389444, 1
3.478, 0.012548815, 0.000920747, 3.4, 0.0278128389444, -0.0278128389444, 1
3.479, 0.012552375, 0.000920997, 3.4, 0.0278128389444, -0.0278128389444, 1
3.48, 0.012555965, 0.000921257, 3.4, 0.0278128389444, -0.0278128389444, 1
3.481, 0.012559505, 0.000921526, 3.4, 0.0278128389444, -0.0278128389444, 1
3.482, 0.012563094, 0.000921788, 3.4, 0.0278128389444, -0.0278128389444, 1
3.483, 0.012566595, 0.00092205, 3.4, 0.0278128389444, -0.0278128389444, 1
3.484, 0.012570206, 0.000922319, 3.4, 0.0278128389444, -0.0278128389444, 1
3.485, 0.012573817, 0.000922579, 3.4, 0.0278128389444, -0.0278128389444, 1
3.486, 0.012577468, 0.000922839, 3.4, 0.0278128389444, -0.0278128389444, 1
3.487, 0.012580908, 0.00092309, 3.4, 0.0278128389444, -0.0278128389444, 1
3.488, 0.012584588, 0.00092335, 3.4, 0.0278128389444, -0.0278128389444, 1
3.489, 0.012588179, 0.00092361, 3.4, 0.0278128389444, -0.0278128389444, 1
3.49, 0.012591918, 0.000923869, 3.4, 0.0278128389444, -0.0278128389444, 1
3.491, 0.012595458, 0.000924131, 3.4, 0.0278128389444, -0.0278128389444, 1
3.492, 0.012599069, 0.000924411, 3.4, 0.0278128389444, -0.0278128389444, 1
3.493, 0.012602549, 0.000924682, 3.4, 0.0278128389444, -0.0278128389444, 1
3.494, 0.012606219, 0.000924943, 3.4, 0.0278128389444, -0.0278128389444, 1
3.495, 0.012609849, 0.000925203, 3.4, 0.0278128389444, -0.0278128389444, 1
3.496, 0.012613339, 0.000925453, 3.4, 0.0278128389444, -0.0278128389444, 1
3.497, 0.012616899, 0.000925723, 3.4, 0.0278128389444, -0.0278128389444, 1
3.498, 0.012620459, 0.000925973, 3.4, 0.0278128389444, -0.0278128389444, 1
3.499, 0.012624079, 0.000926233, 3.4, 0.0278128389444, -0.0278128389444, 1
3.5, 0.012627719, 0.000926673, 3.5, 0.0250315550499, -0.0250315550499, 1
3.501, 0.012631349, 0.000926933, 3.5, 0.0250315550499, -0.0250315550499, 1
3.502, 0.012634809, 0.000927201, 3.5, 0.0250315550499, -0.0250315550499, 1
3.503, 0.012638789, 0.000927472, 3.5, 0.0250315550499, -0.0250315550499, 1
3.504, 0.012642359, 0.000927744, 3.5, 0.0250315550499, -0.0250315550499, 1
3.505, 0.012646009, 0.000928014, 3.5, 0.0250315550499, -0.0250315550499, 1
3.506, 0.012649529, 0.000928273, 3.5, 0.0250315550499, -0.0250315550499, 1
3.507, 0.012653138, 0.000928532, 3.5, 0.0250315550499, -0.0250315550499, 1
3.508, 0.012656618, 0.000928793, 3.5, 0.0250315550499, -0.0250315550499, 1
3.509, 0.012660148, 0.000929062, 3.5, 0.0250315550499, -0.0250315550499, 1
3.51, 0.012663628, 0.000929323, 3.5, 0.0250315550499, -0.0250315550499, 1
3.511, 0.012667268, 0.000929584, 3.5, 0.0250315550499, -0.0250315550499, 1
3.512, 0.012670738, 0.000929827, 3.5, 0.0250315550499, -0.0250315550499, 1
3.513, 0.012674487, 0.000930086, 3.5, 0.0250315550499, -0.0250315550499, 1
3.514, 0.012678247, 0.000930347, 3.5, 0.0250315550499, -0.0250315550499, 1
3.515, 0.012681857, 0.000930607, 3.5, 0.0250315550499, -0.0250315550499, 1
3.516, 0.012685327, 0.000930857, 3.5, 0.0250315550499, -0.0250315550499, 1
3.517, 0.012689047, 0.000931107, 3.5, 0.0250315550499, -0.0250315550499, 1
3.518, 0.012692607, 0.000931367, 3.5, 0.0250315550499, -0.0250315550499, 1
3.519, 0.012696177, 0.000931627, 3.5, 0.0250315550499, -0.0250315550499, 1
3.52, 0.012699657, 0.000931887, 3.5, 0.0250315550499, -0.0250315550499, 1
3.521, 0.012703217, 0.000932147, 3.5, 0.0250315550499, -0.0250315550499, 1
3.522, 0.012706787, 0.000932417, 3.5, 0.0250315550499, -0.0250315550499, 1
3.523, 0.012710278, 0.000932677, 3.5, 0.0250315550499, -0.0250315550499, 1
3.524, 0.012713818, 0.000932947, 3.5, 0.0250315550499, -0.0250315550499, 1
3.525, 0.012717258, 0.000933197, 3.5, 0.0250315550499, -0.0250315550499, 1
3.526, 0.012720778, 0.000933456, 3.5, 0.0250315550499, -0.0250315550499, 1
3.527, 0.012724218, 0.000933725, 3.5, 0.0250315550499, -0.0250315550499, 1
3.528, 0.012730138, 0.000933985, 3.5, 0.0250315550499, -0.0250315550499, 1
3.529, 0.012733818, 0.000934256, 3.5, 0.0250315550499, -0.0250315550499, 1
3.53, 0.012737378, 0.000934526, 3.5, 0.0250315550499, -0.0250315550499, 1
3.531, 0.012740989, 0.000934787, 3.5, 0.0250315550499, -0.0250315550499, 1
3.532, 0.012744529, 0.000935035, 3.5, 0.0250315550499, -0.0250315550499, 1
3.533, 0.012748099, 0.000935293, 3.5, 0.0250315550499, -0.0250315550499, 1
3.534, 0.012751729, 0.000935543, 3.5, 0.0250315550499, -0.0250315550499, 1
3.535, 0.012755239, 0.000935792, 3.5, 0.0250315550499, -0.0250315550499, 1
3.536, 0.012758829, 0.000936062, 3.5, 0.0250315550499, -0.0250315550499, 1
3.537, 0.012762429, 0.000936322, 3.5, 0.0250315550499, -0.0250315550499, 1
3.538, 0.012766009, 0.000936592, 3.5, 0.0250315550499, -0.0250315550499, 1
3.539, 0.012769469, 0.000936862, 3.5, 0.0250315550499, -0.0250315550499, 1
3.54, 0.012773079, 0.000937112, 3.5, 0.0250315550499, -0.0250315550499, 1
3.541, 0.012776769, 0.000937362, 3.5, 0.0250315550499, -0.0250315550499, 1
3.542, 0.012780378, 0.000937621, 3.5, 0.0250315550499, -0.0250315550499, 1
3.543, 0.012783828, 0.000937881, 3.5, 0.0250315550499, -0.0250315550499, 1
3.544, 0.012787448, 0.000938152, 3.5, 0.0250315550499, -0.0250315550499, 1
3.545, 0.012791048, 0.000938402, 3.5, 0.0250315550499, -0.0250315550499, 1
3.546, 0.012794659, 0.000938672, 3.5, 0.0250315550499, -0.0250315550499, 1
3.547, 0.012798159, 0.000938931, 3.5, 0.0250315550499, -0.0250315550499, 1
3.548, 0.012801738, 0.000939201, 3.5, 0.0250315550499, -0.0250315550499, 1
3.549, 0.012805239, 0.000939463, 3.5, 0.0250315550499, -0.0250315550499, 1
3.55, 0.012808989, 0.000939732, 3.5, 0.0250315550499, -0.0250315550499, 1
3.551, 0.012812509, 0.000939992, 3.5, 0.0250315550499, -0.0250315550499, 1
3.552, 0.012816099, 0.000940244, 3.5, 0.0250315550499, -0.0250315550499, 1
3.553, 0.012819629, 0.000940504, 3.5, 0.0250315550499, -0.0250315550499, 1
3.554, 0.012823189, 0.000940763, 3.5, 0.0250315550499, -0.0250315550499, 1
3.555, 0.01282666, 0.000941023, 3.5, 0.0250315550499, -0.0250315550499, 1
3.556, 0.01283014, 0.000941282, 3.5, 0.0250315550499, -0.0250315550499, 1
3.557, 0.01283373, 0.000941531, 3.5, 0.0250315550499, -0.0250315550499, 1
3.558, 0.01283721, 0.000941801, 3.5, 0.0250315550499, -0.0250315550499, 1
3.559, 0.01284082, 0.000942071, 3.5, 0.0250315550499, -0.0250315550499, 1
3.56, 0.01284431, 0.000942341, 3.5, 0.0250315550499, -0.0250315550499, 1
3.561, 0.01284793, 0.000942601, 3.5, 0.0250315550499, -0.0250315550499, 1
3.562, 0.01285144, 0.000942861, 3.5, 0.0250315550499, -0.0250315550499, 1
3.563, 0.01285542, 0.000943121, 3.5, 0.0250315550499, -0.0250315550499, 1
3.564, 0.01285934, 0.000943381, 3.5, 0.0250315550499, -0.0250315550499, 1
3.565, 0.012862941, 0.000943652, 3.5, 0.0250315550499, -0.0250315550499, 1
3.566, 0.012866531, 0.000943921, 3.5, 0.0250315550499, -0.0250315550499, 1
3.567, 0.012870152, 0.000944181, 3.5, 0.0250315550499, -0.0250315550499, 1
3.568, 0.012873752, 0.00094444, 3.5, 0.0250315550499, -0.0250315550499, 1
3.569, 0.012877383, 0.000944692, 3.5, 0.0250315550499, -0.0250315550499, 1
3.57, 0.012880943, 0.000944942, 3.5, 0.0250315550499, -0.0250315550499, 1
3.571, 0.012884562, 0.0009452, 3.5, 0.0250315550499, -0.0250315550499, 1
3.572, 0.012888261, 0.00094546, 3.5, 0.0250315550499, -0.0250315550499, 1
3.573, 0.012891922, 0.00094571, 3.5, 0.0250315550499, -0.0250315550499, 1
3.574, 0.012895453, 0.000945969, 3.5, 0.0250315550499, -0.0250315550499, 1
3.575, 0.012899044, 0.000946239, 3.5, 0.0250315550499, -0.0250315550499, 1
3.576, 0.012902463, 0.000946477, 3.5, 0.0250315550499, -0.0250315550499, 1
3.577, 0.012906124, 0.000946737, 3.5, 0.0250315550499, -0.0250315550499, 1
3.578, 0.012909754, 0.000947006, 3.5, 0.0250315550499, -0.0250315550499, 1
3.579, 0.012913394, 0.000947266, 3.5, 0.0250315550499, -0.0250315550499, 1
3.58, 0.012916904, 0.000947536, 3.5, 0.0250315550499, -0.0250315550499, 1
3.581, 0.012920584, 0.000947786, 3.5, 0.0250315550499, -0.0250315550499, 1
3.582, 0.012924094, 0.000948056, 3.5, 0.0250315550499, -0.0250315550499, 1
3.583, 0.012930144, 0.000948326, 3.5, 0.0250315550499, -0.0250315550499, 1
3.584, 0.012933754, 0.000948596, 3.5, 0.0250315550499, -0.0250315550499, 1
3.585, 0.012937384, 0.000948856, 3.5, 0.0250315550499, -0.0250315550499, 1
3.586, 0.012940964, 0.000949116, 3.5, 0.0250315550499, -0.0250315550499, 1
3.587, 0.012944543, 0.000949384, 3.5, 0.0250315550499, -0.0250315550499, 1
3.588, 0.012948143, 0.000949632, 3.5, 0.0250315550499, -0.0250315550499, 1
3.589, 0.012951743, 0.000949882, 3.5, 0.0250315550499, -0.0250315550499, 1
3.59, 0.012955353, 0.00095013, 3.5, 0.0250315550499, -0.0250315550499, 1
3.591, 0.012958962, 0.000950378, 3.5, 0.0250315550499, -0.0250315550499, 1
3.592, 0.012962442, 0.000950628, 3.5, 0.0250315550499, -0.0250315550499, 1
3.593, 0.012966012, 0.00095088, 3.5, 0.0250315550499, -0.0250315550499, 1
3.594, 0.012969572, 0.000951141, 3.5, 0.0250315550499, -0.0250315550499, 1
3.595, 0.012973122, 0.000951391, 3.5, 0.0250315550499, -0.0250315550499, 1
3.596, 0.012976692, 0.000951638, 3.5, 0.0250315550499, -0.0250315550499, 1
3.597, 0.012980252, 0.000951908, 3.5, 0.0250315550499, -0.0250315550499, 1
3.598, 0.012983812, 0.000952158, 3.5, 0.0250315550499, -0.0250315550499, 1
3.599, 0.012987422, 0.000952408, 3.5, 0.0250315550499, -0.0250315550499, 1
3.6, 0.012991102, 0.000952848, 3.6, 0.0225283995449, -0.0225283995449, 1
3.601, 0.012994912, 0.000953118, 3.6, 0.0225283995449, -0.0225283995449, 1
3.602, 0.012998372, 0.000953388, 3.6, 0.0225283995449, -0.0225283995449, 1
3.603, 0.013001952, 0.000953658, 3.6, 0.0225283995449, -0.0225283995449, 1
3.604, 0.013005572, 0.000953918, 3.6, 0.0225283995449, -0.0225283995449, 1
3.605, 0.013009172, 0.000954178, 3.6, 0.0225283995449, -0.0225283995449, 1
3.606, 0.013012732, 0.00095445, 3.6, 0.0225283995449, -0.0225283995449, 1
3.607, 0.013016273, 0.000954701, 3.6, 0.0225283995449, -0.0225283995449, 1
3.608, 0.013019893, 0.000954959, 3.6, 0.0225283995449, -0.0225283995449, 1
3.609, 0.013023422, 0.000955217, 3.6, 0.0225283995449, -0.0225283995449, 1
3.61, 0.013026942, 0.000955465, 3.6, 0.0225283995449, -0.0225283995449, 1
3.611, 0.013030392, 0.000955714, 3.6, 0.0225283995449, -0.0225283995449, 1
3.612, 0.013034023, 0.000955984, 3.6, 0.0225283995449, -0.0225283995449, 1
3.613, 0.013037513, 0.000956242, 3.6, 0.0225283995449, -0.0225283995449, 1
3.614, 0.013041092, 0.000956502, 3.6, 0.0225283995449, -0.0225283995449, 1
3.615, 0.013044593, 0.000956745, 3.6, 0.0225283995449, -0.0225283995449, 1
3.616, 0.013048142, 0.000956995, 3.6, 0.0225283995449, -0.0225283995449, 1
3.617, 0.013051582, 0.000957256, 3.6, 0.0225283995449, -0.0225283995449, 1
3.618, 0.013055172, 0.000957506, 3.6, 0.0225283995449, -0.0225283995449, 1
3.619, 0.013058752, 0.000957766, 3.6, 0.0225283995449, -0.0225283995449, 1
3.62, 0.013062262, 0.000958036, 3.6, 0.0225283995449, -0.0225283995449, 1
3.621, 0.013065692, 0.000958296, 3.6, 0.0225283995449, -0.0225283995449, 1
3.622, 0.013069452, 0.000958566, 3.6, 0.0225283995449, -0.0225283995449, 1
3.623, 0.013072952, 0.000958816, 3.6, 0.0225283995449, -0.0225283995449, 1
3.624, 0.013076442, 0.000959076, 3.6, 0.0225283995449, -0.0225283995449, 1
3.625, 0.013079962, 0.000959326, 3.6, 0.0225283995449, -0.0225283995449, 1
3.626, 0.013083512, 0.000959576, 3.6, 0.0225283995449, -0.0225283995449, 1
3.627, 0.013087052, 0.000959826, 3.6, 0.0225283995449, -0.0225283995449, 1
3.628, 0.013090512, 0.000960095, 3.6, 0.0225283995449, -0.0225283995449, 1
3.629, 0.013094032, 0.000960346, 3.6, 0.0225283995449, -0.0225283995449, 1
3.63, 0.013097491, 0.000960595, 3.6, 0.0225283995449, -0.0225283995449, 1
3.631, 0.013101131, 0.000960854, 3.6, 0.0225283995449, -0.0225283995449, 1
3.632, 0.01310459, 0.000961113, 3.6, 0.0225283995449, -0.0225283995449, 1
3.633, 0.013108169, 0.000961384, 3.6, 0.0225283995449, -0.0225283995449, 1
3.634, 0.013111619, 0.000961646, 3.6, 0.0225283995449, -0.0225283995449, 1
3.635, 0.013115259, 0.000961906, 3.6, 0.0225283995449, -0.0225283995449, 1
3.636, 0.013118729, 0.000962178, 3.6, 0.0225283995449, -0.0225283995449, 1
3.637, 0.013124769, 0.000962428, 3.6, 0.0225283995449, -0.0225283995449, 1
3.638, 0.013128279, 0.000962689, 3.6, 0.0225283995449, -0.0225283995449, 1
3.639, 0.013131889, 0.000962951, 3.6, 0.0225283995449, -0.0225283995449, 1
3.64, 0.013135389, 0.00096321, 3.6, 0.0225283995449, -0.0225283995449, 1
3.641, 0.013139008, 0.00096347, 3.6, 0.0225283995449, -0.0225283995449, 1
3.642, 0.013142488, 0.00096373, 3.6, 0.0225283995449, -0.0225283995449, 1
3.643, 0.013146038, 0.000964, 3.6, 0.0225283995449, -0.0225283995449, 1
3.644, 0.013149468, 0.00096426, 3.6, 0.0225283995449, -0.0225283995449, 1
3.645, 0.013153038, 0.00096452, 3.6, 0.0225283995449, -0.0225283995449, 1
3.646, 0.013156608, 0.00096478, 3.6, 0.0225283995449, -0.0225283995449, 1
3.647, 0.013160228, 0.00096505, 3.6, 0.0225283995449, -0.0225283995449, 1
3.648, 0.013163848, 0.000965309, 3.6, 0.0225283995449, -0.0225283995449, 1
3.649, 0.013167458, 0.00096556, 3.6, 0.0225283995449, -0.0225283995449, 1
3.65, 0.013170978, 0.000965801, 3.6, 0.0225283995449, -0.0225283995449, 1
3.651, 0.013174658, 0.000966061, 3.6, 0.0225283995449, -0.0225283995449, 1
3.652, 0.013178138, 0.000966333, 3.6, 0.0225283995449, -0.0225283995449, 1
3.653, 0.013181847, 0.000966593, 3.6, 0.0225283995449, -0.0225283995449, 1
3.654, 0.013185327, 0.000966853, 3.6, 0.0225283995449, -0.0225283995449, 1
3.655, 0.013189097, 0.000967105, 3.6, 0.0225283995449, -0.0225283995449, 1
3.656, 0.013192567, 0.000967374, 3.6, 0.0225283995449, -0.0225283995449, 1
3.657, 0.013196117, 0.000967655, 3.6, 0.0225283995449, -0.0225283995449, 1
3.658, 0.013199637, 0.000967924, 3.6, 0.0225283995449, -0.0225283995449, 1
3.659, 0.013203137, 0.000968185, 3.6, 0.0225283995449, -0.0225283995449, 1
3.66, 0.013206718, 0.000968434, 3.6, 0.0225283995449, -0.0225283995449, 1
3.661, 0.013210188, 0.000968694, 3.6, 0.0225283995449, -0.0225283995449, 1
3.662, 0.013213899, 0.000968964, 3.6, 0.0225283995449, -0.0225283995449, 1
3.663, 0.013217459, 0.000969224, 3.6, 0.0225283995449, -0.0225283995449, 1
3.664, 0.013221049, 0.000969484, 3.6, 0.0225283995449, -0.0225283995449, 1
3.665, 0.013224539, 0.000969744, 3.6, 0.0225283995449, -0.0225283995449, 1
3.666, 0.013228189, 0.000970004, 3.6, 0.0225283995449, -0.0225283995449, 1
3.667, 0.013231659, 0.000970264, 3.6, 0.0225283995449, -0.0225283995449, 1
3.668, 0.013235339, 0.000970534, 3.6, 0.0225283995449, -0.0225283995449, 1
3.669, 0.013238819, 0.000970784, 3.6, 0.0225283995449, -0.0225283995449, 1
3.67, 0.013242399, 0.000971043, 3.6, 0.0225283995449, -0.0225283995449, 1
3.671, 0.013246018, 0.000971311, 3.6, 0.0225283995449, -0.0225283995449, 1
3.672, 0.013249628, 0.000971571, 3.6, 0.0225283995449, -0.0225283995449, 1
3.673, 0.013253138, 0.000971843, 3.6, 0.0225283995449, -0.0225283995449, 1
3.674, 0.013256708, 0.000972103, 3.6, 0.0225283995449, -0.0225283995449, 1
3.675, 0.013260238, 0.000972372, 3.6, 0.0225283995449, -0.0225283995449, 1
3.676, 0.013263937, 0.00097263, 3.6, 0.0225283995449, -0.0225283995449, 1
3.677, 0.013267518, 0.000972893, 3.6, 0.0225283995449, -0.0225283995449, 1
3.678, 0.013271129, 0.000973154, 3.6, 0.0225283995449, -0.0225283995449, 1
3.679, 0.013274669, 0.000973423, 3.6, 0.0225283995449, -0.0225283995449, 1
3.68, 0.013278269, 0.000973671, 3.6, 0.0225283995449, -0.0225283995449, 1
3.681, 0.013281759, 0.00097393, 3.6, 0.0225283995449, -0.0225283995449, 1
3.682, 0.013285229, 0.000974202, 3.6, 0.0225283995449, -0.0225283995449, 1
3.683, 0.013288829, 0.000974452, 3.6, 0.0225283995449, -0.0225283995449, 1
3.684, 0.013292639, 0.000974702, 3.6, 0.0225283995449, -0.0225283995449, 1
3.685, 0.013296259, 0.000974962, 3.6, 0.0225283995449, -0.0225283995449, 1
3.686, 0.013299739, 0.000975222, 3.6, 0.0225283995449, -0.0225283995449, 1
3.687, 0.013303319, 0.000975482, 3.6, 0.0225283995449, -0.0225283995449, 1
3.688, 0.013306809, 0.000975732, 3.6, 0.0225283995449, -0.0225283995449, 1
3.689, 0.013310399, 0.000976002, 3.6, 0.0225283995449, -0.0225283995449, 1
3.69, 0.013313839, 0.000976262, 3.6, 0.0225283995449, -0.0225283995449, 1
3.691, 0.013317349, 0.000976512, 3.6, 0.0225283995449, -0.0225283995449, 1
3.692, 0.013323109, 0.000976793, 3.6, 0.0225283995449, -0.0225283995449, 1
3.693, 0.013326808, 0.000977052, 3.6, 0.0225283995449, -0.0225283995449, 1
3.694, 0.013330308, 0.000977302, 3.6, 0.0225283995449, -0.0225283995449, 1
3.695, 0.013333858, 0.000977549, 3.6, 0.0225283995449, -0.0225283995449, 1
3.696, 0.013337437, 0.000977809, 3.6, 0.0225283995449, -0.0225283995449, 1
3.697, 0.013341087, 0.00097808, 3.6, 0.0225283995449, -0.0225283995449, 1
3.698, 0.013344558, 0.00097833, 3.6, 0.0225283995449, -0.0225283995449, 1
3.699, 0.013348137, 0.000978589, 3.6, 0.0225283995449, -0.0225283995449, 1
3.7, 0.013351828, 0.00097898, 3.7, 0.0202755595904, -0.0202755595904, 1
3.701, 0.013355489, 0.00097924, 3.7, 0.0202755595904, -0.0202755595904, 1
3.702, 0.013358989, 0.000979507, 3.7, 0.0202755595904, -0.0202755595904, 1
3.703, 0.013362649, 0.000979756, 3.7, 0.0202755595904, -0.0202755595904, 1
3.704, 0.013366119, 0.000980016, 3.7, 0.0202755595904, -0.0202755595904, 1
3.705, 0.013369669, 0.000980256, 3.7, 0.0202755595904, -0.0202755595904, 1
3.706, 0.013373189, 0.000980526, 3.7, 0.0202755595904, -0.0202755595904, 1
3.707, 0.013376889, 0.000980776, 3.7, 0.0202755595904, -0.0202755595904, 1
3.708, 0.013380419, 0.000981036, 3.7, 0.0202755595904, -0.0202755595904, 1
3.709, 0.013384179, 0.000981296, 3.7, 0.0202755595904, -0.0202755595904, 1
3.71, 0.013387819, 0.000981546, 3.7, 0.0202755595904, -0.0202755595904, 1
3.711, 0.013391419, 0.000981796, 3.7, 0.0202755595904, -0.0202755595904, 1
3.712, 0.013394999, 0.000982048, 3.7, 0.0202755595904, -0.0202755595904, 1
3.713, 0.013398479, 0.000982318, 3.7, 0.0202755595904, -0.0202755595904, 1
3.714, 0.013402099, 0.00098258, 3.7, 0.0202755595904, -0.0202755595904, 1
3.715, 0.0134056, 0.00098284, 3.7, 0.0202755595904, -0.0202755595904, 1
3.716, 0.01340932, 0.0009831, 3.7, 0.0202755595904, -0.0202755595904, 1
3.717, 0.013412811, 0.00098335, 3.7, 0.0202755595904, -0.0202755595904, 1
3.718, 0.013416481, 0.000983608, 3.7, 0.0202755595904, -0.0202755595904, 1
3.719, 0.013419961, 0.000983868, 3.7, 0.0202755595904, -0.0202755595904, 1
3.72, 0.013423601, 0.00098414, 3.7, 0.0202755595904, -0.0202755595904, 1
3.721, 0.01342719, 0.00098439, 3.7, 0.0202755595904, -0.0202755595904, 1
3.722, 0.01343079, 0.000984641, 3.7, 0.0202755595904, -0.0202755595904, 1
3.723, 0.013434359, 0.000984902, 3.7, 0.0202755595904, -0.0202755595904, 1
3.724, 0.013437979, 0.000985174, 3.7, 0.0202755595904, -0.0202755595904, 1
3.725, 0.013441489, 0.000985434, 3.7, 0.0202755595904, -0.0202755595904, 1
3.726, 0.013445069, 0.000985694, 3.7, 0.0202755595904, -0.0202755595904, 1
3.727, 0.013448509, 0.000985954, 3.7, 0.0202755595904, -0.0202755595904, 1
3.728, 0.013452169, 0.000986214, 3.7, 0.0202755595904, -0.0202755595904, 1
3.729, 0.013455649, 0.000986484, 3.7, 0.0202755595904, -0.0202755595904, 1
3.73, 0.013459379, 0.000986754, 3.7, 0.0202755595904, -0.0202755595904, 1
3.731, 0.013462899, 0.000987014, 3.7, 0.0202755595904, -0.0202755595904, 1
3.732, 0.013466469, 0.000987274, 3.7, 0.0202755595904, -0.0202755595904, 1
3.733, 0.01346999, 0.000987544, 3.7, 0.0202755595904, -0.0202755595904, 1
3.734, 0.01347358, 0.000987804, 3.7, 0.0202755595904, -0.0202755595904, 1
3.735, 0.013477121, 0.000988064, 3.7, 0.0202755595904, -0.0202755595904, 1
3.736, 0.013480601, 0.000988313, 3.7, 0.0202755595904, -0.0202755595904, 1
3.737, 0.013484071, 0.000988561, 3.7, 0.0202755595904, -0.0202755595904, 1
3.738, 0.013487561, 0.000988833, 3.7, 0.0202755595904, -0.0202755595904, 1
3.739, 0.013491161, 0.000989102, 3.7, 0.0202755595904, -0.0202755595904, 1
3.74, 0.013494641, 0.000989373, 3.7, 0.0202755595904, -0.0202755595904, 1
3.741, 0.01349835, 0.000989633, 3.7, 0.0202755595904, -0.0202755595904, 1
3.742, 0.013501789, 0.000989884, 3.7, 0.0202755595904, -0.0202755595904, 1
3.743, 0.013505349, 0.000990143, 3.7, 0.0202755595904, -0.0202755595904, 1
3.744, 0.013508928, 0.000990391, 3.7, 0.0202755595904, -0.0202755595904, 1
3.745, 0.013512509, 0.000990651, 3.7, 0.0202755595904, -0.0202755595904, 1
3.746, 0.013515979, 0.00099092, 3.7, 0.0202755595904, -0.0202755595904, 1
3.747, 0.013521859, 0.00099117, 3.7, 0.0202755595904, -0.0202755595904, 1
3.748, 0.013525429, 0.00099143, 3.7, 0.0202755595904, -0.0202755595904, 1
3.749, 0.013528979, 0.00099169, 3.7, 0.0202755595904, -0.0202755595904, 1
3.75, 0.013532779, 0.00099194, 3.7, 0.0202755595904, -0.0202755595904, 1
3.751, 0.013536319, 0.0009922, 3.7, 0.0202755595904, -0.0202755595904, 1
3.752, 0.013539869, 0.00099246, 3.7, 0.0202755595904, -0.0202755595904, 1
3.753, 0.013543449, 0.000992718, 3.7, 0.0202755595904, -0.0202755595904, 1
3.754, 0.013547009, 0.000992979, 3.7, 0.0202755595904, -0.0202755595904, 1
3.755, 0.013550628, 0.000993227, 3.7, 0.0202755595904, -0.0202755595904, 1
3.756, 0.013554208, 0.000993489, 3.7, 0.0202755595904, -0.0202755595904, 1
3.757, 0.013557768, 0.000993738, 3.7, 0.0202755595904, -0.0202755595904, 1
3.758, 0.013561298, 0.000994008, 3.7, 0.0202755595904, -0.0202755595904, 1
3.759, 0.013564827, 0.000994278, 3.7, 0.0202755595904, -0.0202755595904, 1
3.76, 0.013568286, 0.000994538, 3.7, 0.0202755595904, -0.0202755595904, 1
3.761, 0.013571886, 0.000994808, 3.7, 0.0202755595904, -0.0202755595904, 1
3.762, 0.013575406, 0.000995068, 3.7, 0.0202755595904, -0.0202755595904, 1
3.763, 0.013578976, 0.000995325, 3.7, 0.0202755595904, -0.0202755595904, 1
3.764, 0.013582496, 0.000995573, 3.7, 0.0202755595904, -0.0202755595904, 1
3.765, 0.013586126, 0.000995822, 3.7, 0.0202755595904, -0.0202755595904, 1
3.766, 0.013589566, 0.000996083, 3.7, 0.0202755595904, -0.0202755595904, 1
3.767, 0.013593266, 0.000996353, 3.7, 0.0202755595904, -0.0202755595904, 1
3.768, 0.013596846, 0.000996643, 3.7, 0.0202755595904, -0.0202755595904, 1
3.769, 0.013600566, 0.000996893, 3.7, 0.0202755595904, -0.0202755595904, 1
3.77, 0.013604136, 0.000997143, 3.7, 0.0202755595904, -0.0202755595904, 1
3.771, 0.013607786, 0.000997393, 3.7, 0.0202755595904, -0.0202755595904, 1
3.772, 0.013611286, 0.000997653, 3.7, 0.0202755595904, -0.0202755595904, 1
3.773, 0.013614806, 0.000997903, 3.7, 0.0202755595904, -0.0202755595904, 1
3.774, 0.013618266, 0.000998153, 3.7, 0.0202755595904, -0.0202755595904, 1
3.775, 0.013621827, 0.000998414, 3.7, 0.0202755595904, -0.0202755595904, 1
3.776, 0.013625318, 0.000998683, 3.7, 0.0202755595904, -0.0202755595904, 1
3.777, 0.013628828, 0.00099894, 3.7, 0.0202755595904, -0.0202755595904, 1
3.778, 0.013632448, 0.000999181, 3.7, 0.0202755595904, -0.0202755595904, 1
3.779, 0.013635989, 0.000999441, 3.7, 0.0202755595904, -0.0202755595904, 1
3.78, 0.013639648, 0.000999699, 3.7, 0.0202755595904, -0.0202755595904, 1
3.781, 0.013643097, 0.000999969, 3.7, 0.0202755595904, -0.0202755595904, 1
3.782, 0.013646786, 0.001000239, 3.7, 0.0202755595904, -0.0202755595904, 1
3.783, 0.013650356, 0.0010005, 3.7, 0.0202755595904, -0.0202755595904, 1
3.784, 0.013653986, 0.001000762, 3.7, 0.0202755595904, -0.0202755595904, 1
3.785, 0.013657615, 0.001001032, 3.7, 0.0202755595904, -0.0202755595904, 1
3.786, 0.013661285, 0.001001293, 3.7, 0.0202755595904, -0.0202755595904, 1
3.787, 0.013664805, 0.001001552, 3.7, 0.0202755595904, -0.0202755595904, 1
3.788, 0.013668476, 0.001001812, 3.7, 0.0202755595904, -0.0202755595904, 1
3.789, 0.013672116, 0.001002062, 3.7, 0.0202755595904, -0.0202755595904, 1
3.79, 0.013675736, 0.001002322, 3.7, 0.0202755595904, -0.0202755595904, 1
3.791, 0.013679316, 0.001002572, 3.7, 0.0202755595904, -0.0202755595904, 1
3.792, 0.013682936, 0.001002832, 3.7, 0.0202755595904, -0.0202755595904, 1
3.793, 0.013686576, 0.001003092, 3.7, 0.0202755595904, -0.0202755595904, 1
3.794, 0.013690236, 0.001003362, 3.7, 0.0202755595904, -0.0202755595904, 1
3.795, 0.013693726, 0.001003642, 3.7, 0.0202755595904, -0.0202755595904, 1
3.796, 0.013697326, 0.001003911, 3.7, 0.0202755595904, -0.0202755595904, 1
3.797, 0.013700926, 0.001004181, 3.7, 0.0202755595904, -0.0202755595904, 1
3.798, 0.013704555, 0.001004441, 3.7, 0.0202755595904, -0.0202755595904, 1
3.799, 0.013708216, 0.001004711, 3.7, 0.0202755595904, -0.0202755595904, 1
3.8, 0.013712027, 0.001005162, 3.8, 0.0182480036314, -0.0182480036314, 1
3.801, 0.013715648, 0.001005429, 3.8, 0.0182480036314, -0.0182480036314, 1
3.802, 0.013722657, 0.001005678, 3.8, 0.0182480036314, -0.0182480036314, 1
3.803, 0.013726307, 0.001005938, 3.8, 0.0182480036314, -0.0182480036314, 1
3.804, 0.013729827, 0.001006198, 3.8, 0.0182480036314, -0.0182480036314, 1
3.805, 0.013733347, 0.001006459, 3.8, 0.0182480036314, -0.0182480036314, 1
3.806, 0.013736887, 0.001006721, 3.8, 0.0182480036314, -0.0182480036314, 1
3.807, 0.013740378, 0.001006973, 3.8, 0.0182480036314, -0.0182480036314, 1
3.808, 0.013743948, 0.001007243, 3.8, 0.0182480036314, -0.0182480036314, 1
3.809, 0.013747588, 0.001007513, 3.8, 0.0182480036314, -0.0182480036314, 1
3.81, 0.013751158, 0.001007773, 3.8, 0.0182480036314, -0.0182480036314, 1
3.811, 0.013754798, 0.001008043, 3.8, 0.0182480036314, -0.0182480036314, 1
3.812, 0.013758378, 0.001008293, 3.8, 0.0182480036314, -0.0182480036314, 1
3.813, 0.013761828, 0.001008543, 3.8, 0.0182480036314, -0.0182480036314, 1
3.814, 0.013765438, 0.001008793, 3.8, 0.0182480036314, -0.0182480036314, 1
3.815, 0.013769108, 0.001009043, 3.8, 0.0182480036314, -0.0182480036314, 1
3.816, 0.013772808, 0.001009281, 3.8, 0.0182480036314, -0.0182480036314, 1
3.817, 0.013776397, 0.001009531, 3.8, 0.0182480036314, -0.0182480036314, 1
3.818, 0.013780007, 0.001009782, 3.8, 0.0182480036314, -0.0182480036314, 1
3.819, 0.013783577, 0.001010031, 3.8, 0.0182480036314, -0.0182480036314, 1
3.82, 0.013787207, 0.001010279, 3.8, 0.0182480036314, -0.0182480036314, 1
3.821, 0.013790826, 0.001010541, 3.8, 0.0182480036314, -0.0182480036314, 1
3.822, 0.013794527, 0.0010108, 3.8, 0.0182480036314, -0.0182480036314, 1
3.823, 0.013798036, 0.001011061, 3.8, 0.0182480036314, -0.0182480036314, 1
3.824, 0.013801737, 0.001011323, 3.8, 0.0182480036314, -0.0182480036314, 1
3.825, 0.013805286, 0.001011592, 3.8, 0.0182480036314, -0.0182480036314, 1
3.826, 0.013808926, 0.001011862, 3.8, 0.0182480036314, -0.0182480036314, 1
3.827, 0.013812545, 0.001012133, 3.8, 0.0182480036314, -0.0182480036314, 1
3.828, 0.013816154, 0.001012385, 3.8, 0.0182480036314, -0.0182480036314, 1
3.829, 0.013819604, 0.001012656, 3.8, 0.0182480036314, -0.0182480036314, 1
3.83, 0.013823344, 0.001012916, 3.8, 0.0182480036314, -0.0182480036314, 1
3.831, 0.013826954, 0.001013166, 3.8, 0.0182480036314, -0.0182480036314, 1
3.832, 0.013830674, 0.001013436, 3.8, 0.0182480036314, -0.0182480036314, 1
3.833, 0.013834244, 0.001013706, 3.8, 0.0182480036314, -0.0182480036314, 1
3.834, 0.013837794, 0.001013966, 3.8, 0.0182480036314, -0.0182480036314, 1
3.835, 0.013841354, 0.001014226, 3.8, 0.0182480036314, -0.0182480036314, 1
3.836, 0.013844924, 0.001014486, 3.8, 0.0182480036314, -0.0182480036314, 1
3.837, 0.013848445, 0.001014747, 3.8, 0.0182480036314, -0.0182480036314, 1
3.838, 0.013852105, 0.001015017, 3.8, 0.0182480036314, -0.0182480036314, 1
3.839, 0.013855604, 0.001015275, 3.8, 0.0182480036314, -0.0182480036314, 1
3.84, 0.013859104, 0.001015535, 3.8, 0.0182480036314, -0.0182480036314, 1
3.841, 0.013862743, 0.001015804, 3.8, 0.0182480036314, -0.0182480036314, 1
3.842, 0.013866223, 0.001016064, 3.8, 0.0182480036314, -0.0182480036314, 1
3.843, 0.013869852, 0.001016313, 3.8, 0.0182480036314, -0.0182480036314, 1
3.844, 0.013873323, 0.001016573, 3.8, 0.0182480036314, -0.0182480036314, 1
3.845, 0.013876952, 0.001016833, 3.8, 0.0182480036314, -0.0182480036314, 1
3.846, 0.013880453, 0.001017091, 3.8, 0.0182480036314, -0.0182480036314, 1
3.847, 0.013883992, 0.001017339, 3.8, 0.0182480036314, -0.0182480036314, 1
3.848, 0.013887472, 0.0010176, 3.8, 0.0182480036314, -0.0182480036314, 1
3.849, 0.013891092, 0.001017843, 3.8, 0.0182480036314, -0.0182480036314, 1
3.85, 0.013894523, 0.001018103, 3.8, 0.0182480036314, -0.0182480036314, 1
3.851, 0.013898153, 0.001018373, 3.8, 0.0182480036314, -0.0182480036314, 1
3.852, 0.013901743, 0.001018643, 3.8, 0.0182480036314, -0.0182480036314, 1
3.853, 0.013905323, 0.001018893, 3.8, 0.0182480036314, -0.0182480036314, 1
3.854, 0.013908853, 0.001019153, 3.8, 0.0182480036314, -0.0182480036314, 1
3.855, 0.013912523, 0.001019423, 3.8, 0.0182480036314, -0.0182480036314, 1
3.856, 0.013916043, 0.001019683, 3.8, 0.0182480036314, -0.0182480036314, 1
3.857, 0.013922123, 0.001019953, 3.8, 0.0182480036314, -0.0182480036314, 1
3.858, 0.013934053, 0.001020343, 3.8, 0.0182480036314, -0.0182480036314, 1
3.859, 0.013938194, 0.001020594, 3.8, 0.0182480036314, -0.0182480036314, 1
3.86, 0.013941725, 0.001020865, 3.8, 0.0182480036314, -0.0182480036314, 1
3.861, 0.013945216, 0.001021125, 3.8, 0.0182480036314, -0.0182480036314, 1
3.862, 0.013948765, 0.001021375, 3.8, 0.0182480036314, -0.0182480036314, 1
3.863, 0.013952176, 0.001021616, 3.8, 0.0182480036314, -0.0182480036314, 1
3.864, 0.013955717, 0.001021874, 3.8, 0.0182480036314, -0.0182480036314, 1
3.865, 0.013959136, 0.001022122, 3.8, 0.0182480036314, -0.0182480036314, 1
3.866, 0.013962707, 0.001022383, 3.8, 0.0182480036314, -0.0182480036314, 1
3.867, 0.013966207, 0.001022651, 3.8, 0.0182480036314, -0.0182480036314, 1
3.868, 0.013969777, 0.001022911, 3.8, 0.0182480036314, -0.0182480036314, 1
3.869, 0.013973267, 0.001023161, 3.8, 0.0182480036314, -0.0182480036314, 1
3.87, 0.013976917, 0.001023421, 3.8, 0.0182480036314, -0.0182480036314, 1
3.871, 0.013980427, 0.001023691, 3.8, 0.0182480036314, -0.0182480036314, 1
3.872, 0.013983937, 0.001023961, 3.8, 0.0182480036314, -0.0182480036314, 1
3.873, 0.013987317, 0.001024221, 3.8, 0.0182480036314, -0.0182480036314, 1
3.874, 0.013990817, 0.001024481, 3.8, 0.0182480036314, -0.0182480036314, 1
3.875, 0.013994297, 0.001024751, 3.8, 0.0182480036314, -0.0182480036314, 1
3.876, 0.013997977, 0.001025021, 3.8, 0.0182480036314, -0.0182480036314, 1
3.877, 0.014001427, 0.001025281, 3.8, 0.0182480036314, -0.0182480036314, 1
3.878, 0.014004816, 0.001025541, 3.8, 0.0182480036314, -0.0182480036314, 1
3.879, 0.014008406, 0.001025802, 3.8, 0.0182480036314, -0.0182480036314, 1
3.88, 0.014011806, 0.001026061, 3.8, 0.0182480036314, -0.0182480036314, 1
3.881, 0.014015347, 0.00102631, 3.8, 0.0182480036314, -0.0182480036314, 1
3.882, 0.014018776, 0.001026579, 3.8, 0.0182480036314, -0.0182480036314, 1
3.883, 0.014022407, 0.00102684, 3.8, 0.0182480036314, -0.0182480036314, 1
3.884, 0.014025866, 0.001027107, 3.8, 0.0182480036314, -0.0182480036314, 1
3.885, 0.014029355, 0.001027356, 3.8, 0.0182480036314, -0.0182480036314, 1
3.886, 0.014032845, 0.001027595, 3.8, 0.0182480036314, -0.0182480036314, 1
3.887, 0.014036416, 0.001027856, 3.8, 0.0182480036314, -0.0182480036314, 1
3.888, 0.014039837, 0.001028116, 3.8, 0.0182480036314, -0.0182480036314, 1
3.889, 0.014043397, 0.001028386, 3.8, 0.0182480036314, -0.0182480036314, 1
3.89, 0.014046827, 0.001028635, 3.8, 0.0182480036314, -0.0182480036314, 1
3.891, 0.014050407, 0.001028905, 3.8, 0.0182480036314, -0.0182480036314, 1
3.892, 0.014053897, 0.001029165, 3.8, 0.0182480036314, -0.0182480036314, 1
3.893, 0.014057417, 0.001029435, 3.8, 0.0182480036314, -0.0182480036314, 1
3.894, 0.014060957, 0.001029695, 3.8, 0.0182480036314, -0.0182480036314, 1
3.895, 0.014064477, 0.001029945, 3.8, 0.0182480036314, -0.0182480036314, 1
3.896, 0.014068097, 0.001030195, 3.8, 0.0182480036314, -0.0182480036314, 1
3.897, 0.014071517, 0.001030445, 3.8, 0.0182480036314, -0.0182480036314, 1
3.898, 0.014075107, 0.001030703, 3.8, 0.0182480036314, -0.0182480036314, 1
3.899, 0.014078597, 0.001030961, 3.8, 0.0182480036314, -0.0182480036314, 1
3.9, 0.014082268, 0.001031363, 3.9, 0.0164232032683, -0.0164232032683, 1
3.901, 0.014085817, 0.001031623, 3.9, 0.0164232032683, -0.0164232032683, 1
3.902, 0.014089478, 0.001031894, 3.9, 0.0164232032683, -0.0164232032683, 1
3.903, 0.014092988, 0.001032152, 3.9, 0.0164232032683, -0.0164232032683, 1
3.904, 0.014096548, 0.001032424, 3.9, 0.0164232032683, -0.0164232032683, 1
3.905, 0.014100118, 0.001032683, 3.9, 0.0164232032683, -0.0164232032683, 1
3.906, 0.014103777, 0.001032951, 3.9, 0.0164232032683, -0.0164232032683, 1
3.907, 0.014107227, 0.001033211, 3.9, 0.0164232032683, -0.0164232032683, 1
3.908, 0.014110926, 0.001033469, 3.9, 0.0164232032683, -0.0164232032683, 1
3.909, 0.014114386, 0.001033732, 3.9, 0.0164232032683, -0.0164232032683, 1
3.91, 0.014117935, 0.001033992, 3.9, 0.0164232032683, -0.0164232032683, 1
3.911, 0.014124475, 0.001034253, 3.9, 0.0164232032683, -0.0164232032683, 1
3.912, 0.014128085, 0.001034513, 3.9, 0.0164232032683, -0.0164232032683, 1
3.913, 0.014131475, 0.001034763, 3.9, 0.0164232032683, -0.0164232032683, 1
3.914, 0.014135015, 0.001035023, 3.9, 0.0164232032683, -0.0164232032683, 1
3.915, 0.014138615, 0.001035273, 3.9, 0.0164232032683, -0.0164232032683, 1
3.916, 0.014142185, 0.001035523, 3.9, 0.0164232032683, -0.0164232032683, 1
3.917, 0.014145605, 0.001035793, 3.9, 0.0164232032683, -0.0164232032683, 1
3.918, 0.014149165, 0.001036053, 3.9, 0.0164232032683, -0.0164232032683, 1
3.919, 0.014152696, 0.001036314, 3.9, 0.0164232032683, -0.0164232032683, 1
3.92, 0.014156205, 0.001036583, 3.9, 0.0164232032683, -0.0164232032683, 1
3.921, 0.014159666, 0.001036834, 3.9, 0.0164232032683, -0.0164232032683, 1
3.922, 0.014163386, 0.001037095, 3.9, 0.0164232032683, -0.0164232032683, 1
3.923, 0.014166895, 0.001037355, 3.9, 0.0164232032683, -0.0164232032683, 1
3.924, 0.014170545, 0.001037606, 3.9, 0.0164232032683, -0.0164232032683, 1
3.925, 0.014173955, 0.001037858, 3.9, 0.0164232032683, -0.0164232032683, 1
3.926, 0.014177366, 0.001038119, 3.9, 0.0164232032683, -0.0164232032683, 1
3.927, 0.014181027, 0.001038388, 3.9, 0.0164232032683, -0.0164232032683, 1
3.928, 0.014184477, 0.001038648, 3.9, 0.0164232032683, -0.0164232032683, 1
3.929, 0.014188077, 0.001038907, 3.9, 0.0164232032683, -0.0164232032683, 1
3.93, 0.014191508, 0.001039167, 3.9, 0.0164232032683, -0.0164232032683, 1
3.931, 0.014195047, 0.001039438, 3.9, 0.0164232032683, -0.0164232032683, 1
3.932, 0.014198467, 0.001039689, 3.9, 0.0164232032683, -0.0164232032683, 1
3.933, 0.014202037, 0.001039949, 3.9, 0.0164232032683, -0.0164232032683, 1
3.934, 0.014205527, 0.001040229, 3.9, 0.0164232032683, -0.0164232032683, 1
3.935, 0.014209077, 0.001040489, 3.9, 0.0164232032683, -0.0164232032683, 1
3.936, 0.014212516, 0.001040739, 3.9, 0.0164232032683, -0.0164232032683, 1
3.937, 0.014216106, 0.001040989, 3.9, 0.0164232032683, -0.0164232032683, 1
3.938, 0.014219636, 0.001041249, 3.9, 0.0164232032683, -0.0164232032683, 1
3.939, 0.014223236, 0.001041519, 3.9, 0.0164232032683, -0.0164232032683, 1
3.94, 0.014226776, 0.001041788, 3.9, 0.0164232032683, -0.0164232032683, 1
3.941, 0.014230325, 0.001042058, 3.9, 0.0164232032683, -0.0164232032683, 1
3.942, 0.014233835, 0.00104232, 3.9, 0.0164232032683, -0.0164232032683, 1
3.943, 0.014237475, 0.001042569, 3.9, 0.0164232032683, -0.0164232032683, 1
3.944, 0.014240905, 0.001042827, 3.9, 0.0164232032683, -0.0164232032683, 1
3.945, 0.014244485, 0.001043098, 3.9, 0.0164232032683, -0.0164232032683, 1
3.946, 0.014247996, 0.001043358, 3.9, 0.0164232032683, -0.0164232032683, 1
3.947, 0.014251516, 0.001043609, 3.9, 0.0164232032683, -0.0164232032683, 1
3.948, 0.014255025, 0.001043858, 3.9, 0.0164232032683, -0.0164232032683, 1
3.949, 0.014258586, 0.001044127, 3.9, 0.0164232032683, -0.0164232032683, 1
3.95, 0.014262096, 0.001044386, 3.9, 0.0164232032683, -0.0164232032683, 1
3.951, 0.014272787, 0.001044677, 3.9, 0.0164232032683, -0.0164232032683, 1
3.952, 0.014276577, 0.001044957, 3.9, 0.0164232032683, -0.0164232032683, 1
3.953, 0.014280047, 0.001045207, 3.9, 0.0164232032683, -0.0164232032683, 1
3.954, 0.014283707, 0.001045467, 3.9, 0.0164232032683, -0.0164232032683, 1
3.955, 0.014287197, 0.001045727, 3.9, 0.0164232032683, -0.0164232032683, 1
3.956, 0.014290857, 0.001045987, 3.9, 0.0164232032683, -0.0164232032683, 1
3.957, 0.014294407, 0.001046257, 3.9, 0.0164232032683, -0.0164232032683, 1
3.958, 0.014297977, 0.001046527, 3.9, 0.0164232032683, -0.0164232032683, 1
3.959, 0.014301497, 0.001046787, 3.9, 0.0164232032683, -0.0164232032683, 1
3.96, 0.014304967, 0.001047035, 3.9, 0.0164232032683, -0.0164232032683, 1
3.961, 0.014308558, 0.001047286, 3.9, 0.0164232032683, -0.0164232032683, 1
3.962, 0.014312027, 0.001047548, 3.9, 0.0164232032683, -0.0164232032683, 1
3.963, 0.014315608, 0.001047809, 3.9, 0.0164232032683, -0.0164232032683, 1
3.964, 0.014319117, 0.001048069, 3.9, 0.0164232032683, -0.0164232032683, 1
3.965, 0.014322698, 0.001048341, 3.9, 0.0164232032683, -0.0164232032683, 1
3.966, 0.014329098, 0.00104861, 3.9, 0.0164232032683, -0.0164232032683, 1
3.967, 0.014332529, 0.001048869, 3.9, 0.0164232032683, -0.0164232032683, 1
3.968, 0.014336199, 0.00104913, 3.9, 0.0164232032683, -0.0164232032683, 1
3.969, 0.01433975, 0.001049398, 3.9, 0.0164232032683, -0.0164232032683, 1
3.97, 0.014343369, 0.001049658, 3.9, 0.0164232032683, -0.0164232032683, 1
3.971, 0.014346959, 0.00104992, 3.9, 0.0164232032683, -0.0164232032683, 1
3.972, 0.014350549, 0.001050189, 3.9, 0.0164232032683, -0.0164232032683, 1
3.973, 0.014354039, 0.001050439, 3.9, 0.0164232032683, -0.0164232032683, 1
3.974, 0.014357549, 0.001050679, 3.9, 0.0164232032683, -0.0164232032683, 1
3.975, 0.014361079, 0.001050939, 3.9, 0.0164232032683, -0.0164232032683, 1
3.976, 0.014364569, 0.001051189, 3.9, 0.0164232032683, -0.0164232032683, 1
3.977, 0.014368119, 0.001051439, 3.9, 0.0164232032683, -0.0164232032683, 1
3.978, 0.014371679, 0.001051699, 3.9, 0.0164232032683, -0.0164232032683, 1
3.979, 0.014375169, 0.001051949, 3.9, 0.0164232032683, -0.0164232032683, 1
3.98, 0.01437863, 0.001052209, 3.9, 0.0164232032683, -0.0164232032683, 1
3.981, 0.01438226, 0.001052477, 3.9, 0.0164232032683, -0.0164232032683, 1
3.982, 0.01438583, 0.001052735, 3.9, 0.0164232032683, -0.0164232032683, 1
3.983, 0.014389381, 0.001052986, 3.9, 0.0164232032683, -0.0164232032683, 1
3.984, 0.01439295, 0.001053245, 3.9, 0.0164232032683, -0.0164232032683, 1
3.985, 0.014396529, 0.001053504, 3.9, 0.0164232032683, -0.0164232032683, 1
3.986, 0.014399969, 0.001053764, 3.9, 0.0164232032683, -0.0164232032683, 1
3.987, 0.014403479, 0.001054025, 3.9, 0.0164232032683, -0.0164232032683, 1
3.988, 0.014406999, 0.001054274, 3.9, 0.0164232032683, -0.0164232032683, 1
3.989, 0.01441055, 0.001054535, 3.9, 0.0164232032683, -0.0164232032683, 1
3.99, 0.01441401, 0.001054802, 3.9, 0.0164232032683, -0.0164232032683, 1
3.991, 0.0144176, 0.001055064, 3.9, 0.0164232032683, -0.0164232032683, 1
3.992, 0.014421109, 0.001055323, 3.9, 0.0164232032683, -0.0164232032683, 1
3.993, 0.014424719, 0.001055584, 3.9, 0.0164232032683, -0.0164232032683, 1
3.994, 0.014428199, 0.001055834, 3.9, 0.0164232032683, -0.0164232032683, 1
3.995, 0.014431699, 0.001056094, 3.9, 0.0164232032683, -0.0164232032683, 1
3.996, 0.014435219, 0.001056364, 3.9, 0.0164232032683, -0.0164232032683, 1
3.997, 0.014438659, 0.001056634, 3.9, 0.0164232032683, -0.0164232032683, 1
3.998, 0.014442239, 0.001056904, 3.9, 0.0164232032683, -0.0164232032683, 1
3.999, 0.014445829, 0.001057164, 3.9, 0.0164232032683, -0.0164232032683, 1
4, 0.014449539, 0.001057574, 4, 0.0147808829414, -0.0147808829414, 1
4.001, 0.014453199, 0.001057844, 4, 0.0147808829414, -0.0147808829414, 1
4.002, 0.014456709, 0.001058104, 4, 0.0147808829414, -0.0147808829414, 1
4.003, 0.01446012, 0.001058364, 4, 0.0147808829414, -0.0147808829414, 1
4.004, 0.014463691, 0.001058623, 4, 0.0147808829414, -0.0147808829414, 1
4.005, 0.014467182, 0.001058881, 4, 0.0147808829414, -0.0147808829414, 1
4.006, 0.014470772, 0.001059128, 4, 0.0147808829414, -0.0147808829414, 1
4.007, 0.014474341, 0.001059397, 4, 0.0147808829414, -0.0147808829414, 1
4.008, 0.014477901, 0.001059659, 4, 0.0147808829414, -0.0147808829414, 1
4.009, 0.014481351, 0.001059898, 4, 0.0147808829414, -0.0147808829414, 1
4.01, 0.014485001, 0.001060158, 4, 0.0147808829414, -0.0147808829414, 1
4.011, 0.014488521, 0.001060407, 4, 0.0147808829414, -0.0147808829414, 1
4.012, 0.014492112, 0.001060665, 4, 0.0147808829414, -0.0147808829414, 1
4.013, 0.014495602, 0.001060924, 4, 0.0147808829414, -0.0147808829414, 1
4.014, 0.014499162, 0.001061183, 4, 0.0147808829414, -0.0147808829414, 1
4.015, 0.014502632, 0.001061442, 4, 0.0147808829414, -0.0147808829414, 1
4.016, 0.014506052, 0.001061702, 4, 0.0147808829414, -0.0147808829414, 1
4.017, 0.014509632, 0.001061972, 4, 0.0147808829414, -0.0147808829414, 1
4.018, 0.014513202, 0.001062232, 4, 0.0147808829414, -0.0147808829414, 1
4.019, 0.014516792, 0.001062492, 4, 0.0147808829414, -0.0147808829414, 1
4.02, 0.014520222, 0.001062752, 4, 0.0147808829414, -0.0147808829414, 1
4.021, 0.014523862, 0.001063002, 4, 0.0147808829414, -0.0147808829414, 1
4.022, 0.014529942, 0.001063264, 4, 0.0147808829414, -0.0147808829414, 1
4.023, 0.014533412, 0.001063533, 4, 0.0147808829414, -0.0147808829414, 1
4.024, 0.014537111, 0.001063781, 4, 0.0147808829414, -0.0147808829414, 1
4.025, 0.014540591, 0.001064042, 4, 0.0147808829414, -0.0147808829414, 1
4.026, 0.014544151, 0.001064293, 4, 0.0147808829414, -0.0147808829414, 1
4.027, 0.014547601, 0.001064553, 4, 0.0147808829414, -0.0147808829414, 1
4.028, 0.01455107, 0.001064802, 4, 0.0147808829414, -0.0147808829414, 1
4.029, 0.014554571, 0.001065054, 4, 0.0147808829414, -0.0147808829414, 1
4.03, 0.01455797, 0.001065313, 4, 0.0147808829414, -0.0147808829414, 1
4.031, 0.01456154, 0.001065583, 4, 0.0147808829414, -0.0147808829414, 1
4.032, 0.014564989, 0.001065853, 4, 0.0147808829414, -0.0147808829414, 1
4.033, 0.014568539, 0.001066124, 4, 0.0147808829414, -0.0147808829414, 1
4.034, 0.014572088, 0.001066383, 4, 0.0147808829414, -0.0147808829414, 1
4.035, 0.014575598, 0.001066644, 4, 0.0147808829414, -0.0147808829414, 1
4.036, 0.014579108, 0.001066913, 4, 0.0147808829414, -0.0147808829414, 1
4.037, 0.014582638, 0.001067173, 4, 0.0147808829414, -0.0147808829414, 1
4.038, 0.014586088, 0.001067443, 4, 0.0147808829414, -0.0147808829414, 1
4.039, 0.014589578, 0.001067703, 4, 0.0147808829414, -0.0147808829414, 1
4.04, 0.014593108, 0.001067973, 4, 0.0147808829414, -0.0147808829414, 1
4.041, 0.014596608, 0.001068223, 4, 0.0147808829414, -0.0147808829414, 1
4.042, 0.014600138, 0.001068473, 4, 0.0147808829414, -0.0147808829414, 1
4.043, 0.014603778, 0.001068723, 4, 0.0147808829414, -0.0147808829414, 1
4.044, 0.014607178, 0.001068983, 4, 0.0147808829414, -0.0147808829414, 1
4.045, 0.014610599, 0.001069254, 4, 0.0147808829414, -0.0147808829414, 1
4.046, 0.014614128, 0.001069513, 4, 0.0147808829414, -0.0147808829414, 1
4.047, 0.014617637, 0.001069773, 4, 0.0147808829414, -0.0147808829414, 1
4.048, 0.014621127, 0.001070044, 4, 0.0147808829414, -0.0147808829414, 1
4.049, 0.014624558, 0.001070305, 4, 0.0147808829414, -0.0147808829414, 1
4.05, 0.014628147, 0.001070574, 4, 0.0147808829414, -0.0147808829414, 1
4.051, 0.014631568, 0.001070846, 4, 0.0147808829414, -0.0147808829414, 1
4.052, 0.014635088, 0.001071115, 4, 0.0147808829414, -0.0147808829414, 1
4.053, 0.014638489, 0.001071374, 4, 0.0147808829414, -0.0147808829414, 1
4.054, 0.014642019, 0.001071623, 4, 0.0147808829414, -0.0147808829414, 1
4.055, 0.014645409, 0.001071886, 4, 0.0147808829414, -0.0147808829414, 1
4.056, 0.014648939, 0.001072147, 4, 0.0147808829414, -0.0147808829414, 1
4.057, 0.014652479, 0.001072397, 4, 0.0147808829414, -0.0147808829414, 1
4.058, 0.014656009, 0.001072657, 4, 0.0147808829414, -0.0147808829414, 1
4.059, 0.014659519, 0.001072917, 4, 0.0147808829414, -0.0147808829414, 1
4.06, 0.014663149, 0.001073167, 4, 0.0147808829414, -0.0147808829414, 1
4.061, 0.014666749, 0.001073417, 4, 0.0147808829414, -0.0147808829414, 1
4.062, 0.014670319, 0.001073667, 4, 0.0147808829414, -0.0147808829414, 1
4.063, 0.014673779, 0.001073927, 4, 0.0147808829414, -0.0147808829414, 1
4.064, 0.014677479, 0.001074207, 4, 0.0147808829414, -0.0147808829414, 1
4.065, 0.014681009, 0.001074477, 4, 0.0147808829414, -0.0147808829414, 1
4.066, 0.014684559, 0.001074735, 4, 0.0147808829414, -0.0147808829414, 1
4.067, 0.014688049, 0.001074984, 4, 0.0147808829414, -0.0147808829414, 1
4.068, 0.014691489, 0.001075244, 4, 0.0147808829414, -0.0147808829414, 1
4.069, 0.014695009, 0.001075506, 4, 0.0147808829414, -0.0147808829414, 1
4.07, 0.014698529, 0.001075757, 4, 0.0147808829414, -0.0147808829414, 1
4.071, 0.014702129, 0.001076026, 4, 0.0147808829414, -0.0147808829414, 1
4.072, 0.014705769, 0.001076295, 4, 0.0147808829414, -0.0147808829414, 1
4.073, 0.014709308, 0.001076566, 4, 0.0147808829414, -0.0147808829414, 1
4.074, 0.014712689, 0.001076828, 4, 0.0147808829414, -0.0147808829414, 1
4.075, 0.0147162, 0.001077088, 4, 0.0147808829414, -0.0147808829414, 1
4.076, 0.014719609, 0.00107736, 4, 0.0147808829414, -0.0147808829414, 1
4.077, 0.014723298, 0.00107763, 4, 0.0147808829414, -0.0147808829414, 1
4.078, 0.014729138, 0.001077901, 4, 0.0147808829414, -0.0147808829414, 1
4.079, 0.014732768, 0.001078161, 4, 0.0147808829414, -0.0147808829414, 1
4.08, 0.014736208, 0.001078421, 4, 0.0147808829414, -0.0147808829414, 1
4.081, 0.014739808, 0.001078681, 4, 0.0147808829414, -0.0147808829414, 1
4.082, 0.014743238, 0.001078931, 4, 0.0147808829414, -0.0147808829414, 1
4.083, 0.014746818, 0.001079191, 4, 0.0147808829414, -0.0147808829414, 1
4.084, 0.014750278, 0.001079451, 4, 0.0147808829414, -0.0147808829414, 1
4.085, 0.014753798, 0.001079701, 4, 0.0147808829414, -0.0147808829414, 1
4.086, 0.014757388, 0.001079952, 4, 0.0147808829414, -0.0147808829414, 1
4.087, 0.014761009, 0.001080213, 4, 0.0147808829414, -0.0147808829414, 1
4.088, 0.014764439, 0.00108047, 4, 0.0147808829414, -0.0147808829414, 1
4.089, 0.014768019, 0.001080741, 4, 0.0147808829414, -0.0147808829414, 1
4.09, 0.014771489, 0.001081001, 4, 0.0147808829414, -0.0147808829414, 1
4.091, 0.014774889, 0.001081252, 4, 0.0147808829414, -0.0147808829414, 1
4.092, 0.0147785, 0.001081513, 4, 0.0147808829414, -0.0147808829414, 1
4.093, 0.01478195, 0.001081771, 4, 0.0147808829414, -0.0147808829414, 1
4.094, 0.0147855, 0.001082032, 4, 0.0147808829414, -0.0147808829414, 1
4.095, 0.01478894, 0.00108229, 4, 0.0147808829414, -0.0147808829414, 1
4.096, 0.014792549, 0.00108255, 4, 0.0147808829414, -0.0147808829414, 1
4.097, 0.014796009, 0.00108281, 4, 0.0147808829414, -0.0147808829414, 1
4.098, 0.01479959, 0.001083059, 4, 0.0147808829414, -0.0147808829414, 1
4.099, 0.014803049, 0.001083318, 4, 0.0147808829414, -0.0147808829414, 1
4.1, 0.014806829, 0.001083739, 4.1, 0.0133027946473, -0.0133027946473, 1
4.101, 0.014810349, 0.001083999, 4.1, 0.0133027946473, -0.0133027946473, 1
4.102, 0.014813989, 0.001084269, 4.1, 0.0133027946473, -0.0133027946473, 1
4.103, 0.014817429, 0.001084519, 4.1, 0.0133027946473, -0.0133027946473, 1
4.104, 0.014820979, 0.001084789, 4.1, 0.0133027946473, -0.0133027946473, 1
4.105, 0.014824399, 0.001085039, 4.1, 0.0133027946473, -0.0133027946473, 1
4.106, 0.014828099, 0.001085299, 4.1, 0.0133027946473, -0.0133027946473, 1
4.107, 0.014831529, 0.001085559, 4.1, 0.0133027946473, -0.0133027946473, 1
4.108, 0.01483501, 0.00108583, 4.1, 0.0133027946473, -0.0133027946473, 1
4.109, 0.014838519, 0.001086099, 4.1, 0.0133027946473, -0.0133027946473, 1
4.11, 0.014842309, 0.001086368, 4.1, 0.0133027946473, -0.0133027946473, 1
4.111, 0.014845798, 0.001086627, 4.1, 0.0133027946473, -0.0133027946473, 1
4.112, 0.014849238, 0.001086878, 4.1, 0.0133027946473, -0.0133027946473, 1
4.113, 0.014852808, 0.001087137, 4.1, 0.0133027946473, -0.0133027946473, 1
4.114, 0.014856368, 0.001087406, 4.1, 0.0133027946473, -0.0133027946473, 1
4.115, 0.014859907, 0.001087664, 4.1, 0.0133027946473, -0.0133027946473, 1
4.116, 0.014863377, 0.001087946, 4.1, 0.0133027946473, -0.0133027946473, 1
4.117, 0.014866928, 0.001088215, 4.1, 0.0133027946473, -0.0133027946473, 1
4.118, 0.014870358, 0.001088486, 4.1, 0.0133027946473, -0.0133027946473, 1
4.119, 0.014873998, 0.001088757, 4.1, 0.0133027946473, -0.0133027946473, 1
4.12, 0.014877478, 0.001089016, 4.1, 0.0133027946473, -0.0133027946473, 1
4.121, 0.014881078, 0.001089287, 4.1, 0.0133027946473, -0.0133027946473, 1
4.122, 0.014884648, 0.001089547, 4.1, 0.0133027946473, -0.0133027946473, 1
4.123, 0.014888198, 0.001089807, 4.1, 0.0133027946473, -0.0133027946473, 1
4.124, 0.014891658, 0.001090047, 4.1, 0.0133027946473, -0.0133027946473, 1
4.125, 0.014895278, 0.001090307, 4.1, 0.0133027946473, -0.0133027946473, 1
4.126, 0.014898848, 0.001090557, 4.1, 0.0133027946473, -0.0133027946473, 1
4.127, 0.014902428, 0.001090827, 4.1, 0.0133027946473, -0.0133027946473, 1
4.128, 0.014905907, 0.001091087, 4.1, 0.0133027946473, -0.0133027946473, 1
4.129, 0.014909477, 0.001091347, 4.1, 0.0133027946473, -0.0133027946473, 1
4.13, 0.014913077, 0.001091606, 4.1, 0.0133027946473, -0.0133027946473, 1
4.131, 0.014916847, 0.001091869, 4.1, 0.0133027946473, -0.0133027946473, 1
4.132, 0.014920428, 0.00109213, 4.1, 0.0133027946473, -0.0133027946473, 1
4.133, 0.014926348, 0.001092399, 4.1, 0.0133027946473, -0.0133027946473, 1
4.134, 0.014929849, 0.001092652, 4.1, 0.0133027946473, -0.0133027946473, 1
4.135, 0.014933409, 0.001092911, 4.1, 0.0133027946473, -0.0133027946473, 1
4.136, 0.014936809, 0.001093171, 4.1, 0.0133027946473, -0.0133027946473, 1
4.137, 0.014940469, 0.00109342, 4.1, 0.0133027946473, -0.0133027946473, 1
4.138, 0.014943929, 0.001093682, 4.1, 0.0133027946473, -0.0133027946473, 1
4.139, 0.01494747, 0.001093943, 4.1, 0.0133027946473, -0.0133027946473, 1
4.14, 0.014951019, 0.001094212, 4.1, 0.0133027946473, -0.0133027946473, 1
4.141, 0.014954779, 0.001094472, 4.1, 0.0133027946473, -0.0133027946473, 1
4.142, 0.014958169, 0.001094721, 4.1, 0.0133027946473, -0.0133027946473, 1
4.143, 0.014961579, 0.001094981, 4.1, 0.0133027946473, -0.0133027946473, 1
4.144, 0.014965159, 0.001095231, 4.1, 0.0133027946473, -0.0133027946473, 1
4.145, 0.014968709, 0.001095481, 4.1, 0.0133027946473, -0.0133027946473, 1
4.146, 0.014972239, 0.001095751, 4.1, 0.0133027946473, -0.0133027946473, 1
4.147, 0.014975649, 0.001096011, 4.1, 0.0133027946473, -0.0133027946473, 1
4.148, 0.014979209, 0.001096261, 4.1, 0.0133027946473, -0.0133027946473, 1
4.149, 0.014982709, 0.001096521, 4.1, 0.0133027946473, -0.0133027946473, 1
4.15, 0.01498637, 0.001096782, 4.1, 0.0133027946473, -0.0133027946473, 1
4.151, 0.014989959, 0.001097054, 4.1, 0.0133027946473, -0.0133027946473, 1
4.152, 0.0149935, 0.001097315, 4.1, 0.0133027946473, -0.0133027946473, 1
4.153, 0.014996929, 0.001097565, 4.1, 0.0133027946473, -0.0133027946473, 1
4.154, 0.01500042, 0.001097826, 4.1, 0.0133027946473, -0.0133027946473, 1
4.155, 0.015003881, 0.001098075, 4.1, 0.0133027946473, -0.0133027946473, 1
4.156, 0.015007441, 0.001098324, 4.1, 0.0133027946473, -0.0133027946473, 1
4.157, 0.015010841, 0.001098575, 4.1, 0.0133027946473, -0.0133027946473, 1
4.158, 0.01501442, 0.001098833, 4.1, 0.0133027946473, -0.0133027946473, 1
4.159, 0.01501798, 0.001099073, 4.1, 0.0133027946473, -0.0133027946473, 1
4.16, 0.015021599, 0.001099333, 4.1, 0.0133027946473, -0.0133027946473, 1
4.161, 0.015025199, 0.001099592, 4.1, 0.0133027946473, -0.0133027946473, 1
4.162, 0.015028799, 0.001099831, 4.1, 0.0133027946473, -0.0133027946473, 1
4.163, 0.015032259, 0.00110008, 4.1, 0.0133027946473, -0.0133027946473, 1
4.164, 0.015035809, 0.00110034, 4.1, 0.0133027946473, -0.0133027946473, 1
4.165, 0.015039269, 0.00110059, 4.1, 0.0133027946473, -0.0133027946473, 1
4.166, 0.015042719, 0.00110085, 4.1, 0.0133027946473, -0.0133027946473, 1
4.167, 0.015046279, 0.00110111, 4.1, 0.0133027946473, -0.0133027946473, 1
4.168, 0.015049849, 0.00110136, 4.1, 0.0133027946473, -0.0133027946473, 1
4.169, 0.015053419, 0.00110162, 4.1, 0.0133027946473, -0.0133027946473, 1
4.17, 0.015056979, 0.00110188, 4.1, 0.0133027946473, -0.0133027946473, 1
4.171, 0.015060579, 0.00110214, 4.1, 0.0133027946473, -0.0133027946473, 1
4.172, 0.015064129, 0.001102411, 4.1, 0.0133027946473, -0.0133027946473, 1
4.173, 0.01506763, 0.00110267, 4.1, 0.0133027946473, -0.0133027946473, 1
4.174, 0.01507109, 0.001102917, 4.1, 0.0133027946473, -0.0133027946473, 1
4.175, 0.01507459, 0.001103167, 4.1, 0.0133027946473, -0.0133027946473, 1
4.176, 0.01507799, 0.001103426, 4.1, 0.0133027946473, -0.0133027946473, 1
4.177, 0.01508159, 0.001103686, 4.1, 0.0133027946473, -0.0133027946473, 1
4.178, 0.015085059, 0.001103945, 4.1, 0.0133027946473, -0.0133027946473, 1
4.179, 0.01508897, 0.001104205, 4.1, 0.0133027946473, -0.0133027946473, 1
4.18, 0.01509272, 0.001104458, 4.1, 0.0133027946473, -0.0133027946473, 1
4.181, 0.01509632, 0.001104717, 4.1, 0.0133027946473, -0.0133027946473, 1
4.182, 0.015099781, 0.001104979, 4.1, 0.0133027946473, -0.0133027946473, 1
4.183, 0.015103391, 0.001105238, 4.1, 0.0133027946473, -0.0133027946473, 1
4.184, 0.015106851, 0.001105498, 4.1, 0.0133027946473, -0.0133027946473, 1
4.185, 0.015110371, 0.001105758, 4.1, 0.0133027946473, -0.0133027946473, 1
4.186, 0.015113871, 0.001106018, 4.1, 0.0133027946473, -0.0133027946473, 1
4.187, 0.015117341, 0.001106268, 4.1, 0.0133027946473, -0.0133027946473, 1
4.188, 0.015123241, 0.001106538, 4.1, 0.0133027946473, -0.0133027946473, 1
4.189, 0.015126901, 0.001106798, 4.1, 0.0133027946473, -0.0133027946473, 1
4.19, 0.015130421, 0.001107048, 4.1, 0.0133027946473, -0.0133027946473, 1
4.191, 0.015133981, 0.001107318, 4.1, 0.0133027946473, -0.0133027946473, 1
4.192, 0.015137421, 0.001107578, 4.1, 0.0133027946473, -0.0133027946473, 1
4.193, 0.015141, 0.001107837, 4.1, 0.0133027946473, -0.0133027946473, 1
4.194, 0.01514444, 0.001108096, 4.1, 0.0133027946473, -0.0133027946473, 1
4.195, 0.01514804, 0.001108356, 4.1, 0.0133027946473, -0.0133027946473, 1
4.196, 0.01515148, 0.001108617, 4.1, 0.0133027946473, -0.0133027946473, 1
4.197, 0.015155061, 0.001108878, 4.1, 0.0133027946473, -0.0133027946473, 1
4.198, 0.01515856, 0.001109136, 4.1, 0.0133027946473, -0.0133027946473, 1
4.199, 0.015162, 0.001109386, 4.1, 0.0133027946473, -0.0133027946473, 1
4.2, 0.01516589, 0.001109876, 4.2, 0.0119725151826, -0.0119725151826, 1
4.201, 0.01516966, 0.001110147, 4.2, 0.0119725151826, -0.0119725151826, 1
4.202, 0.015173189, 0.001110399, 4.2, 0.0119725151826, -0.0119725151826, 1
4.203, 0.015176798, 0.001110669, 4.2, 0.0119725151826, -0.0119725151826, 1
4.204, 0.015180278, 0.00111094, 4.2, 0.0119725151826, -0.0119725151826, 1
4.205, 0.015183758, 0.0011112, 4.2, 0.0119725151826, -0.0119725151826, 1
4.206, 0.015187358, 0.00111146, 4.2, 0.0119725151826, -0.0119725151826, 1
4.207, 0.015190928, 0.00111171, 4.2, 0.0119725151826, -0.0119725151826, 1
4.208, 0.015194508, 0.00111196, 4.2, 0.0119725151826, -0.0119725151826, 1
4.209, 0.015197888, 0.00111222, 4.2, 0.0119725151826, -0.0119725151826, 1
4.21, 0.015201488, 0.00111248, 4.2, 0.0119725151826, -0.0119725151826, 1
4.211, 0.015204948, 0.00111273, 4.2, 0.0119725151826, -0.0119725151826, 1
4.212, 0.015208508, 0.00111298, 4.2, 0.0119725151826, -0.0119725151826, 1
4.213, 0.015212068, 0.00111323, 4.2, 0.0119725151826, -0.0119725151826, 1
4.214, 0.015215699, 0.001113501, 4.2, 0.0119725151826, -0.0119725151826, 1
4.215, 0.015219259, 0.00111376, 4.2, 0.0119725151826, -0.0119725151826, 1
4.216, 0.015222899, 0.001114019, 4.2, 0.0119725151826, -0.0119725151826, 1
4.217, 0.015226429, 0.001114289, 4.2, 0.0119725151826, -0.0119725151826, 1
4.218, 0.01523021, 0.001114548, 4.2, 0.0119725151826, -0.0119725151826, 1
4.219, 0.015233669, 0.001114827, 4.2, 0.0119725151826, -0.0119725151826, 1
4.22, 0.015237359, 0.001115089, 4.2, 0.0119725151826, -0.0119725151826, 1
4.221, 0.015240879, 0.001115349, 4.2, 0.0119725151826, -0.0119725151826, 1
4.222, 0.01524442, 0.001115609, 4.2, 0.0119725151826, -0.0119725151826, 1
4.223, 0.015247871, 0.001115878, 4.2, 0.0119725151826, -0.0119725151826, 1
4.224, 0.015251421, 0.001116138, 4.2, 0.0119725151826, -0.0119725151826, 1
4.225, 0.01525491, 0.001116409, 4.2, 0.0119725151826, -0.0119725151826, 1
4.226, 0.01525837, 0.001116671, 4.2, 0.0119725151826, -0.0119725151826, 1
4.227, 0.015262081, 0.001116931, 4.2, 0.0119725151826, -0.0119725151826, 1
4.228, 0.015265631, 0.001117181, 4.2, 0.0119725151826, -0.0119725151826, 1
4.229, 0.015269221, 0.001117441, 4.2, 0.0119725151826, -0.0119725151826, 1
4.23, 0.015272611, 0.001117701, 4.2, 0.0119725151826, -0.0119725151826, 1
4.231, 0.015276231, 0.001117961, 4.2, 0.0119725151826, -0.0119725151826, 1
4.232, 0.015279661, 0.001118211, 4.2, 0.0119725151826, -0.0119725151826, 1
4.233, 0.015283321, 0.001118471, 4.2, 0.0119725151826, -0.0119725151826, 1
4.234, 0.015286901, 0.001118741, 4.2, 0.0119725151826, -0.0119725151826, 1
4.235, 0.015290441, 0.001119012, 4.2, 0.0119725151826, -0.0119725151826, 1
4.236, 0.01529387, 0.001119274, 4.2, 0.0119725151826, -0.0119725151826, 1
4.237, 0.01529746, 0.001119543, 4.2, 0.0119725151826, -0.0119725151826, 1
4.238, 0.015300969, 0.001119803, 4.2, 0.0119725151826, -0.0119725151826, 1
4.239, 0.01530454, 0.001120053, 4.2, 0.0119725151826, -0.0119725151826, 1
4.24, 0.01530802, 0.001120313, 4.2, 0.0119725151826, -0.0119725151826, 1
4.241, 0.015311721, 0.001120585, 4.2, 0.0119725151826, -0.0119725151826, 1
4.242, 0.015315151, 0.001120853, 4.2, 0.0119725151826, -0.0119725151826, 1
4.243, 0.01531861, 0.001121113, 4.2, 0.0119725151826, -0.0119725151826, 1
4.244, 0.015325531, 0.001121372, 4.2, 0.0119725151826, -0.0119725151826, 1
4.245, 0.015329171, 0.001121631, 4.2, 0.0119725151826, -0.0119725151826, 1
4.246, 0.015332701, 0.001121869, 4.2, 0.0119725151826, -0.0119725151826, 1
4.247, 0.015336241, 0.00112213, 4.2, 0.0119725151826, -0.0119725151826, 1
4.248, 0.015339771, 0.00112239, 4.2, 0.0119725151826, -0.0119725151826, 1
4.249, 0.015343381, 0.00112266, 4.2, 0.0119725151826, -0.0119725151826, 1
4.25, 0.015346861, 0.00112292, 4.2, 0.0119725151826, -0.0119725151826, 1
4.251, 0.015350431, 0.00112317, 4.2, 0.0119725151826, -0.0119725151826, 1
4.252, 0.015353841, 0.00112342, 4.2, 0.0119725151826, -0.0119725151826, 1
4.253, 0.015357421, 0.00112368, 4.2, 0.0119725151826, -0.0119725151826, 1
4.254, 0.015361041, 0.00112395, 4.2, 0.0119725151826, -0.0119725151826, 1
4.255, 0.015364611, 0.001124222, 4.2, 0.0119725151826, -0.0119725151826, 1
4.256, 0.015368041, 0.001124473, 4.2, 0.0119725151826, -0.0119725151826, 1
4.257, 0.015371561, 0.001124734, 4.2, 0.0119725151826, -0.0119725151826, 1
4.258, 0.015375001, 0.001124993, 4.2, 0.0119725151826, -0.0119725151826, 1
4.259, 0.015378701, 0.001125242, 4.2, 0.0119725151826, -0.0119725151826, 1
4.26, 0.01538209, 0.001125504, 4.2, 0.0119725151826, -0.0119725151826, 1
4.261, 0.01538577, 0.001125765, 4.2, 0.0119725151826, -0.0119725151826, 1
4.262, 0.01538938, 0.001126027, 4.2, 0.0119725151826, -0.0119725151826, 1
4.263, 0.01539283, 0.00112628, 4.2, 0.0119725151826, -0.0119725151826, 1
4.264, 0.01539639, 0.001126539, 4.2, 0.0119725151826, -0.0119725151826, 1
4.265, 0.01539983, 0.001126788, 4.2, 0.0119725151826, -0.0119725151826, 1
4.266, 0.01540338, 0.001127045, 4.2, 0.0119725151826, -0.0119725151826, 1
4.267, 0.01540838, 0.001127427, 4.2, 0.0119725151826, -0.0119725151826, 1
4.268, 0.015413971, 0.001127827, 4.2, 0.0119725151826, -0.0119725151826, 1
4.269, 0.015418911, 0.001128237, 4.2, 0.0119725151826, -0.0119725151826, 1
4.27, 0.015424711, 0.001128667, 4.2, 0.0119725151826, -0.0119725151826, 1
4.271, 0.015430541, 0.001129037, 4.2, 0.0119725151826, -0.0119725151826, 1
4.272, 0.015435241, 0.001129417, 4.2, 0.0119725151826, -0.0119725151826, 1
4.273, 0.015439961, 0.001129777, 4.2, 0.0119725151826, -0.0119725151826, 1
4.274, 0.015444631, 0.001130136, 4.2, 0.0119725151826, -0.0119725151826, 1
4.275, 0.015449331, 0.001130515, 4.2, 0.0119725151826, -0.0119725151826, 1
4.276, 0.015453901, 0.001130885, 4.2, 0.0119725151826, -0.0119725151826, 1
4.277, 0.015458652, 0.001131274, 4.2, 0.0119725151826, -0.0119725151826, 1
4.278, 0.015464052, 0.001131664, 4.2, 0.0119725151826, -0.0119725151826, 1
4.279, 0.015469292, 0.001132123, 4.2, 0.0119725151826, -0.0119725151826, 1
4.28, 0.015474902, 0.001132613, 4.2, 0.0119725151826, -0.0119725151826, 1
4.281, 0.015479982, 0.001133085, 4.2, 0.0119725151826, -0.0119725151826, 1
4.282, 0.015485093, 0.001133547, 4.2, 0.0119725151826, -0.0119725151826, 1
4.283, 0.015490523, 0.001134027, 4.2, 0.0119725151826, -0.0119725151826, 1
4.284, 0.015495533, 0.001134417, 4.2, 0.0119725151826, -0.0119725151826, 1
4.285, 0.015500843, 0.001134857, 4.2, 0.0119725151826, -0.0119725151826, 1
4.286, 0.015506393, 0.001135367, 4.2, 0.0119725151826, -0.0119725151826, 1
4.287, 0.015511513, 0.001135767, 4.2, 0.0119725151826, -0.0119725151826, 1
4.288, 0.015517363, 0.001136208, 4.2, 0.0119725151826, -0.0119725151826, 1
4.289, 0.015523112, 0.001136665, 4.2, 0.0119725151826, -0.0119725151826, 1
4.29, 0.015528772, 0.001137157, 4.2, 0.0119725151826, -0.0119725151826, 1
4.291, 0.015534252, 0.001137598, 4.2, 0.0119725151826, -0.0119725151826, 1
4.292, 0.015539182, 0.001138008, 4.2, 0.0119725151826, -0.0119725151826, 1
4.293, 0.015543892, 0.001138439, 4.2, 0.0119725151826, -0.0119725151826, 1
4.294, 0.015549622, 0.001138898, 4.2, 0.0119725151826, -0.0119725151826, 1
4.295, 0.015555151, 0.001139257, 4.2, 0.0119725151826, -0.0119725151826, 1
4.296, 0.015559751, 0.001139647, 4.2, 0.0119725151826, -0.0119725151826, 1
4.297, 0.015565051, 0.001140087, 4.2, 0.0119725151826, -0.0119725151826, 1
4.298, 0.015574351, 0.001140637, 4.2, 0.0119725151826, -0.0119725151826, 1
4.299, 0.015579081, 0.001141037, 4.2, 0.0119725151826, -0.0119725151826, 1
4.3, 0.015583931, 0.001141547, 4.3, 0.0107752636643, -0.0107752636643, 1
4.301, 0.015588861, 0.001141977, 4.3, 0.0107752636643, -0.0107752636643, 1
4.302, 0.015594501, 0.001142397, 4.3, 0.0107752636643, -0.0107752636643, 1
4.303, 0.01560009, 0.001142798, 4.3, 0.0107752636643, -0.0107752636643, 1
4.304, 0.01560562, 0.001143186, 4.3, 0.0107752636643, -0.0107752636643, 1
4.305, 0.015610681, 0.001143774, 4.3, 0.0107752636643, -0.0107752636643, 1
4.306, 0.01561614, 0.001144245, 4.3, 0.0107752636643, -0.0107752636643, 1
4.307, 0.015620841, 0.001144616, 4.3, 0.0107752636643, -0.0107752636643, 1
4.308, 0.015625612, 0.001145017, 4.3, 0.0107752636643, -0.0107752636643, 1
4.309, 0.015630561, 0.001145416, 4.3, 0.0107752636643, -0.0107752636643, 1
4.31, 0.01563545, 0.001145828, 4.3, 0.0107752636643, -0.0107752636643, 1
4.311, 0.015640541, 0.001146218, 4.3, 0.0107752636643, -0.0107752636643, 1
4.312, 0.015645671, 0.001146608, 4.3, 0.0107752636643, -0.0107752636643, 1
4.313, 0.015650751, 0.001147018, 4.3, 0.0107752636643, -0.0107752636643, 1
4.314, 0.015655941, 0.001147428, 4.3, 0.0107752636643, -0.0107752636643, 1
4.315, 0.015661321, 0.001147858, 4.3, 0.0107752636643, -0.0107752636643, 1
4.316, 0.015666321, 0.001148288, 4.3, 0.0107752636643, -0.0107752636643, 1
4.317, 0.015671501, 0.001148708, 4.3, 0.0107752636643, -0.0107752636643, 1
4.318, 0.015676591, 0.001149129, 4.3, 0.0107752636643, -0.0107752636643, 1
4.319, 0.015681612, 0.00114954, 4.3, 0.0107752636643, -0.0107752636643, 1
4.32, 0.015686743, 0.001149951, 4.3, 0.0107752636643, -0.0107752636643, 1
4.321, 0.015691724, 0.001150349, 4.3, 0.0107752636643, -0.0107752636643, 1
4.322, 0.015697033, 0.001150747, 4.3, 0.0107752636643, -0.0107752636643, 1
4.323, 0.015702924, 0.001151178, 4.3, 0.0107752636643, -0.0107752636643, 1
4.324, 0.015708204, 0.001151579, 4.3, 0.0107752636643, -0.0107752636643, 1
4.325, 0.015713785, 0.001151968, 4.3, 0.0107752636643, -0.0107752636643, 1
4.326, 0.015719065, 0.001152358, 4.3, 0.0107752636643, -0.0107752636643, 1
4.327, 0.015724565, 0.001152758, 4.3, 0.0107752636643, -0.0107752636643, 1
4.328, 0.015729395, 0.001153088, 4.3, 0.0107752636643, -0.0107752636643, 1
4.329, 0.015733555, 0.001153398, 4.3, 0.0107752636643, -0.0107752636643, 1
4.33, 0.015738625, 0.001153788, 4.3, 0.0107752636643, -0.0107752636643, 1
4.331, 0.015743896, 0.001154168, 4.3, 0.0107752636643, -0.0107752636643, 1
4.332, 0.015749456, 0.001154577, 4.3, 0.0107752636643, -0.0107752636643, 1
4.333, 0.015754546, 0.001154988, 4.3, 0.0107752636643, -0.0107752636643, 1
4.334, 0.015759547, 0.001155367, 4.3, 0.0107752636643, -0.0107752636643, 1
4.335, 0.015764237, 0.001155787, 4.3, 0.0107752636643, -0.0107752636643, 1
4.336, 0.015769077, 0.001156216, 4.3, 0.0107752636643, -0.0107752636643, 1
4.337, 0.015774047, 0.001156606, 4.3, 0.0107752636643, -0.0107752636643, 1
4.338, 0.015778687, 0.001157006, 4.3, 0.0107752636643, -0.0107752636643, 1
4.339, 0.015783447, 0.001157395, 4.3, 0.0107752636643, -0.0107752636643, 1
4.34, 0.015788796, 0.001157825, 4.3, 0.0107752636643, -0.0107752636643, 1
4.341, 0.015794306, 0.001158205, 4.3, 0.0107752636643, -0.0107752636643, 1
4.342, 0.015799496, 0.001158625, 4.3, 0.0107752636643, -0.0107752636643, 1
4.343, 0.015805036, 0.001158995, 4.3, 0.0107752636643, -0.0107752636643, 1
4.344, 0.015810506, 0.001159385, 4.3, 0.0107752636643, -0.0107752636643, 1
4.345, 0.015816326, 0.001159845, 4.3, 0.0107752636643, -0.0107752636643, 1
4.346, 0.015821046, 0.001160225, 4.3, 0.0107752636643, -0.0107752636643, 1
4.347, 0.015826296, 0.001160604, 4.3, 0.0107752636643, -0.0107752636643, 1
4.348, 0.015832296, 0.001161156, 4.3, 0.0107752636643, -0.0107752636643, 1
4.349, 0.015838276, 0.001161754, 4.3, 0.0107752636643, -0.0107752636643, 1
4.35, 0.015844057, 0.001162205, 4.3, 0.0107752636643, -0.0107752636643, 1
4.351, 0.015849547, 0.001162605, 4.3, 0.0107752636643, -0.0107752636643, 1
4.352, 0.015854547, 0.001163017, 4.3, 0.0107752636643, -0.0107752636643, 1
4.353, 0.015865127, 0.001163456, 4.3, 0.0107752636643, -0.0107752636643, 1
4.354, 0.015870537, 0.001163877, 4.3, 0.0107752636643, -0.0107752636643, 1
4.355, 0.015875467, 0.001164287, 4.3, 0.0107752636643, -0.0107752636643, 1
4.356, 0.015880427, 0.001164667, 4.3, 0.0107752636643, -0.0107752636643, 1
4.357, 0.015885317, 0.001165077, 4.3, 0.0107752636643, -0.0107752636643, 1
4.358, 0.015890027, 0.001165447, 4.3, 0.0107752636643, -0.0107752636643, 1
4.359, 0.015894817, 0.001165857, 4.3, 0.0107752636643, -0.0107752636643, 1
4.36, 0.015899767, 0.001166237, 4.3, 0.0107752636643, -0.0107752636643, 1
4.361, 0.015904637, 0.001166666, 4.3, 0.0107752636643, -0.0107752636643, 1
4.362, 0.015909416, 0.001167036, 4.3, 0.0107752636643, -0.0107752636643, 1
4.363, 0.015914346, 0.001167425, 4.3, 0.0107752636643, -0.0107752636643, 1
4.364, 0.015919257, 0.001167834, 4.3, 0.0107752636643, -0.0107752636643, 1
4.365, 0.015924247, 0.001168264, 4.3, 0.0107752636643, -0.0107752636643, 1
4.366, 0.015929498, 0.001168664, 4.3, 0.0107752636643, -0.0107752636643, 1
4.367, 0.015934858, 0.00116904, 4.3, 0.0107752636643, -0.0107752636643, 1
4.368, 0.015940729, 0.00116952, 4.3, 0.0107752636643, -0.0107752636643, 1
4.369, 0.015945958, 0.00116995, 4.3, 0.0107752636643, -0.0107752636643, 1
4.37, 0.015951258, 0.00117037, 4.3, 0.0107752636643, -0.0107752636643, 1
4.371, 0.015956998, 0.00117081, 4.3, 0.0107752636643, -0.0107752636643, 1
4.372, 0.015961908, 0.00117121, 4.3, 0.0107752636643, -0.0107752636643, 1
4.373, 0.015966578, 0.00117158, 4.3, 0.0107752636643, -0.0107752636643, 1
4.374, 0.015971748, 0.00117198, 4.3, 0.0107752636643, -0.0107752636643, 1
4.375, 0.015975728, 0.001172301, 4.3, 0.0107752636643, -0.0107752636643, 1
4.376, 0.015979229, 0.00117256, 4.3, 0.0107752636643, -0.0107752636643, 1
4.377, 0.015982769, 0.001172807, 4.3, 0.0107752636643, -0.0107752636643, 1
4.378, 0.015986289, 0.001173055, 4.3, 0.0107752636643, -0.0107752636643, 1
4.379, 0.01598985, 0.001173305, 4.3, 0.0107752636643, -0.0107752636643, 1
4.38, 0.01599333, 0.001173565, 4.3, 0.0107752636643, -0.0107752636643, 1
4.381, 0.01599724, 0.001173922, 4.3, 0.0107752636643, -0.0107752636643, 1
4.382, 0.01600096, 0.001174283, 4.3, 0.0107752636643, -0.0107752636643, 1
4.383, 0.0160046, 0.001174553, 4.3, 0.0107752636643, -0.0107752636643, 1
4.384, 0.016008131, 0.001174822, 4.3, 0.0107752636643, -0.0107752636643, 1
4.385, 0.016011712, 0.001175082, 4.3, 0.0107752636643, -0.0107752636643, 1
4.386, 0.016015192, 0.001175341, 4.3, 0.0107752636643, -0.0107752636643, 1
4.387, 0.016018713, 0.001175601, 4.3, 0.0107752636643, -0.0107752636643, 1
4.388, 0.016022253, 0.001175861, 4.3, 0.0107752636643, -0.0107752636643, 1
4.389, 0.016025903, 0.001176121, 4.3, 0.0107752636643, -0.0107752636643, 1
4.39, 0.016029283, 0.001176381, 4.3, 0.0107752636643, -0.0107752636643, 1
4.391, 0.016032753, 0.001176631, 4.3, 0.0107752636643, -0.0107752636643, 1
4.392, 0.016036203, 0.001176871, 4.3, 0.0107752636643, -0.0107752636643, 1
4.393, 0.016039663, 0.001177131, 4.3, 0.0107752636643, -0.0107752636643, 1
4.394, 0.016043163, 0.001177401, 4.3, 0.0107752636643, -0.0107752636643, 1
4.395, 0.016046683, 0.001177651, 4.3, 0.0107752636643, -0.0107752636643, 1
4.396, 0.016050263, 0.001177902, 4.3, 0.0107752636643, -0.0107752636643, 1
4.397, 0.016053783, 0.001178154, 4.3, 0.0107752636643, -0.0107752636643, 1
4.398, 0.016057293, 0.001178406, 4.3, 0.0107752636643, -0.0107752636643, 1
4.399, 0.016060802, 0.001178656, 4.3, 0.0107752636643, -0.0107752636643, 1
4.4, 0.016064613, 0.001179108, 4.4, 0.00969773729788, -0.00969773729788, 1
4.401, 0.016068323, 0.001179377, 4.4, 0.00969773729788, -0.00969773729788, 1
4.402, 0.016072083, 0.001179637, 4.4, 0.00969773729788, -0.00969773729788, 1
4.403, 0.016075552, 0.001179897, 4.4, 0.00969773729788, -0.00969773729788, 1
4.404, 0.016079263, 0.001180145, 4.4, 0.00969773729788, -0.00969773729788, 1
4.405, 0.016082743, 0.001180405, 4.4, 0.00969773729788, -0.00969773729788, 1
4.406, 0.016086313, 0.001180676, 4.4, 0.00969773729788, -0.00969773729788, 1
4.407, 0.016089793, 0.001180928, 4.4, 0.00969773729788, -0.00969773729788, 1
4.408, 0.016096013, 0.001181178, 4.4, 0.00969773729788, -0.00969773729788, 1
4.409, 0.016099613, 0.001181438, 4.4, 0.00969773729788, -0.00969773729788, 1
4.41, 0.016103113, 0.001181708, 4.4, 0.00969773729788, -0.00969773729788, 1
4.411, 0.016106833, 0.001181978, 4.4, 0.00969773729788, -0.00969773729788, 1
4.412, 0.016110403, 0.001182238, 4.4, 0.00969773729788, -0.00969773729788, 1
4.413, 0.016113913, 0.001182488, 4.4, 0.00969773729788, -0.00969773729788, 1
4.414, 0.016117523, 0.001182758, 4.4, 0.00969773729788, -0.00969773729788, 1
4.415, 0.016121023, 0.001183028, 4.4, 0.00969773729788, -0.00969773729788, 1
4.416, 0.016124613, 0.001183299, 4.4, 0.00969773729788, -0.00969773729788, 1
4.417, 0.016128192, 0.001183557, 4.4, 0.00969773729788, -0.00969773729788, 1
4.418, 0.016131812, 0.00118383, 4.4, 0.00969773729788, -0.00969773729788, 1
4.419, 0.016135292, 0.001184102, 4.4, 0.00969773729788, -0.00969773729788, 1
4.42, 0.016138873, 0.001184372, 4.4, 0.00969773729788, -0.00969773729788, 1
4.421, 0.016142393, 0.001184623, 4.4, 0.00969773729788, -0.00969773729788, 1
4.422, 0.016145953, 0.001184883, 4.4, 0.00969773729788, -0.00969773729788, 1
4.423, 0.016149433, 0.001185153, 4.4, 0.00969773729788, -0.00969773729788, 1
4.424, 0.016153023, 0.001185425, 4.4, 0.00969773729788, -0.00969773729788, 1
4.425, 0.016156604, 0.001185697, 4.4, 0.00969773729788, -0.00969773729788, 1
4.426, 0.016160164, 0.001185949, 4.4, 0.00969773729788, -0.00969773729788, 1
4.427, 0.016163654, 0.001186198, 4.4, 0.00969773729788, -0.00969773729788, 1
4.428, 0.016167254, 0.001186468, 4.4, 0.00969773729788, -0.00969773729788, 1
4.429, 0.016170854, 0.001186747, 4.4, 0.00969773729788, -0.00969773729788, 1
4.43, 0.016174434, 0.001186997, 4.4, 0.00969773729788, -0.00969773729788, 1
4.431, 0.016177944, 0.001187267, 4.4, 0.00969773729788, -0.00969773729788, 1
4.432, 0.016181714, 0.001187527, 4.4, 0.00969773729788, -0.00969773729788, 1
4.433, 0.016185294, 0.001187787, 4.4, 0.00969773729788, -0.00969773729788, 1
4.434, 0.016188994, 0.001188047, 4.4, 0.00969773729788, -0.00969773729788, 1
4.435, 0.016192594, 0.001188317, 4.4, 0.00969773729788, -0.00969773729788, 1
4.436, 0.016196244, 0.001188577, 4.4, 0.00969773729788, -0.00969773729788, 1
4.437, 0.016199715, 0.001188848, 4.4, 0.00969773729788, -0.00969773729788, 1
4.438, 0.016203366, 0.001189118, 4.4, 0.00969773729788, -0.00969773729788, 1
4.439, 0.016206875, 0.001189389, 4.4, 0.00969773729788, -0.00969773729788, 1
4.44, 0.016210415, 0.001189638, 4.4, 0.00969773729788, -0.00969773729788, 1
4.441, 0.016213924, 0.001189898, 4.4, 0.00969773729788, -0.00969773729788, 1
4.442, 0.016217585, 0.001190169, 4.4, 0.00969773729788, -0.00969773729788, 1
4.443, 0.016221135, 0.001190428, 4.4, 0.00969773729788, -0.00969773729788, 1
4.444, 0.016224645, 0.001190689, 4.4, 0.00969773729788, -0.00969773729788, 1
4.445, 0.016228235, 0.001190938, 4.4, 0.00969773729788, -0.00969773729788, 1
4.446, 0.016231836, 0.001191198, 4.4, 0.00969773729788, -0.00969773729788, 1
4.447, 0.016235476, 0.001191455, 4.4, 0.00969773729788, -0.00969773729788, 1
4.448, 0.016238975, 0.001191726, 4.4, 0.00969773729788, -0.00969773729788, 1
4.449, 0.016242525, 0.001191987, 4.4, 0.00969773729788, -0.00969773729788, 1
4.45, 0.016246135, 0.001192245, 4.4, 0.00969773729788, -0.00969773729788, 1
4.451, 0.016249765, 0.001192495, 4.4, 0.00969773729788, -0.00969773729788, 1
4.452, 0.016253325, 0.001192755, 4.4, 0.00969773729788, -0.00969773729788, 1
4.453, 0.016256935, 0.001193025, 4.4, 0.00969773729788, -0.00969773729788, 1
4.454, 0.016260435, 0.001193285, 4.4, 0.00969773729788, -0.00969773729788, 1
4.455, 0.016264075, 0.001193555, 4.4, 0.00969773729788, -0.00969773729788, 1
4.456, 0.016267675, 0.001193815, 4.4, 0.00969773729788, -0.00969773729788, 1
4.457, 0.016271255, 0.001194075, 4.4, 0.00969773729788, -0.00969773729788, 1
4.458, 0.016274715, 0.001194345, 4.4, 0.00969773729788, -0.00969773729788, 1
4.459, 0.016278345, 0.001194603, 4.4, 0.00969773729788, -0.00969773729788, 1
4.46, 0.016281856, 0.001194873, 4.4, 0.00969773729788, -0.00969773729788, 1
4.461, 0.016287806, 0.00119514, 4.4, 0.00969773729788, -0.00969773729788, 1
4.462, 0.016291446, 0.0011954, 4.4, 0.00969773729788, -0.00969773729788, 1
4.463, 0.016295095, 0.00119565, 4.4, 0.00969773729788, -0.00969773729788, 1
4.464, 0.016298674, 0.001195912, 4.4, 0.00969773729788, -0.00969773729788, 1
4.465, 0.016302255, 0.001196184, 4.4, 0.00969773729788, -0.00969773729788, 1
4.466, 0.016305825, 0.001196432, 4.4, 0.00969773729788, -0.00969773729788, 1
4.467, 0.016309425, 0.001196672, 4.4, 0.00969773729788, -0.00969773729788, 1
4.468, 0.016312945, 0.00119692, 4.4, 0.00969773729788, -0.00969773729788, 1
4.469, 0.016316575, 0.001197178, 4.4, 0.00969773729788, -0.00969773729788, 1
4.47, 0.016320026, 0.001197439, 4.4, 0.00969773729788, -0.00969773729788, 1
4.471, 0.016323557, 0.001197699, 4.4, 0.00969773729788, -0.00969773729788, 1
4.472, 0.016327137, 0.001197959, 4.4, 0.00969773729788, -0.00969773729788, 1
4.473, 0.016330697, 0.001198219, 4.4, 0.00969773729788, -0.00969773729788, 1
4.474, 0.016334187, 0.001198479, 4.4, 0.00969773729788, -0.00969773729788, 1
4.475, 0.016337777, 0.001198749, 4.4, 0.00969773729788, -0.00969773729788, 1
4.476, 0.016341377, 0.001199019, 4.4, 0.00969773729788, -0.00969773729788, 1
4.477, 0.016344957, 0.001199279, 4.4, 0.00969773729788, -0.00969773729788, 1
4.478, 0.016348537, 0.001199539, 4.4, 0.00969773729788, -0.00969773729788, 1
4.479, 0.016352077, 0.0011998, 4.4, 0.00969773729788, -0.00969773729788, 1
4.48, 0.016355656, 0.001200058, 4.4, 0.00969773729788, -0.00969773729788, 1
4.481, 0.016359407, 0.001200328, 4.4, 0.00969773729788, -0.00969773729788, 1
4.482, 0.016362887, 0.001200587, 4.4, 0.00969773729788, -0.00969773729788, 1
4.483, 0.016366428, 0.001200848, 4.4, 0.00969773729788, -0.00969773729788, 1
4.484, 0.016369958, 0.001201107, 4.4, 0.00969773729788, -0.00969773729788, 1
4.485, 0.016373568, 0.001201355, 4.4, 0.00969773729788, -0.00969773729788, 1
4.486, 0.016376998, 0.001201625, 4.4, 0.00969773729788, -0.00969773729788, 1
4.487, 0.016380828, 0.001201874, 4.4, 0.00969773729788, -0.00969773729788, 1
4.488, 0.016384418, 0.001202126, 4.4, 0.00969773729788, -0.00969773729788, 1
4.489, 0.016387988, 0.001202375, 4.4, 0.00969773729788, -0.00969773729788, 1
4.49, 0.016391598, 0.001202625, 4.4, 0.00969773729788, -0.00969773729788, 1
4.491, 0.016395208, 0.001202874, 4.4, 0.00969773729788, -0.00969773729788, 1
4.492, 0.016398808, 0.001203125, 4.4, 0.00969773729788, -0.00969773729788, 1
4.493, 0.016402358, 0.001203385, 4.4, 0.00969773729788, -0.00969773729788, 1
4.494, 0.016405948, 0.001203635, 4.4, 0.00969773729788, -0.00969773729788, 1
4.495, 0.016409428, 0.001203885, 4.4, 0.00969773729788, -0.00969773729788, 1
4.496, 0.016413018, 0.001204145, 4.4, 0.00969773729788, -0.00969773729788, 1
4.497, 0.016416598, 0.001204405, 4.4, 0.00969773729788, -0.00969773729788, 1
4.498, 0.016420218, 0.001204675, 4.4, 0.00969773729788, -0.00969773729788, 1
4.499, 0.016423678, 0.001204945, 4.4, 0.00969773729788, -0.00969773729788, 1
4.5, 0.016427429, 0.001205375, 4.5, 0.00872796356809, -0.00872796356809, 1
4.501, 0.016431099, 0.001205623, 4.5, 0.00872796356809, -0.00872796356809, 1
4.502, 0.016434779, 0.001205893, 4.5, 0.00872796356809, -0.00872796356809, 1
4.503, 0.016438299, 0.001206163, 4.5, 0.00872796356809, -0.00872796356809, 1
4.504, 0.016441919, 0.001206413, 4.5, 0.00872796356809, -0.00872796356809, 1
4.505, 0.016445498, 0.001206682, 4.5, 0.00872796356809, -0.00872796356809, 1
4.506, 0.016449098, 0.001206921, 4.5, 0.00872796356809, -0.00872796356809, 1
4.507, 0.016452568, 0.001207182, 4.5, 0.00872796356809, -0.00872796356809, 1
4.508, 0.016456168, 0.001207442, 4.5, 0.00872796356809, -0.00872796356809, 1
4.509, 0.016459729, 0.001207692, 4.5, 0.00872796356809, -0.00872796356809, 1
4.51, 0.016463539, 0.001207941, 4.5, 0.00872796356809, -0.00872796356809, 1
4.511, 0.016469068, 0.001208272, 4.5, 0.00872796356809, -0.00872796356809, 1
4.512, 0.016475008, 0.001208712, 4.5, 0.00872796356809, -0.00872796356809, 1
4.513, 0.016480698, 0.001209172, 4.5, 0.00872796356809, -0.00872796356809, 1
4.514, 0.016486738, 0.001209582, 4.5, 0.00872796356809, -0.00872796356809, 1
4.515, 0.016496118, 0.001210032, 4.5, 0.00872796356809, -0.00872796356809, 1
4.516, 0.016501868, 0.001210492, 4.5, 0.00872796356809, -0.00872796356809, 1
4.517, 0.016507169, 0.001210902, 4.5, 0.00872796356809, -0.00872796356809, 1
4.518, 0.016512369, 0.001211304, 4.5, 0.00872796356809, -0.00872796356809, 1
4.519, 0.01651727, 0.001211691, 4.5, 0.00872796356809, -0.00872796356809, 1
4.52, 0.01652203, 0.00121209, 4.5, 0.00872796356809, -0.00872796356809, 1
4.521, 0.01652703, 0.00121249, 4.5, 0.00872796356809, -0.00872796356809, 1
4.522, 0.016532021, 0.001212878, 4.5, 0.00872796356809, -0.00872796356809, 1
4.523, 0.016536881, 0.00121329, 4.5, 0.00872796356809, -0.00872796356809, 1
4.524, 0.01654173, 0.001213689, 4.5, 0.00872796356809, -0.00872796356809, 1
4.525, 0.01654672, 0.001214108, 4.5, 0.00872796356809, -0.00872796356809, 1
4.526, 0.01655154, 0.001214499, 4.5, 0.00872796356809, -0.00872796356809, 1
4.527, 0.0165564, 0.001214889, 4.5, 0.00872796356809, -0.00872796356809, 1
4.528, 0.0165613, 0.001215269, 4.5, 0.00872796356809, -0.00872796356809, 1
4.529, 0.01656618, 0.001215679, 4.5, 0.00872796356809, -0.00872796356809, 1
4.53, 0.01657112, 0.001216099, 4.5, 0.00872796356809, -0.00872796356809, 1
4.531, 0.01657613, 0.001216519, 4.5, 0.00872796356809, -0.00872796356809, 1
4.532, 0.01658097, 0.001216901, 4.5, 0.00872796356809, -0.00872796356809, 1
4.533, 0.01658657, 0.00121732, 4.5, 0.00872796356809, -0.00872796356809, 1
4.534, 0.016592499, 0.001217801, 4.5, 0.00872796356809, -0.00872796356809, 1
4.535, 0.016597728, 0.001218202, 4.5, 0.00872796356809, -0.00872796356809, 1
4.536, 0.016603648, 0.001218624, 4.5, 0.00872796356809, -0.00872796356809, 1
4.537, 0.016608938, 0.001219055, 4.5, 0.00872796356809, -0.00872796356809, 1
4.538, 0.016612658, 0.001219304, 4.5, 0.00872796356809, -0.00872796356809, 1
4.539, 0.016616288, 0.001219564, 4.5, 0.00872796356809, -0.00872796356809, 1
4.54, 0.016619998, 0.001219822, 4.5, 0.00872796356809, -0.00872796356809, 1
4.541, 0.016623558, 0.001220082, 4.5, 0.00872796356809, -0.00872796356809, 1
4.542, 0.016627128, 0.001220333, 4.5, 0.00872796356809, -0.00872796356809, 1
4.543, 0.016630648, 0.001220593, 4.5, 0.00872796356809, -0.00872796356809, 1
4.544, 0.016634298, 0.001220843, 4.5, 0.00872796356809, -0.00872796356809, 1
4.545, 0.016638047, 0.001221093, 4.5, 0.00872796356809, -0.00872796356809, 1
4.546, 0.016641777, 0.001221353, 4.5, 0.00872796356809, -0.00872796356809, 1
4.547, 0.016645257, 0.001221623, 4.5, 0.00872796356809, -0.00872796356809, 1
4.548, 0.016648987, 0.001221883, 4.5, 0.00872796356809, -0.00872796356809, 1
4.549, 0.016652567, 0.001222153, 4.5, 0.00872796356809, -0.00872796356809, 1
4.55, 0.016656147, 0.001222404, 4.5, 0.00872796356809, -0.00872796356809, 1
4.551, 0.016659577, 0.001222673, 4.5, 0.00872796356809, -0.00872796356809, 1
4.552, 0.016663057, 0.001222924, 4.5, 0.00872796356809, -0.00872796356809, 1
4.553, 0.016666577, 0.001223185, 4.5, 0.00872796356809, -0.00872796356809, 1
4.554, 0.016670017, 0.001223454, 4.5, 0.00872796356809, -0.00872796356809, 1
4.555, 0.016673507, 0.001223715, 4.5, 0.00872796356809, -0.00872796356809, 1
4.556, 0.016676997, 0.001223976, 4.5, 0.00872796356809, -0.00872796356809, 1
4.557, 0.016680517, 0.001224236, 4.5, 0.00872796356809, -0.00872796356809, 1
4.558, 0.016684147, 0.001224508, 4.5, 0.00872796356809, -0.00872796356809, 1
4.559, 0.016687618, 0.001224767, 4.5, 0.00872796356809, -0.00872796356809, 1
4.56, 0.016691138, 0.001225026, 4.5, 0.00872796356809, -0.00872796356809, 1
4.561, 0.016694728, 0.001225284, 4.5, 0.00872796356809, -0.00872796356809, 1
4.562, 0.016698239, 0.001225544, 4.5, 0.00872796356809, -0.00872796356809, 1
4.563, 0.016701859, 0.001225805, 4.5, 0.00872796356809, -0.00872796356809, 1
4.564, 0.016705329, 0.001226075, 4.5, 0.00872796356809, -0.00872796356809, 1
4.565, 0.016708879, 0.001226345, 4.5, 0.00872796356809, -0.00872796356809, 1
4.566, 0.016712319, 0.001226595, 4.5, 0.00872796356809, -0.00872796356809, 1
4.567, 0.016715869, 0.001226855, 4.5, 0.00872796356809, -0.00872796356809, 1
4.568, 0.016722079, 0.001227125, 4.5, 0.00872796356809, -0.00872796356809, 1
4.569, 0.016725769, 0.001227375, 4.5, 0.00872796356809, -0.00872796356809, 1
4.57, 0.016729229, 0.001227635, 4.5, 0.00872796356809, -0.00872796356809, 1
4.571, 0.016732779, 0.001227894, 4.5, 0.00872796356809, -0.00872796356809, 1
4.572, 0.016736109, 0.001228165, 4.5, 0.00872796356809, -0.00872796356809, 1
4.573, 0.016739689, 0.001228447, 4.5, 0.00872796356809, -0.00872796356809, 1
4.574, 0.016743169, 0.001228707, 4.5, 0.00872796356809, -0.00872796356809, 1
4.575, 0.01674668, 0.001228977, 4.5, 0.00872796356809, -0.00872796356809, 1
4.576, 0.01675011, 0.001229236, 4.5, 0.00872796356809, -0.00872796356809, 1
4.577, 0.01675371, 0.001229496, 4.5, 0.00872796356809, -0.00872796356809, 1
4.578, 0.01675718, 0.001229758, 4.5, 0.00872796356809, -0.00872796356809, 1
4.579, 0.016760791, 0.001230038, 4.5, 0.00872796356809, -0.00872796356809, 1
4.58, 0.016764342, 0.001230315, 4.5, 0.00872796356809, -0.00872796356809, 1
4.581, 0.016767881, 0.001230563, 4.5, 0.00872796356809, -0.00872796356809, 1
4.582, 0.016771432, 0.001230821, 4.5, 0.00872796356809, -0.00872796356809, 1
4.583, 0.016775192, 0.001231092, 4.5, 0.00872796356809, -0.00872796356809, 1
4.584, 0.016778752, 0.001231361, 4.5, 0.00872796356809, -0.00872796356809, 1
4.585, 0.016782442, 0.001231621, 4.5, 0.00872796356809, -0.00872796356809, 1
4.586, 0.016786032, 0.001231881, 4.5, 0.00872796356809, -0.00872796356809, 1
4.587, 0.016789582, 0.001232161, 4.5, 0.00872796356809, -0.00872796356809, 1
4.588, 0.016793042, 0.001232421, 4.5, 0.00872796356809, -0.00872796356809, 1
4.589, 0.016796732, 0.001232681, 4.5, 0.00872796356809, -0.00872796356809, 1
4.59, 0.016800232, 0.001232951, 4.5, 0.00872796356809, -0.00872796356809, 1
4.591, 0.016804112, 0.001233221, 4.5, 0.00872796356809, -0.00872796356809, 1
4.592, 0.016807822, 0.001233482, 4.5, 0.00872796356809, -0.00872796356809, 1
4.593, 0.016811262, 0.001233732, 4.5, 0.00872796356809, -0.00872796356809, 1
4.594, 0.016814872, 0.001233983, 4.5, 0.00872796356809, -0.00872796356809, 1
4.595, 0.016818442, 0.001234244, 4.5, 0.00872796356809, -0.00872796356809, 1
4.596, 0.016821992, 0.001234513, 4.5, 0.00872796356809, -0.00872796356809, 1
4.597, 0.016825583, 0.001234784, 4.5, 0.00872796356809, -0.00872796356809, 1
4.598, 0.016829133, 0.001235044, 4.5, 0.00872796356809, -0.00872796356809, 1
4.599, 0.016832573, 0.001235284, 4.5, 0.00872796356809, -0.00872796356809, 1
4.6, 0.016836463, 0.001235713, 4.6, 0.00785516721128, -0.00785516721128, 1
4.601, 0.016840202, 0.001235973, 4.6, 0.00785516721128, -0.00785516721128, 1
4.602, 0.016843832, 0.001236225, 4.6, 0.00785516721128, -0.00785516721128, 1
4.603, 0.016847341, 0.001236493, 4.6, 0.00785516721128, -0.00785516721128, 1
4.604, 0.016850961, 0.001236756, 4.6, 0.00785516721128, -0.00785516721128, 1
4.605, 0.016854591, 0.001237006, 4.6, 0.00785516721128, -0.00785516721128, 1
4.606, 0.016858151, 0.001237256, 4.6, 0.00785516721128, -0.00785516721128, 1
4.607, 0.016861621, 0.001237516, 4.6, 0.00785516721128, -0.00785516721128, 1
4.608, 0.016865241, 0.001237776, 4.6, 0.00785516721128, -0.00785516721128, 1
4.609, 0.016868841, 0.001238046, 4.6, 0.00785516721128, -0.00785516721128, 1
4.61, 0.016872501, 0.001238306, 4.6, 0.00785516721128, -0.00785516721128, 1
4.611, 0.016875991, 0.001238556, 4.6, 0.00785516721128, -0.00785516721128, 1
4.612, 0.016879681, 0.001238826, 4.6, 0.00785516721128, -0.00785516721128, 1
4.613, 0.016883271, 0.001239065, 4.6, 0.00785516721128, -0.00785516721128, 1
4.614, 0.016886851, 0.001239325, 4.6, 0.00785516721128, -0.00785516721128, 1
4.615, 0.016890461, 0.001239588, 4.6, 0.00785516721128, -0.00785516721128, 1
4.616, 0.016894011, 0.001239839, 4.6, 0.00785516721128, -0.00785516721128, 1
4.617, 0.01689762, 0.001240087, 4.6, 0.00785516721128, -0.00785516721128, 1
4.618, 0.01690135, 0.001240345, 4.6, 0.00785516721128, -0.00785516721128, 1
4.619, 0.016904849, 0.001240616, 4.6, 0.00785516721128, -0.00785516721128, 1
4.62, 0.01690832, 0.001240876, 4.6, 0.00785516721128, -0.00785516721128, 1
4.621, 0.01691484, 0.001241147, 4.6, 0.00785516721128, -0.00785516721128, 1
4.622, 0.016918629, 0.001241396, 4.6, 0.00785516721128, -0.00785516721128, 1
4.623, 0.01692214, 0.001241646, 4.6, 0.00785516721128, -0.00785516721128, 1
4.624, 0.01692578, 0.001241907, 4.6, 0.00785516721128, -0.00785516721128, 1
4.625, 0.01692924, 0.001242167, 4.6, 0.00785516721128, -0.00785516721128, 1
4.626, 0.016932871, 0.001242427, 4.6, 0.00785516721128, -0.00785516721128, 1
4.627, 0.016936351, 0.001242687, 4.6, 0.00785516721128, -0.00785516721128, 1
4.628, 0.016939921, 0.001242937, 4.6, 0.00785516721128, -0.00785516721128, 1
4.629, 0.016943441, 0.001243197, 4.6, 0.00785516721128, -0.00785516721128, 1
4.63, 0.016947081, 0.001243457, 4.6, 0.00785516721128, -0.00785516721128, 1
4.631, 0.016950691, 0.001243707, 4.6, 0.00785516721128, -0.00785516721128, 1
4.632, 0.016954241, 0.001243967, 4.6, 0.00785516721128, -0.00785516721128, 1
4.633, 0.016957811, 0.001244237, 4.6, 0.00785516721128, -0.00785516721128, 1
4.634, 0.016961542, 0.001244506, 4.6, 0.00785516721128, -0.00785516721128, 1
4.635, 0.016965042, 0.001244766, 4.6, 0.00785516721128, -0.00785516721128, 1
4.636, 0.016968602, 0.001245026, 4.6, 0.00785516721128, -0.00785516721128, 1
4.637, 0.016972093, 0.001245295, 4.6, 0.00785516721128, -0.00785516721128, 1
4.638, 0.016975744, 0.001245565, 4.6, 0.00785516721128, -0.00785516721128, 1
4.639, 0.016979165, 0.001245825, 4.6, 0.00785516721128, -0.00785516721128, 1
4.64, 0.016982833, 0.001246075, 4.6, 0.00785516721128, -0.00785516721128, 1
4.641, 0.016986334, 0.001246325, 4.6, 0.00785516721128, -0.00785516721128, 1
4.642, 0.016990264, 0.001246586, 4.6, 0.00785516721128, -0.00785516721128, 1
4.643, 0.016995704, 0.001247037, 4.6, 0.00785516721128, -0.00785516721128, 1
4.644, 0.017001565, 0.001247436, 4.6, 0.00785516721128, -0.00785516721128, 1
4.645, 0.017007135, 0.001247966, 4.6, 0.00785516721128, -0.00785516721128, 1
4.646, 0.017013195, 0.001248436, 4.6, 0.00785516721128, -0.00785516721128, 1
4.647, 0.017018845, 0.001248856, 4.6, 0.00785516721128, -0.00785516721128, 1
4.648, 0.017024655, 0.001249276, 4.6, 0.00785516721128, -0.00785516721128, 1
4.649, 0.017030605, 0.001249746, 4.6, 0.00785516721128, -0.00785516721128, 1
4.65, 0.017035745, 0.001250126, 4.6, 0.00785516721128, -0.00785516721128, 1
4.651, 0.017040575, 0.001250517, 4.6, 0.00785516721128, -0.00785516721128, 1
4.652, 0.017045504, 0.001250927, 4.6, 0.00785516721128, -0.00785516721128, 1
4.653, 0.017050224, 0.001251326, 4.6, 0.00785516721128, -0.00785516721128, 1
4.654, 0.017055184, 0.001251708, 4.6, 0.00785516721128, -0.00785516721128, 1
4.655, 0.017059904, 0.001252106, 4.6, 0.00785516721128, -0.00785516721128, 1
4.656, 0.017064824, 0.001252507, 4.6, 0.00785516721128, -0.00785516721128, 1
4.657, 0.017069565, 0.001252906, 4.6, 0.00785516721128, -0.00785516721128, 1
4.658, 0.017074436, 0.001253296, 4.6, 0.00785516721128, -0.00785516721128, 1
4.659, 0.017079266, 0.001253685, 4.6, 0.00785516721128, -0.00785516721128, 1
4.66, 0.017084126, 0.001254086, 4.6, 0.00785516721128, -0.00785516721128, 1
4.661, 0.017089076, 0.001254466, 4.6, 0.00785516721128, -0.00785516721128, 1
4.662, 0.017093966, 0.001254846, 4.6, 0.00785516721128, -0.00785516721128, 1
4.663, 0.017098906, 0.001255236, 4.6, 0.00785516721128, -0.00785516721128, 1
4.664, 0.017103916, 0.001255646, 4.6, 0.00785516721128, -0.00785516721128, 1
4.665, 0.017108916, 0.001256046, 4.6, 0.00785516721128, -0.00785516721128, 1
4.666, 0.017113686, 0.001256426, 4.6, 0.00785516721128, -0.00785516721128, 1
4.667, 0.017118305, 0.001256798, 4.6, 0.00785516721128, -0.00785516721128, 1
4.668, 0.017122926, 0.001257188, 4.6, 0.00785516721128, -0.00785516721128, 1
4.669, 0.017127606, 0.001257548, 4.6, 0.00785516721128, -0.00785516721128, 1
4.67, 0.017132387, 0.001257959, 4.6, 0.00785516721128, -0.00785516721128, 1
4.671, 0.017137278, 0.001258356, 4.6, 0.00785516721128, -0.00785516721128, 1
4.672, 0.017142227, 0.001258725, 4.6, 0.00785516721128, -0.00785516721128, 1
4.673, 0.017147047, 0.001259116, 4.6, 0.00785516721128, -0.00785516721128, 1
4.674, 0.017151908, 0.001259507, 4.6, 0.00785516721128, -0.00785516721128, 1
4.675, 0.017161418, 0.001259936, 4.6, 0.00785516721128, -0.00785516721128, 1
4.676, 0.017167068, 0.001260506, 4.6, 0.00785516721128, -0.00785516721128, 1
4.677, 0.017172138, 0.001261006, 4.6, 0.00785516721128, -0.00785516721128, 1
4.678, 0.017177158, 0.001261416, 4.6, 0.00785516721128, -0.00785516721128, 1
4.679, 0.017182038, 0.001261826, 4.6, 0.00785516721128, -0.00785516721128, 1
4.68, 0.017186978, 0.001262216, 4.6, 0.00785516721128, -0.00785516721128, 1
4.681, 0.017191938, 0.001262618, 4.6, 0.00785516721128, -0.00785516721128, 1
4.682, 0.017196787, 0.001262997, 4.6, 0.00785516721128, -0.00785516721128, 1
4.683, 0.017201707, 0.001263437, 4.6, 0.00785516721128, -0.00785516721128, 1
4.684, 0.017206507, 0.001263846, 4.6, 0.00785516721128, -0.00785516721128, 1
4.685, 0.017211528, 0.001264258, 4.6, 0.00785516721128, -0.00785516721128, 1
4.686, 0.017216547, 0.001264677, 4.6, 0.00785516721128, -0.00785516721128, 1
4.687, 0.017221308, 0.001265087, 4.6, 0.00785516721128, -0.00785516721128, 1
4.688, 0.017226538, 0.001265488, 4.6, 0.00785516721128, -0.00785516721128, 1
4.689, 0.017231388, 0.001265897, 4.6, 0.00785516721128, -0.00785516721128, 1
4.69, 0.017236348, 0.001266307, 4.6, 0.00785516721128, -0.00785516721128, 1
4.691, 0.017241358, 0.001266707, 4.6, 0.00785516721128, -0.00785516721128, 1
4.692, 0.017246448, 0.001267127, 4.6, 0.00785516721128, -0.00785516721128, 1
4.693, 0.017251488, 0.001267517, 4.6, 0.00785516721128, -0.00785516721128, 1
4.694, 0.017256498, 0.001267907, 4.6, 0.00785516721128, -0.00785516721128, 1
4.695, 0.017261358, 0.001268297, 4.6, 0.00785516721128, -0.00785516721128, 1
4.696, 0.017266038, 0.001268678, 4.6, 0.00785516721128, -0.00785516721128, 1
4.697, 0.017270979, 0.001269037, 4.6, 0.00785516721128, -0.00785516721128, 1
4.698, 0.017276019, 0.001269429, 4.6, 0.00785516721128, -0.00785516721128, 1
4.699, 0.017281019, 0.001269841, 4.6, 0.00785516721128, -0.00785516721128, 1
4.7, 0.017286139, 0.00127042, 4.7, 0.00706965049015, -0.00706965049015, 1
4.701, 0.017291209, 0.001270819, 4.7, 0.00706965049015, -0.00706965049015, 1
4.702, 0.017296149, 0.001271202, 4.7, 0.00706965049015, -0.00706965049015, 1
4.703, 0.017301088, 0.001271582, 4.7, 0.00706965049015, -0.00706965049015, 1
4.704, 0.017306179, 0.001272003, 4.7, 0.00706965049015, -0.00706965049015, 1
4.705, 0.017311119, 0.001272423, 4.7, 0.00706965049015, -0.00706965049015, 1
4.706, 0.017316179, 0.001272823, 4.7, 0.00706965049015, -0.00706965049015, 1
4.707, 0.017321059, 0.001273223, 4.7, 0.00706965049015, -0.00706965049015, 1
4.708, 0.017326009, 0.001273623, 4.7, 0.00706965049015, -0.00706965049015, 1
4.709, 0.017330968, 0.001274023, 4.7, 0.00706965049015, -0.00706965049015, 1
4.71, 0.017335958, 0.001274433, 4.7, 0.00706965049015, -0.00706965049015, 1
4.711, 0.017340948, 0.001274843, 4.7, 0.00706965049015, -0.00706965049015, 1
4.712, 0.017345828, 0.001275244, 4.7, 0.00706965049015, -0.00706965049015, 1
4.713, 0.017350797, 0.001275643, 4.7, 0.00706965049015, -0.00706965049015, 1
4.714, 0.017355647, 0.001276054, 4.7, 0.00706965049015, -0.00706965049015, 1
4.715, 0.017360666, 0.001276434, 4.7, 0.00706965049015, -0.00706965049015, 1
4.716, 0.017365706, 0.001276833, 4.7, 0.00706965049015, -0.00706965049015, 1
4.717, 0.017370787, 0.001277234, 4.7, 0.00706965049015, -0.00706965049015, 1
4.718, 0.017375846, 0.001277617, 4.7, 0.00706965049015, -0.00706965049015, 1
4.719, 0.017380846, 0.001278007, 4.7, 0.00706965049015, -0.00706965049015, 1
4.72, 0.017385726, 0.001278416, 4.7, 0.00706965049015, -0.00706965049015, 1
4.721, 0.017390786, 0.001278806, 4.7, 0.00706965049015, -0.00706965049015, 1
4.722, 0.017395866, 0.001279216, 4.7, 0.00706965049015, -0.00706965049015, 1
4.723, 0.017400856, 0.001279606, 4.7, 0.00706965049015, -0.00706965049015, 1
4.724, 0.017405796, 0.001280026, 4.7, 0.00706965049015, -0.00706965049015, 1
4.725, 0.017410736, 0.001280426, 4.7, 0.00706965049015, -0.00706965049015, 1
4.726, 0.017415646, 0.001280827, 4.7, 0.00706965049015, -0.00706965049015, 1
4.727, 0.017420696, 0.001281228, 4.7, 0.00706965049015, -0.00706965049015, 1
4.728, 0.017429627, 0.001281619, 4.7, 0.00706965049015, -0.00706965049015, 1
4.729, 0.017434587, 0.001282029, 4.7, 0.00706965049015, -0.00706965049015, 1
4.73, 0.017439587, 0.001282441, 4.7, 0.00706965049015, -0.00706965049015, 1
4.731, 0.017444427, 0.001282819, 4.7, 0.00706965049015, -0.00706965049015, 1
4.732, 0.017449427, 0.001283211, 4.7, 0.00706965049015, -0.00706965049015, 1
4.733, 0.017454387, 0.001283601, 4.7, 0.00706965049015, -0.00706965049015, 1
4.734, 0.017459537, 0.001284001, 4.7, 0.00706965049015, -0.00706965049015, 1
4.735, 0.017464857, 0.001284421, 4.7, 0.00706965049015, -0.00706965049015, 1
4.736, 0.017469897, 0.001284821, 4.7, 0.00706965049015, -0.00706965049015, 1
4.737, 0.017474777, 0.001285231, 4.7, 0.00706965049015, -0.00706965049015, 1
4.738, 0.017479717, 0.001285621, 4.7, 0.00706965049015, -0.00706965049015, 1
4.739, 0.017484837, 0.001286011, 4.7, 0.00706965049015, -0.00706965049015, 1
4.74, 0.017489957, 0.001286411, 4.7, 0.00706965049015, -0.00706965049015, 1
4.741, 0.017494977, 0.001286831, 4.7, 0.00706965049015, -0.00706965049015, 1
4.742, 0.017499927, 0.001287232, 4.7, 0.00706965049015, -0.00706965049015, 1
4.743, 0.017504687, 0.001287621, 4.7, 0.00706965049015, -0.00706965049015, 1
4.744, 0.017509706, 0.001288014, 4.7, 0.00706965049015, -0.00706965049015, 1
4.745, 0.017514777, 0.001288413, 4.7, 0.00706965049015, -0.00706965049015, 1
4.746, 0.017519716, 0.001288834, 4.7, 0.00706965049015, -0.00706965049015, 1
4.747, 0.017524695, 0.001289215, 4.7, 0.00706965049015, -0.00706965049015, 1
4.748, 0.017529695, 0.001289595, 4.7, 0.00706965049015, -0.00706965049015, 1
4.749, 0.017534745, 0.001290004, 4.7, 0.00706965049015, -0.00706965049015, 1
4.75, 0.017539785, 0.001290414, 4.7, 0.00706965049015, -0.00706965049015, 1
4.751, 0.017544795, 0.001290834, 4.7, 0.00706965049015, -0.00706965049015, 1
4.752, 0.017549615, 0.001291224, 4.7, 0.00706965049015, -0.00706965049015, 1
4.753, 0.017554575, 0.001291604, 4.7, 0.00706965049015, -0.00706965049015, 1
4.754, 0.017559685, 0.001291994, 4.7, 0.00706965049015, -0.00706965049015, 1
4.755, 0.017564615, 0.001292384, 4.7, 0.00706965049015, -0.00706965049015, 1
4.756, 0.017569545, 0.001292794, 4.7, 0.00706965049015, -0.00706965049015, 1
4.757, 0.017574555, 0.001293155, 4.7, 0.00706965049015, -0.00706965049015, 1
4.758, 0.017579485, 0.001293545, 4.7, 0.00706965049015, -0.00706965049015, 1
4.759, 0.017584436, 0.001293915, 4.7, 0.00706965049015, -0.00706965049015, 1
4.76, 0.017589457, 0.001294316, 4.7, 0.00706965049015, -0.00706965049015, 1
4.761, 0.017594316, 0.001294705, 4.7, 0.00706965049015, -0.00706965049015, 1
4.762, 0.017599327, 0.001295094, 4.7, 0.00706965049015, -0.00706965049015, 1
4.763, 0.017604196, 0.001295473, 4.7, 0.00706965049015, -0.00706965049015, 1
4.764, 0.017608826, 0.001295871, 4.7, 0.00706965049015, -0.00706965049015, 1
4.765, 0.017613656, 0.00129622, 4.7, 0.00706965049015, -0.00706965049015, 1
4.766, 0.017618406, 0.00129659, 4.7, 0.00706965049015, -0.00706965049015, 1
4.767, 0.017623216, 0.00129698, 4.7, 0.00706965049015, -0.00706965049015, 1
4.768, 0.017628246, 0.00129739, 4.7, 0.00706965049015, -0.00706965049015, 1
4.769, 0.017633016, 0.0012978, 4.7, 0.00706965049015, -0.00706965049015, 1
4.77, 0.017637876, 0.00129818, 4.7, 0.00706965049015, -0.00706965049015, 1
4.771, 0.017642656, 0.00129856, 4.7, 0.00706965049015, -0.00706965049015, 1
4.772, 0.017647446, 0.00129894, 4.7, 0.00706965049015, -0.00706965049015, 1
4.773, 0.017652206, 0.001299308, 4.7, 0.00706965049015, -0.00706965049015, 1
4.774, 0.017656916, 0.001299669, 4.7, 0.00706965049015, -0.00706965049015, 1
4.775, 0.017661726, 0.001300041, 4.7, 0.00706965049015, -0.00706965049015, 1
4.776, 0.017666576, 0.001300409, 4.7, 0.00706965049015, -0.00706965049015, 1
4.777, 0.017671456, 0.00130082, 4.7, 0.00706965049015, -0.00706965049015, 1
4.778, 0.017676167, 0.001301209, 4.7, 0.00706965049015, -0.00706965049015, 1
4.779, 0.017681076, 0.001301619, 4.7, 0.00706965049015, -0.00706965049015, 1
4.78, 0.017685916, 0.001301989, 4.7, 0.00706965049015, -0.00706965049015, 1
4.781, 0.017694477, 0.001302389, 4.7, 0.00706965049015, -0.00706965049015, 1
4.782, 0.017699287, 0.001302769, 4.7, 0.00706965049015, -0.00706965049015, 1
4.783, 0.017704227, 0.001303139, 4.7, 0.00706965049015, -0.00706965049015, 1
4.784, 0.017709277, 0.001303549, 4.7, 0.00706965049015, -0.00706965049015, 1
4.785, 0.017714167, 0.001303929, 4.7, 0.00706965049015, -0.00706965049015, 1
4.786, 0.017718957, 0.001304309, 4.7, 0.00706965049015, -0.00706965049015, 1
4.787, 0.017723897, 0.00130471, 4.7, 0.00706965049015, -0.00706965049015, 1
4.788, 0.017728737, 0.001305081, 4.7, 0.00706965049015, -0.00706965049015, 1
4.789, 0.017733447, 0.001305451, 4.7, 0.00706965049015, -0.00706965049015, 1
4.79, 0.017738316, 0.001305841, 4.7, 0.00706965049015, -0.00706965049015, 1
4.791, 0.017743236, 0.001306251, 4.7, 0.00706965049015, -0.00706965049015, 1
4.792, 0.017748227, 0.00130665, 4.7, 0.00706965049015, -0.00706965049015, 1
4.793, 0.017753227, 0.001307058, 4.7, 0.00706965049015, -0.00706965049015, 1
4.794, 0.017758027, 0.001307428, 4.7, 0.00706965049015, -0.00706965049015, 1
4.795, 0.017763117, 0.001307807, 4.7, 0.00706965049015, -0.00706965049015, 1
4.796, 0.017768347, 0.001308177, 4.7, 0.00706965049015, -0.00706965049015, 1
4.797, 0.017773337, 0.001308587, 4.7, 0.00706965049015, -0.00706965049015, 1
4.798, 0.017778317, 0.001308997, 4.7, 0.00706965049015, -0.00706965049015, 1
4.799, 0.017783277, 0.001309367, 4.7, 0.00706965049015, -0.00706965049015, 1
4.8, 0.017788297, 0.001309947, 4.8, 0.00636268544114, -0.00636268544114, 1
4.801, 0.017793407, 0.001310337, 4.8, 0.00636268544114, -0.00636268544114, 1
4.802, 0.017798477, 0.001310746, 4.8, 0.00636268544114, -0.00636268544114, 1
4.803, 0.017803458, 0.001311149, 4.8, 0.00636268544114, -0.00636268544114, 1
4.804, 0.017808467, 0.00131157, 4.8, 0.00636268544114, -0.00636268544114, 1
4.805, 0.017813527, 0.00131198, 4.8, 0.00636268544114, -0.00636268544114, 1
4.806, 0.017818567, 0.001312372, 4.8, 0.00636268544114, -0.00636268544114, 1
4.807, 0.017823706, 0.001312781, 4.8, 0.00636268544114, -0.00636268544114, 1
4.808, 0.017828796, 0.001313192, 4.8, 0.00636268544114, -0.00636268544114, 1
4.809, 0.017833796, 0.00131358, 4.8, 0.00636268544114, -0.00636268544114, 1
4.81, 0.017839015, 0.001313988, 4.8, 0.00636268544114, -0.00636268544114, 1
4.811, 0.017843976, 0.001314377, 4.8, 0.00636268544114, -0.00636268544114, 1
4.812, 0.017848886, 0.001314777, 4.8, 0.00636268544114, -0.00636268544114, 1
4.813, 0.017853896, 0.001315187, 4.8, 0.00636268544114, -0.00636268544114, 1
4.814, 0.017858706, 0.001315567, 4.8, 0.00636268544114, -0.00636268544114, 1
4.815, 0.017863426, 0.001315967, 4.8, 0.00636268544114, -0.00636268544114, 1
4.816, 0.017868196, 0.001316347, 4.8, 0.00636268544114, -0.00636268544114, 1
4.817, 0.017873116, 0.001316738, 4.8, 0.00636268544114, -0.00636268544114, 1
4.818, 0.017877916, 0.001317119, 4.8, 0.00636268544114, -0.00636268544114, 1
4.819, 0.017882836, 0.00131754, 4.8, 0.00636268544114, -0.00636268544114, 1
4.82, 0.017887677, 0.001317909, 4.8, 0.00636268544114, -0.00636268544114, 1
4.821, 0.017907397, 0.001318299, 4.8, 0.00636268544114, -0.00636268544114, 1
4.822, 0.017913087, 0.001318699, 4.8, 0.00636268544114, -0.00636268544114, 1
4.823, 0.017918087, 0.001319089, 4.8, 0.00636268544114, -0.00636268544114, 1
4.824, 0.017922867, 0.001319469, 4.8, 0.00636268544114, -0.00636268544114, 1
4.825, 0.017927727, 0.001319859, 4.8, 0.00636268544114, -0.00636268544114, 1
4.826, 0.017932457, 0.001320229, 4.8, 0.00636268544114, -0.00636268544114, 1
4.827, 0.017937237, 0.001320639, 4.8, 0.00636268544114, -0.00636268544114, 1
4.828, 0.017941977, 0.001321019, 4.8, 0.00636268544114, -0.00636268544114, 1
4.829, 0.017946717, 0.001321399, 4.8, 0.00636268544114, -0.00636268544114, 1
4.83, 0.017951467, 0.001321767, 4.8, 0.00636268544114, -0.00636268544114, 1
4.831, 0.017956408, 0.001322158, 4.8, 0.00636268544114, -0.00636268544114, 1
4.832, 0.017961387, 0.00132253, 4.8, 0.00636268544114, -0.00636268544114, 1
4.833, 0.017966298, 0.001322911, 4.8, 0.00636268544114, -0.00636268544114, 1
4.834, 0.017971149, 0.001323291, 4.8, 0.00636268544114, -0.00636268544114, 1
4.835, 0.0179809, 0.001323681, 4.8, 0.00636268544114, -0.00636268544114, 1
4.836, 0.017985919, 0.001324113, 4.8, 0.00636268544114, -0.00636268544114, 1
4.837, 0.01799089, 0.001324492, 4.8, 0.00636268544114, -0.00636268544114, 1
4.838, 0.017995861, 0.001324883, 4.8, 0.00636268544114, -0.00636268544114, 1
4.839, 0.018000781, 0.001325263, 4.8, 0.00636268544114, -0.00636268544114, 1
4.84, 0.018005841, 0.001325633, 4.8, 0.00636268544114, -0.00636268544114, 1
4.841, 0.018010671, 0.001326023, 4.8, 0.00636268544114, -0.00636268544114, 1
4.842, 0.018015521, 0.001326433, 4.8, 0.00636268544114, -0.00636268544114, 1
4.843, 0.018020271, 0.001326803, 4.8, 0.00636268544114, -0.00636268544114, 1
4.844, 0.018025071, 0.001327203, 4.8, 0.00636268544114, -0.00636268544114, 1
4.845, 0.01802995, 0.001327592, 4.8, 0.00636268544114, -0.00636268544114, 1
4.846, 0.018034719, 0.001327972, 4.8, 0.00636268544114, -0.00636268544114, 1
4.847, 0.018039369, 0.001328342, 4.8, 0.00636268544114, -0.00636268544114, 1
4.848, 0.018044178, 0.001328715, 4.8, 0.00636268544114, -0.00636268544114, 1
4.849, 0.018048778, 0.001329104, 4.8, 0.00636268544114, -0.00636268544114, 1
4.85, 0.018053588, 0.001329486, 4.8, 0.00636268544114, -0.00636268544114, 1
4.851, 0.018058457, 0.001329865, 4.8, 0.00636268544114, -0.00636268544114, 1
4.852, 0.018063097, 0.001330224, 4.8, 0.00636268544114, -0.00636268544114, 1
4.853, 0.018067758, 0.001330614, 4.8, 0.00636268544114, -0.00636268544114, 1
4.854, 0.018072418, 0.001331023, 4.8, 0.00636268544114, -0.00636268544114, 1
4.855, 0.018077008, 0.001331413, 4.8, 0.00636268544114, -0.00636268544114, 1
4.856, 0.018081728, 0.001331813, 4.8, 0.00636268544114, -0.00636268544114, 1
4.857, 0.018086358, 0.001332203, 4.8, 0.00636268544114, -0.00636268544114, 1
4.858, 0.018090998, 0.001332593, 4.8, 0.00636268544114, -0.00636268544114, 1
4.859, 0.018095628, 0.001332983, 4.8, 0.00636268544114, -0.00636268544114, 1
4.86, 0.018100338, 0.001333362, 4.8, 0.00636268544114, -0.00636268544114, 1
4.861, 0.018105098, 0.001333752, 4.8, 0.00636268544114, -0.00636268544114, 1
4.862, 0.018109938, 0.001334132, 4.8, 0.00636268544114, -0.00636268544114, 1
4.863, 0.018114799, 0.001334543, 4.8, 0.00636268544114, -0.00636268544114, 1
4.864, 0.01811957, 0.001334923, 4.8, 0.00636268544114, -0.00636268544114, 1
4.865, 0.01812436, 0.001335274, 4.8, 0.00636268544114, -0.00636268544114, 1
4.866, 0.018129111, 0.001335656, 4.8, 0.00636268544114, -0.00636268544114, 1
4.867, 0.018133891, 0.001336046, 4.8, 0.00636268544114, -0.00636268544114, 1
4.868, 0.018138571, 0.001336425, 4.8, 0.00636268544114, -0.00636268544114, 1
4.869, 0.018143291, 0.001336814, 4.8, 0.00636268544114, -0.00636268544114, 1
4.87, 0.018148091, 0.001337194, 4.8, 0.00636268544114, -0.00636268544114, 1
4.871, 0.018152911, 0.001337594, 4.8, 0.00636268544114, -0.00636268544114, 1
4.872, 0.018157791, 0.001337974, 4.8, 0.00636268544114, -0.00636268544114, 1
4.873, 0.018162591, 0.001338374, 4.8, 0.00636268544114, -0.00636268544114, 1
4.874, 0.018167211, 0.001338754, 4.8, 0.00636268544114, -0.00636268544114, 1
4.875, 0.018171951, 0.001339124, 4.8, 0.00636268544114, -0.00636268544114, 1
4.876, 0.018176751, 0.001339505, 4.8, 0.00636268544114, -0.00636268544114, 1
4.877, 0.01818141, 0.001339897, 4.8, 0.00636268544114, -0.00636268544114, 1
4.878, 0.01818629, 0.001340275, 4.8, 0.00636268544114, -0.00636268544114, 1
4.879, 0.018191091, 0.001340625, 4.8, 0.00636268544114, -0.00636268544114, 1
4.88, 0.018195961, 0.001341026, 4.8, 0.00636268544114, -0.00636268544114, 1
4.881, 0.018200851, 0.001341416, 4.8, 0.00636268544114, -0.00636268544114, 1
4.882, 0.018205701, 0.001341795, 4.8, 0.00636268544114, -0.00636268544114, 1
4.883, 0.018210671, 0.001342176, 4.8, 0.00636268544114, -0.00636268544114, 1
4.884, 0.01821564, 0.001342567, 4.8, 0.00636268544114, -0.00636268544114, 1
4.885, 0.0182207, 0.001342966, 4.8, 0.00636268544114, -0.00636268544114, 1
4.886, 0.0182256, 0.001343376, 4.8, 0.00636268544114, -0.00636268544114, 1
4.887, 0.01823051, 0.001343766, 4.8, 0.00636268544114, -0.00636268544114, 1
4.888, 0.01825127, 0.001344196, 4.8, 0.00636268544114, -0.00636268544114, 1
4.889, 0.0182566, 0.001344616, 4.8, 0.00636268544114, -0.00636268544114, 1
4.89, 0.018261539, 0.001344997, 4.8, 0.00636268544114, -0.00636268544114, 1
4.891, 0.018266389, 0.001345377, 4.8, 0.00636268544114, -0.00636268544114, 1
4.892, 0.018271289, 0.001345756, 4.8, 0.00636268544114, -0.00636268544114, 1
4.893, 0.01827635, 0.001346137, 4.8, 0.00636268544114, -0.00636268544114, 1
4.894, 0.01828112, 0.001346546, 4.8, 0.00636268544114, -0.00636268544114, 1
4.895, 0.01828605, 0.001346936, 4.8, 0.00636268544114, -0.00636268544114, 1
4.896, 0.018291, 0.001347326, 4.8, 0.00636268544114, -0.00636268544114, 1
4.897, 0.018296031, 0.001347725, 4.8, 0.00636268544114, -0.00636268544114, 1
4.898, 0.018300941, 0.001348125, 4.8, 0.00636268544114, -0.00636268544114, 1
4.899, 0.018306001, 0.001348525, 4.8, 0.00636268544114, -0.00636268544114, 1
4.9, 0.018310961, 0.001349085, 4.9, 0.00572641689702, -0.00572641689702, 1
4.901, 0.018316031, 0.001349475, 4.9, 0.00572641689702, -0.00572641689702, 1
4.902, 0.018320991, 0.001349865, 4.9, 0.00572641689702, -0.00572641689702, 1
4.903, 0.018325801, 0.001350255, 4.9, 0.00572641689702, -0.00572641689702, 1
4.904, 0.018330611, 0.001350655, 4.9, 0.00572641689702, -0.00572641689702, 1
4.905, 0.018335551, 0.001351036, 4.9, 0.00572641689702, -0.00572641689702, 1
4.906, 0.018340291, 0.001351446, 4.9, 0.00572641689702, -0.00572641689702, 1
4.907, 0.018345322, 0.001351845, 4.9, 0.00572641689702, -0.00572641689702, 1
4.908, 0.018350242, 0.001352226, 4.9, 0.00572641689702, -0.00572641689702, 1
4.909, 0.018354983, 0.001352615, 4.9, 0.00572641689702, -0.00572641689702, 1
4.91, 0.018359852, 0.001353006, 4.9, 0.00572641689702, -0.00572641689702, 1
4.911, 0.018364712, 0.001353385, 4.9, 0.00572641689702, -0.00572641689702, 1
4.912, 0.018369632, 0.001353805, 4.9, 0.00572641689702, -0.00572641689702, 1
4.913, 0.018374503, 0.001354214, 4.9, 0.00572641689702, -0.00572641689702, 1
4.914, 0.018379443, 0.001354604, 4.9, 0.00572641689702, -0.00572641689702, 1
4.915, 0.018384403, 0.001355014, 4.9, 0.00572641689702, -0.00572641689702, 1
4.916, 0.018389243, 0.001355394, 4.9, 0.00572641689702, -0.00572641689702, 1
4.917, 0.018394332, 0.001355804, 4.9, 0.00572641689702, -0.00572641689702, 1
4.918, 0.018399062, 0.001356194, 4.9, 0.00572641689702, -0.00572641689702, 1
4.919, 0.018404012, 0.001356584, 4.9, 0.00572641689702, -0.00572641689702, 1
4.92, 0.018408842, 0.001356984, 4.9, 0.00572641689702, -0.00572641689702, 1
4.921, 0.018413953, 0.001357373, 4.9, 0.00572641689702, -0.00572641689702, 1
4.922, 0.018418943, 0.001357804, 4.9, 0.00572641689702, -0.00572641689702, 1
4.923, 0.018423934, 0.001358203, 4.9, 0.00572641689702, -0.00572641689702, 1
4.924, 0.018429014, 0.001358613, 4.9, 0.00572641689702, -0.00572641689702, 1
4.925, 0.018434033, 0.001359014, 4.9, 0.00572641689702, -0.00572641689702, 1
4.926, 0.018439123, 0.001359444, 4.9, 0.00572641689702, -0.00572641689702, 1
4.927, 0.018444313, 0.001359834, 4.9, 0.00572641689702, -0.00572641689702, 1
4.928, 0.018449462, 0.001360235, 4.9, 0.00572641689702, -0.00572641689702, 1
4.929, 0.018454772, 0.001360665, 4.9, 0.00572641689702, -0.00572641689702, 1
4.93, 0.018460002, 0.001361085, 4.9, 0.00572641689702, -0.00572641689702, 1
4.931, 0.018465162, 0.001361505, 4.9, 0.00572641689702, -0.00572641689702, 1
4.932, 0.018470352, 0.001361915, 4.9, 0.00572641689702, -0.00572641689702, 1
4.933, 0.018475642, 0.001362335, 4.9, 0.00572641689702, -0.00572641689702, 1
4.934, 0.018481063, 0.001362765, 4.9, 0.00572641689702, -0.00572641689702, 1
4.935, 0.018486253, 0.001363175, 4.9, 0.00572641689702, -0.00572641689702, 1
4.936, 0.018491354, 0.001363595, 4.9, 0.00572641689702, -0.00572641689702, 1
4.937, 0.018496544, 0.001364028, 4.9, 0.00572641689702, -0.00572641689702, 1
4.938, 0.018501725, 0.001364456, 4.9, 0.00572641689702, -0.00572641689702, 1
4.939, 0.018506925, 0.001364885, 4.9, 0.00572641689702, -0.00572641689702, 1
4.94, 0.018512086, 0.001365316, 4.9, 0.00572641689702, -0.00572641689702, 1
4.941, 0.018517436, 0.001365727, 4.9, 0.00572641689702, -0.00572641689702, 1
4.942, 0.018526626, 0.001366157, 4.9, 0.00572641689702, -0.00572641689702, 1
4.943, 0.018531936, 0.001366577, 4.9, 0.00572641689702, -0.00572641689702, 1
4.944, 0.018537126, 0.001366997, 4.9, 0.00572641689702, -0.00572641689702, 1
4.945, 0.018542336, 0.001367417, 4.9, 0.00572641689702, -0.00572641689702, 1
4.946, 0.018547536, 0.001367837, 4.9, 0.00572641689702, -0.00572641689702, 1
4.947, 0.018552826, 0.001368247, 4.9, 0.00572641689702, -0.00572641689702, 1
4.948, 0.018557997, 0.001368656, 4.9, 0.00572641689702, -0.00572641689702, 1
4.949, 0.018563147, 0.001369078, 4.9, 0.00572641689702, -0.00572641689702, 1
4.95, 0.018568328, 0.001369507, 4.9, 0.00572641689702, -0.00572641689702, 1
4.951, 0.018573448, 0.001369948, 4.9, 0.00572641689702, -0.00572641689702, 1
4.952, 0.018578597, 0.001370346, 4.9, 0.00572641689702, -0.00572641689702, 1
4.953, 0.018583698, 0.001370746, 4.9, 0.00572641689702, -0.00572641689702, 1
4.954, 0.018588858, 0.001371157, 4.9, 0.00572641689702, -0.00572641689702, 1
4.955, 0.018593998, 0.001371577, 4.9, 0.00572641689702, -0.00572641689702, 1
4.956, 0.018599238, 0.001371998, 4.9, 0.00572641689702, -0.00572641689702, 1
4.957, 0.018604698, 0.001372398, 4.9, 0.00572641689702, -0.00572641689702, 1
4.958, 0.018609878, 0.001372808, 4.9, 0.00572641689702, -0.00572641689702, 1
4.959, 0.018615098, 0.001373228, 4.9, 0.00572641689702, -0.00572641689702, 1
4.96, 0.018620268, 0.001373648, 4.9, 0.00572641689702, -0.00572641689702, 1
4.961, 0.018625398, 0.001374078, 4.9, 0.00572641689702, -0.00572641689702, 1
4.962, 0.018630508, 0.001374458, 4.9, 0.00572641689702, -0.00572641689702, 1
4.963, 0.018635668, 0.001374858, 4.9, 0.00572641689702, -0.00572641689702, 1
4.964, 0.018640778, 0.001375287, 4.9, 0.00572641689702, -0.00572641689702, 1
4.965, 0.018645847, 0.001375707, 4.9, 0.00572641689702, -0.00572641689702, 1
4.966, 0.018651038, 0.001376147, 4.9, 0.00572641689702, -0.00572641689702, 1
4.967, 0.018656158, 0.001376557, 4.9, 0.00572641689702, -0.00572641689702, 1
4.968, 0.018661257, 0.001376979, 4.9, 0.00572641689702, -0.00572641689702, 1
4.969, 0.018666537, 0.001377378, 4.9, 0.00572641689702, -0.00572641689702, 1
4.97, 0.018672387, 0.001377777, 4.9, 0.00572641689702, -0.00572641689702, 1
4.971, 0.018677427, 0.001378198, 4.9, 0.00572641689702, -0.00572641689702, 1
4.972, 0.018682567, 0.001378629, 4.9, 0.00572641689702, -0.00572641689702, 1
4.973, 0.018687707, 0.001379049, 4.9, 0.00572641689702, -0.00572641689702, 1
4.974, 0.018692747, 0.001379459, 4.9, 0.00572641689702, -0.00572641689702, 1
4.975, 0.018697847, 0.001379859, 4.9, 0.00572641689702, -0.00572641689702, 1
4.976, 0.018702937, 0.001380289, 4.9, 0.00572641689702, -0.00572641689702, 1
4.977, 0.018707957, 0.001380689, 4.9, 0.00572641689702, -0.00572641689702, 1
4.978, 0.018713117, 0.001381128, 4.9, 0.00572641689702, -0.00572641689702, 1
4.979, 0.018718247, 0.001381537, 4.9, 0.00572641689702, -0.00572641689702, 1
4.98, 0.018723537, 0.001381957, 4.9, 0.00572641689702, -0.00572641689702, 1
4.981, 0.018728617, 0.001382426, 4.9, 0.00572641689702, -0.00572641689702, 1
4.982, 0.018733518, 0.001382836, 4.9, 0.00572641689702, -0.00572641689702, 1
4.983, 0.018739518, 0.001383417, 4.9, 0.00572641689702, -0.00572641689702, 1
4.984, 0.018744649, 0.001383839, 4.9, 0.00572641689702, -0.00572641689702, 1
4.985, 0.018749789, 0.001384259, 4.9, 0.00572641689702, -0.00572641689702, 1
4.986, 0.018754858, 0.001384669, 4.9, 0.00572641689702, -0.00572641689702, 1
4.987, 0.018760058, 0.001385089, 4.9, 0.00572641689702, -0.00572641689702, 1
4.988, 0.018765158, 0.001385489, 4.9, 0.00572641689702, -0.00572641689702, 1
4.989, 0.018770318, 0.001385889, 4.9, 0.00572641689702, -0.00572641689702, 1
4.99, 0.018775418, 0.001386299, 4.9, 0.00572641689702, -0.00572641689702, 1
4.991, 0.018780598, 0.001386729, 4.9, 0.00572641689702, -0.00572641689702, 1
4.992, 0.018785748, 0.001387149, 4.9, 0.00572641689702, -0.00572641689702, 1
4.993, 0.018790868, 0.001387579, 4.9, 0.00572641689702, -0.00572641689702, 1
4.994, 0.018796097, 0.001387998, 4.9, 0.00572641689702, -0.00572641689702, 1
4.995, 0.018805457, 0.001388437, 4.9, 0.00572641689702, -0.00572641689702, 1
4.996, 0.018810648, 0.001388855, 4.9, 0.00572641689702, -0.00572641689702, 1
4.997, 0.018815788, 0.001389267, 4.9, 0.00572641689702, -0.00572641689702, 1
4.998, 0.018820978, 0.001389696, 4.9, 0.00572641689702, -0.00572641689702, 1
4.999, 0.018826218, 0.001390115, 4.9, 0.00572641689702, -0.00572641689702, 1
5, 0.018831598, 0.001390706, 5, 0.00515377520732, -0.00515377520732, 1
5.001, 0.018836748, 0.001391126, 5, 0.00515377520732, -0.00515377520732, 1
5.002, 0.018842038, 0.001391546, 5, 0.00515377520732, -0.00515377520732, 1
5.003, 0.018847208, 0.001391986, 5, 0.00515377520732, -0.00515377520732, 1
5.004, 0.018852478, 0.001392396, 5, 0.00515377520732, -0.00515377520732, 1
5.005, 0.018857488, 0.001392796, 5, 0.00515377520732, -0.00515377520732, 1
5.006, 0.018862378, 0.001393186, 5, 0.00515377520732, -0.00515377520732, 1
5.007, 0.018867428, 0.001393586, 5, 0.00515377520732, -0.00515377520732, 1
5.008, 0.018872248, 0.001393977, 5, 0.00515377520732, -0.00515377520732, 1
5.009, 0.018877058, 0.001394346, 5, 0.00515377520732, -0.00515377520732, 1
5.01, 0.018881757, 0.001394737, 5, 0.00515377520732, -0.00515377520732, 1
5.011, 0.018886566, 0.001395148, 5, 0.00515377520732, -0.00515377520732, 1
5.012, 0.018891407, 0.001395537, 5, 0.00515377520732, -0.00515377520732, 1
5.013, 0.018896017, 0.001395928, 5, 0.00515377520732, -0.00515377520732, 1
5.014, 0.018900747, 0.00139633, 5, 0.00515377520732, -0.00515377520732, 1
5.015, 0.018905467, 0.001396711, 5, 0.00515377520732, -0.00515377520732, 1
5.016, 0.018909937, 0.001397081, 5, 0.00515377520732, -0.00515377520732, 1
5.017, 0.018914567, 0.001397461, 5, 0.00515377520732, -0.00515377520732, 1
5.018, 0.018919177, 0.001397831, 5, 0.00515377520732, -0.00515377520732, 1
5.019, 0.018923717, 0.001398191, 5, 0.00515377520732, -0.00515377520732, 1
5.02, 0.018928407, 0.001398561, 5, 0.00515377520732, -0.00515377520732, 1
5.021, 0.018933037, 0.001398921, 5, 0.00515377520732, -0.00515377520732, 1
5.022, 0.018937757, 0.001399289, 5, 0.00515377520732, -0.00515377520732, 1
5.023, 0.018942397, 0.001399659, 5, 0.00515377520732, -0.00515377520732, 1
5.024, 0.018946937, 0.001400038, 5, 0.00515377520732, -0.00515377520732, 1
5.025, 0.018951498, 0.001400408, 5, 0.00515377520732, -0.00515377520732, 1
5.026, 0.018955987, 0.001400766, 5, 0.00515377520732, -0.00515377520732, 1
5.027, 0.018960578, 0.001401135, 5, 0.00515377520732, -0.00515377520732, 1
5.028, 0.018965418, 0.001401537, 5, 0.00515377520732, -0.00515377520732, 1
5.029, 0.018970058, 0.001401937, 5, 0.00515377520732, -0.00515377520732, 1
5.03, 0.018974948, 0.001402307, 5, 0.00515377520732, -0.00515377520732, 1
5.031, 0.018979868, 0.001402686, 5, 0.00515377520732, -0.00515377520732, 1
5.032, 0.018984628, 0.001403085, 5, 0.00515377520732, -0.00515377520732, 1
5.033, 0.018989598, 0.001403475, 5, 0.00515377520732, -0.00515377520732, 1
5.034, 0.018994438, 0.001403875, 5, 0.00515377520732, -0.00515377520732, 1
5.035, 0.018998978, 0.001404255, 5, 0.00515377520732, -0.00515377520732, 1
5.036, 0.019003628, 0.001404625, 5, 0.00515377520732, -0.00515377520732, 1
5.037, 0.019008148, 0.001405005, 5, 0.00515377520732, -0.00515377520732, 1
5.038, 0.019012678, 0.001405374, 5, 0.00515377520732, -0.00515377520732, 1
5.039, 0.019017338, 0.001405765, 5, 0.00515377520732, -0.00515377520732, 1
5.04, 0.019021838, 0.001406135, 5, 0.00515377520732, -0.00515377520732, 1
5.041, 0.019026488, 0.001406516, 5, 0.00515377520732, -0.00515377520732, 1
5.042, 0.019031049, 0.001406897, 5, 0.00515377520732, -0.00515377520732, 1
5.043, 0.019035569, 0.001407278, 5, 0.00515377520732, -0.00515377520732, 1
5.044, 0.019040159, 0.001407658, 5, 0.00515377520732, -0.00515377520732, 1
5.045, 0.01904471, 0.001408028, 5, 0.00515377520732, -0.00515377520732, 1
5.046, 0.019049339, 0.001408367, 5, 0.00515377520732, -0.00515377520732, 1
5.047, 0.019053908, 0.001408726, 5, 0.00515377520732, -0.00515377520732, 1
5.048, 0.019058468, 0.001409098, 5, 0.00515377520732, -0.00515377520732, 1
5.049, 0.019063078, 0.001409478, 5, 0.00515377520732, -0.00515377520732, 1
5.05, 0.019073308, 0.001409848, 5, 0.00515377520732, -0.00515377520732, 1
5.051, 0.019078088, 0.001410228, 5, 0.00515377520732, -0.00515377520732, 1
5.052, 0.019082598, 0.001410618, 5, 0.00515377520732, -0.00515377520732, 1
5.053, 0.019087108, 0.001410978, 5, 0.00515377520732, -0.00515377520732, 1
5.054, 0.019091828, 0.001411338, 5, 0.00515377520732, -0.00515377520732, 1
5.055, 0.019096239, 0.001411709, 5, 0.00515377520732, -0.00515377520732, 1
5.056, 0.019100819, 0.001412069, 5, 0.00515377520732, -0.00515377520732, 1
5.057, 0.019105248, 0.001412399, 5, 0.00515377520732, -0.00515377520732, 1
5.058, 0.019109798, 0.001412768, 5, 0.00515377520732, -0.00515377520732, 1
5.059, 0.019114379, 0.001413148, 5, 0.00515377520732, -0.00515377520732, 1
5.06, 0.019118898, 0.001413509, 5, 0.00515377520732, -0.00515377520732, 1
5.061, 0.019123458, 0.00141388, 5, 0.00515377520732, -0.00515377520732, 1
5.062, 0.019127969, 0.001414249, 5, 0.00515377520732, -0.00515377520732, 1
5.063, 0.019132639, 0.001414628, 5, 0.00515377520732, -0.00515377520732, 1
5.064, 0.019137219, 0.001414998, 5, 0.00515377520732, -0.00515377520732, 1
5.065, 0.019141659, 0.001415378, 5, 0.00515377520732, -0.00515377520732, 1
5.066, 0.019146389, 0.001415758, 5, 0.00515377520732, -0.00515377520732, 1
5.067, 0.019151369, 0.001416188, 5, 0.00515377520732, -0.00515377520732, 1
5.068, 0.019156329, 0.001416618, 5, 0.00515377520732, -0.00515377520732, 1
5.069, 0.019161409, 0.001417028, 5, 0.00515377520732, -0.00515377520732, 1
5.07, 0.019166589, 0.001417438, 5, 0.00515377520732, -0.00515377520732, 1
5.071, 0.019171719, 0.001417858, 5, 0.00515377520732, -0.00515377520732, 1
5.072, 0.019176889, 0.001418278, 5, 0.00515377520732, -0.00515377520732, 1
5.073, 0.01918204, 0.001418677, 5, 0.00515377520732, -0.00515377520732, 1
5.074, 0.01918716, 0.001419098, 5, 0.00515377520732, -0.00515377520732, 1
5.075, 0.019192251, 0.00141953, 5, 0.00515377520732, -0.00515377520732, 1
5.076, 0.019197331, 0.00141993, 5, 0.00515377520732, -0.00515377520732, 1
5.077, 0.019202411, 0.001420341, 5, 0.00515377520732, -0.00515377520732, 1
5.078, 0.019207262, 0.001420762, 5, 0.00515377520732, -0.00515377520732, 1
5.079, 0.019212102, 0.001421142, 5, 0.00515377520732, -0.00515377520732, 1
5.08, 0.019216862, 0.001421512, 5, 0.00515377520732, -0.00515377520732, 1
5.081, 0.019221952, 0.001421892, 5, 0.00515377520732, -0.00515377520732, 1
5.082, 0.019227042, 0.001422282, 5, 0.00515377520732, -0.00515377520732, 1
5.083, 0.019231592, 0.001422652, 5, 0.00515377520732, -0.00515377520732, 1
5.084, 0.019236312, 0.001423052, 5, 0.00515377520732, -0.00515377520732, 1
5.085, 0.019241042, 0.001423472, 5, 0.00515377520732, -0.00515377520732, 1
5.086, 0.019246222, 0.001423873, 5, 0.00515377520732, -0.00515377520732, 1
5.087, 0.019251152, 0.001424272, 5, 0.00515377520732, -0.00515377520732, 1
5.088, 0.019256073, 0.001424642, 5, 0.00515377520732, -0.00515377520732, 1
5.089, 0.019260843, 0.001425061, 5, 0.00515377520732, -0.00515377520732, 1
5.09, 0.019265782, 0.00142546, 5, 0.00515377520732, -0.00515377520732, 1
5.091, 0.019270872, 0.001425918, 5, 0.00515377520732, -0.00515377520732, 1
5.092, 0.019275912, 0.001426309, 5, 0.00515377520732, -0.00515377520732, 1
5.093, 0.019280933, 0.001426677, 5, 0.00515377520732, -0.00515377520732, 1
5.094, 0.019285803, 0.001427068, 5, 0.00515377520732, -0.00515377520732, 1
5.095, 0.019290653, 0.001427468, 5, 0.00515377520732, -0.00515377520732, 1
5.096, 0.019295333, 0.001427828, 5, 0.00515377520732, -0.00515377520732, 1
5.097, 0.019299833, 0.001428168, 5, 0.00515377520732, -0.00515377520732, 1
5.098, 0.019304863, 0.001428578, 5, 0.00515377520732, -0.00515377520732, 1
5.099, 0.019309623, 0.001428978, 5, 0.00515377520732, -0.00515377520732, 1
5.1, 0.019314483, 0.001429548, 5.1, 0.00463839768659, -0.00463839768659, 1
5.101, 0.019319344, 0.001429938, 5.1, 0.00463839768659, -0.00463839768659, 1
5.102, 0.019324064, 0.001430299, 5.1, 0.00463839768659, -0.00463839768659, 1
5.103, 0.019328683, 0.00143067, 5.1, 0.00463839768659, -0.00463839768659, 1
5.104, 0.019337223, 0.00143105, 5.1, 0.00463839768659, -0.00463839768659, 1
5.105, 0.019342054, 0.00143142, 5.1, 0.00463839768659, -0.00463839768659, 1
5.106, 0.019347014, 0.001431802, 5.1, 0.00463839768659, -0.00463839768659, 1
5.107, 0.019351734, 0.001432193, 5.1, 0.00463839768659, -0.00463839768659, 1
5.108, 0.019356435, 0.001432551, 5.1, 0.00463839768659, -0.00463839768659, 1
5.109, 0.019361345, 0.001432963, 5.1, 0.00463839768659, -0.00463839768659, 1
5.11, 0.019366476, 0.001433352, 5.1, 0.00463839768659, -0.00463839768659, 1
5.111, 0.019371216, 0.001433732, 5.1, 0.00463839768659, -0.00463839768659, 1
5.112, 0.019376046, 0.001434142, 5.1, 0.00463839768659, -0.00463839768659, 1
5.113, 0.019380816, 0.001434522, 5.1, 0.00463839768659, -0.00463839768659, 1
5.114, 0.019385566, 0.001434902, 5.1, 0.00463839768659, -0.00463839768659, 1
5.115, 0.019390506, 0.001435322, 5.1, 0.00463839768659, -0.00463839768659, 1
5.116, 0.019395466, 0.001435721, 5.1, 0.00463839768659, -0.00463839768659, 1
5.117, 0.019400076, 0.00143609, 5.1, 0.00463839768659, -0.00463839768659, 1
5.118, 0.019404617, 0.00143648, 5.1, 0.00463839768659, -0.00463839768659, 1
5.119, 0.019409446, 0.001436851, 5.1, 0.00463839768659, -0.00463839768659, 1
5.12, 0.019414536, 0.001437212, 5.1, 0.00463839768659, -0.00463839768659, 1
5.121, 0.019419486, 0.001437613, 5.1, 0.00463839768659, -0.00463839768659, 1
5.122, 0.019424676, 0.001438034, 5.1, 0.00463839768659, -0.00463839768659, 1
5.123, 0.019429745, 0.001438436, 5.1, 0.00463839768659, -0.00463839768659, 1
5.124, 0.019434805, 0.001438834, 5.1, 0.00463839768659, -0.00463839768659, 1
5.125, 0.019439885, 0.001439245, 5.1, 0.00463839768659, -0.00463839768659, 1
5.126, 0.019444975, 0.001439655, 5.1, 0.00463839768659, -0.00463839768659, 1
5.127, 0.019450445, 0.001440045, 5.1, 0.00463839768659, -0.00463839768659, 1
5.128, 0.019455825, 0.001440485, 5.1, 0.00463839768659, -0.00463839768659, 1
5.129, 0.019460915, 0.001440895, 5.1, 0.00463839768659, -0.00463839768659, 1
5.13, 0.019466035, 0.001441335, 5.1, 0.00463839768659, -0.00463839768659, 1
5.131, 0.019470965, 0.001441714, 5.1, 0.00463839768659, -0.00463839768659, 1
5.132, 0.019475894, 0.001442095, 5.1, 0.00463839768659, -0.00463839768659, 1
5.133, 0.019481293, 0.001442533, 5.1, 0.00463839768659, -0.00463839768659, 1
5.134, 0.019486653, 0.001442943, 5.1, 0.00463839768659, -0.00463839768659, 1
5.135, 0.019491703, 0.001443366, 5.1, 0.00463839768659, -0.00463839768659, 1
5.136, 0.019496934, 0.001443756, 5.1, 0.00463839768659, -0.00463839768659, 1
5.137, 0.019501954, 0.001444155, 5.1, 0.00463839768659, -0.00463839768659, 1
5.138, 0.019507043, 0.001444575, 5.1, 0.00463839768659, -0.00463839768659, 1
5.139, 0.019512554, 0.001444954, 5.1, 0.00463839768659, -0.00463839768659, 1
5.14, 0.019517634, 0.001445385, 5.1, 0.00463839768659, -0.00463839768659, 1
5.141, 0.019522664, 0.001445775, 5.1, 0.00463839768659, -0.00463839768659, 1
5.142, 0.019527724, 0.001446215, 5.1, 0.00463839768659, -0.00463839768659, 1
5.143, 0.019533104, 0.001446615, 5.1, 0.00463839768659, -0.00463839768659, 1
5.144, 0.019538474, 0.001447045, 5.1, 0.00463839768659, -0.00463839768659, 1
5.145, 0.019550175, 0.001447595, 5.1, 0.00463839768659, -0.00463839768659, 1
5.146, 0.019556975, 0.001448195, 5.1, 0.00463839768659, -0.00463839768659, 1
5.147, 0.019562326, 0.001448665, 5.1, 0.00463839768659, -0.00463839768659, 1
5.148, 0.019567446, 0.001449084, 5.1, 0.00463839768659, -0.00463839768659, 1
5.149, 0.019572406, 0.001449473, 5.1, 0.00463839768659, -0.00463839768659, 1
5.15, 0.019577416, 0.001449872, 5.1, 0.00463839768659, -0.00463839768659, 1
5.151, 0.019582806, 0.001450251, 5.1, 0.00463839768659, -0.00463839768659, 1
5.152, 0.019587835, 0.001450672, 5.1, 0.00463839768659, -0.00463839768659, 1
5.153, 0.019592775, 0.001451032, 5.1, 0.00463839768659, -0.00463839768659, 1
5.154, 0.019597975, 0.001451392, 5.1, 0.00463839768659, -0.00463839768659, 1
5.155, 0.019602955, 0.001451772, 5.1, 0.00463839768659, -0.00463839768659, 1
5.156, 0.019608735, 0.001452162, 5.1, 0.00463839768659, -0.00463839768659, 1
5.157, 0.019614595, 0.001452612, 5.1, 0.00463839768659, -0.00463839768659, 1
5.158, 0.019637265, 0.001453192, 5.1, 0.00463839768659, -0.00463839768659, 1
5.159, 0.019646366, 0.001453843, 5.1, 0.00463839768659, -0.00463839768659, 1
5.16, 0.019652446, 0.001454284, 5.1, 0.00463839768659, -0.00463839768659, 1
5.161, 0.019658156, 0.001454703, 5.1, 0.00463839768659, -0.00463839768659, 1
5.162, 0.019663246, 0.001455123, 5.1, 0.00463839768659, -0.00463839768659, 1
5.163, 0.019668326, 0.001455523, 5.1, 0.00463839768659, -0.00463839768659, 1
5.164, 0.019673386, 0.001455913, 5.1, 0.00463839768659, -0.00463839768659, 1
5.165, 0.019678856, 0.001456363, 5.1, 0.00463839768659, -0.00463839768659, 1
5.166, 0.019684626, 0.001456773, 5.1, 0.00463839768659, -0.00463839768659, 1
5.167, 0.019689376, 0.001457153, 5.1, 0.00463839768659, -0.00463839768659, 1
5.168, 0.019694476, 0.001457553, 5.1, 0.00463839768659, -0.00463839768659, 1
5.169, 0.019699607, 0.00145795, 5.1, 0.00463839768659, -0.00463839768659, 1
5.17, 0.019704167, 0.0014583, 5.1, 0.00463839768659, -0.00463839768659, 1
5.171, 0.019707927, 0.00145855, 5.1, 0.00463839768659, -0.00463839768659, 1
5.172, 0.019711507, 0.00145881, 5.1, 0.00463839768659, -0.00463839768659, 1
5.173, 0.019715086, 0.00145907, 5.1, 0.00463839768659, -0.00463839768659, 1
5.174, 0.019718575, 0.001459329, 5.1, 0.00463839768659, -0.00463839768659, 1
5.175, 0.019722175, 0.001459578, 5.1, 0.00463839768659, -0.00463839768659, 1
5.176, 0.019725645, 0.001459839, 5.1, 0.00463839768659, -0.00463839768659, 1
5.177, 0.019729296, 0.001460098, 5.1, 0.00463839768659, -0.00463839768659, 1
5.178, 0.019732867, 0.001460338, 5.1, 0.00463839768659, -0.00463839768659, 1
5.179, 0.019736507, 0.001460587, 5.1, 0.00463839768659, -0.00463839768659, 1
5.18, 0.019739987, 0.001460836, 5.1, 0.00463839768659, -0.00463839768659, 1
5.181, 0.019743698, 0.001461076, 5.1, 0.00463839768659, -0.00463839768659, 1
5.182, 0.019747298, 0.001461346, 5.1, 0.00463839768659, -0.00463839768659, 1
5.183, 0.019750898, 0.001461606, 5.1, 0.00463839768659, -0.00463839768659, 1
5.184, 0.019754388, 0.001461856, 5.1, 0.00463839768659, -0.00463839768659, 1
5.185, 0.019757998, 0.001462116, 5.1, 0.00463839768659, -0.00463839768659, 1
5.186, 0.019761548, 0.001462386, 5.1, 0.00463839768659, -0.00463839768659, 1
5.187, 0.019764978, 0.001462646, 5.1, 0.00463839768659, -0.00463839768659, 1
5.188, 0.019768648, 0.001462906, 5.1, 0.00463839768659, -0.00463839768659, 1
5.189, 0.019772178, 0.001463156, 5.1, 0.00463839768659, -0.00463839768659, 1
5.19, 0.019775738, 0.001463426, 5.1, 0.00463839768659, -0.00463839768659, 1
5.191, 0.019779357, 0.001463675, 5.1, 0.00463839768659, -0.00463839768659, 1
5.192, 0.019782917, 0.001463934, 5.1, 0.00463839768659, -0.00463839768659, 1
5.193, 0.019786487, 0.001464204, 5.1, 0.00463839768659, -0.00463839768659, 1
5.194, 0.019790118, 0.001464465, 5.1, 0.00463839768659, -0.00463839768659, 1
5.195, 0.019793598, 0.001464725, 5.1, 0.00463839768659, -0.00463839768659, 1
5.196, 0.019797158, 0.001464985, 5.1, 0.00463839768659, -0.00463839768659, 1
5.197, 0.019800699, 0.001465248, 5.1, 0.00463839768659, -0.00463839768659, 1
5.198, 0.01980433, 0.001465515, 5.1, 0.00463839768659, -0.00463839768659, 1
5.199, 0.019807989, 0.001465786, 5.1, 0.00463839768659, -0.00463839768659, 1
5.2, 0.019811809, 0.001466247, 5.2, 0.00417455791793, -0.00417455791793, 1
5.201, 0.019815289, 0.001466526, 5.2, 0.00417455791793, -0.00417455791793, 1
5.202, 0.01981884, 0.001466797, 5.2, 0.00417455791793, -0.00417455791793, 1
5.203, 0.01982245, 0.001467067, 5.2, 0.00417455791793, -0.00417455791793, 1
5.204, 0.01982601, 0.001467317, 5.2, 0.00417455791793, -0.00417455791793, 1
5.205, 0.01982947, 0.001467567, 5.2, 0.00417455791793, -0.00417455791793, 1
5.206, 0.01983315, 0.001467817, 5.2, 0.00417455791793, -0.00417455791793, 1
5.207, 0.01983662, 0.001468087, 5.2, 0.00417455791793, -0.00417455791793, 1
5.208, 0.01984014, 0.001468337, 5.2, 0.00417455791793, -0.00417455791793, 1
5.209, 0.019843599, 0.001468587, 5.2, 0.00417455791793, -0.00417455791793, 1
5.21, 0.019847069, 0.001468837, 5.2, 0.00417455791793, -0.00417455791793, 1
5.211, 0.019855209, 0.001469114, 5.2, 0.00417455791793, -0.00417455791793, 1
5.212, 0.019858829, 0.001469385, 5.2, 0.00417455791793, -0.00417455791793, 1
5.213, 0.019862539, 0.001469656, 5.2, 0.00417455791793, -0.00417455791793, 1
5.214, 0.019866179, 0.001469917, 5.2, 0.00417455791793, -0.00417455791793, 1
5.215, 0.019869779, 0.001470177, 5.2, 0.00417455791793, -0.00417455791793, 1
5.216, 0.019873259, 0.001470438, 5.2, 0.00417455791793, -0.00417455791793, 1
5.217, 0.019876678, 0.001470687, 5.2, 0.00417455791793, -0.00417455791793, 1
5.218, 0.019880349, 0.001470949, 5.2, 0.00417455791793, -0.00417455791793, 1
5.219, 0.019884098, 0.001471297, 5.2, 0.00417455791793, -0.00417455791793, 1
5.22, 0.019887768, 0.001471637, 5.2, 0.00417455791793, -0.00417455791793, 1
5.221, 0.019891318, 0.001471895, 5.2, 0.00417455791793, -0.00417455791793, 1
5.222, 0.019894869, 0.001472154, 5.2, 0.00417455791793, -0.00417455791793, 1
5.223, 0.019898429, 0.001472414, 5.2, 0.00417455791793, -0.00417455791793, 1
5.224, 0.019901939, 0.001472684, 5.2, 0.00417455791793, -0.00417455791793, 1
5.225, 0.019905369, 0.001472954, 5.2, 0.00417455791793, -0.00417455791793, 1
5.226, 0.019908939, 0.001473224, 5.2, 0.00417455791793, -0.00417455791793, 1
5.227, 0.019912389, 0.001473494, 5.2, 0.00417455791793, -0.00417455791793, 1
5.228, 0.019915939, 0.001473754, 5.2, 0.00417455791793, -0.00417455791793, 1
5.229, 0.019919359, 0.001474004, 5.2, 0.00417455791793, -0.00417455791793, 1
5.23, 0.019922949, 0.001474254, 5.2, 0.00417455791793, -0.00417455791793, 1
5.231, 0.019926499, 0.001474513, 5.2, 0.00417455791793, -0.00417455791793, 1
5.232, 0.019930248, 0.001474785, 5.2, 0.00417455791793, -0.00417455791793, 1
5.233, 0.019933688, 0.001475037, 5.2, 0.00417455791793, -0.00417455791793, 1
5.234, 0.019937178, 0.0014753, 5.2, 0.00417455791793, -0.00417455791793, 1
5.235, 0.019940689, 0.001475559, 5.2, 0.00417455791793, -0.00417455791793, 1
5.236, 0.019944218, 0.001475818, 5.2, 0.00417455791793, -0.00417455791793, 1
5.237, 0.019947667, 0.001476078, 5.2, 0.00417455791793, -0.00417455791793, 1
5.238, 0.019951166, 0.00147636, 5.2, 0.00417455791793, -0.00417455791793, 1
5.239, 0.019954716, 0.001476639, 5.2, 0.00417455791793, -0.00417455791793, 1
5.24, 0.019958326, 0.001476897, 5.2, 0.00417455791793, -0.00417455791793, 1
5.241, 0.019961896, 0.001477156, 5.2, 0.00417455791793, -0.00417455791793, 1
5.242, 0.019965346, 0.001477404, 5.2, 0.00417455791793, -0.00417455791793, 1
5.243, 0.019970146, 0.001477772, 5.2, 0.00417455791793, -0.00417455791793, 1
5.244, 0.019975486, 0.001478192, 5.2, 0.00417455791793, -0.00417455791793, 1
5.245, 0.019981166, 0.001478632, 5.2, 0.00417455791793, -0.00417455791793, 1
5.246, 0.019986456, 0.001479082, 5.2, 0.00417455791793, -0.00417455791793, 1
5.247, 0.019991576, 0.001479512, 5.2, 0.00417455791793, -0.00417455791793, 1
5.248, 0.019996936, 0.001479912, 5.2, 0.00417455791793, -0.00417455791793, 1
5.249, 0.020001646, 0.001480261, 5.2, 0.00417455791793, -0.00417455791793, 1
5.25, 0.020006715, 0.001480612, 5.2, 0.00417455791793, -0.00417455791793, 1
5.251, 0.020011745, 0.001481012, 5.2, 0.00417455791793, -0.00417455791793, 1
5.252, 0.020016414, 0.001481442, 5.2, 0.00417455791793, -0.00417455791793, 1
5.253, 0.020021645, 0.001481864, 5.2, 0.00417455791793, -0.00417455791793, 1
5.254, 0.020026666, 0.001482284, 5.2, 0.00417455791793, -0.00417455791793, 1
5.255, 0.020031377, 0.001482654, 5.2, 0.00417455791793, -0.00417455791793, 1
5.256, 0.020036756, 0.001483062, 5.2, 0.00417455791793, -0.00417455791793, 1
5.257, 0.020042257, 0.001483521, 5.2, 0.00417455791793, -0.00417455791793, 1
5.258, 0.020048367, 0.001484072, 5.2, 0.00417455791793, -0.00417455791793, 1
5.259, 0.020054177, 0.001484502, 5.2, 0.00417455791793, -0.00417455791793, 1
5.26, 0.020059997, 0.001484912, 5.2, 0.00417455791793, -0.00417455791793, 1
5.261, 0.020066007, 0.001485342, 5.2, 0.00417455791793, -0.00417455791793, 1
5.262, 0.020071567, 0.001485742, 5.2, 0.00417455791793, -0.00417455791793, 1
5.263, 0.020077217, 0.001486173, 5.2, 0.00417455791793, -0.00417455791793, 1
5.264, 0.020088137, 0.001486593, 5.2, 0.00417455791793, -0.00417455791793, 1
5.265, 0.020092518, 0.001486923, 5.2, 0.00417455791793, -0.00417455791793, 1
5.266, 0.020096099, 0.001487181, 5.2, 0.00417455791793, -0.00417455791793, 1
5.267, 0.020099579, 0.001487451, 5.2, 0.00417455791793, -0.00417455791793, 1
5.268, 0.02010307, 0.001487702, 5.2, 0.00417455791793, -0.00417455791793, 1
5.269, 0.02010655, 0.001487952, 5.2, 0.00417455791793, -0.00417455791793, 1
5.27, 0.02011007, 0.001488212, 5.2, 0.00417455791793, -0.00417455791793, 1
5.271, 0.020113621, 0.001488482, 5.2, 0.00417455791793, -0.00417455791793, 1
5.272, 0.020117141, 0.00148876, 5.2, 0.00417455791793, -0.00417455791793, 1
5.273, 0.02012072, 0.001489041, 5.2, 0.00417455791793, -0.00417455791793, 1
5.274, 0.02012424, 0.001489302, 5.2, 0.00417455791793, -0.00417455791793, 1
5.275, 0.02012783, 0.001489572, 5.2, 0.00417455791793, -0.00417455791793, 1
5.276, 0.02013141, 0.001489832, 5.2, 0.00417455791793, -0.00417455791793, 1
5.277, 0.02013495, 0.001490102, 5.2, 0.00417455791793, -0.00417455791793, 1
5.278, 0.02013848, 0.001490372, 5.2, 0.00417455791793, -0.00417455791793, 1
5.279, 0.02014205, 0.001490642, 5.2, 0.00417455791793, -0.00417455791793, 1
5.28, 0.02014565, 0.001490912, 5.2, 0.00417455791793, -0.00417455791793, 1
5.281, 0.02014925, 0.001491172, 5.2, 0.00417455791793, -0.00417455791793, 1
5.282, 0.020152681, 0.001491423, 5.2, 0.00417455791793, -0.00417455791793, 1
5.283, 0.02015623, 0.001491673, 5.2, 0.00417455791793, -0.00417455791793, 1
5.284, 0.02015972, 0.001491936, 5.2, 0.00417455791793, -0.00417455791793, 1
5.285, 0.02016323, 0.001492197, 5.2, 0.00417455791793, -0.00417455791793, 1
5.286, 0.02016671, 0.001492448, 5.2, 0.00417455791793, -0.00417455791793, 1
5.287, 0.02017035, 0.001492717, 5.2, 0.00417455791793, -0.00417455791793, 1
5.288, 0.020173901, 0.001492978, 5.2, 0.00417455791793, -0.00417455791793, 1
5.289, 0.020177391, 0.001493226, 5.2, 0.00417455791793, -0.00417455791793, 1
5.29, 0.02018093, 0.001493485, 5.2, 0.00417455791793, -0.00417455791793, 1
5.291, 0.02018446, 0.001493757, 5.2, 0.00417455791793, -0.00417455791793, 1
5.292, 0.02018824, 0.001494029, 5.2, 0.00417455791793, -0.00417455791793, 1
5.293, 0.020191791, 0.001494297, 5.2, 0.00417455791793, -0.00417455791793, 1
5.294, 0.020195471, 0.001494556, 5.2, 0.00417455791793, -0.00417455791793, 1
5.295, 0.020198951, 0.001494805, 5.2, 0.00417455791793, -0.00417455791793, 1
5.296, 0.02020254, 0.001495055, 5.2, 0.00417455791793, -0.00417455791793, 1
5.297, 0.02020609, 0.001495315, 5.2, 0.00417455791793, -0.00417455791793, 1
5.298, 0.02020972, 0.001495575, 5.2, 0.00417455791793, -0.00417455791793, 1
5.299, 0.02021326, 0.001495835, 5.2, 0.00417455791793, -0.00417455791793, 1
5.3, 0.02021714, 0.001496305, 5.3, 0.00375710212614, -0.00375710212614, 1
5.301, 0.02022087, 0.001496595, 5.3, 0.00375710212614, -0.00375710212614, 1
5.302, 0.02022458, 0.001496845, 5.3, 0.00375710212614, -0.00375710212614, 1
5.303, 0.020228061, 0.001497106, 5.3, 0.00375710212614, -0.00375710212614, 1
5.304, 0.020231701, 0.001497376, 5.3, 0.00375710212614, -0.00375710212614, 1
5.305, 0.020235261, 0.001497635, 5.3, 0.00375710212614, -0.00375710212614, 1
5.306, 0.020238841, 0.001497895, 5.3, 0.00375710212614, -0.00375710212614, 1
5.307, 0.02024234, 0.001498165, 5.3, 0.00375710212614, -0.00375710212614, 1
5.308, 0.02024594, 0.001498414, 5.3, 0.00375710212614, -0.00375710212614, 1
5.309, 0.02025111, 0.001498824, 5.3, 0.00375710212614, -0.00375710212614, 1
5.31, 0.02025646, 0.001499284, 5.3, 0.00375710212614, -0.00375710212614, 1
5.311, 0.020262079, 0.001499755, 5.3, 0.00375710212614, -0.00375710212614, 1
5.312, 0.020267829, 0.001500145, 5.3, 0.00375710212614, -0.00375710212614, 1
5.313, 0.020272829, 0.001500563, 5.3, 0.00375710212614, -0.00375710212614, 1
5.314, 0.020277739, 0.001500953, 5.3, 0.00375710212614, -0.00375710212614, 1
5.315, 0.020282359, 0.001501323, 5.3, 0.00375710212614, -0.00375710212614, 1
5.316, 0.020287319, 0.001501703, 5.3, 0.00375710212614, -0.00375710212614, 1
5.317, 0.020292389, 0.001502103, 5.3, 0.00375710212614, -0.00375710212614, 1
5.318, 0.020301219, 0.001502483, 5.3, 0.00375710212614, -0.00375710212614, 1
5.319, 0.020306439, 0.001502941, 5.3, 0.00375710212614, -0.00375710212614, 1
5.32, 0.020311228, 0.001503302, 5.3, 0.00375710212614, -0.00375710212614, 1
5.321, 0.020316448, 0.001503671, 5.3, 0.00375710212614, -0.00375710212614, 1
5.322, 0.020321288, 0.00150406, 5.3, 0.00375710212614, -0.00375710212614, 1
5.323, 0.020326058, 0.001504481, 5.3, 0.00375710212614, -0.00375710212614, 1
5.324, 0.020330557, 0.001504831, 5.3, 0.00375710212614, -0.00375710212614, 1
5.325, 0.020335308, 0.001505202, 5.3, 0.00375710212614, -0.00375710212614, 1
5.326, 0.020339908, 0.001505602, 5.3, 0.00375710212614, -0.00375710212614, 1
5.327, 0.020344539, 0.001505972, 5.3, 0.00375710212614, -0.00375710212614, 1
5.328, 0.020348989, 0.001506353, 5.3, 0.00375710212614, -0.00375710212614, 1
5.329, 0.020353569, 0.001506712, 5.3, 0.00375710212614, -0.00375710212614, 1
5.33, 0.020358159, 0.001507092, 5.3, 0.00375710212614, -0.00375710212614, 1
5.331, 0.020362599, 0.001507482, 5.3, 0.00375710212614, -0.00375710212614, 1
5.332, 0.020367359, 0.001507862, 5.3, 0.00375710212614, -0.00375710212614, 1
5.333, 0.020372539, 0.001508242, 5.3, 0.00375710212614, -0.00375710212614, 1
5.334, 0.020377339, 0.001508622, 5.3, 0.00375710212614, -0.00375710212614, 1
5.335, 0.02038235, 0.001509012, 5.3, 0.00375710212614, -0.00375710212614, 1
5.336, 0.0203873, 0.001509401, 5.3, 0.00375710212614, -0.00375710212614, 1
5.337, 0.020392241, 0.001509821, 5.3, 0.00375710212614, -0.00375710212614, 1
5.338, 0.020397382, 0.001510231, 5.3, 0.00375710212614, -0.00375710212614, 1
5.339, 0.020402352, 0.001510639, 5.3, 0.00375710212614, -0.00375710212614, 1
5.34, 0.020407181, 0.001511029, 5.3, 0.00375710212614, -0.00375710212614, 1
5.341, 0.020412372, 0.001511459, 5.3, 0.00375710212614, -0.00375710212614, 1
5.342, 0.020417502, 0.001511878, 5.3, 0.00375710212614, -0.00375710212614, 1
5.343, 0.020422592, 0.001512297, 5.3, 0.00375710212614, -0.00375710212614, 1
5.344, 0.020427702, 0.001512738, 5.3, 0.00375710212614, -0.00375710212614, 1
5.345, 0.020432582, 0.001513118, 5.3, 0.00375710212614, -0.00375710212614, 1
5.346, 0.020437332, 0.001513498, 5.3, 0.00375710212614, -0.00375710212614, 1
5.347, 0.020442332, 0.001513928, 5.3, 0.00375710212614, -0.00375710212614, 1
5.348, 0.020447212, 0.001514338, 5.3, 0.00375710212614, -0.00375710212614, 1
5.349, 0.020452032, 0.001514728, 5.3, 0.00375710212614, -0.00375710212614, 1
5.35, 0.020457012, 0.001515118, 5.3, 0.00375710212614, -0.00375710212614, 1
5.351, 0.020462282, 0.001515538, 5.3, 0.00375710212614, -0.00375710212614, 1
5.352, 0.020467482, 0.001515958, 5.3, 0.00375710212614, -0.00375710212614, 1
5.353, 0.020472461, 0.00151633, 5.3, 0.00375710212614, -0.00375710212614, 1
5.354, 0.02047747, 0.001516733, 5.3, 0.00375710212614, -0.00375710212614, 1
5.355, 0.020482701, 0.001517163, 5.3, 0.00375710212614, -0.00375710212614, 1
5.356, 0.020487711, 0.001517575, 5.3, 0.00375710212614, -0.00375710212614, 1
5.357, 0.020492951, 0.001517985, 5.3, 0.00375710212614, -0.00375710212614, 1
5.358, 0.020498111, 0.001518404, 5.3, 0.00375710212614, -0.00375710212614, 1
5.359, 0.020503101, 0.001518783, 5.3, 0.00375710212614, -0.00375710212614, 1
5.36, 0.020508531, 0.001519213, 5.3, 0.00375710212614, -0.00375710212614, 1
5.361, 0.020513661, 0.001519603, 5.3, 0.00375710212614, -0.00375710212614, 1
5.362, 0.020518711, 0.001520013, 5.3, 0.00375710212614, -0.00375710212614, 1
5.363, 0.020523801, 0.001520393, 5.3, 0.00375710212614, -0.00375710212614, 1
5.364, 0.020528671, 0.001520773, 5.3, 0.00375710212614, -0.00375710212614, 1
5.365, 0.020533751, 0.001521171, 5.3, 0.00375710212614, -0.00375710212614, 1
5.366, 0.020539071, 0.001521561, 5.3, 0.00375710212614, -0.00375710212614, 1
5.367, 0.020544122, 0.00152196, 5.3, 0.00375710212614, -0.00375710212614, 1
5.368, 0.020549162, 0.001522362, 5.3, 0.00375710212614, -0.00375710212614, 1
5.369, 0.020554173, 0.001522761, 5.3, 0.00375710212614, -0.00375710212614, 1
5.37, 0.020558883, 0.00152316, 5.3, 0.00375710212614, -0.00375710212614, 1
5.371, 0.020567992, 0.001523531, 5.3, 0.00375710212614, -0.00375710212614, 1
5.372, 0.020573383, 0.001523962, 5.3, 0.00375710212614, -0.00375710212614, 1
5.373, 0.020578513, 0.001524351, 5.3, 0.00375710212614, -0.00375710212614, 1
5.374, 0.020583603, 0.001524721, 5.3, 0.00375710212614, -0.00375710212614, 1
5.375, 0.020588703, 0.001525101, 5.3, 0.00375710212614, -0.00375710212614, 1
5.376, 0.020593853, 0.001525511, 5.3, 0.00375710212614, -0.00375710212614, 1
5.377, 0.020599023, 0.001525921, 5.3, 0.00375710212614, -0.00375710212614, 1
5.378, 0.020604133, 0.001526321, 5.3, 0.00375710212614, -0.00375710212614, 1
5.379, 0.020608794, 0.001526692, 5.3, 0.00375710212614, -0.00375710212614, 1
5.38, 0.020613544, 0.001527081, 5.3, 0.00375710212614, -0.00375710212614, 1
5.381, 0.020618634, 0.001527471, 5.3, 0.00375710212614, -0.00375710212614, 1
5.382, 0.020623465, 0.001527849, 5.3, 0.00375710212614, -0.00375710212614, 1
5.383, 0.020628665, 0.001528239, 5.3, 0.00375710212614, -0.00375710212614, 1
5.384, 0.020633825, 0.001528646, 5.3, 0.00375710212614, -0.00375710212614, 1
5.385, 0.020638804, 0.001529076, 5.3, 0.00375710212614, -0.00375710212614, 1
5.386, 0.020644094, 0.001529506, 5.3, 0.00375710212614, -0.00375710212614, 1
5.387, 0.020649165, 0.001529867, 5.3, 0.00375710212614, -0.00375710212614, 1
5.388, 0.020654165, 0.001530278, 5.3, 0.00375710212614, -0.00375710212614, 1
5.389, 0.020659395, 0.001530668, 5.3, 0.00375710212614, -0.00375710212614, 1
5.39, 0.020664745, 0.001531128, 5.3, 0.00375710212614, -0.00375710212614, 1
5.391, 0.020669735, 0.001531528, 5.3, 0.00375710212614, -0.00375710212614, 1
5.392, 0.020674635, 0.001531938, 5.3, 0.00375710212614, -0.00375710212614, 1
5.393, 0.020679855, 0.001532348, 5.3, 0.00375710212614, -0.00375710212614, 1
5.394, 0.020684995, 0.00153276, 5.3, 0.00375710212614, -0.00375710212614, 1
5.395, 0.020690055, 0.00153316, 5.3, 0.00375710212614, -0.00375710212614, 1
5.396, 0.020695225, 0.001533529, 5.3, 0.00375710212614, -0.00375710212614, 1
5.397, 0.020700166, 0.001533929, 5.3, 0.00375710212614, -0.00375710212614, 1
5.398, 0.020705305, 0.001534339, 5.3, 0.00375710212614, -0.00375710212614, 1
5.399, 0.020710465, 0.00153474, 5.3, 0.00375710212614, -0.00375710212614, 1
5.4, 0.020715736, 0.001535331, 5.4, 0.00338139191352, -0.00338139191352, 1
5.401, 0.020720965, 0.001535732, 5.4, 0.00338139191352, -0.00338139191352, 1
5.402, 0.020726355, 0.001536111, 5.4, 0.00338139191352, -0.00338139191352, 1
5.403, 0.020731495, 0.001536502, 5.4, 0.00338139191352, -0.00338139191352, 1
5.404, 0.020736675, 0.001536872, 5.4, 0.00338139191352, -0.00338139191352, 1
5.405, 0.020741815, 0.001537252, 5.4, 0.00338139191352, -0.00338139191352, 1
5.406, 0.020747005, 0.001537622, 5.4, 0.00338139191352, -0.00338139191352, 1
5.407, 0.020752215, 0.001537992, 5.4, 0.00338139191352, -0.00338139191352, 1
5.408, 0.020757245, 0.001538392, 5.4, 0.00338139191352, -0.00338139191352, 1
5.409, 0.020762516, 0.001538739, 5.4, 0.00338139191352, -0.00338139191352, 1
5.41, 0.020767965, 0.001539129, 5.4, 0.00338139191352, -0.00338139191352, 1
5.411, 0.020773055, 0.00153953, 5.4, 0.00338139191352, -0.00338139191352, 1
5.412, 0.020778235, 0.00153993, 5.4, 0.00338139191352, -0.00338139191352, 1
5.413, 0.020783395, 0.001540341, 5.4, 0.00338139191352, -0.00338139191352, 1
5.414, 0.020788365, 0.001540732, 5.4, 0.00338139191352, -0.00338139191352, 1
5.415, 0.020793615, 0.001541122, 5.4, 0.00338139191352, -0.00338139191352, 1
5.416, 0.020798655, 0.001541522, 5.4, 0.00338139191352, -0.00338139191352, 1
5.417, 0.020803605, 0.001541962, 5.4, 0.00338139191352, -0.00338139191352, 1
5.418, 0.020808665, 0.001542353, 5.4, 0.00338139191352, -0.00338139191352, 1
5.419, 0.020813705, 0.001542803, 5.4, 0.00338139191352, -0.00338139191352, 1
5.42, 0.020818785, 0.001543223, 5.4, 0.00338139191352, -0.00338139191352, 1
5.421, 0.020823765, 0.001543653, 5.4, 0.00338139191352, -0.00338139191352, 1
5.422, 0.020829265, 0.001544083, 5.4, 0.00338139191352, -0.00338139191352, 1
5.423, 0.020834305, 0.001544463, 5.4, 0.00338139191352, -0.00338139191352, 1
5.424, 0.020839455, 0.001544874, 5.4, 0.00338139191352, -0.00338139191352, 1
5.425, 0.020848446, 0.001545262, 5.4, 0.00338139191352, -0.00338139191352, 1
5.426, 0.020853476, 0.001545662, 5.4, 0.00338139191352, -0.00338139191352, 1
5.427, 0.020858596, 0.001546074, 5.4, 0.00338139191352, -0.00338139191352, 1
5.428, 0.020863805, 0.001546496, 5.4, 0.00338139191352, -0.00338139191352, 1
5.429, 0.020869046, 0.001546926, 5.4, 0.00338139191352, -0.00338139191352, 1
5.43, 0.020873985, 0.001547357, 5.4, 0.00338139191352, -0.00338139191352, 1
5.431, 0.020879326, 0.001547776, 5.4, 0.00338139191352, -0.00338139191352, 1
5.432, 0.020884346, 0.001548186, 5.4, 0.00338139191352, -0.00338139191352, 1
5.433, 0.020889556, 0.001548586, 5.4, 0.00338139191352, -0.00338139191352, 1
5.434, 0.020894746, 0.001548996, 5.4, 0.00338139191352, -0.00338139191352, 1
5.435, 0.020899906, 0.001549386, 5.4, 0.00338139191352, -0.00338139191352, 1
5.436, 0.020905166, 0.001549836, 5.4, 0.00338139191352, -0.00338139191352, 1
5.437, 0.020910336, 0.001550236, 5.4, 0.00338139191352, -0.00338139191352, 1
5.438, 0.020915666, 0.001550667, 5.4, 0.00338139191352, -0.00338139191352, 1
5.439, 0.020920706, 0.001551037, 5.4, 0.00338139191352, -0.00338139191352, 1
5.44, 0.020925786, 0.001551458, 5.4, 0.00338139191352, -0.00338139191352, 1
5.441, 0.020931545, 0.001551858, 5.4, 0.00338139191352, -0.00338139191352, 1
5.442, 0.020936705, 0.001552279, 5.4, 0.00338139191352, -0.00338139191352, 1
5.443, 0.020941985, 0.00155269, 5.4, 0.00338139191352, -0.00338139191352, 1
5.444, 0.020947176, 0.001553101, 5.4, 0.00338139191352, -0.00338139191352, 1
5.445, 0.020952226, 0.001553501, 5.4, 0.00338139191352, -0.00338139191352, 1
5.446, 0.020957556, 0.00155391, 5.4, 0.00338139191352, -0.00338139191352, 1
5.447, 0.020962856, 0.001554329, 5.4, 0.00338139191352, -0.00338139191352, 1
5.448, 0.020967966, 0.001554739, 5.4, 0.00338139191352, -0.00338139191352, 1
5.449, 0.020973116, 0.001555139, 5.4, 0.00338139191352, -0.00338139191352, 1
5.45, 0.020978316, 0.001555539, 5.4, 0.00338139191352, -0.00338139191352, 1
5.451, 0.020983596, 0.001555939, 5.4, 0.00338139191352, -0.00338139191352, 1
5.452, 0.020988676, 0.00155633, 5.4, 0.00338139191352, -0.00338139191352, 1
5.453, 0.020993836, 0.001556739, 5.4, 0.00338139191352, -0.00338139191352, 1
5.454, 0.020998975, 0.001557139, 5.4, 0.00338139191352, -0.00338139191352, 1
5.455, 0.021004036, 0.001557538, 5.4, 0.00338139191352, -0.00338139191352, 1
5.456, 0.021009225, 0.001557918, 5.4, 0.00338139191352, -0.00338139191352, 1
5.457, 0.021014276, 0.001558349, 5.4, 0.00338139191352, -0.00338139191352, 1
5.458, 0.021019497, 0.001558746, 5.4, 0.00338139191352, -0.00338139191352, 1
5.459, 0.021024686, 0.001559177, 5.4, 0.00338139191352, -0.00338139191352, 1
5.46, 0.021029667, 0.001559546, 5.4, 0.00338139191352, -0.00338139191352, 1
5.461, 0.021035227, 0.001559987, 5.4, 0.00338139191352, -0.00338139191352, 1
5.462, 0.021040437, 0.001560367, 5.4, 0.00338139191352, -0.00338139191352, 1
5.463, 0.021045677, 0.001560777, 5.4, 0.00338139191352, -0.00338139191352, 1
5.464, 0.021050867, 0.001561217, 5.4, 0.00338139191352, -0.00338139191352, 1
5.465, 0.021055977, 0.001561597, 5.4, 0.00338139191352, -0.00338139191352, 1
5.466, 0.021061197, 0.001561957, 5.4, 0.00338139191352, -0.00338139191352, 1
5.467, 0.021066478, 0.001562346, 5.4, 0.00338139191352, -0.00338139191352, 1
5.468, 0.021071618, 0.001562746, 5.4, 0.00338139191352, -0.00338139191352, 1
5.469, 0.021076847, 0.001563137, 5.4, 0.00338139191352, -0.00338139191352, 1
5.47, 0.021082057, 0.001563527, 5.4, 0.00338139191352, -0.00338139191352, 1
5.471, 0.021087248, 0.001563926, 5.4, 0.00338139191352, -0.00338139191352, 1
5.472, 0.021092488, 0.001564348, 5.4, 0.00338139191352, -0.00338139191352, 1
5.473, 0.021097709, 0.001564728, 5.4, 0.00338139191352, -0.00338139191352, 1
5.474, 0.021103019, 0.001565157, 5.4, 0.00338139191352, -0.00338139191352, 1
5.475, 0.021108139, 0.001565566, 5.4, 0.00338139191352, -0.00338139191352, 1
5.476, 0.02111314, 0.001565987, 5.4, 0.00338139191352, -0.00338139191352, 1
5.477, 0.0211181, 0.001566377, 5.4, 0.00338139191352, -0.00338139191352, 1
5.478, 0.02112604, 0.001566767, 5.4, 0.00338139191352, -0.00338139191352, 1
5.479, 0.02113101, 0.001567137, 5.4, 0.00338139191352, -0.00338139191352, 1
5.48, 0.02113628, 0.001567537, 5.4, 0.00338139191352, -0.00338139191352, 1
5.481, 0.02114186, 0.001568107, 5.4, 0.00338139191352, -0.00338139191352, 1
5.482, 0.02114663, 0.001568477, 5.4, 0.00338139191352, -0.00338139191352, 1
5.483, 0.02115185, 0.001568858, 5.4, 0.00338139191352, -0.00338139191352, 1
5.484, 0.021157241, 0.00156928, 5.4, 0.00338139191352, -0.00338139191352, 1
5.485, 0.021162121, 0.001569669, 5.4, 0.00338139191352, -0.00338139191352, 1
5.486, 0.021167011, 0.00157008, 5.4, 0.00338139191352, -0.00338139191352, 1
5.487, 0.021172051, 0.001570469, 5.4, 0.00338139191352, -0.00338139191352, 1
5.488, 0.021176571, 0.001570839, 5.4, 0.00338139191352, -0.00338139191352, 1
5.489, 0.021181271, 0.001571238, 5.4, 0.00338139191352, -0.00338139191352, 1
5.49, 0.021186321, 0.001571658, 5.4, 0.00338139191352, -0.00338139191352, 1
5.491, 0.021191251, 0.001572028, 5.4, 0.00338139191352, -0.00338139191352, 1
5.492, 0.021196061, 0.001572398, 5.4, 0.00338139191352, -0.00338139191352, 1
5.493, 0.021200951, 0.001572768, 5.4, 0.00338139191352, -0.00338139191352, 1
5.494, 0.021205801, 0.001573138, 5.4, 0.00338139191352, -0.00338139191352, 1
5.495, 0.021210661, 0.001573528, 5.4, 0.00338139191352, -0.00338139191352, 1
5.496, 0.021215771, 0.001573968, 5.4, 0.00338139191352, -0.00338139191352, 1
5.497, 0.021220811, 0.001574398, 5.4, 0.00338139191352, -0.00338139191352, 1
5.498, 0.021225921, 0.00157484, 5.4, 0.00338139191352, -0.00338139191352, 1
5.499, 0.021231021, 0.00157527, 5.4, 0.00338139191352, -0.00338139191352, 1
5.5, 0.021236301, 0.00157589, 5.5, 0.00304325272217, -0.00304325272217, 1
5.501, 0.021241522, 0.001576332, 5.5, 0.00304325272217, -0.00304325272217, 1
5.502, 0.021246732, 0.001576761, 5.5, 0.00304325272217, -0.00304325272217, 1
5.503, 0.021252071, 0.001577181, 5.5, 0.00304325272217, -0.00304325272217, 1
5.504, 0.021257071, 0.001577611, 5.5, 0.00304325272217, -0.00304325272217, 1
5.505, 0.02126213, 0.001577991, 5.5, 0.00304325272217, -0.00304325272217, 1
5.506, 0.02126748, 0.001578432, 5.5, 0.00304325272217, -0.00304325272217, 1
5.507, 0.02127272, 0.001578862, 5.5, 0.00304325272217, -0.00304325272217, 1
5.508, 0.02127795, 0.001579312, 5.5, 0.00304325272217, -0.00304325272217, 1
5.509, 0.02128332, 0.001579742, 5.5, 0.00304325272217, -0.00304325272217, 1
5.51, 0.0212884, 0.001580172, 5.5, 0.00304325272217, -0.00304325272217, 1
5.511, 0.021293549, 0.001580583, 5.5, 0.00304325272217, -0.00304325272217, 1
5.512, 0.021298709, 0.001581003, 5.5, 0.00304325272217, -0.00304325272217, 1
5.513, 0.021303859, 0.001581403, 5.5, 0.00304325272217, -0.00304325272217, 1
5.514, 0.021308888, 0.001581832, 5.5, 0.00304325272217, -0.00304325272217, 1
5.515, 0.021314098, 0.001582202, 5.5, 0.00304325272217, -0.00304325272217, 1
5.516, 0.021319239, 0.00158261, 5.5, 0.00304325272217, -0.00304325272217, 1
5.517, 0.02132433, 0.001583021, 5.5, 0.00304325272217, -0.00304325272217, 1
5.518, 0.021329359, 0.00158344, 5.5, 0.00304325272217, -0.00304325272217, 1
5.519, 0.021334408, 0.001583859, 5.5, 0.00304325272217, -0.00304325272217, 1
5.52, 0.021339379, 0.00158426, 5.5, 0.00304325272217, -0.00304325272217, 1
5.521, 0.021344569, 0.00158465, 5.5, 0.00304325272217, -0.00304325272217, 1
5.522, 0.021349589, 0.00158503, 5.5, 0.00304325272217, -0.00304325272217, 1
5.523, 0.021354579, 0.00158544, 5.5, 0.00304325272217, -0.00304325272217, 1
5.524, 0.021359699, 0.00158585, 5.5, 0.00304325272217, -0.00304325272217, 1
5.525, 0.021364569, 0.00158626, 5.5, 0.00304325272217, -0.00304325272217, 1
5.526, 0.02136932, 0.00158667, 5.5, 0.00304325272217, -0.00304325272217, 1
5.527, 0.02137432, 0.001587129, 5.5, 0.00304325272217, -0.00304325272217, 1
5.528, 0.021379331, 0.001587518, 5.5, 0.00304325272217, -0.00304325272217, 1
5.529, 0.0213841, 0.001587928, 5.5, 0.00304325272217, -0.00304325272217, 1
5.53, 0.02138904, 0.00158836, 5.5, 0.00304325272217, -0.00304325272217, 1
5.531, 0.02139393, 0.001588738, 5.5, 0.00304325272217, -0.00304325272217, 1
5.532, 0.021402681, 0.001589138, 5.5, 0.00304325272217, -0.00304325272217, 1
5.533, 0.02140727, 0.001589528, 5.5, 0.00304325272217, -0.00304325272217, 1
5.534, 0.02141259, 0.001589929, 5.5, 0.00304325272217, -0.00304325272217, 1
5.535, 0.02141818, 0.001590388, 5.5, 0.00304325272217, -0.00304325272217, 1
5.536, 0.02142327, 0.001590808, 5.5, 0.00304325272217, -0.00304325272217, 1
5.537, 0.02142834, 0.001591198, 5.5, 0.00304325272217, -0.00304325272217, 1
5.538, 0.0214331, 0.001591588, 5.5, 0.00304325272217, -0.00304325272217, 1
5.539, 0.02143801, 0.001591968, 5.5, 0.00304325272217, -0.00304325272217, 1
5.54, 0.02144263, 0.001592338, 5.5, 0.00304325272217, -0.00304325272217, 1
5.541, 0.02144762, 0.001592717, 5.5, 0.00304325272217, -0.00304325272217, 1
5.542, 0.02145239, 0.001593136, 5.5, 0.00304325272217, -0.00304325272217, 1
5.543, 0.02145756, 0.001593574, 5.5, 0.00304325272217, -0.00304325272217, 1
5.544, 0.02146252, 0.001593974, 5.5, 0.00304325272217, -0.00304325272217, 1
5.545, 0.021467649, 0.001594384, 5.5, 0.00304325272217, -0.00304325272217, 1
5.546, 0.02147279, 0.001594833, 5.5, 0.00304325272217, -0.00304325272217, 1
5.547, 0.021477979, 0.001595263, 5.5, 0.00304325272217, -0.00304325272217, 1
5.548, 0.02148304, 0.001595662, 5.5, 0.00304325272217, -0.00304325272217, 1
5.549, 0.02148791, 0.00159607, 5.5, 0.00304325272217, -0.00304325272217, 1
5.55, 0.021493551, 0.00159646, 5.5, 0.00304325272217, -0.00304325272217, 1
5.551, 0.021498951, 0.00159688, 5.5, 0.00304325272217, -0.00304325272217, 1
5.552, 0.021504341, 0.00159732, 5.5, 0.00304325272217, -0.00304325272217, 1
5.553, 0.021509691, 0.00159771, 5.5, 0.00304325272217, -0.00304325272217, 1
5.554, 0.021515211, 0.00159815, 5.5, 0.00304325272217, -0.00304325272217, 1
5.555, 0.021520671, 0.00159859, 5.5, 0.00304325272217, -0.00304325272217, 1
5.556, 0.021526001, 0.001599062, 5.5, 0.00304325272217, -0.00304325272217, 1
5.557, 0.021531401, 0.001599512, 5.5, 0.00304325272217, -0.00304325272217, 1
5.558, 0.021537011, 0.001599963, 5.5, 0.00304325272217, -0.00304325272217, 1
5.559, 0.021542571, 0.001600412, 5.5, 0.00304325272217, -0.00304325272217, 1
5.56, 0.021548122, 0.001600852, 5.5, 0.00304325272217, -0.00304325272217, 1
5.561, 0.021553741, 0.001601313, 5.5, 0.00304325272217, -0.00304325272217, 1
5.562, 0.02155927, 0.001601784, 5.5, 0.00304325272217, -0.00304325272217, 1
5.563, 0.021564661, 0.001602226, 5.5, 0.00304325272217, -0.00304325272217, 1
5.564, 0.021570161, 0.001602676, 5.5, 0.00304325272217, -0.00304325272217, 1
5.565, 0.021575451, 0.001603086, 5.5, 0.00304325272217, -0.00304325272217, 1
5.566, 0.021580761, 0.001603506, 5.5, 0.00304325272217, -0.00304325272217, 1
5.567, 0.021585821, 0.001603916, 5.5, 0.00304325272217, -0.00304325272217, 1
5.568, 0.021590891, 0.001604316, 5.5, 0.00304325272217, -0.00304325272217, 1
5.569, 0.021595901, 0.001604726, 5.5, 0.00304325272217, -0.00304325272217, 1
5.57, 0.021600901, 0.001605116, 5.5, 0.00304325272217, -0.00304325272217, 1
5.571, 0.021605861, 0.001605495, 5.5, 0.00304325272217, -0.00304325272217, 1
5.572, 0.021610901, 0.001605897, 5.5, 0.00304325272217, -0.00304325272217, 1
5.573, 0.02161592, 0.001606268, 5.5, 0.00304325272217, -0.00304325272217, 1
5.574, 0.021620899, 0.001606627, 5.5, 0.00304325272217, -0.00304325272217, 1
5.575, 0.02162588, 0.001607047, 5.5, 0.00304325272217, -0.00304325272217, 1
5.576, 0.02163074, 0.001607456, 5.5, 0.00304325272217, -0.00304325272217, 1
5.577, 0.02163581, 0.001607855, 5.5, 0.00304325272217, -0.00304325272217, 1
5.578, 0.02164097, 0.001608246, 5.5, 0.00304325272217, -0.00304325272217, 1
5.579, 0.021646021, 0.001608636, 5.5, 0.00304325272217, -0.00304325272217, 1
5.58, 0.021650861, 0.001609036, 5.5, 0.00304325272217, -0.00304325272217, 1
5.581, 0.02165592, 0.001609436, 5.5, 0.00304325272217, -0.00304325272217, 1
5.582, 0.02166086, 0.001609816, 5.5, 0.00304325272217, -0.00304325272217, 1
5.583, 0.02166577, 0.001610206, 5.5, 0.00304325272217, -0.00304325272217, 1
5.584, 0.02167087, 0.001610606, 5.5, 0.00304325272217, -0.00304325272217, 1
5.585, 0.02167972, 0.001611016, 5.5, 0.00304325272217, -0.00304325272217, 1
5.586, 0.02168496, 0.001611467, 5.5, 0.00304325272217, -0.00304325272217, 1
5.587, 0.02168982, 0.001611845, 5.5, 0.00304325272217, -0.00304325272217, 1
5.588, 0.02169502, 0.001612259, 5.5, 0.00304325272217, -0.00304325272217, 1
5.589, 0.02170023, 0.001612688, 5.5, 0.00304325272217, -0.00304325272217, 1
5.59, 0.021705031, 0.001613107, 5.5, 0.00304325272217, -0.00304325272217, 1
5.591, 0.02171005, 0.001613528, 5.5, 0.00304325272217, -0.00304325272217, 1
5.592, 0.02171521, 0.001613926, 5.5, 0.00304325272217, -0.00304325272217, 1
5.593, 0.02172009, 0.001614347, 5.5, 0.00304325272217, -0.00304325272217, 1
5.594, 0.02172479, 0.001614737, 5.5, 0.00304325272217, -0.00304325272217, 1
5.595, 0.02172982, 0.001615157, 5.5, 0.00304325272217, -0.00304325272217, 1
5.596, 0.02173484, 0.001615567, 5.5, 0.00304325272217, -0.00304325272217, 1
5.597, 0.02173996, 0.001615987, 5.5, 0.00304325272217, -0.00304325272217, 1
5.598, 0.02174515, 0.001616407, 5.5, 0.00304325272217, -0.00304325272217, 1
5.599, 0.02175021, 0.001616846, 5.5, 0.00304325272217, -0.00304325272217, 1
5.6, 0.02175554, 0.001617497, 5.6, 0.00273892744995, -0.00273892744995, 1
5.601, 0.021760721, 0.001617928, 5.6, 0.00273892744995, -0.00273892744995, 1
5.602, 0.021765841, 0.001618358, 5.6, 0.00273892744995, -0.00273892744995, 1
5.603, 0.021771171, 0.00161877, 5.6, 0.00273892744995, -0.00273892744995, 1
5.604, 0.02177634, 0.001619179, 5.6, 0.00273892744995, -0.00273892744995, 1
5.605, 0.02178151, 0.001619598, 5.6, 0.00273892744995, -0.00273892744995, 1
5.606, 0.021786691, 0.001619998, 5.6, 0.00273892744995, -0.00273892744995, 1
5.607, 0.021791861, 0.001620428, 5.6, 0.00273892744995, -0.00273892744995, 1
5.608, 0.021797161, 0.001620877, 5.6, 0.00273892744995, -0.00273892744995, 1
5.609, 0.021802291, 0.001621307, 5.6, 0.00273892744995, -0.00273892744995, 1
5.61, 0.021807441, 0.001621727, 5.6, 0.00273892744995, -0.00273892744995, 1
5.611, 0.021812691, 0.001622157, 5.6, 0.00273892744995, -0.00273892744995, 1
5.612, 0.021817941, 0.001622577, 5.6, 0.00273892744995, -0.00273892744995, 1
5.613, 0.021823201, 0.001622997, 5.6, 0.00273892744995, -0.00273892744995, 1
5.614, 0.021828321, 0.001623406, 5.6, 0.00273892744995, -0.00273892744995, 1
5.615, 0.021833081, 0.001623839, 5.6, 0.00273892744995, -0.00273892744995, 1
5.616, 0.02183809, 0.00162427, 5.6, 0.00273892744995, -0.00273892744995, 1
5.617, 0.021843561, 0.00162469, 5.6, 0.00273892744995, -0.00273892744995, 1
5.618, 0.021848591, 0.001625071, 5.6, 0.00273892744995, -0.00273892744995, 1
5.619, 0.021853461, 0.001625472, 5.6, 0.00273892744995, -0.00273892744995, 1
5.62, 0.021858581, 0.00162599, 5.6, 0.00273892744995, -0.00273892744995, 1
5.621, 0.021864151, 0.00162643, 5.6, 0.00273892744995, -0.00273892744995, 1
5.622, 0.021893461, 0.00162691, 5.6, 0.00273892744995, -0.00273892744995, 1
5.623, 0.021899261, 0.0016274, 5.6, 0.00273892744995, -0.00273892744995, 1
5.624, 0.021904611, 0.001627798, 5.6, 0.00273892744995, -0.00273892744995, 1
5.625, 0.021909882, 0.00162835, 5.6, 0.00273892744995, -0.00273892744995, 1
5.626, 0.021914621, 0.001628731, 5.6, 0.00273892744995, -0.00273892744995, 1
5.627, 0.021919742, 0.001629131, 5.6, 0.00273892744995, -0.00273892744995, 1
5.628, 0.021924862, 0.0016295, 5.6, 0.00273892744995, -0.00273892744995, 1
5.629, 0.021928582, 0.001629762, 5.6, 0.00273892744995, -0.00273892744995, 1
5.63, 0.021932072, 0.001630021, 5.6, 0.00273892744995, -0.00273892744995, 1
5.631, 0.021935701, 0.00163028, 5.6, 0.00273892744995, -0.00273892744995, 1
5.632, 0.021939281, 0.00163054, 5.6, 0.00273892744995, -0.00273892744995, 1
5.633, 0.021942872, 0.001630798, 5.6, 0.00273892744995, -0.00273892744995, 1
5.634, 0.021946352, 0.001631057, 5.6, 0.00273892744995, -0.00273892744995, 1
5.635, 0.021949892, 0.001631306, 5.6, 0.00273892744995, -0.00273892744995, 1
5.636, 0.021953402, 0.001631566, 5.6, 0.00273892744995, -0.00273892744995, 1
5.637, 0.021956992, 0.001631826, 5.6, 0.00273892744995, -0.00273892744995, 1
5.638, 0.021960472, 0.001632096, 5.6, 0.00273892744995, -0.00273892744995, 1
5.639, 0.021967872, 0.001632356, 5.6, 0.00273892744995, -0.00273892744995, 1
5.64, 0.021971732, 0.001632616, 5.6, 0.00273892744995, -0.00273892744995, 1
5.641, 0.021975222, 0.001632866, 5.6, 0.00273892744995, -0.00273892744995, 1
5.642, 0.021978822, 0.001633125, 5.6, 0.00273892744995, -0.00273892744995, 1
5.643, 0.021982362, 0.001633375, 5.6, 0.00273892744995, -0.00273892744995, 1
5.644, 0.021985922, 0.001633634, 5.6, 0.00273892744995, -0.00273892744995, 1
5.645, 0.021989383, 0.001633895, 5.6, 0.00273892744995, -0.00273892744995, 1
5.646, 0.021993012, 0.001634153, 5.6, 0.00273892744995, -0.00273892744995, 1
5.647, 0.021996553, 0.001634425, 5.6, 0.00273892744995, -0.00273892744995, 1
5.648, 0.021999983, 0.001634683, 5.6, 0.00273892744995, -0.00273892744995, 1
5.649, 0.022003593, 0.001634935, 5.6, 0.00273892744995, -0.00273892744995, 1
5.65, 0.022007193, 0.001635195, 5.6, 0.00273892744995, -0.00273892744995, 1
5.651, 0.022010864, 0.001635468, 5.6, 0.00273892744995, -0.00273892744995, 1
5.652, 0.022014433, 0.001635728, 5.6, 0.00273892744995, -0.00273892744995, 1
5.653, 0.022017973, 0.001635977, 5.6, 0.00273892744995, -0.00273892744995, 1
5.654, 0.022021533, 0.001636238, 5.6, 0.00273892744995, -0.00273892744995, 1
5.655, 0.022025123, 0.001636488, 5.6, 0.00273892744995, -0.00273892744995, 1
5.656, 0.022028623, 0.001636748, 5.6, 0.00273892744995, -0.00273892744995, 1
5.657, 0.022032163, 0.001637018, 5.6, 0.00273892744995, -0.00273892744995, 1
5.658, 0.022035623, 0.001637268, 5.6, 0.00273892744995, -0.00273892744995, 1
5.659, 0.022039213, 0.001637528, 5.6, 0.00273892744995, -0.00273892744995, 1
5.66, 0.022042803, 0.001637788, 5.6, 0.00273892744995, -0.00273892744995, 1
5.661, 0.022046423, 0.001638038, 5.6, 0.00273892744995, -0.00273892744995, 1
5.662, 0.022049893, 0.001638288, 5.6, 0.00273892744995, -0.00273892744995, 1
5.663, 0.022053473, 0.001638547, 5.6, 0.00273892744995, -0.00273892744995, 1
5.664, 0.022056944, 0.001638807, 5.6, 0.00273892744995, -0.00273892744995, 1
5.665, 0.022060633, 0.001639066, 5.6, 0.00273892744995, -0.00273892744995, 1
5.666, 0.022064132, 0.001639326, 5.6, 0.00273892744995, -0.00273892744995, 1
5.667, 0.022067732, 0.001639596, 5.6, 0.00273892744995, -0.00273892744995, 1
5.668, 0.022071222, 0.001639847, 5.6, 0.00273892744995, -0.00273892744995, 1
5.669, 0.022074851, 0.001640097, 5.6, 0.00273892744995, -0.00273892744995, 1
5.67, 0.022078302, 0.001640348, 5.6, 0.00273892744995, -0.00273892744995, 1
5.671, 0.022081803, 0.001640606, 5.6, 0.00273892744995, -0.00273892744995, 1
5.672, 0.022085433, 0.001640868, 5.6, 0.00273892744995, -0.00273892744995, 1
5.673, 0.022088894, 0.00164114, 5.6, 0.00273892744995, -0.00273892744995, 1
5.674, 0.022092474, 0.001641407, 5.6, 0.00273892744995, -0.00273892744995, 1
5.675, 0.022095984, 0.001641678, 5.6, 0.00273892744995, -0.00273892744995, 1
5.676, 0.022099544, 0.00164193, 5.6, 0.00273892744995, -0.00273892744995, 1
5.677, 0.022103104, 0.00164218, 5.6, 0.00273892744995, -0.00273892744995, 1
5.678, 0.022106694, 0.00164245, 5.6, 0.00273892744995, -0.00273892744995, 1
5.679, 0.022110174, 0.0016427, 5.6, 0.00273892744995, -0.00273892744995, 1
5.68, 0.022113754, 0.00164295, 5.6, 0.00273892744995, -0.00273892744995, 1
5.681, 0.022117244, 0.0016432, 5.6, 0.00273892744995, -0.00273892744995, 1
5.682, 0.022120834, 0.00164346, 5.6, 0.00273892744995, -0.00273892744995, 1
5.683, 0.022124354, 0.00164372, 5.6, 0.00273892744995, -0.00273892744995, 1
5.684, 0.022127964, 0.00164398, 5.6, 0.00273892744995, -0.00273892744995, 1
5.685, 0.022131384, 0.00164423, 5.6, 0.00273892744995, -0.00273892744995, 1
5.686, 0.022135154, 0.001644502, 5.6, 0.00273892744995, -0.00273892744995, 1
5.687, 0.022138575, 0.001644763, 5.6, 0.00273892744995, -0.00273892744995, 1
5.688, 0.022142015, 0.001645022, 5.6, 0.00273892744995, -0.00273892744995, 1
5.689, 0.022145705, 0.001645292, 5.6, 0.00273892744995, -0.00273892744995, 1
5.69, 0.022149235, 0.001645573, 5.6, 0.00273892744995, -0.00273892744995, 1
5.691, 0.022152755, 0.001645843, 5.6, 0.00273892744995, -0.00273892744995, 1
5.692, 0.022156225, 0.001646105, 5.6, 0.00273892744995, -0.00273892744995, 1
5.693, 0.022162254, 0.001646365, 5.6, 0.00273892744995, -0.00273892744995, 1
5.694, 0.022165884, 0.001646628, 5.6, 0.00273892744995, -0.00273892744995, 1
5.695, 0.022169324, 0.001646887, 5.6, 0.00273892744995, -0.00273892744995, 1
5.696, 0.022172915, 0.001647137, 5.6, 0.00273892744995, -0.00273892744995, 1
5.697, 0.022176485, 0.001647398, 5.6, 0.00273892744995, -0.00273892744995, 1
5.698, 0.022180035, 0.001647658, 5.6, 0.00273892744995, -0.00273892744995, 1
5.699, 0.022183495, 0.001647928, 5.6, 0.00273892744995, -0.00273892744995, 1
5.7, 0.022187305, 0.001648328, 5.7, 0.00246503470496, -0.00246503470496, 1
5.701, 0.022191015, 0.001648618, 5.7, 0.00246503470496, -0.00246503470496, 1
5.702, 0.022194645, 0.001648878, 5.7, 0.00246503470496, -0.00246503470496, 1
5.703, 0.022198195, 0.001649128, 5.7, 0.00246503470496, -0.00246503470496, 1
5.704, 0.022201835, 0.001649388, 5.7, 0.00246503470496, -0.00246503470496, 1
5.705, 0.022205375, 0.001649639, 5.7, 0.00246503470496, -0.00246503470496, 1
5.706, 0.022231806, 0.001649889, 5.7, 0.00246503470496, -0.00246503470496, 1
5.707, 0.022235475, 0.00165016, 5.7, 0.00246503470496, -0.00246503470496, 1
5.708, 0.022239285, 0.00165041, 5.7, 0.00246503470496, -0.00246503470496, 1
5.709, 0.022242976, 0.00165067, 5.7, 0.00246503470496, -0.00246503470496, 1
5.71, 0.022247267, 0.001651032, 5.7, 0.00246503470496, -0.00246503470496, 1
5.711, 0.022250997, 0.001651303, 5.7, 0.00246503470496, -0.00246503470496, 1
5.712, 0.022254637, 0.001651553, 5.7, 0.00246503470496, -0.00246503470496, 1
5.713, 0.022258227, 0.001651803, 5.7, 0.00246503470496, -0.00246503470496, 1
5.714, 0.022261807, 0.001652063, 5.7, 0.00246503470496, -0.00246503470496, 1
5.715, 0.022265407, 0.001652313, 5.7, 0.00246503470496, -0.00246503470496, 1
5.716, 0.022268977, 0.001652563, 5.7, 0.00246503470496, -0.00246503470496, 1
5.717, 0.022272597, 0.001652823, 5.7, 0.00246503470496, -0.00246503470496, 1
5.718, 0.022276057, 0.001653083, 5.7, 0.00246503470496, -0.00246503470496, 1
5.719, 0.022279967, 0.001653353, 5.7, 0.00246503470496, -0.00246503470496, 1
5.72, 0.022283667, 0.001653613, 5.7, 0.00246503470496, -0.00246503470496, 1
5.721, 0.022287467, 0.001653865, 5.7, 0.00246503470496, -0.00246503470496, 1
5.722, 0.022290957, 0.001654116, 5.7, 0.00246503470496, -0.00246503470496, 1
5.723, 0.022294667, 0.001654378, 5.7, 0.00246503470496, -0.00246503470496, 1
5.724, 0.022298206, 0.001654627, 5.7, 0.00246503470496, -0.00246503470496, 1
5.725, 0.022301827, 0.001654889, 5.7, 0.00246503470496, -0.00246503470496, 1
5.726, 0.022305406, 0.001655136, 5.7, 0.00246503470496, -0.00246503470496, 1
5.727, 0.022309095, 0.001655406, 5.7, 0.00246503470496, -0.00246503470496, 1
5.728, 0.022312695, 0.001655657, 5.7, 0.00246503470496, -0.00246503470496, 1
5.729, 0.022316325, 0.001655915, 5.7, 0.00246503470496, -0.00246503470496, 1
5.73, 0.022319826, 0.001656186, 5.7, 0.00246503470496, -0.00246503470496, 1
5.731, 0.022323546, 0.001656447, 5.7, 0.00246503470496, -0.00246503470496, 1
5.732, 0.022327157, 0.001656707, 5.7, 0.00246503470496, -0.00246503470496, 1
5.733, 0.022330748, 0.001656957, 5.7, 0.00246503470496, -0.00246503470496, 1
5.734, 0.022334358, 0.001657217, 5.7, 0.00246503470496, -0.00246503470496, 1
5.735, 0.022337948, 0.001657487, 5.7, 0.00246503470496, -0.00246503470496, 1
5.736, 0.022341538, 0.001657747, 5.7, 0.00246503470496, -0.00246503470496, 1
5.737, 0.022345078, 0.001657997, 5.7, 0.00246503470496, -0.00246503470496, 1
5.738, 0.022348628, 0.001658247, 5.7, 0.00246503470496, -0.00246503470496, 1
5.739, 0.022352078, 0.001658517, 5.7, 0.00246503470496, -0.00246503470496, 1
5.74, 0.022355648, 0.001658777, 5.7, 0.00246503470496, -0.00246503470496, 1
5.741, 0.022359128, 0.001659027, 5.7, 0.00246503470496, -0.00246503470496, 1
5.742, 0.022363139, 0.001659276, 5.7, 0.00246503470496, -0.00246503470496, 1
5.743, 0.022366579, 0.001659535, 5.7, 0.00246503470496, -0.00246503470496, 1
5.744, 0.022370149, 0.001659795, 5.7, 0.00246503470496, -0.00246503470496, 1
5.745, 0.022373619, 0.001660053, 5.7, 0.00246503470496, -0.00246503470496, 1
5.746, 0.022380048, 0.001660304, 5.7, 0.00246503470496, -0.00246503470496, 1
5.747, 0.022383558, 0.001660553, 5.7, 0.00246503470496, -0.00246503470496, 1
5.748, 0.022387069, 0.001660815, 5.7, 0.00246503470496, -0.00246503470496, 1
5.749, 0.022390498, 0.001661074, 5.7, 0.00246503470496, -0.00246503470496, 1
5.75, 0.022394038, 0.001661356, 5.7, 0.00246503470496, -0.00246503470496, 1
5.751, 0.022397689, 0.001661605, 5.7, 0.00246503470496, -0.00246503470496, 1
5.752, 0.02240146, 0.001661854, 5.7, 0.00246503470496, -0.00246503470496, 1
5.753, 0.022405001, 0.001662114, 5.7, 0.00246503470496, -0.00246503470496, 1
5.754, 0.022408531, 0.001662374, 5.7, 0.00246503470496, -0.00246503470496, 1
5.755, 0.022412501, 0.001662634, 5.7, 0.00246503470496, -0.00246503470496, 1
5.756, 0.022416771, 0.001662914, 5.7, 0.00246503470496, -0.00246503470496, 1
5.757, 0.022420681, 0.001663184, 5.7, 0.00246503470496, -0.00246503470496, 1
5.758, 0.022424231, 0.001663444, 5.7, 0.00246503470496, -0.00246503470496, 1
5.759, 0.022427691, 0.001663694, 5.7, 0.00246503470496, -0.00246503470496, 1
5.76, 0.022431211, 0.001663954, 5.7, 0.00246503470496, -0.00246503470496, 1
5.761, 0.022434661, 0.001664205, 5.7, 0.00246503470496, -0.00246503470496, 1
5.762, 0.02243829, 0.001664456, 5.7, 0.00246503470496, -0.00246503470496, 1
5.763, 0.02244185, 0.001664718, 5.7, 0.00246503470496, -0.00246503470496, 1
5.764, 0.02244541, 0.001664977, 5.7, 0.00246503470496, -0.00246503470496, 1
5.765, 0.022449671, 0.001665229, 5.7, 0.00246503470496, -0.00246503470496, 1
5.766, 0.022454141, 0.001665497, 5.7, 0.00246503470496, -0.00246503470496, 1
5.767, 0.02245768, 0.001665757, 5.7, 0.00246503470496, -0.00246503470496, 1
5.768, 0.022461341, 0.001666029, 5.7, 0.00246503470496, -0.00246503470496, 1
5.769, 0.022464892, 0.001666287, 5.7, 0.00246503470496, -0.00246503470496, 1
5.77, 0.022468551, 0.001666545, 5.7, 0.00246503470496, -0.00246503470496, 1
5.771, 0.022472, 0.001666796, 5.7, 0.00246503470496, -0.00246503470496, 1
5.772, 0.02247572, 0.001667057, 5.7, 0.00246503470496, -0.00246503470496, 1
5.773, 0.02247958, 0.001667316, 5.7, 0.00246503470496, -0.00246503470496, 1
5.774, 0.02248327, 0.001667576, 5.7, 0.00246503470496, -0.00246503470496, 1
5.775, 0.02248677, 0.001667826, 5.7, 0.00246503470496, -0.00246503470496, 1
5.776, 0.02249028, 0.001668066, 5.7, 0.00246503470496, -0.00246503470496, 1
5.777, 0.02249386, 0.001668326, 5.7, 0.00246503470496, -0.00246503470496, 1
5.778, 0.02249742, 0.001668576, 5.7, 0.00246503470496, -0.00246503470496, 1
5.779, 0.02250091, 0.001668836, 5.7, 0.00246503470496, -0.00246503470496, 1
5.78, 0.02250457, 0.001669106, 5.7, 0.00246503470496, -0.00246503470496, 1
5.781, 0.02250807, 0.001669366, 5.7, 0.00246503470496, -0.00246503470496, 1
5.782, 0.02251168, 0.001669616, 5.7, 0.00246503470496, -0.00246503470496, 1
5.783, 0.022515261, 0.001669877, 5.7, 0.00246503470496, -0.00246503470496, 1
5.784, 0.022518801, 0.001670147, 5.7, 0.00246503470496, -0.00246503470496, 1
5.785, 0.02252222, 0.001670415, 5.7, 0.00246503470496, -0.00246503470496, 1
5.786, 0.022525771, 0.001670697, 5.7, 0.00246503470496, -0.00246503470496, 1
5.787, 0.022529371, 0.001670958, 5.7, 0.00246503470496, -0.00246503470496, 1
5.788, 0.022532842, 0.001671229, 5.7, 0.00246503470496, -0.00246503470496, 1
5.789, 0.022536381, 0.001671497, 5.7, 0.00246503470496, -0.00246503470496, 1
5.79, 0.02253996, 0.001671767, 5.7, 0.00246503470496, -0.00246503470496, 1
5.791, 0.0225435, 0.00167202, 5.7, 0.00246503470496, -0.00246503470496, 1
5.792, 0.02254695, 0.001672282, 5.7, 0.00246503470496, -0.00246503470496, 1
5.793, 0.0225506, 0.001672533, 5.7, 0.00246503470496, -0.00246503470496, 1
5.794, 0.022553989, 0.001672792, 5.7, 0.00246503470496, -0.00246503470496, 1
5.795, 0.022557629, 0.001673053, 5.7, 0.00246503470496, -0.00246503470496, 1
5.796, 0.022561169, 0.001673303, 5.7, 0.00246503470496, -0.00246503470496, 1
5.797, 0.022564699, 0.001673563, 5.7, 0.00246503470496, -0.00246503470496, 1
5.798, 0.022568269, 0.001673823, 5.7, 0.00246503470496, -0.00246503470496, 1
5.799, 0.022576589, 0.001674083, 5.7, 0.00246503470496, -0.00246503470496, 1
5.8, 0.022580459, 0.001674473, 5.8, 0.00221853123446, -0.00221853123446, 1
5.801, 0.022583989, 0.001674733, 5.8, 0.00221853123446, -0.00221853123446, 1
5.802, 0.022587529, 0.001674993, 5.8, 0.00221853123446, -0.00221853123446, 1
5.803, 0.022591039, 0.001675253, 5.8, 0.00221853123446, -0.00221853123446, 1
5.804, 0.022594608, 0.001675514, 5.8, 0.00221853123446, -0.00221853123446, 1
5.805, 0.022598088, 0.001675773, 5.8, 0.00221853123446, -0.00221853123446, 1
5.806, 0.022601808, 0.001676042, 5.8, 0.00221853123446, -0.00221853123446, 1
5.807, 0.022605349, 0.001676314, 5.8, 0.00221853123446, -0.00221853123446, 1
5.808, 0.02260885, 0.001676574, 5.8, 0.00221853123446, -0.00221853123446, 1
5.809, 0.02261241, 0.001676832, 5.8, 0.00221853123446, -0.00221853123446, 1
5.81, 0.02261598, 0.001677082, 5.8, 0.00221853123446, -0.00221853123446, 1
5.811, 0.02261946, 0.001677332, 5.8, 0.00221853123446, -0.00221853123446, 1
5.812, 0.0226231, 0.001677592, 5.8, 0.00221853123446, -0.00221853123446, 1
5.813, 0.02262662, 0.001677851, 5.8, 0.00221853123446, -0.00221853123446, 1
5.814, 0.022630171, 0.001678101, 5.8, 0.00221853123446, -0.00221853123446, 1
5.815, 0.022633801, 0.001678362, 5.8, 0.00221853123446, -0.00221853123446, 1
5.816, 0.022637401, 0.001678622, 5.8, 0.00221853123446, -0.00221853123446, 1
5.817, 0.022640921, 0.001678892, 5.8, 0.00221853123446, -0.00221853123446, 1
5.818, 0.022644391, 0.001679162, 5.8, 0.00221853123446, -0.00221853123446, 1
5.819, 0.022647921, 0.001679422, 5.8, 0.00221853123446, -0.00221853123446, 1
5.82, 0.022651581, 0.001679672, 5.8, 0.00221853123446, -0.00221853123446, 1
5.821, 0.022655301, 0.001679922, 5.8, 0.00221853123446, -0.00221853123446, 1
5.822, 0.022658771, 0.001680162, 5.8, 0.00221853123446, -0.00221853123446, 1
5.823, 0.022662381, 0.001680412, 5.8, 0.00221853123446, -0.00221853123446, 1
5.824, 0.022665841, 0.001680672, 5.8, 0.00221853123446, -0.00221853123446, 1
5.825, 0.022669401, 0.001680942, 5.8, 0.00221853123446, -0.00221853123446, 1
5.826, 0.022672912, 0.001681203, 5.8, 0.00221853123446, -0.00221853123446, 1
5.827, 0.022676523, 0.001681463, 5.8, 0.00221853123446, -0.00221853123446, 1
5.828, 0.022680144, 0.001681723, 5.8, 0.00221853123446, -0.00221853123446, 1
5.829, 0.022683753, 0.001681981, 5.8, 0.00221853123446, -0.00221853123446, 1
5.83, 0.022687224, 0.001682242, 5.8, 0.00221853123446, -0.00221853123446, 1
5.831, 0.022690853, 0.001682511, 5.8, 0.00221853123446, -0.00221853123446, 1
5.832, 0.022694364, 0.001682782, 5.8, 0.00221853123446, -0.00221853123446, 1
5.833, 0.022697974, 0.001683043, 5.8, 0.00221853123446, -0.00221853123446, 1
5.834, 0.022701464, 0.001683293, 5.8, 0.00221853123446, -0.00221853123446, 1
5.835, 0.022705044, 0.001683552, 5.8, 0.00221853123446, -0.00221853123446, 1
5.836, 0.022708564, 0.001683803, 5.8, 0.00221853123446, -0.00221853123446, 1
5.837, 0.022712374, 0.001684063, 5.8, 0.00221853123446, -0.00221853123446, 1
5.838, 0.022715854, 0.001684333, 5.8, 0.00221853123446, -0.00221853123446, 1
5.839, 0.022719304, 0.001684603, 5.8, 0.00221853123446, -0.00221853123446, 1
5.84, 0.022722854, 0.001684863, 5.8, 0.00221853123446, -0.00221853123446, 1
5.841, 0.022726464, 0.001685113, 5.8, 0.00221853123446, -0.00221853123446, 1
5.842, 0.022730084, 0.001685373, 5.8, 0.00221853123446, -0.00221853123446, 1
5.843, 0.022733544, 0.001685633, 5.8, 0.00221853123446, -0.00221853123446, 1
5.844, 0.022737083, 0.001685891, 5.8, 0.00221853123446, -0.00221853123446, 1
5.845, 0.022740612, 0.001686139, 5.8, 0.00221853123446, -0.00221853123446, 1
5.846, 0.022744363, 0.00168639, 5.8, 0.00221853123446, -0.00221853123446, 1
5.847, 0.022748043, 0.001686659, 5.8, 0.00221853123446, -0.00221853123446, 1
5.848, 0.022751613, 0.001686921, 5.8, 0.00221853123446, -0.00221853123446, 1
5.849, 0.022755023, 0.001687182, 5.8, 0.00221853123446, -0.00221853123446, 1
5.85, 0.022758524, 0.001687453, 5.8, 0.00221853123446, -0.00221853123446, 1
5.851, 0.022762034, 0.001687721, 5.8, 0.00221853123446, -0.00221853123446, 1
5.852, 0.022765573, 0.001687983, 5.8, 0.00221853123446, -0.00221853123446, 1
5.853, 0.022773213, 0.001688244, 5.8, 0.00221853123446, -0.00221853123446, 1
5.854, 0.022776803, 0.001688505, 5.8, 0.00221853123446, -0.00221853123446, 1
5.855, 0.022780432, 0.001688755, 5.8, 0.00221853123446, -0.00221853123446, 1
5.856, 0.022783952, 0.001689006, 5.8, 0.00221853123446, -0.00221853123446, 1
5.857, 0.022787482, 0.001689276, 5.8, 0.00221853123446, -0.00221853123446, 1
5.858, 0.022790942, 0.001689526, 5.8, 0.00221853123446, -0.00221853123446, 1
5.859, 0.022794492, 0.001689786, 5.8, 0.00221853123446, -0.00221853123446, 1
5.86, 0.022798102, 0.001690066, 5.8, 0.00221853123446, -0.00221853123446, 1
5.861, 0.022801572, 0.001690316, 5.8, 0.00221853123446, -0.00221853123446, 1
5.862, 0.022805032, 0.001690576, 5.8, 0.00221853123446, -0.00221853123446, 1
5.863, 0.022808472, 0.001690836, 5.8, 0.00221853123446, -0.00221853123446, 1
5.864, 0.022811972, 0.001691096, 5.8, 0.00221853123446, -0.00221853123446, 1
5.865, 0.022815421, 0.001691354, 5.8, 0.00221853123446, -0.00221853123446, 1
5.866, 0.022818951, 0.001691613, 5.8, 0.00221853123446, -0.00221853123446, 1
5.867, 0.022822382, 0.001691873, 5.8, 0.00221853123446, -0.00221853123446, 1
5.868, 0.022826002, 0.001692143, 5.8, 0.00221853123446, -0.00221853123446, 1
5.869, 0.022829431, 0.001692403, 5.8, 0.00221853123446, -0.00221853123446, 1
5.87, 0.022833001, 0.001692665, 5.8, 0.00221853123446, -0.00221853123446, 1
5.871, 0.022836551, 0.001692914, 5.8, 0.00221853123446, -0.00221853123446, 1
5.872, 0.02284005, 0.001693155, 5.8, 0.00221853123446, -0.00221853123446, 1
5.873, 0.022843581, 0.001693406, 5.8, 0.00221853123446, -0.00221853123446, 1
5.874, 0.022847272, 0.001693658, 5.8, 0.00221853123446, -0.00221853123446, 1
5.875, 0.022850882, 0.00169392, 5.8, 0.00221853123446, -0.00221853123446, 1
5.876, 0.022854591, 0.001694181, 5.8, 0.00221853123446, -0.00221853123446, 1
5.877, 0.02285796, 0.001694451, 5.8, 0.00221853123446, -0.00221853123446, 1
5.878, 0.02286147, 0.001694712, 5.8, 0.00221853123446, -0.00221853123446, 1
5.879, 0.02286496, 0.001694982, 5.8, 0.00221853123446, -0.00221853123446, 1
5.88, 0.02286845, 0.001695232, 5.8, 0.00221853123446, -0.00221853123446, 1
5.881, 0.02287204, 0.001695492, 5.8, 0.00221853123446, -0.00221853123446, 1
5.882, 0.02287561, 0.001695752, 5.8, 0.00221853123446, -0.00221853123446, 1
5.883, 0.02287917, 0.001696022, 5.8, 0.00221853123446, -0.00221853123446, 1
5.884, 0.02288266, 0.001696282, 5.8, 0.00221853123446, -0.00221853123446, 1
5.885, 0.02288621, 0.001696542, 5.8, 0.00221853123446, -0.00221853123446, 1
5.886, 0.022889861, 0.001696792, 5.8, 0.00221853123446, -0.00221853123446, 1
5.887, 0.022893441, 0.001697071, 5.8, 0.00221853123446, -0.00221853123446, 1
5.888, 0.02289685, 0.00169735, 5.8, 0.00221853123446, -0.00221853123446, 1
5.889, 0.022900439, 0.001697611, 5.8, 0.00221853123446, -0.00221853123446, 1
5.89, 0.022903919, 0.001697881, 5.8, 0.00221853123446, -0.00221853123446, 1
5.891, 0.022907549, 0.001698143, 5.8, 0.00221853123446, -0.00221853123446, 1
5.892, 0.022910989, 0.001698403, 5.8, 0.00221853123446, -0.00221853123446, 1
5.893, 0.02291453, 0.001698665, 5.8, 0.00221853123446, -0.00221853123446, 1
5.894, 0.022918111, 0.001698914, 5.8, 0.00221853123446, -0.00221853123446, 1
5.895, 0.022921731, 0.001699171, 5.8, 0.00221853123446, -0.00221853123446, 1
5.896, 0.022925201, 0.00169944, 5.8, 0.00221853123446, -0.00221853123446, 1
5.897, 0.022928862, 0.001699689, 5.8, 0.00221853123446, -0.00221853123446, 1
5.898, 0.022932412, 0.00169994, 5.8, 0.00221853123446, -0.00221853123446, 1
5.899, 0.022936072, 0.00170019, 5.8, 0.00221853123446, -0.00221853123446, 1
5.9, 0.022939762, 0.00170063, 5.9, 0.00199667811102, -0.00199667811102, 1
5.901, 0.022943472, 0.00170089, 5.9, 0.00199667811102, -0.00199667811102, 1
5.902, 0.022946942, 0.00170116, 5.9, 0.00199667811102, -0.00199667811102, 1
5.903, 0.022950562, 0.00170142, 5.9, 0.00199667811102, -0.00199667811102, 1
5.904, 0.022954062, 0.00170168, 5.9, 0.00199667811102, -0.00199667811102, 1
5.905, 0.022957542, 0.00170194, 5.9, 0.00199667811102, -0.00199667811102, 1
5.906, 0.022963262, 0.00170219, 5.9, 0.00199667811102, -0.00199667811102, 1
5.907, 0.022966903, 0.001702449, 5.9, 0.00199667811102, -0.00199667811102, 1
5.908, 0.022970343, 0.001702699, 5.9, 0.00199667811102, -0.00199667811102, 1
5.909, 0.022974063, 0.001702958, 5.9, 0.00199667811102, -0.00199667811102, 1
5.91, 0.022977503, 0.001703228, 5.9, 0.00199667811102, -0.00199667811102, 1
5.911, 0.022981063, 0.001703489, 5.9, 0.00199667811102, -0.00199667811102, 1
5.912, 0.022984412, 0.001703738, 5.9, 0.00199667811102, -0.00199667811102, 1
5.913, 0.022988003, 0.001703999, 5.9, 0.00199667811102, -0.00199667811102, 1
5.914, 0.022991443, 0.001704259, 5.9, 0.00199667811102, -0.00199667811102, 1
5.915, 0.022994963, 0.001704527, 5.9, 0.00199667811102, -0.00199667811102, 1
5.916, 0.022998394, 0.001704787, 5.9, 0.00199667811102, -0.00199667811102, 1
5.917, 0.023001854, 0.001705058, 5.9, 0.00199667811102, -0.00199667811102, 1
5.918, 0.023006184, 0.001705427, 5.9, 0.00199667811102, -0.00199667811102, 1
5.919, 0.023011234, 0.001705798, 5.9, 0.00199667811102, -0.00199667811102, 1
5.92, 0.023016264, 0.001706248, 5.9, 0.00199667811102, -0.00199667811102, 1
5.921, 0.023021514, 0.001706618, 5.9, 0.00199667811102, -0.00199667811102, 1
5.922, 0.023027154, 0.001707038, 5.9, 0.00199667811102, -0.00199667811102, 1
5.923, 0.023031714, 0.001707368, 5.9, 0.00199667811102, -0.00199667811102, 1
5.924, 0.023035274, 0.001707638, 5.9, 0.00199667811102, -0.00199667811102, 1
5.925, 0.023038724, 0.001707908, 5.9, 0.00199667811102, -0.00199667811102, 1
5.926, 0.023042294, 0.001708178, 5.9, 0.00199667811102, -0.00199667811102, 1
5.927, 0.023045835, 0.00170844, 5.9, 0.00199667811102, -0.00199667811102, 1
5.928, 0.023049415, 0.001708707, 5.9, 0.00199667811102, -0.00199667811102, 1
5.929, 0.023052915, 0.001708969, 5.9, 0.00199667811102, -0.00199667811102, 1
5.93, 0.023056475, 0.001709217, 5.9, 0.00199667811102, -0.00199667811102, 1
5.931, 0.023059936, 0.001709457, 5.9, 0.00199667811102, -0.00199667811102, 1
5.932, 0.023063557, 0.001709726, 5.9, 0.00199667811102, -0.00199667811102, 1
5.933, 0.023067037, 0.001709986, 5.9, 0.00199667811102, -0.00199667811102, 1
5.934, 0.023070618, 0.001710247, 5.9, 0.00199667811102, -0.00199667811102, 1
5.935, 0.023074138, 0.001710515, 5.9, 0.00199667811102, -0.00199667811102, 1
5.936, 0.023077698, 0.001710764, 5.9, 0.00199667811102, -0.00199667811102, 1
5.937, 0.023081149, 0.001711023, 5.9, 0.00199667811102, -0.00199667811102, 1
5.938, 0.02308484, 0.001711283, 5.9, 0.00199667811102, -0.00199667811102, 1
5.939, 0.023088331, 0.001711553, 5.9, 0.00199667811102, -0.00199667811102, 1
5.94, 0.023091801, 0.001711813, 5.9, 0.00199667811102, -0.00199667811102, 1
5.941, 0.023095331, 0.001712063, 5.9, 0.00199667811102, -0.00199667811102, 1
5.942, 0.02309887, 0.001712323, 5.9, 0.00199667811102, -0.00199667811102, 1
5.943, 0.02310237, 0.001712593, 5.9, 0.00199667811102, -0.00199667811102, 1
5.944, 0.02310585, 0.001712833, 5.9, 0.00199667811102, -0.00199667811102, 1
5.945, 0.02310954, 0.001713093, 5.9, 0.00199667811102, -0.00199667811102, 1
5.946, 0.02311308, 0.001713353, 5.9, 0.00199667811102, -0.00199667811102, 1
5.947, 0.02311666, 0.001713613, 5.9, 0.00199667811102, -0.00199667811102, 1
5.948, 0.023120201, 0.001713882, 5.9, 0.00199667811102, -0.00199667811102, 1
5.949, 0.023123821, 0.00171415, 5.9, 0.00199667811102, -0.00199667811102, 1
5.95, 0.02312733, 0.00171441, 5.9, 0.00199667811102, -0.00199667811102, 1
5.951, 0.023130991, 0.001714653, 5.9, 0.00199667811102, -0.00199667811102, 1
5.952, 0.02313446, 0.001714901, 5.9, 0.00199667811102, -0.00199667811102, 1
5.953, 0.02313806, 0.001715161, 5.9, 0.00199667811102, -0.00199667811102, 1
5.954, 0.02314173, 0.001715411, 5.9, 0.00199667811102, -0.00199667811102, 1
5.955, 0.02314541, 0.001715681, 5.9, 0.00199667811102, -0.00199667811102, 1
5.956, 0.023148951, 0.001715941, 5.9, 0.00199667811102, -0.00199667811102, 1
5.957, 0.023152572, 0.001716191, 5.9, 0.00199667811102, -0.00199667811102, 1
5.958, 0.023156201, 0.001716449, 5.9, 0.00199667811102, -0.00199667811102, 1
5.959, 0.023159801, 0.001716708, 5.9, 0.00199667811102, -0.00199667811102, 1
5.96, 0.023165671, 0.001716979, 5.9, 0.00199667811102, -0.00199667811102, 1
5.961, 0.023169221, 0.001717249, 5.9, 0.00199667811102, -0.00199667811102, 1
5.962, 0.023172721, 0.001717509, 5.9, 0.00199667811102, -0.00199667811102, 1
5.963, 0.023176341, 0.001717769, 5.9, 0.00199667811102, -0.00199667811102, 1
5.964, 0.023179761, 0.001718029, 5.9, 0.00199667811102, -0.00199667811102, 1
5.965, 0.023183421, 0.001718299, 5.9, 0.00199667811102, -0.00199667811102, 1
5.966, 0.023187001, 0.001718559, 5.9, 0.00199667811102, -0.00199667811102, 1
5.967, 0.023190561, 0.001718819, 5.9, 0.00199667811102, -0.00199667811102, 1
5.968, 0.023193982, 0.001719079, 5.9, 0.00199667811102, -0.00199667811102, 1
5.969, 0.023197502, 0.001719338, 5.9, 0.00199667811102, -0.00199667811102, 1
5.97, 0.023200942, 0.001719608, 5.9, 0.00199667811102, -0.00199667811102, 1
5.971, 0.023204502, 0.001719868, 5.9, 0.00199667811102, -0.00199667811102, 1
5.972, 0.023207912, 0.001720117, 5.9, 0.00199667811102, -0.00199667811102, 1
5.973, 0.023211502, 0.001720378, 5.9, 0.00199667811102, -0.00199667811102, 1
5.974, 0.023214892, 0.001720637, 5.9, 0.00199667811102, -0.00199667811102, 1
5.975, 0.023218671, 0.001720898, 5.9, 0.00199667811102, -0.00199667811102, 1
5.976, 0.023222252, 0.00172117, 5.9, 0.00199667811102, -0.00199667811102, 1
5.977, 0.023225863, 0.001721429, 5.9, 0.00199667811102, -0.00199667811102, 1
5.978, 0.023229374, 0.001721679, 5.9, 0.00199667811102, -0.00199667811102, 1
5.979, 0.023232894, 0.00172194, 5.9, 0.00199667811102, -0.00199667811102, 1
5.98, 0.023236384, 0.001722197, 5.9, 0.00199667811102, -0.00199667811102, 1
5.981, 0.023240114, 0.001722456, 5.9, 0.00199667811102, -0.00199667811102, 1
5.982, 0.023243584, 0.001722706, 5.9, 0.00199667811102, -0.00199667811102, 1
5.983, 0.023247124, 0.001722956, 5.9, 0.00199667811102, -0.00199667811102, 1
5.984, 0.023250694, 0.001723206, 5.9, 0.00199667811102, -0.00199667811102, 1
5.985, 0.023254134, 0.001723456, 5.9, 0.00199667811102, -0.00199667811102, 1
5.986, 0.023259104, 0.001723776, 5.9, 0.00199667811102, -0.00199667811102, 1
5.987, 0.023264504, 0.001724206, 5.9, 0.00199667811102, -0.00199667811102, 1
5.988, 0.023270285, 0.001724585, 5.9, 0.00199667811102, -0.00199667811102, 1
5.989, 0.023275416, 0.001725025, 5.9, 0.00199667811102, -0.00199667811102, 1
5.99, 0.023280096, 0.001725414, 5.9, 0.00199667811102, -0.00199667811102, 1
5.991, 0.023284837, 0.001725805, 5.9, 0.00199667811102, -0.00199667811102, 1
5.992, 0.023289856, 0.001726187, 5.9, 0.00199667811102, -0.00199667811102, 1
5.993, 0.023294846, 0.001726568, 5.9, 0.00199667811102, -0.00199667811102, 1
5.994, 0.023299766, 0.001726937, 5.9, 0.00199667811102, -0.00199667811102, 1
5.995, 0.023304815, 0.001727338, 5.9, 0.00199667811102, -0.00199667811102, 1
5.996, 0.023309975, 0.001727737, 5.9, 0.00199667811102, -0.00199667811102, 1
5.997, 0.023314855, 0.001728157, 5.9, 0.00199667811102, -0.00199667811102, 1
5.998, 0.023320085, 0.001728567, 5.9, 0.00199667811102, -0.00199667811102, 1
5.999, 0.023324875, 0.001728947, 5.9, 0.00199667811102, -0.00199667811102, 1
6, 0.023329835, 0.001729437, 6, 0.00179701029991, -0.00179701029991, 1
6.001, 0.023335155, 0.001729907, 6, 0.00179701029991, -0.00179701029991, 1
6.002, 0.023340405, 0.001730307, 6, 0.00179701029991, -0.00179701029991, 1
6.003, 0.023345535, 0.001730688, 6, 0.00179701029991, -0.00179701029991, 1
6.004, 0.023351524, 0.00173114, 6, 0.00179701029991, -0.00179701029991, 1
6.005, 0.023356584, 0.001731501, 6, 0.00179701029991, -0.00179701029991, 1
6.006, 0.023360283, 0.00173177, 6, 0.00179701029991, -0.00179701029991, 1
6.007, 0.023363812, 0.00173202, 6, 0.00179701029991, -0.00179701029991, 1
6.008, 0.023367591, 0.001732281, 6, 0.00179701029991, -0.00179701029991, 1
6.009, 0.023371302, 0.001732531, 6, 0.00179701029991, -0.00179701029991, 1
6.01, 0.023374881, 0.00173278, 6, 0.00179701029991, -0.00179701029991, 1
6.011, 0.023378412, 0.001733029, 6, 0.00179701029991, -0.00179701029991, 1
6.012, 0.023381993, 0.001733297, 6, 0.00179701029991, -0.00179701029991, 1
6.013, 0.023385403, 0.001733546, 6, 0.00179701029991, -0.00179701029991, 1
6.014, 0.023391933, 0.001733797, 6, 0.00179701029991, -0.00179701029991, 1
6.015, 0.023395513, 0.001734047, 6, 0.00179701029991, -0.00179701029991, 1
6.016, 0.023399073, 0.001734297, 6, 0.00179701029991, -0.00179701029991, 1
6.017, 0.023402543, 0.001734557, 6, 0.00179701029991, -0.00179701029991, 1
6.018, 0.023406103, 0.001734817, 6, 0.00179701029991, -0.00179701029991, 1
6.019, 0.023409663, 0.001735077, 6, 0.00179701029991, -0.00179701029991, 1
6.02, 0.023413213, 0.001735327, 6, 0.00179701029991, -0.00179701029991, 1
6.021, 0.023416773, 0.001735607, 6, 0.00179701029991, -0.00179701029991, 1
6.022, 0.023420313, 0.001735868, 6, 0.00179701029991, -0.00179701029991, 1
6.023, 0.023423774, 0.001736128, 6, 0.00179701029991, -0.00179701029991, 1
6.024, 0.023427354, 0.001736376, 6, 0.00179701029991, -0.00179701029991, 1
6.025, 0.023430794, 0.001736637, 6, 0.00179701029991, -0.00179701029991, 1
6.026, 0.023434573, 0.001736888, 6, 0.00179701029991, -0.00179701029991, 1
6.027, 0.023438244, 0.001737149, 6, 0.00179701029991, -0.00179701029991, 1
6.028, 0.023441804, 0.001737398, 6, 0.00179701029991, -0.00179701029991, 1
6.029, 0.023445425, 0.001737656, 6, 0.00179701029991, -0.00179701029991, 1
6.03, 0.023448964, 0.001737907, 6, 0.00179701029991, -0.00179701029991, 1
6.031, 0.023452484, 0.001738168, 6, 0.00179701029991, -0.00179701029991, 1
6.032, 0.023456234, 0.001738429, 6, 0.00179701029991, -0.00179701029991, 1
6.033, 0.023459794, 0.00173869, 6, 0.00179701029991, -0.00179701029991, 1
6.034, 0.023463373, 0.00173894, 6, 0.00179701029991, -0.00179701029991, 1
6.035, 0.023466903, 0.001739201, 6, 0.00179701029991, -0.00179701029991, 1
6.036, 0.023470393, 0.001739461, 6, 0.00179701029991, -0.00179701029991, 1
6.037, 0.023473963, 0.001739721, 6, 0.00179701029991, -0.00179701029991, 1
6.038, 0.023477373, 0.001739971, 6, 0.00179701029991, -0.00179701029991, 1
6.039, 0.023481083, 0.001740241, 6, 0.00179701029991, -0.00179701029991, 1
6.04, 0.023484513, 0.001740501, 6, 0.00179701029991, -0.00179701029991, 1
6.041, 0.023488223, 0.001740761, 6, 0.00179701029991, -0.00179701029991, 1
6.042, 0.023491683, 0.001741021, 6, 0.00179701029991, -0.00179701029991, 1
6.043, 0.023495273, 0.00174128, 6, 0.00179701029991, -0.00179701029991, 1
6.044, 0.023498833, 0.001741552, 6, 0.00179701029991, -0.00179701029991, 1
6.045, 0.023502313, 0.001741812, 6, 0.00179701029991, -0.00179701029991, 1
6.046, 0.023505743, 0.00174207, 6, 0.00179701029991, -0.00179701029991, 1
6.047, 0.023509383, 0.001742328, 6, 0.00179701029991, -0.00179701029991, 1
6.048, 0.023512864, 0.001742588, 6, 0.00179701029991, -0.00179701029991, 1
6.049, 0.023516434, 0.001742847, 6, 0.00179701029991, -0.00179701029991, 1
6.05, 0.023519893, 0.001743116, 6, 0.00179701029991, -0.00179701029991, 1
6.051, 0.023523733, 0.001743365, 6, 0.00179701029991, -0.00179701029991, 1
6.052, 0.023527174, 0.001743616, 6, 0.00179701029991, -0.00179701029991, 1
6.053, 0.023530743, 0.001743866, 6, 0.00179701029991, -0.00179701029991, 1
6.054, 0.023534254, 0.001744126, 6, 0.00179701029991, -0.00179701029991, 1
6.055, 0.023537964, 0.001744388, 6, 0.00179701029991, -0.00179701029991, 1
6.056, 0.023541534, 0.001744657, 6, 0.00179701029991, -0.00179701029991, 1
6.057, 0.023544994, 0.001744917, 6, 0.00179701029991, -0.00179701029991, 1
6.058, 0.023548634, 0.001745177, 6, 0.00179701029991, -0.00179701029991, 1
6.059, 0.023552154, 0.001745437, 6, 0.00179701029991, -0.00179701029991, 1
6.06, 0.023555894, 0.001745687, 6, 0.00179701029991, -0.00179701029991, 1
6.061, 0.023559724, 0.001745947, 6, 0.00179701029991, -0.00179701029991, 1
6.062, 0.023563244, 0.001746207, 6, 0.00179701029991, -0.00179701029991, 1
6.063, 0.023566784, 0.001746477, 6, 0.00179701029991, -0.00179701029991, 1
6.064, 0.023570384, 0.001746747, 6, 0.00179701029991, -0.00179701029991, 1
6.065, 0.023573804, 0.001747007, 6, 0.00179701029991, -0.00179701029991, 1
6.066, 0.023577475, 0.001747277, 6, 0.00179701029991, -0.00179701029991, 1
6.067, 0.023580905, 0.001747527, 6, 0.00179701029991, -0.00179701029991, 1
6.068, 0.023587176, 0.001747779, 6, 0.00179701029991, -0.00179701029991, 1
6.069, 0.023590786, 0.001748038, 6, 0.00179701029991, -0.00179701029991, 1
6.07, 0.023594245, 0.001748286, 6, 0.00179701029991, -0.00179701029991, 1
6.071, 0.023597815, 0.001748557, 6, 0.00179701029991, -0.00179701029991, 1
6.072, 0.023601255, 0.001748817, 6, 0.00179701029991, -0.00179701029991, 1
6.073, 0.023604966, 0.001749069, 6, 0.00179701029991, -0.00179701029991, 1
6.074, 0.023608446, 0.00174933, 6, 0.00179701029991, -0.00179701029991, 1
6.075, 0.023611957, 0.00174959, 6, 0.00179701029991, -0.00179701029991, 1
6.076, 0.023615566, 0.00174984, 6, 0.00179701029991, -0.00179701029991, 1
6.077, 0.023619067, 0.00175009, 6, 0.00179701029991, -0.00179701029991, 1
6.078, 0.023622677, 0.00175036, 6, 0.00179701029991, -0.00179701029991, 1
6.079, 0.023626167, 0.00175061, 6, 0.00179701029991, -0.00179701029991, 1
6.08, 0.023629687, 0.00175086, 6, 0.00179701029991, -0.00179701029991, 1
6.081, 0.023633597, 0.00175111, 6, 0.00179701029991, -0.00179701029991, 1
6.082, 0.023637387, 0.00175137, 6, 0.00179701029991, -0.00179701029991, 1
6.083, 0.023641087, 0.00175164, 6, 0.00179701029991, -0.00179701029991, 1
6.084, 0.023644677, 0.0017519, 6, 0.00179701029991, -0.00179701029991, 1
6.085, 0.023648198, 0.001752161, 6, 0.00179701029991, -0.00179701029991, 1
6.086, 0.023651798, 0.001752423, 6, 0.00179701029991, -0.00179701029991, 1
6.087, 0.023655308, 0.001752691, 6, 0.00179701029991, -0.00179701029991, 1
6.088, 0.023658859, 0.001752963, 6, 0.00179701029991, -0.00179701029991, 1
6.089, 0.02366227, 0.001753223, 6, 0.00179701029991, -0.00179701029991, 1
6.09, 0.02366583, 0.001753503, 6, 0.00179701029991, -0.00179701029991, 1
6.091, 0.023669681, 0.001753754, 6, 0.00179701029991, -0.00179701029991, 1
6.092, 0.02367314, 0.001754002, 6, 0.00179701029991, -0.00179701029991, 1
6.093, 0.02367686, 0.001754253, 6, 0.00179701029991, -0.00179701029991, 1
6.094, 0.02368036, 0.001754512, 6, 0.00179701029991, -0.00179701029991, 1
6.095, 0.02368398, 0.001754765, 6, 0.00179701029991, -0.00179701029991, 1
6.096, 0.023687529, 0.001755004, 6, 0.00179701029991, -0.00179701029991, 1
6.097, 0.023691138, 0.001755263, 6, 0.00179701029991, -0.00179701029991, 1
6.098, 0.023694678, 0.001755524, 6, 0.00179701029991, -0.00179701029991, 1
6.099, 0.023698178, 0.001755784, 6, 0.00179701029991, -0.00179701029991, 1
6.1, 0.023701888, 0.001756194, 6.1, 0.00161730926992, -0.00161730926992, 1
6.101, 0.023705428, 0.001756464, 6.1, 0.00161730926992, -0.00161730926992, 1
6.102, 0.023709068, 0.001756734, 6.1, 0.00161730926992, -0.00161730926992, 1
6.103, 0.023712728, 0.001756994, 6.1, 0.00161730926992, -0.00161730926992, 1
6.104, 0.023716868, 0.001757254, 6.1, 0.00161730926992, -0.00161730926992, 1
6.105, 0.023720848, 0.001757504, 6.1, 0.00161730926992, -0.00161730926992, 1
6.106, 0.023724418, 0.001757742, 6.1, 0.00161730926992, -0.00161730926992, 1
6.107, 0.023728218, 0.001758003, 6.1, 0.00161730926992, -0.00161730926992, 1
6.108, 0.023731947, 0.001758263, 6.1, 0.00161730926992, -0.00161730926992, 1
6.109, 0.023735618, 0.001758513, 6.1, 0.00161730926992, -0.00161730926992, 1
6.11, 0.023739218, 0.001758772, 6.1, 0.00161730926992, -0.00161730926992, 1
6.111, 0.023742708, 0.001759042, 6.1, 0.00161730926992, -0.00161730926992, 1
6.112, 0.023746329, 0.001759304, 6.1, 0.00161730926992, -0.00161730926992, 1
6.113, 0.023749839, 0.001759554, 6.1, 0.00161730926992, -0.00161730926992, 1
6.114, 0.023753298, 0.001759804, 6.1, 0.00161730926992, -0.00161730926992, 1
6.115, 0.023756899, 0.001760075, 6.1, 0.00161730926992, -0.00161730926992, 1
6.116, 0.023760428, 0.001760344, 6.1, 0.00161730926992, -0.00161730926992, 1
6.117, 0.023763997, 0.001760604, 6.1, 0.00161730926992, -0.00161730926992, 1
6.118, 0.023767548, 0.001760854, 6.1, 0.00161730926992, -0.00161730926992, 1
6.119, 0.023771158, 0.001761115, 6.1, 0.00161730926992, -0.00161730926992, 1
6.12, 0.023774668, 0.001761365, 6.1, 0.00161730926992, -0.00161730926992, 1
6.121, 0.023778118, 0.001761615, 6.1, 0.00161730926992, -0.00161730926992, 1
6.122, 0.023781628, 0.001761875, 6.1, 0.00161730926992, -0.00161730926992, 1
6.123, 0.023787678, 0.001762135, 6.1, 0.00161730926992, -0.00161730926992, 1
6.124, 0.023791188, 0.001762395, 6.1, 0.00161730926992, -0.00161730926992, 1
6.125, 0.023794788, 0.001762645, 6.1, 0.00161730926992, -0.00161730926992, 1
6.126, 0.023798338, 0.001762905, 6.1, 0.00161730926992, -0.00161730926992, 1
6.127, 0.023801798, 0.001763164, 6.1, 0.00161730926992, -0.00161730926992, 1
6.128, 0.023805358, 0.001763436, 6.1, 0.00161730926992, -0.00161730926992, 1
6.129, 0.023808927, 0.001763674, 6.1, 0.00161730926992, -0.00161730926992, 1
6.13, 0.023812447, 0.001763922, 6.1, 0.00161730926992, -0.00161730926992, 1
6.131, 0.023815987, 0.001764183, 6.1, 0.00161730926992, -0.00161730926992, 1
6.132, 0.023819578, 0.001764454, 6.1, 0.00161730926992, -0.00161730926992, 1
6.133, 0.023823187, 0.001764711, 6.1, 0.00161730926992, -0.00161730926992, 1
6.134, 0.023826707, 0.001764959, 6.1, 0.00161730926992, -0.00161730926992, 1
6.135, 0.023830227, 0.001765219, 6.1, 0.00161730926992, -0.00161730926992, 1
6.136, 0.023834397, 0.001765466, 6.1, 0.00161730926992, -0.00161730926992, 1
6.137, 0.023838267, 0.001765716, 6.1, 0.00161730926992, -0.00161730926992, 1
6.138, 0.023841907, 0.001765977, 6.1, 0.00161730926992, -0.00161730926992, 1
6.139, 0.023845407, 0.001766238, 6.1, 0.00161730926992, -0.00161730926992, 1
6.14, 0.023849027, 0.001766488, 6.1, 0.00161730926992, -0.00161730926992, 1
6.141, 0.023852517, 0.001766738, 6.1, 0.00161730926992, -0.00161730926992, 1
6.142, 0.023856187, 0.001767008, 6.1, 0.00161730926992, -0.00161730926992, 1
6.143, 0.023859877, 0.001767278, 6.1, 0.00161730926992, -0.00161730926992, 1
6.144, 0.023863357, 0.001767548, 6.1, 0.00161730926992, -0.00161730926992, 1
6.145, 0.023866987, 0.001767828, 6.1, 0.00161730926992, -0.00161730926992, 1
6.146, 0.023870447, 0.001768088, 6.1, 0.00161730926992, -0.00161730926992, 1
6.147, 0.023874508, 0.001768398, 6.1, 0.00161730926992, -0.00161730926992, 1
6.148, 0.023879697, 0.001768768, 6.1, 0.00161730926992, -0.00161730926992, 1
6.149, 0.023885417, 0.001769158, 6.1, 0.00161730926992, -0.00161730926992, 1
6.15, 0.023891168, 0.001769597, 6.1, 0.00161730926992, -0.00161730926992, 1
6.151, 0.023896267, 0.001770027, 6.1, 0.00161730926992, -0.00161730926992, 1
6.152, 0.023902446, 0.001770497, 6.1, 0.00161730926992, -0.00161730926992, 1
6.153, 0.023908527, 0.001770918, 6.1, 0.00161730926992, -0.00161730926992, 1
6.154, 0.023913447, 0.001771239, 6.1, 0.00161730926992, -0.00161730926992, 1
6.155, 0.023917096, 0.001771498, 6.1, 0.00161730926992, -0.00161730926992, 1
6.156, 0.023920656, 0.001771759, 6.1, 0.00161730926992, -0.00161730926992, 1
6.157, 0.023924176, 0.00177202, 6.1, 0.00161730926992, -0.00161730926992, 1
6.158, 0.023927926, 0.00177229, 6.1, 0.00161730926992, -0.00161730926992, 1
6.159, 0.023931506, 0.00177256, 6.1, 0.00161730926992, -0.00161730926992, 1
6.16, 0.023935206, 0.00177283, 6.1, 0.00161730926992, -0.00161730926992, 1
6.161, 0.023938726, 0.00177309, 6.1, 0.00161730926992, -0.00161730926992, 1
6.162, 0.023942446, 0.00177336, 6.1, 0.00161730926992, -0.00161730926992, 1
6.163, 0.023945936, 0.00177363, 6.1, 0.00161730926992, -0.00161730926992, 1
6.164, 0.023949446, 0.0017739, 6.1, 0.00161730926992, -0.00161730926992, 1
6.165, 0.023953026, 0.001774161, 6.1, 0.00161730926992, -0.00161730926992, 1
6.166, 0.023956527, 0.001774411, 6.1, 0.00161730926992, -0.00161730926992, 1
6.167, 0.023960107, 0.001774658, 6.1, 0.00161730926992, -0.00161730926992, 1
6.168, 0.023963557, 0.001774918, 6.1, 0.00161730926992, -0.00161730926992, 1
6.169, 0.023967137, 0.00177518, 6.1, 0.00161730926992, -0.00161730926992, 1
6.17, 0.023970758, 0.00177544, 6.1, 0.00161730926992, -0.00161730926992, 1
6.171, 0.023974377, 0.001775698, 6.1, 0.00161730926992, -0.00161730926992, 1
6.172, 0.023977956, 0.001775969, 6.1, 0.00161730926992, -0.00161730926992, 1
6.173, 0.023981497, 0.001776221, 6.1, 0.00161730926992, -0.00161730926992, 1
6.174, 0.023985046, 0.00177647, 6.1, 0.00161730926992, -0.00161730926992, 1
6.175, 0.023988617, 0.001776741, 6.1, 0.00161730926992, -0.00161730926992, 1
6.176, 0.023995168, 0.001777011, 6.1, 0.00161730926992, -0.00161730926992, 1
6.177, 0.023998688, 0.001777281, 6.1, 0.00161730926992, -0.00161730926992, 1
6.178, 0.024002228, 0.001777531, 6.1, 0.00161730926992, -0.00161730926992, 1
6.179, 0.024005788, 0.001777781, 6.1, 0.00161730926992, -0.00161730926992, 1
6.18, 0.024009358, 0.001778041, 6.1, 0.00161730926992, -0.00161730926992, 1
6.181, 0.024012868, 0.001778301, 6.1, 0.00161730926992, -0.00161730926992, 1
6.182, 0.024016448, 0.001778571, 6.1, 0.00161730926992, -0.00161730926992, 1
6.183, 0.024019948, 0.001778841, 6.1, 0.00161730926992, -0.00161730926992, 1
6.184, 0.024023468, 0.001779101, 6.1, 0.00161730926992, -0.00161730926992, 1
6.185, 0.024027108, 0.001779361, 6.1, 0.00161730926992, -0.00161730926992, 1
6.186, 0.024030668, 0.001779631, 6.1, 0.00161730926992, -0.00161730926992, 1
6.187, 0.024034379, 0.001779892, 6.1, 0.00161730926992, -0.00161730926992, 1
6.188, 0.024037929, 0.001780159, 6.1, 0.00161730926992, -0.00161730926992, 1
6.189, 0.024041449, 0.001780429, 6.1, 0.00161730926992, -0.00161730926992, 1
6.19, 0.024045078, 0.0017807, 6.1, 0.00161730926992, -0.00161730926992, 1
6.191, 0.024048568, 0.001780971, 6.1, 0.00161730926992, -0.00161730926992, 1
6.192, 0.024052058, 0.001781233, 6.1, 0.00161730926992, -0.00161730926992, 1
6.193, 0.024055588, 0.001781504, 6.1, 0.00161730926992, -0.00161730926992, 1
6.194, 0.024059188, 0.001781764, 6.1, 0.00161730926992, -0.00161730926992, 1
6.195, 0.024062689, 0.001782026, 6.1, 0.00161730926992, -0.00161730926992, 1
6.196, 0.024066249, 0.001782287, 6.1, 0.00161730926992, -0.00161730926992, 1
6.197, 0.02406979, 0.001782558, 6.1, 0.00161730926992, -0.00161730926992, 1
6.198, 0.02407342, 0.001782817, 6.1, 0.00161730926992, -0.00161730926992, 1
6.199, 0.02407707, 0.001783067, 6.1, 0.00161730926992, -0.00161730926992, 1
6.2, 0.02408072, 0.001783457, 6.2, 0.00145557834293, -0.00145557834293, 1
6.201, 0.02408445, 0.001783717, 6.2, 0.00145557834293, -0.00145557834293, 1
6.202, 0.02408804, 0.001783987, 6.2, 0.00145557834293, -0.00145557834293, 1
6.203, 0.02409191, 0.001784257, 6.2, 0.00145557834293, -0.00145557834293, 1
6.204, 0.02409552, 0.001784507, 6.2, 0.00145557834293, -0.00145557834293, 1
6.205, 0.02409908, 0.001784757, 6.2, 0.00145557834293, -0.00145557834293, 1
6.206, 0.02410259, 0.001785027, 6.2, 0.00145557834293, -0.00145557834293, 1
6.207, 0.02410617, 0.001785298, 6.2, 0.00145557834293, -0.00145557834293, 1
6.208, 0.024109779, 0.001785559, 6.2, 0.00145557834293, -0.00145557834293, 1
6.209, 0.024113518, 0.001785817, 6.2, 0.00145557834293, -0.00145557834293, 1
6.21, 0.024117048, 0.001786076, 6.2, 0.00145557834293, -0.00145557834293, 1
6.211, 0.024120588, 0.001786336, 6.2, 0.00145557834293, -0.00145557834293, 1
6.212, 0.024124228, 0.001786607, 6.2, 0.00145557834293, -0.00145557834293, 1
6.213, 0.024127687, 0.001786869, 6.2, 0.00145557834293, -0.00145557834293, 1
6.214, 0.024131578, 0.001787129, 6.2, 0.00145557834293, -0.00145557834293, 1
6.215, 0.024135108, 0.001787377, 6.2, 0.00145557834293, -0.00145557834293, 1
6.216, 0.024138647, 0.001787637, 6.2, 0.00145557834293, -0.00145557834293, 1
6.217, 0.024142167, 0.001787896, 6.2, 0.00145557834293, -0.00145557834293, 1
6.218, 0.024146007, 0.001788177, 6.2, 0.00145557834293, -0.00145557834293, 1
6.219, 0.024149557, 0.001788438, 6.2, 0.00145557834293, -0.00145557834293, 1
6.22, 0.024152967, 0.001788698, 6.2, 0.00145557834293, -0.00145557834293, 1
6.221, 0.024156617, 0.001788948, 6.2, 0.00145557834293, -0.00145557834293, 1
6.222, 0.024160097, 0.001789198, 6.2, 0.00145557834293, -0.00145557834293, 1
6.223, 0.024163617, 0.001789458, 6.2, 0.00145557834293, -0.00145557834293, 1
6.224, 0.024167087, 0.001789708, 6.2, 0.00145557834293, -0.00145557834293, 1
6.225, 0.024170637, 0.001789968, 6.2, 0.00145557834293, -0.00145557834293, 1
6.226, 0.024174097, 0.001790228, 6.2, 0.00145557834293, -0.00145557834293, 1
6.227, 0.024177747, 0.001790488, 6.2, 0.00145557834293, -0.00145557834293, 1
6.228, 0.024181168, 0.001790738, 6.2, 0.00145557834293, -0.00145557834293, 1
6.229, 0.024184757, 0.001791006, 6.2, 0.00145557834293, -0.00145557834293, 1
6.23, 0.024191447, 0.001791275, 6.2, 0.00145557834293, -0.00145557834293, 1
6.231, 0.024195078, 0.001791526, 6.2, 0.00145557834293, -0.00145557834293, 1
6.232, 0.024198649, 0.001791776, 6.2, 0.00145557834293, -0.00145557834293, 1
6.233, 0.024202169, 0.001792044, 6.2, 0.00145557834293, -0.00145557834293, 1
6.234, 0.024205689, 0.001792315, 6.2, 0.00145557834293, -0.00145557834293, 1
6.235, 0.024209308, 0.001792577, 6.2, 0.00145557834293, -0.00145557834293, 1
6.236, 0.024212898, 0.00179283, 6.2, 0.00145557834293, -0.00145557834293, 1
6.237, 0.024216828, 0.001793079, 6.2, 0.00145557834293, -0.00145557834293, 1
6.238, 0.024220468, 0.001793318, 6.2, 0.00145557834293, -0.00145557834293, 1
6.239, 0.024224038, 0.001793567, 6.2, 0.00145557834293, -0.00145557834293, 1
6.24, 0.024227638, 0.001793828, 6.2, 0.00145557834293, -0.00145557834293, 1
6.241, 0.024231218, 0.001794078, 6.2, 0.00145557834293, -0.00145557834293, 1
6.242, 0.024234658, 0.001794338, 6.2, 0.00145557834293, -0.00145557834293, 1
6.243, 0.024238248, 0.001794608, 6.2, 0.00145557834293, -0.00145557834293, 1
6.244, 0.024241698, 0.001794868, 6.2, 0.00145557834293, -0.00145557834293, 1
6.245, 0.024245318, 0.001795138, 6.2, 0.00145557834293, -0.00145557834293, 1
6.246, 0.024248748, 0.001795388, 6.2, 0.00145557834293, -0.00145557834293, 1
6.247, 0.024252428, 0.001795658, 6.2, 0.00145557834293, -0.00145557834293, 1
6.248, 0.024256018, 0.001795927, 6.2, 0.00145557834293, -0.00145557834293, 1
6.249, 0.024259567, 0.001796177, 6.2, 0.00145557834293, -0.00145557834293, 1
6.25, 0.024263068, 0.001796447, 6.2, 0.00145557834293, -0.00145557834293, 1
6.251, 0.024266608, 0.001796715, 6.2, 0.00145557834293, -0.00145557834293, 1
6.252, 0.024270027, 0.001796974, 6.2, 0.00145557834293, -0.00145557834293, 1
6.253, 0.024273557, 0.001797226, 6.2, 0.00145557834293, -0.00145557834293, 1
6.254, 0.024277107, 0.001797475, 6.2, 0.00145557834293, -0.00145557834293, 1
6.255, 0.024280587, 0.001797736, 6.2, 0.00145557834293, -0.00145557834293, 1
6.256, 0.024284187, 0.001798007, 6.2, 0.00145557834293, -0.00145557834293, 1
6.257, 0.024287717, 0.001798274, 6.2, 0.00145557834293, -0.00145557834293, 1
6.258, 0.024291256, 0.001798533, 6.2, 0.00145557834293, -0.00145557834293, 1
6.259, 0.024294727, 0.001798801, 6.2, 0.00145557834293, -0.00145557834293, 1
6.26, 0.024298306, 0.001799059, 6.2, 0.00145557834293, -0.00145557834293, 1
6.261, 0.024301896, 0.00179933, 6.2, 0.00145557834293, -0.00145557834293, 1
6.262, 0.024305486, 0.0017996, 6.2, 0.00145557834293, -0.00145557834293, 1
6.263, 0.024309276, 0.00179986, 6.2, 0.00145557834293, -0.00145557834293, 1
6.264, 0.024313006, 0.00180012, 6.2, 0.00145557834293, -0.00145557834293, 1
6.265, 0.024316716, 0.00180038, 6.2, 0.00145557834293, -0.00145557834293, 1
6.266, 0.024320306, 0.00180063, 6.2, 0.00145557834293, -0.00145557834293, 1
6.267, 0.024323866, 0.00180088, 6.2, 0.00145557834293, -0.00145557834293, 1
6.268, 0.024327446, 0.00180113, 6.2, 0.00145557834293, -0.00145557834293, 1
6.269, 0.024330886, 0.00180139, 6.2, 0.00145557834293, -0.00145557834293, 1
6.27, 0.024334526, 0.00180166, 6.2, 0.00145557834293, -0.00145557834293, 1
6.271, 0.024337976, 0.001801931, 6.2, 0.00145557834293, -0.00145557834293, 1
6.272, 0.024341786, 0.001802211, 6.2, 0.00145557834293, -0.00145557834293, 1
6.273, 0.024345307, 0.001802461, 6.2, 0.00145557834293, -0.00145557834293, 1
6.274, 0.024348947, 0.00180271, 6.2, 0.00145557834293, -0.00145557834293, 1
6.275, 0.024352478, 0.00180296, 6.2, 0.00145557834293, -0.00145557834293, 1
6.276, 0.024356049, 0.00180322, 6.2, 0.00145557834293, -0.00145557834293, 1
6.277, 0.024359518, 0.001803489, 6.2, 0.00145557834293, -0.00145557834293, 1
6.278, 0.024363099, 0.001803749, 6.2, 0.00145557834293, -0.00145557834293, 1
6.279, 0.02436665, 0.001804017, 6.2, 0.00145557834293, -0.00145557834293, 1
6.28, 0.02437013, 0.001804276, 6.2, 0.00145557834293, -0.00145557834293, 1
6.281, 0.024373749, 0.001804536, 6.2, 0.00145557834293, -0.00145557834293, 1
6.282, 0.024377259, 0.001804797, 6.2, 0.00145557834293, -0.00145557834293, 1
6.283, 0.024383669, 0.001805047, 6.2, 0.00145557834293, -0.00145557834293, 1
6.284, 0.024387429, 0.001805307, 6.2, 0.00145557834293, -0.00145557834293, 1
6.285, 0.024391019, 0.001805557, 6.2, 0.00145557834293, -0.00145557834293, 1
6.286, 0.024394589, 0.001805807, 6.2, 0.00145557834293, -0.00145557834293, 1
6.287, 0.024398179, 0.001806077, 6.2, 0.00145557834293, -0.00145557834293, 1
6.288, 0.024401809, 0.001806347, 6.2, 0.00145557834293, -0.00145557834293, 1
6.289, 0.024405279, 0.001806607, 6.2, 0.00145557834293, -0.00145557834293, 1
6.29, 0.024408919, 0.001806868, 6.2, 0.00145557834293, -0.00145557834293, 1
6.291, 0.024412489, 0.00180712, 6.2, 0.00145557834293, -0.00145557834293, 1
6.292, 0.024416859, 0.00180745, 6.2, 0.00145557834293, -0.00145557834293, 1
6.293, 0.024421859, 0.001807851, 6.2, 0.00145557834293, -0.00145557834293, 1
6.294, 0.024427499, 0.001808251, 6.2, 0.00145557834293, -0.00145557834293, 1
6.295, 0.024432988, 0.001808701, 6.2, 0.00145557834293, -0.00145557834293, 1
6.296, 0.024438078, 0.001809112, 6.2, 0.00145557834293, -0.00145557834293, 1
6.297, 0.024442858, 0.001809512, 6.2, 0.00145557834293, -0.00145557834293, 1
6.298, 0.024447838, 0.001809922, 6.2, 0.00145557834293, -0.00145557834293, 1
6.299, 0.024453078, 0.001810312, 6.2, 0.00145557834293, -0.00145557834293, 1
6.3, 0.024457948, 0.001810832, 6.3, 0.00131002050864, -0.00131002050864, 1
6.301, 0.024463068, 0.001811232, 6.3, 0.00131002050864, -0.00131002050864, 1
6.302, 0.024469268, 0.001811802, 6.3, 0.00131002050864, -0.00131002050864, 1
6.303, 0.024474598, 0.001812172, 6.3, 0.00131002050864, -0.00131002050864, 1
6.304, 0.024478348, 0.001812422, 6.3, 0.00131002050864, -0.00131002050864, 1
6.305, 0.024481998, 0.001812684, 6.3, 0.00131002050864, -0.00131002050864, 1
6.306, 0.024485619, 0.001812936, 6.3, 0.00131002050864, -0.00131002050864, 1
6.307, 0.024489659, 0.001813205, 6.3, 0.00131002050864, -0.00131002050864, 1
6.308, 0.024493739, 0.001813464, 6.3, 0.00131002050864, -0.00131002050864, 1
6.309, 0.024497379, 0.001813722, 6.3, 0.00131002050864, -0.00131002050864, 1
6.31, 0.02450104, 0.001813984, 6.3, 0.00131002050864, -0.00131002050864, 1
6.311, 0.02450472, 0.001814244, 6.3, 0.00131002050864, -0.00131002050864, 1
6.312, 0.02450839, 0.001814512, 6.3, 0.00131002050864, -0.00131002050864, 1
6.313, 0.02451364, 0.001814841, 6.3, 0.00131002050864, -0.00131002050864, 1
6.314, 0.0245192, 0.001815283, 6.3, 0.00131002050864, -0.00131002050864, 1
6.315, 0.024525049, 0.001815825, 6.3, 0.00131002050864, -0.00131002050864, 1
6.316, 0.024530689, 0.001816355, 6.3, 0.00131002050864, -0.00131002050864, 1
6.317, 0.024536549, 0.001816735, 6.3, 0.00131002050864, -0.00131002050864, 1
6.318, 0.024541299, 0.001817115, 6.3, 0.00131002050864, -0.00131002050864, 1
6.319, 0.024546158, 0.001817475, 6.3, 0.00131002050864, -0.00131002050864, 1
6.32, 0.024550788, 0.001817775, 6.3, 0.00131002050864, -0.00131002050864, 1
6.321, 0.024554328, 0.001818025, 6.3, 0.00131002050864, -0.00131002050864, 1
6.322, 0.024558028, 0.001818275, 6.3, 0.00131002050864, -0.00131002050864, 1
6.323, 0.024561588, 0.001818526, 6.3, 0.00131002050864, -0.00131002050864, 1
6.324, 0.024565217, 0.001818776, 6.3, 0.00131002050864, -0.00131002050864, 1
6.325, 0.024568717, 0.001819036, 6.3, 0.00131002050864, -0.00131002050864, 1
6.326, 0.024572317, 0.001819285, 6.3, 0.00131002050864, -0.00131002050864, 1
6.327, 0.024575808, 0.001819546, 6.3, 0.00131002050864, -0.00131002050864, 1
6.328, 0.024579437, 0.001819806, 6.3, 0.00131002050864, -0.00131002050864, 1
6.329, 0.024584658, 0.001820137, 6.3, 0.00131002050864, -0.00131002050864, 1
6.33, 0.024590199, 0.001820567, 6.3, 0.00131002050864, -0.00131002050864, 1
6.331, 0.024596009, 0.001820977, 6.3, 0.00131002050864, -0.00131002050864, 1
6.332, 0.024601309, 0.001821368, 6.3, 0.00131002050864, -0.00131002050864, 1
6.333, 0.02460684, 0.001821778, 6.3, 0.00131002050864, -0.00131002050864, 1
6.334, 0.02461207, 0.001822228, 6.3, 0.00131002050864, -0.00131002050864, 1
6.335, 0.0246182, 0.001822668, 6.3, 0.00131002050864, -0.00131002050864, 1
6.336, 0.02462353, 0.001823138, 6.3, 0.00131002050864, -0.00131002050864, 1
6.337, 0.02463385, 0.001823558, 6.3, 0.00131002050864, -0.00131002050864, 1
6.338, 0.024638631, 0.001823968, 6.3, 0.00131002050864, -0.00131002050864, 1
6.339, 0.024643411, 0.001824357, 6.3, 0.00131002050864, -0.00131002050864, 1
6.34, 0.024648131, 0.001824726, 6.3, 0.00131002050864, -0.00131002050864, 1
6.341, 0.024653712, 0.001825136, 6.3, 0.00131002050864, -0.00131002050864, 1
6.342, 0.024659291, 0.001825505, 6.3, 0.00131002050864, -0.00131002050864, 1
6.343, 0.024664491, 0.001825886, 6.3, 0.00131002050864, -0.00131002050864, 1
6.344, 0.024670061, 0.001826338, 6.3, 0.00131002050864, -0.00131002050864, 1
6.345, 0.024675602, 0.001826739, 6.3, 0.00131002050864, -0.00131002050864, 1
6.346, 0.024681002, 0.001827149, 6.3, 0.00131002050864, -0.00131002050864, 1
6.347, 0.024685772, 0.001827529, 6.3, 0.00131002050864, -0.00131002050864, 1
6.348, 0.024690372, 0.001827909, 6.3, 0.00131002050864, -0.00131002050864, 1
6.349, 0.024695102, 0.001828279, 6.3, 0.00131002050864, -0.00131002050864, 1
6.35, 0.024699792, 0.001828649, 6.3, 0.00131002050864, -0.00131002050864, 1
6.351, 0.024704632, 0.001828969, 6.3, 0.00131002050864, -0.00131002050864, 1
6.352, 0.024708322, 0.001829229, 6.3, 0.00131002050864, -0.00131002050864, 1
6.353, 0.024711852, 0.001829489, 6.3, 0.00131002050864, -0.00131002050864, 1
6.354, 0.024715502, 0.001829771, 6.3, 0.00131002050864, -0.00131002050864, 1
6.355, 0.024719052, 0.001830033, 6.3, 0.00131002050864, -0.00131002050864, 1
6.356, 0.024722681, 0.001830315, 6.3, 0.00131002050864, -0.00131002050864, 1
6.357, 0.024726291, 0.001830584, 6.3, 0.00131002050864, -0.00131002050864, 1
6.358, 0.024729872, 0.001830846, 6.3, 0.00131002050864, -0.00131002050864, 1
6.359, 0.024733502, 0.001831095, 6.3, 0.00131002050864, -0.00131002050864, 1
6.36, 0.024737191, 0.001831365, 6.3, 0.00131002050864, -0.00131002050864, 1
6.361, 0.024740742, 0.001831637, 6.3, 0.00131002050864, -0.00131002050864, 1
6.362, 0.024744432, 0.001831886, 6.3, 0.00131002050864, -0.00131002050864, 1
6.363, 0.024748091, 0.001832146, 6.3, 0.00131002050864, -0.00131002050864, 1
6.364, 0.024751831, 0.001832399, 6.3, 0.00131002050864, -0.00131002050864, 1
6.365, 0.024755361, 0.00183265, 6.3, 0.00131002050864, -0.00131002050864, 1
6.366, 0.024759021, 0.00183291, 6.3, 0.00131002050864, -0.00131002050864, 1
6.367, 0.024762551, 0.00183315, 6.3, 0.00131002050864, -0.00131002050864, 1
6.368, 0.024766321, 0.0018334, 6.3, 0.00131002050864, -0.00131002050864, 1
6.369, 0.024769881, 0.00183366, 6.3, 0.00131002050864, -0.00131002050864, 1
6.37, 0.024773511, 0.00183393, 6.3, 0.00131002050864, -0.00131002050864, 1
6.371, 0.024777131, 0.0018342, 6.3, 0.00131002050864, -0.00131002050864, 1
6.372, 0.024780891, 0.00183446, 6.3, 0.00131002050864, -0.00131002050864, 1
6.373, 0.024784411, 0.00183473, 6.3, 0.00131002050864, -0.00131002050864, 1
6.374, 0.024788011, 0.00183499, 6.3, 0.00131002050864, -0.00131002050864, 1
6.375, 0.024791561, 0.001835249, 6.3, 0.00131002050864, -0.00131002050864, 1
6.376, 0.024795192, 0.001835519, 6.3, 0.00131002050864, -0.00131002050864, 1
6.377, 0.024798723, 0.001835789, 6.3, 0.00131002050864, -0.00131002050864, 1
6.378, 0.024802443, 0.001836049, 6.3, 0.00131002050864, -0.00131002050864, 1
6.379, 0.024806014, 0.00183631, 6.3, 0.00131002050864, -0.00131002050864, 1
6.38, 0.024809604, 0.001836559, 6.3, 0.00131002050864, -0.00131002050864, 1
6.381, 0.024813225, 0.001836821, 6.3, 0.00131002050864, -0.00131002050864, 1
6.382, 0.024816985, 0.00183707, 6.3, 0.00131002050864, -0.00131002050864, 1
6.383, 0.024820726, 0.00183734, 6.3, 0.00131002050864, -0.00131002050864, 1
6.384, 0.024824225, 0.001837609, 6.3, 0.00131002050864, -0.00131002050864, 1
6.385, 0.024827895, 0.00183787, 6.3, 0.00131002050864, -0.00131002050864, 1
6.386, 0.024831455, 0.00183814, 6.3, 0.00131002050864, -0.00131002050864, 1
6.387, 0.024835026, 0.00183841, 6.3, 0.00131002050864, -0.00131002050864, 1
6.388, 0.024838506, 0.00183866, 6.3, 0.00131002050864, -0.00131002050864, 1
6.389, 0.024842376, 0.00183891, 6.3, 0.00131002050864, -0.00131002050864, 1
6.39, 0.024860156, 0.00183915, 6.3, 0.00131002050864, -0.00131002050864, 1
6.391, 0.024863786, 0.0018394, 6.3, 0.00131002050864, -0.00131002050864, 1
6.392, 0.024867405, 0.00183967, 6.3, 0.00131002050864, -0.00131002050864, 1
6.393, 0.024871015, 0.001839929, 6.3, 0.00131002050864, -0.00131002050864, 1
6.394, 0.024874686, 0.00184019, 6.3, 0.00131002050864, -0.00131002050864, 1
6.395, 0.024878236, 0.001840448, 6.3, 0.00131002050864, -0.00131002050864, 1
6.396, 0.024881836, 0.001840708, 6.3, 0.00131002050864, -0.00131002050864, 1
6.397, 0.024885506, 0.001840958, 6.3, 0.00131002050864, -0.00131002050864, 1
6.398, 0.024889096, 0.001841217, 6.3, 0.00131002050864, -0.00131002050864, 1
6.399, 0.024892786, 0.001841467, 6.3, 0.00131002050864, -0.00131002050864, 1
6.4, 0.024896416, 0.001841878, 6.4, 0.00117901845777, -0.00117901845777, 1
6.401, 0.024900125, 0.001842127, 6.4, 0.00117901845777, -0.00117901845777, 1
6.402, 0.024903826, 0.001842368, 6.4, 0.00117901845777, -0.00117901845777, 1
6.403, 0.024907475, 0.001842638, 6.4, 0.00117901845777, -0.00117901845777, 1
6.404, 0.024910985, 0.001842898, 6.4, 0.00117901845777, -0.00117901845777, 1
6.405, 0.024914635, 0.001843168, 6.4, 0.00117901845777, -0.00117901845777, 1
6.406, 0.024918195, 0.001843438, 6.4, 0.00117901845777, -0.00117901845777, 1
6.407, 0.024921745, 0.001843698, 6.4, 0.00117901845777, -0.00117901845777, 1
6.408, 0.024925265, 0.001843968, 6.4, 0.00117901845777, -0.00117901845777, 1
6.409, 0.024928885, 0.001844238, 6.4, 0.00117901845777, -0.00117901845777, 1
6.41, 0.024932385, 0.001844508, 6.4, 0.00117901845777, -0.00117901845777, 1
6.411, 0.024936045, 0.001844758, 6.4, 0.00117901845777, -0.00117901845777, 1
6.412, 0.024939535, 0.001845008, 6.4, 0.00117901845777, -0.00117901845777, 1
6.413, 0.024943114, 0.001845259, 6.4, 0.00117901845777, -0.00117901845777, 1
6.414, 0.024946644, 0.00184551, 6.4, 0.00117901845777, -0.00117901845777, 1
6.415, 0.024950284, 0.001845771, 6.4, 0.00117901845777, -0.00117901845777, 1
6.416, 0.024953734, 0.001846032, 6.4, 0.00117901845777, -0.00117901845777, 1
6.417, 0.024957574, 0.001846293, 6.4, 0.00117901845777, -0.00117901845777, 1
6.418, 0.024961075, 0.001846545, 6.4, 0.00117901845777, -0.00117901845777, 1
6.419, 0.024964725, 0.001846793, 6.4, 0.00117901845777, -0.00117901845777, 1
6.42, 0.024968214, 0.001847051, 6.4, 0.00117901845777, -0.00117901845777, 1
6.421, 0.024971734, 0.001847324, 6.4, 0.00117901845777, -0.00117901845777, 1
6.422, 0.024975243, 0.001847583, 6.4, 0.00117901845777, -0.00117901845777, 1
6.423, 0.024978823, 0.001847855, 6.4, 0.00117901845777, -0.00117901845777, 1
6.424, 0.024982343, 0.001848116, 6.4, 0.00117901845777, -0.00117901845777, 1
6.425, 0.024985793, 0.001848377, 6.4, 0.00117901845777, -0.00117901845777, 1
6.426, 0.024989433, 0.001848637, 6.4, 0.00117901845777, -0.00117901845777, 1
6.427, 0.024992863, 0.001848897, 6.4, 0.00117901845777, -0.00117901845777, 1
6.428, 0.024996493, 0.001849167, 6.4, 0.00117901845777, -0.00117901845777, 1
6.429, 0.024999923, 0.001849437, 6.4, 0.00117901845777, -0.00117901845777, 1
6.43, 0.025003493, 0.001849697, 6.4, 0.00117901845777, -0.00117901845777, 1
6.431, 0.025006943, 0.001849967, 6.4, 0.00117901845777, -0.00117901845777, 1
6.432, 0.025010553, 0.001850237, 6.4, 0.00117901845777, -0.00117901845777, 1
6.433, 0.025013973, 0.001850497, 6.4, 0.00117901845777, -0.00117901845777, 1
6.434, 0.025017543, 0.001850766, 6.4, 0.00117901845777, -0.00117901845777, 1
6.435, 0.025020993, 0.001851017, 6.4, 0.00117901845777, -0.00117901845777, 1
6.436, 0.025024534, 0.001851277, 6.4, 0.00117901845777, -0.00117901845777, 1
6.437, 0.025027994, 0.001851534, 6.4, 0.00117901845777, -0.00117901845777, 1
6.438, 0.025031505, 0.001851805, 6.4, 0.00117901845777, -0.00117901845777, 1
6.439, 0.025035046, 0.001852055, 6.4, 0.00117901845777, -0.00117901845777, 1
6.44, 0.025038595, 0.001852315, 6.4, 0.00117901845777, -0.00117901845777, 1
6.441, 0.025042195, 0.001852574, 6.4, 0.00117901845777, -0.00117901845777, 1
6.442, 0.025045725, 0.001852823, 6.4, 0.00117901845777, -0.00117901845777, 1
6.443, 0.025051696, 0.001853115, 6.4, 0.00117901845777, -0.00117901845777, 1
6.444, 0.025055347, 0.001853377, 6.4, 0.00117901845777, -0.00117901845777, 1
6.445, 0.025058847, 0.001853628, 6.4, 0.00117901845777, -0.00117901845777, 1
6.446, 0.025062517, 0.001853877, 6.4, 0.00117901845777, -0.00117901845777, 1
6.447, 0.025065997, 0.001854157, 6.4, 0.00117901845777, -0.00117901845777, 1
6.448, 0.025071557, 0.001854507, 6.4, 0.00117901845777, -0.00117901845777, 1
6.449, 0.025077317, 0.001855047, 6.4, 0.00117901845777, -0.00117901845777, 1
6.45, 0.025082967, 0.001855587, 6.4, 0.00117901845777, -0.00117901845777, 1
6.451, 0.025087547, 0.001855957, 6.4, 0.00117901845777, -0.00117901845777, 1
6.452, 0.025092137, 0.001856326, 6.4, 0.00117901845777, -0.00117901845777, 1
6.453, 0.025096648, 0.001856677, 6.4, 0.00117901845777, -0.00117901845777, 1
6.454, 0.025101528, 0.001857078, 6.4, 0.00117901845777, -0.00117901845777, 1
6.455, 0.025106659, 0.001857468, 6.4, 0.00117901845777, -0.00117901845777, 1
6.456, 0.02511163, 0.001857838, 6.4, 0.00117901845777, -0.00117901845777, 1
6.457, 0.025116811, 0.001858229, 6.4, 0.00117901845777, -0.00117901845777, 1
6.458, 0.025121471, 0.001858618, 6.4, 0.00117901845777, -0.00117901845777, 1
6.459, 0.025125901, 0.001858989, 6.4, 0.00117901845777, -0.00117901845777, 1
6.46, 0.025130741, 0.001859377, 6.4, 0.00117901845777, -0.00117901845777, 1
6.461, 0.025135331, 0.001859796, 6.4, 0.00117901845777, -0.00117901845777, 1
6.462, 0.025140061, 0.001860176, 6.4, 0.00117901845777, -0.00117901845777, 1
6.463, 0.025144821, 0.001860556, 6.4, 0.00117901845777, -0.00117901845777, 1
6.464, 0.025149401, 0.001860926, 6.4, 0.00117901845777, -0.00117901845777, 1
6.465, 0.025154061, 0.001861306, 6.4, 0.00117901845777, -0.00117901845777, 1
6.466, 0.025158841, 0.001861706, 6.4, 0.00117901845777, -0.00117901845777, 1
6.467, 0.025163891, 0.001862176, 6.4, 0.00117901845777, -0.00117901845777, 1
6.468, 0.025169342, 0.001862554, 6.4, 0.00117901845777, -0.00117901845777, 1
6.469, 0.025174612, 0.001862945, 6.4, 0.00117901845777, -0.00117901845777, 1
6.47, 0.025179982, 0.001863327, 6.4, 0.00117901845777, -0.00117901845777, 1
6.471, 0.025184642, 0.001863687, 6.4, 0.00117901845777, -0.00117901845777, 1
6.472, 0.025189433, 0.001864055, 6.4, 0.00117901845777, -0.00117901845777, 1
6.473, 0.025194092, 0.001864436, 6.4, 0.00117901845777, -0.00117901845777, 1
6.474, 0.025198833, 0.001864815, 6.4, 0.00117901845777, -0.00117901845777, 1
6.475, 0.025204224, 0.001865204, 6.4, 0.00117901845777, -0.00117901845777, 1
6.476, 0.025209323, 0.001865604, 6.4, 0.00117901845777, -0.00117901845777, 1
6.477, 0.025214353, 0.001865994, 6.4, 0.00117901845777, -0.00117901845777, 1
6.478, 0.025219333, 0.001866384, 6.4, 0.00117901845777, -0.00117901845777, 1
6.479, 0.025224113, 0.001866764, 6.4, 0.00117901845777, -0.00117901845777, 1
6.48, 0.025229033, 0.001867114, 6.4, 0.00117901845777, -0.00117901845777, 1
6.481, 0.025233813, 0.001867494, 6.4, 0.00117901845777, -0.00117901845777, 1
6.482, 0.025238633, 0.001867864, 6.4, 0.00117901845777, -0.00117901845777, 1
6.483, 0.025243623, 0.001868233, 6.4, 0.00117901845777, -0.00117901845777, 1
6.484, 0.025248444, 0.001868635, 6.4, 0.00117901845777, -0.00117901845777, 1
6.485, 0.025253693, 0.001869002, 6.4, 0.00117901845777, -0.00117901845777, 1
6.486, 0.025258682, 0.00186939, 6.4, 0.00117901845777, -0.00117901845777, 1
6.487, 0.025263673, 0.001869819, 6.4, 0.00117901845777, -0.00117901845777, 1
6.488, 0.025268571, 0.001870208, 6.4, 0.00117901845777, -0.00117901845777, 1
6.489, 0.025273402, 0.001870599, 6.4, 0.00117901845777, -0.00117901845777, 1
6.49, 0.025278342, 0.001871009, 6.4, 0.00117901845777, -0.00117901845777, 1
6.491, 0.025283402, 0.001871401, 6.4, 0.00117901845777, -0.00117901845777, 1
6.492, 0.025288443, 0.00187187, 6.4, 0.00117901845777, -0.00117901845777, 1
6.493, 0.025293423, 0.00187226, 6.4, 0.00117901845777, -0.00117901845777, 1
6.494, 0.025298543, 0.00187266, 6.4, 0.00117901845777, -0.00117901845777, 1
6.495, 0.025303413, 0.0018731, 6.4, 0.00117901845777, -0.00117901845777, 1
6.496, 0.025308513, 0.00187353, 6.4, 0.00117901845777, -0.00117901845777, 1
6.497, 0.025317893, 0.00187396, 6.4, 0.00117901845777, -0.00117901845777, 1
6.498, 0.025323023, 0.001874369, 6.4, 0.00117901845777, -0.00117901845777, 1
6.499, 0.025328154, 0.001874779, 6.4, 0.00117901845777, -0.00117901845777, 1
6.5, 0.025333373, 0.001875383, 6.5, 0.001061116612, -0.001061116612, 1
6.501, 0.025338543, 0.001875773, 6.5, 0.001061116612, -0.001061116612, 1
6.502, 0.025343654, 0.001876193, 6.5, 0.001061116612, -0.001061116612, 1
6.503, 0.025349153, 0.001876605, 6.5, 0.001061116612, -0.001061116612, 1
6.504, 0.025354164, 0.001877024, 6.5, 0.001061116612, -0.001061116612, 1
6.505, 0.025359164, 0.001877424, 6.5, 0.001061116612, -0.001061116612, 1
6.506, 0.025364144, 0.001877834, 6.5, 0.001061116612, -0.001061116612, 1
6.507, 0.025369304, 0.001878254, 6.5, 0.001061116612, -0.001061116612, 1
6.508, 0.025375004, 0.001878684, 6.5, 0.001061116612, -0.001061116612, 1
6.509, 0.025380244, 0.001879094, 6.5, 0.001061116612, -0.001061116612, 1
6.51, 0.025385234, 0.001879504, 6.5, 0.001061116612, -0.001061116612, 1
6.511, 0.025391114, 0.001879964, 6.5, 0.001061116612, -0.001061116612, 1
6.512, 0.025396154, 0.001880334, 6.5, 0.001061116612, -0.001061116612, 1
6.513, 0.025401014, 0.001880704, 6.5, 0.001061116612, -0.001061116612, 1
6.514, 0.025406204, 0.001881065, 6.5, 0.001061116612, -0.001061116612, 1
6.515, 0.025411473, 0.001881466, 6.5, 0.001061116612, -0.001061116612, 1
6.516, 0.025416623, 0.001881877, 6.5, 0.001061116612, -0.001061116612, 1
6.517, 0.025421823, 0.001882295, 6.5, 0.001061116612, -0.001061116612, 1
6.518, 0.025426863, 0.001882713, 6.5, 0.001061116612, -0.001061116612, 1
6.519, 0.025432713, 0.001883115, 6.5, 0.001061116612, -0.001061116612, 1
6.52, 0.025438193, 0.001883575, 6.5, 0.001061116612, -0.001061116612, 1
6.521, 0.025443383, 0.001883945, 6.5, 0.001061116612, -0.001061116612, 1
6.522, 0.025449103, 0.001884395, 6.5, 0.001061116612, -0.001061116612, 1
6.523, 0.025454353, 0.001884815, 6.5, 0.001061116612, -0.001061116612, 1
6.524, 0.025458503, 0.001885165, 6.5, 0.001061116612, -0.001061116612, 1
6.525, 0.025462113, 0.001885415, 6.5, 0.001061116612, -0.001061116612, 1
6.526, 0.025465643, 0.001885685, 6.5, 0.001061116612, -0.001061116612, 1
6.527, 0.025469203, 0.001885965, 6.5, 0.001061116612, -0.001061116612, 1
6.528, 0.025472713, 0.001886225, 6.5, 0.001061116612, -0.001061116612, 1
6.529, 0.025476193, 0.001886476, 6.5, 0.001061116612, -0.001061116612, 1
6.53, 0.025479753, 0.001886726, 6.5, 0.001061116612, -0.001061116612, 1
6.531, 0.025483294, 0.001886986, 6.5, 0.001061116612, -0.001061116612, 1
6.532, 0.025487014, 0.001887255, 6.5, 0.001061116612, -0.001061116612, 1
6.533, 0.025490585, 0.001887517, 6.5, 0.001061116612, -0.001061116612, 1
6.534, 0.025494254, 0.001887776, 6.5, 0.001061116612, -0.001061116612, 1
6.535, 0.025497765, 0.001888026, 6.5, 0.001061116612, -0.001061116612, 1
6.536, 0.025501384, 0.001888287, 6.5, 0.001061116612, -0.001061116612, 1
6.537, 0.025504824, 0.001888546, 6.5, 0.001061116612, -0.001061116612, 1
6.538, 0.025508294, 0.001888815, 6.5, 0.001061116612, -0.001061116612, 1
6.539, 0.025511905, 0.001889065, 6.5, 0.001061116612, -0.001061116612, 1
6.54, 0.025515385, 0.001889314, 6.5, 0.001061116612, -0.001061116612, 1
6.541, 0.025518966, 0.001889554, 6.5, 0.001061116612, -0.001061116612, 1
6.542, 0.025522516, 0.001889814, 6.5, 0.001061116612, -0.001061116612, 1
6.543, 0.025526136, 0.001890074, 6.5, 0.001061116612, -0.001061116612, 1
6.544, 0.025529656, 0.001890334, 6.5, 0.001061116612, -0.001061116612, 1
6.545, 0.025533266, 0.001890594, 6.5, 0.001061116612, -0.001061116612, 1
6.546, 0.025536776, 0.001890864, 6.5, 0.001061116612, -0.001061116612, 1
6.547, 0.025540316, 0.001891124, 6.5, 0.001061116612, -0.001061116612, 1
6.548, 0.025543786, 0.001891394, 6.5, 0.001061116612, -0.001061116612, 1
6.549, 0.025547286, 0.001891642, 6.5, 0.001061116612, -0.001061116612, 1
6.55, 0.025550806, 0.001891901, 6.5, 0.001061116612, -0.001061116612, 1
6.551, 0.025554395, 0.001892171, 6.5, 0.001061116612, -0.001061116612, 1
6.552, 0.025557976, 0.001892432, 6.5, 0.001061116612, -0.001061116612, 1
6.553, 0.025564746, 0.001892691, 6.5, 0.001061116612, -0.001061116612, 1
6.554, 0.025568455, 0.001892942, 6.5, 0.001061116612, -0.001061116612, 1
6.555, 0.025571965, 0.001893201, 6.5, 0.001061116612, -0.001061116612, 1
6.556, 0.025575464, 0.001893462, 6.5, 0.001061116612, -0.001061116612, 1
6.557, 0.025579005, 0.001893735, 6.5, 0.001061116612, -0.001061116612, 1
6.558, 0.025582554, 0.001893984, 6.5, 0.001061116612, -0.001061116612, 1
6.559, 0.025586105, 0.001894242, 6.5, 0.001061116612, -0.001061116612, 1
6.56, 0.025589684, 0.001894501, 6.5, 0.001061116612, -0.001061116612, 1
6.561, 0.025593305, 0.001894751, 6.5, 0.001061116612, -0.001061116612, 1
6.562, 0.025596815, 0.001895011, 6.5, 0.001061116612, -0.001061116612, 1
6.563, 0.025600395, 0.001895281, 6.5, 0.001061116612, -0.001061116612, 1
6.564, 0.025603995, 0.001895541, 6.5, 0.001061116612, -0.001061116612, 1
6.565, 0.025607605, 0.001895801, 6.5, 0.001061116612, -0.001061116612, 1
6.566, 0.025611075, 0.001896061, 6.5, 0.001061116612, -0.001061116612, 1
6.567, 0.025614625, 0.001896321, 6.5, 0.001061116612, -0.001061116612, 1
6.568, 0.025618115, 0.001896581, 6.5, 0.001061116612, -0.001061116612, 1
6.569, 0.025621695, 0.001896831, 6.5, 0.001061116612, -0.001061116612, 1
6.57, 0.025625186, 0.0018971, 6.5, 0.001061116612, -0.001061116612, 1
6.571, 0.025628806, 0.00189737, 6.5, 0.001061116612, -0.001061116612, 1
6.572, 0.025632334, 0.001897641, 6.5, 0.001061116612, -0.001061116612, 1
6.573, 0.025635923, 0.001897912, 6.5, 0.001061116612, -0.001061116612, 1
6.574, 0.025639373, 0.001898173, 6.5, 0.001061116612, -0.001061116612, 1
6.575, 0.025642983, 0.001898435, 6.5, 0.001061116612, -0.001061116612, 1
6.576, 0.025646434, 0.001898685, 6.5, 0.001061116612, -0.001061116612, 1
6.577, 0.025649965, 0.001898955, 6.5, 0.001061116612, -0.001061116612, 1
6.578, 0.025653565, 0.001899216, 6.5, 0.001061116612, -0.001061116612, 1
6.579, 0.025657195, 0.001899478, 6.5, 0.001061116612, -0.001061116612, 1
6.58, 0.025660735, 0.001899726, 6.5, 0.001061116612, -0.001061116612, 1
6.581, 0.025664295, 0.001899974, 6.5, 0.001061116612, -0.001061116612, 1
6.582, 0.025667845, 0.001900255, 6.5, 0.001061116612, -0.001061116612, 1
6.583, 0.025671285, 0.001900525, 6.5, 0.001061116612, -0.001061116612, 1
6.584, 0.025674995, 0.001900775, 6.5, 0.001061116612, -0.001061116612, 1
6.585, 0.025678455, 0.001901035, 6.5, 0.001061116612, -0.001061116612, 1
6.586, 0.025682085, 0.001901305, 6.5, 0.001061116612, -0.001061116612, 1
6.587, 0.025685535, 0.001901565, 6.5, 0.001061116612, -0.001061116612, 1
6.588, 0.025689125, 0.001901825, 6.5, 0.001061116612, -0.001061116612, 1
6.589, 0.025692715, 0.001902085, 6.5, 0.001061116612, -0.001061116612, 1
6.59, 0.025696345, 0.001902345, 6.5, 0.001061116612, -0.001061116612, 1
6.591, 0.025699915, 0.001902593, 6.5, 0.001061116612, -0.001061116612, 1
6.592, 0.025703565, 0.001902862, 6.5, 0.001061116612, -0.001061116612, 1
6.593, 0.025707005, 0.001903132, 6.5, 0.001061116612, -0.001061116612, 1
6.594, 0.025710594, 0.001903404, 6.5, 0.001061116612, -0.001061116612, 1
6.595, 0.025714154, 0.001903673, 6.5, 0.001061116612, -0.001061116612, 1
6.596, 0.025717824, 0.001903933, 6.5, 0.001061116612, -0.001061116612, 1
6.597, 0.025721253, 0.001904191, 6.5, 0.001061116612, -0.001061116612, 1
6.598, 0.025724743, 0.001904453, 6.5, 0.001061116612, -0.001061116612, 1
6.599, 0.025728334, 0.001904723, 6.5, 0.001061116612, -0.001061116612, 1
6.6, 0.025732044, 0.001905135, 6.6, 0.000955004950797, -0.000955004950797, 1
6.601, 0.025735814, 0.001905374, 6.6, 0.000955004950797, -0.000955004950797, 1
6.602, 0.025740444, 0.001905693, 6.6, 0.000955004950797, -0.000955004950797, 1
6.603, 0.025745504, 0.001906082, 6.6, 0.000955004950797, -0.000955004950797, 1
6.604, 0.025751174, 0.001906482, 6.6, 0.000955004950797, -0.000955004950797, 1
6.605, 0.025756524, 0.001906882, 6.6, 0.000955004950797, -0.000955004950797, 1
6.606, 0.025761994, 0.001907292, 6.6, 0.000955004950797, -0.000955004950797, 1
6.607, 0.025767534, 0.001907852, 6.6, 0.000955004950797, -0.000955004950797, 1
6.608, 0.025773955, 0.001908181, 6.6, 0.000955004950797, -0.000955004950797, 1
6.609, 0.025777766, 0.001908439, 6.6, 0.000955004950797, -0.000955004950797, 1
6.61, 0.025781246, 0.00190871, 6.6, 0.000955004950797, -0.000955004950797, 1
6.611, 0.025784936, 0.001908962, 6.6, 0.000955004950797, -0.000955004950797, 1
6.612, 0.025788536, 0.001909223, 6.6, 0.000955004950797, -0.000955004950797, 1
6.613, 0.025792206, 0.001909505, 6.6, 0.000955004950797, -0.000955004950797, 1
6.614, 0.025795796, 0.001909773, 6.6, 0.000955004950797, -0.000955004950797, 1
6.615, 0.025799476, 0.001910044, 6.6, 0.000955004950797, -0.000955004950797, 1
6.616, 0.025803015, 0.001910302, 6.6, 0.000955004950797, -0.000955004950797, 1
6.617, 0.025806615, 0.001910551, 6.6, 0.000955004950797, -0.000955004950797, 1
6.618, 0.025810065, 0.0019108, 6.6, 0.000955004950797, -0.000955004950797, 1
6.619, 0.025813794, 0.00191105, 6.6, 0.000955004950797, -0.000955004950797, 1
6.62, 0.025817314, 0.001911311, 6.6, 0.000955004950797, -0.000955004950797, 1
6.621, 0.025820834, 0.001911572, 6.6, 0.000955004950797, -0.000955004950797, 1
6.622, 0.025824394, 0.001911822, 6.6, 0.000955004950797, -0.000955004950797, 1
6.623, 0.025827854, 0.001912082, 6.6, 0.000955004950797, -0.000955004950797, 1
6.624, 0.025848194, 0.001912622, 6.6, 0.000955004950797, -0.000955004950797, 1
6.625, 0.025853984, 0.001913052, 6.6, 0.000955004950797, -0.000955004950797, 1
6.626, 0.025858754, 0.001913432, 6.6, 0.000955004950797, -0.000955004950797, 1
6.627, 0.025863784, 0.001913793, 6.6, 0.000955004950797, -0.000955004950797, 1
6.628, 0.025867363, 0.001914044, 6.6, 0.000955004950797, -0.000955004950797, 1
6.629, 0.025870913, 0.001914306, 6.6, 0.000955004950797, -0.000955004950797, 1
6.63, 0.025874382, 0.001914575, 6.6, 0.000955004950797, -0.000955004950797, 1
6.631, 0.025878032, 0.001914846, 6.6, 0.000955004950797, -0.000955004950797, 1
6.632, 0.025881523, 0.001915097, 6.6, 0.000955004950797, -0.000955004950797, 1
6.633, 0.025885134, 0.001915349, 6.6, 0.000955004950797, -0.000955004950797, 1
6.634, 0.025888664, 0.0019156, 6.6, 0.000955004950797, -0.000955004950797, 1
6.635, 0.025892384, 0.001915852, 6.6, 0.000955004950797, -0.000955004950797, 1
6.636, 0.025895934, 0.001916112, 6.6, 0.000955004950797, -0.000955004950797, 1
6.637, 0.025899504, 0.001916362, 6.6, 0.000955004950797, -0.000955004950797, 1
6.638, 0.025903024, 0.001916622, 6.6, 0.000955004950797, -0.000955004950797, 1
6.639, 0.025906564, 0.001916882, 6.6, 0.000955004950797, -0.000955004950797, 1
6.64, 0.025910164, 0.001917142, 6.6, 0.000955004950797, -0.000955004950797, 1
6.641, 0.025913844, 0.001917382, 6.6, 0.000955004950797, -0.000955004950797, 1
6.642, 0.025917384, 0.001917652, 6.6, 0.000955004950797, -0.000955004950797, 1
6.643, 0.025920874, 0.001917912, 6.6, 0.000955004950797, -0.000955004950797, 1
6.644, 0.025924484, 0.001918152, 6.6, 0.000955004950797, -0.000955004950797, 1
6.645, 0.025927985, 0.001918422, 6.6, 0.000955004950797, -0.000955004950797, 1
6.646, 0.025931615, 0.001918691, 6.6, 0.000955004950797, -0.000955004950797, 1
6.647, 0.025935155, 0.001918954, 6.6, 0.000955004950797, -0.000955004950797, 1
6.648, 0.025938715, 0.001919224, 6.6, 0.000955004950797, -0.000955004950797, 1
6.649, 0.025942255, 0.001919486, 6.6, 0.000955004950797, -0.000955004950797, 1
6.65, 0.025945796, 0.001919745, 6.6, 0.000955004950797, -0.000955004950797, 1
6.651, 0.025949366, 0.001920013, 6.6, 0.000955004950797, -0.000955004950797, 1
6.652, 0.025952905, 0.001920283, 6.6, 0.000955004950797, -0.000955004950797, 1
6.653, 0.025956496, 0.001920562, 6.6, 0.000955004950797, -0.000955004950797, 1
6.654, 0.025960206, 0.001920831, 6.6, 0.000955004950797, -0.000955004950797, 1
6.655, 0.025963667, 0.00192108, 6.6, 0.000955004950797, -0.000955004950797, 1
6.656, 0.025967277, 0.001921359, 6.6, 0.000955004950797, -0.000955004950797, 1
6.657, 0.025970847, 0.001921627, 6.6, 0.000955004950797, -0.000955004950797, 1
6.658, 0.025974407, 0.001921876, 6.6, 0.000955004950797, -0.000955004950797, 1
6.659, 0.025978007, 0.001922136, 6.6, 0.000955004950797, -0.000955004950797, 1
6.66, 0.025988517, 0.001922566, 6.6, 0.000955004950797, -0.000955004950797, 1
6.661, 0.025994076, 0.001922976, 6.6, 0.000955004950797, -0.000955004950797, 1
6.662, 0.025999536, 0.001923466, 6.6, 0.000955004950797, -0.000955004950797, 1
6.663, 0.026005086, 0.001923864, 6.6, 0.000955004950797, -0.000955004950797, 1
6.664, 0.026009806, 0.001924244, 6.6, 0.000955004950797, -0.000955004950797, 1
6.665, 0.026014467, 0.001924634, 6.6, 0.000955004950797, -0.000955004950797, 1
6.666, 0.026019187, 0.001924996, 6.6, 0.000955004950797, -0.000955004950797, 1
6.667, 0.026023827, 0.001925355, 6.6, 0.000955004950797, -0.000955004950797, 1
6.668, 0.026028728, 0.001925684, 6.6, 0.000955004950797, -0.000955004950797, 1
6.669, 0.026032309, 0.001925933, 6.6, 0.000955004950797, -0.000955004950797, 1
6.67, 0.026036029, 0.001926192, 6.6, 0.000955004950797, -0.000955004950797, 1
6.671, 0.026039439, 0.00192645, 6.6, 0.000955004950797, -0.000955004950797, 1
6.672, 0.026042999, 0.001926711, 6.6, 0.000955004950797, -0.000955004950797, 1
6.673, 0.026046439, 0.00192697, 6.6, 0.000955004950797, -0.000955004950797, 1
6.674, 0.02605109, 0.00192729, 6.6, 0.000955004950797, -0.000955004950797, 1
6.675, 0.0260567, 0.00192772, 6.6, 0.000955004950797, -0.000955004950797, 1
6.676, 0.02606782, 0.00192834, 6.6, 0.000955004950797, -0.000955004950797, 1
6.677, 0.02607429, 0.00192897, 6.6, 0.000955004950797, -0.000955004950797, 1
6.678, 0.02607917, 0.001929361, 6.6, 0.000955004950797, -0.000955004950797, 1
6.679, 0.0260843, 0.00192976, 6.6, 0.000955004950797, -0.000955004950797, 1
6.68, 0.026090031, 0.00193018, 6.6, 0.000955004950797, -0.000955004950797, 1
6.681, 0.026095911, 0.00193059, 6.6, 0.000955004950797, -0.000955004950797, 1
6.682, 0.026101372, 0.001931002, 6.6, 0.000955004950797, -0.000955004950797, 1
6.683, 0.026106332, 0.001931373, 6.6, 0.000955004950797, -0.000955004950797, 1
6.684, 0.026111303, 0.001931754, 6.6, 0.000955004950797, -0.000955004950797, 1
6.685, 0.026116003, 0.001932125, 6.6, 0.000955004950797, -0.000955004950797, 1
6.686, 0.026120643, 0.001932495, 6.6, 0.000955004950797, -0.000955004950797, 1
6.687, 0.026125393, 0.001932865, 6.6, 0.000955004950797, -0.000955004950797, 1
6.688, 0.026130543, 0.001933295, 6.6, 0.000955004950797, -0.000955004950797, 1
6.689, 0.026135253, 0.001933675, 6.6, 0.000955004950797, -0.000955004950797, 1
6.69, 0.026140653, 0.001934095, 6.6, 0.000955004950797, -0.000955004950797, 1
6.691, 0.026145583, 0.001934535, 6.6, 0.000955004950797, -0.000955004950797, 1
6.692, 0.026150663, 0.001934895, 6.6, 0.000955004950797, -0.000955004950797, 1
6.693, 0.026155693, 0.001935316, 6.6, 0.000955004950797, -0.000955004950797, 1
6.694, 0.026161084, 0.001935807, 6.6, 0.000955004950797, -0.000955004950797, 1
6.695, 0.026166244, 0.001936228, 6.6, 0.000955004950797, -0.000955004950797, 1
6.696, 0.026171295, 0.001936628, 6.6, 0.000955004950797, -0.000955004950797, 1
6.697, 0.026186435, 0.00193701, 6.6, 0.000955004950797, -0.000955004950797, 1
6.698, 0.026191615, 0.00193745, 6.6, 0.000955004950797, -0.000955004950797, 1
6.699, 0.026196756, 0.00193784, 6.6, 0.000955004950797, -0.000955004950797, 1
6.7, 0.026202866, 0.00193846, 6.7, 0.000859504455717, -0.000859504455717, 1
6.701, 0.026208296, 0.00193888, 6.7, 0.000859504455717, -0.000859504455717, 1
6.702, 0.026213306, 0.00193928, 6.7, 0.000859504455717, -0.000859504455717, 1
6.703, 0.026218816, 0.0019397, 6.7, 0.000859504455717, -0.000859504455717, 1
6.704, 0.026224466, 0.00194009, 6.7, 0.000859504455717, -0.000859504455717, 1
6.705, 0.026230136, 0.00194052, 6.7, 0.000859504455717, -0.000859504455717, 1
6.706, 0.026235176, 0.001940941, 6.7, 0.000859504455717, -0.000859504455717, 1
6.707, 0.026240506, 0.001941369, 6.7, 0.000859504455717, -0.000859504455717, 1
6.708, 0.026246067, 0.001941818, 6.7, 0.000859504455717, -0.000859504455717, 1
6.709, 0.026251067, 0.001942198, 6.7, 0.000859504455717, -0.000859504455717, 1
6.71, 0.026256048, 0.001942596, 6.7, 0.000859504455717, -0.000859504455717, 1
6.711, 0.026261178, 0.001943006, 6.7, 0.000859504455717, -0.000859504455717, 1
6.712, 0.026266038, 0.001943375, 6.7, 0.000859504455717, -0.000859504455717, 1
6.713, 0.026281698, 0.001943775, 6.7, 0.000859504455717, -0.000859504455717, 1
6.714, 0.026287268, 0.001944215, 6.7, 0.000859504455717, -0.000859504455717, 1
6.715, 0.026302178, 0.001944795, 6.7, 0.000859504455717, -0.000859504455717, 1
6.716, 0.026309098, 0.001945405, 6.7, 0.000859504455717, -0.000859504455717, 1
6.717, 0.026314768, 0.001945795, 6.7, 0.000859504455717, -0.000859504455717, 1
6.718, 0.026320268, 0.001946215, 6.7, 0.000859504455717, -0.000859504455717, 1
6.719, 0.026325598, 0.001946636, 6.7, 0.000859504455717, -0.000859504455717, 1
6.72, 0.026330909, 0.001947095, 6.7, 0.000859504455717, -0.000859504455717, 1
6.721, 0.026336679, 0.001947636, 6.7, 0.000859504455717, -0.000859504455717, 1
6.722, 0.026342659, 0.001948048, 6.7, 0.000859504455717, -0.000859504455717, 1
6.723, 0.026347449, 0.001948439, 6.7, 0.000859504455717, -0.000859504455717, 1
6.724, 0.0263523, 0.001948809, 6.7, 0.000859504455717, -0.000859504455717, 1
6.725, 0.026357139, 0.001949189, 6.7, 0.000859504455717, -0.000859504455717, 1
6.726, 0.026361869, 0.001949579, 6.7, 0.000859504455717, -0.000859504455717, 1
6.727, 0.026366689, 0.001949979, 6.7, 0.000859504455717, -0.000859504455717, 1
6.728, 0.026371469, 0.001950359, 6.7, 0.000859504455717, -0.000859504455717, 1
6.729, 0.026376119, 0.001950749, 6.7, 0.000859504455717, -0.000859504455717, 1
6.73, 0.026380789, 0.001951119, 6.7, 0.000859504455717, -0.000859504455717, 1
6.731, 0.026385889, 0.001951509, 6.7, 0.000859504455717, -0.000859504455717, 1
6.732, 0.02639066, 0.001951888, 6.7, 0.000859504455717, -0.000859504455717, 1
6.733, 0.02639442, 0.001952138, 6.7, 0.000859504455717, -0.000859504455717, 1
6.734, 0.026397921, 0.001952399, 6.7, 0.000859504455717, -0.000859504455717, 1
6.735, 0.0264015, 0.001952657, 6.7, 0.000859504455717, -0.000859504455717, 1
6.736, 0.026404999, 0.001952917, 6.7, 0.000859504455717, -0.000859504455717, 1
6.737, 0.02640862, 0.001953188, 6.7, 0.000859504455717, -0.000859504455717, 1
6.738, 0.026412081, 0.001953448, 6.7, 0.000859504455717, -0.000859504455717, 1
6.739, 0.02641567, 0.001953708, 6.7, 0.000859504455717, -0.000859504455717, 1
6.74, 0.02641918, 0.001953958, 6.7, 0.000859504455717, -0.000859504455717, 1
6.741, 0.02642271, 0.001954207, 6.7, 0.000859504455717, -0.000859504455717, 1
6.742, 0.02642628, 0.001954475, 6.7, 0.000859504455717, -0.000859504455717, 1
6.743, 0.02642985, 0.001954715, 6.7, 0.000859504455717, -0.000859504455717, 1
6.744, 0.0264334, 0.001954975, 6.7, 0.000859504455717, -0.000859504455717, 1
6.745, 0.02643688, 0.001955235, 6.7, 0.000859504455717, -0.000859504455717, 1
6.746, 0.02644041, 0.001955495, 6.7, 0.000859504455717, -0.000859504455717, 1
6.747, 0.02644388, 0.001955755, 6.7, 0.000859504455717, -0.000859504455717, 1
6.748, 0.02644737, 0.001956005, 6.7, 0.000859504455717, -0.000859504455717, 1
6.749, 0.02645093, 0.001956255, 6.7, 0.000859504455717, -0.000859504455717, 1
6.75, 0.02645451, 0.001956515, 6.7, 0.000859504455717, -0.000859504455717, 1
6.751, 0.026457981, 0.001956775, 6.7, 0.000859504455717, -0.000859504455717, 1
6.752, 0.026461561, 0.001957043, 6.7, 0.000859504455717, -0.000859504455717, 1
6.753, 0.02646505, 0.001957312, 6.7, 0.000859504455717, -0.000859504455717, 1
6.754, 0.02646861, 0.001957582, 6.7, 0.000859504455717, -0.000859504455717, 1
6.755, 0.026472021, 0.001957842, 6.7, 0.000859504455717, -0.000859504455717, 1
6.756, 0.026475541, 0.001958101, 6.7, 0.000859504455717, -0.000859504455717, 1
6.757, 0.026478992, 0.001958362, 6.7, 0.000859504455717, -0.000859504455717, 1
6.758, 0.026482653, 0.001958622, 6.7, 0.000859504455717, -0.000859504455717, 1
6.759, 0.026486152, 0.00195888, 6.7, 0.000859504455717, -0.000859504455717, 1
6.76, 0.026489782, 0.001959131, 6.7, 0.000859504455717, -0.000859504455717, 1
6.761, 0.026493313, 0.001959393, 6.7, 0.000859504455717, -0.000859504455717, 1
6.762, 0.026496693, 0.001959632, 6.7, 0.000859504455717, -0.000859504455717, 1
6.763, 0.026500312, 0.001959892, 6.7, 0.000859504455717, -0.000859504455717, 1
6.764, 0.026503852, 0.001960143, 6.7, 0.000859504455717, -0.000859504455717, 1
6.765, 0.026511872, 0.001960413, 6.7, 0.000859504455717, -0.000859504455717, 1
6.766, 0.026515572, 0.001960673, 6.7, 0.000859504455717, -0.000859504455717, 1
6.767, 0.026519042, 0.001960943, 6.7, 0.000859504455717, -0.000859504455717, 1
6.768, 0.026522632, 0.001961193, 6.7, 0.000859504455717, -0.000859504455717, 1
6.769, 0.026526182, 0.001961453, 6.7, 0.000859504455717, -0.000859504455717, 1
6.77, 0.026529772, 0.001961713, 6.7, 0.000859504455717, -0.000859504455717, 1
6.771, 0.026533292, 0.001961972, 6.7, 0.000859504455717, -0.000859504455717, 1
6.772, 0.026536862, 0.001962232, 6.7, 0.000859504455717, -0.000859504455717, 1
6.773, 0.026540392, 0.001962503, 6.7, 0.000859504455717, -0.000859504455717, 1
6.774, 0.026543972, 0.001962776, 6.7, 0.000859504455717, -0.000859504455717, 1
6.775, 0.026547542, 0.001963028, 6.7, 0.000859504455717, -0.000859504455717, 1
6.776, 0.026551112, 0.001963279, 6.7, 0.000859504455717, -0.000859504455717, 1
6.777, 0.026554672, 0.001963519, 6.7, 0.000859504455717, -0.000859504455717, 1
6.778, 0.026558241, 0.00196379, 6.7, 0.000859504455717, -0.000859504455717, 1
6.779, 0.026561801, 0.00196405, 6.7, 0.000859504455717, -0.000859504455717, 1
6.78, 0.026565561, 0.0019643, 6.7, 0.000859504455717, -0.000859504455717, 1
6.781, 0.026569141, 0.001964559, 6.7, 0.000859504455717, -0.000859504455717, 1
6.782, 0.026572781, 0.00196481, 6.7, 0.000859504455717, -0.000859504455717, 1
6.783, 0.026576301, 0.001965069, 6.7, 0.000859504455717, -0.000859504455717, 1
6.784, 0.026579791, 0.001965339, 6.7, 0.000859504455717, -0.000859504455717, 1
6.785, 0.026583261, 0.001965589, 6.7, 0.000859504455717, -0.000859504455717, 1
6.786, 0.026586961, 0.001965839, 6.7, 0.000859504455717, -0.000859504455717, 1
6.787, 0.026590431, 0.001966099, 6.7, 0.000859504455717, -0.000859504455717, 1
6.788, 0.026593961, 0.001966369, 6.7, 0.000859504455717, -0.000859504455717, 1
6.789, 0.026597521, 0.001966629, 6.7, 0.000859504455717, -0.000859504455717, 1
6.79, 0.026601121, 0.001966889, 6.7, 0.000859504455717, -0.000859504455717, 1
6.791, 0.026604731, 0.001967149, 6.7, 0.000859504455717, -0.000859504455717, 1
6.792, 0.026608191, 0.001967409, 6.7, 0.000859504455717, -0.000859504455717, 1
6.793, 0.026611751, 0.001967659, 6.7, 0.000859504455717, -0.000859504455717, 1
6.794, 0.026615301, 0.001967918, 6.7, 0.000859504455717, -0.000859504455717, 1
6.795, 0.026618871, 0.00196818, 6.7, 0.000859504455717, -0.000859504455717, 1
6.796, 0.026622381, 0.001968421, 6.7, 0.000859504455717, -0.000859504455717, 1
6.797, 0.026625991, 0.001968672, 6.7, 0.000859504455717, -0.000859504455717, 1
6.798, 0.026629471, 0.001968922, 6.7, 0.000859504455717, -0.000859504455717, 1
6.799, 0.026633031, 0.001969173, 6.7, 0.000859504455717, -0.000859504455717, 1
6.8, 0.026636661, 0.001969641, 6.8, 0.000773554010145, -0.000773554010145, 1
6.801, 0.026640351, 0.00196991, 6.8, 0.000773554010145, -0.000773554010145, 1
6.802, 0.026643941, 0.001970173, 6.8, 0.000773554010145, -0.000773554010145, 1
6.803, 0.026647551, 0.001970425, 6.8, 0.000773554010145, -0.000773554010145, 1
6.804, 0.02665102, 0.001970675, 6.8, 0.000773554010145, -0.000773554010145, 1
6.805, 0.02665465, 0.001970927, 6.8, 0.000773554010145, -0.000773554010145, 1
6.806, 0.02665811, 0.001971177, 6.8, 0.000773554010145, -0.000773554010145, 1
6.807, 0.02666173, 0.001971437, 6.8, 0.000773554010145, -0.000773554010145, 1
6.808, 0.02666526, 0.001971697, 6.8, 0.000773554010145, -0.000773554010145, 1
6.809, 0.02666875, 0.001971947, 6.8, 0.000773554010145, -0.000773554010145, 1
6.81, 0.02667223, 0.001972197, 6.8, 0.000773554010145, -0.000773554010145, 1
6.811, 0.0266758, 0.001972457, 6.8, 0.000773554010145, -0.000773554010145, 1
6.812, 0.02667938, 0.001972707, 6.8, 0.000773554010145, -0.000773554010145, 1
6.813, 0.02668283, 0.001972967, 6.8, 0.000773554010145, -0.000773554010145, 1
6.814, 0.02668645, 0.001973227, 6.8, 0.000773554010145, -0.000773554010145, 1
6.815, 0.026689919, 0.001973499, 6.8, 0.000773554010145, -0.000773554010145, 1
6.816, 0.026693499, 0.00197377, 6.8, 0.000773554010145, -0.000773554010145, 1
6.817, 0.026700468, 0.001974041, 6.8, 0.000773554010145, -0.000773554010145, 1
6.818, 0.026703967, 0.001974289, 6.8, 0.000773554010145, -0.000773554010145, 1
6.819, 0.026707546, 0.001974549, 6.8, 0.000773554010145, -0.000773554010145, 1
6.82, 0.026711017, 0.001974811, 6.8, 0.000773554010145, -0.000773554010145, 1
6.821, 0.026714627, 0.00197507, 6.8, 0.000773554010145, -0.000773554010145, 1
6.822, 0.026718135, 0.001975328, 6.8, 0.000773554010145, -0.000773554010145, 1
6.823, 0.026721675, 0.0019756, 6.8, 0.000773554010145, -0.000773554010145, 1
6.824, 0.026725155, 0.001975849, 6.8, 0.000773554010145, -0.000773554010145, 1
6.825, 0.026728646, 0.001976099, 6.8, 0.000773554010145, -0.000773554010145, 1
6.826, 0.026732077, 0.001976369, 6.8, 0.000773554010145, -0.000773554010145, 1
6.827, 0.026735717, 0.001976619, 6.8, 0.000773554010145, -0.000773554010145, 1
6.828, 0.026739137, 0.001976879, 6.8, 0.000773554010145, -0.000773554010145, 1
6.829, 0.026742547, 0.001977129, 6.8, 0.000773554010145, -0.000773554010145, 1
6.83, 0.026746087, 0.001977409, 6.8, 0.000773554010145, -0.000773554010145, 1
6.831, 0.026749437, 0.001977659, 6.8, 0.000773554010145, -0.000773554010145, 1
6.832, 0.026752947, 0.001977919, 6.8, 0.000773554010145, -0.000773554010145, 1
6.833, 0.026756357, 0.001978189, 6.8, 0.000773554010145, -0.000773554010145, 1
6.834, 0.026759937, 0.001978459, 6.8, 0.000773554010145, -0.000773554010145, 1
6.835, 0.026763378, 0.00197873, 6.8, 0.000773554010145, -0.000773554010145, 1
6.836, 0.026766938, 0.00197899, 6.8, 0.000773554010145, -0.000773554010145, 1
6.837, 0.026770448, 0.001979242, 6.8, 0.000773554010145, -0.000773554010145, 1
6.838, 0.026773997, 0.001979514, 6.8, 0.000773554010145, -0.000773554010145, 1
6.839, 0.026777418, 0.001979775, 6.8, 0.000773554010145, -0.000773554010145, 1
6.84, 0.026780908, 0.001980034, 6.8, 0.000773554010145, -0.000773554010145, 1
6.841, 0.026784527, 0.001980291, 6.8, 0.000773554010145, -0.000773554010145, 1
6.842, 0.026787967, 0.001980541, 6.8, 0.000773554010145, -0.000773554010145, 1
6.843, 0.026791417, 0.001980802, 6.8, 0.000773554010145, -0.000773554010145, 1
6.844, 0.026794818, 0.001981042, 6.8, 0.000773554010145, -0.000773554010145, 1
6.845, 0.026798427, 0.001981314, 6.8, 0.000773554010145, -0.000773554010145, 1
6.846, 0.026801876, 0.001981564, 6.8, 0.000773554010145, -0.000773554010145, 1
6.847, 0.026805367, 0.001981816, 6.8, 0.000773554010145, -0.000773554010145, 1
6.848, 0.026808907, 0.001982066, 6.8, 0.000773554010145, -0.000773554010145, 1
6.849, 0.026812437, 0.001982326, 6.8, 0.000773554010145, -0.000773554010145, 1
6.85, 0.026815917, 0.001982586, 6.8, 0.000773554010145, -0.000773554010145, 1
6.851, 0.026819427, 0.001982846, 6.8, 0.000773554010145, -0.000773554010145, 1
6.852, 0.026822967, 0.001983106, 6.8, 0.000773554010145, -0.000773554010145, 1
6.853, 0.026826507, 0.001983386, 6.8, 0.000773554010145, -0.000773554010145, 1
6.854, 0.026829977, 0.001983656, 6.8, 0.000773554010145, -0.000773554010145, 1
6.855, 0.026834477, 0.001983976, 6.8, 0.000773554010145, -0.000773554010145, 1
6.856, 0.026839488, 0.001984396, 6.8, 0.000773554010145, -0.000773554010145, 1
6.857, 0.026845268, 0.001984775, 6.8, 0.000773554010145, -0.000773554010145, 1
6.858, 0.026856607, 0.001985344, 6.8, 0.000773554010145, -0.000773554010145, 1
6.859, 0.026864066, 0.001985944, 6.8, 0.000773554010145, -0.000773554010145, 1
6.86, 0.026870346, 0.001986405, 6.8, 0.000773554010145, -0.000773554010145, 1
6.861, 0.026875937, 0.001986865, 6.8, 0.000773554010145, -0.000773554010145, 1
6.862, 0.026880236, 0.001987217, 6.8, 0.000773554010145, -0.000773554010145, 1
6.863, 0.026883956, 0.001987488, 6.8, 0.000773554010145, -0.000773554010145, 1
6.864, 0.026887546, 0.001987748, 6.8, 0.000773554010145, -0.000773554010145, 1
6.865, 0.026891056, 0.001988018, 6.8, 0.000773554010145, -0.000773554010145, 1
6.866, 0.026894646, 0.001988288, 6.8, 0.000773554010145, -0.000773554010145, 1
6.867, 0.026898176, 0.001988548, 6.8, 0.000773554010145, -0.000773554010145, 1
6.868, 0.026901746, 0.001988808, 6.8, 0.000773554010145, -0.000773554010145, 1
6.869, 0.026910796, 0.001989068, 6.8, 0.000773554010145, -0.000773554010145, 1
6.87, 0.026914366, 0.001989316, 6.8, 0.000773554010145, -0.000773554010145, 1
6.871, 0.026918037, 0.001989577, 6.8, 0.000773554010145, -0.000773554010145, 1
6.872, 0.026921577, 0.001989825, 6.8, 0.000773554010145, -0.000773554010145, 1
6.873, 0.026925076, 0.001990073, 6.8, 0.000773554010145, -0.000773554010145, 1
6.874, 0.026928667, 0.001990345, 6.8, 0.000773554010145, -0.000773554010145, 1
6.875, 0.026932237, 0.001990614, 6.8, 0.000773554010145, -0.000773554010145, 1
6.876, 0.026935687, 0.001990872, 6.8, 0.000773554010145, -0.000773554010145, 1
6.877, 0.026939237, 0.001991123, 6.8, 0.000773554010145, -0.000773554010145, 1
6.878, 0.026942677, 0.001991373, 6.8, 0.000773554010145, -0.000773554010145, 1
6.879, 0.026946208, 0.001991632, 6.8, 0.000773554010145, -0.000773554010145, 1
6.88, 0.026949749, 0.001991892, 6.8, 0.000773554010145, -0.000773554010145, 1
6.881, 0.026953549, 0.001992162, 6.8, 0.000773554010145, -0.000773554010145, 1
6.882, 0.0269571, 0.001992431, 6.8, 0.000773554010145, -0.000773554010145, 1
6.883, 0.02696081, 0.00199269, 6.8, 0.000773554010145, -0.000773554010145, 1
6.884, 0.02696437, 0.00199296, 6.8, 0.000773554010145, -0.000773554010145, 1
6.885, 0.02696814, 0.00199322, 6.8, 0.000773554010145, -0.000773554010145, 1
6.886, 0.02697158, 0.00199348, 6.8, 0.000773554010145, -0.000773554010145, 1
6.887, 0.02697516, 0.00199373, 6.8, 0.000773554010145, -0.000773554010145, 1
6.888, 0.0269787, 0.00199399, 6.8, 0.000773554010145, -0.000773554010145, 1
6.889, 0.02698231, 0.00199424, 6.8, 0.000773554010145, -0.000773554010145, 1
6.89, 0.02698584, 0.0019945, 6.8, 0.000773554010145, -0.000773554010145, 1
6.891, 0.026989581, 0.00199476, 6.8, 0.000773554010145, -0.000773554010145, 1
6.892, 0.0269932, 0.00199501, 6.8, 0.000773554010145, -0.000773554010145, 1
6.893, 0.0269968, 0.00199526, 6.8, 0.000773554010145, -0.000773554010145, 1
6.894, 0.02700036, 0.00199551, 6.8, 0.000773554010145, -0.000773554010145, 1
6.895, 0.027003819, 0.00199577, 6.8, 0.000773554010145, -0.000773554010145, 1
6.896, 0.02700741, 0.00199603, 6.8, 0.000773554010145, -0.000773554010145, 1
6.897, 0.027010879, 0.001996289, 6.8, 0.000773554010145, -0.000773554010145, 1
6.898, 0.0270145, 0.001996561, 6.8, 0.000773554010145, -0.000773554010145, 1
6.899, 0.02701801, 0.00199681, 6.8, 0.000773554010145, -0.000773554010145, 1
6.9, 0.027021829, 0.001997271, 6.9, 0.000696198609131, -0.000696198609131, 1
6.901, 0.027025478, 0.001997542, 6.9, 0.000696198609131, -0.000696198609131, 1
6.902, 0.027029138, 0.001997802, 6.9, 0.000696198609131, -0.000696198609131, 1
6.903, 0.027032789, 0.001998061, 6.9, 0.000696198609131, -0.000696198609131, 1
6.904, 0.02703646, 0.001998321, 6.9, 0.000696198609131, -0.000696198609131, 1
6.905, 0.02704013, 0.001998581, 6.9, 0.000696198609131, -0.000696198609131, 1
6.906, 0.02704369, 0.001998841, 6.9, 0.000696198609131, -0.000696198609131, 1
6.907, 0.02704718, 0.001999101, 6.9, 0.000696198609131, -0.000696198609131, 1
6.908, 0.02705072, 0.001999361, 6.9, 0.000696198609131, -0.000696198609131, 1
6.909, 0.02705418, 0.001999631, 6.9, 0.000696198609131, -0.000696198609131, 1
6.91, 0.0270578, 0.001999881, 6.9, 0.000696198609131, -0.000696198609131, 1
6.911, 0.02706138, 0.002000131, 6.9, 0.000696198609131, -0.000696198609131, 1
6.912, 0.02706493, 0.002000403, 6.9, 0.000696198609131, -0.000696198609131, 1
6.913, 0.02706837, 0.002000674, 6.9, 0.000696198609131, -0.000696198609131, 1
6.914, 0.027071921, 0.002000945, 6.9, 0.000696198609131, -0.000696198609131, 1
6.915, 0.027075381, 0.002001202, 6.9, 0.000696198609131, -0.000696198609131, 1
6.916, 0.02707904, 0.002001473, 6.9, 0.000696198609131, -0.000696198609131, 1
6.917, 0.02708256, 0.002001742, 6.9, 0.000696198609131, -0.000696198609131, 1
6.918, 0.027086169, 0.002002, 6.9, 0.000696198609131, -0.000696198609131, 1
6.919, 0.027089919, 0.002002272, 6.9, 0.000696198609131, -0.000696198609131, 1
6.92, 0.027093399, 0.002002531, 6.9, 0.000696198609131, -0.000696198609131, 1
6.921, 0.02709704, 0.00200278, 6.9, 0.000696198609131, -0.000696198609131, 1
6.922, 0.027103609, 0.002003051, 6.9, 0.000696198609131, -0.000696198609131, 1
6.923, 0.027107109, 0.002003313, 6.9, 0.000696198609131, -0.000696198609131, 1
6.924, 0.027110698, 0.002003584, 6.9, 0.000696198609131, -0.000696198609131, 1
6.925, 0.027114118, 0.002003835, 6.9, 0.000696198609131, -0.000696198609131, 1
6.926, 0.027117738, 0.002004095, 6.9, 0.000696198609131, -0.000696198609131, 1
6.927, 0.027121278, 0.002004345, 6.9, 0.000696198609131, -0.000696198609131, 1
6.928, 0.027124948, 0.002004595, 6.9, 0.000696198609131, -0.000696198609131, 1
6.929, 0.027128338, 0.002004865, 6.9, 0.000696198609131, -0.000696198609131, 1
6.93, 0.027132208, 0.002005125, 6.9, 0.000696198609131, -0.000696198609131, 1
6.931, 0.027136008, 0.002005475, 6.9, 0.000696198609131, -0.000696198609131, 1
6.932, 0.027139688, 0.002005815, 6.9, 0.000696198609131, -0.000696198609131, 1
6.933, 0.027143208, 0.002006086, 6.9, 0.000696198609131, -0.000696198609131, 1
6.934, 0.027146989, 0.002006356, 6.9, 0.000696198609131, -0.000696198609131, 1
6.935, 0.027150499, 0.002006625, 6.9, 0.000696198609131, -0.000696198609131, 1
6.936, 0.02715413, 0.002006887, 6.9, 0.000696198609131, -0.000696198609131, 1
6.937, 0.027157669, 0.002007146, 6.9, 0.000696198609131, -0.000696198609131, 1
6.938, 0.027161648, 0.002007505, 6.9, 0.000696198609131, -0.000696198609131, 1
6.939, 0.027165509, 0.002007948, 6.9, 0.000696198609131, -0.000696198609131, 1
6.94, 0.02716916, 0.002008209, 6.9, 0.000696198609131, -0.000696198609131, 1
6.941, 0.027172701, 0.002008458, 6.9, 0.000696198609131, -0.000696198609131, 1
6.942, 0.027176451, 0.002008716, 6.9, 0.000696198609131, -0.000696198609131, 1
6.943, 0.027179952, 0.002008968, 6.9, 0.000696198609131, -0.000696198609131, 1
6.944, 0.027183541, 0.002009217, 6.9, 0.000696198609131, -0.000696198609131, 1
6.945, 0.027187012, 0.002009476, 6.9, 0.000696198609131, -0.000696198609131, 1
6.946, 0.027190622, 0.002009736, 6.9, 0.000696198609131, -0.000696198609131, 1
6.947, 0.027194122, 0.002010006, 6.9, 0.000696198609131, -0.000696198609131, 1
6.948, 0.027197692, 0.002010266, 6.9, 0.000696198609131, -0.000696198609131, 1
6.949, 0.027201242, 0.002010516, 6.9, 0.000696198609131, -0.000696198609131, 1
6.95, 0.027204742, 0.002010776, 6.9, 0.000696198609131, -0.000696198609131, 1
6.951, 0.027208272, 0.002011036, 6.9, 0.000696198609131, -0.000696198609131, 1
6.952, 0.027211712, 0.002011306, 6.9, 0.000696198609131, -0.000696198609131, 1
6.953, 0.027215222, 0.002011566, 6.9, 0.000696198609131, -0.000696198609131, 1
6.954, 0.027218692, 0.002011827, 6.9, 0.000696198609131, -0.000696198609131, 1
6.955, 0.027222193, 0.002012089, 6.9, 0.000696198609131, -0.000696198609131, 1
6.956, 0.027225703, 0.002012349, 6.9, 0.000696198609131, -0.000696198609131, 1
6.957, 0.027229244, 0.002012601, 6.9, 0.000696198609131, -0.000696198609131, 1
6.958, 0.027232754, 0.002012859, 6.9, 0.000696198609131, -0.000696198609131, 1
6.959, 0.027236354, 0.00201311, 6.9, 0.000696198609131, -0.000696198609131, 1
6.96, 0.027239824, 0.002013371, 6.9, 0.000696198609131, -0.000696198609131, 1
6.961, 0.027243525, 0.002013631, 6.9, 0.000696198609131, -0.000696198609131, 1
6.962, 0.027246975, 0.0020139, 6.9, 0.000696198609131, -0.000696198609131, 1
6.963, 0.027250484, 0.002014168, 6.9, 0.000696198609131, -0.000696198609131, 1
6.964, 0.027254084, 0.002014439, 6.9, 0.000696198609131, -0.000696198609131, 1
6.965, 0.027257704, 0.002014701, 6.9, 0.000696198609131, -0.000696198609131, 1
6.966, 0.027261164, 0.002014961, 6.9, 0.000696198609131, -0.000696198609131, 1
6.967, 0.027264754, 0.002015231, 6.9, 0.000696198609131, -0.000696198609131, 1
6.968, 0.027268324, 0.002015481, 6.9, 0.000696198609131, -0.000696198609131, 1
6.969, 0.027271744, 0.002015741, 6.9, 0.000696198609131, -0.000696198609131, 1
6.97, 0.027275284, 0.002016001, 6.9, 0.000696198609131, -0.000696198609131, 1
6.971, 0.027278764, 0.002016271, 6.9, 0.000696198609131, -0.000696198609131, 1
6.972, 0.027282394, 0.002016541, 6.9, 0.000696198609131, -0.000696198609131, 1
6.973, 0.027285824, 0.002016791, 6.9, 0.000696198609131, -0.000696198609131, 1
6.974, 0.027291784, 0.002017041, 6.9, 0.000696198609131, -0.000696198609131, 1
6.975, 0.027295474, 0.002017289, 6.9, 0.000696198609131, -0.000696198609131, 1
6.976, 0.027298974, 0.002017551, 6.9, 0.000696198609131, -0.000696198609131, 1
6.977, 0.027302484, 0.002017802, 6.9, 0.000696198609131, -0.000696198609131, 1
6.978, 0.027305983, 0.002018053, 6.9, 0.000696198609131, -0.000696198609131, 1
6.979, 0.027309494, 0.002018314, 6.9, 0.000696198609131, -0.000696198609131, 1
6.98, 0.027313003, 0.002018564, 6.9, 0.000696198609131, -0.000696198609131, 1
6.981, 0.027316544, 0.002018824, 6.9, 0.000696198609131, -0.000696198609131, 1
6.982, 0.027320093, 0.002019093, 6.9, 0.000696198609131, -0.000696198609131, 1
6.983, 0.027323543, 0.002019333, 6.9, 0.000696198609131, -0.000696198609131, 1
6.984, 0.027327124, 0.002019594, 6.9, 0.000696198609131, -0.000696198609131, 1
6.985, 0.027330713, 0.002019844, 6.9, 0.000696198609131, -0.000696198609131, 1
6.986, 0.027334242, 0.002020104, 6.9, 0.000696198609131, -0.000696198609131, 1
6.987, 0.027337663, 0.002020364, 6.9, 0.000696198609131, -0.000696198609131, 1
6.988, 0.027341283, 0.002020613, 6.9, 0.000696198609131, -0.000696198609131, 1
6.989, 0.027344793, 0.002020883, 6.9, 0.000696198609131, -0.000696198609131, 1
6.99, 0.027348413, 0.002021143, 6.9, 0.000696198609131, -0.000696198609131, 1
6.991, 0.027351963, 0.002021413, 6.9, 0.000696198609131, -0.000696198609131, 1
6.992, 0.027355623, 0.002021683, 6.9, 0.000696198609131, -0.000696198609131, 1
6.993, 0.027359063, 0.002021933, 6.9, 0.000696198609131, -0.000696198609131, 1
6.994, 0.027362633, 0.002022193, 6.9, 0.000696198609131, -0.000696198609131, 1
6.995, 0.027366173, 0.002022453, 6.9, 0.000696198609131, -0.000696198609131, 1
6.996, 0.027369883, 0.002022714, 6.9, 0.000696198609131, -0.000696198609131, 1
6.997, 0.027373363, 0.002022965, 6.9, 0.000696198609131, -0.000696198609131, 1
6.998, 0.027377063, 0.002023212, 6.9, 0.000696198609131, -0.000696198609131, 1
6.999, 0.027380543, 0.002023482, 6.9, 0.000696198609131, -0.000696198609131, 1
7, 0.027384263, 0.002023894, 7, 0.000626578748218, -0.000626578748218, 1
7.001, 0.027387873, 0.002024153, 7, 0.000626578748218, -0.000626578748218, 1
7.002, 0.027391403, 0.002024411, 7, 0.000626578748218, -0.000626578748218, 1
7.003, 0.027394942, 0.002024662, 7, 0.000626578748218, -0.000626578748218, 1
7.004, 0.027398502, 0.002024912, 7, 0.000626578748218, -0.000626578748218, 1
7.005, 0.027402063, 0.002025163, 7, 0.000626578748218, -0.000626578748218, 1
7.006, 0.027405613, 0.002025414, 7, 0.000626578748218, -0.000626578748218, 1
7.007, 0.027409233, 0.002025664, 7, 0.000626578748218, -0.000626578748218, 1
7.008, 0.027412852, 0.002025923, 7, 0.000626578748218, -0.000626578748218, 1
7.009, 0.027416423, 0.002026183, 7, 0.000626578748218, -0.000626578748218, 1
7.01, 0.027419883, 0.002026453, 7, 0.000626578748218, -0.000626578748218, 1
7.011, 0.027423373, 0.002026713, 7, 0.000626578748218, -0.000626578748218, 1
7.012, 0.027426903, 0.002026973, 7, 0.000626578748218, -0.000626578748218, 1
7.013, 0.027430413, 0.002027233, 7, 0.000626578748218, -0.000626578748218, 1
7.014, 0.027433853, 0.002027493, 7, 0.000626578748218, -0.000626578748218, 1
7.015, 0.027437413, 0.002027753, 7, 0.000626578748218, -0.000626578748218, 1
7.016, 0.027440862, 0.002028023, 7, 0.000626578748218, -0.000626578748218, 1
7.017, 0.027444432, 0.002028274, 7, 0.000626578748218, -0.000626578748218, 1
7.018, 0.027447912, 0.002028526, 7, 0.000626578748218, -0.000626578748218, 1
7.019, 0.027451493, 0.002028786, 7, 0.000626578748218, -0.000626578748218, 1
7.02, 0.027454923, 0.002029053, 7, 0.000626578748218, -0.000626578748218, 1
7.021, 0.027458373, 0.002029313, 7, 0.000626578748218, -0.000626578748218, 1
7.022, 0.027461934, 0.002029594, 7, 0.000626578748218, -0.000626578748218, 1
7.023, 0.027465544, 0.002029863, 7, 0.000626578748218, -0.000626578748218, 1
7.024, 0.027469123, 0.002030131, 7, 0.000626578748218, -0.000626578748218, 1
7.025, 0.027472753, 0.002030403, 7, 0.000626578748218, -0.000626578748218, 1
7.026, 0.027478673, 0.002030642, 7, 0.000626578748218, -0.000626578748218, 1
7.027, 0.027482344, 0.0020309, 7, 0.000626578748218, -0.000626578748218, 1
7.028, 0.027485803, 0.002031158, 7, 0.000626578748218, -0.000626578748218, 1
7.029, 0.027489393, 0.002031409, 7, 0.000626578748218, -0.000626578748218, 1
7.03, 0.027492843, 0.002031658, 7, 0.000626578748218, -0.000626578748218, 1
7.031, 0.027496393, 0.002031908, 7, 0.000626578748218, -0.000626578748218, 1
7.032, 0.027499983, 0.002032158, 7, 0.000626578748218, -0.000626578748218, 1
7.033, 0.027503583, 0.002032408, 7, 0.000626578748218, -0.000626578748218, 1
7.034, 0.027507113, 0.002032668, 7, 0.000626578748218, -0.000626578748218, 1
7.035, 0.027510683, 0.002032928, 7, 0.000626578748218, -0.000626578748218, 1
7.036, 0.027514163, 0.002033178, 7, 0.000626578748218, -0.000626578748218, 1
7.037, 0.027517613, 0.002033438, 7, 0.000626578748218, -0.000626578748218, 1
7.038, 0.027521083, 0.00203371, 7, 0.000626578748218, -0.000626578748218, 1
7.039, 0.027524664, 0.00203399, 7, 0.000626578748218, -0.000626578748218, 1
7.04, 0.027528244, 0.002034248, 7, 0.000626578748218, -0.000626578748218, 1
7.041, 0.027531673, 0.002034489, 7, 0.000626578748218, -0.000626578748218, 1
7.042, 0.027535164, 0.002034749, 7, 0.000626578748218, -0.000626578748218, 1
7.043, 0.027538705, 0.002035018, 7, 0.000626578748218, -0.000626578748218, 1
7.044, 0.027542284, 0.002035276, 7, 0.000626578748218, -0.000626578748218, 1
7.045, 0.027545755, 0.002035526, 7, 0.000626578748218, -0.000626578748218, 1
7.046, 0.027549325, 0.002035774, 7, 0.000626578748218, -0.000626578748218, 1
7.047, 0.027552755, 0.002036026, 7, 0.000626578748218, -0.000626578748218, 1
7.048, 0.027556285, 0.002036275, 7, 0.000626578748218, -0.000626578748218, 1
7.049, 0.027559715, 0.002036534, 7, 0.000626578748218, -0.000626578748218, 1
7.05, 0.027563275, 0.002036783, 7, 0.000626578748218, -0.000626578748218, 1
7.051, 0.027566746, 0.002037043, 7, 0.000626578748218, -0.000626578748218, 1
7.052, 0.027570486, 0.002037303, 7, 0.000626578748218, -0.000626578748218, 1
7.053, 0.027574096, 0.002037573, 7, 0.000626578748218, -0.000626578748218, 1
7.054, 0.027577776, 0.002037833, 7, 0.000626578748218, -0.000626578748218, 1
7.055, 0.027581266, 0.002038093, 7, 0.000626578748218, -0.000626578748218, 1
7.056, 0.027584806, 0.002038363, 7, 0.000626578748218, -0.000626578748218, 1
7.057, 0.027588206, 0.002038633, 7, 0.000626578748218, -0.000626578748218, 1
7.058, 0.027591966, 0.002038893, 7, 0.000626578748218, -0.000626578748218, 1
7.059, 0.027595426, 0.002039153, 7, 0.000626578748218, -0.000626578748218, 1
7.06, 0.027598966, 0.002039403, 7, 0.000626578748218, -0.000626578748218, 1
7.061, 0.027602486, 0.002039663, 7, 0.000626578748218, -0.000626578748218, 1
7.062, 0.027606017, 0.002039922, 7, 0.000626578748218, -0.000626578748218, 1
7.063, 0.027609517, 0.002040181, 7, 0.000626578748218, -0.000626578748218, 1
7.064, 0.027613056, 0.00204045, 7, 0.000626578748218, -0.000626578748218, 1
7.065, 0.027616635, 0.002040712, 7, 0.000626578748218, -0.000626578748218, 1
7.066, 0.027620065, 0.002040971, 7, 0.000626578748218, -0.000626578748218, 1
7.067, 0.027623665, 0.002041221, 7, 0.000626578748218, -0.000626578748218, 1
7.068, 0.027627124, 0.00204147, 7, 0.000626578748218, -0.000626578748218, 1
7.069, 0.027630715, 0.00204173, 7, 0.000626578748218, -0.000626578748218, 1
7.07, 0.027634294, 0.002042, 7, 0.000626578748218, -0.000626578748218, 1
7.071, 0.027637884, 0.002042271, 7, 0.000626578748218, -0.000626578748218, 1
7.072, 0.027641473, 0.002042539, 7, 0.000626578748218, -0.000626578748218, 1
7.073, 0.027645023, 0.00204281, 7, 0.000626578748218, -0.000626578748218, 1
7.074, 0.027648603, 0.00204307, 7, 0.000626578748218, -0.000626578748218, 1
7.075, 0.027652263, 0.00204334, 7, 0.000626578748218, -0.000626578748218, 1
7.076, 0.027655723, 0.0020436, 7, 0.000626578748218, -0.000626578748218, 1
7.077, 0.027659333, 0.00204386, 7, 0.000626578748218, -0.000626578748218, 1
7.078, 0.027662823, 0.00204412, 7, 0.000626578748218, -0.000626578748218, 1
7.079, 0.027666553, 0.00204438, 7, 0.000626578748218, -0.000626578748218, 1
7.08, 0.027672373, 0.002044641, 7, 0.000626578748218, -0.000626578748218, 1
7.081, 0.027675994, 0.002044893, 7, 0.000626578748218, -0.000626578748218, 1
7.082, 0.027679443, 0.002045144, 7, 0.000626578748218, -0.000626578748218, 1
7.083, 0.027683022, 0.002045405, 7, 0.000626578748218, -0.000626578748218, 1
7.084, 0.027686452, 0.002045665, 7, 0.000626578748218, -0.000626578748218, 1
7.085, 0.027690062, 0.002045924, 7, 0.000626578748218, -0.000626578748218, 1
7.086, 0.027693532, 0.002046196, 7, 0.000626578748218, -0.000626578748218, 1
7.087, 0.027697092, 0.002046456, 7, 0.000626578748218, -0.000626578748218, 1
7.088, 0.027700522, 0.002046716, 7, 0.000626578748218, -0.000626578748218, 1
7.089, 0.027704193, 0.002046987, 7, 0.000626578748218, -0.000626578748218, 1
7.09, 0.027707622, 0.002047256, 7, 0.000626578748218, -0.000626578748218, 1
7.091, 0.027711242, 0.002047528, 7, 0.000626578748218, -0.000626578748218, 1
7.092, 0.027714753, 0.002047776, 7, 0.000626578748218, -0.000626578748218, 1
7.093, 0.027718223, 0.002048046, 7, 0.000626578748218, -0.000626578748218, 1
7.094, 0.027721743, 0.002048306, 7, 0.000626578748218, -0.000626578748218, 1
7.095, 0.027725263, 0.002048566, 7, 0.000626578748218, -0.000626578748218, 1
7.096, 0.027728803, 0.002048836, 7, 0.000626578748218, -0.000626578748218, 1
7.097, 0.027732263, 0.002049096, 7, 0.000626578748218, -0.000626578748218, 1
7.098, 0.027735743, 0.002049356, 7, 0.000626578748218, -0.000626578748218, 1
7.099, 0.027739203, 0.002049616, 7, 0.000626578748218, -0.000626578748218, 1
7.1, 0.027742863, 0.002050026, 7.1, 0.000563920873396, -0.000563920873396, 1
7.101, 0.027746373, 0.002050276, 7.1, 0.000563920873396, -0.000563920873396, 1
7.102, 0.027750083, 0.002050525, 7.1, 0.000563920873396, -0.000563920873396, 1
7.103, 0.027753582, 0.002050786, 7.1, 0.000563920873396, -0.000563920873396, 1
7.104, 0.027757182, 0.002051036, 7.1, 0.000563920873396, -0.000563920873396, 1
7.105, 0.027760742, 0.002051308, 7.1, 0.000563920873396, -0.000563920873396, 1
7.106, 0.027764411, 0.002051577, 7.1, 0.000563920873396, -0.000563920873396, 1
7.107, 0.027768051, 0.002051837, 7.1, 0.000563920873396, -0.000563920873396, 1
7.108, 0.027771682, 0.002052087, 7.1, 0.000563920873396, -0.000563920873396, 1
7.109, 0.027775192, 0.002052337, 7.1, 0.000563920873396, -0.000563920873396, 1
7.11, 0.027778903, 0.002052597, 7.1, 0.000563920873396, -0.000563920873396, 1
7.111, 0.027782533, 0.002052868, 7.1, 0.000563920873396, -0.000563920873396, 1
7.112, 0.027786264, 0.00205313, 7.1, 0.000563920873396, -0.000563920873396, 1
7.113, 0.027789724, 0.002053379, 7.1, 0.000563920873396, -0.000563920873396, 1
7.114, 0.027793414, 0.002053628, 7.1, 0.000563920873396, -0.000563920873396, 1
7.115, 0.027796874, 0.002053889, 7.1, 0.000563920873396, -0.000563920873396, 1
7.116, 0.027800504, 0.002054258, 7.1, 0.000563920873396, -0.000563920873396, 1
7.117, 0.027804143, 0.002054628, 7.1, 0.000563920873396, -0.000563920873396, 1
7.118, 0.027807683, 0.002054888, 7.1, 0.000563920873396, -0.000563920873396, 1
7.119, 0.027811173, 0.002055138, 7.1, 0.000563920873396, -0.000563920873396, 1
7.12, 0.027814823, 0.002055398, 7.1, 0.000563920873396, -0.000563920873396, 1
7.121, 0.027818283, 0.002055648, 7.1, 0.000563920873396, -0.000563920873396, 1
7.122, 0.027821803, 0.002055908, 7.1, 0.000563920873396, -0.000563920873396, 1
7.123, 0.027825303, 0.002056158, 7.1, 0.000563920873396, -0.000563920873396, 1
7.124, 0.027828773, 0.002056416, 7.1, 0.000563920873396, -0.000563920873396, 1
7.125, 0.027832393, 0.002056677, 7.1, 0.000563920873396, -0.000563920873396, 1
7.126, 0.027835863, 0.002056927, 7.1, 0.000563920873396, -0.000563920873396, 1
7.127, 0.027839404, 0.002057189, 7.1, 0.000563920873396, -0.000563920873396, 1
7.128, 0.027842823, 0.002057438, 7.1, 0.000563920873396, -0.000563920873396, 1
7.129, 0.027846393, 0.002057688, 7.1, 0.000563920873396, -0.000563920873396, 1
7.13, 0.027849784, 0.002057949, 7.1, 0.000563920873396, -0.000563920873396, 1
7.131, 0.027853363, 0.002058217, 7.1, 0.000563920873396, -0.000563920873396, 1
7.132, 0.027859262, 0.002058479, 7.1, 0.000563920873396, -0.000563920873396, 1
7.133, 0.027862951, 0.002058751, 7.1, 0.000563920873396, -0.000563920873396, 1
7.134, 0.027866501, 0.002059024, 7.1, 0.000563920873396, -0.000563920873396, 1
7.135, 0.027870051, 0.002059283, 7.1, 0.000563920873396, -0.000563920873396, 1
7.136, 0.027873491, 0.002059543, 7.1, 0.000563920873396, -0.000563920873396, 1
7.137, 0.027877111, 0.002059803, 7.1, 0.000563920873396, -0.000563920873396, 1
7.138, 0.027880651, 0.002060073, 7.1, 0.000563920873396, -0.000563920873396, 1
7.139, 0.027884261, 0.002060333, 7.1, 0.000563920873396, -0.000563920873396, 1
7.14, 0.027887801, 0.002060603, 7.1, 0.000563920873396, -0.000563920873396, 1
7.141, 0.027891411, 0.002060853, 7.1, 0.000563920873396, -0.000563920873396, 1
7.142, 0.027894851, 0.002061103, 7.1, 0.000563920873396, -0.000563920873396, 1
7.143, 0.027898411, 0.002061373, 7.1, 0.000563920873396, -0.000563920873396, 1
7.144, 0.027901981, 0.002061631, 7.1, 0.000563920873396, -0.000563920873396, 1
7.145, 0.027905631, 0.002061882, 7.1, 0.000563920873396, -0.000563920873396, 1
7.146, 0.027909061, 0.002062131, 7.1, 0.000563920873396, -0.000563920873396, 1
7.147, 0.02791272, 0.002062399, 7.1, 0.000563920873396, -0.000563920873396, 1
7.148, 0.027916241, 0.002062659, 7.1, 0.000563920873396, -0.000563920873396, 1
7.149, 0.027919761, 0.002062928, 7.1, 0.000563920873396, -0.000563920873396, 1
7.15, 0.02792326, 0.002063186, 7.1, 0.000563920873396, -0.000563920873396, 1
7.151, 0.027926829, 0.002063456, 7.1, 0.000563920873396, -0.000563920873396, 1
7.152, 0.027930309, 0.002063729, 7.1, 0.000563920873396, -0.000563920873396, 1
7.153, 0.027933879, 0.00206399, 7.1, 0.000563920873396, -0.000563920873396, 1
7.154, 0.027937529, 0.002064251, 7.1, 0.000563920873396, -0.000563920873396, 1
7.155, 0.027940998, 0.00206451, 7.1, 0.000563920873396, -0.000563920873396, 1
7.156, 0.027944529, 0.002064769, 7.1, 0.000563920873396, -0.000563920873396, 1
7.157, 0.02794806, 0.002065029, 7.1, 0.000563920873396, -0.000563920873396, 1
7.158, 0.0279516, 0.002065279, 7.1, 0.000563920873396, -0.000563920873396, 1
7.159, 0.02795503, 0.002065549, 7.1, 0.000563920873396, -0.000563920873396, 1
7.16, 0.02795866, 0.002065809, 7.1, 0.000563920873396, -0.000563920873396, 1
7.161, 0.02796224, 0.002066089, 7.1, 0.000563920873396, -0.000563920873396, 1
7.162, 0.0279658, 0.002066349, 7.1, 0.000563920873396, -0.000563920873396, 1
7.163, 0.02796933, 0.002066609, 7.1, 0.000563920873396, -0.000563920873396, 1
7.164, 0.02797299, 0.002066869, 7.1, 0.000563920873396, -0.000563920873396, 1
7.165, 0.027976571, 0.002067138, 7.1, 0.000563920873396, -0.000563920873396, 1
7.166, 0.027980062, 0.002067398, 7.1, 0.000563920873396, -0.000563920873396, 1
7.167, 0.027983582, 0.002067657, 7.1, 0.000563920873396, -0.000563920873396, 1
7.168, 0.027987273, 0.002067915, 7.1, 0.000563920873396, -0.000563920873396, 1
7.169, 0.027990713, 0.002068163, 7.1, 0.000563920873396, -0.000563920873396, 1
7.17, 0.027994344, 0.002068424, 7.1, 0.000563920873396, -0.000563920873396, 1
7.171, 0.027997913, 0.002068703, 7.1, 0.000563920873396, -0.000563920873396, 1
7.172, 0.028001393, 0.002068964, 7.1, 0.000563920873396, -0.000563920873396, 1
7.173, 0.028004852, 0.002069232, 7.1, 0.000563920873396, -0.000563920873396, 1
7.174, 0.028008382, 0.00206948, 7.1, 0.000563920873396, -0.000563920873396, 1
7.175, 0.028011902, 0.002069739, 7.1, 0.000563920873396, -0.000563920873396, 1
7.176, 0.028015432, 0.002069996, 7.1, 0.000563920873396, -0.000563920873396, 1
7.177, 0.028018992, 0.002070266, 7.1, 0.000563920873396, -0.000563920873396, 1
7.178, 0.028022422, 0.002070516, 7.1, 0.000563920873396, -0.000563920873396, 1
7.179, 0.028025962, 0.002070766, 7.1, 0.000563920873396, -0.000563920873396, 1
7.18, 0.028029452, 0.002071016, 7.1, 0.000563920873396, -0.000563920873396, 1
7.181, 0.028033082, 0.002071286, 7.1, 0.000563920873396, -0.000563920873396, 1
7.182, 0.028036562, 0.002071556, 7.1, 0.000563920873396, -0.000563920873396, 1
7.183, 0.028040112, 0.002071826, 7.1, 0.000563920873396, -0.000563920873396, 1
7.184, 0.028045862, 0.002072086, 7.1, 0.000563920873396, -0.000563920873396, 1
7.185, 0.028049382, 0.002072346, 7.1, 0.000563920873396, -0.000563920873396, 1
7.186, 0.028052892, 0.002072605, 7.1, 0.000563920873396, -0.000563920873396, 1
7.187, 0.028056421, 0.002072874, 7.1, 0.000563920873396, -0.000563920873396, 1
7.188, 0.028059892, 0.002073135, 7.1, 0.000563920873396, -0.000563920873396, 1
7.189, 0.028063421, 0.002073383, 7.1, 0.000563920873396, -0.000563920873396, 1
7.19, 0.028066892, 0.002073644, 7.1, 0.000563920873396, -0.000563920873396, 1
7.191, 0.028070492, 0.002073904, 7.1, 0.000563920873396, -0.000563920873396, 1
7.192, 0.028073902, 0.002074165, 7.1, 0.000563920873396, -0.000563920873396, 1
7.193, 0.028077502, 0.002074435, 7.1, 0.000563920873396, -0.000563920873396, 1
7.194, 0.028081031, 0.002074705, 7.1, 0.000563920873396, -0.000563920873396, 1
7.195, 0.02808453, 0.002074966, 7.1, 0.000563920873396, -0.000563920873396, 1
7.196, 0.028087921, 0.002075226, 7.1, 0.000563920873396, -0.000563920873396, 1
7.197, 0.028091621, 0.002075497, 7.1, 0.000563920873396, -0.000563920873396, 1
7.198, 0.028095021, 0.002075747, 7.1, 0.000563920873396, -0.000563920873396, 1
7.199, 0.028098721, 0.002076018, 7.1, 0.000563920873396, -0.000563920873396, 1
7.2, 0.028102301, 0.002076388, 7.2, 0.000507528786056, -0.000507528786056, 1
7.201, 0.028105931, 0.002076648, 7.2, 0.000507528786056, -0.000507528786056, 1
7.202, 0.028109511, 0.002076908, 7.2, 0.000507528786056, -0.000507528786056, 1
7.203, 0.028113031, 0.002077168, 7.2, 0.000507528786056, -0.000507528786056, 1
7.204, 0.028116491, 0.002077428, 7.2, 0.000507528786056, -0.000507528786056, 1
7.205, 0.028120091, 0.002077688, 7.2, 0.000507528786056, -0.000507528786056, 1
7.206, 0.028123551, 0.002077938, 7.2, 0.000507528786056, -0.000507528786056, 1
7.207, 0.028127012, 0.002078189, 7.2, 0.000507528786056, -0.000507528786056, 1
7.208, 0.028130581, 0.002078448, 7.2, 0.000507528786056, -0.000507528786056, 1
7.209, 0.0281342, 0.002078708, 7.2, 0.000507528786056, -0.000507528786056, 1
7.21, 0.028137781, 0.002078977, 7.2, 0.000507528786056, -0.000507528786056, 1
7.211, 0.028141241, 0.002079247, 7.2, 0.000507528786056, -0.000507528786056, 1
7.212, 0.028144851, 0.002079497, 7.2, 0.000507528786056, -0.000507528786056, 1
7.213, 0.028148331, 0.002079758, 7.2, 0.000507528786056, -0.000507528786056, 1
7.214, 0.028151952, 0.002080006, 7.2, 0.000507528786056, -0.000507528786056, 1
7.215, 0.028155342, 0.002080257, 7.2, 0.000507528786056, -0.000507528786056, 1
7.216, 0.028158992, 0.002080507, 7.2, 0.000507528786056, -0.000507528786056, 1
7.217, 0.028162401, 0.002080767, 7.2, 0.000507528786056, -0.000507528786056, 1
7.218, 0.02816599, 0.002081025, 7.2, 0.000507528786056, -0.000507528786056, 1
7.219, 0.02816943, 0.002081276, 7.2, 0.000507528786056, -0.000507528786056, 1
7.22, 0.02817297, 0.002081538, 7.2, 0.000507528786056, -0.000507528786056, 1
7.221, 0.028176541, 0.002081798, 7.2, 0.000507528786056, -0.000507528786056, 1
7.222, 0.028180151, 0.002082058, 7.2, 0.000507528786056, -0.000507528786056, 1
7.223, 0.028183631, 0.002082308, 7.2, 0.000507528786056, -0.000507528786056, 1
7.224, 0.028187321, 0.002082578, 7.2, 0.000507528786056, -0.000507528786056, 1
7.225, 0.028190821, 0.002082848, 7.2, 0.000507528786056, -0.000507528786056, 1
7.226, 0.028194281, 0.002083128, 7.2, 0.000507528786056, -0.000507528786056, 1
7.227, 0.028197781, 0.002083388, 7.2, 0.000507528786056, -0.000507528786056, 1
7.228, 0.028201341, 0.002083658, 7.2, 0.000507528786056, -0.000507528786056, 1
7.229, 0.028204851, 0.002083927, 7.2, 0.000507528786056, -0.000507528786056, 1
7.23, 0.028208291, 0.002084197, 7.2, 0.000507528786056, -0.000507528786056, 1
7.231, 0.028211841, 0.002084465, 7.2, 0.000507528786056, -0.000507528786056, 1
7.232, 0.028215291, 0.002084745, 7.2, 0.000507528786056, -0.000507528786056, 1
7.233, 0.028218752, 0.002085007, 7.2, 0.000507528786056, -0.000507528786056, 1
7.234, 0.028222173, 0.002085256, 7.2, 0.000507528786056, -0.000507528786056, 1
7.235, 0.028225733, 0.002085515, 7.2, 0.000507528786056, -0.000507528786056, 1
7.236, 0.028232834, 0.002085766, 7.2, 0.000507528786056, -0.000507528786056, 1
7.237, 0.028236284, 0.002086025, 7.2, 0.000507528786056, -0.000507528786056, 1
7.238, 0.028239684, 0.002086286, 7.2, 0.000507528786056, -0.000507528786056, 1
7.239, 0.028243233, 0.002086536, 7.2, 0.000507528786056, -0.000507528786056, 1
7.24, 0.028246693, 0.002086789, 7.2, 0.000507528786056, -0.000507528786056, 1
7.241, 0.028250253, 0.002087029, 7.2, 0.000507528786056, -0.000507528786056, 1
7.242, 0.028253663, 0.002087289, 7.2, 0.000507528786056, -0.000507528786056, 1
7.243, 0.028257373, 0.002087569, 7.2, 0.000507528786056, -0.000507528786056, 1
7.244, 0.028260783, 0.002087839, 7.2, 0.000507528786056, -0.000507528786056, 1
7.245, 0.028264403, 0.002088099, 7.2, 0.000507528786056, -0.000507528786056, 1
7.246, 0.028267833, 0.002088369, 7.2, 0.000507528786056, -0.000507528786056, 1
7.247, 0.028271453, 0.002088639, 7.2, 0.000507528786056, -0.000507528786056, 1
7.248, 0.028274883, 0.002088899, 7.2, 0.000507528786056, -0.000507528786056, 1
7.249, 0.028278443, 0.002089149, 7.2, 0.000507528786056, -0.000507528786056, 1
7.25, 0.028281963, 0.002089409, 7.2, 0.000507528786056, -0.000507528786056, 1
7.251, 0.028285603, 0.00208968, 7.2, 0.000507528786056, -0.000507528786056, 1
7.252, 0.028289123, 0.002089941, 7.2, 0.000507528786056, -0.000507528786056, 1
7.253, 0.028292784, 0.002090192, 7.2, 0.000507528786056, -0.000507528786056, 1
7.254, 0.028296195, 0.002090453, 7.2, 0.000507528786056, -0.000507528786056, 1
7.255, 0.028299926, 0.002090714, 7.2, 0.000507528786056, -0.000507528786056, 1
7.256, 0.028303427, 0.002090963, 7.2, 0.000507528786056, -0.000507528786056, 1
7.257, 0.028306926, 0.002091224, 7.2, 0.000507528786056, -0.000507528786056, 1
7.258, 0.028310527, 0.002091495, 7.2, 0.000507528786056, -0.000507528786056, 1
7.259, 0.028313977, 0.002091755, 7.2, 0.000507528786056, -0.000507528786056, 1
7.26, 0.028317417, 0.002092016, 7.2, 0.000507528786056, -0.000507528786056, 1
7.261, 0.028320887, 0.002092276, 7.2, 0.000507528786056, -0.000507528786056, 1
7.262, 0.028324427, 0.002092544, 7.2, 0.000507528786056, -0.000507528786056, 1
7.263, 0.028327957, 0.002092803, 7.2, 0.000507528786056, -0.000507528786056, 1
7.264, 0.028331497, 0.002093063, 7.2, 0.000507528786056, -0.000507528786056, 1
7.265, 0.028334937, 0.002093313, 7.2, 0.000507528786056, -0.000507528786056, 1
7.266, 0.028338557, 0.002093563, 7.2, 0.000507528786056, -0.000507528786056, 1
7.267, 0.028342087, 0.002093833, 7.2, 0.000507528786056, -0.000507528786056, 1
7.268, 0.028345657, 0.002094103, 7.2, 0.000507528786056, -0.000507528786056, 1
7.269, 0.028349067, 0.002094363, 7.2, 0.000507528786056, -0.000507528786056, 1
7.27, 0.028352627, 0.002094633, 7.2, 0.000507528786056, -0.000507528786056, 1
7.271, 0.028356308, 0.002094892, 7.2, 0.000507528786056, -0.000507528786056, 1
7.272, 0.028359848, 0.002095139, 7.2, 0.000507528786056, -0.000507528786056, 1
7.273, 0.028363279, 0.002095398, 7.2, 0.000507528786056, -0.000507528786056, 1
7.274, 0.028366859, 0.002095658, 7.2, 0.000507528786056, -0.000507528786056, 1
7.275, 0.028370408, 0.002095909, 7.2, 0.000507528786056, -0.000507528786056, 1
7.276, 0.028374099, 0.00209616, 7.2, 0.000507528786056, -0.000507528786056, 1
7.277, 0.028378349, 0.002096489, 7.2, 0.000507528786056, -0.000507528786056, 1
7.278, 0.028383728, 0.002096871, 7.2, 0.000507528786056, -0.000507528786056, 1
7.279, 0.028389439, 0.002097291, 7.2, 0.000507528786056, -0.000507528786056, 1
7.28, 0.028399999, 0.002097862, 7.2, 0.000507528786056, -0.000507528786056, 1
7.281, 0.028407239, 0.002098581, 7.2, 0.000507528786056, -0.000507528786056, 1
7.282, 0.028413469, 0.002099061, 7.2, 0.000507528786056, -0.000507528786056, 1
7.283, 0.028419099, 0.002099471, 7.2, 0.000507528786056, -0.000507528786056, 1
7.284, 0.028424989, 0.002099981, 7.2, 0.000507528786056, -0.000507528786056, 1
7.285, 0.028430679, 0.00210036, 7.2, 0.000507528786056, -0.000507528786056, 1
7.286, 0.02843438, 0.00210061, 7.2, 0.000507528786056, -0.000507528786056, 1
7.287, 0.028437889, 0.00210087, 7.2, 0.000507528786056, -0.000507528786056, 1
7.288, 0.02844647, 0.002101143, 7.2, 0.000507528786056, -0.000507528786056, 1
7.289, 0.0284501, 0.002101411, 7.2, 0.000507528786056, -0.000507528786056, 1
7.29, 0.028453679, 0.002101662, 7.2, 0.000507528786056, -0.000507528786056, 1
7.291, 0.028457389, 0.00210193, 7.2, 0.000507528786056, -0.000507528786056, 1
7.292, 0.028460968, 0.002102192, 7.2, 0.000507528786056, -0.000507528786056, 1
7.293, 0.028464529, 0.002102451, 7.2, 0.000507528786056, -0.000507528786056, 1
7.294, 0.028467999, 0.002102701, 7.2, 0.000507528786056, -0.000507528786056, 1
7.295, 0.028471578, 0.00210296, 7.2, 0.000507528786056, -0.000507528786056, 1
7.296, 0.028475058, 0.002103229, 7.2, 0.000507528786056, -0.000507528786056, 1
7.297, 0.028478628, 0.002103499, 7.2, 0.000507528786056, -0.000507528786056, 1
7.298, 0.028482048, 0.002103759, 7.2, 0.000507528786056, -0.000507528786056, 1
7.299, 0.028485568, 0.002104029, 7.2, 0.000507528786056, -0.000507528786056, 1
7.3, 0.028489208, 0.002104509, 7.3, 0.000456775907451, -0.000456775907451, 1
7.301, 0.028492908, 0.002104789, 7.3, 0.000456775907451, -0.000456775907451, 1
7.302, 0.028496428, 0.002105049, 7.3, 0.000456775907451, -0.000456775907451, 1
7.303, 0.028499958, 0.002105319, 7.3, 0.000456775907451, -0.000456775907451, 1
7.304, 0.028503498, 0.002105589, 7.3, 0.000456775907451, -0.000456775907451, 1
7.305, 0.028507028, 0.00210583, 7.3, 0.000456775907451, -0.000456775907451, 1
7.306, 0.028510609, 0.002106091, 7.3, 0.000456775907451, -0.000456775907451, 1
7.307, 0.028514188, 0.002106342, 7.3, 0.000456775907451, -0.000456775907451, 1
7.308, 0.028517838, 0.002106605, 7.3, 0.000456775907451, -0.000456775907451, 1
7.309, 0.028521358, 0.002106865, 7.3, 0.000456775907451, -0.000456775907451, 1
7.31, 0.028524958, 0.002107136, 7.3, 0.000456775907451, -0.000456775907451, 1
7.311, 0.028528598, 0.002107396, 7.3, 0.000456775907451, -0.000456775907451, 1
7.312, 0.028532128, 0.002107654, 7.3, 0.000456775907451, -0.000456775907451, 1
7.313, 0.028535677, 0.002107912, 7.3, 0.000456775907451, -0.000456775907451, 1
7.314, 0.028539207, 0.002108174, 7.3, 0.000456775907451, -0.000456775907451, 1
7.315, 0.028542767, 0.002108433, 7.3, 0.000456775907451, -0.000456775907451, 1
7.316, 0.028546386, 0.002108703, 7.3, 0.000456775907451, -0.000456775907451, 1
7.317, 0.028549846, 0.002108975, 7.3, 0.000456775907451, -0.000456775907451, 1
7.318, 0.028553377, 0.002109245, 7.3, 0.000456775907451, -0.000456775907451, 1
7.319, 0.028556807, 0.002109495, 7.3, 0.000456775907451, -0.000456775907451, 1
7.32, 0.028560517, 0.002109775, 7.3, 0.000456775907451, -0.000456775907451, 1
7.321, 0.028564047, 0.002110045, 7.3, 0.000456775907451, -0.000456775907451, 1
7.322, 0.028567607, 0.002110315, 7.3, 0.000456775907451, -0.000456775907451, 1
7.323, 0.028571077, 0.002110585, 7.3, 0.000456775907451, -0.000456775907451, 1
7.324, 0.028574727, 0.002110855, 7.3, 0.000456775907451, -0.000456775907451, 1
7.325, 0.028578167, 0.002111125, 7.3, 0.000456775907451, -0.000456775907451, 1
7.326, 0.028581647, 0.002111385, 7.3, 0.000456775907451, -0.000456775907451, 1
7.327, 0.028585107, 0.002111623, 7.3, 0.000456775907451, -0.000456775907451, 1
7.328, 0.028588677, 0.002111874, 7.3, 0.000456775907451, -0.000456775907451, 1
7.329, 0.028592167, 0.002112125, 7.3, 0.000456775907451, -0.000456775907451, 1
7.33, 0.028595657, 0.002112385, 7.3, 0.000456775907451, -0.000456775907451, 1
7.331, 0.028599257, 0.002112634, 7.3, 0.000456775907451, -0.000456775907451, 1
7.332, 0.028602718, 0.002112907, 7.3, 0.000456775907451, -0.000456775907451, 1
7.333, 0.028606318, 0.002113176, 7.3, 0.000456775907451, -0.000456775907451, 1
7.334, 0.028609779, 0.002113436, 7.3, 0.000456775907451, -0.000456775907451, 1
7.335, 0.028613259, 0.002113687, 7.3, 0.000456775907451, -0.000456775907451, 1
7.336, 0.028616719, 0.002113956, 7.3, 0.000456775907451, -0.000456775907451, 1
7.337, 0.028620338, 0.002114216, 7.3, 0.000456775907451, -0.000456775907451, 1
7.338, 0.028623787, 0.002114476, 7.3, 0.000456775907451, -0.000456775907451, 1
7.339, 0.028627398, 0.002114728, 7.3, 0.000456775907451, -0.000456775907451, 1
7.34, 0.028633428, 0.002114988, 7.3, 0.000456775907451, -0.000456775907451, 1
7.341, 0.028637188, 0.002115258, 7.3, 0.000456775907451, -0.000456775907451, 1
7.342, 0.028640758, 0.002115518, 7.3, 0.000456775907451, -0.000456775907451, 1
7.343, 0.028644348, 0.002115778, 7.3, 0.000456775907451, -0.000456775907451, 1
7.344, 0.028647838, 0.002116028, 7.3, 0.000456775907451, -0.000456775907451, 1
7.345, 0.028651328, 0.002116278, 7.3, 0.000456775907451, -0.000456775907451, 1
7.346, 0.028654898, 0.002116538, 7.3, 0.000456775907451, -0.000456775907451, 1
7.347, 0.028658479, 0.002116807, 7.3, 0.000456775907451, -0.000456775907451, 1
7.348, 0.028661939, 0.002117065, 7.3, 0.000456775907451, -0.000456775907451, 1
7.349, 0.028665468, 0.002117323, 7.3, 0.000456775907451, -0.000456775907451, 1
7.35, 0.028669048, 0.002117583, 7.3, 0.000456775907451, -0.000456775907451, 1
7.351, 0.028672578, 0.002117834, 7.3, 0.000456775907451, -0.000456775907451, 1
7.352, 0.028676178, 0.002118084, 7.3, 0.000456775907451, -0.000456775907451, 1
7.353, 0.028679719, 0.002118327, 7.3, 0.000456775907451, -0.000456775907451, 1
7.354, 0.028683239, 0.002118587, 7.3, 0.000456775907451, -0.000456775907451, 1
7.355, 0.028686839, 0.002118847, 7.3, 0.000456775907451, -0.000456775907451, 1
7.356, 0.02869026, 0.0021191, 7.3, 0.000456775907451, -0.000456775907451, 1
7.357, 0.028693889, 0.00211936, 7.3, 0.000456775907451, -0.000456775907451, 1
7.358, 0.028697389, 0.002119622, 7.3, 0.000456775907451, -0.000456775907451, 1
7.359, 0.02870097, 0.002119904, 7.3, 0.000456775907451, -0.000456775907451, 1
7.36, 0.02870462, 0.002120173, 7.3, 0.000456775907451, -0.000456775907451, 1
7.361, 0.0287081, 0.002120433, 7.3, 0.000456775907451, -0.000456775907451, 1
7.362, 0.02871169, 0.002120693, 7.3, 0.000456775907451, -0.000456775907451, 1
7.363, 0.02871528, 0.002120953, 7.3, 0.000456775907451, -0.000456775907451, 1
7.364, 0.02871887, 0.002121203, 7.3, 0.000456775907451, -0.000456775907451, 1
7.365, 0.02872233, 0.002121473, 7.3, 0.000456775907451, -0.000456775907451, 1
7.366, 0.02872589, 0.002121733, 7.3, 0.000456775907451, -0.000456775907451, 1
7.367, 0.02872938, 0.002122003, 7.3, 0.000456775907451, -0.000456775907451, 1
7.368, 0.02873292, 0.002122273, 7.3, 0.000456775907451, -0.000456775907451, 1
7.369, 0.028736391, 0.002122533, 7.3, 0.000456775907451, -0.000456775907451, 1
7.37, 0.028740002, 0.002122803, 7.3, 0.000456775907451, -0.000456775907451, 1
7.371, 0.028743653, 0.002123061, 7.3, 0.000456775907451, -0.000456775907451, 1
7.372, 0.028747233, 0.002123308, 7.3, 0.000456775907451, -0.000456775907451, 1
7.373, 0.028750784, 0.002123559, 7.3, 0.000456775907451, -0.000456775907451, 1
7.374, 0.028754394, 0.002123807, 7.3, 0.000456775907451, -0.000456775907451, 1
7.375, 0.028757914, 0.002124067, 7.3, 0.000456775907451, -0.000456775907451, 1
7.376, 0.028761514, 0.002124327, 7.3, 0.000456775907451, -0.000456775907451, 1
7.377, 0.028765044, 0.002124576, 7.3, 0.000456775907451, -0.000456775907451, 1
7.378, 0.028768615, 0.002124835, 7.3, 0.000456775907451, -0.000456775907451, 1
7.379, 0.028772126, 0.002125114, 7.3, 0.000456775907451, -0.000456775907451, 1
7.38, 0.028776105, 0.002125374, 7.3, 0.000456775907451, -0.000456775907451, 1
7.381, 0.028779676, 0.002125626, 7.3, 0.000456775907451, -0.000456775907451, 1
7.382, 0.028783416, 0.002125876, 7.3, 0.000456775907451, -0.000456775907451, 1
7.383, 0.028786906, 0.002126116, 7.3, 0.000456775907451, -0.000456775907451, 1
7.384, 0.028790536, 0.002126366, 7.3, 0.000456775907451, -0.000456775907451, 1
7.385, 0.028794106, 0.002126626, 7.3, 0.000456775907451, -0.000456775907451, 1
7.386, 0.028797666, 0.002126896, 7.3, 0.000456775907451, -0.000456775907451, 1
7.387, 0.028801176, 0.002127156, 7.3, 0.000456775907451, -0.000456775907451, 1
7.388, 0.028804786, 0.002127416, 7.3, 0.000456775907451, -0.000456775907451, 1
7.389, 0.028808336, 0.002127676, 7.3, 0.000456775907451, -0.000456775907451, 1
7.39, 0.028811936, 0.002127925, 7.3, 0.000456775907451, -0.000456775907451, 1
7.391, 0.028815496, 0.002128186, 7.3, 0.000456775907451, -0.000456775907451, 1
7.392, 0.028821515, 0.002128447, 7.3, 0.000456775907451, -0.000456775907451, 1
7.393, 0.028825005, 0.002128708, 7.3, 0.000456775907451, -0.000456775907451, 1
7.394, 0.028828656, 0.00212897, 7.3, 0.000456775907451, -0.000456775907451, 1
7.395, 0.028832146, 0.002129228, 7.3, 0.000456775907451, -0.000456775907451, 1
7.396, 0.028835765, 0.002129475, 7.3, 0.000456775907451, -0.000456775907451, 1
7.397, 0.028839365, 0.002129735, 7.3, 0.000456775907451, -0.000456775907451, 1
7.398, 0.028842965, 0.002129995, 7.3, 0.000456775907451, -0.000456775907451, 1
7.399, 0.028846525, 0.002130245, 7.3, 0.000456775907451, -0.000456775907451, 1
7.4, 0.028850394, 0.002130623, 7.4, 0.000411098316706, -0.000411098316706, 1
7.401, 0.028854043, 0.002130903, 7.4, 0.000411098316706, -0.000411098316706, 1
7.402, 0.028857753, 0.002131164, 7.4, 0.000411098316706, -0.000411098316706, 1
7.403, 0.028861303, 0.002131424, 7.4, 0.000411098316706, -0.000411098316706, 1
7.404, 0.028865023, 0.002131684, 7.4, 0.000411098316706, -0.000411098316706, 1
7.405, 0.028868613, 0.002131954, 7.4, 0.000411098316706, -0.000411098316706, 1
7.406, 0.028872133, 0.002132214, 7.4, 0.000411098316706, -0.000411098316706, 1
7.407, 0.028875883, 0.002132484, 7.4, 0.000411098316706, -0.000411098316706, 1
7.408, 0.028879883, 0.002132744, 7.4, 0.000411098316706, -0.000411098316706, 1
7.409, 0.028883543, 0.002132994, 7.4, 0.000411098316706, -0.000411098316706, 1
7.41, 0.028887103, 0.002133264, 7.4, 0.000411098316706, -0.000411098316706, 1
7.411, 0.028890773, 0.002133521, 7.4, 0.000411098316706, -0.000411098316706, 1
7.412, 0.028894583, 0.002133781, 7.4, 0.000411098316706, -0.000411098316706, 1
7.413, 0.028898073, 0.002134043, 7.4, 0.000411098316706, -0.000411098316706, 1
7.414, 0.028901704, 0.002134304, 7.4, 0.000411098316706, -0.000411098316706, 1
7.415, 0.028905344, 0.002134564, 7.4, 0.000411098316706, -0.000411098316706, 1
7.416, 0.028908984, 0.002134823, 7.4, 0.000411098316706, -0.000411098316706, 1
7.417, 0.028912495, 0.002135084, 7.4, 0.000411098316706, -0.000411098316706, 1
7.418, 0.028916105, 0.002135333, 7.4, 0.000411098316706, -0.000411098316706, 1
7.419, 0.028919595, 0.002135592, 7.4, 0.000411098316706, -0.000411098316706, 1
7.42, 0.028923055, 0.002135859, 7.4, 0.000411098316706, -0.000411098316706, 1
7.421, 0.028926665, 0.002136118, 7.4, 0.000411098316706, -0.000411098316706, 1
7.422, 0.028930155, 0.002136386, 7.4, 0.000411098316706, -0.000411098316706, 1
7.423, 0.028933725, 0.002136646, 7.4, 0.000411098316706, -0.000411098316706, 1
7.424, 0.028937335, 0.002136896, 7.4, 0.000411098316706, -0.000411098316706, 1
7.425, 0.028940955, 0.002137156, 7.4, 0.000411098316706, -0.000411098316706, 1
7.426, 0.028944475, 0.002137416, 7.4, 0.000411098316706, -0.000411098316706, 1
7.427, 0.028948045, 0.002137676, 7.4, 0.000411098316706, -0.000411098316706, 1
7.428, 0.028951575, 0.002137936, 7.4, 0.000411098316706, -0.000411098316706, 1
7.429, 0.028955145, 0.002138206, 7.4, 0.000411098316706, -0.000411098316706, 1
7.43, 0.028958755, 0.002138456, 7.4, 0.000411098316706, -0.000411098316706, 1
7.431, 0.028962405, 0.002138716, 7.4, 0.000411098316706, -0.000411098316706, 1
7.432, 0.028965965, 0.002138976, 7.4, 0.000411098316706, -0.000411098316706, 1
7.433, 0.028969515, 0.002139236, 7.4, 0.000411098316706, -0.000411098316706, 1
7.434, 0.028972976, 0.002139496, 7.4, 0.000411098316706, -0.000411098316706, 1
7.435, 0.028976707, 0.002139745, 7.4, 0.000411098316706, -0.000411098316706, 1
7.436, 0.028980168, 0.002139996, 7.4, 0.000411098316706, -0.000411098316706, 1
7.437, 0.028983747, 0.002140254, 7.4, 0.000411098316706, -0.000411098316706, 1
7.438, 0.028987307, 0.002140503, 7.4, 0.000411098316706, -0.000411098316706, 1
7.439, 0.028990886, 0.002140764, 7.4, 0.000411098316706, -0.000411098316706, 1
7.44, 0.028994477, 0.002141035, 7.4, 0.000411098316706, -0.000411098316706, 1
7.441, 0.028997967, 0.002141294, 7.4, 0.000411098316706, -0.000411098316706, 1
7.442, 0.029001547, 0.002141554, 7.4, 0.000411098316706, -0.000411098316706, 1
7.443, 0.029004998, 0.002141825, 7.4, 0.000411098316706, -0.000411098316706, 1
7.444, 0.029012129, 0.002142095, 7.4, 0.000411098316706, -0.000411098316706, 1
7.445, 0.029015749, 0.002142355, 7.4, 0.000411098316706, -0.000411098316706, 1
7.446, 0.029019179, 0.002142615, 7.4, 0.000411098316706, -0.000411098316706, 1
7.447, 0.029022699, 0.002142885, 7.4, 0.000411098316706, -0.000411098316706, 1
7.448, 0.029026239, 0.002143145, 7.4, 0.000411098316706, -0.000411098316706, 1
7.449, 0.029029799, 0.002143405, 7.4, 0.000411098316706, -0.000411098316706, 1
7.45, 0.029033229, 0.002143675, 7.4, 0.000411098316706, -0.000411098316706, 1
7.451, 0.029036829, 0.002143935, 7.4, 0.000411098316706, -0.000411098316706, 1
7.452, 0.02904044, 0.002144195, 7.4, 0.000411098316706, -0.000411098316706, 1
7.453, 0.029043971, 0.002144455, 7.4, 0.000411098316706, -0.000411098316706, 1
7.454, 0.029047291, 0.002144704, 7.4, 0.000411098316706, -0.000411098316706, 1
7.455, 0.029050862, 0.002144962, 7.4, 0.000411098316706, -0.000411098316706, 1
7.456, 0.029054302, 0.002145231, 7.4, 0.000411098316706, -0.000411098316706, 1
7.457, 0.029057723, 0.002145494, 7.4, 0.000411098316706, -0.000411098316706, 1
7.458, 0.029061224, 0.002145752, 7.4, 0.000411098316706, -0.000411098316706, 1
7.459, 0.029064673, 0.002146011, 7.4, 0.000411098316706, -0.000411098316706, 1
7.46, 0.029068212, 0.002146283, 7.4, 0.000411098316706, -0.000411098316706, 1
7.461, 0.029071662, 0.002146543, 7.4, 0.000411098316706, -0.000411098316706, 1
7.462, 0.029075283, 0.002146804, 7.4, 0.000411098316706, -0.000411098316706, 1
7.463, 0.029078703, 0.002147062, 7.4, 0.000411098316706, -0.000411098316706, 1
7.464, 0.029082242, 0.002147333, 7.4, 0.000411098316706, -0.000411098316706, 1
7.465, 0.029085652, 0.002147594, 7.4, 0.000411098316706, -0.000411098316706, 1
7.466, 0.029089252, 0.002147854, 7.4, 0.000411098316706, -0.000411098316706, 1
7.467, 0.029092792, 0.002148114, 7.4, 0.000411098316706, -0.000411098316706, 1
7.468, 0.029096402, 0.002148364, 7.4, 0.000411098316706, -0.000411098316706, 1
7.469, 0.029099822, 0.002148624, 7.4, 0.000411098316706, -0.000411098316706, 1
7.47, 0.029103262, 0.002148884, 7.4, 0.000411098316706, -0.000411098316706, 1
7.471, 0.029106882, 0.002149144, 7.4, 0.000411098316706, -0.000411098316706, 1
7.472, 0.029110342, 0.002149404, 7.4, 0.000411098316706, -0.000411098316706, 1
7.473, 0.029113883, 0.002149684, 7.4, 0.000411098316706, -0.000411098316706, 1
7.474, 0.029117454, 0.002149942, 7.4, 0.000411098316706, -0.000411098316706, 1
7.475, 0.029121145, 0.002150202, 7.4, 0.000411098316706, -0.000411098316706, 1
7.476, 0.029124685, 0.002150459, 7.4, 0.000411098316706, -0.000411098316706, 1
7.477, 0.029128205, 0.002150707, 7.4, 0.000411098316706, -0.000411098316706, 1
7.478, 0.029131615, 0.002150966, 7.4, 0.000411098316706, -0.000411098316706, 1
7.479, 0.029135234, 0.002151237, 7.4, 0.000411098316706, -0.000411098316706, 1
7.48, 0.029138674, 0.002151497, 7.4, 0.000411098316706, -0.000411098316706, 1
7.481, 0.029142203, 0.002151766, 7.4, 0.000411098316706, -0.000411098316706, 1
7.482, 0.029145582, 0.002152047, 7.4, 0.000411098316706, -0.000411098316706, 1
7.483, 0.029149142, 0.002152308, 7.4, 0.000411098316706, -0.000411098316706, 1
7.484, 0.029152682, 0.00215257, 7.4, 0.000411098316706, -0.000411098316706, 1
7.485, 0.029156233, 0.00215284, 7.4, 0.000411098316706, -0.000411098316706, 1
7.486, 0.029159783, 0.002153099, 7.4, 0.000411098316706, -0.000411098316706, 1
7.487, 0.029163313, 0.002153359, 7.4, 0.000411098316706, -0.000411098316706, 1
7.488, 0.029166713, 0.002153619, 7.4, 0.000411098316706, -0.000411098316706, 1
7.489, 0.029170403, 0.002153889, 7.4, 0.000411098316706, -0.000411098316706, 1
7.49, 0.029173913, 0.002154139, 7.4, 0.000411098316706, -0.000411098316706, 1
7.491, 0.029177413, 0.002154399, 7.4, 0.000411098316706, -0.000411098316706, 1
7.492, 0.029181043, 0.002154669, 7.4, 0.000411098316706, -0.000411098316706, 1
7.493, 0.029184493, 0.002154919, 7.4, 0.000411098316706, -0.000411098316706, 1
7.494, 0.029187993, 0.002155199, 7.4, 0.000411098316706, -0.000411098316706, 1
7.495, 0.029191403, 0.002155447, 7.4, 0.000411098316706, -0.000411098316706, 1
7.496, 0.029197283, 0.002155695, 7.4, 0.000411098316706, -0.000411098316706, 1
7.497, 0.029200914, 0.002155956, 7.4, 0.000411098316706, -0.000411098316706, 1
7.498, 0.029204504, 0.002156213, 7.4, 0.000411098316706, -0.000411098316706, 1
7.499, 0.029208025, 0.002156484, 7.4, 0.000411098316706, -0.000411098316706, 1
7.5, 0.029211615, 0.002156846, 7.5, 0.000369988485035, -0.000369988485035, 1
7.501, 0.029215215, 0.002157106, 7.5, 0.000369988485035, -0.000369988485035, 1
7.502, 0.029218636, 0.002157366, 7.5, 0.000369988485035, -0.000369988485035, 1
7.503, 0.029222316, 0.002157617, 7.5, 0.000369988485035, -0.000369988485035, 1
7.504, 0.029225785, 0.002157866, 7.5, 0.000369988485035, -0.000369988485035, 1
7.505, 0.029229295, 0.002158137, 7.5, 0.000369988485035, -0.000369988485035, 1
7.506, 0.029232865, 0.002158397, 7.5, 0.000369988485035, -0.000369988485035, 1
7.507, 0.029236425, 0.002158646, 7.5, 0.000369988485035, -0.000369988485035, 1
7.508, 0.029240035, 0.002158906, 7.5, 0.000369988485035, -0.000369988485035, 1
7.509, 0.029243485, 0.002159166, 7.5, 0.000369988485035, -0.000369988485035, 1
7.51, 0.029247094, 0.002159436, 7.5, 0.000369988485035, -0.000369988485035, 1
7.511, 0.029250554, 0.002159706, 7.5, 0.000369988485035, -0.000369988485035, 1
7.512, 0.029254214, 0.002159976, 7.5, 0.000369988485035, -0.000369988485035, 1
7.513, 0.029257684, 0.002160246, 7.5, 0.000369988485035, -0.000369988485035, 1
7.514, 0.029261164, 0.002160496, 7.5, 0.000369988485035, -0.000369988485035, 1
7.515, 0.029264584, 0.002160756, 7.5, 0.000369988485035, -0.000369988485035, 1
7.516, 0.029268104, 0.002161007, 7.5, 0.000369988485035, -0.000369988485035, 1
7.517, 0.029271624, 0.002161258, 7.5, 0.000369988485035, -0.000369988485035, 1
7.518, 0.029275184, 0.002161519, 7.5, 0.000369988485035, -0.000369988485035, 1
7.519, 0.029278644, 0.002161782, 7.5, 0.000369988485035, -0.000369988485035, 1
7.52, 0.029282164, 0.002162032, 7.5, 0.000369988485035, -0.000369988485035, 1
7.521, 0.029285625, 0.002162301, 7.5, 0.000369988485035, -0.000369988485035, 1
7.522, 0.029289094, 0.002162551, 7.5, 0.000369988485035, -0.000369988485035, 1
7.523, 0.029292564, 0.002162809, 7.5, 0.000369988485035, -0.000369988485035, 1
7.524, 0.029296114, 0.002163079, 7.5, 0.000369988485035, -0.000369988485035, 1
7.525, 0.029299705, 0.002163339, 7.5, 0.000369988485035, -0.000369988485035, 1
7.526, 0.029303125, 0.002163592, 7.5, 0.000369988485035, -0.000369988485035, 1
7.527, 0.029306735, 0.002163861, 7.5, 0.000369988485035, -0.000369988485035, 1
7.528, 0.029310265, 0.002164112, 7.5, 0.000369988485035, -0.000369988485035, 1
7.529, 0.029313885, 0.002164371, 7.5, 0.000369988485035, -0.000369988485035, 1
7.53, 0.029317455, 0.002164641, 7.5, 0.000369988485035, -0.000369988485035, 1
7.531, 0.029321035, 0.002164911, 7.5, 0.000369988485035, -0.000369988485035, 1
7.532, 0.029324505, 0.002165171, 7.5, 0.000369988485035, -0.000369988485035, 1
7.533, 0.029328065, 0.002165431, 7.5, 0.000369988485035, -0.000369988485035, 1
7.534, 0.029331585, 0.002165681, 7.5, 0.000369988485035, -0.000369988485035, 1
7.535, 0.029335175, 0.002165931, 7.5, 0.000369988485035, -0.000369988485035, 1
7.536, 0.029338625, 0.002166191, 7.5, 0.000369988485035, -0.000369988485035, 1
7.537, 0.029342285, 0.002166439, 7.5, 0.000369988485035, -0.000369988485035, 1
7.538, 0.029345775, 0.002166701, 7.5, 0.000369988485035, -0.000369988485035, 1
7.539, 0.029349455, 0.002166953, 7.5, 0.000369988485035, -0.000369988485035, 1
7.54, 0.029352895, 0.002167214, 7.5, 0.000369988485035, -0.000369988485035, 1
7.541, 0.029356646, 0.002167486, 7.5, 0.000369988485035, -0.000369988485035, 1
7.542, 0.029360187, 0.002167745, 7.5, 0.000369988485035, -0.000369988485035, 1
7.543, 0.029363707, 0.002168014, 7.5, 0.000369988485035, -0.000369988485035, 1
7.544, 0.029367168, 0.002168274, 7.5, 0.000369988485035, -0.000369988485035, 1
7.545, 0.029370757, 0.002168533, 7.5, 0.000369988485035, -0.000369988485035, 1
7.546, 0.029374238, 0.002168794, 7.5, 0.000369988485035, -0.000369988485035, 1
7.547, 0.029377708, 0.002169065, 7.5, 0.000369988485035, -0.000369988485035, 1
7.548, 0.029383799, 0.002169326, 7.5, 0.000369988485035, -0.000369988485035, 1
7.549, 0.02938738, 0.002169585, 7.5, 0.000369988485035, -0.000369988485035, 1
7.55, 0.02939082, 0.002169845, 7.5, 0.000369988485035, -0.000369988485035, 1
7.551, 0.0293944, 0.002170095, 7.5, 0.000369988485035, -0.000369988485035, 1
7.552, 0.02939786, 0.002170345, 7.5, 0.000369988485035, -0.000369988485035, 1
7.553, 0.02940157, 0.002170615, 7.5, 0.000369988485035, -0.000369988485035, 1
7.554, 0.02940513, 0.002170875, 7.5, 0.000369988485035, -0.000369988485035, 1
7.555, 0.02940872, 0.002171135, 7.5, 0.000369988485035, -0.000369988485035, 1
7.556, 0.02941231, 0.002171395, 7.5, 0.000369988485035, -0.000369988485035, 1
7.557, 0.02941588, 0.002171655, 7.5, 0.000369988485035, -0.000369988485035, 1
7.558, 0.02941943, 0.002171903, 7.5, 0.000369988485035, -0.000369988485035, 1
7.559, 0.02942292, 0.002172163, 7.5, 0.000369988485035, -0.000369988485035, 1
7.56, 0.0294264, 0.002172422, 7.5, 0.000369988485035, -0.000369988485035, 1
7.561, 0.029429859, 0.002172683, 7.5, 0.000369988485035, -0.000369988485035, 1
7.562, 0.02943352, 0.002172954, 7.5, 0.000369988485035, -0.000369988485035, 1
7.563, 0.029437051, 0.002173206, 7.5, 0.000369988485035, -0.000369988485035, 1
7.564, 0.029440571, 0.002173456, 7.5, 0.000369988485035, -0.000369988485035, 1
7.565, 0.029444011, 0.002173725, 7.5, 0.000369988485035, -0.000369988485035, 1
7.566, 0.029447571, 0.002173986, 7.5, 0.000369988485035, -0.000369988485035, 1
7.567, 0.029451131, 0.002174245, 7.5, 0.000369988485035, -0.000369988485035, 1
7.568, 0.029454661, 0.002174505, 7.5, 0.000369988485035, -0.000369988485035, 1
7.569, 0.029458191, 0.002174763, 7.5, 0.000369988485035, -0.000369988485035, 1
7.57, 0.029461801, 0.002175022, 7.5, 0.000369988485035, -0.000369988485035, 1
7.571, 0.029465261, 0.002175292, 7.5, 0.000369988485035, -0.000369988485035, 1
7.572, 0.029468901, 0.002175542, 7.5, 0.000369988485035, -0.000369988485035, 1
7.573, 0.029472331, 0.002175792, 7.5, 0.000369988485035, -0.000369988485035, 1
7.574, 0.029475991, 0.002176042, 7.5, 0.000369988485035, -0.000369988485035, 1
7.575, 0.029479551, 0.002176282, 7.5, 0.000369988485035, -0.000369988485035, 1
7.576, 0.029483121, 0.002176532, 7.5, 0.000369988485035, -0.000369988485035, 1
7.577, 0.029486651, 0.002176782, 7.5, 0.000369988485035, -0.000369988485035, 1
7.578, 0.029490221, 0.002177032, 7.5, 0.000369988485035, -0.000369988485035, 1
7.579, 0.029493691, 0.002177294, 7.5, 0.000369988485035, -0.000369988485035, 1
7.58, 0.029497141, 0.002177564, 7.5, 0.000369988485035, -0.000369988485035, 1
7.581, 0.029500671, 0.002177834, 7.5, 0.000369988485035, -0.000369988485035, 1
7.582, 0.029504132, 0.002178095, 7.5, 0.000369988485035, -0.000369988485035, 1
7.583, 0.029507751, 0.002178353, 7.5, 0.000369988485035, -0.000369988485035, 1
7.584, 0.029511291, 0.002178604, 7.5, 0.000369988485035, -0.000369988485035, 1
7.585, 0.029514851, 0.002178863, 7.5, 0.000369988485035, -0.000369988485035, 1
7.586, 0.029518312, 0.002179125, 7.5, 0.000369988485035, -0.000369988485035, 1
7.587, 0.029521813, 0.002179395, 7.5, 0.000369988485035, -0.000369988485035, 1
7.588, 0.029525242, 0.002179644, 7.5, 0.000369988485035, -0.000369988485035, 1
7.589, 0.029528802, 0.002179905, 7.5, 0.000369988485035, -0.000369988485035, 1
7.59, 0.029532252, 0.002180165, 7.5, 0.000369988485035, -0.000369988485035, 1
7.591, 0.029535842, 0.002180427, 7.5, 0.000369988485035, -0.000369988485035, 1
7.592, 0.029539272, 0.002180687, 7.5, 0.000369988485035, -0.000369988485035, 1
7.593, 0.029542982, 0.002180967, 7.5, 0.000369988485035, -0.000369988485035, 1
7.594, 0.029546412, 0.002181237, 7.5, 0.000369988485035, -0.000369988485035, 1
7.595, 0.029549962, 0.002181497, 7.5, 0.000369988485035, -0.000369988485035, 1
7.596, 0.029553412, 0.002181757, 7.5, 0.000369988485035, -0.000369988485035, 1
7.597, 0.029557202, 0.002182017, 7.5, 0.000369988485035, -0.000369988485035, 1
7.598, 0.029560652, 0.002182277, 7.5, 0.000369988485035, -0.000369988485035, 1
7.599, 0.029564332, 0.002182527, 7.5, 0.000369988485035, -0.000369988485035, 1
7.6, 0.029570452, 0.002182885, 7.6, 0.000332989636532, -0.000332989636532, 1
7.601, 0.029574152, 0.002183145, 7.6, 0.000332989636532, -0.000332989636532, 1
7.602, 0.029577613, 0.002183406, 7.6, 0.000332989636532, -0.000332989636532, 1
7.603, 0.029581173, 0.002183677, 7.6, 0.000332989636532, -0.000332989636532, 1
7.604, 0.029584733, 0.002183936, 7.6, 0.000332989636532, -0.000332989636532, 1
7.605, 0.029588274, 0.002184198, 7.6, 0.000332989636532, -0.000332989636532, 1
7.606, 0.029591685, 0.002184449, 7.6, 0.000332989636532, -0.000332989636532, 1
7.607, 0.029595274, 0.002184699, 7.6, 0.000332989636532, -0.000332989636532, 1
7.608, 0.029598645, 0.002184951, 7.6, 0.000332989636532, -0.000332989636532, 1
7.609, 0.029602296, 0.002185212, 7.6, 0.000332989636532, -0.000332989636532, 1
7.61, 0.029605797, 0.002185483, 7.6, 0.000332989636532, -0.000332989636532, 1
7.611, 0.029609296, 0.00218575, 7.6, 0.000332989636532, -0.000332989636532, 1
7.612, 0.029612776, 0.002186021, 7.6, 0.000332989636532, -0.000332989636532, 1
7.613, 0.029616226, 0.002186271, 7.6, 0.000332989636532, -0.000332989636532, 1
7.614, 0.029619686, 0.002186541, 7.6, 0.000332989636532, -0.000332989636532, 1
7.615, 0.029623156, 0.002186801, 7.6, 0.000332989636532, -0.000332989636532, 1
7.616, 0.029626756, 0.002187071, 7.6, 0.000332989636532, -0.000332989636532, 1
7.617, 0.029630236, 0.002187321, 7.6, 0.000332989636532, -0.000332989636532, 1
7.618, 0.029633846, 0.002187571, 7.6, 0.000332989636532, -0.000332989636532, 1
7.619, 0.029637286, 0.002187841, 7.6, 0.000332989636532, -0.000332989636532, 1
7.62, 0.029641246, 0.002188101, 7.6, 0.000332989636532, -0.000332989636532, 1
7.621, 0.029644896, 0.002188361, 7.6, 0.000332989636532, -0.000332989636532, 1
7.622, 0.029648397, 0.002188621, 7.6, 0.000332989636532, -0.000332989636532, 1
7.623, 0.029651806, 0.002188869, 7.6, 0.000332989636532, -0.000332989636532, 1
7.624, 0.029655477, 0.002189149, 7.6, 0.000332989636532, -0.000332989636532, 1
7.625, 0.029658997, 0.00218941, 7.6, 0.000332989636532, -0.000332989636532, 1
7.626, 0.029662628, 0.002189661, 7.6, 0.000332989636532, -0.000332989636532, 1
7.627, 0.029666087, 0.002189919, 7.6, 0.000332989636532, -0.000332989636532, 1
7.628, 0.029669626, 0.002190179, 7.6, 0.000332989636532, -0.000332989636532, 1
7.629, 0.029673036, 0.00219044, 7.6, 0.000332989636532, -0.000332989636532, 1
7.63, 0.029676686, 0.00219069, 7.6, 0.000332989636532, -0.000332989636532, 1
7.631, 0.029680157, 0.002190948, 7.6, 0.000332989636532, -0.000332989636532, 1
7.632, 0.029683747, 0.002191208, 7.6, 0.000332989636532, -0.000332989636532, 1
7.633, 0.029687397, 0.00219149, 7.6, 0.000332989636532, -0.000332989636532, 1
7.634, 0.029691277, 0.00219175, 7.6, 0.000332989636532, -0.000332989636532, 1
7.635, 0.029694857, 0.00219201, 7.6, 0.000332989636532, -0.000332989636532, 1
7.636, 0.029698367, 0.00219228, 7.6, 0.000332989636532, -0.000332989636532, 1
7.637, 0.029701897, 0.00219255, 7.6, 0.000332989636532, -0.000332989636532, 1
7.638, 0.029705677, 0.0021928, 7.6, 0.000332989636532, -0.000332989636532, 1
7.639, 0.029709147, 0.00219306, 7.6, 0.000332989636532, -0.000332989636532, 1
7.64, 0.029712577, 0.00219333, 7.6, 0.000332989636532, -0.000332989636532, 1
7.641, 0.029716117, 0.00219358, 7.6, 0.000332989636532, -0.000332989636532, 1
7.642, 0.029719647, 0.00219383, 7.6, 0.000332989636532, -0.000332989636532, 1
7.643, 0.029723588, 0.002194089, 7.6, 0.000332989636532, -0.000332989636532, 1
7.644, 0.029727228, 0.00219435, 7.6, 0.000332989636532, -0.000332989636532, 1
7.645, 0.029730818, 0.002194619, 7.6, 0.000332989636532, -0.000332989636532, 1
7.646, 0.029734287, 0.002194891, 7.6, 0.000332989636532, -0.000332989636532, 1
7.647, 0.029737807, 0.002195152, 7.6, 0.000332989636532, -0.000332989636532, 1
7.648, 0.029741336, 0.002195411, 7.6, 0.000332989636532, -0.000332989636532, 1
7.649, 0.029744936, 0.002195671, 7.6, 0.000332989636532, -0.000332989636532, 1
7.65, 0.029748345, 0.002195929, 7.6, 0.000332989636532, -0.000332989636532, 1
7.651, 0.029752016, 0.002196191, 7.6, 0.000332989636532, -0.000332989636532, 1
7.652, 0.029758546, 0.002196458, 7.6, 0.000332989636532, -0.000332989636532, 1
7.653, 0.029762126, 0.002196726, 7.6, 0.000332989636532, -0.000332989636532, 1
7.654, 0.029765556, 0.002196984, 7.6, 0.000332989636532, -0.000332989636532, 1
7.655, 0.029769057, 0.002197244, 7.6, 0.000332989636532, -0.000332989636532, 1
7.656, 0.029772487, 0.002197514, 7.6, 0.000332989636532, -0.000332989636532, 1
7.657, 0.029776007, 0.002197784, 7.6, 0.000332989636532, -0.000332989636532, 1
7.658, 0.029779417, 0.002198054, 7.6, 0.000332989636532, -0.000332989636532, 1
7.659, 0.029783047, 0.002198314, 7.6, 0.000332989636532, -0.000332989636532, 1
7.66, 0.029786577, 0.002198574, 7.6, 0.000332989636532, -0.000332989636532, 1
7.661, 0.029790167, 0.002198824, 7.6, 0.000332989636532, -0.000332989636532, 1
7.662, 0.029793697, 0.002199084, 7.6, 0.000332989636532, -0.000332989636532, 1
7.663, 0.029839947, 0.002199346, 7.6, 0.000332989636532, -0.000332989636532, 1
7.664, 0.029844757, 0.002199645, 7.6, 0.000332989636532, -0.000332989636532, 1
7.665, 0.029848287, 0.002199915, 7.6, 0.000332989636532, -0.000332989636532, 1
7.666, 0.029851967, 0.002200185, 7.6, 0.000332989636532, -0.000332989636532, 1
7.667, 0.029855597, 0.002200445, 7.6, 0.000332989636532, -0.000332989636532, 1
7.668, 0.029859167, 0.002200695, 7.6, 0.000332989636532, -0.000332989636532, 1
7.669, 0.029862787, 0.002200965, 7.6, 0.000332989636532, -0.000332989636532, 1
7.67, 0.029866257, 0.002201225, 7.6, 0.000332989636532, -0.000332989636532, 1
7.671, 0.029869887, 0.002201485, 7.6, 0.000332989636532, -0.000332989636532, 1
7.672, 0.029873367, 0.002201766, 7.6, 0.000332989636532, -0.000332989636532, 1
7.673, 0.029876936, 0.002202026, 7.6, 0.000332989636532, -0.000332989636532, 1
7.674, 0.029880496, 0.002202277, 7.6, 0.000332989636532, -0.000332989636532, 1
7.675, 0.029884056, 0.002202548, 7.6, 0.000332989636532, -0.000332989636532, 1
7.676, 0.029887506, 0.002202801, 7.6, 0.000332989636532, -0.000332989636532, 1
7.677, 0.029891496, 0.002203038, 7.6, 0.000332989636532, -0.000332989636532, 1
7.678, 0.029895407, 0.002203276, 7.6, 0.000332989636532, -0.000332989636532, 1
7.679, 0.029899037, 0.002203527, 7.6, 0.000332989636532, -0.000332989636532, 1
7.68, 0.029902448, 0.002203786, 7.6, 0.000332989636532, -0.000332989636532, 1
7.681, 0.029906079, 0.002204036, 7.6, 0.000332989636532, -0.000332989636532, 1
7.682, 0.029909509, 0.002204298, 7.6, 0.000332989636532, -0.000332989636532, 1
7.683, 0.029913039, 0.002204568, 7.6, 0.000332989636532, -0.000332989636532, 1
7.684, 0.029916489, 0.00220481, 7.6, 0.000332989636532, -0.000332989636532, 1
7.685, 0.029920079, 0.00220507, 7.6, 0.000332989636532, -0.000332989636532, 1
7.686, 0.029923679, 0.00220534, 7.6, 0.000332989636532, -0.000332989636532, 1
7.687, 0.029927239, 0.0022056, 7.6, 0.000332989636532, -0.000332989636532, 1
7.688, 0.029930769, 0.00220586, 7.6, 0.000332989636532, -0.000332989636532, 1
7.689, 0.029934439, 0.00220612, 7.6, 0.000332989636532, -0.000332989636532, 1
7.69, 0.029938019, 0.00220638, 7.6, 0.000332989636532, -0.000332989636532, 1
7.691, 0.029941639, 0.00220664, 7.6, 0.000332989636532, -0.000332989636532, 1
7.692, 0.029945069, 0.0022069, 7.6, 0.000332989636532, -0.000332989636532, 1
7.693, 0.029948759, 0.002207171, 7.6, 0.000332989636532, -0.000332989636532, 1
7.694, 0.029952239, 0.002207422, 7.6, 0.000332989636532, -0.000332989636532, 1
7.695, 0.029955799, 0.002207671, 7.6, 0.000332989636532, -0.000332989636532, 1
7.696, 0.029959279, 0.002207919, 7.6, 0.000332989636532, -0.000332989636532, 1
7.697, 0.029962998, 0.002208177, 7.6, 0.000332989636532, -0.000332989636532, 1
7.698, 0.029966509, 0.002208438, 7.6, 0.000332989636532, -0.000332989636532, 1
7.699, 0.029970048, 0.002208696, 7.6, 0.000332989636532, -0.000332989636532, 1
7.7, 0.029973789, 0.00220915, 7.7, 0.000299690672878, -0.000299690672878, 1
7.701, 0.02997756, 0.002209411, 7.7, 0.000299690672878, -0.000299690672878, 1
7.702, 0.02998133, 0.002209671, 7.7, 0.000299690672878, -0.000299690672878, 1
7.703, 0.02998482, 0.002209942, 7.7, 0.000299690672878, -0.000299690672878, 1
7.704, 0.02998848, 0.002210211, 7.7, 0.000299690672878, -0.000299690672878, 1
7.705, 0.02999501, 0.002210472, 7.7, 0.000299690672878, -0.000299690672878, 1
7.706, 0.02999862, 0.002210722, 7.7, 0.000299690672878, -0.000299690672878, 1
7.707, 0.03000226, 0.002210982, 7.7, 0.000299690672878, -0.000299690672878, 1
7.708, 0.03000572, 0.002211232, 7.7, 0.000299690672878, -0.000299690672878, 1
7.709, 0.0300093, 0.002211502, 7.7, 0.000299690672878, -0.000299690672878, 1
7.71, 0.03001276, 0.002211762, 7.7, 0.000299690672878, -0.000299690672878, 1
7.711, 0.03001635, 0.002212012, 7.7, 0.000299690672878, -0.000299690672878, 1
7.712, 0.0300198, 0.002212262, 7.7, 0.000299690672878, -0.000299690672878, 1
7.713, 0.03002339, 0.002212522, 7.7, 0.000299690672878, -0.000299690672878, 1
7.714, 0.03002687, 0.002212782, 7.7, 0.000299690672878, -0.000299690672878, 1
7.715, 0.030030331, 0.002213053, 7.7, 0.000299690672878, -0.000299690672878, 1
7.716, 0.030033811, 0.002213322, 7.7, 0.000299690672878, -0.000299690672878, 1
7.717, 0.030037401, 0.002213584, 7.7, 0.000299690672878, -0.000299690672878, 1
7.718, 0.030040921, 0.002213835, 7.7, 0.000299690672878, -0.000299690672878, 1
7.719, 0.030044342, 0.002214124, 7.7, 0.000299690672878, -0.000299690672878, 1
7.72, 0.030047931, 0.002214394, 7.7, 0.000299690672878, -0.000299690672878, 1
7.721, 0.030051522, 0.002214665, 7.7, 0.000299690672878, -0.000299690672878, 1
7.722, 0.030055082, 0.002214933, 7.7, 0.000299690672878, -0.000299690672878, 1
7.723, 0.030058613, 0.002215194, 7.7, 0.000299690672878, -0.000299690672878, 1
7.724, 0.030062234, 0.002215456, 7.7, 0.000299690672878, -0.000299690672878, 1
7.725, 0.030065743, 0.002215714, 7.7, 0.000299690672878, -0.000299690672878, 1
7.726, 0.030069254, 0.002215963, 7.7, 0.000299690672878, -0.000299690672878, 1
7.727, 0.030072624, 0.002216212, 7.7, 0.000299690672878, -0.000299690672878, 1
7.728, 0.030076234, 0.002216472, 7.7, 0.000299690672878, -0.000299690672878, 1
7.729, 0.030079664, 0.002216732, 7.7, 0.000299690672878, -0.000299690672878, 1
7.73, 0.030083264, 0.002217002, 7.7, 0.000299690672878, -0.000299690672878, 1
7.731, 0.030086744, 0.002217272, 7.7, 0.000299690672878, -0.000299690672878, 1
7.732, 0.030090524, 0.002217532, 7.7, 0.000299690672878, -0.000299690672878, 1
7.733, 0.030093974, 0.002217782, 7.7, 0.000299690672878, -0.000299690672878, 1
7.734, 0.030097564, 0.002218052, 7.7, 0.000299690672878, -0.000299690672878, 1
7.735, 0.030101164, 0.002218324, 7.7, 0.000299690672878, -0.000299690672878, 1
7.736, 0.030104704, 0.002218584, 7.7, 0.000299690672878, -0.000299690672878, 1
7.737, 0.030108193, 0.002218832, 7.7, 0.000299690672878, -0.000299690672878, 1
7.738, 0.030111704, 0.002219091, 7.7, 0.000299690672878, -0.000299690672878, 1
7.739, 0.030115204, 0.002219348, 7.7, 0.000299690672878, -0.000299690672878, 1
7.74, 0.030118664, 0.002219608, 7.7, 0.000299690672878, -0.000299690672878, 1
7.741, 0.030122184, 0.002219877, 7.7, 0.000299690672878, -0.000299690672878, 1
7.742, 0.030125713, 0.002220137, 7.7, 0.000299690672878, -0.000299690672878, 1
7.743, 0.030129264, 0.002220387, 7.7, 0.000299690672878, -0.000299690672878, 1
7.744, 0.030132683, 0.002220637, 7.7, 0.000299690672878, -0.000299690672878, 1
7.745, 0.030136233, 0.00222091, 7.7, 0.000299690672878, -0.000299690672878, 1
7.746, 0.030151713, 0.00222118, 7.7, 0.000299690672878, -0.000299690672878, 1
7.747, 0.030155233, 0.00222142, 7.7, 0.000299690672878, -0.000299690672878, 1
7.748, 0.030158703, 0.00222167, 7.7, 0.000299690672878, -0.000299690672878, 1
7.749, 0.030162183, 0.00222192, 7.7, 0.000299690672878, -0.000299690672878, 1
7.75, 0.030165643, 0.00222218, 7.7, 0.000299690672878, -0.000299690672878, 1
7.751, 0.030169193, 0.00222244, 7.7, 0.000299690672878, -0.000299690672878, 1
7.752, 0.030172623, 0.00222271, 7.7, 0.000299690672878, -0.000299690672878, 1
7.753, 0.030176393, 0.002222982, 7.7, 0.000299690672878, -0.000299690672878, 1
7.754, 0.030179953, 0.002223221, 7.7, 0.000299690672878, -0.000299690672878, 1
7.755, 0.030183433, 0.002223482, 7.7, 0.000299690672878, -0.000299690672878, 1
7.756, 0.030186972, 0.002223752, 7.7, 0.000299690672878, -0.000299690672878, 1
7.757, 0.030192843, 0.002224033, 7.7, 0.000299690672878, -0.000299690672878, 1
7.758, 0.030196333, 0.002224292, 7.7, 0.000299690672878, -0.000299690672878, 1
7.759, 0.030200042, 0.002224551, 7.7, 0.000299690672878, -0.000299690672878, 1
7.76, 0.030203522, 0.002224831, 7.7, 0.000299690672878, -0.000299690672878, 1
7.761, 0.030207082, 0.002225083, 7.7, 0.000299690672878, -0.000299690672878, 1
7.762, 0.030210652, 0.002225345, 7.7, 0.000299690672878, -0.000299690672878, 1
7.763, 0.030214252, 0.002225616, 7.7, 0.000299690672878, -0.000299690672878, 1
7.764, 0.030217822, 0.002225875, 7.7, 0.000299690672878, -0.000299690672878, 1
7.765, 0.030221521, 0.002226123, 7.7, 0.000299690672878, -0.000299690672878, 1
7.766, 0.030225022, 0.002226373, 7.7, 0.000299690672878, -0.000299690672878, 1
7.767, 0.030228782, 0.002226633, 7.7, 0.000299690672878, -0.000299690672878, 1
7.768, 0.030232362, 0.002226893, 7.7, 0.000299690672878, -0.000299690672878, 1
7.769, 0.030235872, 0.002227143, 7.7, 0.000299690672878, -0.000299690672878, 1
7.77, 0.030239382, 0.002227413, 7.7, 0.000299690672878, -0.000299690672878, 1
7.771, 0.030242952, 0.002227663, 7.7, 0.000299690672878, -0.000299690672878, 1
7.772, 0.030246452, 0.002227933, 7.7, 0.000299690672878, -0.000299690672878, 1
7.773, 0.030249962, 0.002228193, 7.7, 0.000299690672878, -0.000299690672878, 1
7.774, 0.030253572, 0.002228452, 7.7, 0.000299690672878, -0.000299690672878, 1
7.775, 0.030257102, 0.002228722, 7.7, 0.000299690672878, -0.000299690672878, 1
7.776, 0.030260672, 0.002228993, 7.7, 0.000299690672878, -0.000299690672878, 1
7.777, 0.030264392, 0.002229262, 7.7, 0.000299690672878, -0.000299690672878, 1
7.778, 0.030268042, 0.002229523, 7.7, 0.000299690672878, -0.000299690672878, 1
7.779, 0.030271492, 0.002229785, 7.7, 0.000299690672878, -0.000299690672878, 1
7.78, 0.030275153, 0.002230045, 7.7, 0.000299690672878, -0.000299690672878, 1
7.781, 0.030278742, 0.002230314, 7.7, 0.000299690672878, -0.000299690672878, 1
7.782, 0.030282293, 0.002230585, 7.7, 0.000299690672878, -0.000299690672878, 1
7.783, 0.030285903, 0.002230833, 7.7, 0.000299690672878, -0.000299690672878, 1
7.784, 0.030289562, 0.002231104, 7.7, 0.000299690672878, -0.000299690672878, 1
7.785, 0.030292992, 0.002231366, 7.7, 0.000299690672878, -0.000299690672878, 1
7.786, 0.030296592, 0.002231624, 7.7, 0.000299690672878, -0.000299690672878, 1
7.787, 0.030300092, 0.002231883, 7.7, 0.000299690672878, -0.000299690672878, 1
7.788, 0.030303652, 0.002232143, 7.7, 0.000299690672878, -0.000299690672878, 1
7.789, 0.030307132, 0.002232413, 7.7, 0.000299690672878, -0.000299690672878, 1
7.79, 0.030310761, 0.002232673, 7.7, 0.000299690672878, -0.000299690672878, 1
7.791, 0.030314331, 0.002232943, 7.7, 0.000299690672878, -0.000299690672878, 1
7.792, 0.030317981, 0.002233203, 7.7, 0.000299690672878, -0.000299690672878, 1
7.793, 0.030321531, 0.002233463, 7.7, 0.000299690672878, -0.000299690672878, 1
7.794, 0.030325021, 0.002233723, 7.7, 0.000299690672878, -0.000299690672878, 1
7.795, 0.030328621, 0.002233992, 7.7, 0.000299690672878, -0.000299690672878, 1
7.796, 0.030332191, 0.002234241, 7.7, 0.000299690672878, -0.000299690672878, 1
7.797, 0.030335771, 0.002234502, 7.7, 0.000299690672878, -0.000299690672878, 1
7.798, 0.030339271, 0.00223476, 7.7, 0.000299690672878, -0.000299690672878, 1
7.799, 0.03034288, 0.002235031, 7.7, 0.000299690672878, -0.000299690672878, 1
7.8, 0.030346509, 0.00223541, 7.8, 0.000269721605591, -0.000269721605591, 1
7.801, 0.030350189, 0.00223566, 7.8, 0.000269721605591, -0.000269721605591, 1
7.802, 0.03035382, 0.002235921, 7.8, 0.000269721605591, -0.000269721605591, 1
7.803, 0.03035742, 0.002236182, 7.8, 0.000269721605591, -0.000269721605591, 1
7.804, 0.030361031, 0.002236433, 7.8, 0.000269721605591, -0.000269721605591, 1
7.805, 0.030364711, 0.002236693, 7.8, 0.000269721605591, -0.000269721605591, 1
7.806, 0.030368341, 0.002236945, 7.8, 0.000269721605591, -0.000269721605591, 1
7.807, 0.030372001, 0.002237212, 7.8, 0.000269721605591, -0.000269721605591, 1
7.808, 0.030375601, 0.002237482, 7.8, 0.000269721605591, -0.000269721605591, 1
7.809, 0.030381671, 0.002237752, 7.8, 0.000269721605591, -0.000269721605591, 1
7.81, 0.030385301, 0.002238012, 7.8, 0.000269721605591, -0.000269721605591, 1
7.811, 0.030388861, 0.002238262, 7.8, 0.000269721605591, -0.000269721605591, 1
7.812, 0.030392451, 0.002238522, 7.8, 0.000269721605591, -0.000269721605591, 1
7.813, 0.030395941, 0.002238782, 7.8, 0.000269721605591, -0.000269721605591, 1
7.814, 0.030399361, 0.002239052, 7.8, 0.000269721605591, -0.000269721605591, 1
7.815, 0.030403001, 0.002239312, 7.8, 0.000269721605591, -0.000269721605591, 1
7.816, 0.030406541, 0.002239571, 7.8, 0.000269721605591, -0.000269721605591, 1
7.817, 0.030410231, 0.002239841, 7.8, 0.000269721605591, -0.000269721605591, 1
7.818, 0.030413841, 0.002240111, 7.8, 0.000269721605591, -0.000269721605591, 1
7.819, 0.030417481, 0.002240371, 7.8, 0.000269721605591, -0.000269721605591, 1
7.82, 0.030420961, 0.002240631, 7.8, 0.000269721605591, -0.000269721605591, 1
7.821, 0.03042453, 0.002240891, 7.8, 0.000269721605591, -0.000269721605591, 1
7.822, 0.03042806, 0.002241161, 7.8, 0.000269721605591, -0.000269721605591, 1
7.823, 0.03043166, 0.002241411, 7.8, 0.000269721605591, -0.000269721605591, 1
7.824, 0.030435131, 0.002241673, 7.8, 0.000269721605591, -0.000269721605591, 1
7.825, 0.030438701, 0.002241935, 7.8, 0.000269721605591, -0.000269721605591, 1
7.826, 0.030442281, 0.002242193, 7.8, 0.000269721605591, -0.000269721605591, 1
7.827, 0.03044586, 0.002242473, 7.8, 0.000269721605591, -0.000269721605591, 1
7.828, 0.030449429, 0.002242733, 7.8, 0.000269721605591, -0.000269721605591, 1
7.829, 0.030453009, 0.002242984, 7.8, 0.000269721605591, -0.000269721605591, 1
7.83, 0.030456509, 0.002243244, 7.8, 0.000269721605591, -0.000269721605591, 1
7.831, 0.030460079, 0.002243514, 7.8, 0.000269721605591, -0.000269721605591, 1
7.832, 0.030463549, 0.002243764, 7.8, 0.000269721605591, -0.000269721605591, 1
7.833, 0.030467279, 0.002244004, 7.8, 0.000269721605591, -0.000269721605591, 1
7.834, 0.030470769, 0.002244244, 7.8, 0.000269721605591, -0.000269721605591, 1
7.835, 0.030474229, 0.002244494, 7.8, 0.000269721605591, -0.000269721605591, 1
7.836, 0.030477849, 0.002244764, 7.8, 0.000269721605591, -0.000269721605591, 1
7.837, 0.03048141, 0.002245033, 7.8, 0.000269721605591, -0.000269721605591, 1
7.838, 0.03048488, 0.002245281, 7.8, 0.000269721605591, -0.000269721605591, 1
7.839, 0.0304884, 0.002245529, 7.8, 0.000269721605591, -0.000269721605591, 1
7.84, 0.030491991, 0.00224578, 7.8, 0.000269721605591, -0.000269721605591, 1
7.841, 0.030495631, 0.00224604, 7.8, 0.000269721605591, -0.000269721605591, 1
7.842, 0.030499242, 0.002246291, 7.8, 0.000269721605591, -0.000269721605591, 1
7.843, 0.030502732, 0.00224655, 7.8, 0.000269721605591, -0.000269721605591, 1
7.844, 0.030506292, 0.002246808, 7.8, 0.000269721605591, -0.000269721605591, 1
7.845, 0.030509762, 0.002247069, 7.8, 0.000269721605591, -0.000269721605591, 1
7.846, 0.030513402, 0.002247318, 7.8, 0.000269721605591, -0.000269721605591, 1
7.847, 0.030517022, 0.002247579, 7.8, 0.000269721605591, -0.000269721605591, 1
7.848, 0.030520643, 0.00224784, 7.8, 0.000269721605591, -0.000269721605591, 1
7.849, 0.030524112, 0.002248099, 7.8, 0.000269721605591, -0.000269721605591, 1
7.85, 0.030527692, 0.00224835, 7.8, 0.000269721605591, -0.000269721605591, 1
7.851, 0.030531152, 0.00224861, 7.8, 0.000269721605591, -0.000269721605591, 1
7.852, 0.030534892, 0.00224887, 7.8, 0.000269721605591, -0.000269721605591, 1
7.853, 0.030538372, 0.00224914, 7.8, 0.000269721605591, -0.000269721605591, 1
7.854, 0.030542082, 0.0022494, 7.8, 0.000269721605591, -0.000269721605591, 1
7.855, 0.030545622, 0.00224966, 7.8, 0.000269721605591, -0.000269721605591, 1
7.856, 0.030549232, 0.00224992, 7.8, 0.000269721605591, -0.000269721605591, 1
7.857, 0.030552772, 0.00225019, 7.8, 0.000269721605591, -0.000269721605591, 1
7.858, 0.030556522, 0.002250441, 7.8, 0.000269721605591, -0.000269721605591, 1
7.859, 0.030560002, 0.002250702, 7.8, 0.000269721605591, -0.000269721605591, 1
7.86, 0.030563632, 0.00225096, 7.8, 0.000269721605591, -0.000269721605591, 1
7.861, 0.030569732, 0.002251233, 7.8, 0.000269721605591, -0.000269721605591, 1
7.862, 0.030573492, 0.002251491, 7.8, 0.000269721605591, -0.000269721605591, 1
7.863, 0.030577003, 0.002251752, 7.8, 0.000269721605591, -0.000269721605591, 1
7.864, 0.030580653, 0.002252012, 7.8, 0.000269721605591, -0.000269721605591, 1
7.865, 0.030584173, 0.002252273, 7.8, 0.000269721605591, -0.000269721605591, 1
7.866, 0.030587744, 0.002252525, 7.8, 0.000269721605591, -0.000269721605591, 1
7.867, 0.030591514, 0.002252854, 7.8, 0.000269721605591, -0.000269721605591, 1
7.868, 0.030595413, 0.002253273, 7.8, 0.000269721605591, -0.000269721605591, 1
7.869, 0.030599173, 0.002253773, 7.8, 0.000269721605591, -0.000269721605591, 1
7.87, 0.030602713, 0.002254044, 7.8, 0.000269721605591, -0.000269721605591, 1
7.871, 0.030606213, 0.002254304, 7.8, 0.000269721605591, -0.000269721605591, 1
7.872, 0.030609783, 0.002254554, 7.8, 0.000269721605591, -0.000269721605591, 1
7.873, 0.030613283, 0.002254814, 7.8, 0.000269721605591, -0.000269721605591, 1
7.874, 0.030616893, 0.002255074, 7.8, 0.000269721605591, -0.000269721605591, 1
7.875, 0.030620383, 0.002255344, 7.8, 0.000269721605591, -0.000269721605591, 1
7.876, 0.030623993, 0.002255604, 7.8, 0.000269721605591, -0.000269721605591, 1
7.877, 0.030627453, 0.002255874, 7.8, 0.000269721605591, -0.000269721605591, 1
7.878, 0.030630923, 0.002256144, 7.8, 0.000269721605591, -0.000269721605591, 1
7.879, 0.030634373, 0.002256392, 7.8, 0.000269721605591, -0.000269721605591, 1
7.88, 0.030637813, 0.00225664, 7.8, 0.000269721605591, -0.000269721605591, 1
7.881, 0.030641373, 0.002256901, 7.8, 0.000269721605591, -0.000269721605591, 1
7.882, 0.030644942, 0.002257172, 7.8, 0.000269721605591, -0.000269721605591, 1
7.883, 0.030648451, 0.002257423, 7.8, 0.000269721605591, -0.000269721605591, 1
7.884, 0.030651912, 0.002257682, 7.8, 0.000269721605591, -0.000269721605591, 1
7.885, 0.030655442, 0.00225793, 7.8, 0.000269721605591, -0.000269721605591, 1
7.886, 0.03065893, 0.002258199, 7.8, 0.000269721605591, -0.000269721605591, 1
7.887, 0.0306626, 0.002258448, 7.8, 0.000269721605591, -0.000269721605591, 1
7.888, 0.030666191, 0.002258698, 7.8, 0.000269721605591, -0.000269721605591, 1
7.889, 0.030669741, 0.002258959, 7.8, 0.000269721605591, -0.000269721605591, 1
7.89, 0.030673191, 0.00225923, 7.8, 0.000269721605591, -0.000269721605591, 1
7.891, 0.030676921, 0.002259488, 7.8, 0.000269721605591, -0.000269721605591, 1
7.892, 0.030680431, 0.002259747, 7.8, 0.000269721605591, -0.000269721605591, 1
7.893, 0.030683991, 0.002259997, 7.8, 0.000269721605591, -0.000269721605591, 1
7.894, 0.030687621, 0.002260257, 7.8, 0.000269721605591, -0.000269721605591, 1
7.895, 0.030691261, 0.002260517, 7.8, 0.000269721605591, -0.000269721605591, 1
7.896, 0.030694771, 0.002260787, 7.8, 0.000269721605591, -0.000269721605591, 1
7.897, 0.030698491, 0.002261047, 7.8, 0.000269721605591, -0.000269721605591, 1
7.898, 0.030702021, 0.002261317, 7.8, 0.000269721605591, -0.000269721605591, 1
7.899, 0.030705581, 0.002261587, 7.8, 0.000269721605591, -0.000269721605591, 1
7.9, 0.030709182, 0.002261978, 7.9, 0.000242749445032, -0.000242749445032, 1
7.901, 0.030712791, 0.002262248, 7.9, 0.000242749445032, -0.000242749445032, 1
7.902, 0.0307165, 0.00226251, 7.9, 0.000242749445032, -0.000242749445032, 1
7.903, 0.03072034, 0.00226276, 7.9, 0.000242749445032, -0.000242749445032, 1
7.904, 0.03072391, 0.00226303, 7.9, 0.000242749445032, -0.000242749445032, 1
7.905, 0.03072754, 0.002263292, 7.9, 0.000242749445032, -0.000242749445032, 1
7.906, 0.03073114, 0.002263542, 7.9, 0.000242749445032, -0.000242749445032, 1
7.907, 0.03073471, 0.002263814, 7.9, 0.000242749445032, -0.000242749445032, 1
7.908, 0.030738301, 0.002264074, 7.9, 0.000242749445032, -0.000242749445032, 1
7.909, 0.03074176, 0.002264322, 7.9, 0.000242749445032, -0.000242749445032, 1
7.91, 0.03074548, 0.002264583, 7.9, 0.000242749445032, -0.000242749445032, 1
7.911, 0.03074899, 0.002264841, 7.9, 0.000242749445032, -0.000242749445032, 1
7.912, 0.030752601, 0.002265103, 7.9, 0.000242749445032, -0.000242749445032, 1
7.913, 0.030758591, 0.002265363, 7.9, 0.000242749445032, -0.000242749445032, 1
7.914, 0.030762271, 0.002265633, 7.9, 0.000242749445032, -0.000242749445032, 1
7.915, 0.030765921, 0.002265893, 7.9, 0.000242749445032, -0.000242749445032, 1
7.916, 0.030769471, 0.002266153, 7.9, 0.000242749445032, -0.000242749445032, 1
7.917, 0.030773051, 0.002266413, 7.9, 0.000242749445032, -0.000242749445032, 1
7.918, 0.030776521, 0.002266663, 7.9, 0.000242749445032, -0.000242749445032, 1
7.919, 0.030780091, 0.002266933, 7.9, 0.000242749445032, -0.000242749445032, 1
7.92, 0.030783592, 0.002267184, 7.9, 0.000242749445032, -0.000242749445032, 1
7.921, 0.030787171, 0.002267444, 7.9, 0.000242749445032, -0.000242749445032, 1
7.922, 0.030790711, 0.002267704, 7.9, 0.000242749445032, -0.000242749445032, 1
7.923, 0.030794241, 0.002267966, 7.9, 0.000242749445032, -0.000242749445032, 1
7.924, 0.030797851, 0.002268229, 7.9, 0.000242749445032, -0.000242749445032, 1
7.925, 0.030801461, 0.00226849, 7.9, 0.000242749445032, -0.000242749445032, 1
7.926, 0.030805071, 0.00226876, 7.9, 0.000242749445032, -0.000242749445032, 1
7.927, 0.030808641, 0.002269012, 7.9, 0.000242749445032, -0.000242749445032, 1
7.928, 0.030812281, 0.002269263, 7.9, 0.000242749445032, -0.000242749445032, 1
7.929, 0.030815852, 0.002269512, 7.9, 0.000242749445032, -0.000242749445032, 1
7.93, 0.030819443, 0.00226977, 7.9, 0.000242749445032, -0.000242749445032, 1
7.931, 0.030822993, 0.002270033, 7.9, 0.000242749445032, -0.000242749445032, 1
7.932, 0.030826633, 0.002270292, 7.9, 0.000242749445032, -0.000242749445032, 1
7.933, 0.030830104, 0.002270542, 7.9, 0.000242749445032, -0.000242749445032, 1
7.934, 0.030833664, 0.002270802, 7.9, 0.000242749445032, -0.000242749445032, 1
7.935, 0.030837184, 0.002271062, 7.9, 0.000242749445032, -0.000242749445032, 1
7.936, 0.030840804, 0.002271322, 7.9, 0.000242749445032, -0.000242749445032, 1
7.937, 0.030844294, 0.002271562, 7.9, 0.000242749445032, -0.000242749445032, 1
7.938, 0.030847974, 0.002271812, 7.9, 0.000242749445032, -0.000242749445032, 1
7.939, 0.030851454, 0.002272072, 7.9, 0.000242749445032, -0.000242749445032, 1
7.94, 0.030855084, 0.002272342, 7.9, 0.000242749445032, -0.000242749445032, 1
7.941, 0.030858624, 0.002272601, 7.9, 0.000242749445032, -0.000242749445032, 1
7.942, 0.030862244, 0.002272851, 7.9, 0.000242749445032, -0.000242749445032, 1
7.943, 0.030865844, 0.00227311, 7.9, 0.000242749445032, -0.000242749445032, 1
7.944, 0.030869464, 0.002273368, 7.9, 0.000242749445032, -0.000242749445032, 1
7.945, 0.030873013, 0.00227363, 7.9, 0.000242749445032, -0.000242749445032, 1
7.946, 0.030876564, 0.00227388, 7.9, 0.000242749445032, -0.000242749445032, 1
7.947, 0.030880143, 0.00227412, 7.9, 0.000242749445032, -0.000242749445032, 1
7.948, 0.030883623, 0.002274361, 7.9, 0.000242749445032, -0.000242749445032, 1
7.949, 0.030887204, 0.002274621, 7.9, 0.000242749445032, -0.000242749445032, 1
7.95, 0.030890694, 0.002274882, 7.9, 0.000242749445032, -0.000242749445032, 1
7.951, 0.030894434, 0.00227514, 7.9, 0.000242749445032, -0.000242749445032, 1
7.952, 0.030897933, 0.002275411, 7.9, 0.000242749445032, -0.000242749445032, 1
7.953, 0.030901633, 0.002275663, 7.9, 0.000242749445032, -0.000242749445032, 1
7.954, 0.030905193, 0.002275923, 7.9, 0.000242749445032, -0.000242749445032, 1
7.955, 0.030908903, 0.002276183, 7.9, 0.000242749445032, -0.000242749445032, 1
7.956, 0.030912483, 0.002276453, 7.9, 0.000242749445032, -0.000242749445032, 1
7.957, 0.030916073, 0.002276703, 7.9, 0.000242749445032, -0.000242749445032, 1
7.958, 0.030919533, 0.002276973, 7.9, 0.000242749445032, -0.000242749445032, 1
7.959, 0.030923123, 0.002277233, 7.9, 0.000242749445032, -0.000242749445032, 1
7.96, 0.030926703, 0.002277483, 7.9, 0.000242749445032, -0.000242749445032, 1
7.961, 0.030930303, 0.002277733, 7.9, 0.000242749445032, -0.000242749445032, 1
7.962, 0.030933893, 0.002277983, 7.9, 0.000242749445032, -0.000242749445032, 1
7.963, 0.030937514, 0.002278244, 7.9, 0.000242749445032, -0.000242749445032, 1
7.964, 0.030941174, 0.002278512, 7.9, 0.000242749445032, -0.000242749445032, 1
7.965, 0.030946953, 0.002278771, 7.9, 0.000242749445032, -0.000242749445032, 1
7.966, 0.030950594, 0.002279042, 7.9, 0.000242749445032, -0.000242749445032, 1
7.967, 0.030954244, 0.00227929, 7.9, 0.000242749445032, -0.000242749445032, 1
7.968, 0.030957713, 0.00227955, 7.9, 0.000242749445032, -0.000242749445032, 1
7.969, 0.030961323, 0.002279821, 7.9, 0.000242749445032, -0.000242749445032, 1
7.97, 0.030964784, 0.002280083, 7.9, 0.000242749445032, -0.000242749445032, 1
7.971, 0.030968405, 0.002280352, 7.9, 0.000242749445032, -0.000242749445032, 1
7.972, 0.030971914, 0.00228062, 7.9, 0.000242749445032, -0.000242749445032, 1
7.973, 0.030975494, 0.002280883, 7.9, 0.000242749445032, -0.000242749445032, 1
7.974, 0.030979074, 0.002281141, 7.9, 0.000242749445032, -0.000242749445032, 1
7.975, 0.030982694, 0.002281411, 7.9, 0.000242749445032, -0.000242749445032, 1
7.976, 0.030986164, 0.002281671, 7.9, 0.000242749445032, -0.000242749445032, 1
7.977, 0.030989714, 0.002281931, 7.9, 0.000242749445032, -0.000242749445032, 1
7.978, 0.030993164, 0.002282181, 7.9, 0.000242749445032, -0.000242749445032, 1
7.979, 0.030997124, 0.002282441, 7.9, 0.000242749445032, -0.000242749445032, 1
7.98, 0.031000704, 0.002282701, 7.9, 0.000242749445032, -0.000242749445032, 1
7.981, 0.031004393, 0.002282961, 7.9, 0.000242749445032, -0.000242749445032, 1
7.982, 0.031007843, 0.002283221, 7.9, 0.000242749445032, -0.000242749445032, 1
7.983, 0.031011433, 0.002283479, 7.9, 0.000242749445032, -0.000242749445032, 1
7.984, 0.031015043, 0.002283739, 7.9, 0.000242749445032, -0.000242749445032, 1
7.985, 0.031018663, 0.00228401, 7.9, 0.000242749445032, -0.000242749445032, 1
7.986, 0.031022213, 0.002284259, 7.9, 0.000242749445032, -0.000242749445032, 1
7.987, 0.031025773, 0.00228452, 7.9, 0.000242749445032, -0.000242749445032, 1
7.988, 0.031029343, 0.002284768, 7.9, 0.000242749445032, -0.000242749445032, 1
7.989, 0.031032962, 0.002285028, 7.9, 0.000242749445032, -0.000242749445032, 1
7.99, 0.031036593, 0.002285278, 7.9, 0.000242749445032, -0.000242749445032, 1
7.991, 0.031040122, 0.002285536, 7.9, 0.000242749445032, -0.000242749445032, 1
7.992, 0.031043732, 0.002285807, 7.9, 0.000242749445032, -0.000242749445032, 1
7.993, 0.031047222, 0.002286067, 7.9, 0.000242749445032, -0.000242749445032, 1
7.994, 0.031050782, 0.002286318, 7.9, 0.000242749445032, -0.000242749445032, 1
7.995, 0.031054401, 0.002286577, 7.9, 0.000242749445032, -0.000242749445032, 1
7.996, 0.031058021, 0.002286838, 7.9, 0.000242749445032, -0.000242749445032, 1
7.997, 0.031061601, 0.002287108, 7.9, 0.000242749445032, -0.000242749445032, 1
7.998, 0.031065231, 0.002287378, 7.9, 0.000242749445032, -0.000242749445032, 1
7.999, 0.031068821, 0.002287648, 7.9, 0.000242749445032, -0.000242749445032, 1
8, 0.031072551, 0.002288048, 8, 0.000218474500528, -0.000218474500528, 1
8.001, 0.031076911, 0.002288298, 8, 0.000218474500528, -0.000218474500528, 1
8.002, 0.031080731, 0.002288568, 8, 0.000218474500528, -0.000218474500528, 1
8.003, 0.031084431, 0.002288838, 8, 0.000218474500528, -0.000218474500528, 1
8.004, 0.031088031, 0.002289107, 8, 0.000218474500528, -0.000218474500528, 1
8.005, 0.031091702, 0.002289368, 8, 0.000218474500528, -0.000218474500528, 1
8.006, 0.031095431, 0.002289629, 8, 0.000218474500528, -0.000218474500528, 1
8.007, 0.03109893, 0.00228991, 8, 0.000218474500528, -0.000218474500528, 1
8.008, 0.03110259, 0.002290161, 8, 0.000218474500528, -0.000218474500528, 1
8.009, 0.03110631, 0.00229041, 8, 0.000218474500528, -0.000218474500528, 1
8.01, 0.03110996, 0.002290672, 8, 0.000218474500528, -0.000218474500528, 1
8.011, 0.03111357, 0.002290943, 8, 0.000218474500528, -0.000218474500528, 1
8.012, 0.031117261, 0.002291214, 8, 0.000218474500528, -0.000218474500528, 1
8.013, 0.031120832, 0.002291475, 8, 0.000218474500528, -0.000218474500528, 1
8.014, 0.031124483, 0.002291736, 8, 0.000218474500528, -0.000218474500528, 1
8.015, 0.031128024, 0.002292007, 8, 0.000218474500528, -0.000218474500528, 1
8.016, 0.031131754, 0.002292267, 8, 0.000218474500528, -0.000218474500528, 1
8.017, 0.031135254, 0.002292517, 8, 0.000218474500528, -0.000218474500528, 1
8.018, 0.031141114, 0.002292767, 8, 0.000218474500528, -0.000218474500528, 1
8.019, 0.031144734, 0.002293017, 8, 0.000218474500528, -0.000218474500528, 1
8.02, 0.031148364, 0.002293267, 8, 0.000218474500528, -0.000218474500528, 1
8.021, 0.031151914, 0.002293527, 8, 0.000218474500528, -0.000218474500528, 1
8.022, 0.031155524, 0.002293787, 8, 0.000218474500528, -0.000218474500528, 1
8.023, 0.031159124, 0.002294067, 8, 0.000218474500528, -0.000218474500528, 1
8.024, 0.031162804, 0.002294337, 8, 0.000218474500528, -0.000218474500528, 1
8.025, 0.031166303, 0.002294606, 8, 0.000218474500528, -0.000218474500528, 1
8.026, 0.031169943, 0.002294865, 8, 0.000218474500528, -0.000218474500528, 1
8.027, 0.031173492, 0.002295115, 8, 0.000218474500528, -0.000218474500528, 1
8.028, 0.031177092, 0.002295376, 8, 0.000218474500528, -0.000218474500528, 1
8.029, 0.031180542, 0.002295626, 8, 0.000218474500528, -0.000218474500528, 1
8.03, 0.031184222, 0.002295886, 8, 0.000218474500528, -0.000218474500528, 1
8.031, 0.031187702, 0.002296135, 8, 0.000218474500528, -0.000218474500528, 1
8.032, 0.031191361, 0.002296395, 8, 0.000218474500528, -0.000218474500528, 1
8.033, 0.031194921, 0.002296676, 8, 0.000218474500528, -0.000218474500528, 1
8.034, 0.031198631, 0.002296926, 8, 0.000218474500528, -0.000218474500528, 1
8.035, 0.031202321, 0.002297185, 8, 0.000218474500528, -0.000218474500528, 1
8.036, 0.031205991, 0.002297447, 8, 0.000218474500528, -0.000218474500528, 1
8.037, 0.031209581, 0.002297697, 8, 0.000218474500528, -0.000218474500528, 1
8.038, 0.031213311, 0.002297947, 8, 0.000218474500528, -0.000218474500528, 1
8.039, 0.031216871, 0.002298207, 8, 0.000218474500528, -0.000218474500528, 1
8.04, 0.031220461, 0.002298477, 8, 0.000218474500528, -0.000218474500528, 1
8.041, 0.031224061, 0.002298747, 8, 0.000218474500528, -0.000218474500528, 1
8.042, 0.031227831, 0.002299017, 8, 0.000218474500528, -0.000218474500528, 1
8.043, 0.031231361, 0.002299277, 8, 0.000218474500528, -0.000218474500528, 1
8.044, 0.031235081, 0.002299537, 8, 0.000218474500528, -0.000218474500528, 1
8.045, 0.031238691, 0.002299818, 8, 0.000218474500528, -0.000218474500528, 1
8.046, 0.03124244, 0.00230008, 8, 0.000218474500528, -0.000218474500528, 1
8.047, 0.03124599, 0.002300342, 8, 0.000218474500528, -0.000218474500528, 1
8.048, 0.03124967, 0.002300593, 8, 0.000218474500528, -0.000218474500528, 1
8.049, 0.031253259, 0.002300843, 8, 0.000218474500528, -0.000218474500528, 1
8.05, 0.03125683, 0.002301104, 8, 0.000218474500528, -0.000218474500528, 1
8.051, 0.031260401, 0.002301355, 8, 0.000218474500528, -0.000218474500528, 1
8.052, 0.031264092, 0.002301616, 8, 0.000218474500528, -0.000218474500528, 1
8.053, 0.031267823, 0.002301877, 8, 0.000218474500528, -0.000218474500528, 1
8.054, 0.031271324, 0.002302139, 8, 0.000218474500528, -0.000218474500528, 1
8.055, 0.031274854, 0.002302401, 8, 0.000218474500528, -0.000218474500528, 1
8.056, 0.031278363, 0.002302661, 8, 0.000218474500528, -0.000218474500528, 1
8.057, 0.031281953, 0.002302934, 8, 0.000218474500528, -0.000218474500528, 1
8.058, 0.031285493, 0.002303204, 8, 0.000218474500528, -0.000218474500528, 1
8.059, 0.031289153, 0.002303464, 8, 0.000218474500528, -0.000218474500528, 1
8.06, 0.031292733, 0.002303724, 8, 0.000218474500528, -0.000218474500528, 1
8.061, 0.031296423, 0.002303984, 8, 0.000218474500528, -0.000218474500528, 1
8.062, 0.031299893, 0.002304244, 8, 0.000218474500528, -0.000218474500528, 1
8.063, 0.031303453, 0.002304504, 8, 0.000218474500528, -0.000218474500528, 1
8.064, 0.031307043, 0.002304774, 8, 0.000218474500528, -0.000218474500528, 1
8.065, 0.031310793, 0.002305044, 8, 0.000218474500528, -0.000218474500528, 1
8.066, 0.031314374, 0.002305315, 8, 0.000218474500528, -0.000218474500528, 1
8.067, 0.031318004, 0.002305572, 8, 0.000218474500528, -0.000218474500528, 1
8.068, 0.031322915, 0.002305892, 8, 0.000218474500528, -0.000218474500528, 1
8.069, 0.031328265, 0.002306292, 8, 0.000218474500528, -0.000218474500528, 1
8.07, 0.031333536, 0.00230669, 8, 0.000218474500528, -0.000218474500528, 1
8.071, 0.031342376, 0.002307101, 8, 0.000218474500528, -0.000218474500528, 1
8.072, 0.031347247, 0.00230752, 8, 0.000218474500528, -0.000218474500528, 1
8.073, 0.031352235, 0.0023079, 8, 0.000218474500528, -0.000218474500528, 1
8.074, 0.031357066, 0.0023083, 8, 0.000218474500528, -0.000218474500528, 1
8.075, 0.031361986, 0.00230868, 8, 0.000218474500528, -0.000218474500528, 1
8.076, 0.031367666, 0.0023091, 8, 0.000218474500528, -0.000218474500528, 1
8.077, 0.031372826, 0.00230957, 8, 0.000218474500528, -0.000218474500528, 1
8.078, 0.031378296, 0.00231001, 8, 0.000218474500528, -0.000218474500528, 1
8.079, 0.031383636, 0.00231043, 8, 0.000218474500528, -0.000218474500528, 1
8.08, 0.031389596, 0.00231086, 8, 0.000218474500528, -0.000218474500528, 1
8.081, 0.031394887, 0.00231125, 8, 0.000218474500528, -0.000218474500528, 1
8.082, 0.031400296, 0.0023117, 8, 0.000218474500528, -0.000218474500528, 1
8.083, 0.031405685, 0.002312191, 8, 0.000218474500528, -0.000218474500528, 1
8.084, 0.031410795, 0.002312591, 8, 0.000218474500528, -0.000218474500528, 1
8.085, 0.031416625, 0.002313062, 8, 0.000218474500528, -0.000218474500528, 1
8.086, 0.031422406, 0.002313583, 8, 0.000218474500528, -0.000218474500528, 1
8.087, 0.031428317, 0.002313994, 8, 0.000218474500528, -0.000218474500528, 1
8.088, 0.031433297, 0.002314422, 8, 0.000218474500528, -0.000218474500528, 1
8.089, 0.031438177, 0.002314811, 8, 0.000218474500528, -0.000218474500528, 1
8.09, 0.031444137, 0.002315231, 8, 0.000218474500528, -0.000218474500528, 1
8.091, 0.031449887, 0.002315641, 8, 0.000218474500528, -0.000218474500528, 1
8.092, 0.031454697, 0.002316031, 8, 0.000218474500528, -0.000218474500528, 1
8.093, 0.031460167, 0.002316431, 8, 0.000218474500528, -0.000218474500528, 1
8.094, 0.031465197, 0.002316821, 8, 0.000218474500528, -0.000218474500528, 1
8.095, 0.031470028, 0.002317202, 8, 0.000218474500528, -0.000218474500528, 1
8.096, 0.031475217, 0.002317591, 8, 0.000218474500528, -0.000218474500528, 1
8.097, 0.031480557, 0.002317971, 8, 0.000218474500528, -0.000218474500528, 1
8.098, 0.031486266, 0.002318391, 8, 0.000218474500528, -0.000218474500528, 1
8.099, 0.031491776, 0.002318763, 8, 0.000218474500528, -0.000218474500528, 1
8.1, 0.031497207, 0.002319393, 8.1, 0.000196627050476, -0.000196627050476, 1
8.101, 0.031502687, 0.002319833, 8.1, 0.000196627050476, -0.000196627050476, 1
8.102, 0.031507877, 0.002320214, 8.1, 0.000196627050476, -0.000196627050476, 1
8.103, 0.031512988, 0.002320624, 8.1, 0.000196627050476, -0.000196627050476, 1
8.104, 0.031518238, 0.002321054, 8.1, 0.000196627050476, -0.000196627050476, 1
8.105, 0.031523328, 0.002321464, 8.1, 0.000196627050476, -0.000196627050476, 1
8.106, 0.031528528, 0.002321884, 8.1, 0.000196627050476, -0.000196627050476, 1
8.107, 0.031533818, 0.002322304, 8.1, 0.000196627050476, -0.000196627050476, 1
8.108, 0.031538928, 0.002322734, 8.1, 0.000196627050476, -0.000196627050476, 1
8.109, 0.031544169, 0.002323164, 8.1, 0.000196627050476, -0.000196627050476, 1
8.11, 0.031549308, 0.002323595, 8.1, 0.000196627050476, -0.000196627050476, 1
8.111, 0.031554449, 0.002324035, 8.1, 0.000196627050476, -0.000196627050476, 1
8.112, 0.031559558, 0.002324465, 8.1, 0.000196627050476, -0.000196627050476, 1
8.113, 0.031564659, 0.002324884, 8.1, 0.000196627050476, -0.000196627050476, 1
8.114, 0.03156971, 0.002325273, 8.1, 0.000196627050476, -0.000196627050476, 1
8.115, 0.031575739, 0.002325706, 8.1, 0.000196627050476, -0.000196627050476, 1
8.116, 0.03158119, 0.002326205, 8.1, 0.000196627050476, -0.000196627050476, 1
8.117, 0.03158699, 0.002326584, 8.1, 0.000196627050476, -0.000196627050476, 1
8.118, 0.03159289, 0.002326984, 8.1, 0.000196627050476, -0.000196627050476, 1
8.119, 0.03159821, 0.002327444, 8.1, 0.000196627050476, -0.000196627050476, 1
8.12, 0.03160192, 0.002327694, 8.1, 0.000196627050476, -0.000196627050476, 1
8.121, 0.03160657, 0.002328004, 8.1, 0.000196627050476, -0.000196627050476, 1
8.122, 0.03161187, 0.002328394, 8.1, 0.000196627050476, -0.000196627050476, 1
8.123, 0.03161768, 0.002328834, 8.1, 0.000196627050476, -0.000196627050476, 1
8.124, 0.0316269, 0.002329263, 8.1, 0.000196627050476, -0.000196627050476, 1
8.125, 0.03163215, 0.002329682, 8.1, 0.000196627050476, -0.000196627050476, 1
8.126, 0.031637161, 0.002330072, 8.1, 0.000196627050476, -0.000196627050476, 1
8.127, 0.031642022, 0.002330502, 8.1, 0.000196627050476, -0.000196627050476, 1
8.128, 0.031646992, 0.002330911, 8.1, 0.000196627050476, -0.000196627050476, 1
8.129, 0.031652692, 0.002331312, 8.1, 0.000196627050476, -0.000196627050476, 1
8.13, 0.031658631, 0.002331832, 8.1, 0.000196627050476, -0.000196627050476, 1
8.131, 0.03166448, 0.002332263, 8.1, 0.000196627050476, -0.000196627050476, 1
8.132, 0.03167031, 0.002332773, 8.1, 0.000196627050476, -0.000196627050476, 1
8.133, 0.03167619, 0.002333283, 8.1, 0.000196627050476, -0.000196627050476, 1
8.134, 0.03168189, 0.002333663, 8.1, 0.000196627050476, -0.000196627050476, 1
8.135, 0.03168733, 0.002334073, 8.1, 0.000196627050476, -0.000196627050476, 1
8.136, 0.03169227, 0.002334453, 8.1, 0.000196627050476, -0.000196627050476, 1
8.137, 0.031697309, 0.002334843, 8.1, 0.000196627050476, -0.000196627050476, 1
8.138, 0.0317017, 0.002335163, 8.1, 0.000196627050476, -0.000196627050476, 1
8.139, 0.031705399, 0.002335414, 8.1, 0.000196627050476, -0.000196627050476, 1
8.14, 0.03171043, 0.002335735, 8.1, 0.000196627050476, -0.000196627050476, 1
8.141, 0.03171611, 0.002336164, 8.1, 0.000196627050476, -0.000196627050476, 1
8.142, 0.03172219, 0.002336542, 8.1, 0.000196627050476, -0.000196627050476, 1
8.143, 0.031728081, 0.002336944, 8.1, 0.000196627050476, -0.000196627050476, 1
8.144, 0.031733742, 0.002337375, 8.1, 0.000196627050476, -0.000196627050476, 1
8.145, 0.031738612, 0.002337784, 8.1, 0.000196627050476, -0.000196627050476, 1
8.146, 0.031743502, 0.002338165, 8.1, 0.000196627050476, -0.000196627050476, 1
8.147, 0.031748362, 0.002338565, 8.1, 0.000196627050476, -0.000196627050476, 1
8.148, 0.031753342, 0.002338965, 8.1, 0.000196627050476, -0.000196627050476, 1
8.149, 0.031758212, 0.002339385, 8.1, 0.000196627050476, -0.000196627050476, 1
8.15, 0.031762972, 0.002339775, 8.1, 0.000196627050476, -0.000196627050476, 1
8.151, 0.031767782, 0.002340165, 8.1, 0.000196627050476, -0.000196627050476, 1
8.152, 0.031772563, 0.002340534, 8.1, 0.000196627050476, -0.000196627050476, 1
8.153, 0.031777323, 0.002340913, 8.1, 0.000196627050476, -0.000196627050476, 1
8.154, 0.031782783, 0.002341383, 8.1, 0.000196627050476, -0.000196627050476, 1
8.155, 0.031788723, 0.002341804, 8.1, 0.000196627050476, -0.000196627050476, 1
8.156, 0.031794424, 0.002342204, 8.1, 0.000196627050476, -0.000196627050476, 1
8.157, 0.031800043, 0.002342794, 8.1, 0.000196627050476, -0.000196627050476, 1
8.158, 0.031805593, 0.002343212, 8.1, 0.000196627050476, -0.000196627050476, 1
8.159, 0.031810584, 0.002343582, 8.1, 0.000196627050476, -0.000196627050476, 1
8.16, 0.031815214, 0.00234395, 8.1, 0.000196627050476, -0.000196627050476, 1
8.161, 0.031820174, 0.00234433, 8.1, 0.000196627050476, -0.000196627050476, 1
8.162, 0.031824964, 0.0023447, 8.1, 0.000196627050476, -0.000196627050476, 1
8.163, 0.031830034, 0.00234503, 8.1, 0.000196627050476, -0.000196627050476, 1
8.164, 0.031833864, 0.00234526, 8.1, 0.000196627050476, -0.000196627050476, 1
8.165, 0.031837454, 0.00234552, 8.1, 0.000196627050476, -0.000196627050476, 1
8.166, 0.031841114, 0.00234579, 8.1, 0.000196627050476, -0.000196627050476, 1
8.167, 0.031844684, 0.00234605, 8.1, 0.000196627050476, -0.000196627050476, 1
8.168, 0.031848314, 0.002346301, 8.1, 0.000196627050476, -0.000196627050476, 1
8.169, 0.031851815, 0.002346572, 8.1, 0.000196627050476, -0.000196627050476, 1
8.17, 0.031855555, 0.002346822, 8.1, 0.000196627050476, -0.000196627050476, 1
8.171, 0.031859104, 0.002347082, 8.1, 0.000196627050476, -0.000196627050476, 1
8.172, 0.031862714, 0.002347343, 8.1, 0.000196627050476, -0.000196627050476, 1
8.173, 0.031866354, 0.002347592, 8.1, 0.000196627050476, -0.000196627050476, 1
8.174, 0.031870004, 0.002347853, 8.1, 0.000196627050476, -0.000196627050476, 1
8.175, 0.031873585, 0.002348105, 8.1, 0.000196627050476, -0.000196627050476, 1
8.176, 0.031880245, 0.002348364, 8.1, 0.000196627050476, -0.000196627050476, 1
8.177, 0.031883955, 0.002348633, 8.1, 0.000196627050476, -0.000196627050476, 1
8.178, 0.031887546, 0.002348883, 8.1, 0.000196627050476, -0.000196627050476, 1
8.179, 0.031891146, 0.002349152, 8.1, 0.000196627050476, -0.000196627050476, 1
8.18, 0.031894776, 0.002349411, 8.1, 0.000196627050476, -0.000196627050476, 1
8.181, 0.031900646, 0.002349761, 8.1, 0.000196627050476, -0.000196627050476, 1
8.182, 0.031906096, 0.002350121, 8.1, 0.000196627050476, -0.000196627050476, 1
8.183, 0.031911336, 0.002350531, 8.1, 0.000196627050476, -0.000196627050476, 1
8.184, 0.031916486, 0.002350931, 8.1, 0.000196627050476, -0.000196627050476, 1
8.185, 0.031922256, 0.002351361, 8.1, 0.000196627050476, -0.000196627050476, 1
8.186, 0.031927586, 0.002351772, 8.1, 0.000196627050476, -0.000196627050476, 1
8.187, 0.031933276, 0.002352193, 8.1, 0.000196627050476, -0.000196627050476, 1
8.188, 0.031938217, 0.002352572, 8.1, 0.000196627050476, -0.000196627050476, 1
8.189, 0.031943767, 0.002352954, 8.1, 0.000196627050476, -0.000196627050476, 1
8.19, 0.031949197, 0.002353341, 8.1, 0.000196627050476, -0.000196627050476, 1
8.191, 0.031954997, 0.002353753, 8.1, 0.000196627050476, -0.000196627050476, 1
8.192, 0.031960787, 0.002354183, 8.1, 0.000196627050476, -0.000196627050476, 1
8.193, 0.031966307, 0.002354593, 8.1, 0.000196627050476, -0.000196627050476, 1
8.194, 0.031971907, 0.002355003, 8.1, 0.000196627050476, -0.000196627050476, 1
8.195, 0.031977447, 0.002355453, 8.1, 0.000196627050476, -0.000196627050476, 1
8.196, 0.031982227, 0.002355833, 8.1, 0.000196627050476, -0.000196627050476, 1
8.197, 0.031986947, 0.002356213, 8.1, 0.000196627050476, -0.000196627050476, 1
8.198, 0.031991677, 0.002356593, 8.1, 0.000196627050476, -0.000196627050476, 1
8.199, 0.031996337, 0.002356973, 8.1, 0.000196627050476, -0.000196627050476, 1
8.2, 0.032001298, 0.002357555, 8.2, 0.000176964345428, -0.000176964345428, 1
8.201, 0.032006107, 0.002357915, 8.2, 0.000176964345428, -0.000176964345428, 1
8.202, 0.032010797, 0.002358286, 8.2, 0.000176964345428, -0.000176964345428, 1
8.203, 0.032015668, 0.002358675, 8.2, 0.000176964345428, -0.000176964345428, 1
8.204, 0.032020918, 0.002359075, 8.2, 0.000176964345428, -0.000176964345428, 1
8.205, 0.032026568, 0.002359475, 8.2, 0.000176964345428, -0.000176964345428, 1
8.206, 0.032032088, 0.002359896, 8.2, 0.000176964345428, -0.000176964345428, 1
8.207, 0.032037518, 0.002360287, 8.2, 0.000176964345428, -0.000176964345428, 1
8.208, 0.032043178, 0.002360697, 8.2, 0.000176964345428, -0.000176964345428, 1
8.209, 0.032048848, 0.002361147, 8.2, 0.000176964345428, -0.000176964345428, 1
8.21, 0.032054368, 0.002361587, 8.2, 0.000176964345428, -0.000176964345428, 1
8.211, 0.032060228, 0.002361997, 8.2, 0.000176964345428, -0.000176964345428, 1
8.212, 0.032065768, 0.002362447, 8.2, 0.000176964345428, -0.000176964345428, 1
8.213, 0.032071498, 0.002362877, 8.2, 0.000176964345428, -0.000176964345428, 1
8.214, 0.032076958, 0.002363268, 8.2, 0.000176964345428, -0.000176964345428, 1
8.215, 0.032081749, 0.002363658, 8.2, 0.000176964345428, -0.000176964345428, 1
8.216, 0.032086398, 0.002364029, 8.2, 0.000176964345428, -0.000176964345428, 1
8.217, 0.032091168, 0.002364399, 8.2, 0.000176964345428, -0.000176964345428, 1
8.218, 0.032095818, 0.00236477, 8.2, 0.000176964345428, -0.000176964345428, 1
8.219, 0.032101098, 0.00236516, 8.2, 0.000176964345428, -0.000176964345428, 1
8.22, 0.032106599, 0.0023656, 8.2, 0.000176964345428, -0.000176964345428, 1
8.221, 0.032112339, 0.002366012, 8.2, 0.000176964345428, -0.000176964345428, 1
8.222, 0.032118159, 0.00236643, 8.2, 0.000176964345428, -0.000176964345428, 1
8.223, 0.03212385, 0.00236683, 8.2, 0.000176964345428, -0.000176964345428, 1
8.224, 0.03212955, 0.00236723, 8.2, 0.000176964345428, -0.000176964345428, 1
8.225, 0.03213529, 0.00236769, 8.2, 0.000176964345428, -0.000176964345428, 1
8.226, 0.03214102, 0.00236813, 8.2, 0.000176964345428, -0.000176964345428, 1
8.227, 0.0321465, 0.0023685, 8.2, 0.000176964345428, -0.000176964345428, 1
8.228, 0.03215824, 0.002368901, 8.2, 0.000176964345428, -0.000176964345428, 1
8.229, 0.032163029, 0.002369319, 8.2, 0.000176964345428, -0.000176964345428, 1
8.23, 0.03216774, 0.00236969, 8.2, 0.000176964345428, -0.000176964345428, 1
8.231, 0.03217245, 0.002370061, 8.2, 0.000176964345428, -0.000176964345428, 1
8.232, 0.03217729, 0.002370431, 8.2, 0.000176964345428, -0.000176964345428, 1
8.233, 0.032182151, 0.00237081, 8.2, 0.000176964345428, -0.000176964345428, 1
8.234, 0.032186841, 0.002371181, 8.2, 0.000176964345428, -0.000176964345428, 1
8.235, 0.032191631, 0.002371562, 8.2, 0.000176964345428, -0.000176964345428, 1
8.236, 0.032196361, 0.002371934, 8.2, 0.000176964345428, -0.000176964345428, 1
8.237, 0.032200961, 0.002372313, 8.2, 0.000176964345428, -0.000176964345428, 1
8.238, 0.032205681, 0.002372703, 8.2, 0.000176964345428, -0.000176964345428, 1
8.239, 0.032210351, 0.002373063, 8.2, 0.000176964345428, -0.000176964345428, 1
8.24, 0.032215121, 0.002373433, 8.2, 0.000176964345428, -0.000176964345428, 1
8.241, 0.032219861, 0.002373803, 8.2, 0.000176964345428, -0.000176964345428, 1
8.242, 0.032224531, 0.002374183, 8.2, 0.000176964345428, -0.000176964345428, 1
8.243, 0.032229272, 0.002374583, 8.2, 0.000176964345428, -0.000176964345428, 1
8.244, 0.032234112, 0.002374943, 8.2, 0.000176964345428, -0.000176964345428, 1
8.245, 0.032239282, 0.002375272, 8.2, 0.000176964345428, -0.000176964345428, 1
8.246, 0.032242962, 0.00237551, 8.2, 0.000176964345428, -0.000176964345428, 1
8.247, 0.032246513, 0.002375771, 8.2, 0.000176964345428, -0.000176964345428, 1
8.248, 0.032250113, 0.002376031, 8.2, 0.000176964345428, -0.000176964345428, 1
8.249, 0.032253643, 0.00237628, 8.2, 0.000176964345428, -0.000176964345428, 1
8.25, 0.032257253, 0.00237654, 8.2, 0.000176964345428, -0.000176964345428, 1
8.251, 0.032260823, 0.002376811, 8.2, 0.000176964345428, -0.000176964345428, 1
8.252, 0.032264433, 0.002377072, 8.2, 0.000176964345428, -0.000176964345428, 1
8.253, 0.032267913, 0.002377342, 8.2, 0.000176964345428, -0.000176964345428, 1
8.254, 0.032271464, 0.002377612, 8.2, 0.000176964345428, -0.000176964345428, 1
8.255, 0.032274914, 0.002377861, 8.2, 0.000176964345428, -0.000176964345428, 1
8.256, 0.032278484, 0.002378121, 8.2, 0.000176964345428, -0.000176964345428, 1
8.257, 0.032281954, 0.002378371, 8.2, 0.000176964345428, -0.000176964345428, 1
8.258, 0.032285654, 0.002378631, 8.2, 0.000176964345428, -0.000176964345428, 1
8.259, 0.032289134, 0.002378901, 8.2, 0.000176964345428, -0.000176964345428, 1
8.26, 0.032292654, 0.002379161, 8.2, 0.000176964345428, -0.000176964345428, 1
8.261, 0.032296184, 0.002379421, 8.2, 0.000176964345428, -0.000176964345428, 1
8.262, 0.032299744, 0.002379691, 8.2, 0.000176964345428, -0.000176964345428, 1
8.263, 0.032303184, 0.002379961, 8.2, 0.000176964345428, -0.000176964345428, 1
8.264, 0.032306794, 0.002380232, 8.2, 0.000176964345428, -0.000176964345428, 1
8.265, 0.032310404, 0.002380493, 8.2, 0.000176964345428, -0.000176964345428, 1
8.266, 0.032313995, 0.002380753, 8.2, 0.000176964345428, -0.000176964345428, 1
8.267, 0.032317545, 0.002381002, 8.2, 0.000176964345428, -0.000176964345428, 1
8.268, 0.032321106, 0.002381262, 8.2, 0.000176964345428, -0.000176964345428, 1
8.269, 0.032324635, 0.002381531, 8.2, 0.000176964345428, -0.000176964345428, 1
8.27, 0.032328065, 0.002381793, 8.2, 0.000176964345428, -0.000176964345428, 1
8.271, 0.032331726, 0.002382062, 8.2, 0.000176964345428, -0.000176964345428, 1
8.272, 0.032335166, 0.002382322, 8.2, 0.000176964345428, -0.000176964345428, 1
8.273, 0.032338686, 0.002382583, 8.2, 0.000176964345428, -0.000176964345428, 1
8.274, 0.032342126, 0.002382854, 8.2, 0.000176964345428, -0.000176964345428, 1
8.275, 0.032345627, 0.002383126, 8.2, 0.000176964345428, -0.000176964345428, 1
8.276, 0.032349077, 0.002383386, 8.2, 0.000176964345428, -0.000176964345428, 1
8.277, 0.032352597, 0.002383646, 8.2, 0.000176964345428, -0.000176964345428, 1
8.278, 0.032356027, 0.002383896, 8.2, 0.000176964345428, -0.000176964345428, 1
8.279, 0.032359867, 0.002384146, 8.2, 0.000176964345428, -0.000176964345428, 1
8.28, 0.032365787, 0.002384406, 8.2, 0.000176964345428, -0.000176964345428, 1
8.281, 0.032369447, 0.002384676, 8.2, 0.000176964345428, -0.000176964345428, 1
8.282, 0.032372947, 0.002384926, 8.2, 0.000176964345428, -0.000176964345428, 1
8.283, 0.032376497, 0.002385186, 8.2, 0.000176964345428, -0.000176964345428, 1
8.284, 0.032379928, 0.002385457, 8.2, 0.000176964345428, -0.000176964345428, 1
8.285, 0.032383537, 0.002385727, 8.2, 0.000176964345428, -0.000176964345428, 1
8.286, 0.032386956, 0.002385986, 8.2, 0.000176964345428, -0.000176964345428, 1
8.287, 0.032390565, 0.002386244, 8.2, 0.000176964345428, -0.000176964345428, 1
8.288, 0.032393975, 0.002386503, 8.2, 0.000176964345428, -0.000176964345428, 1
8.289, 0.032397624, 0.002386752, 8.2, 0.000176964345428, -0.000176964345428, 1
8.29, 0.032401125, 0.002387004, 8.2, 0.000176964345428, -0.000176964345428, 1
8.291, 0.032404805, 0.002387264, 8.2, 0.000176964345428, -0.000176964345428, 1
8.292, 0.032410445, 0.002387583, 8.2, 0.000176964345428, -0.000176964345428, 1
8.293, 0.032415796, 0.002388004, 8.2, 0.000176964345428, -0.000176964345428, 1
8.294, 0.032420986, 0.002388403, 8.2, 0.000176964345428, -0.000176964345428, 1
8.295, 0.032425966, 0.002388773, 8.2, 0.000176964345428, -0.000176964345428, 1
8.296, 0.032430916, 0.002389173, 8.2, 0.000176964345428, -0.000176964345428, 1
8.297, 0.032436076, 0.002389553, 8.2, 0.000176964345428, -0.000176964345428, 1
8.298, 0.032441096, 0.002389943, 8.2, 0.000176964345428, -0.000176964345428, 1
8.299, 0.032446866, 0.002390413, 8.2, 0.000176964345428, -0.000176964345428, 1
8.3, 0.032452246, 0.002390963, 8.3, 0.000159267910885, -0.000159267910885, 1
8.301, 0.032457886, 0.002391375, 8.3, 0.000159267910885, -0.000159267910885, 1
8.302, 0.032462846, 0.002391776, 8.3, 0.000159267910885, -0.000159267910885, 1
8.303, 0.032467957, 0.002392185, 8.3, 0.000159267910885, -0.000159267910885, 1
8.304, 0.032472917, 0.002392616, 8.3, 0.000159267910885, -0.000159267910885, 1
8.305, 0.032477827, 0.002393046, 8.3, 0.000159267910885, -0.000159267910885, 1
8.306, 0.032482636, 0.002393417, 8.3, 0.000159267910885, -0.000159267910885, 1
8.307, 0.032487586, 0.002393815, 8.3, 0.000159267910885, -0.000159267910885, 1
8.308, 0.032492677, 0.002394206, 8.3, 0.000159267910885, -0.000159267910885, 1
8.309, 0.032497408, 0.002394587, 8.3, 0.000159267910885, -0.000159267910885, 1
8.31, 0.032502179, 0.002394967, 8.3, 0.000159267910885, -0.000159267910885, 1
8.311, 0.032506869, 0.002395377, 8.3, 0.000159267910885, -0.000159267910885, 1
8.312, 0.032511669, 0.002395777, 8.3, 0.000159267910885, -0.000159267910885, 1
8.313, 0.032516399, 0.002396167, 8.3, 0.000159267910885, -0.000159267910885, 1
8.314, 0.032521169, 0.002396567, 8.3, 0.000159267910885, -0.000159267910885, 1
8.315, 0.032526179, 0.002396957, 8.3, 0.000159267910885, -0.000159267910885, 1
8.316, 0.03253112, 0.002397368, 8.3, 0.000159267910885, -0.000159267910885, 1
8.317, 0.032536129, 0.002397757, 8.3, 0.000159267910885, -0.000159267910885, 1
8.318, 0.032541078, 0.002398146, 8.3, 0.000159267910885, -0.000159267910885, 1
8.319, 0.032546059, 0.002398565, 8.3, 0.000159267910885, -0.000159267910885, 1
8.32, 0.032550968, 0.002398965, 8.3, 0.000159267910885, -0.000159267910885, 1
8.321, 0.032555968, 0.002399353, 8.3, 0.000159267910885, -0.000159267910885, 1
8.322, 0.032561138, 0.002399794, 8.3, 0.000159267910885, -0.000159267910885, 1
8.323, 0.032566268, 0.002400215, 8.3, 0.000159267910885, -0.000159267910885, 1
8.324, 0.032571368, 0.002400645, 8.3, 0.000159267910885, -0.000159267910885, 1
8.325, 0.032576637, 0.002401086, 8.3, 0.000159267910885, -0.000159267910885, 1
8.326, 0.032581728, 0.002401496, 8.3, 0.000159267910885, -0.000159267910885, 1
8.327, 0.032586828, 0.002401916, 8.3, 0.000159267910885, -0.000159267910885, 1
8.328, 0.032591978, 0.002402316, 8.3, 0.000159267910885, -0.000159267910885, 1
8.329, 0.032597248, 0.002402746, 8.3, 0.000159267910885, -0.000159267910885, 1
8.33, 0.032602338, 0.002403166, 8.3, 0.000159267910885, -0.000159267910885, 1
8.331, 0.032607509, 0.002403585, 8.3, 0.000159267910885, -0.000159267910885, 1
8.332, 0.032617269, 0.002404004, 8.3, 0.000159267910885, -0.000159267910885, 1
8.333, 0.032622509, 0.002404425, 8.3, 0.000159267910885, -0.000159267910885, 1
8.334, 0.032627759, 0.002404863, 8.3, 0.000159267910885, -0.000159267910885, 1
8.335, 0.03263286, 0.002405303, 8.3, 0.000159267910885, -0.000159267910885, 1
8.336, 0.032638071, 0.002405743, 8.3, 0.000159267910885, -0.000159267910885, 1
8.337, 0.03264334, 0.002406165, 8.3, 0.000159267910885, -0.000159267910885, 1
8.338, 0.032648431, 0.002406572, 8.3, 0.000159267910885, -0.000159267910885, 1
8.339, 0.032653671, 0.002407012, 8.3, 0.000159267910885, -0.000159267910885, 1
8.34, 0.032658841, 0.002407432, 8.3, 0.000159267910885, -0.000159267910885, 1
8.341, 0.032664121, 0.002407852, 8.3, 0.000159267910885, -0.000159267910885, 1
8.342, 0.032669271, 0.002408302, 8.3, 0.000159267910885, -0.000159267910885, 1
8.343, 0.032674551, 0.002408732, 8.3, 0.000159267910885, -0.000159267910885, 1
8.344, 0.032679851, 0.002409142, 8.3, 0.000159267910885, -0.000159267910885, 1
8.345, 0.032685261, 0.002409581, 8.3, 0.000159267910885, -0.000159267910885, 1
8.346, 0.032690602, 0.00241, 8.3, 0.000159267910885, -0.000159267910885, 1
8.347, 0.032695802, 0.00241043, 8.3, 0.000159267910885, -0.000159267910885, 1
8.348, 0.032700973, 0.002410861, 8.3, 0.000159267910885, -0.000159267910885, 1
8.349, 0.032706133, 0.002411299, 8.3, 0.000159267910885, -0.000159267910885, 1
8.35, 0.032711243, 0.00241172, 8.3, 0.000159267910885, -0.000159267910885, 1
8.351, 0.032716573, 0.002412149, 8.3, 0.000159267910885, -0.000159267910885, 1
8.352, 0.032721763, 0.002412557, 8.3, 0.000159267910885, -0.000159267910885, 1
8.353, 0.032727003, 0.002412977, 8.3, 0.000159267910885, -0.000159267910885, 1
8.354, 0.032732273, 0.002413406, 8.3, 0.000159267910885, -0.000159267910885, 1
8.355, 0.032737452, 0.002413836, 8.3, 0.000159267910885, -0.000159267910885, 1
8.356, 0.032742732, 0.002414236, 8.3, 0.000159267910885, -0.000159267910885, 1
8.357, 0.032747962, 0.002414656, 8.3, 0.000159267910885, -0.000159267910885, 1
8.358, 0.032753112, 0.002415076, 8.3, 0.000159267910885, -0.000159267910885, 1
8.359, 0.032758352, 0.002415467, 8.3, 0.000159267910885, -0.000159267910885, 1
8.36, 0.032763513, 0.002415876, 8.3, 0.000159267910885, -0.000159267910885, 1
8.361, 0.032768873, 0.002416306, 8.3, 0.000159267910885, -0.000159267910885, 1
8.362, 0.032774033, 0.002416726, 8.3, 0.000159267910885, -0.000159267910885, 1
8.363, 0.032779273, 0.002417166, 8.3, 0.000159267910885, -0.000159267910885, 1
8.364, 0.032784543, 0.002417615, 8.3, 0.000159267910885, -0.000159267910885, 1
8.365, 0.032789732, 0.002418035, 8.3, 0.000159267910885, -0.000159267910885, 1
8.366, 0.032795143, 0.002418467, 8.3, 0.000159267910885, -0.000159267910885, 1
8.367, 0.032800972, 0.002418899, 8.3, 0.000159267910885, -0.000159267910885, 1
8.368, 0.032806292, 0.002419329, 8.3, 0.000159267910885, -0.000159267910885, 1
8.369, 0.032811462, 0.002419759, 8.3, 0.000159267910885, -0.000159267910885, 1
8.37, 0.032816682, 0.002420169, 8.3, 0.000159267910885, -0.000159267910885, 1
8.371, 0.032821922, 0.002420609, 8.3, 0.000159267910885, -0.000159267910885, 1
8.372, 0.032827092, 0.002421039, 8.3, 0.000159267910885, -0.000159267910885, 1
8.373, 0.032832202, 0.002421469, 8.3, 0.000159267910885, -0.000159267910885, 1
8.374, 0.032837402, 0.002421908, 8.3, 0.000159267910885, -0.000159267910885, 1
8.375, 0.032842552, 0.00242234, 8.3, 0.000159267910885, -0.000159267910885, 1
8.376, 0.032847902, 0.00242277, 8.3, 0.000159267910885, -0.000159267910885, 1
8.377, 0.032853053, 0.002423201, 8.3, 0.000159267910885, -0.000159267910885, 1
8.378, 0.032858402, 0.002423622, 8.3, 0.000159267910885, -0.000159267910885, 1
8.379, 0.032863442, 0.002424063, 8.3, 0.000159267910885, -0.000159267910885, 1
8.38, 0.032868623, 0.002424454, 8.3, 0.000159267910885, -0.000159267910885, 1
8.381, 0.032873853, 0.002424863, 8.3, 0.000159267910885, -0.000159267910885, 1
8.382, 0.032879082, 0.002425276, 8.3, 0.000159267910885, -0.000159267910885, 1
8.383, 0.032883962, 0.002425665, 8.3, 0.000159267910885, -0.000159267910885, 1
8.384, 0.032892532, 0.002426045, 8.3, 0.000159267910885, -0.000159267910885, 1
8.385, 0.032897302, 0.002426425, 8.3, 0.000159267910885, -0.000159267910885, 1
8.386, 0.032902132, 0.002426805, 8.3, 0.000159267910885, -0.000159267910885, 1
8.387, 0.032907342, 0.002427185, 8.3, 0.000159267910885, -0.000159267910885, 1
8.388, 0.032912322, 0.002427574, 8.3, 0.000159267910885, -0.000159267910885, 1
8.389, 0.032917142, 0.002427954, 8.3, 0.000159267910885, -0.000159267910885, 1
8.39, 0.032922102, 0.002428364, 8.3, 0.000159267910885, -0.000159267910885, 1
8.391, 0.032927293, 0.002428776, 8.3, 0.000159267910885, -0.000159267910885, 1
8.392, 0.032932603, 0.002429195, 8.3, 0.000159267910885, -0.000159267910885, 1
8.393, 0.032937652, 0.002429626, 8.3, 0.000159267910885, -0.000159267910885, 1
8.394, 0.032942972, 0.002430044, 8.3, 0.000159267910885, -0.000159267910885, 1
8.395, 0.032948551, 0.002430452, 8.3, 0.000159267910885, -0.000159267910885, 1
8.396, 0.032953702, 0.002430853, 8.3, 0.000159267910885, -0.000159267910885, 1
8.397, 0.032958922, 0.002431283, 8.3, 0.000159267910885, -0.000159267910885, 1
8.398, 0.032964322, 0.002431713, 8.3, 0.000159267910885, -0.000159267910885, 1
8.399, 0.032969762, 0.002432143, 8.3, 0.000159267910885, -0.000159267910885, 1
8.4, 0.032975082, 0.002432763, 8.4, 0.000143341119797, -0.000143341119797, 1
8.401, 0.032980522, 0.002433273, 8.4, 0.000143341119797, -0.000143341119797, 1
8.402, 0.032986012, 0.002433693, 8.4, 0.000143341119797, -0.000143341119797, 1
8.403, 0.032991543, 0.002434113, 8.4, 0.000143341119797, -0.000143341119797, 1
8.404, 0.032997162, 0.002434553, 8.4, 0.000143341119797, -0.000143341119797, 1
8.405, 0.033002473, 0.002434994, 8.4, 0.000143341119797, -0.000143341119797, 1
8.406, 0.033007772, 0.002435422, 8.4, 0.000143341119797, -0.000143341119797, 1
8.407, 0.033012972, 0.002435852, 8.4, 0.000143341119797, -0.000143341119797, 1
8.408, 0.033018332, 0.002436283, 8.4, 0.000143341119797, -0.000143341119797, 1
8.409, 0.033024242, 0.002436713, 8.4, 0.000143341119797, -0.000143341119797, 1
8.41, 0.033029661, 0.002437142, 8.4, 0.000143341119797, -0.000143341119797, 1
8.411, 0.033034861, 0.002437582, 8.4, 0.000143341119797, -0.000143341119797, 1
8.412, 0.033040201, 0.002438022, 8.4, 0.000143341119797, -0.000143341119797, 1
8.413, 0.033045551, 0.002438442, 8.4, 0.000143341119797, -0.000143341119797, 1
8.414, 0.033050741, 0.002438872, 8.4, 0.000143341119797, -0.000143341119797, 1
8.415, 0.033055961, 0.002439302, 8.4, 0.000143341119797, -0.000143341119797, 1
8.416, 0.033061191, 0.002439732, 8.4, 0.000143341119797, -0.000143341119797, 1
8.417, 0.033066521, 0.002440162, 8.4, 0.000143341119797, -0.000143341119797, 1
8.418, 0.033071601, 0.002440572, 8.4, 0.000143341119797, -0.000143341119797, 1
8.419, 0.033076812, 0.002441011, 8.4, 0.000143341119797, -0.000143341119797, 1
8.42, 0.033082161, 0.00244161, 8.4, 0.000143341119797, -0.000143341119797, 1
8.421, 0.03308743, 0.002442051, 8.4, 0.000143341119797, -0.000143341119797, 1
8.422, 0.03309232, 0.00244248, 8.4, 0.000143341119797, -0.000143341119797, 1
8.423, 0.033097061, 0.002442869, 8.4, 0.000143341119797, -0.000143341119797, 1
8.424, 0.033101762, 0.002443259, 8.4, 0.000143341119797, -0.000143341119797, 1
8.425, 0.033106692, 0.002443658, 8.4, 0.000143341119797, -0.000143341119797, 1
8.426, 0.033111782, 0.002444048, 8.4, 0.000143341119797, -0.000143341119797, 1
8.427, 0.033117062, 0.002444448, 8.4, 0.000143341119797, -0.000143341119797, 1
8.428, 0.033122532, 0.002444848, 8.4, 0.000143341119797, -0.000143341119797, 1
8.429, 0.033128322, 0.002445388, 8.4, 0.000143341119797, -0.000143341119797, 1
8.43, 0.033133822, 0.002445818, 8.4, 0.000143341119797, -0.000143341119797, 1
8.431, 0.033139033, 0.002446228, 8.4, 0.000143341119797, -0.000143341119797, 1
8.432, 0.033143753, 0.002446608, 8.4, 0.000143341119797, -0.000143341119797, 1
8.433, 0.033148603, 0.002446998, 8.4, 0.000143341119797, -0.000143341119797, 1
8.434, 0.033153683, 0.00244736, 8.4, 0.000143341119797, -0.000143341119797, 1
8.435, 0.033157453, 0.002447629, 8.4, 0.000143341119797, -0.000143341119797, 1
8.436, 0.033166283, 0.002447956, 8.4, 0.000143341119797, -0.000143341119797, 1
8.437, 0.033172314, 0.002448377, 8.4, 0.000143341119797, -0.000143341119797, 1
8.438, 0.033177544, 0.002448776, 8.4, 0.000143341119797, -0.000143341119797, 1
8.439, 0.033182403, 0.002449196, 8.4, 0.000143341119797, -0.000143341119797, 1
8.44, 0.033187383, 0.002449587, 8.4, 0.000143341119797, -0.000143341119797, 1
8.441, 0.033192343, 0.002449987, 8.4, 0.000143341119797, -0.000143341119797, 1
8.442, 0.033197033, 0.002450387, 8.4, 0.000143341119797, -0.000143341119797, 1
8.443, 0.033201913, 0.002450817, 8.4, 0.000143341119797, -0.000143341119797, 1
8.444, 0.033206753, 0.002451197, 8.4, 0.000143341119797, -0.000143341119797, 1
8.445, 0.033211423, 0.002451587, 8.4, 0.000143341119797, -0.000143341119797, 1
8.446, 0.033216363, 0.002451978, 8.4, 0.000143341119797, -0.000143341119797, 1
8.447, 0.033221103, 0.002452378, 8.4, 0.000143341119797, -0.000143341119797, 1
8.448, 0.033225913, 0.002452768, 8.4, 0.000143341119797, -0.000143341119797, 1
8.449, 0.033230853, 0.00245318, 8.4, 0.000143341119797, -0.000143341119797, 1
8.45, 0.033235893, 0.00245357, 8.4, 0.000143341119797, -0.000143341119797, 1
8.451, 0.033240824, 0.002453972, 8.4, 0.000143341119797, -0.000143341119797, 1
8.452, 0.033245805, 0.002454373, 8.4, 0.000143341119797, -0.000143341119797, 1
8.453, 0.033250754, 0.002454773, 8.4, 0.000143341119797, -0.000143341119797, 1
8.454, 0.033255704, 0.002455181, 8.4, 0.000143341119797, -0.000143341119797, 1
8.455, 0.033260613, 0.002455552, 8.4, 0.000143341119797, -0.000143341119797, 1
8.456, 0.033265544, 0.002455952, 8.4, 0.000143341119797, -0.000143341119797, 1
8.457, 0.033270444, 0.002456312, 8.4, 0.000143341119797, -0.000143341119797, 1
8.458, 0.033275244, 0.002456702, 8.4, 0.000143341119797, -0.000143341119797, 1
8.459, 0.033279794, 0.002457062, 8.4, 0.000143341119797, -0.000143341119797, 1
8.46, 0.033284524, 0.002457432, 8.4, 0.000143341119797, -0.000143341119797, 1
8.461, 0.033289244, 0.002457812, 8.4, 0.000143341119797, -0.000143341119797, 1
8.462, 0.033294084, 0.002458243, 8.4, 0.000143341119797, -0.000143341119797, 1
8.463, 0.033299023, 0.002458653, 8.4, 0.000143341119797, -0.000143341119797, 1
8.464, 0.033304013, 0.002459043, 8.4, 0.000143341119797, -0.000143341119797, 1
8.465, 0.033308743, 0.002459443, 8.4, 0.000143341119797, -0.000143341119797, 1
8.466, 0.033313613, 0.002459862, 8.4, 0.000143341119797, -0.000143341119797, 1
8.467, 0.033318423, 0.002460273, 8.4, 0.000143341119797, -0.000143341119797, 1
8.468, 0.033323573, 0.002460683, 8.4, 0.000143341119797, -0.000143341119797, 1
8.469, 0.033328893, 0.002461084, 8.4, 0.000143341119797, -0.000143341119797, 1
8.47, 0.033333923, 0.002461492, 8.4, 0.000143341119797, -0.000143341119797, 1
8.471, 0.033338813, 0.002461882, 8.4, 0.000143341119797, -0.000143341119797, 1
8.472, 0.033343773, 0.002462292, 8.4, 0.000143341119797, -0.000143341119797, 1
8.473, 0.033348873, 0.002462722, 8.4, 0.000143341119797, -0.000143341119797, 1
8.474, 0.033353743, 0.002463132, 8.4, 0.000143341119797, -0.000143341119797, 1
8.475, 0.033358533, 0.002463512, 8.4, 0.000143341119797, -0.000143341119797, 1
8.476, 0.033363433, 0.002463912, 8.4, 0.000143341119797, -0.000143341119797, 1
8.477, 0.033368194, 0.002464322, 8.4, 0.000143341119797, -0.000143341119797, 1
8.478, 0.033373184, 0.002464693, 8.4, 0.000143341119797, -0.000143341119797, 1
8.479, 0.033378364, 0.002465115, 8.4, 0.000143341119797, -0.000143341119797, 1
8.48, 0.033383315, 0.002465516, 8.4, 0.000143341119797, -0.000143341119797, 1
8.481, 0.033388134, 0.002465927, 8.4, 0.000143341119797, -0.000143341119797, 1
8.482, 0.033393054, 0.002466327, 8.4, 0.000143341119797, -0.000143341119797, 1
8.483, 0.033398134, 0.002466728, 8.4, 0.000143341119797, -0.000143341119797, 1
8.484, 0.033403224, 0.002467139, 8.4, 0.000143341119797, -0.000143341119797, 1
8.485, 0.033408273, 0.002467549, 8.4, 0.000143341119797, -0.000143341119797, 1
8.486, 0.033413193, 0.002467939, 8.4, 0.000143341119797, -0.000143341119797, 1
8.487, 0.033418323, 0.002468349, 8.4, 0.000143341119797, -0.000143341119797, 1
8.488, 0.033427853, 0.002468769, 8.4, 0.000143341119797, -0.000143341119797, 1
8.489, 0.033432692, 0.002469179, 8.4, 0.000143341119797, -0.000143341119797, 1
8.49, 0.033437442, 0.002469549, 8.4, 0.000143341119797, -0.000143341119797, 1
8.491, 0.033442302, 0.002469969, 8.4, 0.000143341119797, -0.000143341119797, 1
8.492, 0.033447293, 0.002470379, 8.4, 0.000143341119797, -0.000143341119797, 1
8.493, 0.033452253, 0.002470777, 8.4, 0.000143341119797, -0.000143341119797, 1
8.494, 0.033457233, 0.002471179, 8.4, 0.000143341119797, -0.000143341119797, 1
8.495, 0.033462083, 0.002471581, 8.4, 0.000143341119797, -0.000143341119797, 1
8.496, 0.033467213, 0.002471943, 8.4, 0.000143341119797, -0.000143341119797, 1
8.497, 0.033472164, 0.002472333, 8.4, 0.000143341119797, -0.000143341119797, 1
8.498, 0.033477374, 0.002472733, 8.4, 0.000143341119797, -0.000143341119797, 1
8.499, 0.033482204, 0.002473154, 8.4, 0.000143341119797, -0.000143341119797, 1
8.5, 0.033487364, 0.002473766, 8.5, 0.000129007007817, -0.000129007007817, 1
8.501, 0.033492365, 0.002474186, 8.5, 0.000129007007817, -0.000129007007817, 1
8.502, 0.033497475, 0.002474586, 8.5, 0.000129007007817, -0.000129007007817, 1
8.503, 0.033502445, 0.002474966, 8.5, 0.000129007007817, -0.000129007007817, 1
8.504, 0.033507515, 0.002475366, 8.5, 0.000129007007817, -0.000129007007817, 1
8.505, 0.033512635, 0.002475766, 8.5, 0.000129007007817, -0.000129007007817, 1
8.506, 0.033517595, 0.002476156, 8.5, 0.000129007007817, -0.000129007007817, 1
8.507, 0.033522565, 0.002476526, 8.5, 0.000129007007817, -0.000129007007817, 1
8.508, 0.033527636, 0.002476917, 8.5, 0.000129007007817, -0.000129007007817, 1
8.509, 0.033532527, 0.002477317, 8.5, 0.000129007007817, -0.000129007007817, 1
8.51, 0.033537586, 0.002477718, 8.5, 0.000129007007817, -0.000129007007817, 1
8.511, 0.033542765, 0.002478129, 8.5, 0.000129007007817, -0.000129007007817, 1
8.512, 0.033547776, 0.002478549, 8.5, 0.000129007007817, -0.000129007007817, 1
8.513, 0.033552796, 0.00247897, 8.5, 0.000129007007817, -0.000129007007817, 1
8.514, 0.033560986, 0.002479359, 8.5, 0.000129007007817, -0.000129007007817, 1
8.515, 0.033566067, 0.002479759, 8.5, 0.000129007007817, -0.000129007007817, 1
8.516, 0.033571177, 0.002480169, 8.5, 0.000129007007817, -0.000129007007817, 1
8.517, 0.033576207, 0.002480559, 8.5, 0.000129007007817, -0.000129007007817, 1
8.518, 0.033581257, 0.002480959, 8.5, 0.000129007007817, -0.000129007007817, 1
8.519, 0.033586327, 0.002481359, 8.5, 0.000129007007817, -0.000129007007817, 1
8.52, 0.033591377, 0.002481779, 8.5, 0.000129007007817, -0.000129007007817, 1
8.521, 0.033596487, 0.002482179, 8.5, 0.000129007007817, -0.000129007007817, 1
8.522, 0.033601496, 0.002482571, 8.5, 0.000129007007817, -0.000129007007817, 1
8.523, 0.033606466, 0.002482971, 8.5, 0.000129007007817, -0.000129007007817, 1
8.524, 0.033611516, 0.002483391, 8.5, 0.000129007007817, -0.000129007007817, 1
8.525, 0.033619636, 0.00248378, 8.5, 0.000129007007817, -0.000129007007817, 1
8.526, 0.033625566, 0.00248418, 8.5, 0.000129007007817, -0.000129007007817, 1
8.527, 0.033630446, 0.00248457, 8.5, 0.000129007007817, -0.000129007007817, 1
8.528, 0.033635576, 0.00248495, 8.5, 0.000129007007817, -0.000129007007817, 1
8.529, 0.033640675, 0.00248534, 8.5, 0.000129007007817, -0.000129007007817, 1
8.53, 0.033645745, 0.00248573, 8.5, 0.000129007007817, -0.000129007007817, 1
8.531, 0.033650765, 0.00248612, 8.5, 0.000129007007817, -0.000129007007817, 1
8.532, 0.033655875, 0.00248655, 8.5, 0.000129007007817, -0.000129007007817, 1
8.533, 0.033660855, 0.00248696, 8.5, 0.000129007007817, -0.000129007007817, 1
8.534, 0.033665915, 0.00248738, 8.5, 0.000129007007817, -0.000129007007817, 1
8.535, 0.033671105, 0.002487801, 8.5, 0.000129007007817, -0.000129007007817, 1
8.536, 0.033676225, 0.002488212, 8.5, 0.000129007007817, -0.000129007007817, 1
8.537, 0.033681025, 0.002488632, 8.5, 0.000129007007817, -0.000129007007817, 1
8.538, 0.033686094, 0.002489053, 8.5, 0.000129007007817, -0.000129007007817, 1
8.539, 0.033691134, 0.002489453, 8.5, 0.000129007007817, -0.000129007007817, 1
8.54, 0.033709615, 0.002489864, 8.5, 0.000129007007817, -0.000129007007817, 1
8.541, 0.033714714, 0.002490265, 8.5, 0.000129007007817, -0.000129007007817, 1
8.542, 0.033719615, 0.002490664, 8.5, 0.000129007007817, -0.000129007007817, 1
8.543, 0.033724685, 0.002491074, 8.5, 0.000129007007817, -0.000129007007817, 1
8.544, 0.033729515, 0.002491444, 8.5, 0.000129007007817, -0.000129007007817, 1
8.545, 0.033734465, 0.002491804, 8.5, 0.000129007007817, -0.000129007007817, 1
8.546, 0.033739525, 0.002492234, 8.5, 0.000129007007817, -0.000129007007817, 1
8.547, 0.033744525, 0.002492664, 8.5, 0.000129007007817, -0.000129007007817, 1
8.548, 0.033749405, 0.002493083, 8.5, 0.000129007007817, -0.000129007007817, 1
8.549, 0.033754334, 0.002493483, 8.5, 0.000129007007817, -0.000129007007817, 1
8.55, 0.033759374, 0.002493881, 8.5, 0.000129007007817, -0.000129007007817, 1
8.551, 0.033764334, 0.002494271, 8.5, 0.000129007007817, -0.000129007007817, 1
8.552, 0.033790143, 0.002494689, 8.5, 0.000129007007817, -0.000129007007817, 1
8.553, 0.033795313, 0.00249518, 8.5, 0.000129007007817, -0.000129007007817, 1
8.554, 0.033800173, 0.00249557, 8.5, 0.000129007007817, -0.000129007007817, 1
8.555, 0.033804983, 0.00249594, 8.5, 0.000129007007817, -0.000129007007817, 1
8.556, 0.033809803, 0.00249632, 8.5, 0.000129007007817, -0.000129007007817, 1
8.557, 0.033814413, 0.00249669, 8.5, 0.000129007007817, -0.000129007007817, 1
8.558, 0.033819483, 0.00249709, 8.5, 0.000129007007817, -0.000129007007817, 1
8.559, 0.033824243, 0.002497471, 8.5, 0.000129007007817, -0.000129007007817, 1
8.56, 0.033829173, 0.002497871, 8.5, 0.000129007007817, -0.000129007007817, 1
8.561, 0.033834194, 0.002498259, 8.5, 0.000129007007817, -0.000129007007817, 1
8.562, 0.033838754, 0.002498648, 8.5, 0.000129007007817, -0.000129007007817, 1
8.563, 0.033843685, 0.002499038, 8.5, 0.000129007007817, -0.000129007007817, 1
8.564, 0.033848586, 0.002499419, 8.5, 0.000129007007817, -0.000129007007817, 1
8.565, 0.033853226, 0.002499787, 8.5, 0.000129007007817, -0.000129007007817, 1
8.566, 0.033858015, 0.002500169, 8.5, 0.000129007007817, -0.000129007007817, 1
8.567, 0.033862886, 0.00250057, 8.5, 0.000129007007817, -0.000129007007817, 1
8.568, 0.033867656, 0.002500991, 8.5, 0.000129007007817, -0.000129007007817, 1
8.569, 0.033872506, 0.002501392, 8.5, 0.000129007007817, -0.000129007007817, 1
8.57, 0.033877256, 0.002501772, 8.5, 0.000129007007817, -0.000129007007817, 1
8.571, 0.033882086, 0.002502172, 8.5, 0.000129007007817, -0.000129007007817, 1
8.572, 0.033887026, 0.002502572, 8.5, 0.000129007007817, -0.000129007007817, 1
8.573, 0.033891736, 0.002502952, 8.5, 0.000129007007817, -0.000129007007817, 1
8.574, 0.033896676, 0.002503342, 8.5, 0.000129007007817, -0.000129007007817, 1
8.575, 0.033901677, 0.002503753, 8.5, 0.000129007007817, -0.000129007007817, 1
8.576, 0.033906667, 0.002504164, 8.5, 0.000129007007817, -0.000129007007817, 1
8.577, 0.033911917, 0.002504573, 8.5, 0.000129007007817, -0.000129007007817, 1
8.578, 0.033916978, 0.002504942, 8.5, 0.000129007007817, -0.000129007007817, 1
8.579, 0.033921698, 0.002505313, 8.5, 0.000129007007817, -0.000129007007817, 1
8.58, 0.033926567, 0.002505712, 8.5, 0.000129007007817, -0.000129007007817, 1
8.581, 0.033931438, 0.002506104, 8.5, 0.000129007007817, -0.000129007007817, 1
8.582, 0.033936107, 0.002506486, 8.5, 0.000129007007817, -0.000129007007817, 1
8.583, 0.033940967, 0.002506864, 8.5, 0.000129007007817, -0.000129007007817, 1
8.584, 0.033946048, 0.002507247, 8.5, 0.000129007007817, -0.000129007007817, 1
8.585, 0.033950838, 0.002507647, 8.5, 0.000129007007817, -0.000129007007817, 1
8.586, 0.033955668, 0.002508037, 8.5, 0.000129007007817, -0.000129007007817, 1
8.587, 0.033960688, 0.002508437, 8.5, 0.000129007007817, -0.000129007007817, 1
8.588, 0.033965578, 0.002508837, 8.5, 0.000129007007817, -0.000129007007817, 1
8.589, 0.033970608, 0.002509207, 8.5, 0.000129007007817, -0.000129007007817, 1
8.59, 0.033975698, 0.002509617, 8.5, 0.000129007007817, -0.000129007007817, 1
8.591, 0.033980678, 0.002509996, 8.5, 0.000129007007817, -0.000129007007817, 1
8.592, 0.033989758, 0.002510398, 8.5, 0.000129007007817, -0.000129007007817, 1
8.593, 0.033994688, 0.00251079, 8.5, 0.000129007007817, -0.000129007007817, 1
8.594, 0.033999778, 0.002511199, 8.5, 0.000129007007817, -0.000129007007817, 1
8.595, 0.034004818, 0.002511619, 8.5, 0.000129007007817, -0.000129007007817, 1
8.596, 0.034009739, 0.00251202, 8.5, 0.000129007007817, -0.000129007007817, 1
8.597, 0.034014689, 0.00251243, 8.5, 0.000129007007817, -0.000129007007817, 1
8.598, 0.034019949, 0.002512871, 8.5, 0.000129007007817, -0.000129007007817, 1
8.599, 0.034024919, 0.002513271, 8.5, 0.000129007007817, -0.000129007007817, 1
8.6, 0.034030299, 0.002513851, 8.6, 0.000116106307035, -0.000116106307035, 1
8.601, 0.034035479, 0.002514281, 8.6, 0.000116106307035, -0.000116106307035, 1
8.602, 0.034040549, 0.002514701, 8.6, 0.000116106307035, -0.000116106307035, 1
8.603, 0.034045639, 0.002515081, 8.6, 0.000116106307035, -0.000116106307035, 1
8.604, 0.034050649, 0.002515471, 8.6, 0.000116106307035, -0.000116106307035, 1
8.605, 0.03405577, 0.002515891, 8.6, 0.000116106307035, -0.000116106307035, 1
8.606, 0.034060859, 0.00251627, 8.6, 0.000116106307035, -0.000116106307035, 1
8.607, 0.034065679, 0.00251665, 8.6, 0.000116106307035, -0.000116106307035, 1
8.608, 0.034070489, 0.002517039, 8.6, 0.000116106307035, -0.000116106307035, 1
8.609, 0.03407539, 0.002517427, 8.6, 0.000116106307035, -0.000116106307035, 1
8.61, 0.034080241, 0.002517836, 8.6, 0.000116106307035, -0.000116106307035, 1
8.611, 0.034085101, 0.002518216, 8.6, 0.000116106307035, -0.000116106307035, 1
8.612, 0.034089951, 0.002518605, 8.6, 0.000116106307035, -0.000116106307035, 1
8.613, 0.034094851, 0.002519005, 8.6, 0.000116106307035, -0.000116106307035, 1
8.614, 0.034099742, 0.002519385, 8.6, 0.000116106307035, -0.000116106307035, 1
8.615, 0.034104802, 0.002519775, 8.6, 0.000116106307035, -0.000116106307035, 1
8.616, 0.034119942, 0.002520165, 8.6, 0.000116106307035, -0.000116106307035, 1
8.617, 0.034125212, 0.002520545, 8.6, 0.000116106307035, -0.000116106307035, 1
8.618, 0.034130032, 0.002520925, 8.6, 0.000116106307035, -0.000116106307035, 1
8.619, 0.034135032, 0.002521324, 8.6, 0.000116106307035, -0.000116106307035, 1
8.62, 0.034139792, 0.002521714, 8.6, 0.000116106307035, -0.000116106307035, 1
8.621, 0.03414465, 0.002522096, 8.6, 0.000116106307035, -0.000116106307035, 1
8.622, 0.034149619, 0.002522475, 8.6, 0.000116106307035, -0.000116106307035, 1
8.623, 0.034155139, 0.002522854, 8.6, 0.000116106307035, -0.000116106307035, 1
8.624, 0.034160128, 0.002523225, 8.6, 0.000116106307035, -0.000116106307035, 1
8.625, 0.034165048, 0.002523605, 8.6, 0.000116106307035, -0.000116106307035, 1
8.626, 0.034170068, 0.002524025, 8.6, 0.000116106307035, -0.000116106307035, 1
8.627, 0.034175069, 0.002524424, 8.6, 0.000116106307035, -0.000116106307035, 1
8.628, 0.034180039, 0.002524854, 8.6, 0.000116106307035, -0.000116106307035, 1
8.629, 0.034184929, 0.002525234, 8.6, 0.000116106307035, -0.000116106307035, 1
8.63, 0.034189839, 0.002525624, 8.6, 0.000116106307035, -0.000116106307035, 1
8.631, 0.034194819, 0.002526024, 8.6, 0.000116106307035, -0.000116106307035, 1
8.632, 0.034199879, 0.002526524, 8.6, 0.000116106307035, -0.000116106307035, 1
8.633, 0.034204939, 0.002526993, 8.6, 0.000116106307035, -0.000116106307035, 1
8.634, 0.03420983, 0.002527402, 8.6, 0.000116106307035, -0.000116106307035, 1
8.635, 0.03421471, 0.002527794, 8.6, 0.000116106307035, -0.000116106307035, 1
8.636, 0.034219521, 0.002528183, 8.6, 0.000116106307035, -0.000116106307035, 1
8.637, 0.034224361, 0.002528583, 8.6, 0.000116106307035, -0.000116106307035, 1
8.638, 0.034229382, 0.002528964, 8.6, 0.000116106307035, -0.000116106307035, 1
8.639, 0.034234233, 0.002529354, 8.6, 0.000116106307035, -0.000116106307035, 1
8.64, 0.034238974, 0.002529722, 8.6, 0.000116106307035, -0.000116106307035, 1
8.641, 0.034243564, 0.002530103, 8.6, 0.000116106307035, -0.000116106307035, 1
8.642, 0.034248315, 0.002530482, 8.6, 0.000116106307035, -0.000116106307035, 1
8.643, 0.034253225, 0.002530871, 8.6, 0.000116106307035, -0.000116106307035, 1
8.644, 0.034262165, 0.002531241, 8.6, 0.000116106307035, -0.000116106307035, 1
8.645, 0.034266965, 0.002531611, 8.6, 0.000116106307035, -0.000116106307035, 1
8.646, 0.034272075, 0.002531991, 8.6, 0.000116106307035, -0.000116106307035, 1
8.647, 0.034276925, 0.002532361, 8.6, 0.000116106307035, -0.000116106307035, 1
8.648, 0.034281875, 0.002532751, 8.6, 0.000116106307035, -0.000116106307035, 1
8.649, 0.034286715, 0.002533141, 8.6, 0.000116106307035, -0.000116106307035, 1
8.65, 0.034291475, 0.002533522, 8.6, 0.000116106307035, -0.000116106307035, 1
8.651, 0.034296076, 0.002533902, 8.6, 0.000116106307035, -0.000116106307035, 1
8.652, 0.034300716, 0.002534292, 8.6, 0.000116106307035, -0.000116106307035, 1
8.653, 0.034305505, 0.002534662, 8.6, 0.000116106307035, -0.000116106307035, 1
8.654, 0.034310065, 0.002535031, 8.6, 0.000116106307035, -0.000116106307035, 1
8.655, 0.034314666, 0.002535401, 8.6, 0.000116106307035, -0.000116106307035, 1
8.656, 0.034319336, 0.002535781, 8.6, 0.000116106307035, -0.000116106307035, 1
8.657, 0.034324147, 0.002536131, 8.6, 0.000116106307035, -0.000116106307035, 1
8.658, 0.034328887, 0.002536511, 8.6, 0.000116106307035, -0.000116106307035, 1
8.659, 0.034333817, 0.002536901, 8.6, 0.000116106307035, -0.000116106307035, 1
8.66, 0.034338637, 0.002537301, 8.6, 0.000116106307035, -0.000116106307035, 1
8.661, 0.034343427, 0.002537671, 8.6, 0.000116106307035, -0.000116106307035, 1
8.662, 0.034348147, 0.002538041, 8.6, 0.000116106307035, -0.000116106307035, 1
8.663, 0.034353157, 0.002538431, 8.6, 0.000116106307035, -0.000116106307035, 1
8.664, 0.034357938, 0.00253882, 8.6, 0.000116106307035, -0.000116106307035, 1
8.665, 0.034362808, 0.002539218, 8.6, 0.000116106307035, -0.000116106307035, 1
8.666, 0.034367528, 0.002539608, 8.6, 0.000116106307035, -0.000116106307035, 1
8.667, 0.034372397, 0.002539968, 8.6, 0.000116106307035, -0.000116106307035, 1
8.668, 0.034377098, 0.002540317, 8.6, 0.000116106307035, -0.000116106307035, 1
8.669, 0.034381949, 0.002540697, 8.6, 0.000116106307035, -0.000116106307035, 1
8.67, 0.034386728, 0.002541067, 8.6, 0.000116106307035, -0.000116106307035, 1
8.671, 0.034391489, 0.002541457, 8.6, 0.000116106307035, -0.000116106307035, 1
8.672, 0.034396259, 0.002541818, 8.6, 0.000116106307035, -0.000116106307035, 1
8.673, 0.034401089, 0.002542208, 8.6, 0.000116106307035, -0.000116106307035, 1
8.674, 0.034405879, 0.002542589, 8.6, 0.000116106307035, -0.000116106307035, 1
8.675, 0.034410689, 0.002542969, 8.6, 0.000116106307035, -0.000116106307035, 1
8.676, 0.034415369, 0.002543349, 8.6, 0.000116106307035, -0.000116106307035, 1
8.677, 0.034420319, 0.002543739, 8.6, 0.000116106307035, -0.000116106307035, 1
8.678, 0.034425289, 0.002544129, 8.6, 0.000116106307035, -0.000116106307035, 1
8.679, 0.034430219, 0.002544509, 8.6, 0.000116106307035, -0.000116106307035, 1
8.68, 0.034435239, 0.002544899, 8.6, 0.000116106307035, -0.000116106307035, 1
8.681, 0.034440239, 0.002545289, 8.6, 0.000116106307035, -0.000116106307035, 1
8.682, 0.03444513, 0.002545689, 8.6, 0.000116106307035, -0.000116106307035, 1
8.683, 0.034450381, 0.0025461, 8.6, 0.000116106307035, -0.000116106307035, 1
8.684, 0.0344558, 0.002546522, 8.6, 0.000116106307035, -0.000116106307035, 1
8.685, 0.034460769, 0.002546923, 8.6, 0.000116106307035, -0.000116106307035, 1
8.686, 0.03446565, 0.002547324, 8.6, 0.000116106307035, -0.000116106307035, 1
8.687, 0.03447099, 0.002547734, 8.6, 0.000116106307035, -0.000116106307035, 1
8.688, 0.034476301, 0.002548135, 8.6, 0.000116106307035, -0.000116106307035, 1
8.689, 0.034481141, 0.002548535, 8.6, 0.000116106307035, -0.000116106307035, 1
8.69, 0.034486021, 0.002548905, 8.6, 0.000116106307035, -0.000116106307035, 1
8.691, 0.034491071, 0.002549295, 8.6, 0.000116106307035, -0.000116106307035, 1
8.692, 0.034495841, 0.002549685, 8.6, 0.000116106307035, -0.000116106307035, 1
8.693, 0.034500821, 0.002550085, 8.6, 0.000116106307035, -0.000116106307035, 1
8.694, 0.0345058, 0.002550495, 8.6, 0.000116106307035, -0.000116106307035, 1
8.695, 0.03451068, 0.002550885, 8.6, 0.000116106307035, -0.000116106307035, 1
8.696, 0.03452144, 0.002551286, 8.6, 0.000116106307035, -0.000116106307035, 1
8.697, 0.034526349, 0.002551667, 8.6, 0.000116106307035, -0.000116106307035, 1
8.698, 0.034531669, 0.002552068, 8.6, 0.000116106307035, -0.000116106307035, 1
8.699, 0.034536488, 0.002552468, 8.6, 0.000116106307035, -0.000116106307035, 1
8.7, 0.034541728, 0.002553037, 8.7, 0.000104495676332, -0.000104495676332, 1
8.701, 0.034546819, 0.002553447, 8.7, 0.000104495676332, -0.000104495676332, 1
8.702, 0.034551859, 0.002553808, 8.7, 0.000104495676332, -0.000104495676332, 1
8.703, 0.034556689, 0.002554197, 8.7, 0.000104495676332, -0.000104495676332, 1
8.704, 0.034561769, 0.002554587, 8.7, 0.000104495676332, -0.000104495676332, 1
8.705, 0.034566569, 0.002554987, 8.7, 0.000104495676332, -0.000104495676332, 1
8.706, 0.034571499, 0.002555407, 8.7, 0.000104495676332, -0.000104495676332, 1
8.707, 0.034576769, 0.002555827, 8.7, 0.000104495676332, -0.000104495676332, 1
8.708, 0.034581799, 0.002556247, 8.7, 0.000104495676332, -0.000104495676332, 1
8.709, 0.034586659, 0.002556617, 8.7, 0.000104495676332, -0.000104495676332, 1
8.71, 0.034591629, 0.002557018, 8.7, 0.000104495676332, -0.000104495676332, 1
8.711, 0.034596579, 0.002557399, 8.7, 0.000104495676332, -0.000104495676332, 1
8.712, 0.034601429, 0.002557779, 8.7, 0.000104495676332, -0.000104495676332, 1
8.713, 0.034606379, 0.002558159, 8.7, 0.000104495676332, -0.000104495676332, 1
8.714, 0.034611608, 0.00255856, 8.7, 0.000104495676332, -0.000104495676332, 1
8.715, 0.034616939, 0.002558958, 8.7, 0.000104495676332, -0.000104495676332, 1
8.716, 0.034622189, 0.002559358, 8.7, 0.000104495676332, -0.000104495676332, 1
8.717, 0.034627369, 0.002559748, 8.7, 0.000104495676332, -0.000104495676332, 1
8.718, 0.034632579, 0.002560168, 8.7, 0.000104495676332, -0.000104495676332, 1
8.719, 0.034637769, 0.002560588, 8.7, 0.000104495676332, -0.000104495676332, 1
8.72, 0.034642979, 0.002561008, 8.7, 0.000104495676332, -0.000104495676332, 1
8.721, 0.034648009, 0.002561408, 8.7, 0.000104495676332, -0.000104495676332, 1
8.722, 0.034653149, 0.002561798, 8.7, 0.000104495676332, -0.000104495676332, 1
8.723, 0.034658289, 0.002562208, 8.7, 0.000104495676332, -0.000104495676332, 1
8.724, 0.034663389, 0.002562627, 8.7, 0.000104495676332, -0.000104495676332, 1
8.725, 0.03466856, 0.002563049, 8.7, 0.000104495676332, -0.000104495676332, 1
8.726, 0.034673769, 0.002563458, 8.7, 0.000104495676332, -0.000104495676332, 1
8.727, 0.034678979, 0.00256389, 8.7, 0.000104495676332, -0.000104495676332, 1
8.728, 0.034684198, 0.002564291, 8.7, 0.000104495676332, -0.000104495676332, 1
8.729, 0.034689598, 0.002564712, 8.7, 0.000104495676332, -0.000104495676332, 1
8.73, 0.034694798, 0.002565131, 8.7, 0.000104495676332, -0.000104495676332, 1
8.731, 0.034699948, 0.002565541, 8.7, 0.000104495676332, -0.000104495676332, 1
8.732, 0.034705238, 0.002565961, 8.7, 0.000104495676332, -0.000104495676332, 1
8.733, 0.034710698, 0.002566371, 8.7, 0.000104495676332, -0.000104495676332, 1
8.734, 0.034715868, 0.002566791, 8.7, 0.000104495676332, -0.000104495676332, 1
8.735, 0.034721188, 0.002567201, 8.7, 0.000104495676332, -0.000104495676332, 1
8.736, 0.034726378, 0.002567611, 8.7, 0.000104495676332, -0.000104495676332, 1
8.737, 0.034731778, 0.002568011, 8.7, 0.000104495676332, -0.000104495676332, 1
8.738, 0.034737299, 0.002568422, 8.7, 0.000104495676332, -0.000104495676332, 1
8.739, 0.034742478, 0.00256883, 8.7, 0.000104495676332, -0.000104495676332, 1
8.74, 0.034747658, 0.002569249, 8.7, 0.000104495676332, -0.000104495676332, 1
8.741, 0.034752848, 0.002569671, 8.7, 0.000104495676332, -0.000104495676332, 1
8.742, 0.034758368, 0.002570091, 8.7, 0.000104495676332, -0.000104495676332, 1
8.743, 0.034763688, 0.002570511, 8.7, 0.000104495676332, -0.000104495676332, 1
8.744, 0.034768778, 0.00257092, 8.7, 0.000104495676332, -0.000104495676332, 1
8.745, 0.034773908, 0.002571342, 8.7, 0.000104495676332, -0.000104495676332, 1
8.746, 0.034779087, 0.002571772, 8.7, 0.000104495676332, -0.000104495676332, 1
8.747, 0.034784318, 0.002572201, 8.7, 0.000104495676332, -0.000104495676332, 1
8.748, 0.034799008, 0.002572621, 8.7, 0.000104495676332, -0.000104495676332, 1
8.749, 0.034804148, 0.002573041, 8.7, 0.000104495676332, -0.000104495676332, 1
8.75, 0.034809258, 0.002573461, 8.7, 0.000104495676332, -0.000104495676332, 1
8.751, 0.034814669, 0.002573892, 8.7, 0.000104495676332, -0.000104495676332, 1
8.752, 0.034819808, 0.002574332, 8.7, 0.000104495676332, -0.000104495676332, 1
8.753, 0.034825018, 0.002574752, 8.7, 0.000104495676332, -0.000104495676332, 1
8.754, 0.034830108, 0.002575151, 8.7, 0.000104495676332, -0.000104495676332, 1
8.755, 0.034835428, 0.002575569, 8.7, 0.000104495676332, -0.000104495676332, 1
8.756, 0.034840599, 0.00257599, 8.7, 0.000104495676332, -0.000104495676332, 1
8.757, 0.034845668, 0.00257641, 8.7, 0.000104495676332, -0.000104495676332, 1
8.758, 0.034850739, 0.00257681, 8.7, 0.000104495676332, -0.000104495676332, 1
8.759, 0.034855948, 0.002577239, 8.7, 0.000104495676332, -0.000104495676332, 1
8.76, 0.034861168, 0.002577648, 8.7, 0.000104495676332, -0.000104495676332, 1
8.761, 0.034866357, 0.002578068, 8.7, 0.000104495676332, -0.000104495676332, 1
8.762, 0.034871457, 0.002578498, 8.7, 0.000104495676332, -0.000104495676332, 1
8.763, 0.034876557, 0.002578908, 8.7, 0.000104495676332, -0.000104495676332, 1
8.764, 0.034881767, 0.002579338, 8.7, 0.000104495676332, -0.000104495676332, 1
8.765, 0.034887167, 0.002579748, 8.7, 0.000104495676332, -0.000104495676332, 1
8.766, 0.034892367, 0.002580169, 8.7, 0.000104495676332, -0.000104495676332, 1
8.767, 0.034897467, 0.002580588, 8.7, 0.000104495676332, -0.000104495676332, 1
8.768, 0.034902758, 0.002581007, 8.7, 0.000104495676332, -0.000104495676332, 1
8.769, 0.034907907, 0.002581397, 8.7, 0.000104495676332, -0.000104495676332, 1
8.77, 0.034913038, 0.002581826, 8.7, 0.000104495676332, -0.000104495676332, 1
8.771, 0.034918318, 0.002582245, 8.7, 0.000104495676332, -0.000104495676332, 1
8.772, 0.034923558, 0.002582677, 8.7, 0.000104495676332, -0.000104495676332, 1
8.773, 0.034928629, 0.002583097, 8.7, 0.000104495676332, -0.000104495676332, 1
8.774, 0.034933829, 0.002583527, 8.7, 0.000104495676332, -0.000104495676332, 1
8.775, 0.034939579, 0.002583977, 8.7, 0.000104495676332, -0.000104495676332, 1
8.776, 0.034945089, 0.002584397, 8.7, 0.000104495676332, -0.000104495676332, 1
8.777, 0.034950209, 0.002584817, 8.7, 0.000104495676332, -0.000104495676332, 1
8.778, 0.034955399, 0.002585247, 8.7, 0.000104495676332, -0.000104495676332, 1
8.779, 0.034960629, 0.002585677, 8.7, 0.000104495676332, -0.000104495676332, 1
8.78, 0.03496571, 0.002586097, 8.7, 0.000104495676332, -0.000104495676332, 1
8.781, 0.034970961, 0.002586516, 8.7, 0.000104495676332, -0.000104495676332, 1
8.782, 0.0349761, 0.002586926, 8.7, 0.000104495676332, -0.000104495676332, 1
8.783, 0.034981381, 0.002587345, 8.7, 0.000104495676332, -0.000104495676332, 1
8.784, 0.034986531, 0.002587763, 8.7, 0.000104495676332, -0.000104495676332, 1
8.785, 0.03499168, 0.002588193, 8.7, 0.000104495676332, -0.000104495676332, 1
8.786, 0.034997111, 0.002588623, 8.7, 0.000104495676332, -0.000104495676332, 1
8.787, 0.035002351, 0.002589053, 8.7, 0.000104495676332, -0.000104495676332, 1
8.788, 0.035007772, 0.002589451, 8.7, 0.000104495676332, -0.000104495676332, 1
8.789, 0.035012982, 0.002589872, 8.7, 0.000104495676332, -0.000104495676332, 1
8.79, 0.035018102, 0.002590292, 8.7, 0.000104495676332, -0.000104495676332, 1
8.791, 0.035023922, 0.002590712, 8.7, 0.000104495676332, -0.000104495676332, 1
8.792, 0.035029482, 0.002591152, 8.7, 0.000104495676332, -0.000104495676332, 1
8.793, 0.035034872, 0.002591572, 8.7, 0.000104495676332, -0.000104495676332, 1
8.794, 0.035040082, 0.002592002, 8.7, 0.000104495676332, -0.000104495676332, 1
8.795, 0.035045103, 0.002592421, 8.7, 0.000104495676332, -0.000104495676332, 1
8.796, 0.035050303, 0.002592842, 8.7, 0.000104495676332, -0.000104495676332, 1
8.797, 0.035055143, 0.002593241, 8.7, 0.000104495676332, -0.000104495676332, 1
8.798, 0.035060164, 0.00259366, 8.7, 0.000104495676332, -0.000104495676332, 1
8.799, 0.035065174, 0.002594072, 8.7, 0.000104495676332, -0.000104495676332, 1
8.8, 0.035075964, 0.002594592, 8.8, 9.40461086986e-05, -9.40461086986e-05, 1
8.801, 0.035081465, 0.002594992, 8.8, 9.40461086986e-05, -9.40461086986e-05, 1
8.802, 0.035086635, 0.002595393, 8.8, 9.40461086986e-05, -9.40461086986e-05, 1
8.803, 0.035091325, 0.002595773, 8.8, 9.40461086986e-05, -9.40461086986e-05, 1
8.804, 0.035096105, 0.002596163, 8.8, 9.40461086986e-05, -9.40461086986e-05, 1
8.805, 0.035100875, 0.002596543, 8.8, 9.40461086986e-05, -9.40461086986e-05, 1
8.806, 0.035105585, 0.002596963, 8.8, 9.40461086986e-05, -9.40461086986e-05, 1
8.807, 0.035110355, 0.002597343, 8.8, 9.40461086986e-05, -9.40461086986e-05, 1
8.808, 0.035114875, 0.002597713, 8.8, 9.40461086986e-05, -9.40461086986e-05, 1
8.809, 0.035119535, 0.002598073, 8.8, 9.40461086986e-05, -9.40461086986e-05, 1
8.81, 0.035124325, 0.002598454, 8.8, 9.40461086986e-05, -9.40461086986e-05, 1
8.811, 0.035128805, 0.002598815, 8.8, 9.40461086986e-05, -9.40461086986e-05, 1
8.812, 0.035133405, 0.002599196, 8.8, 9.40461086986e-05, -9.40461086986e-05, 1
8.813, 0.035137996, 0.002599555, 8.8, 9.40461086986e-05, -9.40461086986e-05, 1
8.814, 0.035142526, 0.002599924, 8.8, 9.40461086986e-05, -9.40461086986e-05, 1
8.815, 0.035147086, 0.002600293, 8.8, 9.40461086986e-05, -9.40461086986e-05, 1
8.816, 0.035151806, 0.002600683, 8.8, 9.40461086986e-05, -9.40461086986e-05, 1
8.817, 0.035156376, 0.002601043, 8.8, 9.40461086986e-05, -9.40461086986e-05, 1
8.818, 0.035160915, 0.002601422, 8.8, 9.40461086986e-05, -9.40461086986e-05, 1
8.819, 0.035165475, 0.002601781, 8.8, 9.40461086986e-05, -9.40461086986e-05, 1
8.82, 0.035170125, 0.002602161, 8.8, 9.40461086986e-05, -9.40461086986e-05, 1
8.821, 0.035174875, 0.002602541, 8.8, 9.40461086986e-05, -9.40461086986e-05, 1
8.822, 0.035179625, 0.002602921, 8.8, 9.40461086986e-05, -9.40461086986e-05, 1
8.823, 0.035184375, 0.002603321, 8.8, 9.40461086986e-05, -9.40461086986e-05, 1
8.824, 0.035189065, 0.002603701, 8.8, 9.40461086986e-05, -9.40461086986e-05, 1
8.825, 0.035193986, 0.00260413, 8.8, 9.40461086986e-05, -9.40461086986e-05, 1
8.826, 0.035198826, 0.0026045, 8.8, 9.40461086986e-05, -9.40461086986e-05, 1
8.827, 0.035203415, 0.00260487, 8.8, 9.40461086986e-05, -9.40461086986e-05, 1
8.828, 0.035208116, 0.002605241, 8.8, 9.40461086986e-05, -9.40461086986e-05, 1
8.829, 0.035212676, 0.002605621, 8.8, 9.40461086986e-05, -9.40461086986e-05, 1
8.83, 0.035217266, 0.00260598, 8.8, 9.40461086986e-05, -9.40461086986e-05, 1
8.831, 0.035222316, 0.002606349, 8.8, 9.40461086986e-05, -9.40461086986e-05, 1
8.832, 0.035226827, 0.002606719, 8.8, 9.40461086986e-05, -9.40461086986e-05, 1
8.833, 0.035231335, 0.002607098, 8.8, 9.40461086986e-05, -9.40461086986e-05, 1
8.834, 0.035235815, 0.002607478, 8.8, 9.40461086986e-05, -9.40461086986e-05, 1
8.835, 0.035240325, 0.002607849, 8.8, 9.40461086986e-05, -9.40461086986e-05, 1
8.836, 0.035244895, 0.002608219, 8.8, 9.40461086986e-05, -9.40461086986e-05, 1
8.837, 0.035249435, 0.002608579, 8.8, 9.40461086986e-05, -9.40461086986e-05, 1
8.838, 0.035254245, 0.002608949, 8.8, 9.40461086986e-05, -9.40461086986e-05, 1
8.839, 0.035259185, 0.002609339, 8.8, 9.40461086986e-05, -9.40461086986e-05, 1
8.84, 0.035263695, 0.002609719, 8.8, 9.40461086986e-05, -9.40461086986e-05, 1
8.841, 0.035268375, 0.002610088, 8.8, 9.40461086986e-05, -9.40461086986e-05, 1
8.842, 0.035272924, 0.002610477, 8.8, 9.40461086986e-05, -9.40461086986e-05, 1
8.843, 0.035277535, 0.002610847, 8.8, 9.40461086986e-05, -9.40461086986e-05, 1
8.844, 0.035282146, 0.002611215, 8.8, 9.40461086986e-05, -9.40461086986e-05, 1
8.845, 0.035286616, 0.002611584, 8.8, 9.40461086986e-05, -9.40461086986e-05, 1
8.846, 0.035291197, 0.002611964, 8.8, 9.40461086986e-05, -9.40461086986e-05, 1
8.847, 0.035295768, 0.002612355, 8.8, 9.40461086986e-05, -9.40461086986e-05, 1
8.848, 0.035300549, 0.002612736, 8.8, 9.40461086986e-05, -9.40461086986e-05, 1
8.849, 0.035305599, 0.002613096, 8.8, 9.40461086986e-05, -9.40461086986e-05, 1
8.85, 0.035310179, 0.002613465, 8.8, 9.40461086986e-05, -9.40461086986e-05, 1
8.851, 0.035314769, 0.002613825, 8.8, 9.40461086986e-05, -9.40461086986e-05, 1
8.852, 0.03532417, 0.002614185, 8.8, 9.40461086986e-05, -9.40461086986e-05, 1
8.853, 0.03532902, 0.002614565, 8.8, 9.40461086986e-05, -9.40461086986e-05, 1
8.854, 0.03533359, 0.002614935, 8.8, 9.40461086986e-05, -9.40461086986e-05, 1
8.855, 0.03533825, 0.002615295, 8.8, 9.40461086986e-05, -9.40461086986e-05, 1
8.856, 0.0353429, 0.002615675, 8.8, 9.40461086986e-05, -9.40461086986e-05, 1
8.857, 0.03534755, 0.002616044, 8.8, 9.40461086986e-05, -9.40461086986e-05, 1
8.858, 0.03535213, 0.002616394, 8.8, 9.40461086986e-05, -9.40461086986e-05, 1
8.859, 0.0353568, 0.002616773, 8.8, 9.40461086986e-05, -9.40461086986e-05, 1
8.86, 0.03536181, 0.002617152, 8.8, 9.40461086986e-05, -9.40461086986e-05, 1
8.861, 0.03536661, 0.002617554, 8.8, 9.40461086986e-05, -9.40461086986e-05, 1
8.862, 0.03537181, 0.002617965, 8.8, 9.40461086986e-05, -9.40461086986e-05, 1
8.863, 0.035376961, 0.002618365, 8.8, 9.40461086986e-05, -9.40461086986e-05, 1
8.864, 0.035382061, 0.002618776, 8.8, 9.40461086986e-05, -9.40461086986e-05, 1
8.865, 0.035387181, 0.002619185, 8.8, 9.40461086986e-05, -9.40461086986e-05, 1
8.866, 0.035392312, 0.002619594, 8.8, 9.40461086986e-05, -9.40461086986e-05, 1
8.867, 0.035397392, 0.002620024, 8.8, 9.40461086986e-05, -9.40461086986e-05, 1
8.868, 0.035402562, 0.002620454, 8.8, 9.40461086986e-05, -9.40461086986e-05, 1
8.869, 0.035407492, 0.002620874, 8.8, 9.40461086986e-05, -9.40461086986e-05, 1
8.87, 0.035412442, 0.002621274, 8.8, 9.40461086986e-05, -9.40461086986e-05, 1
8.871, 0.035417502, 0.002621674, 8.8, 9.40461086986e-05, -9.40461086986e-05, 1
8.872, 0.035422542, 0.002622095, 8.8, 9.40461086986e-05, -9.40461086986e-05, 1
8.873, 0.035427472, 0.002622485, 8.8, 9.40461086986e-05, -9.40461086986e-05, 1
8.874, 0.035432623, 0.002622875, 8.8, 9.40461086986e-05, -9.40461086986e-05, 1
8.875, 0.035437383, 0.002623267, 8.8, 9.40461086986e-05, -9.40461086986e-05, 1
8.876, 0.035442444, 0.002623686, 8.8, 9.40461086986e-05, -9.40461086986e-05, 1
8.877, 0.035447663, 0.002624145, 8.8, 9.40461086986e-05, -9.40461086986e-05, 1
8.878, 0.035452633, 0.002624557, 8.8, 9.40461086986e-05, -9.40461086986e-05, 1
8.879, 0.035457922, 0.002624955, 8.8, 9.40461086986e-05, -9.40461086986e-05, 1
8.88, 0.035463002, 0.002625326, 8.8, 9.40461086986e-05, -9.40461086986e-05, 1
8.881, 0.035467742, 0.002625715, 8.8, 9.40461086986e-05, -9.40461086986e-05, 1
8.882, 0.035472342, 0.002626105, 8.8, 9.40461086986e-05, -9.40461086986e-05, 1
8.883, 0.035476982, 0.002626465, 8.8, 9.40461086986e-05, -9.40461086986e-05, 1
8.884, 0.035481792, 0.002626885, 8.8, 9.40461086986e-05, -9.40461086986e-05, 1
8.885, 0.035486712, 0.002627265, 8.8, 9.40461086986e-05, -9.40461086986e-05, 1
8.886, 0.035491202, 0.002627615, 8.8, 9.40461086986e-05, -9.40461086986e-05, 1
8.887, 0.035494682, 0.002627885, 8.8, 9.40461086986e-05, -9.40461086986e-05, 1
8.888, 0.035498253, 0.002628134, 8.8, 9.40461086986e-05, -9.40461086986e-05, 1
8.889, 0.035501713, 0.002628394, 8.8, 9.40461086986e-05, -9.40461086986e-05, 1
8.89, 0.035505313, 0.002628653, 8.8, 9.40461086986e-05, -9.40461086986e-05, 1
8.891, 0.035508884, 0.002628912, 8.8, 9.40461086986e-05, -9.40461086986e-05, 1
8.892, 0.035512415, 0.002629172, 8.8, 9.40461086986e-05, -9.40461086986e-05, 1
8.893, 0.035515884, 0.002629452, 8.8, 9.40461086986e-05, -9.40461086986e-05, 1
8.894, 0.035519425, 0.002629714, 8.8, 9.40461086986e-05, -9.40461086986e-05, 1
8.895, 0.035522876, 0.002629984, 8.8, 9.40461086986e-05, -9.40461086986e-05, 1
8.896, 0.035526466, 0.002630243, 8.8, 9.40461086986e-05, -9.40461086986e-05, 1
8.897, 0.035529936, 0.002630506, 8.8, 9.40461086986e-05, -9.40461086986e-05, 1
8.898, 0.035533445, 0.002630767, 8.8, 9.40461086986e-05, -9.40461086986e-05, 1
8.899, 0.035536875, 0.002631018, 8.8, 9.40461086986e-05, -9.40461086986e-05, 1
8.9, 0.035540535, 0.002631457, 8.9, 8.46414978287e-05, -8.46414978287e-05, 1
8.901, 0.035544275, 0.002631718, 8.9, 8.46414978287e-05, -8.46414978287e-05, 1
8.902, 0.035547855, 0.002631978, 8.9, 8.46414978287e-05, -8.46414978287e-05, 1
8.903, 0.035551355, 0.002632248, 8.9, 8.46414978287e-05, -8.46414978287e-05, 1
8.904, 0.035554915, 0.002632508, 8.9, 8.46414978287e-05, -8.46414978287e-05, 1
8.905, 0.035561675, 0.002632758, 8.9, 8.46414978287e-05, -8.46414978287e-05, 1
8.906, 0.035565285, 0.002633008, 8.9, 8.46414978287e-05, -8.46414978287e-05, 1
8.907, 0.035568915, 0.002633258, 8.9, 8.46414978287e-05, -8.46414978287e-05, 1
8.908, 0.035572526, 0.002633508, 8.9, 8.46414978287e-05, -8.46414978287e-05, 1
8.909, 0.035576026, 0.002633778, 8.9, 8.46414978287e-05, -8.46414978287e-05, 1
8.91, 0.035579605, 0.002634026, 8.9, 8.46414978287e-05, -8.46414978287e-05, 1
8.911, 0.035583165, 0.002634287, 8.9, 8.46414978287e-05, -8.46414978287e-05, 1
8.912, 0.035586774, 0.002634525, 8.9, 8.46414978287e-05, -8.46414978287e-05, 1
8.913, 0.035590204, 0.002634766, 8.9, 8.46414978287e-05, -8.46414978287e-05, 1
8.914, 0.035593783, 0.002635015, 8.9, 8.46414978287e-05, -8.46414978287e-05, 1
8.915, 0.035597322, 0.002635285, 8.9, 8.46414978287e-05, -8.46414978287e-05, 1
8.916, 0.035601153, 0.002635546, 8.9, 8.46414978287e-05, -8.46414978287e-05, 1
8.917, 0.035604713, 0.002635797, 8.9, 8.46414978287e-05, -8.46414978287e-05, 1
8.918, 0.035608313, 0.002636056, 8.9, 8.46414978287e-05, -8.46414978287e-05, 1
8.919, 0.035611804, 0.002636308, 8.9, 8.46414978287e-05, -8.46414978287e-05, 1
8.92, 0.035615284, 0.002636567, 8.9, 8.46414978287e-05, -8.46414978287e-05, 1
8.921, 0.035618795, 0.002636818, 8.9, 8.46414978287e-05, -8.46414978287e-05, 1
8.922, 0.035622265, 0.002637078, 8.9, 8.46414978287e-05, -8.46414978287e-05, 1
8.923, 0.035625885, 0.002637328, 8.9, 8.46414978287e-05, -8.46414978287e-05, 1
8.924, 0.035629415, 0.002637598, 8.9, 8.46414978287e-05, -8.46414978287e-05, 1
8.925, 0.035632995, 0.002637868, 8.9, 8.46414978287e-05, -8.46414978287e-05, 1
8.926, 0.035636445, 0.002638128, 8.9, 8.46414978287e-05, -8.46414978287e-05, 1
8.927, 0.035640005, 0.002638388, 8.9, 8.46414978287e-05, -8.46414978287e-05, 1
8.928, 0.035643455, 0.002638648, 8.9, 8.46414978287e-05, -8.46414978287e-05, 1
8.929, 0.035647035, 0.002638898, 8.9, 8.46414978287e-05, -8.46414978287e-05, 1
8.93, 0.035650585, 0.002639158, 8.9, 8.46414978287e-05, -8.46414978287e-05, 1
8.931, 0.035654165, 0.002639429, 8.9, 8.46414978287e-05, -8.46414978287e-05, 1
8.932, 0.035657755, 0.002639679, 8.9, 8.46414978287e-05, -8.46414978287e-05, 1
8.933, 0.035661456, 0.002639931, 8.9, 8.46414978287e-05, -8.46414978287e-05, 1
8.934, 0.035664995, 0.00264018, 8.9, 8.46414978287e-05, -8.46414978287e-05, 1
8.935, 0.035668616, 0.002640433, 8.9, 8.46414978287e-05, -8.46414978287e-05, 1
8.936, 0.035672075, 0.002640691, 8.9, 8.46414978287e-05, -8.46414978287e-05, 1
8.937, 0.035675635, 0.002640962, 8.9, 8.46414978287e-05, -8.46414978287e-05, 1
8.938, 0.035679055, 0.00264122, 8.9, 8.46414978287e-05, -8.46414978287e-05, 1
8.939, 0.035682575, 0.00264149, 8.9, 8.46414978287e-05, -8.46414978287e-05, 1
8.94, 0.035686055, 0.002641749, 8.9, 8.46414978287e-05, -8.46414978287e-05, 1
8.941, 0.035689585, 0.00264201, 8.9, 8.46414978287e-05, -8.46414978287e-05, 1
8.942, 0.035693065, 0.00264228, 8.9, 8.46414978287e-05, -8.46414978287e-05, 1
8.943, 0.035696516, 0.00264254, 8.9, 8.46414978287e-05, -8.46414978287e-05, 1
8.944, 0.035700116, 0.0026428, 8.9, 8.46414978287e-05, -8.46414978287e-05, 1
8.945, 0.035703596, 0.00264306, 8.9, 8.46414978287e-05, -8.46414978287e-05, 1
8.946, 0.035707226, 0.00264332, 8.9, 8.46414978287e-05, -8.46414978287e-05, 1
8.947, 0.035710716, 0.00264358, 8.9, 8.46414978287e-05, -8.46414978287e-05, 1
8.948, 0.035714256, 0.00264384, 8.9, 8.46414978287e-05, -8.46414978287e-05, 1
8.949, 0.035717706, 0.00264411, 8.9, 8.46414978287e-05, -8.46414978287e-05, 1
8.95, 0.035721276, 0.00264437, 8.9, 8.46414978287e-05, -8.46414978287e-05, 1
8.951, 0.035724756, 0.00264463, 8.9, 8.46414978287e-05, -8.46414978287e-05, 1
8.952, 0.035728387, 0.0026449, 8.9, 8.46414978287e-05, -8.46414978287e-05, 1
8.953, 0.035731767, 0.002645157, 8.9, 8.46414978287e-05, -8.46414978287e-05, 1
8.954, 0.035735427, 0.002645418, 8.9, 8.46414978287e-05, -8.46414978287e-05, 1
8.955, 0.035738877, 0.002645678, 8.9, 8.46414978287e-05, -8.46414978287e-05, 1
8.956, 0.035742557, 0.002645937, 8.9, 8.46414978287e-05, -8.46414978287e-05, 1
8.957, 0.035749218, 0.002646209, 8.9, 8.46414978287e-05, -8.46414978287e-05, 1
8.958, 0.035752799, 0.00264648, 8.9, 8.46414978287e-05, -8.46414978287e-05, 1
8.959, 0.035756279, 0.00264675, 8.9, 8.46414978287e-05, -8.46414978287e-05, 1
8.96, 0.03575989, 0.002647019, 8.9, 8.46414978287e-05, -8.46414978287e-05, 1
8.961, 0.035763461, 0.002647271, 8.9, 8.46414978287e-05, -8.46414978287e-05, 1
8.962, 0.035767031, 0.002647533, 8.9, 8.46414978287e-05, -8.46414978287e-05, 1
8.963, 0.035770471, 0.002647792, 8.9, 8.46414978287e-05, -8.46414978287e-05, 1
8.964, 0.035774041, 0.002648052, 8.9, 8.46414978287e-05, -8.46414978287e-05, 1
8.965, 0.035777511, 0.002648312, 8.9, 8.46414978287e-05, -8.46414978287e-05, 1
8.966, 0.035781111, 0.002648582, 8.9, 8.46414978287e-05, -8.46414978287e-05, 1
8.967, 0.035784641, 0.002648852, 8.9, 8.46414978287e-05, -8.46414978287e-05, 1
8.968, 0.035788301, 0.002649112, 8.9, 8.46414978287e-05, -8.46414978287e-05, 1
8.969, 0.035791861, 0.002649372, 8.9, 8.46414978287e-05, -8.46414978287e-05, 1
8.97, 0.035795421, 0.002649622, 8.9, 8.46414978287e-05, -8.46414978287e-05, 1
8.971, 0.035798861, 0.002649892, 8.9, 8.46414978287e-05, -8.46414978287e-05, 1
8.972, 0.035802501, 0.00265015, 8.9, 8.46414978287e-05, -8.46414978287e-05, 1
8.973, 0.035805921, 0.002650401, 8.9, 8.46414978287e-05, -8.46414978287e-05, 1
8.974, 0.035809572, 0.002650659, 8.9, 8.46414978287e-05, -8.46414978287e-05, 1
8.975, 0.035813042, 0.002650906, 8.9, 8.46414978287e-05, -8.46414978287e-05, 1
8.976, 0.035816582, 0.002651177, 8.9, 8.46414978287e-05, -8.46414978287e-05, 1
8.977, 0.035820133, 0.002651437, 8.9, 8.46414978287e-05, -8.46414978287e-05, 1
8.978, 0.035823712, 0.002651687, 8.9, 8.46414978287e-05, -8.46414978287e-05, 1
8.979, 0.035827253, 0.002651949, 8.9, 8.46414978287e-05, -8.46414978287e-05, 1
8.98, 0.035830752, 0.002652197, 8.9, 8.46414978287e-05, -8.46414978287e-05, 1
8.981, 0.035834333, 0.00265245, 8.9, 8.46414978287e-05, -8.46414978287e-05, 1
8.982, 0.035837993, 0.002652699, 8.9, 8.46414978287e-05, -8.46414978287e-05, 1
8.983, 0.035841673, 0.002652948, 8.9, 8.46414978287e-05, -8.46414978287e-05, 1
8.984, 0.035845163, 0.002653219, 8.9, 8.46414978287e-05, -8.46414978287e-05, 1
8.985, 0.035848733, 0.002653488, 8.9, 8.46414978287e-05, -8.46414978287e-05, 1
8.986, 0.035852283, 0.002653748, 8.9, 8.46414978287e-05, -8.46414978287e-05, 1
8.987, 0.035855863, 0.002654008, 8.9, 8.46414978287e-05, -8.46414978287e-05, 1
8.988, 0.035859413, 0.002654258, 8.9, 8.46414978287e-05, -8.46414978287e-05, 1
8.989, 0.035862993, 0.002654518, 8.9, 8.46414978287e-05, -8.46414978287e-05, 1
8.99, 0.035866443, 0.002654788, 8.9, 8.46414978287e-05, -8.46414978287e-05, 1
8.991, 0.035869993, 0.002655048, 8.9, 8.46414978287e-05, -8.46414978287e-05, 1
8.992, 0.035873473, 0.002655308, 8.9, 8.46414978287e-05, -8.46414978287e-05, 1
8.993, 0.035877064, 0.002655567, 8.9, 8.46414978287e-05, -8.46414978287e-05, 1
8.994, 0.035880664, 0.002655828, 8.9, 8.46414978287e-05, -8.46414978287e-05, 1
8.995, 0.035884274, 0.0026561, 8.9, 8.46414978287e-05, -8.46414978287e-05, 1
8.996, 0.035887794, 0.002656359, 8.9, 8.46414978287e-05, -8.46414978287e-05, 1
8.997, 0.035891364, 0.002656608, 8.9, 8.46414978287e-05, -8.46414978287e-05, 1
8.998, 0.035894825, 0.00265687, 8.9, 8.46414978287e-05, -8.46414978287e-05, 1
8.999, 0.035898366, 0.002657129, 8.9, 8.46414978287e-05, -8.46414978287e-05, 1
9, 0.035901955, 0.002657538, 9, 7.61773480459e-05, -7.61773480459e-05, 1
9.001, 0.035905675, 0.002657789, 9, 7.61773480459e-05, -7.61773480459e-05, 1
9.002, 0.035909315, 0.002658049, 9, 7.61773480459e-05, -7.61773480459e-05, 1
9.003, 0.035912875, 0.00265831, 9, 7.61773480459e-05, -7.61773480459e-05, 1
9.004, 0.035916475, 0.002658569, 9, 7.61773480459e-05, -7.61773480459e-05, 1
9.005, 0.035920095, 0.002658819, 9, 7.61773480459e-05, -7.61773480459e-05, 1
9.006, 0.035923675, 0.00265907, 9, 7.61773480459e-05, -7.61773480459e-05, 1
9.007, 0.035927205, 0.00265934, 9, 7.61773480459e-05, -7.61773480459e-05, 1
9.008, 0.035930785, 0.00265959, 9, 7.61773480459e-05, -7.61773480459e-05, 1
9.009, 0.035939105, 0.00265985, 9, 7.61773480459e-05, -7.61773480459e-05, 1
9.01, 0.035942575, 0.00266011, 9, 7.61773480459e-05, -7.61773480459e-05, 1
9.011, 0.035946225, 0.00266037, 9, 7.61773480459e-05, -7.61773480459e-05, 1
9.012, 0.035949705, 0.00266063, 9, 7.61773480459e-05, -7.61773480459e-05, 1
9.013, 0.035953264, 0.002660881, 9, 7.61773480459e-05, -7.61773480459e-05, 1
9.014, 0.035956733, 0.002661152, 9, 7.61773480459e-05, -7.61773480459e-05, 1
9.015, 0.035960293, 0.002661422, 9, 7.61773480459e-05, -7.61773480459e-05, 1
9.016, 0.035963793, 0.002661684, 9, 7.61773480459e-05, -7.61773480459e-05, 1
9.017, 0.035967393, 0.002661943, 9, 7.61773480459e-05, -7.61773480459e-05, 1
9.018, 0.035970904, 0.002662205, 9, 7.61773480459e-05, -7.61773480459e-05, 1
9.019, 0.035974563, 0.002662462, 9, 7.61773480459e-05, -7.61773480459e-05, 1
9.02, 0.035978083, 0.002662722, 9, 7.61773480459e-05, -7.61773480459e-05, 1
9.021, 0.035981732, 0.002662981, 9, 7.61773480459e-05, -7.61773480459e-05, 1
9.022, 0.035985132, 0.002663243, 9, 7.61773480459e-05, -7.61773480459e-05, 1
9.023, 0.035988742, 0.0026635, 9, 7.61773480459e-05, -7.61773480459e-05, 1
9.024, 0.035992161, 0.002663749, 9, 7.61773480459e-05, -7.61773480459e-05, 1
9.025, 0.035995621, 0.002664008, 9, 7.61773480459e-05, -7.61773480459e-05, 1
9.026, 0.035999212, 0.002664268, 9, 7.61773480459e-05, -7.61773480459e-05, 1
9.027, 0.036002622, 0.002664538, 9, 7.61773480459e-05, -7.61773480459e-05, 1
9.028, 0.036006232, 0.002664808, 9, 7.61773480459e-05, -7.61773480459e-05, 1
9.029, 0.036009632, 0.002665068, 9, 7.61773480459e-05, -7.61773480459e-05, 1
9.03, 0.036013162, 0.002665328, 9, 7.61773480459e-05, -7.61773480459e-05, 1
9.031, 0.036016582, 0.002665578, 9, 7.61773480459e-05, -7.61773480459e-05, 1
9.032, 0.036020262, 0.002665848, 9, 7.61773480459e-05, -7.61773480459e-05, 1
9.033, 0.036023772, 0.002666108, 9, 7.61773480459e-05, -7.61773480459e-05, 1
9.034, 0.036027282, 0.002666348, 9, 7.61773480459e-05, -7.61773480459e-05, 1
9.035, 0.036030753, 0.002666598, 9, 7.61773480459e-05, -7.61773480459e-05, 1
9.036, 0.036034393, 0.002666859, 9, 7.61773480459e-05, -7.61773480459e-05, 1
9.037, 0.036037923, 0.002667099, 9, 7.61773480459e-05, -7.61773480459e-05, 1
9.038, 0.036041513, 0.00266735, 9, 7.61773480459e-05, -7.61773480459e-05, 1
9.039, 0.036045033, 0.002667611, 9, 7.61773480459e-05, -7.61773480459e-05, 1
9.04, 0.036048713, 0.002667873, 9, 7.61773480459e-05, -7.61773480459e-05, 1
9.041, 0.036052263, 0.002668142, 9, 7.61773480459e-05, -7.61773480459e-05, 1
9.042, 0.036055903, 0.002668413, 9, 7.61773480459e-05, -7.61773480459e-05, 1
9.043, 0.036059563, 0.002668691, 9, 7.61773480459e-05, -7.61773480459e-05, 1
9.044, 0.036063342, 0.00266895, 9, 7.61773480459e-05, -7.61773480459e-05, 1
9.045, 0.036066793, 0.002669202, 9, 7.61773480459e-05, -7.61773480459e-05, 1
9.046, 0.036070283, 0.002669451, 9, 7.61773480459e-05, -7.61773480459e-05, 1
9.047, 0.036073763, 0.00266971, 9, 7.61773480459e-05, -7.61773480459e-05, 1
9.048, 0.036077243, 0.00266997, 9, 7.61773480459e-05, -7.61773480459e-05, 1
9.049, 0.036080733, 0.00267022, 9, 7.61773480459e-05, -7.61773480459e-05, 1
9.05, 0.036084253, 0.00267047, 9, 7.61773480459e-05, -7.61773480459e-05, 1
9.051, 0.036087883, 0.00267072, 9, 7.61773480459e-05, -7.61773480459e-05, 1
9.052, 0.036091383, 0.00267098, 9, 7.61773480459e-05, -7.61773480459e-05, 1
9.053, 0.036095043, 0.00267124, 9, 7.61773480459e-05, -7.61773480459e-05, 1
9.054, 0.036098503, 0.0026715, 9, 7.61773480459e-05, -7.61773480459e-05, 1
9.055, 0.036102083, 0.00267176, 9, 7.61773480459e-05, -7.61773480459e-05, 1
9.056, 0.036105643, 0.002672022, 9, 7.61773480459e-05, -7.61773480459e-05, 1
9.057, 0.036109213, 0.002672273, 9, 7.61773480459e-05, -7.61773480459e-05, 1
9.058, 0.036112773, 0.002672542, 9, 7.61773480459e-05, -7.61773480459e-05, 1
9.059, 0.036116324, 0.002672814, 9, 7.61773480459e-05, -7.61773480459e-05, 1
9.06, 0.036119804, 0.002673054, 9, 7.61773480459e-05, -7.61773480459e-05, 1
9.061, 0.036123385, 0.002673314, 9, 7.61773480459e-05, -7.61773480459e-05, 1
9.062, 0.036129515, 0.002673572, 9, 7.61773480459e-05, -7.61773480459e-05, 1
9.063, 0.036133094, 0.00267384, 9, 7.61773480459e-05, -7.61773480459e-05, 1
9.064, 0.036136724, 0.00267409, 9, 7.61773480459e-05, -7.61773480459e-05, 1
9.065, 0.036140255, 0.002674359, 9, 7.61773480459e-05, -7.61773480459e-05, 1
9.066, 0.036143806, 0.002674629, 9, 7.61773480459e-05, -7.61773480459e-05, 1
9.067, 0.036147545, 0.002674889, 9, 7.61773480459e-05, -7.61773480459e-05, 1
9.068, 0.036151006, 0.002675149, 9, 7.61773480459e-05, -7.61773480459e-05, 1
9.069, 0.036154506, 0.002675409, 9, 7.61773480459e-05, -7.61773480459e-05, 1
9.07, 0.036157966, 0.002675659, 9, 7.61773480459e-05, -7.61773480459e-05, 1
9.071, 0.036161556, 0.002675909, 9, 7.61773480459e-05, -7.61773480459e-05, 1
9.072, 0.036165036, 0.002676169, 9, 7.61773480459e-05, -7.61773480459e-05, 1
9.073, 0.036168466, 0.002676419, 9, 7.61773480459e-05, -7.61773480459e-05, 1
9.074, 0.036171866, 0.002676669, 9, 7.61773480459e-05, -7.61773480459e-05, 1
9.075, 0.036175556, 0.002676939, 9, 7.61773480459e-05, -7.61773480459e-05, 1
9.076, 0.036179036, 0.002677199, 9, 7.61773480459e-05, -7.61773480459e-05, 1
9.077, 0.036182567, 0.002677449, 9, 7.61773480459e-05, -7.61773480459e-05, 1
9.078, 0.036186087, 0.002677698, 9, 7.61773480459e-05, -7.61773480459e-05, 1
9.079, 0.036189658, 0.002677956, 9, 7.61773480459e-05, -7.61773480459e-05, 1
9.08, 0.036193109, 0.002678216, 9, 7.61773480459e-05, -7.61773480459e-05, 1
9.081, 0.036196599, 0.002678476, 9, 7.61773480459e-05, -7.61773480459e-05, 1
9.082, 0.036200129, 0.002678725, 9, 7.61773480459e-05, -7.61773480459e-05, 1
9.083, 0.036203758, 0.002678984, 9, 7.61773480459e-05, -7.61773480459e-05, 1
9.084, 0.036207198, 0.002679234, 9, 7.61773480459e-05, -7.61773480459e-05, 1
9.085, 0.036210598, 0.002679505, 9, 7.61773480459e-05, -7.61773480459e-05, 1
9.086, 0.036214147, 0.002679764, 9, 7.61773480459e-05, -7.61773480459e-05, 1
9.087, 0.036217577, 0.002680037, 9, 7.61773480459e-05, -7.61773480459e-05, 1
9.088, 0.036221137, 0.002680306, 9, 7.61773480459e-05, -7.61773480459e-05, 1
9.089, 0.036224648, 0.002680556, 9, 7.61773480459e-05, -7.61773480459e-05, 1
9.09, 0.036228158, 0.002680826, 9, 7.61773480459e-05, -7.61773480459e-05, 1
9.091, 0.036231808, 0.002681066, 9, 7.61773480459e-05, -7.61773480459e-05, 1
9.092, 0.036235448, 0.002681346, 9, 7.61773480459e-05, -7.61773480459e-05, 1
9.093, 0.036238958, 0.002681596, 9, 7.61773480459e-05, -7.61773480459e-05, 1
9.094, 0.036242608, 0.002681856, 9, 7.61773480459e-05, -7.61773480459e-05, 1
9.095, 0.036246038, 0.002682106, 9, 7.61773480459e-05, -7.61773480459e-05, 1
9.096, 0.036249548, 0.002682376, 9, 7.61773480459e-05, -7.61773480459e-05, 1
9.097, 0.036253028, 0.002682646, 9, 7.61773480459e-05, -7.61773480459e-05, 1
9.098, 0.036256528, 0.002682904, 9, 7.61773480459e-05, -7.61773480459e-05, 1
9.099, 0.036259938, 0.002683162, 9, 7.61773480459e-05, -7.61773480459e-05, 1
9.1, 0.036263638, 0.002683573, 9.1, 6.85596132413e-05, -6.85596132413e-05, 1
9.101, 0.036267448, 0.002683826, 9.1, 6.85596132413e-05, -6.85596132413e-05, 1
9.102, 0.036270919, 0.002684086, 9.1, 6.85596132413e-05, -6.85596132413e-05, 1
9.103, 0.036275319, 0.002684358, 9.1, 6.85596132413e-05, -6.85596132413e-05, 1
9.104, 0.036279108, 0.002684617, 9.1, 6.85596132413e-05, -6.85596132413e-05, 1
9.105, 0.036283108, 0.002684867, 9.1, 6.85596132413e-05, -6.85596132413e-05, 1
9.106, 0.036287229, 0.002685107, 9.1, 6.85596132413e-05, -6.85596132413e-05, 1
9.107, 0.036290838, 0.002685357, 9.1, 6.85596132413e-05, -6.85596132413e-05, 1
9.108, 0.036294348, 0.002685618, 9.1, 6.85596132413e-05, -6.85596132413e-05, 1
9.109, 0.036297998, 0.002685868, 9.1, 6.85596132413e-05, -6.85596132413e-05, 1
9.11, 0.036301598, 0.002686129, 9.1, 6.85596132413e-05, -6.85596132413e-05, 1
9.111, 0.036305168, 0.002686379, 9.1, 6.85596132413e-05, -6.85596132413e-05, 1
9.112, 0.036308688, 0.002686639, 9.1, 6.85596132413e-05, -6.85596132413e-05, 1
9.113, 0.036312258, 0.002686889, 9.1, 6.85596132413e-05, -6.85596132413e-05, 1
9.114, 0.036315847, 0.002687149, 9.1, 6.85596132413e-05, -6.85596132413e-05, 1
9.115, 0.036322437, 0.002687409, 9.1, 6.85596132413e-05, -6.85596132413e-05, 1
9.116, 0.036326147, 0.002687679, 9.1, 6.85596132413e-05, -6.85596132413e-05, 1
9.117, 0.036329587, 0.002687939, 9.1, 6.85596132413e-05, -6.85596132413e-05, 1
9.118, 0.036333147, 0.002688189, 9.1, 6.85596132413e-05, -6.85596132413e-05, 1
9.119, 0.036336727, 0.002688462, 9.1, 6.85596132413e-05, -6.85596132413e-05, 1
9.12, 0.036340397, 0.002688724, 9.1, 6.85596132413e-05, -6.85596132413e-05, 1
9.121, 0.036343986, 0.002688986, 9.1, 6.85596132413e-05, -6.85596132413e-05, 1
9.122, 0.036347546, 0.002689256, 9.1, 6.85596132413e-05, -6.85596132413e-05, 1
9.123, 0.036351066, 0.002689505, 9.1, 6.85596132413e-05, -6.85596132413e-05, 1
9.124, 0.036354685, 0.002689756, 9.1, 6.85596132413e-05, -6.85596132413e-05, 1
9.125, 0.036358216, 0.002690018, 9.1, 6.85596132413e-05, -6.85596132413e-05, 1
9.126, 0.036361846, 0.002690287, 9.1, 6.85596132413e-05, -6.85596132413e-05, 1
9.127, 0.036365316, 0.002690559, 9.1, 6.85596132413e-05, -6.85596132413e-05, 1
9.128, 0.036369057, 0.002690811, 9.1, 6.85596132413e-05, -6.85596132413e-05, 1
9.129, 0.036372557, 0.002691069, 9.1, 6.85596132413e-05, -6.85596132413e-05, 1
9.13, 0.036376567, 0.002691326, 9.1, 6.85596132413e-05, -6.85596132413e-05, 1
9.131, 0.036380037, 0.002691585, 9.1, 6.85596132413e-05, -6.85596132413e-05, 1
9.132, 0.036383567, 0.002691835, 9.1, 6.85596132413e-05, -6.85596132413e-05, 1
9.133, 0.036386977, 0.002692095, 9.1, 6.85596132413e-05, -6.85596132413e-05, 1
9.134, 0.036390497, 0.002692355, 9.1, 6.85596132413e-05, -6.85596132413e-05, 1
9.135, 0.036394037, 0.002692615, 9.1, 6.85596132413e-05, -6.85596132413e-05, 1
9.136, 0.036397657, 0.002692875, 9.1, 6.85596132413e-05, -6.85596132413e-05, 1
9.137, 0.036401387, 0.002693135, 9.1, 6.85596132413e-05, -6.85596132413e-05, 1
9.138, 0.036404877, 0.002693405, 9.1, 6.85596132413e-05, -6.85596132413e-05, 1
9.139, 0.036408417, 0.002693656, 9.1, 6.85596132413e-05, -6.85596132413e-05, 1
9.14, 0.036411867, 0.002693917, 9.1, 6.85596132413e-05, -6.85596132413e-05, 1
9.141, 0.036415848, 0.002694168, 9.1, 6.85596132413e-05, -6.85596132413e-05, 1
9.142, 0.036419608, 0.002694427, 9.1, 6.85596132413e-05, -6.85596132413e-05, 1
9.143, 0.036423178, 0.002694696, 9.1, 6.85596132413e-05, -6.85596132413e-05, 1
9.144, 0.036426649, 0.002694956, 9.1, 6.85596132413e-05, -6.85596132413e-05, 1
9.145, 0.036430308, 0.002695224, 9.1, 6.85596132413e-05, -6.85596132413e-05, 1
9.146, 0.036434087, 0.002695485, 9.1, 6.85596132413e-05, -6.85596132413e-05, 1
9.147, 0.036437857, 0.002695746, 9.1, 6.85596132413e-05, -6.85596132413e-05, 1
9.148, 0.036441338, 0.002696007, 9.1, 6.85596132413e-05, -6.85596132413e-05, 1
9.149, 0.036444888, 0.002696269, 9.1, 6.85596132413e-05, -6.85596132413e-05, 1
9.15, 0.036448428, 0.002696529, 9.1, 6.85596132413e-05, -6.85596132413e-05, 1
9.151, 0.036452018, 0.00269678, 9.1, 6.85596132413e-05, -6.85596132413e-05, 1
9.152, 0.036455478, 0.00269702, 9.1, 6.85596132413e-05, -6.85596132413e-05, 1
9.153, 0.036459078, 0.00269728, 9.1, 6.85596132413e-05, -6.85596132413e-05, 1
9.154, 0.036462558, 0.00269755, 9.1, 6.85596132413e-05, -6.85596132413e-05, 1
9.155, 0.036466378, 0.00269781, 9.1, 6.85596132413e-05, -6.85596132413e-05, 1
9.156, 0.036469918, 0.00269808, 9.1, 6.85596132413e-05, -6.85596132413e-05, 1
9.157, 0.036473608, 0.00269832, 9.1, 6.85596132413e-05, -6.85596132413e-05, 1
9.158, 0.036477088, 0.00269858, 9.1, 6.85596132413e-05, -6.85596132413e-05, 1
9.159, 0.036480678, 0.00269884, 9.1, 6.85596132413e-05, -6.85596132413e-05, 1
9.16, 0.036484138, 0.002699098, 9.1, 6.85596132413e-05, -6.85596132413e-05, 1
9.161, 0.036487638, 0.00269936, 9.1, 6.85596132413e-05, -6.85596132413e-05, 1
9.162, 0.036491219, 0.002699611, 9.1, 6.85596132413e-05, -6.85596132413e-05, 1
9.163, 0.03649467, 0.002699871, 9.1, 6.85596132413e-05, -6.85596132413e-05, 1
9.164, 0.03649826, 0.00270014, 9.1, 6.85596132413e-05, -6.85596132413e-05, 1
9.165, 0.03650171, 0.00270041, 9.1, 6.85596132413e-05, -6.85596132413e-05, 1
9.166, 0.03650534, 0.002700682, 9.1, 6.85596132413e-05, -6.85596132413e-05, 1
9.167, 0.03650887, 0.002700951, 9.1, 6.85596132413e-05, -6.85596132413e-05, 1
9.168, 0.036514419, 0.002701219, 9.1, 6.85596132413e-05, -6.85596132413e-05, 1
9.169, 0.036518019, 0.002701478, 9.1, 6.85596132413e-05, -6.85596132413e-05, 1
9.17, 0.036521489, 0.002701747, 9.1, 6.85596132413e-05, -6.85596132413e-05, 1
9.171, 0.036525009, 0.002702018, 9.1, 6.85596132413e-05, -6.85596132413e-05, 1
9.172, 0.036528458, 0.002702279, 9.1, 6.85596132413e-05, -6.85596132413e-05, 1
9.173, 0.036532018, 0.00270253, 9.1, 6.85596132413e-05, -6.85596132413e-05, 1
9.174, 0.036535638, 0.00270279, 9.1, 6.85596132413e-05, -6.85596132413e-05, 1
9.175, 0.036539228, 0.00270304, 9.1, 6.85596132413e-05, -6.85596132413e-05, 1
9.176, 0.036542828, 0.00270329, 9.1, 6.85596132413e-05, -6.85596132413e-05, 1
9.177, 0.036546288, 0.00270354, 9.1, 6.85596132413e-05, -6.85596132413e-05, 1
9.178, 0.036549828, 0.00270379, 9.1, 6.85596132413e-05, -6.85596132413e-05, 1
9.179, 0.036553348, 0.00270404, 9.1, 6.85596132413e-05, -6.85596132413e-05, 1
9.18, 0.036556928, 0.00270429, 9.1, 6.85596132413e-05, -6.85596132413e-05, 1
9.181, 0.036560408, 0.00270454, 9.1, 6.85596132413e-05, -6.85596132413e-05, 1
9.182, 0.036563999, 0.002704811, 9.1, 6.85596132413e-05, -6.85596132413e-05, 1
9.183, 0.03656753, 0.002705061, 9.1, 6.85596132413e-05, -6.85596132413e-05, 1
9.184, 0.03657113, 0.002705322, 9.1, 6.85596132413e-05, -6.85596132413e-05, 1
9.185, 0.036574751, 0.002705581, 9.1, 6.85596132413e-05, -6.85596132413e-05, 1
9.186, 0.03657834, 0.00270585, 9.1, 6.85596132413e-05, -6.85596132413e-05, 1
9.187, 0.03658194, 0.00270611, 9.1, 6.85596132413e-05, -6.85596132413e-05, 1
9.188, 0.03658549, 0.002706382, 9.1, 6.85596132413e-05, -6.85596132413e-05, 1
9.189, 0.03658893, 0.00270665, 9.1, 6.85596132413e-05, -6.85596132413e-05, 1
9.19, 0.036592641, 0.00270691, 9.1, 6.85596132413e-05, -6.85596132413e-05, 1
9.191, 0.036596211, 0.002707158, 9.1, 6.85596132413e-05, -6.85596132413e-05, 1
9.192, 0.03659983, 0.002707416, 9.1, 6.85596132413e-05, -6.85596132413e-05, 1
9.193, 0.03660337, 0.002707686, 9.1, 6.85596132413e-05, -6.85596132413e-05, 1
9.194, 0.036606961, 0.002707936, 9.1, 6.85596132413e-05, -6.85596132413e-05, 1
9.195, 0.036610391, 0.002708196, 9.1, 6.85596132413e-05, -6.85596132413e-05, 1
9.196, 0.036613991, 0.002708466, 9.1, 6.85596132413e-05, -6.85596132413e-05, 1
9.197, 0.036617541, 0.002708736, 9.1, 6.85596132413e-05, -6.85596132413e-05, 1
9.198, 0.036620981, 0.002708996, 9.1, 6.85596132413e-05, -6.85596132413e-05, 1
9.199, 0.036624531, 0.002709256, 9.1, 6.85596132413e-05, -6.85596132413e-05, 1
9.2, 0.036628111, 0.002709646, 9.2, 6.17036519172e-05, -6.17036519172e-05, 1
9.201, 0.036631811, 0.002709906, 9.2, 6.17036519172e-05, -6.17036519172e-05, 1
9.202, 0.036635441, 0.002710164, 9.2, 6.17036519172e-05, -6.17036519172e-05, 1
9.203, 0.036638971, 0.002710423, 9.2, 6.17036519172e-05, -6.17036519172e-05, 1
9.204, 0.036642381, 0.002710683, 9.2, 6.17036519172e-05, -6.17036519172e-05, 1
9.205, 0.036645981, 0.002710953, 9.2, 6.17036519172e-05, -6.17036519172e-05, 1
9.206, 0.03664945, 0.002711215, 9.2, 6.17036519172e-05, -6.17036519172e-05, 1
9.207, 0.03665305, 0.002711475, 9.2, 6.17036519172e-05, -6.17036519172e-05, 1
9.208, 0.0366566, 0.002711737, 9.2, 6.17036519172e-05, -6.17036519172e-05, 1
9.209, 0.03666016, 0.002711996, 9.2, 6.17036519172e-05, -6.17036519172e-05, 1
9.21, 0.036663771, 0.002712247, 9.2, 6.17036519172e-05, -6.17036519172e-05, 1
9.211, 0.03666736, 0.002712507, 9.2, 6.17036519172e-05, -6.17036519172e-05, 1
9.212, 0.03667094, 0.00271276, 9.2, 6.17036519172e-05, -6.17036519172e-05, 1
9.213, 0.036674589, 0.002713012, 9.2, 6.17036519172e-05, -6.17036519172e-05, 1
9.214, 0.036678079, 0.00271327, 9.2, 6.17036519172e-05, -6.17036519172e-05, 1
9.215, 0.036681779, 0.002713519, 9.2, 6.17036519172e-05, -6.17036519172e-05, 1
9.216, 0.036685319, 0.002713779, 9.2, 6.17036519172e-05, -6.17036519172e-05, 1
9.217, 0.036688979, 0.002714039, 9.2, 6.17036519172e-05, -6.17036519172e-05, 1
9.218, 0.036692579, 0.002714309, 9.2, 6.17036519172e-05, -6.17036519172e-05, 1
9.219, 0.036696289, 0.002714569, 9.2, 6.17036519172e-05, -6.17036519172e-05, 1
9.22, 0.036702209, 0.002714829, 9.2, 6.17036519172e-05, -6.17036519172e-05, 1
9.221, 0.036705829, 0.002715069, 9.2, 6.17036519172e-05, -6.17036519172e-05, 1
9.222, 0.036709299, 0.002715319, 9.2, 6.17036519172e-05, -6.17036519172e-05, 1
9.223, 0.036713, 0.00271557, 9.2, 6.17036519172e-05, -6.17036519172e-05, 1
9.224, 0.036716629, 0.00271584, 9.2, 6.17036519172e-05, -6.17036519172e-05, 1
9.225, 0.036720159, 0.0027161, 9.2, 6.17036519172e-05, -6.17036519172e-05, 1
9.226, 0.036723649, 0.002716361, 9.2, 6.17036519172e-05, -6.17036519172e-05, 1
9.227, 0.03672727, 0.002716623, 9.2, 6.17036519172e-05, -6.17036519172e-05, 1
9.228, 0.036730841, 0.002716884, 9.2, 6.17036519172e-05, -6.17036519172e-05, 1
9.229, 0.036734441, 0.002717144, 9.2, 6.17036519172e-05, -6.17036519172e-05, 1
9.23, 0.036737871, 0.002717403, 9.2, 6.17036519172e-05, -6.17036519172e-05, 1
9.231, 0.036741521, 0.002717662, 9.2, 6.17036519172e-05, -6.17036519172e-05, 1
9.232, 0.036745001, 0.002717923, 9.2, 6.17036519172e-05, -6.17036519172e-05, 1
9.233, 0.036748541, 0.002718173, 9.2, 6.17036519172e-05, -6.17036519172e-05, 1
9.234, 0.036752061, 0.002718423, 9.2, 6.17036519172e-05, -6.17036519172e-05, 1
9.235, 0.036755831, 0.002718691, 9.2, 6.17036519172e-05, -6.17036519172e-05, 1
9.236, 0.036759321, 0.00271895, 9.2, 6.17036519172e-05, -6.17036519172e-05, 1
9.237, 0.036763081, 0.00271922, 9.2, 6.17036519172e-05, -6.17036519172e-05, 1
9.238, 0.036766671, 0.00271947, 9.2, 6.17036519172e-05, -6.17036519172e-05, 1
9.239, 0.036770281, 0.00271973, 9.2, 6.17036519172e-05, -6.17036519172e-05, 1
9.24, 0.036773861, 0.00271999, 9.2, 6.17036519172e-05, -6.17036519172e-05, 1
9.241, 0.036777441, 0.00272024, 9.2, 6.17036519172e-05, -6.17036519172e-05, 1
9.242, 0.036780921, 0.0027205, 9.2, 6.17036519172e-05, -6.17036519172e-05, 1
9.243, 0.036784411, 0.00272077, 9.2, 6.17036519172e-05, -6.17036519172e-05, 1
9.244, 0.036788021, 0.002721019, 9.2, 6.17036519172e-05, -6.17036519172e-05, 1
9.245, 0.036791461, 0.002721279, 9.2, 6.17036519172e-05, -6.17036519172e-05, 1
9.246, 0.036795061, 0.002721538, 9.2, 6.17036519172e-05, -6.17036519172e-05, 1
9.247, 0.036798552, 0.002721798, 9.2, 6.17036519172e-05, -6.17036519172e-05, 1
9.248, 0.036802162, 0.002722067, 9.2, 6.17036519172e-05, -6.17036519172e-05, 1
9.249, 0.036805602, 0.002722327, 9.2, 6.17036519172e-05, -6.17036519172e-05, 1
9.25, 0.036809181, 0.002722604, 9.2, 6.17036519172e-05, -6.17036519172e-05, 1
9.251, 0.03681283, 0.002722874, 9.2, 6.17036519172e-05, -6.17036519172e-05, 1
9.252, 0.036816479, 0.002723142, 9.2, 6.17036519172e-05, -6.17036519172e-05, 1
9.253, 0.036819929, 0.0027234, 9.2, 6.17036519172e-05, -6.17036519172e-05, 1
9.254, 0.036823579, 0.002723647, 9.2, 6.17036519172e-05, -6.17036519172e-05, 1
9.255, 0.036827049, 0.002723899, 9.2, 6.17036519172e-05, -6.17036519172e-05, 1
9.256, 0.036830609, 0.002724168, 9.2, 6.17036519172e-05, -6.17036519172e-05, 1
9.257, 0.03683417, 0.002724438, 9.2, 6.17036519172e-05, -6.17036519172e-05, 1
9.258, 0.03683784, 0.002724708, 9.2, 6.17036519172e-05, -6.17036519172e-05, 1
9.259, 0.03684148, 0.002724958, 9.2, 6.17036519172e-05, -6.17036519172e-05, 1
9.26, 0.03684516, 0.002725218, 9.2, 6.17036519172e-05, -6.17036519172e-05, 1
9.261, 0.03684878, 0.002725478, 9.2, 6.17036519172e-05, -6.17036519172e-05, 1
9.262, 0.03685248, 0.002725728, 9.2, 6.17036519172e-05, -6.17036519172e-05, 1
9.263, 0.03685596, 0.002725998, 9.2, 6.17036519172e-05, -6.17036519172e-05, 1
9.264, 0.03685949, 0.002726258, 9.2, 6.17036519172e-05, -6.17036519172e-05, 1
9.265, 0.036863001, 0.002726518, 9.2, 6.17036519172e-05, -6.17036519172e-05, 1
9.266, 0.036866511, 0.002726777, 9.2, 6.17036519172e-05, -6.17036519172e-05, 1
9.267, 0.036871961, 0.00272712, 9.2, 6.17036519172e-05, -6.17036519172e-05, 1
9.268, 0.036877441, 0.00272749, 9.2, 6.17036519172e-05, -6.17036519172e-05, 1
9.269, 0.036885841, 0.00272809, 9.2, 6.17036519172e-05, -6.17036519172e-05, 1
9.27, 0.036895241, 0.002728711, 9.2, 6.17036519172e-05, -6.17036519172e-05, 1
9.271, 0.036900621, 0.002729089, 9.2, 6.17036519172e-05, -6.17036519172e-05, 1
9.272, 0.036911382, 0.00272948, 9.2, 6.17036519172e-05, -6.17036519172e-05, 1
9.273, 0.036916312, 0.00272989, 9.2, 6.17036519172e-05, -6.17036519172e-05, 1
9.274, 0.036920992, 0.00273025, 9.2, 6.17036519172e-05, -6.17036519172e-05, 1
9.275, 0.036926042, 0.00273068, 9.2, 6.17036519172e-05, -6.17036519172e-05, 1
9.276, 0.036930952, 0.00273109, 9.2, 6.17036519172e-05, -6.17036519172e-05, 1
9.277, 0.036935542, 0.00273147, 9.2, 6.17036519172e-05, -6.17036519172e-05, 1
9.278, 0.036940192, 0.002731851, 9.2, 6.17036519172e-05, -6.17036519172e-05, 1
9.279, 0.036944962, 0.002732273, 9.2, 6.17036519172e-05, -6.17036519172e-05, 1
9.28, 0.036949932, 0.002732651, 9.2, 6.17036519172e-05, -6.17036519172e-05, 1
9.281, 0.036954532, 0.002733051, 9.2, 6.17036519172e-05, -6.17036519172e-05, 1
9.282, 0.036959403, 0.002733439, 9.2, 6.17036519172e-05, -6.17036519172e-05, 1
9.283, 0.036964473, 0.00273383, 9.2, 6.17036519172e-05, -6.17036519172e-05, 1
9.284, 0.036969134, 0.00273421, 9.2, 6.17036519172e-05, -6.17036519172e-05, 1
9.285, 0.036973964, 0.002734591, 9.2, 6.17036519172e-05, -6.17036519172e-05, 1
9.286, 0.036978713, 0.00273499, 9.2, 6.17036519172e-05, -6.17036519172e-05, 1
9.287, 0.036983313, 0.002735372, 9.2, 6.17036519172e-05, -6.17036519172e-05, 1
9.288, 0.036988193, 0.002735763, 9.2, 6.17036519172e-05, -6.17036519172e-05, 1
9.289, 0.036993033, 0.002736163, 9.2, 6.17036519172e-05, -6.17036519172e-05, 1
9.29, 0.036998133, 0.002736643, 9.2, 6.17036519172e-05, -6.17036519172e-05, 1
9.291, 0.037003023, 0.002737053, 9.2, 6.17036519172e-05, -6.17036519172e-05, 1
9.292, 0.037008273, 0.002737443, 9.2, 6.17036519172e-05, -6.17036519172e-05, 1
9.293, 0.037012963, 0.002737823, 9.2, 6.17036519172e-05, -6.17036519172e-05, 1
9.294, 0.037018044, 0.002738284, 9.2, 6.17036519172e-05, -6.17036519172e-05, 1
9.295, 0.037023223, 0.002738693, 9.2, 6.17036519172e-05, -6.17036519172e-05, 1
9.296, 0.037028284, 0.002739084, 9.2, 6.17036519172e-05, -6.17036519172e-05, 1
9.297, 0.037033114, 0.002739464, 9.2, 6.17036519172e-05, -6.17036519172e-05, 1
9.298, 0.037037772, 0.002739834, 9.2, 6.17036519172e-05, -6.17036519172e-05, 1
9.299, 0.037042782, 0.002740204, 9.2, 6.17036519172e-05, -6.17036519172e-05, 1
9.3, 0.037047952, 0.002740813, 9.3, 5.55332867254e-05, -5.55332867254e-05, 1
9.301, 0.037052982, 0.002741222, 9.3, 5.55332867254e-05, -5.55332867254e-05, 1
9.302, 0.037057921, 0.002741633, 9.3, 5.55332867254e-05, -5.55332867254e-05, 1
9.303, 0.037062921, 0.002742033, 9.3, 5.55332867254e-05, -5.55332867254e-05, 1
9.304, 0.037067961, 0.002742443, 9.3, 5.55332867254e-05, -5.55332867254e-05, 1
9.305, 0.037072791, 0.002742863, 9.3, 5.55332867254e-05, -5.55332867254e-05, 1
9.306, 0.037077971, 0.002743283, 9.3, 5.55332867254e-05, -5.55332867254e-05, 1
9.307, 0.037083081, 0.002743723, 9.3, 5.55332867254e-05, -5.55332867254e-05, 1
9.308, 0.037087921, 0.002744123, 9.3, 5.55332867254e-05, -5.55332867254e-05, 1
9.309, 0.037093001, 0.002744534, 9.3, 5.55332867254e-05, -5.55332867254e-05, 1
9.31, 0.037098101, 0.002744965, 9.3, 5.55332867254e-05, -5.55332867254e-05, 1
9.311, 0.037103242, 0.002745376, 9.3, 5.55332867254e-05, -5.55332867254e-05, 1
9.312, 0.037108402, 0.002745764, 9.3, 5.55332867254e-05, -5.55332867254e-05, 1
9.313, 0.037113512, 0.002746162, 9.3, 5.55332867254e-05, -5.55332867254e-05, 1
9.314, 0.037118571, 0.002746583, 9.3, 5.55332867254e-05, -5.55332867254e-05, 1
9.315, 0.037123582, 0.002746963, 9.3, 5.55332867254e-05, -5.55332867254e-05, 1
9.316, 0.037128313, 0.002747361, 9.3, 5.55332867254e-05, -5.55332867254e-05, 1
9.317, 0.037133153, 0.00274772, 9.3, 5.55332867254e-05, -5.55332867254e-05, 1
9.318, 0.037138143, 0.00274813, 9.3, 5.55332867254e-05, -5.55332867254e-05, 1
9.319, 0.037143123, 0.00274853, 9.3, 5.55332867254e-05, -5.55332867254e-05, 1
9.32, 0.037147993, 0.00274891, 9.3, 5.55332867254e-05, -5.55332867254e-05, 1
9.321, 0.037152893, 0.00274927, 9.3, 5.55332867254e-05, -5.55332867254e-05, 1
9.322, 0.037158113, 0.0027497, 9.3, 5.55332867254e-05, -5.55332867254e-05, 1
9.323, 0.037163513, 0.00275011, 9.3, 5.55332867254e-05, -5.55332867254e-05, 1
9.324, 0.037173224, 0.002750539, 9.3, 5.55332867254e-05, -5.55332867254e-05, 1
9.325, 0.037178693, 0.002750928, 9.3, 5.55332867254e-05, -5.55332867254e-05, 1
9.326, 0.037183933, 0.002751318, 9.3, 5.55332867254e-05, -5.55332867254e-05, 1
9.327, 0.037189363, 0.002751708, 9.3, 5.55332867254e-05, -5.55332867254e-05, 1
9.328, 0.037194144, 0.002752098, 9.3, 5.55332867254e-05, -5.55332867254e-05, 1
9.329, 0.037199634, 0.002752528, 9.3, 5.55332867254e-05, -5.55332867254e-05, 1
9.33, 0.037205354, 0.002752936, 9.3, 5.55332867254e-05, -5.55332867254e-05, 1
9.331, 0.037211154, 0.002753388, 9.3, 5.55332867254e-05, -5.55332867254e-05, 1
9.332, 0.037217055, 0.002753828, 9.3, 5.55332867254e-05, -5.55332867254e-05, 1
9.333, 0.037222745, 0.002754268, 9.3, 5.55332867254e-05, -5.55332867254e-05, 1
9.334, 0.037228485, 0.002754678, 9.3, 5.55332867254e-05, -5.55332867254e-05, 1
9.335, 0.037234175, 0.002755148, 9.3, 5.55332867254e-05, -5.55332867254e-05, 1
9.336, 0.037239435, 0.002755588, 9.3, 5.55332867254e-05, -5.55332867254e-05, 1
9.337, 0.037244716, 0.002756018, 9.3, 5.55332867254e-05, -5.55332867254e-05, 1
9.338, 0.037250727, 0.002756449, 9.3, 5.55332867254e-05, -5.55332867254e-05, 1
9.339, 0.037256586, 0.002756879, 9.3, 5.55332867254e-05, -5.55332867254e-05, 1
9.34, 0.037261786, 0.002757331, 9.3, 5.55332867254e-05, -5.55332867254e-05, 1
9.341, 0.037267136, 0.002757769, 9.3, 5.55332867254e-05, -5.55332867254e-05, 1
9.342, 0.037272627, 0.002758208, 9.3, 5.55332867254e-05, -5.55332867254e-05, 1
9.343, 0.037277867, 0.00275862, 9.3, 5.55332867254e-05, -5.55332867254e-05, 1
9.344, 0.037283138, 0.002759031, 9.3, 5.55332867254e-05, -5.55332867254e-05, 1
9.345, 0.037288938, 0.002759479, 9.3, 5.55332867254e-05, -5.55332867254e-05, 1
9.346, 0.037294378, 0.00275989, 9.3, 5.55332867254e-05, -5.55332867254e-05, 1
9.347, 0.037300008, 0.00276031, 9.3, 5.55332867254e-05, -5.55332867254e-05, 1
9.348, 0.037305518, 0.00276078, 9.3, 5.55332867254e-05, -5.55332867254e-05, 1
9.349, 0.037310888, 0.00276123, 9.3, 5.55332867254e-05, -5.55332867254e-05, 1
9.35, 0.037316408, 0.00276169, 9.3, 5.55332867254e-05, -5.55332867254e-05, 1
9.351, 0.037322198, 0.002762158, 9.3, 5.55332867254e-05, -5.55332867254e-05, 1
9.352, 0.037328368, 0.002762608, 9.3, 5.55332867254e-05, -5.55332867254e-05, 1
9.353, 0.037333659, 0.002763048, 9.3, 5.55332867254e-05, -5.55332867254e-05, 1
9.354, 0.037338968, 0.002763489, 9.3, 5.55332867254e-05, -5.55332867254e-05, 1
9.355, 0.037344229, 0.002763908, 9.3, 5.55332867254e-05, -5.55332867254e-05, 1
9.356, 0.037349689, 0.002764329, 9.3, 5.55332867254e-05, -5.55332867254e-05, 1
9.357, 0.037354839, 0.00276476, 9.3, 5.55332867254e-05, -5.55332867254e-05, 1
9.358, 0.037360149, 0.002765201, 9.3, 5.55332867254e-05, -5.55332867254e-05, 1
9.359, 0.037365579, 0.002765621, 9.3, 5.55332867254e-05, -5.55332867254e-05, 1
9.36, 0.037371319, 0.002766081, 9.3, 5.55332867254e-05, -5.55332867254e-05, 1
9.361, 0.037376939, 0.002766511, 9.3, 5.55332867254e-05, -5.55332867254e-05, 1
9.362, 0.037382719, 0.002766891, 9.3, 5.55332867254e-05, -5.55332867254e-05, 1
9.363, 0.037388289, 0.002767311, 9.3, 5.55332867254e-05, -5.55332867254e-05, 1
9.364, 0.037394079, 0.002767761, 9.3, 5.55332867254e-05, -5.55332867254e-05, 1
9.365, 0.037399408, 0.002768171, 9.3, 5.55332867254e-05, -5.55332867254e-05, 1
9.366, 0.037404278, 0.00276852, 9.3, 5.55332867254e-05, -5.55332867254e-05, 1
9.367, 0.037409047, 0.002768869, 9.3, 5.55332867254e-05, -5.55332867254e-05, 1
9.368, 0.037413947, 0.002769247, 9.3, 5.55332867254e-05, -5.55332867254e-05, 1
9.369, 0.037418928, 0.002769658, 9.3, 5.55332867254e-05, -5.55332867254e-05, 1
9.37, 0.037423678, 0.002770037, 9.3, 5.55332867254e-05, -5.55332867254e-05, 1
9.371, 0.037428817, 0.002770428, 9.3, 5.55332867254e-05, -5.55332867254e-05, 1
9.372, 0.037434297, 0.00277086, 9.3, 5.55332867254e-05, -5.55332867254e-05, 1
9.373, 0.037439327, 0.00277128, 9.3, 5.55332867254e-05, -5.55332867254e-05, 1
9.374, 0.037443997, 0.002771661, 9.3, 5.55332867254e-05, -5.55332867254e-05, 1
9.375, 0.037448977, 0.002772061, 9.3, 5.55332867254e-05, -5.55332867254e-05, 1
9.376, 0.037458487, 0.002772471, 9.3, 5.55332867254e-05, -5.55332867254e-05, 1
9.377, 0.037463787, 0.002772861, 9.3, 5.55332867254e-05, -5.55332867254e-05, 1
9.378, 0.037468947, 0.002773261, 9.3, 5.55332867254e-05, -5.55332867254e-05, 1
9.379, 0.037473807, 0.002773662, 9.3, 5.55332867254e-05, -5.55332867254e-05, 1
9.38, 0.037478897, 0.002774071, 9.3, 5.55332867254e-05, -5.55332867254e-05, 1
9.381, 0.037484147, 0.002774452, 9.3, 5.55332867254e-05, -5.55332867254e-05, 1
9.382, 0.037489557, 0.002774823, 9.3, 5.55332867254e-05, -5.55332867254e-05, 1
9.383, 0.037494348, 0.002775222, 9.3, 5.55332867254e-05, -5.55332867254e-05, 1
9.384, 0.037498897, 0.002775604, 9.3, 5.55332867254e-05, -5.55332867254e-05, 1
9.385, 0.037503688, 0.002775985, 9.3, 5.55332867254e-05, -5.55332867254e-05, 1
9.386, 0.037508568, 0.002776365, 9.3, 5.55332867254e-05, -5.55332867254e-05, 1
9.387, 0.037513427, 0.002776765, 9.3, 5.55332867254e-05, -5.55332867254e-05, 1
9.388, 0.037518847, 0.002777215, 9.3, 5.55332867254e-05, -5.55332867254e-05, 1
9.389, 0.037524347, 0.002777605, 9.3, 5.55332867254e-05, -5.55332867254e-05, 1
9.39, 0.037529337, 0.002778005, 9.3, 5.55332867254e-05, -5.55332867254e-05, 1
9.391, 0.037534057, 0.002778375, 9.3, 5.55332867254e-05, -5.55332867254e-05, 1
9.392, 0.037538887, 0.002778765, 9.3, 5.55332867254e-05, -5.55332867254e-05, 1
9.393, 0.037543757, 0.002779135, 9.3, 5.55332867254e-05, -5.55332867254e-05, 1
9.394, 0.037548637, 0.002779534, 9.3, 5.55332867254e-05, -5.55332867254e-05, 1
9.395, 0.037553477, 0.002779903, 9.3, 5.55332867254e-05, -5.55332867254e-05, 1
9.396, 0.037558367, 0.002780293, 9.3, 5.55332867254e-05, -5.55332867254e-05, 1
9.397, 0.037563197, 0.002780692, 9.3, 5.55332867254e-05, -5.55332867254e-05, 1
9.398, 0.037568077, 0.002781071, 9.3, 5.55332867254e-05, -5.55332867254e-05, 1
9.399, 0.037573216, 0.002781462, 9.3, 5.55332867254e-05, -5.55332867254e-05, 1
9.4, 0.037578176, 0.002782033, 9.4, 4.99799580529e-05, -4.99799580529e-05, 1
9.401, 0.037583186, 0.002782434, 9.4, 4.99799580529e-05, -4.99799580529e-05, 1
9.402, 0.037588206, 0.002782823, 9.4, 4.99799580529e-05, -4.99799580529e-05, 1
9.403, 0.037593197, 0.002783212, 9.4, 4.99799580529e-05, -4.99799580529e-05, 1
9.404, 0.037598157, 0.002783623, 9.4, 4.99799580529e-05, -4.99799580529e-05, 1
9.405, 0.037602957, 0.002784003, 9.4, 4.99799580529e-05, -4.99799580529e-05, 1
9.406, 0.037607827, 0.002784373, 9.4, 4.99799580529e-05, -4.99799580529e-05, 1
9.407, 0.037612687, 0.002784743, 9.4, 4.99799580529e-05, -4.99799580529e-05, 1
9.408, 0.037617557, 0.002785103, 9.4, 4.99799580529e-05, -4.99799580529e-05, 1
9.409, 0.037622297, 0.002785473, 9.4, 4.99799580529e-05, -4.99799580529e-05, 1
9.41, 0.037627147, 0.002785843, 9.4, 4.99799580529e-05, -4.99799580529e-05, 1
9.411, 0.037631987, 0.002786224, 9.4, 4.99799580529e-05, -4.99799580529e-05, 1
9.412, 0.037636738, 0.002786602, 9.4, 4.99799580529e-05, -4.99799580529e-05, 1
9.413, 0.037641608, 0.002786972, 9.4, 4.99799580529e-05, -4.99799580529e-05, 1
9.414, 0.037646688, 0.002787394, 9.4, 4.99799580529e-05, -4.99799580529e-05, 1
9.415, 0.037652027, 0.002787785, 9.4, 4.99799580529e-05, -4.99799580529e-05, 1
9.416, 0.037657337, 0.002788206, 9.4, 4.99799580529e-05, -4.99799580529e-05, 1
9.417, 0.037662628, 0.002788576, 9.4, 4.99799580529e-05, -4.99799580529e-05, 1
9.418, 0.037667888, 0.002788984, 9.4, 4.99799580529e-05, -4.99799580529e-05, 1
9.419, 0.037676518, 0.002789584, 9.4, 4.99799580529e-05, -4.99799580529e-05, 1
9.42, 0.037693668, 0.002790194, 9.4, 4.99799580529e-05, -4.99799580529e-05, 1
9.421, 0.037699538, 0.002790604, 9.4, 4.99799580529e-05, -4.99799580529e-05, 1
9.422, 0.037704848, 0.002791035, 9.4, 4.99799580529e-05, -4.99799580529e-05, 1
9.423, 0.037710288, 0.002791434, 9.4, 4.99799580529e-05, -4.99799580529e-05, 1
9.424, 0.037715648, 0.002791812, 9.4, 4.99799580529e-05, -4.99799580529e-05, 1
9.425, 0.037720898, 0.002792212, 9.4, 4.99799580529e-05, -4.99799580529e-05, 1
9.426, 0.037725498, 0.002792572, 9.4, 4.99799580529e-05, -4.99799580529e-05, 1
9.427, 0.037729007, 0.002792843, 9.4, 4.99799580529e-05, -4.99799580529e-05, 1
9.428, 0.037758758, 0.002793214, 9.4, 4.99799580529e-05, -4.99799580529e-05, 1
9.429, 0.037765087, 0.002793664, 9.4, 4.99799580529e-05, -4.99799580529e-05, 1
9.43, 0.037769787, 0.002794044, 9.4, 4.99799580529e-05, -4.99799580529e-05, 1
9.431, 0.037775017, 0.002794414, 9.4, 4.99799580529e-05, -4.99799580529e-05, 1
9.432, 0.037779077, 0.002794784, 9.4, 4.99799580529e-05, -4.99799580529e-05, 1
9.433, 0.037782737, 0.002795045, 9.4, 4.99799580529e-05, -4.99799580529e-05, 1
9.434, 0.037786246, 0.002795317, 9.4, 4.99799580529e-05, -4.99799580529e-05, 1
9.435, 0.037789907, 0.002795569, 9.4, 4.99799580529e-05, -4.99799580529e-05, 1
9.436, 0.037793357, 0.002795829, 9.4, 4.99799580529e-05, -4.99799580529e-05, 1
9.437, 0.037797037, 0.002796089, 9.4, 4.99799580529e-05, -4.99799580529e-05, 1
9.438, 0.037800528, 0.00279636, 9.4, 4.99799580529e-05, -4.99799580529e-05, 1
9.439, 0.037804198, 0.002796609, 9.4, 4.99799580529e-05, -4.99799580529e-05, 1
9.44, 0.037807709, 0.002796872, 9.4, 4.99799580529e-05, -4.99799580529e-05, 1
9.441, 0.037811319, 0.002797132, 9.4, 4.99799580529e-05, -4.99799580529e-05, 1
9.442, 0.037814879, 0.002797402, 9.4, 4.99799580529e-05, -4.99799580529e-05, 1
9.443, 0.0378187, 0.002797663, 9.4, 4.99799580529e-05, -4.99799580529e-05, 1
9.444, 0.03782225, 0.002797913, 9.4, 4.99799580529e-05, -4.99799580529e-05, 1
9.445, 0.03782586, 0.002798163, 9.4, 4.99799580529e-05, -4.99799580529e-05, 1
9.446, 0.0378294, 0.002798423, 9.4, 4.99799580529e-05, -4.99799580529e-05, 1
9.447, 0.0378332, 0.002798683, 9.4, 4.99799580529e-05, -4.99799580529e-05, 1
9.448, 0.03783694, 0.002798943, 9.4, 4.99799580529e-05, -4.99799580529e-05, 1
9.449, 0.03784045, 0.002799203, 9.4, 4.99799580529e-05, -4.99799580529e-05, 1
9.45, 0.03784403, 0.002799463, 9.4, 4.99799580529e-05, -4.99799580529e-05, 1
9.451, 0.03784752, 0.002799713, 9.4, 4.99799580529e-05, -4.99799580529e-05, 1
9.452, 0.03785151, 0.002799975, 9.4, 4.99799580529e-05, -4.99799580529e-05, 1
9.453, 0.03785519, 0.002800238, 9.4, 4.99799580529e-05, -4.99799580529e-05, 1
9.454, 0.03785919, 0.002800507, 9.4, 4.99799580529e-05, -4.99799580529e-05, 1
9.455, 0.03786289, 0.002800767, 9.4, 4.99799580529e-05, -4.99799580529e-05, 1
9.456, 0.03786641, 0.002801028, 9.4, 4.99799580529e-05, -4.99799580529e-05, 1
9.457, 0.037869991, 0.002801281, 9.4, 4.99799580529e-05, -4.99799580529e-05, 1
9.458, 0.037873641, 0.002801519, 9.4, 4.99799580529e-05, -4.99799580529e-05, 1
9.459, 0.037877161, 0.002801768, 9.4, 4.99799580529e-05, -4.99799580529e-05, 1
9.46, 0.03788073, 0.002802027, 9.4, 4.99799580529e-05, -4.99799580529e-05, 1
9.461, 0.037884309, 0.002802287, 9.4, 4.99799580529e-05, -4.99799580529e-05, 1
9.462, 0.03788798, 0.002802537, 9.4, 4.99799580529e-05, -4.99799580529e-05, 1
9.463, 0.03789145, 0.002802808, 9.4, 4.99799580529e-05, -4.99799580529e-05, 1
9.464, 0.03789507, 0.002803077, 9.4, 4.99799580529e-05, -4.99799580529e-05, 1
9.465, 0.03789866, 0.002803336, 9.4, 4.99799580529e-05, -4.99799580529e-05, 1
9.466, 0.03790233, 0.002803586, 9.4, 4.99799580529e-05, -4.99799580529e-05, 1
9.467, 0.03790593, 0.002803836, 9.4, 4.99799580529e-05, -4.99799580529e-05, 1
9.468, 0.03790951, 0.002804096, 9.4, 4.99799580529e-05, -4.99799580529e-05, 1
9.469, 0.0379129, 0.002804356, 9.4, 4.99799580529e-05, -4.99799580529e-05, 1
9.47, 0.03791651, 0.002804606, 9.4, 4.99799580529e-05, -4.99799580529e-05, 1
9.471, 0.03792, 0.002804866, 9.4, 4.99799580529e-05, -4.99799580529e-05, 1
9.472, 0.03792375, 0.002805146, 9.4, 4.99799580529e-05, -4.99799580529e-05, 1
9.473, 0.03792727, 0.002805417, 9.4, 4.99799580529e-05, -4.99799580529e-05, 1
9.474, 0.03793087, 0.002805678, 9.4, 4.99799580529e-05, -4.99799580529e-05, 1
9.475, 0.03793433, 0.002805937, 9.4, 4.99799580529e-05, -4.99799580529e-05, 1
9.476, 0.037937979, 0.002806206, 9.4, 4.99799580529e-05, -4.99799580529e-05, 1
9.477, 0.03794145, 0.002806477, 9.4, 4.99799580529e-05, -4.99799580529e-05, 1
9.478, 0.037945101, 0.002806727, 9.4, 4.99799580529e-05, -4.99799580529e-05, 1
9.479, 0.037948651, 0.002806974, 9.4, 4.99799580529e-05, -4.99799580529e-05, 1
9.48, 0.037952251, 0.002807234, 9.4, 4.99799580529e-05, -4.99799580529e-05, 1
9.481, 0.037958771, 0.002807483, 9.4, 4.99799580529e-05, -4.99799580529e-05, 1
9.482, 0.037962411, 0.002807742, 9.4, 4.99799580529e-05, -4.99799580529e-05, 1
9.483, 0.037966021, 0.002808023, 9.4, 4.99799580529e-05, -4.99799580529e-05, 1
9.484, 0.03796973, 0.002808281, 9.4, 4.99799580529e-05, -4.99799580529e-05, 1
9.485, 0.037973401, 0.002808542, 9.4, 4.99799580529e-05, -4.99799580529e-05, 1
9.486, 0.037977151, 0.002808802, 9.4, 4.99799580529e-05, -4.99799580529e-05, 1
9.487, 0.037980791, 0.002809052, 9.4, 4.99799580529e-05, -4.99799580529e-05, 1
9.488, 0.037984401, 0.002809302, 9.4, 4.99799580529e-05, -4.99799580529e-05, 1
9.489, 0.037987981, 0.002809572, 9.4, 4.99799580529e-05, -4.99799580529e-05, 1
9.49, 0.037991571, 0.002809842, 9.4, 4.99799580529e-05, -4.99799580529e-05, 1
9.491, 0.037995171, 0.002810102, 9.4, 4.99799580529e-05, -4.99799580529e-05, 1
9.492, 0.037998841, 0.002810372, 9.4, 4.99799580529e-05, -4.99799580529e-05, 1
9.493, 0.038002451, 0.002810622, 9.4, 4.99799580529e-05, -4.99799580529e-05, 1
9.494, 0.038006111, 0.002810872, 9.4, 4.99799580529e-05, -4.99799580529e-05, 1
9.495, 0.038009851, 0.00281111, 9.4, 4.99799580529e-05, -4.99799580529e-05, 1
9.496, 0.038013461, 0.002811351, 9.4, 4.99799580529e-05, -4.99799580529e-05, 1
9.497, 0.038016911, 0.002811602, 9.4, 4.99799580529e-05, -4.99799580529e-05, 1
9.498, 0.038020501, 0.002811852, 9.4, 4.99799580529e-05, -4.99799580529e-05, 1
9.499, 0.038024051, 0.002812124, 9.4, 4.99799580529e-05, -4.99799580529e-05, 1
9.5, 0.038027782, 0.002812616, 9.5, 4.49819622476e-05, -4.49819622476e-05, 1
9.501, 0.038031443, 0.002812895, 9.5, 4.49819622476e-05, -4.49819622476e-05, 1
9.502, 0.038035163, 0.002813146, 9.5, 4.49819622476e-05, -4.49819622476e-05, 1
9.503, 0.038038672, 0.002813407, 9.5, 4.49819622476e-05, -4.49819622476e-05, 1
9.504, 0.038042292, 0.002813668, 9.5, 4.49819622476e-05, -4.49819622476e-05, 1
9.505, 0.038045823, 0.002813937, 9.5, 4.49819622476e-05, -4.49819622476e-05, 1
9.506, 0.038049374, 0.002814187, 9.5, 4.49819622476e-05, -4.49819622476e-05, 1
9.507, 0.038052924, 0.002814437, 9.5, 4.49819622476e-05, -4.49819622476e-05, 1
9.508, 0.038056464, 0.002814697, 9.5, 4.49819622476e-05, -4.49819622476e-05, 1
9.509, 0.038060054, 0.002814957, 9.5, 4.49819622476e-05, -4.49819622476e-05, 1
9.51, 0.038063524, 0.002815217, 9.5, 4.49819622476e-05, -4.49819622476e-05, 1
9.511, 0.038067084, 0.002815467, 9.5, 4.49819622476e-05, -4.49819622476e-05, 1
9.512, 0.038070644, 0.002815717, 9.5, 4.49819622476e-05, -4.49819622476e-05, 1
9.513, 0.038074214, 0.002815977, 9.5, 4.49819622476e-05, -4.49819622476e-05, 1
9.514, 0.038107165, 0.002844738, 9.5, 4.49819622476e-05, -4.49819622476e-05, 1
9.515, 0.038124294, 0.002845417, 9.5, 4.49819622476e-05, -4.49819622476e-05, 1
9.516, 0.038130884, 0.002845828, 9.5, 4.49819622476e-05, -4.49819622476e-05, 1
9.517, 0.038135944, 0.002846218, 9.5, 4.49819622476e-05, -4.49819622476e-05, 1
9.518, 0.038141214, 0.002846718, 9.5, 4.49819622476e-05, -4.49819622476e-05, 1
9.519, 0.038147294, 0.002847118, 9.5, 4.49819622476e-05, -4.49819622476e-05, 1
9.52, 0.038152284, 0.002847518, 9.5, 4.49819622476e-05, -4.49819622476e-05, 1
9.521, 0.038157464, 0.002847927, 9.5, 4.49819622476e-05, -4.49819622476e-05, 1
9.522, 0.038163213, 0.002848338, 9.5, 4.49819622476e-05, -4.49819622476e-05, 1
9.523, 0.038168843, 0.002848799, 9.5, 4.49819622476e-05, -4.49819622476e-05, 1
9.524, 0.038174104, 0.002849187, 9.5, 4.49819622476e-05, -4.49819622476e-05, 1
9.525, 0.038179744, 0.002849677, 9.5, 4.49819622476e-05, -4.49819622476e-05, 1
9.526, 0.038184904, 0.002850057, 9.5, 4.49819622476e-05, -4.49819622476e-05, 1
9.527, 0.038190285, 0.002850457, 9.5, 4.49819622476e-05, -4.49819622476e-05, 1
9.528, 0.038195775, 0.002850886, 9.5, 4.49819622476e-05, -4.49819622476e-05, 1
9.529, 0.038200985, 0.002851276, 9.5, 4.49819622476e-05, -4.49819622476e-05, 1
9.53, 0.038206765, 0.002851877, 9.5, 4.49819622476e-05, -4.49819622476e-05, 1
9.531, 0.038212495, 0.002852277, 9.5, 4.49819622476e-05, -4.49819622476e-05, 1
9.532, 0.038218125, 0.002852677, 9.5, 4.49819622476e-05, -4.49819622476e-05, 1
9.533, 0.038230805, 0.002853107, 9.5, 4.49819622476e-05, -4.49819622476e-05, 1
9.534, 0.038235745, 0.002853496, 9.5, 4.49819622476e-05, -4.49819622476e-05, 1
9.535, 0.038240694, 0.002853877, 9.5, 4.49819622476e-05, -4.49819622476e-05, 1
9.536, 0.038245774, 0.002854247, 9.5, 4.49819622476e-05, -4.49819622476e-05, 1
9.537, 0.038250874, 0.002854627, 9.5, 4.49819622476e-05, -4.49819622476e-05, 1
9.538, 0.038256565, 0.002855075, 9.5, 4.49819622476e-05, -4.49819622476e-05, 1
9.539, 0.038262436, 0.002855497, 9.5, 4.49819622476e-05, -4.49819622476e-05, 1
9.54, 0.038267986, 0.002855927, 9.5, 4.49819622476e-05, -4.49819622476e-05, 1
9.541, 0.038273607, 0.002856396, 9.5, 4.49819622476e-05, -4.49819622476e-05, 1
9.542, 0.038279437, 0.002856827, 9.5, 4.49819622476e-05, -4.49819622476e-05, 1
9.543, 0.038284927, 0.002857287, 9.5, 4.49819622476e-05, -4.49819622476e-05, 1
9.544, 0.038290797, 0.002857697, 9.5, 4.49819622476e-05, -4.49819622476e-05, 1
9.545, 0.038296817, 0.002858157, 9.5, 4.49819622476e-05, -4.49819622476e-05, 1
9.546, 0.038302337, 0.002858587, 9.5, 4.49819622476e-05, -4.49819622476e-05, 1
9.547, 0.038307737, 0.002859008, 9.5, 4.49819622476e-05, -4.49819622476e-05, 1
9.548, 0.038313478, 0.002859427, 9.5, 4.49819622476e-05, -4.49819622476e-05, 1
9.549, 0.038318609, 0.002859828, 9.5, 4.49819622476e-05, -4.49819622476e-05, 1
9.55, 0.0383235, 0.002860237, 9.5, 4.49819622476e-05, -4.49819622476e-05, 1
9.551, 0.038328601, 0.002860635, 9.5, 4.49819622476e-05, -4.49819622476e-05, 1
9.552, 0.03833379, 0.002861064, 9.5, 4.49819622476e-05, -4.49819622476e-05, 1
9.553, 0.038338491, 0.002861463, 9.5, 4.49819622476e-05, -4.49819622476e-05, 1
9.554, 0.038343091, 0.002861823, 9.5, 4.49819622476e-05, -4.49819622476e-05, 1
9.555, 0.038348001, 0.002862213, 9.5, 4.49819622476e-05, -4.49819622476e-05, 1
9.556, 0.038352731, 0.002862601, 9.5, 4.49819622476e-05, -4.49819622476e-05, 1
9.557, 0.038357321, 0.002862981, 9.5, 4.49819622476e-05, -4.49819622476e-05, 1
9.558, 0.038362441, 0.002863371, 9.5, 4.49819622476e-05, -4.49819622476e-05, 1
9.559, 0.038367511, 0.002863761, 9.5, 4.49819622476e-05, -4.49819622476e-05, 1
9.56, 0.038373011, 0.002864131, 9.5, 4.49819622476e-05, -4.49819622476e-05, 1
9.561, 0.038378051, 0.002864531, 9.5, 4.49819622476e-05, -4.49819622476e-05, 1
9.562, 0.038383041, 0.002864901, 9.5, 4.49819622476e-05, -4.49819622476e-05, 1
9.563, 0.038388271, 0.002865281, 9.5, 4.49819622476e-05, -4.49819622476e-05, 1
9.564, 0.038393471, 0.002865723, 9.5, 4.49819622476e-05, -4.49819622476e-05, 1
9.565, 0.038398841, 0.002866122, 9.5, 4.49819622476e-05, -4.49819622476e-05, 1
9.566, 0.03840402, 0.002866523, 9.5, 4.49819622476e-05, -4.49819622476e-05, 1
9.567, 0.03840929, 0.002866952, 9.5, 4.49819622476e-05, -4.49819622476e-05, 1
9.568, 0.03841505, 0.002867381, 9.5, 4.49819622476e-05, -4.49819622476e-05, 1
9.569, 0.038420859, 0.002867811, 9.5, 4.49819622476e-05, -4.49819622476e-05, 1
9.57, 0.038426099, 0.002868221, 9.5, 4.49819622476e-05, -4.49819622476e-05, 1
9.571, 0.038431649, 0.002868661, 9.5, 4.49819622476e-05, -4.49819622476e-05, 1
9.572, 0.038437269, 0.002869091, 9.5, 4.49819622476e-05, -4.49819622476e-05, 1
9.573, 0.038443079, 0.002869581, 9.5, 4.49819622476e-05, -4.49819622476e-05, 1
9.574, 0.038448229, 0.002869971, 9.5, 4.49819622476e-05, -4.49819622476e-05, 1
9.575, 0.038453829, 0.002870381, 9.5, 4.49819622476e-05, -4.49819622476e-05, 1
9.576, 0.038464379, 0.002870981, 9.5, 4.49819622476e-05, -4.49819622476e-05, 1
9.577, 0.038472579, 0.002871622, 9.5, 4.49819622476e-05, -4.49819622476e-05, 1
9.578, 0.038478678, 0.002872051, 9.5, 4.49819622476e-05, -4.49819622476e-05, 1
9.579, 0.038484817, 0.002872611, 9.5, 4.49819622476e-05, -4.49819622476e-05, 1
9.58, 0.038490136, 0.002873082, 9.5, 4.49819622476e-05, -4.49819622476e-05, 1
9.581, 0.038495577, 0.002873451, 9.5, 4.49819622476e-05, -4.49819622476e-05, 1
9.582, 0.038499436, 0.002873701, 9.5, 4.49819622476e-05, -4.49819622476e-05, 1
9.583, 0.038503186, 0.002873954, 9.5, 4.49819622476e-05, -4.49819622476e-05, 1
9.584, 0.038506716, 0.002874204, 9.5, 4.49819622476e-05, -4.49819622476e-05, 1
9.585, 0.038516216, 0.002874474, 9.5, 4.49819622476e-05, -4.49819622476e-05, 1
9.586, 0.038520006, 0.002874734, 9.5, 4.49819622476e-05, -4.49819622476e-05, 1
9.587, 0.038523496, 0.002874984, 9.5, 4.49819622476e-05, -4.49819622476e-05, 1
9.588, 0.038527106, 0.002875244, 9.5, 4.49819622476e-05, -4.49819622476e-05, 1
9.589, 0.038530606, 0.002875504, 9.5, 4.49819622476e-05, -4.49819622476e-05, 1
9.59, 0.038534206, 0.002875754, 9.5, 4.49819622476e-05, -4.49819622476e-05, 1
9.591, 0.038537717, 0.002876015, 9.5, 4.49819622476e-05, -4.49819622476e-05, 1
9.592, 0.038541296, 0.002876274, 9.5, 4.49819622476e-05, -4.49819622476e-05, 1
9.593, 0.038544906, 0.002876535, 9.5, 4.49819622476e-05, -4.49819622476e-05, 1
9.594, 0.038548447, 0.002876796, 9.5, 4.49819622476e-05, -4.49819622476e-05, 1
9.595, 0.038551887, 0.002877048, 9.5, 4.49819622476e-05, -4.49819622476e-05, 1
9.596, 0.038555578, 0.0028773, 9.5, 4.49819622476e-05, -4.49819622476e-05, 1
9.597, 0.038559079, 0.002877549, 9.5, 4.49819622476e-05, -4.49819622476e-05, 1
9.598, 0.038562679, 0.002877809, 9.5, 4.49819622476e-05, -4.49819622476e-05, 1
9.599, 0.038566138, 0.002878057, 9.5, 4.49819622476e-05, -4.49819622476e-05, 1
9.6, 0.038569899, 0.002878536, 9.6, 4.04837660228e-05, -4.04837660228e-05, 1
9.601, 0.038573509, 0.002878814, 9.6, 4.04837660228e-05, -4.04837660228e-05, 1
9.602, 0.038577189, 0.002879073, 9.6, 4.04837660228e-05, -4.04837660228e-05, 1
9.603, 0.038580618, 0.002879331, 9.6, 4.04837660228e-05, -4.04837660228e-05, 1
9.604, 0.038584359, 0.002879592, 9.6, 4.04837660228e-05, -4.04837660228e-05, 1
9.605, 0.038587819, 0.002879852, 9.6, 4.04837660228e-05, -4.04837660228e-05, 1
9.606, 0.038591379, 0.002880112, 9.6, 4.04837660228e-05, -4.04837660228e-05, 1
9.607, 0.038594909, 0.002880372, 9.6, 4.04837660228e-05, -4.04837660228e-05, 1
9.608, 0.038598499, 0.002880642, 9.6, 4.04837660228e-05, -4.04837660228e-05, 1
9.609, 0.038602059, 0.002880902, 9.6, 4.04837660228e-05, -4.04837660228e-05, 1
9.61, 0.038605599, 0.002881162, 9.6, 4.04837660228e-05, -4.04837660228e-05, 1
9.611, 0.038609289, 0.002881422, 9.6, 4.04837660228e-05, -4.04837660228e-05, 1
9.612, 0.038612789, 0.002881682, 9.6, 4.04837660228e-05, -4.04837660228e-05, 1
9.613, 0.038616429, 0.002881942, 9.6, 4.04837660228e-05, -4.04837660228e-05, 1
9.614, 0.038621979, 0.002882272, 9.6, 4.04837660228e-05, -4.04837660228e-05, 1
9.615, 0.038627408, 0.00288271, 9.6, 4.04837660228e-05, -4.04837660228e-05, 1
9.616, 0.038635579, 0.002883302, 9.6, 4.04837660228e-05, -4.04837660228e-05, 1
9.617, 0.03864579, 0.002883933, 9.6, 4.04837660228e-05, -4.04837660228e-05, 1
9.618, 0.038651899, 0.002884356, 9.6, 4.04837660228e-05, -4.04837660228e-05, 1
9.619, 0.038657228, 0.002884736, 9.6, 4.04837660228e-05, -4.04837660228e-05, 1
9.62, 0.038661909, 0.002885105, 9.6, 4.04837660228e-05, -4.04837660228e-05, 1
9.621, 0.038666979, 0.002885475, 9.6, 4.04837660228e-05, -4.04837660228e-05, 1
9.622, 0.038672049, 0.002885825, 9.6, 4.04837660228e-05, -4.04837660228e-05, 1
9.623, 0.038675709, 0.002886095, 9.6, 4.04837660228e-05, -4.04837660228e-05, 1
9.624, 0.038679159, 0.002886355, 9.6, 4.04837660228e-05, -4.04837660228e-05, 1
9.625, 0.038682869, 0.002886605, 9.6, 4.04837660228e-05, -4.04837660228e-05, 1
9.626, 0.038686339, 0.002886865, 9.6, 4.04837660228e-05, -4.04837660228e-05, 1
9.627, 0.038689819, 0.002887125, 9.6, 4.04837660228e-05, -4.04837660228e-05, 1
9.628, 0.0386934, 0.002887377, 9.6, 4.04837660228e-05, -4.04837660228e-05, 1
9.629, 0.038696859, 0.002887636, 9.6, 4.04837660228e-05, -4.04837660228e-05, 1
9.63, 0.038700469, 0.002887909, 9.6, 4.04837660228e-05, -4.04837660228e-05, 1
9.631, 0.038703949, 0.002888168, 9.6, 4.04837660228e-05, -4.04837660228e-05, 1
9.632, 0.038707539, 0.002888419, 9.6, 4.04837660228e-05, -4.04837660228e-05, 1
9.633, 0.038710989, 0.002888666, 9.6, 4.04837660228e-05, -4.04837660228e-05, 1
9.634, 0.038714558, 0.002888915, 9.6, 4.04837660228e-05, -4.04837660228e-05, 1
9.635, 0.038718068, 0.002889166, 9.6, 4.04837660228e-05, -4.04837660228e-05, 1
9.636, 0.038721688, 0.002889405, 9.6, 4.04837660228e-05, -4.04837660228e-05, 1
9.637, 0.038730488, 0.002889674, 9.6, 4.04837660228e-05, -4.04837660228e-05, 1
9.638, 0.038734088, 0.002889933, 9.6, 4.04837660228e-05, -4.04837660228e-05, 1
9.639, 0.038737708, 0.002890203, 9.6, 4.04837660228e-05, -4.04837660228e-05, 1
9.64, 0.038741238, 0.002890463, 9.6, 4.04837660228e-05, -4.04837660228e-05, 1
9.641, 0.038744828, 0.002890723, 9.6, 4.04837660228e-05, -4.04837660228e-05, 1
9.642, 0.038748288, 0.002890983, 9.6, 4.04837660228e-05, -4.04837660228e-05, 1
9.643, 0.038751958, 0.002891243, 9.6, 4.04837660228e-05, -4.04837660228e-05, 1
9.644, 0.038755458, 0.002891503, 9.6, 4.04837660228e-05, -4.04837660228e-05, 1
9.645, 0.038759088, 0.002891753, 9.6, 4.04837660228e-05, -4.04837660228e-05, 1
9.646, 0.038762518, 0.002892003, 9.6, 4.04837660228e-05, -4.04837660228e-05, 1
9.647, 0.038766128, 0.002892243, 9.6, 4.04837660228e-05, -4.04837660228e-05, 1
9.648, 0.038769578, 0.002892503, 9.6, 4.04837660228e-05, -4.04837660228e-05, 1
9.649, 0.038773209, 0.002892775, 9.6, 4.04837660228e-05, -4.04837660228e-05, 1
9.65, 0.038777759, 0.002893114, 9.6, 4.04837660228e-05, -4.04837660228e-05, 1
9.651, 0.038783559, 0.002893543, 9.6, 4.04837660228e-05, -4.04837660228e-05, 1
9.652, 0.03878931, 0.002893992, 9.6, 4.04837660228e-05, -4.04837660228e-05, 1
9.653, 0.03879488, 0.002894371, 9.6, 4.04837660228e-05, -4.04837660228e-05, 1
9.654, 0.03880038, 0.002894831, 9.6, 4.04837660228e-05, -4.04837660228e-05, 1
9.655, 0.03880581, 0.002895263, 9.6, 4.04837660228e-05, -4.04837660228e-05, 1
9.656, 0.03881169, 0.002895792, 9.6, 4.04837660228e-05, -4.04837660228e-05, 1
9.657, 0.03881749, 0.002896192, 9.6, 4.04837660228e-05, -4.04837660228e-05, 1
9.658, 0.03882251, 0.002896592, 9.6, 4.04837660228e-05, -4.04837660228e-05, 1
9.659, 0.03882792, 0.002896982, 9.6, 4.04837660228e-05, -4.04837660228e-05, 1
9.66, 0.03883353, 0.002897382, 9.6, 4.04837660228e-05, -4.04837660228e-05, 1
9.661, 0.03883908, 0.002897802, 9.6, 4.04837660228e-05, -4.04837660228e-05, 1
9.662, 0.03884441, 0.002898185, 9.6, 4.04837660228e-05, -4.04837660228e-05, 1
9.663, 0.0388498, 0.002898594, 9.6, 4.04837660228e-05, -4.04837660228e-05, 1
9.664, 0.038855261, 0.002898984, 9.6, 4.04837660228e-05, -4.04837660228e-05, 1
9.665, 0.038860591, 0.002899374, 9.6, 4.04837660228e-05, -4.04837660228e-05, 1
9.666, 0.038866431, 0.002899823, 9.6, 4.04837660228e-05, -4.04837660228e-05, 1
9.667, 0.038871761, 0.002900252, 9.6, 4.04837660228e-05, -4.04837660228e-05, 1
9.668, 0.038877181, 0.002900672, 9.6, 4.04837660228e-05, -4.04837660228e-05, 1
9.669, 0.038882651, 0.002901093, 9.6, 4.04837660228e-05, -4.04837660228e-05, 1
9.67, 0.038888242, 0.002901563, 9.6, 4.04837660228e-05, -4.04837660228e-05, 1
9.671, 0.038893872, 0.002901953, 9.6, 4.04837660228e-05, -4.04837660228e-05, 1
9.672, 0.038899402, 0.002902373, 9.6, 4.04837660228e-05, -4.04837660228e-05, 1
9.673, 0.038904822, 0.002902853, 9.6, 4.04837660228e-05, -4.04837660228e-05, 1
9.674, 0.038909882, 0.002903283, 9.6, 4.04837660228e-05, -4.04837660228e-05, 1
9.675, 0.038914982, 0.002903683, 9.6, 4.04837660228e-05, -4.04837660228e-05, 1
9.676, 0.038920112, 0.002904084, 9.6, 4.04837660228e-05, -4.04837660228e-05, 1
9.677, 0.038925442, 0.002904483, 9.6, 4.04837660228e-05, -4.04837660228e-05, 1
9.678, 0.038930772, 0.002904902, 9.6, 4.04837660228e-05, -4.04837660228e-05, 1
9.679, 0.038935852, 0.002905313, 9.6, 4.04837660228e-05, -4.04837660228e-05, 1
9.68, 0.038941062, 0.002905722, 9.6, 4.04837660228e-05, -4.04837660228e-05, 1
9.681, 0.038946503, 0.002906122, 9.6, 4.04837660228e-05, -4.04837660228e-05, 1
9.682, 0.038952013, 0.002906533, 9.6, 4.04837660228e-05, -4.04837660228e-05, 1
9.683, 0.038957664, 0.00290693, 9.6, 4.04837660228e-05, -4.04837660228e-05, 1
9.684, 0.038963004, 0.002907361, 9.6, 4.04837660228e-05, -4.04837660228e-05, 1
9.685, 0.038968604, 0.002907791, 9.6, 4.04837660228e-05, -4.04837660228e-05, 1
9.686, 0.038974444, 0.002908231, 9.6, 4.04837660228e-05, -4.04837660228e-05, 1
9.687, 0.038979854, 0.002908671, 9.6, 4.04837660228e-05, -4.04837660228e-05, 1
9.688, 0.038985764, 0.002909081, 9.6, 4.04837660228e-05, -4.04837660228e-05, 1
9.689, 0.039011415, 0.00290953, 9.6, 4.04837660228e-05, -4.04837660228e-05, 1
9.69, 0.039016495, 0.00290995, 9.6, 4.04837660228e-05, -4.04837660228e-05, 1
9.691, 0.039021255, 0.002910368, 9.6, 4.04837660228e-05, -4.04837660228e-05, 1
9.692, 0.039026666, 0.00291078, 9.6, 4.04837660228e-05, -4.04837660228e-05, 1
9.693, 0.039031986, 0.00291117, 9.6, 4.04837660228e-05, -4.04837660228e-05, 1
9.694, 0.039037006, 0.002911561, 9.6, 4.04837660228e-05, -4.04837660228e-05, 1
9.695, 0.039042307, 0.002911951, 9.6, 4.04837660228e-05, -4.04837660228e-05, 1
9.696, 0.039047567, 0.002912351, 9.6, 4.04837660228e-05, -4.04837660228e-05, 1
9.697, 0.039052647, 0.002912731, 9.6, 4.04837660228e-05, -4.04837660228e-05, 1
9.698, 0.039058087, 0.002913161, 9.6, 4.04837660228e-05, -4.04837660228e-05, 1
9.699, 0.039063607, 0.002913631, 9.6, 4.04837660228e-05, -4.04837660228e-05, 1
9.7, 0.039069627, 0.002914303, 9.7, 3.64353894206e-05, -3.64353894206e-05, 1
9.701, 0.039075527, 0.002914774, 9.7, 3.64353894206e-05, -3.64353894206e-05, 1
9.702, 0.039087078, 0.002915315, 9.7, 3.64353894206e-05, -3.64353894206e-05, 1
9.703, 0.039094238, 0.002915943, 9.7, 3.64353894206e-05, -3.64353894206e-05, 1
9.704, 0.039100018, 0.002916364, 9.7, 3.64353894206e-05, -3.64353894206e-05, 1
9.705, 0.039105858, 0.002916755, 9.7, 3.64353894206e-05, -3.64353894206e-05, 1
9.706, 0.039110938, 0.002917237, 9.7, 3.64353894206e-05, -3.64353894206e-05, 1
9.707, 0.039115768, 0.002917626, 9.7, 3.64353894206e-05, -3.64353894206e-05, 1
9.708, 0.039120538, 0.002918006, 9.7, 3.64353894206e-05, -3.64353894206e-05, 1
9.709, 0.039125338, 0.002918376, 9.7, 3.64353894206e-05, -3.64353894206e-05, 1
9.71, 0.039130498, 0.002918806, 9.7, 3.64353894206e-05, -3.64353894206e-05, 1
9.711, 0.039135738, 0.002919126, 9.7, 3.64353894206e-05, -3.64353894206e-05, 1
9.712, 0.039139608, 0.002919376, 9.7, 3.64353894206e-05, -3.64353894206e-05, 1
9.713, 0.039143108, 0.002919636, 9.7, 3.64353894206e-05, -3.64353894206e-05, 1
9.714, 0.039146598, 0.002919897, 9.7, 3.64353894206e-05, -3.64353894206e-05, 1
9.715, 0.039150158, 0.002920146, 9.7, 3.64353894206e-05, -3.64353894206e-05, 1
9.716, 0.039153789, 0.002920395, 9.7, 3.64353894206e-05, -3.64353894206e-05, 1
9.717, 0.039157309, 0.002920644, 9.7, 3.64353894206e-05, -3.64353894206e-05, 1
9.718, 0.039161099, 0.002920902, 9.7, 3.64353894206e-05, -3.64353894206e-05, 1
9.719, 0.039164588, 0.002921173, 9.7, 3.64353894206e-05, -3.64353894206e-05, 1
9.72, 0.039168207, 0.002921433, 9.7, 3.64353894206e-05, -3.64353894206e-05, 1
9.721, 0.039171748, 0.002921685, 9.7, 3.64353894206e-05, -3.64353894206e-05, 1
9.722, 0.039175217, 0.002921943, 9.7, 3.64353894206e-05, -3.64353894206e-05, 1
9.723, 0.039178837, 0.002922206, 9.7, 3.64353894206e-05, -3.64353894206e-05, 1
9.724, 0.039182306, 0.002922465, 9.7, 3.64353894206e-05, -3.64353894206e-05, 1
9.725, 0.039186006, 0.002922896, 9.7, 3.64353894206e-05, -3.64353894206e-05, 1
9.726, 0.039189817, 0.002923148, 9.7, 3.64353894206e-05, -3.64353894206e-05, 1
9.727, 0.039193407, 0.002923388, 9.7, 3.64353894206e-05, -3.64353894206e-05, 1
9.728, 0.039196887, 0.002923648, 9.7, 3.64353894206e-05, -3.64353894206e-05, 1
9.729, 0.039200527, 0.002923918, 9.7, 3.64353894206e-05, -3.64353894206e-05, 1
9.73, 0.039204047, 0.002924188, 9.7, 3.64353894206e-05, -3.64353894206e-05, 1
9.731, 0.039207627, 0.002924458, 9.7, 3.64353894206e-05, -3.64353894206e-05, 1
9.732, 0.039211176, 0.002924728, 9.7, 3.64353894206e-05, -3.64353894206e-05, 1
9.733, 0.039214756, 0.002925008, 9.7, 3.64353894206e-05, -3.64353894206e-05, 1
9.734, 0.039218246, 0.002925278, 9.7, 3.64353894206e-05, -3.64353894206e-05, 1
9.735, 0.039221766, 0.002925547, 9.7, 3.64353894206e-05, -3.64353894206e-05, 1
9.736, 0.039225246, 0.002925817, 9.7, 3.64353894206e-05, -3.64353894206e-05, 1
9.737, 0.039228906, 0.002926074, 9.7, 3.64353894206e-05, -3.64353894206e-05, 1
9.738, 0.039232346, 0.002926312, 9.7, 3.64353894206e-05, -3.64353894206e-05, 1
9.739, 0.039235846, 0.002926572, 9.7, 3.64353894206e-05, -3.64353894206e-05, 1
9.74, 0.039240017, 0.002926883, 9.7, 3.64353894206e-05, -3.64353894206e-05, 1
9.741, 0.039258497, 0.002927471, 9.7, 3.64353894206e-05, -3.64353894206e-05, 1
9.742, 0.039269677, 0.002928151, 9.7, 3.64353894206e-05, -3.64353894206e-05, 1
9.743, 0.039276357, 0.002928561, 9.7, 3.64353894206e-05, -3.64353894206e-05, 1
9.744, 0.039282007, 0.002928991, 9.7, 3.64353894206e-05, -3.64353894206e-05, 1
9.745, 0.039287457, 0.002929391, 9.7, 3.64353894206e-05, -3.64353894206e-05, 1
9.746, 0.039292897, 0.002929811, 9.7, 3.64353894206e-05, -3.64353894206e-05, 1
9.747, 0.039297988, 0.002930231, 9.7, 3.64353894206e-05, -3.64353894206e-05, 1
9.748, 0.039302999, 0.002930614, 9.7, 3.64353894206e-05, -3.64353894206e-05, 1
9.749, 0.039307728, 0.002931005, 9.7, 3.64353894206e-05, -3.64353894206e-05, 1
9.75, 0.039312547, 0.002931394, 9.7, 3.64353894206e-05, -3.64353894206e-05, 1
9.751, 0.039317787, 0.002931814, 9.7, 3.64353894206e-05, -3.64353894206e-05, 1
9.752, 0.039323216, 0.002932234, 9.7, 3.64353894206e-05, -3.64353894206e-05, 1
9.753, 0.039329136, 0.002932694, 9.7, 3.64353894206e-05, -3.64353894206e-05, 1
9.754, 0.039334637, 0.002933194, 9.7, 3.64353894206e-05, -3.64353894206e-05, 1
9.755, 0.039340167, 0.002933614, 9.7, 3.64353894206e-05, -3.64353894206e-05, 1
9.756, 0.039345717, 0.002934034, 9.7, 3.64353894206e-05, -3.64353894206e-05, 1
9.757, 0.039351377, 0.002934464, 9.7, 3.64353894206e-05, -3.64353894206e-05, 1
9.758, 0.039357117, 0.002934884, 9.7, 3.64353894206e-05, -3.64353894206e-05, 1
9.759, 0.039362337, 0.002935274, 9.7, 3.64353894206e-05, -3.64353894206e-05, 1
9.76, 0.039367937, 0.002935714, 9.7, 3.64353894206e-05, -3.64353894206e-05, 1
9.761, 0.039373317, 0.002936115, 9.7, 3.64353894206e-05, -3.64353894206e-05, 1
9.762, 0.039378868, 0.002936542, 9.7, 3.64353894206e-05, -3.64353894206e-05, 1
9.763, 0.039384548, 0.002936953, 9.7, 3.64353894206e-05, -3.64353894206e-05, 1
9.764, 0.039389378, 0.002937354, 9.7, 3.64353894206e-05, -3.64353894206e-05, 1
9.765, 0.039394809, 0.002937793, 9.7, 3.64353894206e-05, -3.64353894206e-05, 1
9.766, 0.039400308, 0.002938193, 9.7, 3.64353894206e-05, -3.64353894206e-05, 1
9.767, 0.039405898, 0.002938634, 9.7, 3.64353894206e-05, -3.64353894206e-05, 1
9.768, 0.039411519, 0.002939052, 9.7, 3.64353894206e-05, -3.64353894206e-05, 1
9.769, 0.039417169, 0.002939483, 9.7, 3.64353894206e-05, -3.64353894206e-05, 1
9.77, 0.039422739, 0.002939933, 9.7, 3.64353894206e-05, -3.64353894206e-05, 1
9.771, 0.039428359, 0.002940373, 9.7, 3.64353894206e-05, -3.64353894206e-05, 1
9.772, 0.039434029, 0.002940823, 9.7, 3.64353894206e-05, -3.64353894206e-05, 1
9.773, 0.039439339, 0.002941233, 9.7, 3.64353894206e-05, -3.64353894206e-05, 1
9.774, 0.039444629, 0.002941613, 9.7, 3.64353894206e-05, -3.64353894206e-05, 1
9.775, 0.039450289, 0.002942024, 9.7, 3.64353894206e-05, -3.64353894206e-05, 1
9.776, 0.039455659, 0.002942435, 9.7, 3.64353894206e-05, -3.64353894206e-05, 1
9.777, 0.039461299, 0.002942858, 9.7, 3.64353894206e-05, -3.64353894206e-05, 1
9.778, 0.039466839, 0.002943288, 9.7, 3.64353894206e-05, -3.64353894206e-05, 1
9.779, 0.03947214, 0.002943727, 9.7, 3.64353894206e-05, -3.64353894206e-05, 1
9.78, 0.03947738, 0.002944147, 9.7, 3.64353894206e-05, -3.64353894206e-05, 1
9.781, 0.039482849, 0.002944578, 9.7, 3.64353894206e-05, -3.64353894206e-05, 1
9.782, 0.039488469, 0.002944997, 9.7, 3.64353894206e-05, -3.64353894206e-05, 1
9.783, 0.039493919, 0.002945417, 9.7, 3.64353894206e-05, -3.64353894206e-05, 1
9.784, 0.039499509, 0.002945848, 9.7, 3.64353894206e-05, -3.64353894206e-05, 1
9.785, 0.039505209, 0.002946258, 9.7, 3.64353894206e-05, -3.64353894206e-05, 1
9.786, 0.039511159, 0.002946698, 9.7, 3.64353894206e-05, -3.64353894206e-05, 1
9.787, 0.039517329, 0.002947148, 9.7, 3.64353894206e-05, -3.64353894206e-05, 1
9.788, 0.039522729, 0.002947588, 9.7, 3.64353894206e-05, -3.64353894206e-05, 1
9.789, 0.039528159, 0.002947987, 9.7, 3.64353894206e-05, -3.64353894206e-05, 1
9.79, 0.039533688, 0.002948409, 9.7, 3.64353894206e-05, -3.64353894206e-05, 1
9.791, 0.039539108, 0.002948829, 9.7, 3.64353894206e-05, -3.64353894206e-05, 1
9.792, 0.039544849, 0.002949229, 9.7, 3.64353894206e-05, -3.64353894206e-05, 1
9.793, 0.039563619, 0.002949639, 9.7, 3.64353894206e-05, -3.64353894206e-05, 1
9.794, 0.039569459, 0.002950129, 9.7, 3.64353894206e-05, -3.64353894206e-05, 1
9.795, 0.039574929, 0.002950579, 9.7, 3.64353894206e-05, -3.64353894206e-05, 1
9.796, 0.039580649, 0.002951009, 9.7, 3.64353894206e-05, -3.64353894206e-05, 1
9.797, 0.039586309, 0.002951439, 9.7, 3.64353894206e-05, -3.64353894206e-05, 1
9.798, 0.039592029, 0.002951889, 9.7, 3.64353894206e-05, -3.64353894206e-05, 1
9.799, 0.039597739, 0.002952319, 9.7, 3.64353894206e-05, -3.64353894206e-05, 1
9.8, 0.039603789, 0.002953, 9.8, 3.27918504785e-05, -3.27918504785e-05, 1
9.801, 0.039609279, 0.002953458, 9.8, 3.27918504785e-05, -3.27918504785e-05, 1
9.802, 0.039614719, 0.002953877, 9.8, 3.27918504785e-05, -3.27918504785e-05, 1
9.803, 0.039619479, 0.002954248, 9.8, 3.27918504785e-05, -3.27918504785e-05, 1
9.804, 0.039624279, 0.002954635, 9.8, 3.27918504785e-05, -3.27918504785e-05, 1
9.805, 0.039629498, 0.002955017, 9.8, 3.27918504785e-05, -3.27918504785e-05, 1
9.806, 0.039634548, 0.002955396, 9.8, 3.27918504785e-05, -3.27918504785e-05, 1
9.807, 0.039639439, 0.002955767, 9.8, 3.27918504785e-05, -3.27918504785e-05, 1
9.808, 0.039644299, 0.002956137, 9.8, 3.27918504785e-05, -3.27918504785e-05, 1
9.809, 0.039649549, 0.002956578, 9.8, 3.27918504785e-05, -3.27918504785e-05, 1
9.81, 0.039654659, 0.002956938, 9.8, 3.27918504785e-05, -3.27918504785e-05, 1
9.811, 0.039659619, 0.002957318, 9.8, 3.27918504785e-05, -3.27918504785e-05, 1
9.812, 0.039664609, 0.002957698, 9.8, 3.27918504785e-05, -3.27918504785e-05, 1
9.813, 0.039669049, 0.002958068, 9.8, 3.27918504785e-05, -3.27918504785e-05, 1
9.814, 0.039673619, 0.002958448, 9.8, 3.27918504785e-05, -3.27918504785e-05, 1
9.815, 0.039678159, 0.002958829, 9.8, 3.27918504785e-05, -3.27918504785e-05, 1
9.816, 0.039682739, 0.002959158, 9.8, 3.27918504785e-05, -3.27918504785e-05, 1
9.817, 0.039687388, 0.002959498, 9.8, 3.27918504785e-05, -3.27918504785e-05, 1
9.818, 0.039691909, 0.00295986, 9.8, 3.27918504785e-05, -3.27918504785e-05, 1
9.819, 0.039696488, 0.002960187, 9.8, 3.27918504785e-05, -3.27918504785e-05, 1
9.82, 0.039701058, 0.002960538, 9.8, 3.27918504785e-05, -3.27918504785e-05, 1
9.821, 0.039705488, 0.002960887, 9.8, 3.27918504785e-05, -3.27918504785e-05, 1
9.822, 0.039710079, 0.002961247, 9.8, 3.27918504785e-05, -3.27918504785e-05, 1
9.823, 0.039714609, 0.002961618, 9.8, 3.27918504785e-05, -3.27918504785e-05, 1
9.824, 0.039719199, 0.002961967, 9.8, 3.27918504785e-05, -3.27918504785e-05, 1
9.825, 0.03972371, 0.002962317, 9.8, 3.27918504785e-05, -3.27918504785e-05, 1
9.826, 0.03972817, 0.002962677, 9.8, 3.27918504785e-05, -3.27918504785e-05, 1
9.827, 0.03973273, 0.002963037, 9.8, 3.27918504785e-05, -3.27918504785e-05, 1
9.828, 0.03973747, 0.002963417, 9.8, 3.27918504785e-05, -3.27918504785e-05, 1
9.829, 0.03974186, 0.002963777, 9.8, 3.27918504785e-05, -3.27918504785e-05, 1
9.83, 0.03974643, 0.002964137, 9.8, 3.27918504785e-05, -3.27918504785e-05, 1
9.831, 0.03975081, 0.002964497, 9.8, 3.27918504785e-05, -3.27918504785e-05, 1
9.832, 0.03975541, 0.002964887, 9.8, 3.27918504785e-05, -3.27918504785e-05, 1
9.833, 0.039759991, 0.002965247, 9.8, 3.27918504785e-05, -3.27918504785e-05, 1
9.834, 0.03976448, 0.002965617, 9.8, 3.27918504785e-05, -3.27918504785e-05, 1
9.835, 0.039769109, 0.002965995, 9.8, 3.27918504785e-05, -3.27918504785e-05, 1
9.836, 0.03977374, 0.002966355, 9.8, 3.27918504785e-05, -3.27918504785e-05, 1
9.837, 0.039778209, 0.002966715, 9.8, 3.27918504785e-05, -3.27918504785e-05, 1
9.838, 0.039782859, 0.002967085, 9.8, 3.27918504785e-05, -3.27918504785e-05, 1
9.839, 0.039787629, 0.002967475, 9.8, 3.27918504785e-05, -3.27918504785e-05, 1
9.84, 0.039793149, 0.002967846, 9.8, 3.27918504785e-05, -3.27918504785e-05, 1
9.841, 0.039797928, 0.002968275, 9.8, 3.27918504785e-05, -3.27918504785e-05, 1
9.842, 0.039802839, 0.002968676, 9.8, 3.27918504785e-05, -3.27918504785e-05, 1
9.843, 0.039807769, 0.002969086, 9.8, 3.27918504785e-05, -3.27918504785e-05, 1
9.844, 0.039812789, 0.002969516, 9.8, 3.27918504785e-05, -3.27918504785e-05, 1
9.845, 0.039823169, 0.002969946, 9.8, 3.27918504785e-05, -3.27918504785e-05, 1
9.846, 0.03983509, 0.002971106, 9.8, 3.27918504785e-05, -3.27918504785e-05, 1
9.847, 0.03984136, 0.002971657, 9.8, 3.27918504785e-05, -3.27918504785e-05, 1
9.848, 0.0398475, 0.002972154, 9.8, 3.27918504785e-05, -3.27918504785e-05, 1
9.849, 0.039853291, 0.002972574, 9.8, 3.27918504785e-05, -3.27918504785e-05, 1
9.85, 0.039858571, 0.002972963, 9.8, 3.27918504785e-05, -3.27918504785e-05, 1
9.851, 0.039863411, 0.002973353, 9.8, 3.27918504785e-05, -3.27918504785e-05, 1
9.852, 0.039868091, 0.002973732, 9.8, 3.27918504785e-05, -3.27918504785e-05, 1
9.853, 0.03987278, 0.002974102, 9.8, 3.27918504785e-05, -3.27918504785e-05, 1
9.854, 0.039877501, 0.002974461, 9.8, 3.27918504785e-05, -3.27918504785e-05, 1
9.855, 0.039882211, 0.002974841, 9.8, 3.27918504785e-05, -3.27918504785e-05, 1
9.856, 0.039886921, 0.002975211, 9.8, 3.27918504785e-05, -3.27918504785e-05, 1
9.857, 0.039891531, 0.002975601, 9.8, 3.27918504785e-05, -3.27918504785e-05, 1
9.858, 0.039896351, 0.002976001, 9.8, 3.27918504785e-05, -3.27918504785e-05, 1
9.859, 0.039901611, 0.002976431, 9.8, 3.27918504785e-05, -3.27918504785e-05, 1
9.86, 0.039906002, 0.00297676, 9.8, 3.27918504785e-05, -3.27918504785e-05, 1
9.861, 0.039909762, 0.00297702, 9.8, 3.27918504785e-05, -3.27918504785e-05, 1
9.862, 0.039913272, 0.002977281, 9.8, 3.27918504785e-05, -3.27918504785e-05, 1
9.863, 0.039916901, 0.002977543, 9.8, 3.27918504785e-05, -3.27918504785e-05, 1
9.864, 0.039920471, 0.002977813, 9.8, 3.27918504785e-05, -3.27918504785e-05, 1
9.865, 0.039924071, 0.002978083, 9.8, 3.27918504785e-05, -3.27918504785e-05, 1
9.866, 0.039927551, 0.002978343, 9.8, 3.27918504785e-05, -3.27918504785e-05, 1
9.867, 0.039931121, 0.002978612, 9.8, 3.27918504785e-05, -3.27918504785e-05, 1
9.868, 0.03993471, 0.002978883, 9.8, 3.27918504785e-05, -3.27918504785e-05, 1
9.869, 0.039938361, 0.002979142, 9.8, 3.27918504785e-05, -3.27918504785e-05, 1
9.87, 0.039941961, 0.002979391, 9.8, 3.27918504785e-05, -3.27918504785e-05, 1
9.871, 0.039945702, 0.002979653, 9.8, 3.27918504785e-05, -3.27918504785e-05, 1
9.872, 0.039949352, 0.002979904, 9.8, 3.27918504785e-05, -3.27918504785e-05, 1
9.873, 0.039953152, 0.002980163, 9.8, 3.27918504785e-05, -3.27918504785e-05, 1
9.874, 0.039956752, 0.002980423, 9.8, 3.27918504785e-05, -3.27918504785e-05, 1
9.875, 0.039960522, 0.002980693, 9.8, 3.27918504785e-05, -3.27918504785e-05, 1
9.876, 0.039964052, 0.002980953, 9.8, 3.27918504785e-05, -3.27918504785e-05, 1
9.877, 0.039967572, 0.002981213, 9.8, 3.27918504785e-05, -3.27918504785e-05, 1
9.878, 0.039971062, 0.002981463, 9.8, 3.27918504785e-05, -3.27918504785e-05, 1
9.879, 0.039974692, 0.002981713, 9.8, 3.27918504785e-05, -3.27918504785e-05, 1
9.88, 0.039978262, 0.002981973, 9.8, 3.27918504785e-05, -3.27918504785e-05, 1
9.881, 0.039981782, 0.002982234, 9.8, 3.27918504785e-05, -3.27918504785e-05, 1
9.882, 0.039985403, 0.002982496, 9.8, 3.27918504785e-05, -3.27918504785e-05, 1
9.883, 0.039988963, 0.002982755, 9.8, 3.27918504785e-05, -3.27918504785e-05, 1
9.884, 0.039992633, 0.002983013, 9.8, 3.27918504785e-05, -3.27918504785e-05, 1
9.885, 0.039996114, 0.002983273, 9.8, 3.27918504785e-05, -3.27918504785e-05, 1
9.886, 0.039999643, 0.002983542, 9.8, 3.27918504785e-05, -3.27918504785e-05, 1
9.887, 0.040003142, 0.002983813, 9.8, 3.27918504785e-05, -3.27918504785e-05, 1
9.888, 0.040006712, 0.002984065, 9.8, 3.27918504785e-05, -3.27918504785e-05, 1
9.889, 0.040010262, 0.002984325, 9.8, 3.27918504785e-05, -3.27918504785e-05, 1
9.89, 0.040013892, 0.002984577, 9.8, 3.27918504785e-05, -3.27918504785e-05, 1
9.891, 0.040017462, 0.002984848, 9.8, 3.27918504785e-05, -3.27918504785e-05, 1
9.892, 0.040021102, 0.002985107, 9.8, 3.27918504785e-05, -3.27918504785e-05, 1
9.893, 0.040024683, 0.002985357, 9.8, 3.27918504785e-05, -3.27918504785e-05, 1
9.894, 0.040028243, 0.002985607, 9.8, 3.27918504785e-05, -3.27918504785e-05, 1
9.895, 0.040031813, 0.002985857, 9.8, 3.27918504785e-05, -3.27918504785e-05, 1
9.896, 0.040035413, 0.002986107, 9.8, 3.27918504785e-05, -3.27918504785e-05, 1
9.897, 0.040044103, 0.002986357, 9.8, 3.27918504785e-05, -3.27918504785e-05, 1
9.898, 0.040047703, 0.002986617, 9.8, 3.27918504785e-05, -3.27918504785e-05, 1
9.899, 0.040051353, 0.002986877, 9.8, 3.27918504785e-05, -3.27918504785e-05, 1
9.9, 0.040055133, 0.002987387, 9.9, 2.95126654307e-05, -2.95126654307e-05, 1
9.901, 0.040058973, 0.002987685, 9.9, 2.95126654307e-05, -2.95126654307e-05, 1
9.902, 0.040062573, 0.002987955, 9.9, 2.95126654307e-05, -2.95126654307e-05, 1
9.903, 0.040066293, 0.002988226, 9.9, 2.95126654307e-05, -2.95126654307e-05, 1
9.904, 0.040069933, 0.002988486, 9.9, 2.95126654307e-05, -2.95126654307e-05, 1
9.905, 0.040073594, 0.002988756, 9.9, 2.95126654307e-05, -2.95126654307e-05, 1
9.906, 0.040077143, 0.002989004, 9.9, 2.95126654307e-05, -2.95126654307e-05, 1
9.907, 0.040080783, 0.002989253, 9.9, 2.95126654307e-05, -2.95126654307e-05, 1
9.908, 0.040084353, 0.002989524, 9.9, 2.95126654307e-05, -2.95126654307e-05, 1
9.909, 0.040088034, 0.002989785, 9.9, 2.95126654307e-05, -2.95126654307e-05, 1
9.91, 0.040091644, 0.002990055, 9.9, 2.95126654307e-05, -2.95126654307e-05, 1
9.911, 0.040095343, 0.002990324, 9.9, 2.95126654307e-05, -2.95126654307e-05, 1
9.912, 0.040098992, 0.002990595, 9.9, 2.95126654307e-05, -2.95126654307e-05, 1
9.913, 0.040102602, 0.002990865, 9.9, 2.95126654307e-05, -2.95126654307e-05, 1
9.914, 0.040106182, 0.002991125, 9.9, 2.95126654307e-05, -2.95126654307e-05, 1
9.915, 0.040109912, 0.002991385, 9.9, 2.95126654307e-05, -2.95126654307e-05, 1
9.916, 0.040113412, 0.002991655, 9.9, 2.95126654307e-05, -2.95126654307e-05, 1
9.917, 0.040117122, 0.002991925, 9.9, 2.95126654307e-05, -2.95126654307e-05, 1
9.918, 0.040120622, 0.002992195, 9.9, 2.95126654307e-05, -2.95126654307e-05, 1
9.919, 0.040124222, 0.002992455, 9.9, 2.95126654307e-05, -2.95126654307e-05, 1
9.92, 0.040127722, 0.002992715, 9.9, 2.95126654307e-05, -2.95126654307e-05, 1
9.921, 0.040131452, 0.002992975, 9.9, 2.95126654307e-05, -2.95126654307e-05, 1
9.922, 0.040134932, 0.002993223, 9.9, 2.95126654307e-05, -2.95126654307e-05, 1
9.923, 0.040138443, 0.002993482, 9.9, 2.95126654307e-05, -2.95126654307e-05, 1
9.924, 0.040142063, 0.00299374, 9.9, 2.95126654307e-05, -2.95126654307e-05, 1
9.925, 0.040145732, 0.002993991, 9.9, 2.95126654307e-05, -2.95126654307e-05, 1
9.926, 0.040149283, 0.002994252, 9.9, 2.95126654307e-05, -2.95126654307e-05, 1
9.927, 0.040152862, 0.00299451, 9.9, 2.95126654307e-05, -2.95126654307e-05, 1
9.928, 0.040156471, 0.002994769, 9.9, 2.95126654307e-05, -2.95126654307e-05, 1
9.929, 0.040159981, 0.00299502, 9.9, 2.95126654307e-05, -2.95126654307e-05, 1
9.93, 0.040163562, 0.002995281, 9.9, 2.95126654307e-05, -2.95126654307e-05, 1
9.931, 0.040167151, 0.002995541, 9.9, 2.95126654307e-05, -2.95126654307e-05, 1
9.932, 0.04017076, 0.002995811, 9.9, 2.95126654307e-05, -2.95126654307e-05, 1
9.933, 0.04017428, 0.00299608, 9.9, 2.95126654307e-05, -2.95126654307e-05, 1
9.934, 0.04017789, 0.002996329, 9.9, 2.95126654307e-05, -2.95126654307e-05, 1
9.935, 0.0401814, 0.00299659, 9.9, 2.95126654307e-05, -2.95126654307e-05, 1
9.936, 0.04018507, 0.00299685, 9.9, 2.95126654307e-05, -2.95126654307e-05, 1
9.937, 0.04018858, 0.00299711, 9.9, 2.95126654307e-05, -2.95126654307e-05, 1
9.938, 0.04019213, 0.00299737, 9.9, 2.95126654307e-05, -2.95126654307e-05, 1
9.939, 0.04019577, 0.00299763, 9.9, 2.95126654307e-05, -2.95126654307e-05, 1
9.94, 0.04019941, 0.0029979, 9.9, 2.95126654307e-05, -2.95126654307e-05, 1
9.941, 0.04020301, 0.00299816, 9.9, 2.95126654307e-05, -2.95126654307e-05, 1
9.942, 0.04020661, 0.00299842, 9.9, 2.95126654307e-05, -2.95126654307e-05, 1
9.943, 0.04021009, 0.00299869, 9.9, 2.95126654307e-05, -2.95126654307e-05, 1
9.944, 0.04021373, 0.00299895, 9.9, 2.95126654307e-05, -2.95126654307e-05, 1
9.945, 0.04021726, 0.002999201, 9.9, 2.95126654307e-05, -2.95126654307e-05, 1
9.946, 0.04022074, 0.002999442, 9.9, 2.95126654307e-05, -2.95126654307e-05, 1
9.947, 0.04022434, 0.002999692, 9.9, 2.95126654307e-05, -2.95126654307e-05, 1
9.948, 0.040227971, 0.002999953, 9.9, 2.95126654307e-05, -2.95126654307e-05, 1
9.949, 0.040234201, 0.003000233, 9.9, 2.95126654307e-05, -2.95126654307e-05, 1
9.95, 0.040237841, 0.003000482, 9.9, 2.95126654307e-05, -2.95126654307e-05, 1
9.951, 0.040241342, 0.003000754, 9.9, 2.95126654307e-05, -2.95126654307e-05, 1
9.952, 0.040245002, 0.003001003, 9.9, 2.95126654307e-05, -2.95126654307e-05, 1
9.953, 0.040248462, 0.003001254, 9.9, 2.95126654307e-05, -2.95126654307e-05, 1
9.954, 0.040252062, 0.003001525, 9.9, 2.95126654307e-05, -2.95126654307e-05, 1
9.955, 0.040255502, 0.003001786, 9.9, 2.95126654307e-05, -2.95126654307e-05, 1
9.956, 0.040259232, 0.003002046, 9.9, 2.95126654307e-05, -2.95126654307e-05, 1
9.957, 0.040262722, 0.003002306, 9.9, 2.95126654307e-05, -2.95126654307e-05, 1
9.958, 0.040266452, 0.003002566, 9.9, 2.95126654307e-05, -2.95126654307e-05, 1
9.959, 0.040269962, 0.003002836, 9.9, 2.95126654307e-05, -2.95126654307e-05, 1
9.96, 0.040273532, 0.003003106, 9.9, 2.95126654307e-05, -2.95126654307e-05, 1
9.961, 0.040278352, 0.003003426, 9.9, 2.95126654307e-05, -2.95126654307e-05, 1
9.962, 0.040283782, 0.003003825, 9.9, 2.95126654307e-05, -2.95126654307e-05, 1
9.963, 0.040289971, 0.003004235, 9.9, 2.95126654307e-05, -2.95126654307e-05, 1
9.964, 0.040301991, 0.003005035, 9.9, 2.95126654307e-05, -2.95126654307e-05, 1
9.965, 0.04030869, 0.003005495, 9.9, 2.95126654307e-05, -2.95126654307e-05, 1
9.966, 0.040313909, 0.003005893, 9.9, 2.95126654307e-05, -2.95126654307e-05, 1
9.967, 0.040319199, 0.003006274, 9.9, 2.95126654307e-05, -2.95126654307e-05, 1
9.968, 0.04032419, 0.003006663, 9.9, 2.95126654307e-05, -2.95126654307e-05, 1
9.969, 0.04032947, 0.003007084, 9.9, 2.95126654307e-05, -2.95126654307e-05, 1
9.97, 0.04033524, 0.003007474, 9.9, 2.95126654307e-05, -2.95126654307e-05, 1
9.971, 0.04034029, 0.003007874, 9.9, 2.95126654307e-05, -2.95126654307e-05, 1
9.972, 0.04034534, 0.003008284, 9.9, 2.95126654307e-05, -2.95126654307e-05, 1
9.973, 0.04035034, 0.003008704, 9.9, 2.95126654307e-05, -2.95126654307e-05, 1
9.974, 0.04035535, 0.003009124, 9.9, 2.95126654307e-05, -2.95126654307e-05, 1
9.975, 0.04036028, 0.003009505, 9.9, 2.95126654307e-05, -2.95126654307e-05, 1
9.976, 0.04036521, 0.003009914, 9.9, 2.95126654307e-05, -2.95126654307e-05, 1
9.977, 0.04037023, 0.003010312, 9.9, 2.95126654307e-05, -2.95126654307e-05, 1
9.978, 0.04037528, 0.003010693, 9.9, 2.95126654307e-05, -2.95126654307e-05, 1
9.979, 0.040380181, 0.003011073, 9.9, 2.95126654307e-05, -2.95126654307e-05, 1
9.98, 0.040384992, 0.003011452, 9.9, 2.95126654307e-05, -2.95126654307e-05, 1
9.981, 0.040390032, 0.003011852, 9.9, 2.95126654307e-05, -2.95126654307e-05, 1
9.982, 0.040394943, 0.003012221, 9.9, 2.95126654307e-05, -2.95126654307e-05, 1
9.983, 0.040399753, 0.003012581, 9.9, 2.95126654307e-05, -2.95126654307e-05, 1
9.984, 0.040404553, 0.003012952, 9.9, 2.95126654307e-05, -2.95126654307e-05, 1
9.985, 0.040409403, 0.003013332, 9.9, 2.95126654307e-05, -2.95126654307e-05, 1
9.986, 0.040414823, 0.003013732, 9.9, 2.95126654307e-05, -2.95126654307e-05, 1
9.987, 0.040420263, 0.003014182, 9.9, 2.95126654307e-05, -2.95126654307e-05, 1
9.988, 0.040425763, 0.003014592, 9.9, 2.95126654307e-05, -2.95126654307e-05, 1
9.989, 0.040431023, 0.003014982, 9.9, 2.95126654307e-05, -2.95126654307e-05, 1
9.99, 0.040436563, 0.003015372, 9.9, 2.95126654307e-05, -2.95126654307e-05, 1
9.991, 0.040442083, 0.003015811, 9.9, 2.95126654307e-05, -2.95126654307e-05, 1
9.992, 0.040447663, 0.003016241, 9.9, 2.95126654307e-05, -2.95126654307e-05, 1
9.993, 0.040453113, 0.003016671, 9.9, 2.95126654307e-05, -2.95126654307e-05, 1
9.994, 0.040458372, 0.003017091, 9.9, 2.95126654307e-05, -2.95126654307e-05, 1
9.995, 0.040463913, 0.00301751, 9.9, 2.95126654307e-05, -2.95126654307e-05, 1
9.996, 0.040469563, 0.00301798, 9.9, 2.95126654307e-05, -2.95126654307e-05, 1
9.997, 0.040474832, 0.003018361, 9.9, 2.95126654307e-05, -2.95126654307e-05, 1
9.998, 0.040480493, 0.00301883, 9.9, 2.95126654307e-05, -2.95126654307e-05, 1
9.999, 0.040485913, 0.003019261, 9.9, 2.95126654307e-05, -2.95126654307e-05, 1
10, 0.040491953, 0.003019961, 10, 2.65613988876e-05, -2.65613988876e-05, 1
10, 0.040507663, 0.003020421, 10, 2.65613988876e-05, -2.65613988876e-05, 1
