time,default.BouncingBall.time,default.BouncingBall.h,default.BouncingBall.der(h),default.BouncingBall.v,default.BouncingBall.der(v),default.BouncingBall.v_min,default.BouncingBall.g,default.BouncingBall.e
0.0,0.0,1.0,0.0,0.0,-9.81,0.1,-9.81,0.7
0.001,0.001,0.9999903266552843,-0.009810000000000006,-0.009810000000000006,-9.81,0.1,-9.81,0.7
0.002,0.002,0.9999740190044688,-0.019620000000000005,-0.019620000000000005,-9.81,0.1,-9.81,0.7
0.003,0.003,0.9999489631208637,-0.029429999999999998,-0.029429999999999998,-9.81,0.1,-9.81,0.7
0.004,0.004,0.999914451159662,-0.03924,-0.03924,-9.81,0.1,-9.81,0.7
0.005,0.005,0.9998702471725948,-0.049049999999999996,-0.049049999999999996,-9.81,0.1,-9.81,0.7
0.006,0.006,0.999816272510239,-0.058859999999999996,-0.058859999999999996,-9.81,0.1,-9.81,0.7
0.007,0.007,0.9997525009561203,-0.06867,-0.06867,-9.81,0.1,-9.81,0.7
0.008,0.008,0.9996789237714141,-0.07848000000000001,-0.07848000000000001,-9.81,0.1,-9.81,0.7
0.009000000000000001,0.009000000000000001,0.9995955380431787,-0.08829000000000001,-0.08829000000000001,-9.81,0.1,-9.81,0.7
0.010000000000000002,0.010000000000000002,0.9995023428004336,-0.0981,-0.0981,-9.81,0.1,-9.81,0.7
0.011000000000000003,0.011000000000000003,0.9993993377195185,-0.10791,-0.10791,-9.81,0.1,-9.81,0.7
0.012000000000000004,0.012000000000000004,0.9992865226925468,-0.11772,-0.11772,-9.81,0.1,-9.81,0.7
0.013000000000000005,0.013000000000000005,0.9991638976835562,-0.12753,-0.12753,-9.81,0.1,-9.81,0.7
0.014000000000000005,0.014000000000000005,0.9990314626805593,-0.13734,-0.13734,-9.81,0.1,-9.81,0.7
0.015000000000000006,0.015000000000000006,0.9988892176795603,-0.14715,-0.14715,-9.81,0.1,-9.81,0.7
0.016000000000000007,0.016000000000000007,0.9987371626792274,-0.15696000000000002,-0.15696000000000002,-9.81,0.1,-9.81,0.7
0.017000000000000008,0.017000000000000008,0.9985752976791165,-0.16677000000000003,-0.16677000000000003,-9.81,0.1,-9.81,0.7
0.01800000000000001,0.01800000000000001,0.9984036226790794,-0.17658000000000004,-0.17658000000000004,-9.81,0.1,-9.81,0.7
0.01900000000000001,0.01900000000000001,0.9982221376790671,-0.18639000000000006,-0.18639000000000006,-9.81,0.1,-9.81,0.7
0.02000000000000001,0.02000000000000001,0.998030842679063,-0.19620000000000007,-0.19620000000000007,-9.81,0.1,-9.81,0.7
0.02100000000000001,0.02100000000000001,0.9978297376790616,-0.20601000000000008,-0.20601000000000008,-9.81,0.1,-9.81,0.7
0.022000000000000013,0.022000000000000013,0.997618822679061,-0.2158200000000001,-0.2158200000000001,-9.81,0.1,-9.81,0.7
0.023000000000000013,0.023000000000000013,0.9973980976790608,-0.2256300000000001,-0.2256300000000001,-9.81,0.1,-9.81,0.7
0.024000000000000014,0.024000000000000014,0.9971675626790608,-0.23544000000000012,-0.23544000000000012,-9.81,0.1,-9.81,0.7
0.025000000000000015,0.025000000000000015,0.9969272176790608,-0.2452500000000001,-0.2452500000000001,-9.81,0.1,-9.81,0.7
0.026000000000000016,0.026000000000000016,0.9966770626790608,-0.2550600000000001,-0.2550600000000001,-9.81,0.1,-9.81,0.7
0.027000000000000017,0.027000000000000017,0.9964170976790607,-0.2648700000000001,-0.2648700000000001,-9.81,0.1,-9.81,0.7
0.028000000000000018,0.028000000000000018,0.9961473226790607,-0.2746800000000001,-0.2746800000000001,-9.81,0.1,-9.81,0.7
0.02900000000000002,0.02900000000000002,0.9958677376790607,-0.2844900000000001,-0.2844900000000001,-9.81,0.1,-9.81,0.7
0.03000000000000002,0.03000000000000002,0.9955783426790606,-0.29430000000000006,-0.29430000000000006,-9.81,0.1,-9.81,0.7
0.03100000000000002,0.03100000000000002,0.9952791376790606,-0.30411000000000005,-0.30411000000000005,-9.81,0.1,-9.81,0.7
0.03200000000000002,0.03200000000000002,0.9949701226790606,-0.31392000000000003,-0.31392000000000003,-9.81,0.1,-9.81,0.7
0.03300000000000002,0.03300000000000002,0.9946512976790606,-0.32373,-0.32373,-9.81,0.1,-9.81,0.7
0.03400000000000002,0.03400000000000002,0.9943226626790606,-0.33354,-0.33354,-9.81,0.1,-9.81,0.7
0.035000000000000024,0.035000000000000024,0.9939842176790605,-0.34335,-0.34335,-9.81,0.1,-9.81,0.7
0.036000000000000025,0.036000000000000025,0.9936359626790605,-0.35316,-0.35316,-9.81,0.1,-9.81,0.7
0.037000000000000026,0.037000000000000026,0.9932778976790606,-0.36296999999999996,-0.36296999999999996,-9.81,0.1,-9.81,0.7
0.03800000000000003,0.03800000000000003,0.9929100226790606,-0.37277999999999994,-0.37277999999999994,-9.81,0.1,-9.81,0.7
0.03900000000000003,0.03900000000000003,0.9925323376790606,-0.38258999999999993,-0.38258999999999993,-9.81,0.1,-9.81,0.7
0.04000000000000003,0.04000000000000003,0.9921448426790606,-0.3923999999999999,-0.3923999999999999,-9.81,0.1,-9.81,0.7
0.04100000000000003,0.04100000000000003,0.9917475376790605,-0.4022099999999999,-0.4022099999999999,-9.81,0.1,-9.81,0.7
0.04200000000000003,0.04200000000000003,0.9913404226790605,-0.4120199999999999,-0.4120199999999999,-9.81,0.1,-9.81,0.7
0.04300000000000003,0.04300000000000003,0.9909234976790605,-0.42182999999999987,-0.42182999999999987,-9.81,0.1,-9.81,0.7
0.04400000000000003,0.04400000000000003,0.9904967626790605,-0.43163999999999986,-0.43163999999999986,-9.81,0.1,-9.81,0.7
0.04500000000000003,0.04500000000000003,0.9900602176790605,-0.44144999999999984,-0.44144999999999984,-9.81,0.1,-9.81,0.7
0.046000000000000034,0.046000000000000034,0.9896138626790605,-0.45125999999999983,-0.45125999999999983,-9.81,0.1,-9.81,0.7
0.047000000000000035,0.047000000000000035,0.9891576976790605,-0.4610699999999998,-0.4610699999999998,-9.81,0.1,-9.81,0.7
0.048000000000000036,0.048000000000000036,0.9886917226790605,-0.4708799999999998,-0.4708799999999998,-9.81,0.1,-9.81,0.7
0.04900000000000004,0.04900000000000004,0.9882159376790605,-0.4806899999999998,-0.4806899999999998,-9.81,0.1,-9.81,0.7
0.05000000000000004,0.05000000000000004,0.9877303426790605,-0.49049999999999977,-0.49049999999999977,-9.81,0.1,-9.81,0.7
0.05100000000000004,0.05100000000000004,0.9872349376790605,-0.5003099999999997,-0.5003099999999997,-9.81,0.1,-9.81,0.7
0.05200000000000004,0.05200000000000004,0.9867297226790606,-0.5101199999999997,-0.5101199999999997,-9.81,0.1,-9.81,0.7
0.05300000000000004,0.05300000000000004,0.9862146976790606,-0.5199299999999997,-0.5199299999999997,-9.81,0.1,-9.81,0.7
0.05400000000000004,0.05400000000000004,0.9856898626790606,-0.5297399999999997,-0.5297399999999997,-9.81,0.1,-9.81,0.7
0.05500000000000004,0.05500000000000004,0.9851552176790606,-0.5395499999999996,-0.5395499999999996,-9.81,0.1,-9.81,0.7
0.05600000000000004,0.05600000000000004,0.9846107626790606,-0.5493599999999996,-0.5493599999999996,-9.81,0.1,-9.81,0.7
0.057000000000000044,0.057000000000000044,0.9840564976790606,-0.5591699999999996,-0.5591699999999996,-9.81,0.1,-9.81,0.7
0.058000000000000045,0.058000000000000045,0.9834924226790606,-0.5689799999999996,-0.5689799999999996,-9.81,0.1,-9.81,0.7
0.059000000000000045,0.059000000000000045,0.9829185376790606,-0.5787899999999996,-0.5787899999999996,-9.81,0.1,-9.81,0.7
0.060000000000000046,0.060000000000000046,0.9823348426790606,-0.5885999999999996,-0.5885999999999996,-9.81,0.1,-9.81,0.7
0.06100000000000005,0.06100000000000005,0.9817413376790606,-0.5984099999999996,-0.5984099999999996,-9.81,0.1,-9.81,0.7
0.06200000000000005,0.06200000000000005,0.9811380226790606,-0.6082199999999995,-0.6082199999999995,-9.81,0.1,-9.81,0.7
0.06300000000000004,0.06300000000000004,0.9805248976790606,-0.6180299999999995,-0.6180299999999995,-9.81,0.1,-9.81,0.7
0.06400000000000004,0.06400000000000004,0.9799019626790606,-0.6278399999999995,-0.6278399999999995,-9.81,0.1,-9.81,0.7
0.06500000000000004,0.06500000000000004,0.9792692176790606,-0.6376499999999995,-0.6376499999999995,-9.81,0.1,-9.81,0.7
0.06600000000000004,0.06600000000000004,0.9786266626790606,-0.6474599999999995,-0.6474599999999995,-9.81,0.1,-9.81,0.7
0.06700000000000005,0.06700000000000005,0.9779742976790607,-0.6572699999999995,-0.6572699999999995,-9.81,0.1,-9.81,0.7
0.06800000000000005,0.06800000000000005,0.9773121226790608,-0.6670799999999995,-0.6670799999999995,-9.81,0.1,-9.81,0.7
0.06900000000000005,0.06900000000000005,0.9766401376790608,-0.6768899999999994,-0.6768899999999994,-9.81,0.1,-9.81,0.7
0.07000000000000005,0.07000000000000005,0.9759583426790608,-0.6866999999999994,-0.6866999999999994,-9.81,0.1,-9.81,0.7
0.07100000000000005,0.07100000000000005,0.9752667376790608,-0.6965099999999994,-0.6965099999999994,-9.81,0.1,-9.81,0.7
0.07200000000000005,0.07200000000000005,0.9745653226790608,-0.7063199999999994,-0.7063199999999994,-9.81,0.1,-9.81,0.7
0.07300000000000005,0.07300000000000005,0.9738540976790608,-0.7161299999999994,-0.7161299999999994,-9.81,0.1,-9.81,0.7
0.07400000000000005,0.07400000000000005,0.9731330626790609,-0.7259399999999994,-0.7259399999999994,-9.81,0.1,-9.81,0.7
0.07500000000000005,0.07500000000000005,0.9724022176790609,-0.7357499999999993,-0.7357499999999993,-9.81,0.1,-9.81,0.7
0.07600000000000005,0.07600000000000005,0.9716615626790609,-0.7455599999999993,-0.7455599999999993,-9.81,0.1,-9.81,0.7
0.07700000000000005,0.07700000000000005,0.9709110976790609,-0.7553699999999993,-0.7553699999999993,-9.81,0.1,-9.81,0.7
0.07800000000000006,0.07800000000000006,0.9701508226790609,-0.7651799999999993,-0.7651799999999993,-9.81,0.1,-9.81,0.7
0.07900000000000006,0.07900000000000006,0.969380737679061,-0.7749899999999993,-0.7749899999999993,-9.81,0.1,-9.81,0.7
0.08000000000000006,0.08000000000000006,0.968600842679061,-0.7847999999999993,-0.7847999999999993,-9.81,0.1,-9.81,0.7
0.08100000000000006,0.08100000000000006,0.9678111376790611,-0.7946099999999993,-0.7946099999999993,-9.81,0.1,-9.81,0.7
0.08200000000000006,0.08200000000000006,0.9670116226790612,-0.8044199999999992,-0.8044199999999992,-9.81,0.1,-9.81,0.7
0.08300000000000006,0.08300000000000006,0.9662022976790612,-0.8142299999999992,-0.8142299999999992,-9.81,0.1,-9.81,0.7
0.08400000000000006,0.08400000000000006,0.9653831626790612,-0.8240399999999992,-0.8240399999999992,-9.81,0.1,-9.81,0.7
0.08500000000000006,0.08500000000000006,0.9645542176790612,-0.8338499999999992,-0.8338499999999992,-9.81,0.1,-9.81,0.7
0.08600000000000006,0.08600000000000006,0.9637154626790613,-0.8436599999999992,-0.8436599999999992,-9.81,0.1,-9.81,0.7
0.08700000000000006,0.08700000000000006,0.9628668976790613,-0.8534699999999992,-0.8534699999999992,-9.81,0.1,-9.81,0.7
0.08800000000000006,0.08800000000000006,0.9620085226790613,-0.8632799999999992,-0.8632799999999992,-9.81,0.1,-9.81,0.7
0.08900000000000007,0.08900000000000007,0.9611403376790614,-0.8730899999999991,-0.8730899999999991,-9.81,0.1,-9.81,0.7
0.09000000000000007,0.09000000000000007,0.9602623426790614,-0.8828999999999991,-0.8828999999999991,-9.81,0.1,-9.81,0.7
0.09100000000000007,0.09100000000000007,0.9593745376790614,-0.8927099999999991,-0.8927099999999991,-9.81,0.1,-9.81,0.7
0.09200000000000007,0.09200000000000007,0.9584769226790615,-0.9025199999999991,-0.9025199999999991,-9.81,0.1,-9.81,0.7
0.09300000000000007,0.09300000000000007,0.9575694976790615,-0.9123299999999991,-0.9123299999999991,-9.81,0.1,-9.81,0.7
0.09400000000000007,0.09400000000000007,0.9566522626790616,-0.9221399999999991,-0.9221399999999991,-9.81,0.1,-9.81,0.7
0.09500000000000007,0.09500000000000007,0.9557252176790616,-0.9319499999999991,-0.9319499999999991,-9.81,0.1,-9.81,0.7
0.09600000000000007,0.09600000000000007,0.9547883626790618,-0.941759999999999,-0.941759999999999,-9.81,0.1,-9.81,0.7
0.09700000000000007,0.09700000000000007,0.9538416976790618,-0.951569999999999,-0.951569999999999,-9.81,0.1,-9.81,0.7
0.09800000000000007,0.09800000000000007,0.9528852226790618,-0.961379999999999,-0.961379999999999,-9.81,0.1,-9.81,0.7
0.09900000000000007,0.09900000000000007,0.9519189376790619,-0.971189999999999,-0.971189999999999,-9.81,0.1,-9.81,0.7
0.10000000000000007,0.10000000000000007,0.9509428426790619,-0.980999999999999,-0.980999999999999,-9.81,0.1,-9.81,0.7
0.10100000000000008,0.10100000000000008,0.949956937679062,-0.990809999999999,-0.990809999999999,-9.81,0.1,-9.81,0.7
0.10200000000000008,0.10200000000000008,0.948961222679062,-1.000619999999999,-1.000619999999999,-9.81,0.1,-9.81,0.7
0.10300000000000008,0.10300000000000008,0.9479556976790621,-1.010429999999999,-1.010429999999999,-9.81,0.1,-9.81,0.7
0.10400000000000008,0.10400000000000008,0.946940362679062,-1.0202399999999991,-1.0202399999999991,-9.81,0.1,-9.81,0.7
0.10500000000000008,0.10500000000000008,0.945915217679062,-1.0300499999999992,-1.0300499999999992,-9.81,0.1,-9.81,0.7
0.10600000000000008,0.10600000000000008,0.9448802626790619,-1.0398599999999993,-1.0398599999999993,-9.81,0.1,-9.81,0.7
0.10700000000000008,0.10700000000000008,0.9438354976790618,-1.0496699999999994,-1.0496699999999994,-9.81,0.1,-9.81,0.7
0.10800000000000008,0.10800000000000008,0.9427809226790618,-1.0594799999999995,-1.0594799999999995,-9.81,0.1,-9.81,0.7
0.10900000000000008,0.10900000000000008,0.9417165376790617,-1.0692899999999996,-1.0692899999999996,-9.81,0.1,-9.81,0.7
0.11000000000000008,0.11000000000000008,0.9406423426790617,-1.0790999999999997,-1.0790999999999997,-9.81,0.1,-9.81,0.7
0.11100000000000008,0.11100000000000008,0.9395583376790617,-1.0889099999999998,-1.0889099999999998,-9.81,0.1,-9.81,0.7
0.11200000000000009,0.11200000000000009,0.9384645226790617,-1.09872,-1.09872,-9.81,0.1,-9.81,0.7
0.11300000000000009,0.11300000000000009,0.9373608976790616,-1.10853,-1.10853,-9.81,0.1,-9.81,0.7
0.11400000000000009,0.11400000000000009,0.9362474626790616,-1.1183400000000001,-1.1183400000000001,-9.81,0.1,-9.81,0.7
0.11500000000000009,0.11500000000000009,0.9351242176790615,-1.1281500000000002,-1.1281500000000002,-9.81,0.1,-9.81,0.7
0.11600000000000009,0.11600000000000009,0.9339911626790615,-1.1379600000000003,-1.1379600000000003,-9.81,0.1,-9.81,0.7
0.11700000000000009,0.11700000000000009,0.9328482976790614,-1.1477700000000004,-1.1477700000000004,-9.81,0.1,-9.81,0.7
0.11800000000000009,0.11800000000000009,0.9316956226790614,-1.1575800000000005,-1.1575800000000005,-9.81,0.1,-9.81,0.7
0.11900000000000009,0.11900000000000009,0.9305331376790613,-1.1673900000000006,-1.1673900000000006,-9.81,0.1,-9.81,0.7
0.12000000000000009,0.12000000000000009,0.9293608426790613,-1.1772000000000007,-1.1772000000000007,-9.81,0.1,-9.81,0.7
0.1210000000000001,0.1210000000000001,0.9281787376790612,-1.1870100000000008,-1.1870100000000008,-9.81,0.1,-9.81,0.7
0.1220000000000001,0.1220000000000001,0.9269868226790612,-1.1968200000000009,-1.1968200000000009,-9.81,0.1,-9.81,0.7
0.1230000000000001,0.1230000000000001,0.9257850976790611,-1.206630000000001,-1.206630000000001,-9.81,0.1,-9.81,0.7
0.1240000000000001,0.1240000000000001,0.9245735626790611,-1.216440000000001,-1.216440000000001,-9.81,0.1,-9.81,0.7
0.12500000000000008,0.12500000000000008,0.9233522176790612,-1.2262500000000012,-1.2262500000000012,-9.81,0.1,-9.81,0.7
0.12600000000000008,0.12600000000000008,0.9221210626790611,-1.2360600000000013,-1.2360600000000013,-9.81,0.1,-9.81,0.7
0.12700000000000009,0.12700000000000009,0.9208800976790611,-1.2458700000000014,-1.2458700000000014,-9.81,0.1,-9.81,0.7
0.12800000000000009,0.12800000000000009,0.9196293226790611,-1.2556800000000015,-1.2556800000000015,-9.81,0.1,-9.81,0.7
0.1290000000000001,0.1290000000000001,0.918368737679061,-1.2654900000000016,-1.2654900000000016,-9.81,0.1,-9.81,0.7
0.1300000000000001,0.1300000000000001,0.917098342679061,-1.2753000000000017,-1.2753000000000017,-9.81,0.1,-9.81,0.7
0.1310000000000001,0.1310000000000001,0.915818137679061,-1.2851100000000018,-1.2851100000000018,-9.81,0.1,-9.81,0.7
0.1320000000000001,0.1320000000000001,0.9145281226790609,-1.2949200000000018,-1.2949200000000018,-9.81,0.1,-9.81,0.7
0.1330000000000001,0.1330000000000001,0.9132282976790609,-1.304730000000002,-1.304730000000002,-9.81,0.1,-9.81,0.7
0.1340000000000001,0.1340000000000001,0.9119186626790609,-1.314540000000002,-1.314540000000002,-9.81,0.1,-9.81,0.7
0.1350000000000001,0.1350000000000001,0.9105992176790608,-1.3243500000000021,-1.3243500000000021,-9.81,0.1,-9.81,0.7
0.1360000000000001,0.1360000000000001,0.9092699626790608,-1.3341600000000022,-1.3341600000000022,-9.81,0.1,-9.81,0.7
0.1370000000000001,0.1370000000000001,0.9079308976790608,-1.3439700000000023,-1.3439700000000023,-9.81,0.1,-9.81,0.7
0.1380000000000001,0.1380000000000001,0.9065820226790609,-1.3537800000000024,-1.3537800000000024,-9.81,0.1,-9.81,0.7
0.1390000000000001,0.1390000000000001,0.9052233376790608,-1.3635900000000025,-1.3635900000000025,-9.81,0.1,-9.81,0.7
0.1400000000000001,0.1400000000000001,0.9038548426790608,-1.3734000000000026,-1.3734000000000026,-9.81,0.1,-9.81,0.7
0.1410000000000001,0.1410000000000001,0.9024765376790608,-1.3832100000000027,-1.3832100000000027,-9.81,0.1,-9.81,0.7
0.1420000000000001,0.1420000000000001,0.9010884226790608,-1.3930200000000028,-1.3930200000000028,-9.81,0.1,-9.81,0.7
0.1430000000000001,0.1430000000000001,0.8996904976790607,-1.402830000000003,-1.402830000000003,-9.81,0.1,-9.81,0.7
0.1440000000000001,0.1440000000000001,0.8982827626790607,-1.412640000000003,-1.412640000000003,-9.81,0.1,-9.81,0.7
0.1450000000000001,0.1450000000000001,0.8968652176790607,-1.422450000000003,-1.422450000000003,-9.81,0.1,-9.81,0.7
0.1460000000000001,0.1460000000000001,0.8954378626790607,-1.4322600000000032,-1.4322600000000032,-9.81,0.1,-9.81,0.7
0.1470000000000001,0.1470000000000001,0.8940006976790607,-1.4420700000000033,-1.4420700000000033,-9.81,0.1,-9.81,0.7
0.1480000000000001,0.1480000000000001,0.8925537226790606,-1.4518800000000034,-1.4518800000000034,-9.81,0.1,-9.81,0.7
0.1490000000000001,0.1490000000000001,0.8910969376790606,-1.4616900000000035,-1.4616900000000035,-9.81,0.1,-9.81,0.7
0.1500000000000001,0.1500000000000001,0.8896303426790606,-1.4715000000000036,-1.4715000000000036,-9.81,0.1,-9.81,0.7
0.1510000000000001,0.1510000000000001,0.8881539376790606,-1.4813100000000037,-1.4813100000000037,-9.81,0.1,-9.81,0.7
0.1520000000000001,0.1520000000000001,0.8866677226790607,-1.4911200000000038,-1.4911200000000038,-9.81,0.1,-9.81,0.7
0.1530000000000001,0.1530000000000001,0.8851716976790607,-1.5009300000000039,-1.5009300000000039,-9.81,0.1,-9.81,0.7
0.1540000000000001,0.1540000000000001,0.8836658626790607,-1.510740000000004,-1.510740000000004,-9.81,0.1,-9.81,0.7
0.1550000000000001,0.1550000000000001,0.8821502176790607,-1.520550000000004,-1.520550000000004,-9.81,0.1,-9.81,0.7
0.1560000000000001,0.1560000000000001,0.8806247626790606,-1.5303600000000042,-1.5303600000000042,-9.81,0.1,-9.81,0.7
0.1570000000000001,0.1570000000000001,0.8790894976790606,-1.5401700000000043,-1.5401700000000043,-9.81,0.1,-9.81,0.7
0.1580000000000001,0.1580000000000001,0.8775444226790606,-1.5499800000000044,-1.5499800000000044,-9.81,0.1,-9.81,0.7
0.1590000000000001,0.1590000000000001,0.8759895376790606,-1.5597900000000045,-1.5597900000000045,-9.81,0.1,-9.81,0.7
0.16000000000000011,0.16000000000000011,0.8744248426790606,-1.5696000000000045,-1.5696000000000045,-9.81,0.1,-9.81,0.7
0.16100000000000012,0.16100000000000012,0.8728503376790606,-1.5794100000000046,-1.5794100000000046,-9.81,0.1,-9.81,0.7
0.16200000000000012,0.16200000000000012,0.8712660226790606,-1.5892200000000047,-1.5892200000000047,-9.81,0.1,-9.81,0.7
0.16300000000000012,0.16300000000000012,0.8696718976790606,-1.5990300000000048,-1.5990300000000048,-9.81,0.1,-9.81,0.7
0.16400000000000012,0.16400000000000012,0.8680679626790606,-1.608840000000005,-1.608840000000005,-9.81,0.1,-9.81,0.7
0.16500000000000012,0.16500000000000012,0.8664542176790606,-1.618650000000005,-1.618650000000005,-9.81,0.1,-9.81,0.7
0.16600000000000012,0.16600000000000012,0.8648306626790606,-1.6284600000000051,-1.6284600000000051,-9.81,0.1,-9.81,0.7
0.16700000000000012,0.16700000000000012,0.8631972976790607,-1.6382700000000052,-1.6382700000000052,-9.81,0.1,-9.81,0.7
0.16800000000000012,0.16800000000000012,0.8615541226790607,-1.6480800000000053,-1.6480800000000053,-9.81,0.1,-9.81,0.7
0.16900000000000012,0.16900000000000012,0.8599011376790607,-1.6578900000000054,-1.6578900000000054,-9.81,0.1,-9.81,0.7
0.17000000000000012,0.17000000000000012,0.8582383426790607,-1.6677000000000055,-1.6677000000000055,-9.81,0.1,-9.81,0.7
0.17100000000000012,0.17100000000000012,0.8565657376790607,-1.6775100000000056,-1.6775100000000056,-9.81,0.1,-9.81,0.7
0.17200000000000013,0.17200000000000013,0.8548833226790608,-1.6873200000000057,-1.6873200000000057,-9.81,0.1,-9.81,0.7
0.17300000000000013,0.17300000000000013,0.8531910976790608,-1.6971300000000058,-1.6971300000000058,-9.81,0.1,-9.81,0.7
0.17400000000000013,0.17400000000000013,0.8514890626790608,-1.706940000000006,-1.706940000000006,-9.81,0.1,-9.81,0.7
0.17500000000000013,0.17500000000000013,0.8497772176790608,-1.716750000000006,-1.716750000000006,-9.81,0.1,-9.81,0.7
0.17600000000000013,0.17600000000000013,0.8480555626790608,-1.726560000000006,-1.726560000000006,-9.81,0.1,-9.81,0.7
0.17700000000000013,0.17700000000000013,0.8463240976790608,-1.7363700000000062,-1.7363700000000062,-9.81,0.1,-9.81,0.7
0.17800000000000013,0.17800000000000013,0.8445828226790608,-1.7461800000000063,-1.7461800000000063,-9.81,0.1,-9.81,0.7
0.17900000000000013,0.17900000000000013,0.8428317376790608,-1.7559900000000064,-1.7559900000000064,-9.81,0.1,-9.81,0.7
0.18000000000000013,0.18000000000000013,0.8410708426790608,-1.7658000000000065,-1.7658000000000065,-9.81,0.1,-9.81,0.7
0.18100000000000013,0.18100000000000013,0.839300137679061,-1.7756100000000066,-1.7756100000000066,-9.81,0.1,-9.81,0.7
0.18200000000000013,0.18200000000000013,0.837519622679061,-1.7854200000000067,-1.7854200000000067,-9.81,0.1,-9.81,0.7
0.18300000000000013,0.18300000000000013,0.835729297679061,-1.7952300000000068,-1.7952300000000068,-9.81,0.1,-9.81,0.7
0.18400000000000014,0.18400000000000014,0.833929162679061,-1.8050400000000069,-1.8050400000000069,-9.81,0.1,-9.81,0.7
0.18500000000000014,0.18500000000000014,0.832119217679061,-1.814850000000007,-1.814850000000007,-9.81,0.1,-9.81,0.7
0.18600000000000014,0.18600000000000014,0.8302994626790611,-1.824660000000007,-1.824660000000007,-9.81,0.1,-9.81,0.7
0.18700000000000014,0.18700000000000014,0.8284698976790611,-1.8344700000000072,-1.8344700000000072,-9.81,0.1,-9.81,0.7
0.18800000000000014,0.18800000000000014,0.8266305226790611,-1.8442800000000072,-1.8442800000000072,-9.81,0.1,-9.81,0.7
0.18900000000000014,0.18900000000000014,0.8247813376790611,-1.8540900000000073,-1.8540900000000073,-9.81,0.1,-9.81,0.7
0.19000000000000014,0.19000000000000014,0.8229223426790612,-1.8639000000000074,-1.8639000000000074,-9.81,0.1,-9.81,0.7
0.19100000000000014,0.19100000000000014,0.8210535376790612,-1.8737100000000075,-1.8737100000000075,-9.81,0.1,-9.81,0.7
0.19200000000000014,0.19200000000000014,0.8191749226790612,-1.8835200000000076,-1.8835200000000076,-9.81,0.1,-9.81,0.7
0.19300000000000014,0.19300000000000014,0.8172864976790613,-1.8933300000000077,-1.8933300000000077,-9.81,0.1,-9.81,0.7
0.19400000000000014,0.19400000000000014,0.8153882626790613,-1.9031400000000078,-1.9031400000000078,-9.81,0.1,-9.81,0.7
0.19500000000000015,0.19500000000000015,0.8134802176790613,-1.912950000000008,-1.912950000000008,-9.81,0.1,-9.81,0.7
0.19600000000000015,0.19600000000000015,0.8115623626790615,-1.922760000000008,-1.922760000000008,-9.81,0.1,-9.81,0.7
0.19700000000000015,0.19700000000000015,0.8096346976790615,-1.9325700000000081,-1.9325700000000081,-9.81,0.1,-9.81,0.7
0.19800000000000015,0.19800000000000015,0.8076972226790615,-1.9423800000000082,-1.9423800000000082,-9.81,0.1,-9.81,0.7
0.19900000000000015,0.19900000000000015,0.8057499376790616,-1.9521900000000083,-1.9521900000000083,-9.81,0.1,-9.81,0.7
0.20000000000000015,0.20000000000000015,0.8037928426790616,-1.9620000000000084,-1.9620000000000084,-9.81,0.1,-9.81,0.7
0.20100000000000015,0.20100000000000015,0.8018259376790616,-1.9718100000000085,-1.9718100000000085,-9.81,0.1,-9.81,0.7
0.20200000000000015,0.20200000000000015,0.7998492226790617,-1.9816200000000086,-1.9816200000000086,-9.81,0.1,-9.81,0.7
0.20300000000000015,0.20300000000000015,0.7978626976790617,-1.9914300000000087,-1.9914300000000087,-9.81,0.1,-9.81,0.7
0.20400000000000015,0.20400000000000015,0.7958663626790616,-2.0012400000000086,-2.0012400000000086,-9.81,0.1,-9.81,0.7
0.20500000000000015,0.20500000000000015,0.7938602176790616,-2.0110500000000084,-2.0110500000000084,-9.81,0.1,-9.81,0.7
0.20600000000000016,0.20600000000000016,0.7918442626790615,-2.0208600000000083,-2.0208600000000083,-9.81,0.1,-9.81,0.7
0.20700000000000016,0.20700000000000016,0.7898184976790614,-2.030670000000008,-2.030670000000008,-9.81,0.1,-9.81,0.7
0.20800000000000016,0.20800000000000016,0.7877829226790614,-2.040480000000008,-2.040480000000008,-9.81,0.1,-9.81,0.7
0.20900000000000016,0.20900000000000016,0.7857375376790613,-2.050290000000008,-2.050290000000008,-9.81,0.1,-9.81,0.7
0.21000000000000016,0.21000000000000016,0.7836823426790613,-2.060100000000008,-2.060100000000008,-9.81,0.1,-9.81,0.7
0.21100000000000016,0.21100000000000016,0.7816173376790613,-2.0699100000000077,-2.0699100000000077,-9.81,0.1,-9.81,0.7
0.21200000000000016,0.21200000000000016,0.7795425226790612,-2.0797200000000076,-2.0797200000000076,-9.81,0.1,-9.81,0.7
0.21300000000000016,0.21300000000000016,0.7774578976790611,-2.0895300000000074,-2.0895300000000074,-9.81,0.1,-9.81,0.7
0.21400000000000016,0.21400000000000016,0.7753634626790611,-2.0993400000000073,-2.0993400000000073,-9.81,0.1,-9.81,0.7
0.21500000000000016,0.21500000000000016,0.773259217679061,-2.109150000000007,-2.109150000000007,-9.81,0.1,-9.81,0.7
0.21600000000000016,0.21600000000000016,0.771145162679061,-2.118960000000007,-2.118960000000007,-9.81,0.1,-9.81,0.7
0.21700000000000016,0.21700000000000016,0.7690212976790609,-2.128770000000007,-2.128770000000007,-9.81,0.1,-9.81,0.7
0.21800000000000017,0.21800000000000017,0.7668876226790609,-2.138580000000007,-2.138580000000007,-9.81,0.1,-9.81,0.7
0.21900000000000017,0.21900000000000017,0.7647441376790608,-2.1483900000000067,-2.1483900000000067,-9.81,0.1,-9.81,0.7
0.22000000000000017,0.22000000000000017,0.7625908426790607,-2.1582000000000066,-2.1582000000000066,-9.81,0.1,-9.81,0.7
0.22100000000000017,0.22100000000000017,0.7604277376790607,-2.1680100000000064,-2.1680100000000064,-9.81,0.1,-9.81,0.7
0.22200000000000017,0.22200000000000017,0.7582548226790606,-2.1778200000000063,-2.1778200000000063,-9.81,0.1,-9.81,0.7
0.22300000000000017,0.22300000000000017,0.7560720976790606,-2.187630000000006,-2.187630000000006,-9.81,0.1,-9.81,0.7
0.22400000000000017,0.22400000000000017,0.7538795626790605,-2.197440000000006,-2.197440000000006,-9.81,0.1,-9.81,0.7
0.22500000000000017,0.22500000000000017,0.7516772176790606,-2.207250000000006,-2.207250000000006,-9.81,0.1,-9.81,0.7
0.22600000000000017,0.22600000000000017,0.7494650626790605,-2.217060000000006,-2.217060000000006,-9.81,0.1,-9.81,0.7
0.22700000000000017,0.22700000000000017,0.7472430976790605,-2.2268700000000057,-2.2268700000000057,-9.81,0.1,-9.81,0.7
0.22800000000000017,0.22800000000000017,0.7450113226790605,-2.2366800000000056,-2.2366800000000056,-9.81,0.1,-9.81,0.7
0.22900000000000018,0.22900000000000018,0.7427697376790604,-2.2464900000000054,-2.2464900000000054,-9.81,0.1,-9.81,0.7
0.23000000000000018,0.23000000000000018,0.7405183426790604,-2.2563000000000053,-2.2563000000000053,-9.81,0.1,-9.81,0.7
0.23100000000000018,0.23100000000000018,0.7382571376790603,-2.266110000000005,-2.266110000000005,-9.81,0.1,-9.81,0.7
0.23200000000000018,0.23200000000000018,0.7359861226790603,-2.275920000000005,-2.275920000000005,-9.81,0.1,-9.81,0.7
0.23300000000000018,0.23300000000000018,0.7337052976790602,-2.285730000000005,-2.285730000000005,-9.81,0.1,-9.81,0.7
0.23400000000000018,0.23400000000000018,0.7314146626790602,-2.295540000000005,-2.295540000000005,-9.81,0.1,-9.81,0.7
0.23500000000000018,0.23500000000000018,0.7291142176790602,-2.3053500000000047,-2.3053500000000047,-9.81,0.1,-9.81,0.7
0.23600000000000018,0.23600000000000018,0.7268039626790601,-2.3151600000000045,-2.3151600000000045,-9.81,0.1,-9.81,0.7
0.23700000000000018,0.23700000000000018,0.7244838976790601,-2.3249700000000044,-2.3249700000000044,-9.81,0.1,-9.81,0.7
0.23800000000000018,0.23800000000000018,0.72215402267906,-2.3347800000000043,-2.3347800000000043,-9.81,0.1,-9.81,0.7
0.23900000000000018,0.23900000000000018,0.71981433767906,-2.344590000000004,-2.344590000000004,-9.81,0.1,-9.81,0.7
0.24000000000000019,0.24000000000000019,0.7174648426790601,-2.354400000000004,-2.354400000000004,-9.81,0.1,-9.81,0.7
0.2410000000000002,0.2410000000000002,0.71510553767906,-2.364210000000004,-2.364210000000004,-9.81,0.1,-9.81,0.7
0.2420000000000002,0.2420000000000002,0.71273642267906,-2.374020000000004,-2.374020000000004,-9.81,0.1,-9.81,0.7
0.2430000000000002,0.2430000000000002,0.71035749767906,-2.3838300000000037,-2.3838300000000037,-9.81,0.1,-9.81,0.7
0.2440000000000002,0.2440000000000002,0.70796876267906,-2.3936400000000035,-2.3936400000000035,-9.81,0.1,-9.81,0.7
0.2450000000000002,0.2450000000000002,0.7055702176790599,-2.4034500000000034,-2.4034500000000034,-9.81,0.1,-9.81,0.7
0.2460000000000002,0.2460000000000002,0.7031618626790599,-2.4132600000000033,-2.4132600000000033,-9.81,0.1,-9.81,0.7
0.2470000000000002,0.2470000000000002,0.7007436976790599,-2.423070000000003,-2.423070000000003,-9.81,0.1,-9.81,0.7
0.2480000000000002,0.2480000000000002,0.6983157226790598,-2.432880000000003,-2.432880000000003,-9.81,0.1,-9.81,0.7
0.2490000000000002,0.2490000000000002,0.6958779376790598,-2.442690000000003,-2.442690000000003,-9.81,0.1,-9.81,0.7
0.25000000000000017,0.25000000000000017,0.6934303426790599,-2.4525000000000023,-2.4525000000000023,-9.81,0.1,-9.81,0.7
0.25100000000000017,0.25100000000000017,0.6909729376790599,-2.462310000000002,-2.462310000000002,-9.81,0.1,-9.81,0.7
0.25200000000000017,0.25200000000000017,0.6885057226790599,-2.472120000000002,-2.472120000000002,-9.81,0.1,-9.81,0.7
0.25300000000000017,0.25300000000000017,0.6860286976790598,-2.481930000000002,-2.481930000000002,-9.81,0.1,-9.81,0.7
0.25400000000000017,0.25400000000000017,0.6835418626790598,-2.491740000000002,-2.491740000000002,-9.81,0.1,-9.81,0.7
0.25500000000000017,0.25500000000000017,0.6810452176790598,-2.5015500000000017,-2.5015500000000017,-9.81,0.1,-9.81,0.7
0.25600000000000017,0.25600000000000017,0.6785387626790598,-2.5113600000000016,-2.5113600000000016,-9.81,0.1,-9.81,0.7
0.2570000000000002,0.2570000000000002,0.6760224976790598,-2.5211700000000015,-2.5211700000000015,-9.81,0.1,-9.81,0.7
0.2580000000000002,0.2580000000000002,0.6734964226790597,-2.5309800000000013,-2.5309800000000013,-9.81,0.1,-9.81,0.7
0.2590000000000002,0.2590000000000002,0.6709605376790597,-2.540790000000001,-2.540790000000001,-9.81,0.1,-9.81,0.7
0.2600000000000002,0.2600000000000002,0.6684148426790598,-2.550600000000001,-2.550600000000001,-9.81,0.1,-9.81,0.7
0.2610000000000002,0.2610000000000002,0.6658593376790598,-2.560410000000001,-2.560410000000001,-9.81,0.1,-9.81,0.7
0.2620000000000002,0.2620000000000002,0.6632940226790598,-2.570220000000001,-2.570220000000001,-9.81,0.1,-9.81,0.7
0.2630000000000002,0.2630000000000002,0.6607188976790598,-2.5800300000000007,-2.5800300000000007,-9.81,0.1,-9.81,0.7
0.2640000000000002,0.2640000000000002,0.6581339626790598,-2.5898400000000006,-2.5898400000000006,-9.81,0.1,-9.81,0.7
0.2650000000000002,0.2650000000000002,0.6555392176790598,-2.5996500000000005,-2.5996500000000005,-9.81,0.1,-9.81,0.7
0.2660000000000002,0.2660000000000002,0.6529346626790598,-2.6094600000000003,-2.6094600000000003,-9.81,0.1,-9.81,0.7
0.2670000000000002,0.2670000000000002,0.6503202976790597,-2.61927,-2.61927,-9.81,0.1,-9.81,0.7
0.2680000000000002,0.2680000000000002,0.6476961226790597,-2.62908,-2.62908,-9.81,0.1,-9.81,0.7
0.2690000000000002,0.2690000000000002,0.6450621376790597,-2.63889,-2.63889,-9.81,0.1,-9.81,0.7
0.2700000000000002,0.2700000000000002,0.6424183426790597,-2.6487,-2.6487,-9.81,0.1,-9.81,0.7
0.2710000000000002,0.2710000000000002,0.6397647376790597,-2.6585099999999997,-2.6585099999999997,-9.81,0.1,-9.81,0.7
0.2720000000000002,0.2720000000000002,0.6371013226790597,-2.6683199999999996,-2.6683199999999996,-9.81,0.1,-9.81,0.7
0.2730000000000002,0.2730000000000002,0.6344280976790597,-2.6781299999999995,-2.6781299999999995,-9.81,0.1,-9.81,0.7
0.2740000000000002,0.2740000000000002,0.6317450626790598,-2.6879399999999993,-2.6879399999999993,-9.81,0.1,-9.81,0.7
0.2750000000000002,0.2750000000000002,0.6290522176790598,-2.697749999999999,-2.697749999999999,-9.81,0.1,-9.81,0.7
0.2760000000000002,0.2760000000000002,0.6263495626790598,-2.707559999999999,-2.707559999999999,-9.81,0.1,-9.81,0.7
0.2770000000000002,0.2770000000000002,0.6236370976790598,-2.717369999999999,-2.717369999999999,-9.81,0.1,-9.81,0.7
0.2780000000000002,0.2780000000000002,0.6209148226790598,-2.727179999999999,-2.727179999999999,-9.81,0.1,-9.81,0.7
0.2790000000000002,0.2790000000000002,0.6181827376790598,-2.7369899999999987,-2.7369899999999987,-9.81,0.1,-9.81,0.7
0.2800000000000002,0.2800000000000002,0.6154408426790599,-2.7467999999999986,-2.7467999999999986,-9.81,0.1,-9.81,0.7
0.2810000000000002,0.2810000000000002,0.6126891376790599,-2.7566099999999985,-2.7566099999999985,-9.81,0.1,-9.81,0.7
0.2820000000000002,0.2820000000000002,0.6099276226790599,-2.7664199999999983,-2.7664199999999983,-9.81,0.1,-9.81,0.7
0.2830000000000002,0.2830000000000002,0.6071562976790599,-2.776229999999998,-2.776229999999998,-9.81,0.1,-9.81,0.7
0.2840000000000002,0.2840000000000002,0.6043751626790599,-2.786039999999998,-2.786039999999998,-9.81,0.1,-9.81,0.7
0.2850000000000002,0.2850000000000002,0.6015842176790599,-2.795849999999998,-2.795849999999998,-9.81,0.1,-9.81,0.7
0.2860000000000002,0.2860000000000002,0.5987834626790599,-2.805659999999998,-2.805659999999998,-9.81,0.1,-9.81,0.7
0.2870000000000002,0.2870000000000002,0.5959728976790599,-2.8154699999999977,-2.8154699999999977,-9.81,0.1,-9.81,0.7
0.2880000000000002,0.2880000000000002,0.5931525226790599,-2.8252799999999976,-2.8252799999999976,-9.81,0.1,-9.81,0.7
0.2890000000000002,0.2890000000000002,0.5903223376790601,-2.8350899999999974,-2.8350899999999974,-9.81,0.1,-9.81,0.7
0.2900000000000002,0.2900000000000002,0.5874823426790601,-2.8448999999999973,-2.8448999999999973,-9.81,0.1,-9.81,0.7
0.2910000000000002,0.2910000000000002,0.5846325376790601,-2.854709999999997,-2.854709999999997,-9.81,0.1,-9.81,0.7
0.2920000000000002,0.2920000000000002,0.5817729226790601,-2.864519999999997,-2.864519999999997,-9.81,0.1,-9.81,0.7
0.2930000000000002,0.2930000000000002,0.5789034976790601,-2.874329999999997,-2.874329999999997,-9.81,0.1,-9.81,0.7
0.2940000000000002,0.2940000000000002,0.5760242626790602,-2.884139999999997,-2.884139999999997,-9.81,0.1,-9.81,0.7
0.2950000000000002,0.2950000000000002,0.5731352176790602,-2.8939499999999967,-2.8939499999999967,-9.81,0.1,-9.81,0.7
0.2960000000000002,0.2960000000000002,0.5702363626790602,-2.9037599999999966,-2.9037599999999966,-9.81,0.1,-9.81,0.7
0.2970000000000002,0.2970000000000002,0.5673276976790602,-2.9135699999999964,-2.9135699999999964,-9.81,0.1,-9.81,0.7
0.2980000000000002,0.2980000000000002,0.5644092226790602,-2.9233799999999963,-2.9233799999999963,-9.81,0.1,-9.81,0.7
0.2990000000000002,0.2990000000000002,0.5614809376790603,-2.933189999999996,-2.933189999999996,-9.81,0.1,-9.81,0.7
0.3000000000000002,0.3000000000000002,0.5585428426790603,-2.942999999999996,-2.942999999999996,-9.81,0.1,-9.81,0.7
0.3010000000000002,0.3010000000000002,0.5555949376790603,-2.952809999999996,-2.952809999999996,-9.81,0.1,-9.81,0.7
0.3020000000000002,0.3020000000000002,0.5526372226790603,-2.962619999999996,-2.962619999999996,-9.81,0.1,-9.81,0.7
0.3030000000000002,0.3030000000000002,0.5496696976790605,-2.9724299999999957,-2.9724299999999957,-9.81,0.1,-9.81,0.7
0.3040000000000002,0.3040000000000002,0.5466923626790605,-2.9822399999999956,-2.9822399999999956,-9.81,0.1,-9.81,0.7
0.3050000000000002,0.3050000000000002,0.5437052176790605,-2.9920499999999954,-2.9920499999999954,-9.81,0.1,-9.81,0.7
0.3060000000000002,0.3060000000000002,0.5407082626790606,-3.0018599999999953,-3.0018599999999953,-9.81,0.1,-9.81,0.7
0.3070000000000002,0.3070000000000002,0.5377014976790606,-3.011669999999995,-3.011669999999995,-9.81,0.1,-9.81,0.7
0.3080000000000002,0.3080000000000002,0.5346849226790606,-3.021479999999995,-3.021479999999995,-9.81,0.1,-9.81,0.7
0.3090000000000002,0.3090000000000002,0.5316585376790607,-3.031289999999995,-3.031289999999995,-9.81,0.1,-9.81,0.7
0.3100000000000002,0.3100000000000002,0.5286223426790607,-3.041099999999995,-3.041099999999995,-9.81,0.1,-9.81,0.7
0.3110000000000002,0.3110000000000002,0.5255763376790608,-3.0509099999999947,-3.0509099999999947,-9.81,0.1,-9.81,0.7
0.3120000000000002,0.3120000000000002,0.5225205226790608,-3.0607199999999946,-3.0607199999999946,-9.81,0.1,-9.81,0.7
0.3130000000000002,0.3130000000000002,0.5194548976790608,-3.0705299999999944,-3.0705299999999944,-9.81,0.1,-9.81,0.7
0.3140000000000002,0.3140000000000002,0.5163794626790609,-3.0803399999999943,-3.0803399999999943,-9.81,0.1,-9.81,0.7
0.3150000000000002,0.3150000000000002,0.5132942176790609,-3.090149999999994,-3.090149999999994,-9.81,0.1,-9.81,0.7
0.3160000000000002,0.3160000000000002,0.510199162679061,-3.099959999999994,-3.099959999999994,-9.81,0.1,-9.81,0.7
0.3170000000000002,0.3170000000000002,0.5070942976790611,-3.109769999999994,-3.109769999999994,-9.81,0.1,-9.81,0.7
0.3180000000000002,0.3180000000000002,0.5039796226790612,-3.119579999999994,-3.119579999999994,-9.81,0.1,-9.81,0.7
0.31900000000000023,0.31900000000000023,0.5008551376790611,-3.1293899999999937,-3.1293899999999937,-9.81,0.1,-9.81,0.7
0.32000000000000023,0.32000000000000023,0.4977208426790611,-3.1391999999999936,-3.1391999999999936,-9.81,0.1,-9.81,0.7
0.32100000000000023,0.32100000000000023,0.49457673767906113,-3.1490099999999934,-3.1490099999999934,-9.81,0.1,-9.81,0.7
0.32200000000000023,0.32200000000000023,0.4914228226790611,-3.1588199999999933,-3.1588199999999933,-9.81,0.1,-9.81,0.7
0.32300000000000023,0.32300000000000023,0.4882590976790611,-3.168629999999993,-3.168629999999993,-9.81,0.1,-9.81,0.7
0.32400000000000023,0.32400000000000023,0.4850855626790611,-3.178439999999993,-3.178439999999993,-9.81,0.1,-9.81,0.7
0.32500000000000023,0.32500000000000023,0.4819022176790611,-3.188249999999993,-3.188249999999993,-9.81,0.1,-9.81,0.7
0.32600000000000023,0.32600000000000023,0.4787090626790611,-3.198059999999993,-3.198059999999993,-9.81,0.1,-9.81,0.7
0.32700000000000023,0.32700000000000023,0.4755060976790611,-3.2078699999999927,-3.2078699999999927,-9.81,0.1,-9.81,0.7
0.32800000000000024,0.32800000000000024,0.47229332267906116,-3.2176799999999925,-3.2176799999999925,-9.81,0.1,-9.81,0.7
0.32900000000000024,0.32900000000000024,0.46907073767906116,-3.2274899999999924,-3.2274899999999924,-9.81,0.1,-9.81,0.7
0.33000000000000024,0.33000000000000024,0.46583834267906116,-3.2372999999999923,-3.2372999999999923,-9.81,0.1,-9.81,0.7
0.33100000000000024,0.33100000000000024,0.46259613767906116,-3.247109999999992,-3.247109999999992,-9.81,0.1,-9.81,0.7
0.33200000000000024,0.33200000000000024,0.45934412267906116,-3.256919999999992,-3.256919999999992,-9.81,0.1,-9.81,0.7
0.33300000000000024,0.33300000000000024,0.45608229767906117,-3.266729999999992,-3.266729999999992,-9.81,0.1,-9.81,0.7
0.33400000000000024,0.33400000000000024,0.45281066267906117,-3.276539999999992,-3.276539999999992,-9.81,0.1,-9.81,0.7
0.33500000000000024,0.33500000000000024,0.44952921767906123,-3.2863499999999917,-3.2863499999999917,-9.81,0.1,-9.81,0.7
0.33600000000000024,0.33600000000000024,0.44623796267906124,-3.2961599999999915,-3.2961599999999915,-9.81,0.1,-9.81,0.7
0.33700000000000024,0.33700000000000024,0.44293689767906125,-3.3059699999999914,-3.3059699999999914,-9.81,0.1,-9.81,0.7
0.33800000000000024,0.33800000000000024,0.43962602267906126,-3.3157799999999913,-3.3157799999999913,-9.81,0.1,-9.81,0.7
0.33900000000000025,0.33900000000000025,0.43630533767906127,-3.325589999999991,-3.325589999999991,-9.81,0.1,-9.81,0.7
0.34000000000000025,0.34000000000000025,0.4329748426790613,-3.335399999999991,-3.335399999999991,-9.81,0.1,-9.81,0.7
0.34100000000000025,0.34100000000000025,0.4296345376790613,-3.345209999999991,-3.345209999999991,-9.81,0.1,-9.81,0.7
0.34200000000000025,0.34200000000000025,0.4262844226790613,-3.355019999999991,-3.355019999999991,-9.81,0.1,-9.81,0.7
0.34300000000000025,0.34300000000000025,0.4229244976790614,-3.3648299999999907,-3.3648299999999907,-9.81,0.1,-9.81,0.7
0.34400000000000025,0.34400000000000025,0.4195547626790614,-3.3746399999999905,-3.3746399999999905,-9.81,0.1,-9.81,0.7
0.34500000000000025,0.34500000000000025,0.4161752176790614,-3.3844499999999904,-3.3844499999999904,-9.81,0.1,-9.81,0.7
0.34600000000000025,0.34600000000000025,0.4127858626790614,-3.3942599999999903,-3.3942599999999903,-9.81,0.1,-9.81,0.7
0.34700000000000025,0.34700000000000025,0.40938669767906144,-3.40406999999999,-3.40406999999999,-9.81,0.1,-9.81,0.7
0.34800000000000025,0.34800000000000025,0.40597772267906146,-3.41387999999999,-3.41387999999999,-9.81,0.1,-9.81,0.7
0.34900000000000025,0.34900000000000025,0.4025589376790615,-3.42368999999999,-3.42368999999999,-9.81,0.1,-9.81,0.7
0.35000000000000026,0.35000000000000026,0.39913034267906156,-3.43349999999999,-3.43349999999999,-9.81,0.1,-9.81,0.7
0.35100000000000026,0.35100000000000026,0.3956919376790616,-3.4433099999999897,-3.4433099999999897,-9.81,0.1,-9.81,0.7
0.35200000000000026,0.35200000000000026,0.3922437226790616,-3.4531199999999895,-3.4531199999999895,-9.81,0.1,-9.81,0.7
0.35300000000000026,0.35300000000000026,0.3887856976790616,-3.4629299999999894,-3.4629299999999894,-9.81,0.1,-9.81,0.7
0.35400000000000026,0.35400000000000026,0.38531786267906165,-3.4727399999999893,-3.4727399999999893,-9.81,0.1,-9.81,0.7
0.35500000000000026,0.35500000000000026,0.3818402176790617,-3.482549999999989,-3.482549999999989,-9.81,0.1,-9.81,0.7
0.35600000000000026,0.35600000000000026,0.3783527626790617,-3.492359999999989,-3.492359999999989,-9.81,0.1,-9.81,0.7
0.35700000000000026,0.35700000000000026,0.3748554976790618,-3.502169999999989,-3.502169999999989,-9.81,0.1,-9.81,0.7
0.35800000000000026,0.35800000000000026,0.3713484226790618,-3.5119799999999888,-3.5119799999999888,-9.81,0.1,-9.81,0.7
0.35900000000000026,0.35900000000000026,0.36783153767906185,-3.5217899999999887,-3.5217899999999887,-9.81,0.1,-9.81,0.7
0.36000000000000026,0.36000000000000026,0.3643048426790618,-3.5315999999999885,-3.5315999999999885,-9.81,0.1,-9.81,0.7
0.36100000000000027,0.36100000000000027,0.3607683376790618,-3.5414099999999884,-3.5414099999999884,-9.81,0.1,-9.81,0.7
0.36200000000000027,0.36200000000000027,0.3572220226790618,-3.5512199999999883,-3.5512199999999883,-9.81,0.1,-9.81,0.7
0.36300000000000027,0.36300000000000027,0.35366589767906176,-3.561029999999988,-3.561029999999988,-9.81,0.1,-9.81,0.7
0.36400000000000027,0.36400000000000027,0.3500999626790618,-3.570839999999988,-3.570839999999988,-9.81,0.1,-9.81,0.7
0.36500000000000027,0.36500000000000027,0.3465242176790618,-3.580649999999988,-3.580649999999988,-9.81,0.1,-9.81,0.7
0.36600000000000027,0.36600000000000027,0.34293866267906176,-3.5904599999999878,-3.5904599999999878,-9.81,0.1,-9.81,0.7
0.36700000000000027,0.36700000000000027,0.33934329767906174,-3.6002699999999876,-3.6002699999999876,-9.81,0.1,-9.81,0.7
0.36800000000000027,0.36800000000000027,0.3357381226790617,-3.6100799999999875,-3.6100799999999875,-9.81,0.1,-9.81,0.7
0.36900000000000027,0.36900000000000027,0.3321231376790617,-3.6198899999999874,-3.6198899999999874,-9.81,0.1,-9.81,0.7
0.3700000000000003,0.3700000000000003,0.3284983426790617,-3.6296999999999873,-3.6296999999999873,-9.81,0.1,-9.81,0.7
0.3710000000000003,0.3710000000000003,0.32486373767906174,-3.639509999999987,-3.639509999999987,-9.81,0.1,-9.81,0.7
0.3720000000000003,0.3720000000000003,0.3212193226790617,-3.649319999999987,-3.649319999999987,-9.81,0.1,-9.81,0.7
0.3730000000000003,0.3730000000000003,0.3175650976790617,-3.659129999999987,-3.659129999999987,-9.81,0.1,-9.81,0.7
0.3740000000000003,0.3740000000000003,0.3139010626790617,-3.6689399999999868,-3.6689399999999868,-9.81,0.1,-9.81,0.7
0.3750000000000003,0.3750000000000003,0.3102272176790617,-3.6787499999999866,-3.6787499999999866,-9.81,0.1,-9.81,0.7
0.3760000000000003,0.3760000000000003,0.3065435626790617,-3.6885599999999865,-3.6885599999999865,-9.81,0.1,-9.81,0.7
0.3770000000000003,0.3770000000000003,0.3028500976790617,-3.6983699999999864,-3.6983699999999864,-9.81,0.1,-9.81,0.7
0.3780000000000003,0.3780000000000003,0.29914682267906173,-3.7081799999999863,-3.7081799999999863,-9.81,0.1,-9.81,0.7
0.3790000000000003,0.3790000000000003,0.2954337376790617,-3.717989999999986,-3.717989999999986,-9.81,0.1,-9.81,0.7
0.3800000000000003,0.3800000000000003,0.2917108426790617,-3.727799999999986,-3.727799999999986,-9.81,0.1,-9.81,0.7
0.3810000000000003,0.3810000000000003,0.2879781376790617,-3.737609999999986,-3.737609999999986,-9.81,0.1,-9.81,0.7
0.3820000000000003,0.3820000000000003,0.2842356226790617,-3.7474199999999858,-3.7474199999999858,-9.81,0.1,-9.81,0.7
0.3830000000000003,0.3830000000000003,0.2804832976790617,-3.7572299999999856,-3.7572299999999856,-9.81,0.1,-9.81,0.7
0.3840000000000003,0.3840000000000003,0.2767211626790617,-3.7670399999999855,-3.7670399999999855,-9.81,0.1,-9.81,0.7
0.3850000000000003,0.3850000000000003,0.2729492176790618,-3.7768499999999854,-3.7768499999999854,-9.81,0.1,-9.81,0.7
0.3860000000000003,0.3860000000000003,0.2691674626790618,-3.7866599999999853,-3.7866599999999853,-9.81,0.1,-9.81,0.7
0.3870000000000003,0.3870000000000003,0.2653758976790618,-3.796469999999985,-3.796469999999985,-9.81,0.1,-9.81,0.7
0.3880000000000003,0.3880000000000003,0.2615745226790618,-3.806279999999985,-3.806279999999985,-9.81,0.1,-9.81,0.7
0.3890000000000003,0.3890000000000003,0.2577633376790618,-3.816089999999985,-3.816089999999985,-9.81,0.1,-9.81,0.7
0.3900000000000003,0.3900000000000003,0.2539423426790618,-3.8258999999999848,-3.8258999999999848,-9.81,0.1,-9.81,0.7
0.3910000000000003,0.3910000000000003,0.2501115376790618,-3.8357099999999846,-3.8357099999999846,-9.81,0.1,-9.81,0.7
0.3920000000000003,0.3920000000000003,0.24627092267906184,-3.8455199999999845,-3.8455199999999845,-9.81,0.1,-9.81,0.7
0.3930000000000003,0.3930000000000003,0.24242049767906185,-3.8553299999999844,-3.8553299999999844,-9.81,0.1,-9.81,0.7
0.3940000000000003,0.3940000000000003,0.23856026267906189,-3.8651399999999843,-3.8651399999999843,-9.81,0.1,-9.81,0.7
0.3950000000000003,0.3950000000000003,0.2346902176790619,-3.874949999999984,-3.874949999999984,-9.81,0.1,-9.81,0.7
0.3960000000000003,0.3960000000000003,0.2308103626790619,-3.884759999999984,-3.884759999999984,-9.81,0.1,-9.81,0.7
0.3970000000000003,0.3970000000000003,0.22692069767906192,-3.894569999999984,-3.894569999999984,-9.81,0.1,-9.81,0.7
0.3980000000000003,0.3980000000000003,0.22302122267906196,-3.9043799999999838,-3.9043799999999838,-9.81,0.1,-9.81,0.7
0.3990000000000003,0.3990000000000003,0.21911193767906198,-3.9141899999999836,-3.9141899999999836,-9.81,0.1,-9.81,0.7
0.4000000000000003,0.4000000000000003,0.215192842679062,-3.9239999999999835,-3.9239999999999835,-9.81,0.1,-9.81,0.7
0.4010000000000003,0.4010000000000003,0.211263937679062,-3.9338099999999834,-3.9338099999999834,-9.81,0.1,-9.81,0.7
0.4020000000000003,0.4020000000000003,0.20732522267906206,-3.9436199999999832,-3.9436199999999832,-9.81,0.1,-9.81,0.7
0.4030000000000003,0.4030000000000003,0.20337669767906208,-3.953429999999983,-3.953429999999983,-9.81,0.1,-9.81,0.7
0.4040000000000003,0.4040000000000003,0.1994183626790621,-3.963239999999983,-3.963239999999983,-9.81,0.1,-9.81,0.7
0.4050000000000003,0.4050000000000003,0.19545021767906215,-3.973049999999983,-3.973049999999983,-9.81,0.1,-9.81,0.7
0.4060000000000003,0.4060000000000003,0.19147226267906217,-3.9828599999999827,-3.9828599999999827,-9.81,0.1,-9.81,0.7
0.4070000000000003,0.4070000000000003,0.18748449767906217,-3.9926699999999826,-3.9926699999999826,-9.81,0.1,-9.81,0.7
0.4080000000000003,0.4080000000000003,0.18348692267906216,-4.0024799999999825,-4.0024799999999825,-9.81,0.1,-9.81,0.7
0.4090000000000003,0.4090000000000003,0.1794795376790622,-4.012289999999982,-4.012289999999982,-9.81,0.1,-9.81,0.7
0.4100000000000003,0.4100000000000003,0.1754623426790622,-4.022099999999982,-4.022099999999982,-9.81,0.1,-9.81,0.7
0.4110000000000003,0.4110000000000003,0.1714353376790622,-4.031909999999982,-4.031909999999982,-9.81,0.1,-9.81,0.7
0.4120000000000003,0.4120000000000003,0.16739852267906222,-4.041719999999982,-4.041719999999982,-9.81,0.1,-9.81,0.7
0.4130000000000003,0.4130000000000003,0.16335189767906222,-4.051529999999982,-4.051529999999982,-9.81,0.1,-9.81,0.7
0.4140000000000003,0.4140000000000003,0.15929546267906222,-4.061339999999982,-4.061339999999982,-9.81,0.1,-9.81,0.7
0.4150000000000003,0.4150000000000003,0.15522921767906223,-4.071149999999982,-4.071149999999982,-9.81,0.1,-9.81,0.7
0.4160000000000003,0.4160000000000003,0.15115316267906226,-4.0809599999999815,-4.0809599999999815,-9.81,0.1,-9.81,0.7
0.4170000000000003,0.4170000000000003,0.14706729767906226,-4.090769999999981,-4.090769999999981,-9.81,0.1,-9.81,0.7
0.4180000000000003,0.4180000000000003,0.14297162267906227,-4.100579999999981,-4.100579999999981,-9.81,0.1,-9.81,0.7
0.4190000000000003,0.4190000000000003,0.1388661376790623,-4.110389999999981,-4.110389999999981,-9.81,0.1,-9.81,0.7
0.4200000000000003,0.4200000000000003,0.13475084267906232,-4.120199999999981,-4.120199999999981,-9.81,0.1,-9.81,0.7
0.4210000000000003,0.4210000000000003,0.13062573767906233,-4.130009999999981,-4.130009999999981,-9.81,0.1,-9.81,0.7
0.4220000000000003,0.4220000000000003,0.12649082267906234,-4.139819999999981,-4.139819999999981,-9.81,0.1,-9.81,0.7
0.4230000000000003,0.4230000000000003,0.12234609767906236,-4.149629999999981,-4.149629999999981,-9.81,0.1,-9.81,0.7
0.4240000000000003,0.4240000000000003,0.11819156267906239,-4.1594399999999805,-4.1594399999999805,-9.81,0.1,-9.81,0.7
0.4250000000000003,0.4250000000000003,0.1140272176790624,-4.16924999999998,-4.16924999999998,-9.81,0.1,-9.81,0.7
0.4260000000000003,0.4260000000000003,0.10985306267906243,-4.17905999999998,-4.17905999999998,-9.81,0.1,-9.81,0.7
0.4270000000000003,0.4270000000000003,0.10566909767906246,-4.18886999999998,-4.18886999999998,-9.81,0.1,-9.81,0.7
0.4280000000000003,0.4280000000000003,0.10147532267906248,-4.19867999999998,-4.19867999999998,-9.81,0.1,-9.81,0.7
0.4290000000000003,0.4290000000000003,0.09727173767906251,-4.20848999999998,-4.20848999999998,-9.81,0.1,-9.81,0.7
0.4300000000000003,0.4300000000000003,0.09305834267906253,-4.21829999999998,-4.21829999999998,-9.81,0.1,-9.81,0.7
0.4310000000000003,0.4310000000000003,0.08883513767906255,-4.22810999999998,-4.22810999999998,-9.81,0.1,-9.81,0.7
0.43200000000000033,0.43200000000000033,0.08460212267906256,-4.2379199999999795,-4.2379199999999795,-9.81,0.1,-9.81,0.7
0.43300000000000033,0.43300000000000033,0.08035929767906258,-4.247729999999979,-4.247729999999979,-9.81,0.1,-9.81,0.7
0.43400000000000033,0.43400000000000033,0.07610666267906259,-4.257539999999979,-4.257539999999979,-9.81,0.1,-9.81,0.7
0.43500000000000033,0.43500000000000033,0.07184421767906261,-4.267349999999979,-4.267349999999979,-9.81,0.1,-9.81,0.7
0.43600000000000033,0.43600000000000033,0.06757196267906262,-4.277159999999979,-4.277159999999979,-9.81,0.1,-9.81,0.7
0.43700000000000033,0.43700000000000033,0.06328989767906265,-4.286969999999979,-4.286969999999979,-9.81,0.1,-9.81,0.7
0.43800000000000033,0.43800000000000033,0.05899802267906267,-4.296779999999979,-4.296779999999979,-9.81,0.1,-9.81,0.7
0.43900000000000033,0.43900000000000033,0.05469633767906269,-4.306589999999979,-4.306589999999979,-9.81,0.1,-9.81,0.7
0.44000000000000034,0.44000000000000034,0.05038484267906272,-4.3163999999999785,-4.3163999999999785,-9.81,0.1,-9.81,0.7
0.44100000000000034,0.44100000000000034,0.046063537679062745,-4.326209999999978,-4.326209999999978,-9.81,0.1,-9.81,0.7
0.44200000000000034,0.44200000000000034,0.04173242267906276,-4.336019999999978,-4.336019999999978,-9.81,0.1,-9.81,0.7
0.44300000000000034,0.44300000000000034,0.03739149767906278,-4.345829999999978,-4.345829999999978,-9.81,0.1,-9.81,0.7
0.44400000000000034,0.44400000000000034,0.0330407626790628,-4.355639999999978,-4.355639999999978,-9.81,0.1,-9.81,0.7
0.44500000000000034,0.44500000000000034,0.02868021767906282,-4.365449999999978,-4.365449999999978,-9.81,0.1,-9.81,0.7
0.44600000000000034,0.44600000000000034,0.024309862679062842,-4.375259999999978,-4.375259999999978,-9.81,0.1,-9.81,0.7
0.44700000000000034,0.44700000000000034,0.019929697679062865,-4.385069999999978,-4.385069999999978,-9.81,0.1,-9.81,0.7
0.44800000000000034,0.44800000000000034,0.015539722679062888,-4.3948799999999775,-4.3948799999999775,-9.81,0.1,-9.81,0.7
0.44900000000000034,0.44900000000000034,0.011139937679062909,-4.404689999999977,-4.404689999999977,-9.81,0.1,-9.81,0.7
0.45000000000000034,0.45000000000000034,0.006730342679062931,-4.414499999999977,-4.414499999999977,-9.81,0.1,-9.81,0.7
0.45100000000000035,0.45100000000000035,0.002310937679062954,-4.424309999999977,-4.424309999999977,-9.81,0.1,-9.81,0.7
0.45152202513303535,0.45152202513303535,-8.673617379884035e-19,-4.4294310665550505,-4.4294310665550505,-9.81,0.1,-9.81,0.7
0.45200000000000035,0.45200000000000035,0.001478763668471138,3.0959128131436087,3.0959128131436087,-9.81,0.1,-9.81,0.7
0.45300000000000035,0.45300000000000035,0.004567896553050343,3.086102813143609,3.086102813143609,-9.81,0.1,-9.81,0.7
0.45400000000000035,0.45400000000000035,0.007648394692446899,3.076292813143609,3.076292813143609,-9.81,0.1,-9.81,0.7
0.45500000000000035,0.45500000000000035,0.010719535693379113,3.066482813143609,3.066482813143609,-9.81,0.1,-9.81,0.7
0.45600000000000035,0.45600000000000035,0.013781025708761326,3.056672813143609,3.056672813143609,-9.81,0.1,-9.81,0.7
0.45700000000000035,0.45700000000000035,0.01683276232975771,3.0468628131436093,3.0468628131436093,-9.81,0.1,-9.81,0.7
0.45800000000000035,0.45800000000000035,0.019874709059033786,3.0370528131436094,3.0370528131436094,-9.81,0.1,-9.81,0.7
0.45900000000000035,0.45900000000000035,0.022906852933734134,3.0272428131436095,3.0272428131436095,-9.81,0.1,-9.81,0.7
0.46000000000000035,0.46000000000000035,0.025929189347419966,3.0174328131436097,3.0174328131436097,-9.81,0.1,-9.81,0.7
0.46100000000000035,0.46100000000000035,0.028941716663290762,3.00762281314361,3.00762281314361,-9.81,0.1,-9.81,0.7
0.46200000000000035,0.46200000000000035,0.031944434299737166,2.99781281314361,2.99781281314361,-9.81,0.1,-9.81,0.7
0.46300000000000036,0.46300000000000036,0.034937342050094515,2.98800281314361,2.98800281314361,-9.81,0.1,-9.81,0.7
0.46400000000000036,0.46400000000000036,0.037920439840928126,2.97819281314361,2.97819281314361,-9.81,0.1,-9.81,0.7
0.46500000000000036,0.46500000000000036,0.04089372764614427,2.9683828131436103,2.9683828131436103,-9.81,0.1,-9.81,0.7
0.46600000000000036,0.46600000000000036,0.04385720545647099,2.9585728131436104,2.9585728131436104,-9.81,0.1,-9.81,0.7
0.46700000000000036,0.46700000000000036,0.04681087326861367,2.9487628131436106,2.9487628131436106,-9.81,0.1,-9.81,0.7
0.46800000000000036,0.46800000000000036,0.049754731081401625,2.9389528131436107,2.9389528131436107,-9.81,0.1,-9.81,0.7
0.46900000000000036,0.46900000000000036,0.05268877889441886,2.929142813143611,2.929142813143611,-9.81,0.1,-9.81,0.7
0.47000000000000036,0.47000000000000036,0.05561301670751756,2.919332813143611,2.919332813143611,-9.81,0.1,-9.81,0.7
0.47100000000000036,0.47100000000000036,0.05852744452064521,2.909522813143611,2.909522813143611,-9.81,0.1,-9.81,0.7
0.47200000000000036,0.47200000000000036,0.06143206233378338,2.899712813143611,2.899712813143611,-9.81,0.1,-9.81,0.7
0.47300000000000036,0.47300000000000036,0.06432687014692526,2.8899028131436113,2.8899028131436113,-9.81,0.1,-9.81,0.7
0.47400000000000037,0.47400000000000037,0.06721186796006828,2.8800928131436114,2.8800928131436114,-9.81,0.1,-9.81,0.7
0.47500000000000037,0.47500000000000037,0.07008705577321171,2.8702828131436116,2.8702828131436116,-9.81,0.1,-9.81,0.7
0.47600000000000037,0.47600000000000037,0.07295243358635525,2.8604728131436117,2.8604728131436117,-9.81,0.1,-9.81,0.7
0.47700000000000037,0.47700000000000037,0.07580800139949885,2.850662813143612,2.850662813143612,-9.81,0.1,-9.81,0.7
0.47800000000000037,0.47800000000000037,0.07865375921264245,2.840852813143612,2.840852813143612,-9.81,0.1,-9.81,0.7
0.47900000000000037,0.47900000000000037,0.08148970702578605,2.831042813143612,2.831042813143612,-9.81,0.1,-9.81,0.7
0.48000000000000037,0.48000000000000037,0.08431584483892968,2.821232813143612,2.821232813143612,-9.81,0.1,-9.81,0.7
0.48100000000000037,0.48100000000000037,0.08713217265207328,2.8114228131436123,2.8114228131436123,-9.81,0.1,-9.81,0.7
0.4820000000000004,0.4820000000000004,0.08993869046521688,2.8016128131436124,2.8016128131436124,-9.81,0.1,-9.81,0.7
0.4830000000000004,0.4830000000000004,0.0927353982783605,2.7918028131436126,2.7918028131436126,-9.81,0.1,-9.81,0.7
0.4840000000000004,0.4840000000000004,0.0955222960915041,2.7819928131436127,2.7819928131436127,-9.81,0.1,-9.81,0.7
0.4850000000000004,0.4850000000000004,0.09829938390464771,2.772182813143613,2.772182813143613,-9.81,0.1,-9.81,0.7
0.4860000000000004,0.4860000000000004,0.10106666171779133,2.762372813143613,2.762372813143613,-9.81,0.1,-9.81,0.7
0.4870000000000004,0.4870000000000004,0.10382412953093494,2.752562813143613,2.752562813143613,-9.81,0.1,-9.81,0.7
0.4880000000000004,0.4880000000000004,0.10657178734407854,2.742752813143613,2.742752813143613,-9.81,0.1,-9.81,0.7
0.4890000000000004,0.4890000000000004,0.10930963515722217,2.7329428131436133,2.7329428131436133,-9.81,0.1,-9.81,0.7
0.4900000000000004,0.4900000000000004,0.11203767297036578,2.7231328131436134,2.7231328131436134,-9.81,0.1,-9.81,0.7
0.4910000000000004,0.4910000000000004,0.11475590078350939,2.7133228131436136,2.7133228131436136,-9.81,0.1,-9.81,0.7
0.4920000000000004,0.4920000000000004,0.117464318596653,2.7035128131436137,2.7035128131436137,-9.81,0.1,-9.81,0.7
0.4930000000000004,0.4930000000000004,0.12016292640979663,2.693702813143614,2.693702813143614,-9.81,0.1,-9.81,0.7
0.4940000000000004,0.4940000000000004,0.12285172422294025,2.683892813143614,2.683892813143614,-9.81,0.1,-9.81,0.7
0.4950000000000004,0.4950000000000004,0.12553071203608387,2.674082813143614,2.674082813143614,-9.81,0.1,-9.81,0.7
0.4960000000000004,0.4960000000000004,0.12819988984922748,2.664272813143614,2.664272813143614,-9.81,0.1,-9.81,0.7
0.4970000000000004,0.4970000000000004,0.13085925766237108,2.6544628131436143,2.6544628131436143,-9.81,0.1,-9.81,0.7
0.4980000000000004,0.4980000000000004,0.13350881547551469,2.6446528131436144,2.6446528131436144,-9.81,0.1,-9.81,0.7
0.4990000000000004,0.4990000000000004,0.1361485632886583,2.6348428131436146,2.6348428131436146,-9.81,0.1,-9.81,0.7
0.5000000000000003,0.5000000000000003,0.13877850110180176,2.625032813143615,2.625032813143615,-9.81,0.1,-9.81,0.7
0.5010000000000003,0.5010000000000003,0.14139862891494537,2.6152228131436153,2.6152228131436153,-9.81,0.1,-9.81,0.7
0.5020000000000003,0.5020000000000003,0.144008946728089,2.6054128131436154,2.6054128131436154,-9.81,0.1,-9.81,0.7
0.5030000000000003,0.5030000000000003,0.14660945454123261,2.5956028131436155,2.5956028131436155,-9.81,0.1,-9.81,0.7
0.5040000000000003,0.5040000000000003,0.14920015235437623,2.5857928131436156,2.5857928131436156,-9.81,0.1,-9.81,0.7
0.5050000000000003,0.5050000000000003,0.15178104016751984,2.5759828131436158,2.5759828131436158,-9.81,0.1,-9.81,0.7
0.5060000000000003,0.5060000000000003,0.15435211798066345,2.566172813143616,2.566172813143616,-9.81,0.1,-9.81,0.7
0.5070000000000003,0.5070000000000003,0.1569133857938071,2.556362813143616,2.556362813143616,-9.81,0.1,-9.81,0.7
0.5080000000000003,0.5080000000000003,0.1594648436069507,2.546552813143616,2.546552813143616,-9.81,0.1,-9.81,0.7
0.5090000000000003,0.5090000000000003,0.16200649142009432,2.5367428131436163,2.5367428131436163,-9.81,0.1,-9.81,0.7
0.5100000000000003,0.5100000000000003,0.16453832923323794,2.5269328131436164,2.5269328131436164,-9.81,0.1,-9.81,0.7
0.5110000000000003,0.5110000000000003,0.16706035704638156,2.5171228131436165,2.5171228131436165,-9.81,0.1,-9.81,0.7
0.5120000000000003,0.5120000000000003,0.16957257485952518,2.5073128131436166,2.5073128131436166,-9.81,0.1,-9.81,0.7
0.5130000000000003,0.5130000000000003,0.17207498267266882,2.4975028131436168,2.4975028131436168,-9.81,0.1,-9.81,0.7
0.5140000000000003,0.5140000000000003,0.17456758048581245,2.487692813143617,2.487692813143617,-9.81,0.1,-9.81,0.7
0.5150000000000003,0.5150000000000003,0.17705036829895607,2.477882813143617,2.477882813143617,-9.81,0.1,-9.81,0.7
0.5160000000000003,0.5160000000000003,0.1795233461120997,2.468072813143617,2.468072813143617,-9.81,0.1,-9.81,0.7
0.5170000000000003,0.5170000000000003,0.18198651392524332,2.4582628131436173,2.4582628131436173,-9.81,0.1,-9.81,0.7
0.5180000000000003,0.5180000000000003,0.18443987173838697,2.4484528131436174,2.4484528131436174,-9.81,0.1,-9.81,0.7
0.5190000000000003,0.5190000000000003,0.1868834195515306,2.4386428131436175,2.4386428131436175,-9.81,0.1,-9.81,0.7
0.5200000000000004,0.5200000000000004,0.1893171573646742,2.4288328131436177,2.4288328131436177,-9.81,0.1,-9.81,0.7
0.5210000000000004,0.5210000000000004,0.1917410851778178,2.419022813143618,2.419022813143618,-9.81,0.1,-9.81,0.7
0.5220000000000004,0.5220000000000004,0.1941552029909614,2.409212813143618,2.409212813143618,-9.81,0.1,-9.81,0.7
0.5230000000000004,0.5230000000000004,0.196559510804105,2.399402813143618,2.399402813143618,-9.81,0.1,-9.81,0.7
0.5240000000000004,0.5240000000000004,0.19895400861724863,2.389592813143618,2.389592813143618,-9.81,0.1,-9.81,0.7
0.5250000000000004,0.5250000000000004,0.20133869643039223,2.3797828131436183,2.3797828131436183,-9.81,0.1,-9.81,0.7
0.5260000000000004,0.5260000000000004,0.20371357424353584,2.3699728131436184,2.3699728131436184,-9.81,0.1,-9.81,0.7
0.5270000000000004,0.5270000000000004,0.20607864205667945,2.3601628131436185,2.3601628131436185,-9.81,0.1,-9.81,0.7
0.5280000000000004,0.5280000000000004,0.20843389986982305,2.3503528131436187,2.3503528131436187,-9.81,0.1,-9.81,0.7
0.5290000000000004,0.5290000000000004,0.2107793476829667,2.340542813143619,2.340542813143619,-9.81,0.1,-9.81,0.7
0.5300000000000004,0.5300000000000004,0.2131149854961103,2.330732813143619,2.330732813143619,-9.81,0.1,-9.81,0.7
0.5310000000000004,0.5310000000000004,0.2154408133092539,2.320922813143619,2.320922813143619,-9.81,0.1,-9.81,0.7
0.5320000000000004,0.5320000000000004,0.21775683112239752,2.311112813143619,2.311112813143619,-9.81,0.1,-9.81,0.7
0.5330000000000004,0.5330000000000004,0.22006303893554113,2.3013028131436193,2.3013028131436193,-9.81,0.1,-9.81,0.7
0.5340000000000004,0.5340000000000004,0.22235943674868477,2.2914928131436194,2.2914928131436194,-9.81,0.1,-9.81,0.7
0.5350000000000004,0.5350000000000004,0.2246460245618284,2.2816828131436195,2.2816828131436195,-9.81,0.1,-9.81,0.7
0.5360000000000004,0.5360000000000004,0.226922802374972,2.2718728131436197,2.2718728131436197,-9.81,0.1,-9.81,0.7
0.5370000000000004,0.5370000000000004,0.22918977018811562,2.26206281314362,2.26206281314362,-9.81,0.1,-9.81,0.7
0.5380000000000004,0.5380000000000004,0.23144692800125924,2.25225281314362,2.25225281314362,-9.81,0.1,-9.81,0.7
0.5390000000000004,0.5390000000000004,0.23369427581440286,2.24244281314362,2.24244281314362,-9.81,0.1,-9.81,0.7
0.5400000000000004,0.5400000000000004,0.2359318136275465,2.23263281314362,2.23263281314362,-9.81,0.1,-9.81,0.7
0.5410000000000004,0.5410000000000004,0.23815954144069013,2.2228228131436203,2.2228228131436203,-9.81,0.1,-9.81,0.7
0.5420000000000004,0.5420000000000004,0.24037745925383375,2.2130128131436204,2.2130128131436204,-9.81,0.1,-9.81,0.7
0.5430000000000004,0.5430000000000004,0.24258556706697737,2.2032028131436205,2.2032028131436205,-9.81,0.1,-9.81,0.7
0.5440000000000004,0.5440000000000004,0.244783864880121,2.1933928131436207,2.1933928131436207,-9.81,0.1,-9.81,0.7
0.5450000000000004,0.5450000000000004,0.24697235269326465,2.183582813143621,2.183582813143621,-9.81,0.1,-9.81,0.7
0.5460000000000004,0.5460000000000004,0.24915103050640827,2.173772813143621,2.173772813143621,-9.81,0.1,-9.81,0.7
0.5470000000000004,0.5470000000000004,0.25131989831955187,2.163962813143621,2.163962813143621,-9.81,0.1,-9.81,0.7
0.5480000000000004,0.5480000000000004,0.2534789561326955,2.154152813143621,2.154152813143621,-9.81,0.1,-9.81,0.7
0.5490000000000004,0.5490000000000004,0.2556282039458391,2.1443428131436213,2.1443428131436213,-9.81,0.1,-9.81,0.7
0.5500000000000004,0.5500000000000004,0.2577676417589827,2.1345328131436214,2.1345328131436214,-9.81,0.1,-9.81,0.7
0.5510000000000004,0.5510000000000004,0.25989726957212633,2.1247228131436215,2.1247228131436215,-9.81,0.1,-9.81,0.7
0.5520000000000004,0.5520000000000004,0.2620170873852699,2.1149128131436217,2.1149128131436217,-9.81,0.1,-9.81,0.7
0.5530000000000004,0.5530000000000004,0.26412709519841354,2.105102813143622,2.105102813143622,-9.81,0.1,-9.81,0.7
0.5540000000000004,0.5540000000000004,0.2662272930115572,2.095292813143622,2.095292813143622,-9.81,0.1,-9.81,0.7
0.5550000000000004,0.5550000000000004,0.26831768082470075,2.085482813143622,2.085482813143622,-9.81,0.1,-9.81,0.7
0.5560000000000004,0.5560000000000004,0.2703982586378444,2.075672813143622,2.075672813143622,-9.81,0.1,-9.81,0.7
0.5570000000000004,0.5570000000000004,0.27246902645098797,2.0658628131436223,2.0658628131436223,-9.81,0.1,-9.81,0.7
0.5580000000000004,0.5580000000000004,0.2745299842641316,2.0560528131436224,2.0560528131436224,-9.81,0.1,-9.81,0.7
0.5590000000000004,0.5590000000000004,0.27658113207727525,2.0462428131436226,2.0462428131436226,-9.81,0.1,-9.81,0.7
0.5600000000000004,0.5600000000000004,0.27862246989041883,2.0364328131436227,2.0364328131436227,-9.81,0.1,-9.81,0.7
0.5610000000000004,0.5610000000000004,0.2806539977035625,2.026622813143623,2.026622813143623,-9.81,0.1,-9.81,0.7
0.5620000000000004,0.5620000000000004,0.28267571551670606,2.016812813143623,2.016812813143623,-9.81,0.1,-9.81,0.7
0.5630000000000004,0.5630000000000004,0.2846876233298497,2.007002813143623,2.007002813143623,-9.81,0.1,-9.81,0.7
0.5640000000000004,0.5640000000000004,0.2866897211429933,1.997192813143623,1.997192813143623,-9.81,0.1,-9.81,0.7
0.5650000000000004,0.5650000000000004,0.28868200895613694,1.9873828131436229,1.9873828131436229,-9.81,0.1,-9.81,0.7
0.5660000000000004,0.5660000000000004,0.2906644867692806,1.9775728131436228,1.9775728131436228,-9.81,0.1,-9.81,0.7
0.5670000000000004,0.5670000000000004,0.2926371545824242,1.9677628131436227,1.9677628131436227,-9.81,0.1,-9.81,0.7
0.5680000000000004,0.5680000000000004,0.2946000123955678,1.9579528131436226,1.9579528131436226,-9.81,0.1,-9.81,0.7
0.5690000000000004,0.5690000000000004,0.2965530602087114,1.9481428131436225,1.9481428131436225,-9.81,0.1,-9.81,0.7
0.5700000000000004,0.5700000000000004,0.29849629802185507,1.9383328131436224,1.9383328131436224,-9.81,0.1,-9.81,0.7
0.5710000000000004,0.5710000000000004,0.3004297258349987,1.9285228131436223,1.9285228131436223,-9.81,0.1,-9.81,0.7
0.5720000000000004,0.5720000000000004,0.3023533436481423,1.9187128131436222,1.9187128131436222,-9.81,0.1,-9.81,0.7
0.5730000000000004,0.5730000000000004,0.30426715146128597,1.908902813143622,1.908902813143622,-9.81,0.1,-9.81,0.7
0.5740000000000004,0.5740000000000004,0.30617114927442957,1.899092813143622,1.899092813143622,-9.81,0.1,-9.81,0.7
0.5750000000000004,0.5750000000000004,0.3080653370875732,1.889282813143622,1.889282813143622,-9.81,0.1,-9.81,0.7
0.5760000000000004,0.5760000000000004,0.3099497149007169,1.8794728131436218,1.8794728131436218,-9.81,0.1,-9.81,0.7
0.5770000000000004,0.5770000000000004,0.3118242827138605,1.8696628131436217,1.8696628131436217,-9.81,0.1,-9.81,0.7
0.5780000000000004,0.5780000000000004,0.31368904052700414,1.8598528131436216,1.8598528131436216,-9.81,0.1,-9.81,0.7
0.5790000000000004,0.5790000000000004,0.31554398834014774,1.8500428131436215,1.8500428131436215,-9.81,0.1,-9.81,0.7
0.5800000000000004,0.5800000000000004,0.3173891261532914,1.8402328131436214,1.8402328131436214,-9.81,0.1,-9.81,0.7
0.5810000000000004,0.5810000000000004,0.31922445396643506,1.8304228131436213,1.8304228131436213,-9.81,0.1,-9.81,0.7
0.5820000000000004,0.5820000000000004,0.32104997177957867,1.8206128131436212,1.8206128131436212,-9.81,0.1,-9.81,0.7
0.5830000000000004,0.5830000000000004,0.32286567959272233,1.8108028131436211,1.8108028131436211,-9.81,0.1,-9.81,0.7
0.5840000000000004,0.5840000000000004,0.32467157740586594,1.800992813143621,1.800992813143621,-9.81,0.1,-9.81,0.7
0.5850000000000004,0.5850000000000004,0.3264676652190096,1.791182813143621,1.791182813143621,-9.81,0.1,-9.81,0.7
0.5860000000000004,0.5860000000000004,0.3282539430321533,1.7813728131436208,1.7813728131436208,-9.81,0.1,-9.81,0.7
0.5870000000000004,0.5870000000000004,0.3300304108452969,1.7715628131436207,1.7715628131436207,-9.81,0.1,-9.81,0.7
0.5880000000000004,0.5880000000000004,0.33179706865844055,1.7617528131436206,1.7617528131436206,-9.81,0.1,-9.81,0.7
0.5890000000000004,0.5890000000000004,0.33355391647158417,1.7519428131436205,1.7519428131436205,-9.81,0.1,-9.81,0.7
0.5900000000000004,0.5900000000000004,0.33530095428472784,1.7421328131436205,1.7421328131436205,-9.81,0.1,-9.81,0.7
0.5910000000000004,0.5910000000000004,0.3370381820978714,1.7323228131436204,1.7323228131436204,-9.81,0.1,-9.81,0.7
0.5920000000000004,0.5920000000000004,0.338765599911015,1.7225128131436203,1.7225128131436203,-9.81,0.1,-9.81,0.7
0.5930000000000004,0.5930000000000004,0.34048320772415863,1.7127028131436202,1.7127028131436202,-9.81,0.1,-9.81,0.7
0.5940000000000004,0.5940000000000004,0.3421910055373022,1.70289281314362,1.70289281314362,-9.81,0.1,-9.81,0.7
0.5950000000000004,0.5950000000000004,0.3438889933504458,1.69308281314362,1.69308281314362,-9.81,0.1,-9.81,0.7
0.5960000000000004,0.5960000000000004,0.3455771711635894,1.6832728131436199,1.6832728131436199,-9.81,0.1,-9.81,0.7
0.5970000000000004,0.5970000000000004,0.347255538976733,1.6734628131436198,1.6734628131436198,-9.81,0.1,-9.81,0.7
0.5980000000000004,0.5980000000000004,0.3489240967898766,1.6636528131436197,1.6636528131436197,-9.81,0.1,-9.81,0.7
0.5990000000000004,0.5990000000000004,0.3505828446030202,1.6538428131436196,1.6538428131436196,-9.81,0.1,-9.81,0.7
0.6000000000000004,0.6000000000000004,0.3522317824161638,1.6440328131436195,1.6440328131436195,-9.81,0.1,-9.81,0.7
0.6010000000000004,0.6010000000000004,0.3538709102293074,1.6342228131436194,1.6342228131436194,-9.81,0.1,-9.81,0.7
0.6020000000000004,0.6020000000000004,0.355500228042451,1.6244128131436193,1.6244128131436193,-9.81,0.1,-9.81,0.7
0.6030000000000004,0.6030000000000004,0.35711973585559464,1.6146028131436192,1.6146028131436192,-9.81,0.1,-9.81,0.7
0.6040000000000004,0.6040000000000004,0.3587294336687382,1.604792813143619,1.604792813143619,-9.81,0.1,-9.81,0.7
0.6050000000000004,0.6050000000000004,0.36032932148188185,1.594982813143619,1.594982813143619,-9.81,0.1,-9.81,0.7
0.6060000000000004,0.6060000000000004,0.3619193992950254,1.585172813143619,1.585172813143619,-9.81,0.1,-9.81,0.7
0.6070000000000004,0.6070000000000004,0.36349966710816906,1.5753628131436188,1.5753628131436188,-9.81,0.1,-9.81,0.7
0.6080000000000004,0.6080000000000004,0.3650701249213127,1.5655528131436187,1.5655528131436187,-9.81,0.1,-9.81,0.7
0.6090000000000004,0.6090000000000004,0.36663077273445627,1.5557428131436186,1.5557428131436186,-9.81,0.1,-9.81,0.7
0.6100000000000004,0.6100000000000004,0.3681816105475999,1.5459328131436185,1.5459328131436185,-9.81,0.1,-9.81,0.7
0.6110000000000004,0.6110000000000004,0.3697226383607435,1.5361228131436184,1.5361228131436184,-9.81,0.1,-9.81,0.7
0.6120000000000004,0.6120000000000004,0.3712538561738871,1.5263128131436183,1.5263128131436183,-9.81,0.1,-9.81,0.7
0.6130000000000004,0.6130000000000004,0.37277526398703076,1.5165028131436182,1.5165028131436182,-9.81,0.1,-9.81,0.7
0.6140000000000004,0.6140000000000004,0.37428686180017434,1.5066928131436181,1.5066928131436181,-9.81,0.1,-9.81,0.7
0.6150000000000004,0.6150000000000004,0.375788649613318,1.496882813143618,1.496882813143618,-9.81,0.1,-9.81,0.7
0.6160000000000004,0.6160000000000004,0.37728062742646157,1.487072813143618,1.487072813143618,-9.81,0.1,-9.81,0.7
0.6170000000000004,0.6170000000000004,0.3787627952396052,1.4772628131436178,1.4772628131436178,-9.81,0.1,-9.81,0.7
0.6180000000000004,0.6180000000000004,0.3802351530527488,1.4674528131436178,1.4674528131436178,-9.81,0.1,-9.81,0.7
0.6190000000000004,0.6190000000000004,0.38169770086589244,1.4576428131436177,1.4576428131436177,-9.81,0.1,-9.81,0.7
0.6200000000000004,0.6200000000000004,0.3831504386790361,1.4478328131436176,1.4478328131436176,-9.81,0.1,-9.81,0.7
0.6210000000000004,0.6210000000000004,0.3845933664921797,1.4380228131436175,1.4380228131436175,-9.81,0.1,-9.81,0.7
0.6220000000000004,0.6220000000000004,0.3860264843053233,1.4282128131436174,1.4282128131436174,-9.81,0.1,-9.81,0.7
0.6230000000000004,0.6230000000000004,0.3874497921184669,1.4184028131436173,1.4184028131436173,-9.81,0.1,-9.81,0.7
0.6240000000000004,0.6240000000000004,0.38886328993161057,1.4085928131436172,1.4085928131436172,-9.81,0.1,-9.81,0.7
0.6250000000000004,0.6250000000000004,0.3902669777447542,1.398782813143617,1.398782813143617,-9.81,0.1,-9.81,0.7
0.6260000000000004,0.6260000000000004,0.3916608555578978,1.388972813143617,1.388972813143617,-9.81,0.1,-9.81,0.7
0.6270000000000004,0.6270000000000004,0.39304492337104147,1.3791628131436169,1.3791628131436169,-9.81,0.1,-9.81,0.7
0.6280000000000004,0.6280000000000004,0.39441918118418506,1.3693528131436168,1.3693528131436168,-9.81,0.1,-9.81,0.7
0.6290000000000004,0.6290000000000004,0.3957836289973287,1.3595428131436167,1.3595428131436167,-9.81,0.1,-9.81,0.7
0.6300000000000004,0.6300000000000004,0.3971382668104724,1.3497328131436166,1.3497328131436166,-9.81,0.1,-9.81,0.7
0.6310000000000004,0.6310000000000004,0.398483094623616,1.3399228131436165,1.3399228131436165,-9.81,0.1,-9.81,0.7
0.6320000000000005,0.6320000000000005,0.39981811243675963,1.3301128131436164,1.3301128131436164,-9.81,0.1,-9.81,0.7
0.6330000000000005,0.6330000000000005,0.40114332024990323,1.3203028131436163,1.3203028131436163,-9.81,0.1,-9.81,0.7
0.6340000000000005,0.6340000000000005,0.4024587180630469,1.3104928131436162,1.3104928131436162,-9.81,0.1,-9.81,0.7
0.6350000000000005,0.6350000000000005,0.40376430587619055,1.3006828131436161,1.3006828131436161,-9.81,0.1,-9.81,0.7
0.6360000000000005,0.6360000000000005,0.40506008368933416,1.290872813143616,1.290872813143616,-9.81,0.1,-9.81,0.7
0.6370000000000005,0.6370000000000005,0.4063460515024778,1.281062813143616,1.281062813143616,-9.81,0.1,-9.81,0.7
0.6380000000000005,0.6380000000000005,0.40762220931562143,1.2712528131436158,1.2712528131436158,-9.81,0.1,-9.81,0.7
0.6390000000000005,0.6390000000000005,0.4088885571287651,1.2614428131436157,1.2614428131436157,-9.81,0.1,-9.81,0.7
0.6400000000000005,0.6400000000000005,0.41014509494190876,1.2516328131436156,1.2516328131436156,-9.81,0.1,-9.81,0.7
0.6410000000000005,0.6410000000000005,0.4113918227550523,1.2418228131436155,1.2418228131436155,-9.81,0.1,-9.81,0.7
0.6420000000000005,0.6420000000000005,0.41262874056819593,1.2320128131436154,1.2320128131436154,-9.81,0.1,-9.81,0.7
0.6430000000000005,0.6430000000000005,0.4138558483813395,1.2222028131436153,1.2222028131436153,-9.81,0.1,-9.81,0.7
0.6440000000000005,0.6440000000000005,0.4150731461944831,1.2123928131436152,1.2123928131436152,-9.81,0.1,-9.81,0.7
0.6450000000000005,0.6450000000000005,0.41628063400762666,1.2025828131436151,1.2025828131436151,-9.81,0.1,-9.81,0.7
0.6460000000000005,0.6460000000000005,0.4174783118207703,1.192772813143615,1.192772813143615,-9.81,0.1,-9.81,0.7
0.6470000000000005,0.6470000000000005,0.4186661796339139,1.182962813143615,1.182962813143615,-9.81,0.1,-9.81,0.7
0.6480000000000005,0.6480000000000005,0.41984423744705746,1.1731528131436149,1.1731528131436149,-9.81,0.1,-9.81,0.7
0.6490000000000005,0.6490000000000005,0.4210124852602011,1.1633428131436148,1.1633428131436148,-9.81,0.1,-9.81,0.7
0.6500000000000005,0.6500000000000005,0.42217092307334464,1.1535328131436147,1.1535328131436147,-9.81,0.1,-9.81,0.7
0.6510000000000005,0.6510000000000005,0.42331955088648826,1.1437228131436146,1.1437228131436146,-9.81,0.1,-9.81,0.7
0.6520000000000005,0.6520000000000005,0.4244583686996319,1.1339128131436145,1.1339128131436145,-9.81,0.1,-9.81,0.7
0.6530000000000005,0.6530000000000005,0.42558737651277545,1.1241028131436144,1.1241028131436144,-9.81,0.1,-9.81,0.7
0.6540000000000005,0.6540000000000005,0.4267065743259191,1.1142928131436143,1.1142928131436143,-9.81,0.1,-9.81,0.7
0.6550000000000005,0.6550000000000005,0.42781596213906264,1.1044828131436142,1.1044828131436142,-9.81,0.1,-9.81,0.7
0.6560000000000005,0.6560000000000005,0.42891553995220627,1.094672813143614,1.094672813143614,-9.81,0.1,-9.81,0.7
0.6570000000000005,0.6570000000000005,0.4300053077653499,1.084862813143614,1.084862813143614,-9.81,0.1,-9.81,0.7
0.6580000000000005,0.6580000000000005,0.43108526557849347,1.075052813143614,1.075052813143614,-9.81,0.1,-9.81,0.7
0.6590000000000005,0.6590000000000005,0.4321554133916371,1.0652428131436138,1.0652428131436138,-9.81,0.1,-9.81,0.7
0.6600000000000005,0.6600000000000005,0.4332157512047807,1.0554328131436137,1.0554328131436137,-9.81,0.1,-9.81,0.7
0.6610000000000005,0.6610000000000005,0.4342662790179243,1.0456228131436136,1.0456228131436136,-9.81,0.1,-9.81,0.7
0.6620000000000005,0.6620000000000005,0.43530699683106794,1.0358128131436135,1.0358128131436135,-9.81,0.1,-9.81,0.7
0.6630000000000005,0.6630000000000005,0.4363379046442115,1.0260028131436134,1.0260028131436134,-9.81,0.1,-9.81,0.7
0.6640000000000005,0.6640000000000005,0.43735900245735515,1.0161928131436133,1.0161928131436133,-9.81,0.1,-9.81,0.7
0.6650000000000005,0.6650000000000005,0.43837029027049873,1.0063828131436132,1.0063828131436132,-9.81,0.1,-9.81,0.7
0.6660000000000005,0.6660000000000005,0.43937176808364237,0.9965728131436132,0.9965728131436132,-9.81,0.1,-9.81,0.7
0.6670000000000005,0.6670000000000005,0.44036343589678595,0.9867628131436132,0.9867628131436132,-9.81,0.1,-9.81,0.7
0.6680000000000005,0.6680000000000005,0.4413452937099296,0.9769528131436133,0.9769528131436133,-9.81,0.1,-9.81,0.7
0.6690000000000005,0.6690000000000005,0.4423173415230732,0.9671428131436133,0.9671428131436133,-9.81,0.1,-9.81,0.7
0.6700000000000005,0.6700000000000005,0.4432795793362168,0.9573328131436133,0.9573328131436133,-9.81,0.1,-9.81,0.7
0.6710000000000005,0.6710000000000005,0.44423200714936045,0.9475228131436133,0.9475228131436133,-9.81,0.1,-9.81,0.7
0.6720000000000005,0.6720000000000005,0.44517462496250404,0.9377128131436133,0.9377128131436133,-9.81,0.1,-9.81,0.7
0.6730000000000005,0.6730000000000005,0.4461074327756477,0.9279028131436133,0.9279028131436133,-9.81,0.1,-9.81,0.7
0.6740000000000005,0.6740000000000005,0.4470304305887913,0.9180928131436134,0.9180928131436134,-9.81,0.1,-9.81,0.7
0.6750000000000005,0.6750000000000005,0.4479436184019349,0.9082828131436134,0.9082828131436134,-9.81,0.1,-9.81,0.7
0.6760000000000005,0.6760000000000005,0.44884699621507856,0.8984728131436134,0.8984728131436134,-9.81,0.1,-9.81,0.7
0.6770000000000005,0.6770000000000005,0.44974056402822216,0.8886628131436134,0.8886628131436134,-9.81,0.1,-9.81,0.7
0.6780000000000005,0.6780000000000005,0.4506243218413658,0.8788528131436134,0.8788528131436134,-9.81,0.1,-9.81,0.7
0.6790000000000005,0.6790000000000005,0.45149826965450945,0.8690428131436134,0.8690428131436134,-9.81,0.1,-9.81,0.7
0.6800000000000005,0.6800000000000005,0.45236240746765305,0.8592328131436134,0.8592328131436134,-9.81,0.1,-9.81,0.7
0.6810000000000005,0.6810000000000005,0.4532167352807967,0.8494228131436135,0.8494228131436135,-9.81,0.1,-9.81,0.7
0.6820000000000005,0.6820000000000005,0.4540612530939403,0.8396128131436135,0.8396128131436135,-9.81,0.1,-9.81,0.7
0.6830000000000005,0.6830000000000005,0.45489596090708395,0.8298028131436135,0.8298028131436135,-9.81,0.1,-9.81,0.7
0.6840000000000005,0.6840000000000005,0.4557208587202276,0.8199928131436135,0.8199928131436135,-9.81,0.1,-9.81,0.7
0.6850000000000005,0.6850000000000005,0.4565359465333712,0.8101828131436135,0.8101828131436135,-9.81,0.1,-9.81,0.7
0.6860000000000005,0.6860000000000005,0.45734122434651486,0.8003728131436135,0.8003728131436135,-9.81,0.1,-9.81,0.7
0.6870000000000005,0.6870000000000005,0.45813669215965847,0.7905628131436135,0.7905628131436135,-9.81,0.1,-9.81,0.7
0.6880000000000005,0.6880000000000005,0.4589223499728021,0.7807528131436136,0.7807528131436136,-9.81,0.1,-9.81,0.7
0.6890000000000005,0.6890000000000005,0.4596981977859458,0.7709428131436136,0.7709428131436136,-9.81,0.1,-9.81,0.7
0.6900000000000005,0.6900000000000005,0.4604642355990894,0.7611328131436136,0.7611328131436136,-9.81,0.1,-9.81,0.7
0.6910000000000005,0.6910000000000005,0.46122046341223305,0.7513228131436136,0.7513228131436136,-9.81,0.1,-9.81,0.7
0.6920000000000005,0.6920000000000005,0.46196688122537666,0.7415128131436136,0.7415128131436136,-9.81,0.1,-9.81,0.7
0.6930000000000005,0.6930000000000005,0.4627034890385203,0.7317028131436136,0.7317028131436136,-9.81,0.1,-9.81,0.7
0.6940000000000005,0.6940000000000005,0.4634302868516639,0.7218928131436136,0.7218928131436136,-9.81,0.1,-9.81,0.7
0.6950000000000005,0.6950000000000005,0.4641472746648075,0.7120828131436137,0.7120828131436137,-9.81,0.1,-9.81,0.7
0.6960000000000005,0.6960000000000005,0.4648544524779511,0.7022728131436137,0.7022728131436137,-9.81,0.1,-9.81,0.7
0.6970000000000005,0.6970000000000005,0.46555182029109465,0.6924628131436137,0.6924628131436137,-9.81,0.1,-9.81,0.7
0.6980000000000005,0.6980000000000005,0.46623937810423827,0.6826528131436137,0.6826528131436137,-9.81,0.1,-9.81,0.7
0.6990000000000005,0.6990000000000005,0.4669171259173818,0.6728428131436137,0.6728428131436137,-9.81,0.1,-9.81,0.7
0.7000000000000005,0.7000000000000005,0.46758506373052544,0.6630328131436137,0.6630328131436137,-9.81,0.1,-9.81,0.7
0.7010000000000005,0.7010000000000005,0.46824319154366906,0.6532228131436137,0.6532228131436137,-9.81,0.1,-9.81,0.7
0.7020000000000005,0.7020000000000005,0.4688915093568126,0.6434128131436138,0.6434128131436138,-9.81,0.1,-9.81,0.7
0.7030000000000005,0.7030000000000005,0.46953001716995624,0.6336028131436138,0.6336028131436138,-9.81,0.1,-9.81,0.7
0.7040000000000005,0.7040000000000005,0.4701587149830998,0.6237928131436138,0.6237928131436138,-9.81,0.1,-9.81,0.7
0.7050000000000005,0.7050000000000005,0.4707776027962434,0.6139828131436138,0.6139828131436138,-9.81,0.1,-9.81,0.7
0.7060000000000005,0.7060000000000005,0.47138668060938704,0.6041728131436138,0.6041728131436138,-9.81,0.1,-9.81,0.7
0.7070000000000005,0.7070000000000005,0.4719859484225306,0.5943628131436138,0.5943628131436138,-9.81,0.1,-9.81,0.7
0.7080000000000005,0.7080000000000005,0.47257540623567423,0.5845528131436138,0.5845528131436138,-9.81,0.1,-9.81,0.7
0.7090000000000005,0.7090000000000005,0.4731550540488178,0.5747428131436139,0.5747428131436139,-9.81,0.1,-9.81,0.7
0.7100000000000005,0.7100000000000005,0.47372489186196143,0.5649328131436139,0.5649328131436139,-9.81,0.1,-9.81,0.7
0.7110000000000005,0.7110000000000005,0.47428491967510505,0.5551228131436139,0.5551228131436139,-9.81,0.1,-9.81,0.7
0.7120000000000005,0.7120000000000005,0.4748351374882486,0.5453128131436139,0.5453128131436139,-9.81,0.1,-9.81,0.7
0.7130000000000005,0.7130000000000005,0.47537554530139225,0.5355028131436139,0.5355028131436139,-9.81,0.1,-9.81,0.7
0.7140000000000005,0.7140000000000005,0.47590614311453583,0.5256928131436139,0.5256928131436139,-9.81,0.1,-9.81,0.7
0.7150000000000005,0.7150000000000005,0.47642693092767946,0.515882813143614,0.515882813143614,-9.81,0.1,-9.81,0.7
0.7160000000000005,0.7160000000000005,0.47693790874082304,0.506072813143614,0.506072813143614,-9.81,0.1,-9.81,0.7
0.7170000000000005,0.7170000000000005,0.47743907655396667,0.496262813143614,0.496262813143614,-9.81,0.1,-9.81,0.7
0.7180000000000005,0.7180000000000005,0.4779304343671103,0.486452813143614,0.486452813143614,-9.81,0.1,-9.81,0.7
0.7190000000000005,0.7190000000000005,0.4784119821802539,0.476642813143614,0.476642813143614,-9.81,0.1,-9.81,0.7
0.7200000000000005,0.7200000000000005,0.4788837199933975,0.466832813143614,0.466832813143614,-9.81,0.1,-9.81,0.7
0.7210000000000005,0.7210000000000005,0.4793456478065411,0.45702281314361404,0.45702281314361404,-9.81,0.1,-9.81,0.7
0.7220000000000005,0.7220000000000005,0.47979776561968474,0.44721281314361405,0.44721281314361405,-9.81,0.1,-9.81,0.7
0.7230000000000005,0.7230000000000005,0.4802400734328284,0.43740281314361407,0.43740281314361407,-9.81,0.1,-9.81,0.7
0.7240000000000005,0.7240000000000005,0.48067257124597196,0.4275928131436141,0.4275928131436141,-9.81,0.1,-9.81,0.7
0.7250000000000005,0.7250000000000005,0.4810952590591156,0.4177828131436141,0.4177828131436141,-9.81,0.1,-9.81,0.7
0.7260000000000005,0.7260000000000005,0.4815081368722592,0.4079728131436141,0.4079728131436141,-9.81,0.1,-9.81,0.7
0.7270000000000005,0.7270000000000005,0.4819112046854028,0.3981628131436141,0.3981628131436141,-9.81,0.1,-9.81,0.7
0.7280000000000005,0.7280000000000005,0.48230446249854647,0.38835281314361414,0.38835281314361414,-9.81,0.1,-9.81,0.7
0.7290000000000005,0.7290000000000005,0.48268791031169006,0.37854281314361415,0.37854281314361415,-9.81,0.1,-9.81,0.7
0.7300000000000005,0.7300000000000005,0.4830615481248337,0.36873281314361417,0.36873281314361417,-9.81,0.1,-9.81,0.7
0.7310000000000005,0.7310000000000005,0.4834253759379773,0.3589228131436142,0.3589228131436142,-9.81,0.1,-9.81,0.7
0.7320000000000005,0.7320000000000005,0.48377939375112095,0.3491128131436142,0.3491128131436142,-9.81,0.1,-9.81,0.7
0.7330000000000005,0.7330000000000005,0.4841236015642646,0.3393028131436142,0.3393028131436142,-9.81,0.1,-9.81,0.7
0.7340000000000005,0.7340000000000005,0.4844579993774082,0.3294928131436142,0.3294928131436142,-9.81,0.1,-9.81,0.7
0.7350000000000005,0.7350000000000005,0.48478258719055184,0.31968281314361424,0.31968281314361424,-9.81,0.1,-9.81,0.7
0.7360000000000005,0.7360000000000005,0.48509736500369544,0.30987281314361426,0.30987281314361426,-9.81,0.1,-9.81,0.7
0.7370000000000005,0.7370000000000005,0.4854023328168391,0.30006281314361427,0.30006281314361427,-9.81,0.1,-9.81,0.7
0.7380000000000005,0.7380000000000005,0.48569749062998274,0.2902528131436143,0.2902528131436143,-9.81,0.1,-9.81,0.7
0.7390000000000005,0.7390000000000005,0.48598283844312634,0.2804428131436143,0.2804428131436143,-9.81,0.1,-9.81,0.7
0.7400000000000005,0.7400000000000005,0.48625837625627,0.2706328131436143,0.2706328131436143,-9.81,0.1,-9.81,0.7
0.7410000000000005,0.7410000000000005,0.4865241040694136,0.26082281314361433,0.26082281314361433,-9.81,0.1,-9.81,0.7
0.7420000000000005,0.7420000000000005,0.48678002188255726,0.25101281314361434,0.25101281314361434,-9.81,0.1,-9.81,0.7
0.7430000000000005,0.7430000000000005,0.48702612969570086,0.24120281314361433,0.24120281314361433,-9.81,0.1,-9.81,0.7
0.7440000000000005,0.7440000000000005,0.4872624275088445,0.23139281314361432,0.23139281314361432,-9.81,0.1,-9.81,0.7
0.7450000000000006,0.7450000000000006,0.4874889153219882,0.2215828131436143,0.2215828131436143,-9.81,0.1,-9.81,0.7
0.7460000000000006,0.7460000000000006,0.4877055931351318,0.2117728131436143,0.2117728131436143,-9.81,0.1,-9.81,0.7
0.7470000000000006,0.7470000000000006,0.48791246094827545,0.20196281314361428,0.20196281314361428,-9.81,0.1,-9.81,0.7
0.7480000000000006,0.7480000000000006,0.48810951876141906,0.19215281314361427,0.19215281314361427,-9.81,0.1,-9.81,0.7
0.7490000000000006,0.7490000000000006,0.48829676657456267,0.18234281314361425,0.18234281314361425,-9.81,0.1,-9.81,0.7
0.7500000000000006,0.7500000000000006,0.4884742043877063,0.17253281314361424,0.17253281314361424,-9.81,0.1,-9.81,0.7
0.7510000000000006,0.7510000000000006,0.48864183220084983,0.16272281314361423,0.16272281314361423,-9.81,0.1,-9.81,0.7
0.7520000000000006,0.7520000000000006,0.48879965001399345,0.1529128131436142,0.1529128131436142,-9.81,0.1,-9.81,0.7
0.7530000000000006,0.7530000000000006,0.488947657827137,0.1431028131436142,0.1431028131436142,-9.81,0.1,-9.81,0.7
0.7540000000000006,0.7540000000000006,0.4890858556402806,0.13329281314361419,0.13329281314361419,-9.81,0.1,-9.81,0.7
0.7550000000000006,0.7550000000000006,0.48921424345342424,0.12348281314361417,0.12348281314361417,-9.81,0.1,-9.81,0.7
0.7560000000000006,0.7560000000000006,0.4893328212665678,0.11367281314361417,0.11367281314361417,-9.81,0.1,-9.81,0.7
0.7570000000000006,0.7570000000000006,0.4894415890797114,0.10386281314361417,0.10386281314361417,-9.81,0.1,-9.81,0.7
0.7580000000000006,0.7580000000000006,0.489540546892855,0.09405281314361418,0.09405281314361418,-9.81,0.1,-9.81,0.7
0.7590000000000006,0.7590000000000006,0.4896296947059986,0.08424281314361418,0.08424281314361418,-9.81,0.1,-9.81,0.7
0.7600000000000006,0.7600000000000006,0.4897090325191422,0.07443281314361418,0.07443281314361418,-9.81,0.1,-9.81,0.7
0.7610000000000006,0.7610000000000006,0.4897785603322858,0.06462281314361418,0.06462281314361418,-9.81,0.1,-9.81,0.7
0.7620000000000006,0.7620000000000006,0.4898382781454294,0.054812813143614185,0.054812813143614185,-9.81,0.1,-9.81,0.7
0.7630000000000006,0.7630000000000006,0.489888185958573,0.045002813143614186,0.045002813143614186,-9.81,0.1,-9.81,0.7
0.7640000000000006,0.7640000000000006,0.4899282837717166,0.035192813143614186,0.035192813143614186,-9.81,0.1,-9.81,0.7
0.7650000000000006,0.7650000000000006,0.48995857158486017,0.025382813143614184,0.025382813143614184,-9.81,0.1,-9.81,0.7
0.7660000000000006,0.7660000000000006,0.4899790493980038,0.015572813143614184,0.015572813143614184,-9.81,0.1,-9.81,0.7
0.7670000000000006,0.7670000000000006,0.4899897172111474,0.005762813143614185,0.005762813143614185,-9.81,0.1,-9.81,0.7
0.7680000000000006,0.7680000000000006,0.489990575024291,-0.004047186856385816,-0.004047186856385816,-9.81,0.1,-9.81,0.7
0.7690000000000006,0.7690000000000006,0.4899816228374346,-0.013857186856385817,-0.013857186856385817,-9.81,0.1,-9.81,0.7
0.7700000000000006,0.7700000000000006,0.4899628606505782,-0.023667186856385816,-0.023667186856385816,-9.81,0.1,-9.81,0.7
0.7710000000000006,0.7710000000000006,0.48993428846372183,-0.033477186856385815,-0.033477186856385815,-9.81,0.1,-9.81,0.7
0.7720000000000006,0.7720000000000006,0.48989590627686547,-0.043287186856385815,-0.043287186856385815,-9.81,0.1,-9.81,0.7
0.7730000000000006,0.7730000000000006,0.48984771409000905,-0.053097186856385814,-0.053097186856385814,-9.81,0.1,-9.81,0.7
0.7740000000000006,0.7740000000000006,0.4897897119031527,-0.06290718685638581,-0.06290718685638581,-9.81,0.1,-9.81,0.7
0.7750000000000006,0.7750000000000006,0.48972189971629626,-0.07271718685638581,-0.07271718685638581,-9.81,0.1,-9.81,0.7
0.7760000000000006,0.7760000000000006,0.4896442775294399,-0.08252718685638581,-0.08252718685638581,-9.81,0.1,-9.81,0.7
0.7770000000000006,0.7770000000000006,0.48955684534258354,-0.09233718685638581,-0.09233718685638581,-9.81,0.1,-9.81,0.7
0.7780000000000006,0.7780000000000006,0.4894596031557271,-0.10214718685638581,-0.10214718685638581,-9.81,0.1,-9.81,0.7
0.7790000000000006,0.7790000000000006,0.48935255096887076,-0.11195718685638581,-0.11195718685638581,-9.81,0.1,-9.81,0.7
0.7800000000000006,0.7800000000000006,0.48923568878201434,-0.12176718685638581,-0.12176718685638581,-9.81,0.1,-9.81,0.7
0.7810000000000006,0.7810000000000006,0.489109016595158,-0.1315771868563858,-0.1315771868563858,-9.81,0.1,-9.81,0.7
0.7820000000000006,0.7820000000000006,0.48897253440830163,-0.1413871868563858,-0.1413871868563858,-9.81,0.1,-9.81,0.7
0.7830000000000006,0.7830000000000006,0.4888262422214452,-0.1511971868563858,-0.1511971868563858,-9.81,0.1,-9.81,0.7
0.7840000000000006,0.7840000000000006,0.48867014003458886,-0.16100718685638582,-0.16100718685638582,-9.81,0.1,-9.81,0.7
0.7850000000000006,0.7850000000000006,0.48850422784773245,-0.17081718685638583,-0.17081718685638583,-9.81,0.1,-9.81,0.7
0.7860000000000006,0.7860000000000006,0.4883285056608761,-0.18062718685638585,-0.18062718685638585,-9.81,0.1,-9.81,0.7
0.7870000000000006,0.7870000000000006,0.48814297347401975,-0.19043718685638586,-0.19043718685638586,-9.81,0.1,-9.81,0.7
0.7880000000000006,0.7880000000000006,0.48794763128716334,-0.20024718685638587,-0.20024718685638587,-9.81,0.1,-9.81,0.7
0.7890000000000006,0.7890000000000006,0.487742479100307,-0.21005718685638589,-0.21005718685638589,-9.81,0.1,-9.81,0.7
0.7900000000000006,0.7900000000000006,0.4875275169134506,-0.2198671868563859,-0.2198671868563859,-9.81,0.1,-9.81,0.7
0.7910000000000006,0.7910000000000006,0.48730274472659424,-0.2296771868563859,-0.2296771868563859,-9.81,0.1,-9.81,0.7
0.7920000000000006,0.7920000000000006,0.48706816253973784,-0.23948718685638593,-0.23948718685638593,-9.81,0.1,-9.81,0.7
0.7930000000000006,0.7930000000000006,0.4868237703528815,-0.2492971868563859,-0.2492971868563859,-9.81,0.1,-9.81,0.7
0.7940000000000006,0.7940000000000006,0.48656956816602515,-0.2591071868563859,-0.2591071868563859,-9.81,0.1,-9.81,0.7
0.7950000000000006,0.7950000000000006,0.48630555597916875,-0.2689171868563859,-0.2689171868563859,-9.81,0.1,-9.81,0.7
0.7960000000000006,0.7960000000000006,0.4860317337923124,-0.27872718685638587,-0.27872718685638587,-9.81,0.1,-9.81,0.7
0.7970000000000006,0.7970000000000006,0.485748101605456,-0.28853718685638585,-0.28853718685638585,-9.81,0.1,-9.81,0.7
0.7980000000000006,0.7980000000000006,0.48545465941859967,-0.29834718685638584,-0.29834718685638584,-9.81,0.1,-9.81,0.7
0.7990000000000006,0.7990000000000006,0.4851514072317433,-0.3081571868563858,-0.3081571868563858,-9.81,0.1,-9.81,0.7
0.8000000000000006,0.8000000000000006,0.48483834504488693,-0.3179671868563858,-0.3179671868563858,-9.81,0.1,-9.81,0.7
0.8010000000000006,0.8010000000000006,0.4845154728580306,-0.3277771868563858,-0.3277771868563858,-9.81,0.1,-9.81,0.7
0.8020000000000006,0.8020000000000006,0.4841827906711742,-0.3375871868563858,-0.3375871868563858,-9.81,0.1,-9.81,0.7
0.8030000000000006,0.8030000000000006,0.48384029848431787,-0.34739718685638576,-0.34739718685638576,-9.81,0.1,-9.81,0.7
0.8040000000000006,0.8040000000000006,0.4834879962974615,-0.35720718685638575,-0.35720718685638575,-9.81,0.1,-9.81,0.7
0.8050000000000006,0.8050000000000006,0.48312588411060503,-0.36701718685638574,-0.36701718685638574,-9.81,0.1,-9.81,0.7
0.8060000000000006,0.8060000000000006,0.48275396192374864,-0.3768271868563857,-0.3768271868563857,-9.81,0.1,-9.81,0.7
0.8070000000000006,0.8070000000000006,0.4823722297368922,-0.3866371868563857,-0.3866371868563857,-9.81,0.1,-9.81,0.7
0.8080000000000006,0.8080000000000006,0.4819806875500358,-0.3964471868563857,-0.3964471868563857,-9.81,0.1,-9.81,0.7
0.8090000000000006,0.8090000000000006,0.48157933536317943,-0.4062571868563857,-0.4062571868563857,-9.81,0.1,-9.81,0.7
0.8100000000000006,0.8100000000000006,0.481168173176323,-0.41606718685638566,-0.41606718685638566,-9.81,0.1,-9.81,0.7
0.8110000000000006,0.8110000000000006,0.4807472009894666,-0.42587718685638565,-0.42587718685638565,-9.81,0.1,-9.81,0.7
0.8120000000000006,0.8120000000000006,0.48031641880261017,-0.43568718685638563,-0.43568718685638563,-9.81,0.1,-9.81,0.7
0.8130000000000006,0.8130000000000006,0.4798758266157538,-0.4454971868563856,-0.4454971868563856,-9.81,0.1,-9.81,0.7
0.8140000000000006,0.8140000000000006,0.47942542442889735,-0.4553071868563856,-0.4553071868563856,-9.81,0.1,-9.81,0.7
0.8150000000000006,0.8150000000000006,0.47896521224204097,-0.4651171868563856,-0.4651171868563856,-9.81,0.1,-9.81,0.7
0.8160000000000006,0.8160000000000006,0.4784951900551846,-0.4749271868563856,-0.4749271868563856,-9.81,0.1,-9.81,0.7
0.8170000000000006,0.8170000000000006,0.47801535786832816,-0.48473718685638556,-0.48473718685638556,-9.81,0.1,-9.81,0.7
0.8180000000000006,0.8180000000000006,0.4775257156814718,-0.49454718685638555,-0.49454718685638555,-9.81,0.1,-9.81,0.7
0.8190000000000006,0.8190000000000006,0.47702626349461535,-0.5043571868563855,-0.5043571868563855,-9.81,0.1,-9.81,0.7
0.8200000000000006,0.8200000000000006,0.476517001307759,-0.5141671868563855,-0.5141671868563855,-9.81,0.1,-9.81,0.7
0.8210000000000006,0.8210000000000006,0.4759979291209026,-0.5239771868563855,-0.5239771868563855,-9.81,0.1,-9.81,0.7
0.8220000000000006,0.8220000000000006,0.4754690469340462,-0.5337871868563855,-0.5337871868563855,-9.81,0.1,-9.81,0.7
0.8230000000000006,0.8230000000000006,0.4749303547471898,-0.5435971868563855,-0.5435971868563855,-9.81,0.1,-9.81,0.7
0.8240000000000006,0.8240000000000006,0.4743818525603334,-0.5534071868563855,-0.5534071868563855,-9.81,0.1,-9.81,0.7
0.8250000000000006,0.8250000000000006,0.473823540373477,-0.5632171868563854,-0.5632171868563854,-9.81,0.1,-9.81,0.7
0.8260000000000006,0.8260000000000006,0.47325541818662065,-0.5730271868563854,-0.5730271868563854,-9.81,0.1,-9.81,0.7
0.8270000000000006,0.8270000000000006,0.4726774859997642,-0.5828371868563854,-0.5828371868563854,-9.81,0.1,-9.81,0.7
0.8280000000000006,0.8280000000000006,0.47208974381290786,-0.5926471868563854,-0.5926471868563854,-9.81,0.1,-9.81,0.7
0.8290000000000006,0.8290000000000006,0.47149219162605144,-0.6024571868563854,-0.6024571868563854,-9.81,0.1,-9.81,0.7
0.8300000000000006,0.8300000000000006,0.4708848294391951,-0.6122671868563854,-0.6122671868563854,-9.81,0.1,-9.81,0.7
0.8310000000000006,0.8310000000000006,0.4702676572523387,-0.6220771868563854,-0.6220771868563854,-9.81,0.1,-9.81,0.7
0.8320000000000006,0.8320000000000006,0.4696406750654823,-0.6318871868563853,-0.6318871868563853,-9.81,0.1,-9.81,0.7
0.8330000000000006,0.8330000000000006,0.46900388287862593,-0.6416971868563853,-0.6416971868563853,-9.81,0.1,-9.81,0.7
0.8340000000000006,0.8340000000000006,0.4683572806917695,-0.6515071868563853,-0.6515071868563853,-9.81,0.1,-9.81,0.7
0.8350000000000006,0.8350000000000006,0.46770086850491316,-0.6613171868563853,-0.6613171868563853,-9.81,0.1,-9.81,0.7
0.8360000000000006,0.8360000000000006,0.4670346463180568,-0.6711271868563853,-0.6711271868563853,-9.81,0.1,-9.81,0.7
0.8370000000000006,0.8370000000000006,0.4663586141312004,-0.6809371868563853,-0.6809371868563853,-9.81,0.1,-9.81,0.7
0.8380000000000006,0.8380000000000006,0.46567277194434403,-0.6907471868563853,-0.6907471868563853,-9.81,0.1,-9.81,0.7
0.8390000000000006,0.8390000000000006,0.4649771197574876,-0.7005571868563852,-0.7005571868563852,-9.81,0.1,-9.81,0.7
0.8400000000000006,0.8400000000000006,0.46427165757063127,-0.7103671868563852,-0.7103671868563852,-9.81,0.1,-9.81,0.7
0.8410000000000006,0.8410000000000006,0.46355638538377486,-0.7201771868563852,-0.7201771868563852,-9.81,0.1,-9.81,0.7
0.8420000000000006,0.8420000000000006,0.4628313031969185,-0.7299871868563852,-0.7299871868563852,-9.81,0.1,-9.81,0.7
0.8430000000000006,0.8430000000000006,0.46209641101006216,-0.7397971868563852,-0.7397971868563852,-9.81,0.1,-9.81,0.7
0.8440000000000006,0.8440000000000006,0.46135170882320575,-0.7496071868563852,-0.7496071868563852,-9.81,0.1,-9.81,0.7
0.8450000000000006,0.8450000000000006,0.4605971966363494,-0.7594171868563852,-0.7594171868563852,-9.81,0.1,-9.81,0.7
0.8460000000000006,0.8460000000000006,0.459832874449493,-0.7692271868563851,-0.7692271868563851,-9.81,0.1,-9.81,0.7
0.8470000000000006,0.8470000000000006,0.45905874226263665,-0.7790371868563851,-0.7790371868563851,-9.81,0.1,-9.81,0.7
0.8480000000000006,0.8480000000000006,0.4582748000757803,-0.7888471868563851,-0.7888471868563851,-9.81,0.1,-9.81,0.7
0.8490000000000006,0.8490000000000006,0.4574810478889239,-0.7986571868563851,-0.7986571868563851,-9.81,0.1,-9.81,0.7
0.8500000000000006,0.8500000000000006,0.45667748570206756,-0.8084671868563851,-0.8084671868563851,-9.81,0.1,-9.81,0.7
0.8510000000000006,0.8510000000000006,0.45586411351521117,-0.8182771868563851,-0.8182771868563851,-9.81,0.1,-9.81,0.7
0.8520000000000006,0.8520000000000006,0.4550409313283548,-0.828087186856385,-0.828087186856385,-9.81,0.1,-9.81,0.7
0.8530000000000006,0.8530000000000006,0.4542079391414985,-0.837897186856385,-0.837897186856385,-9.81,0.1,-9.81,0.7
0.8540000000000006,0.8540000000000006,0.4533651369546421,-0.847707186856385,-0.847707186856385,-9.81,0.1,-9.81,0.7
0.8550000000000006,0.8550000000000006,0.45251252476778575,-0.857517186856385,-0.857517186856385,-9.81,0.1,-9.81,0.7
0.8560000000000006,0.8560000000000006,0.45165010258092936,-0.867327186856385,-0.867327186856385,-9.81,0.1,-9.81,0.7
0.8570000000000007,0.8570000000000007,0.450777870394073,-0.877137186856385,-0.877137186856385,-9.81,0.1,-9.81,0.7
0.8580000000000007,0.8580000000000007,0.4498958282072167,-0.886947186856385,-0.886947186856385,-9.81,0.1,-9.81,0.7
0.8590000000000007,0.8590000000000007,0.44900397602036024,-0.896757186856385,-0.896757186856385,-9.81,0.1,-9.81,0.7
0.8600000000000007,0.8600000000000007,0.44810231383350385,-0.9065671868563849,-0.9065671868563849,-9.81,0.1,-9.81,0.7
0.8610000000000007,0.8610000000000007,0.4471908416466474,-0.9163771868563849,-0.9163771868563849,-9.81,0.1,-9.81,0.7
0.8620000000000007,0.8620000000000007,0.446269559459791,-0.9261871868563849,-0.9261871868563849,-9.81,0.1,-9.81,0.7
0.8630000000000007,0.8630000000000007,0.4453384672729346,-0.9359971868563849,-0.9359971868563849,-9.81,0.1,-9.81,0.7
0.8640000000000007,0.8640000000000007,0.4443975650860782,-0.9458071868563849,-0.9458071868563849,-9.81,0.1,-9.81,0.7
0.8650000000000007,0.8650000000000007,0.4434468528992218,-0.9556171868563849,-0.9556171868563849,-9.81,0.1,-9.81,0.7
0.8660000000000007,0.8660000000000007,0.44248633071236537,-0.9654271868563848,-0.9654271868563848,-9.81,0.1,-9.81,0.7
0.8670000000000007,0.8670000000000007,0.441515998525509,-0.9752371868563848,-0.9752371868563848,-9.81,0.1,-9.81,0.7
0.8680000000000007,0.8680000000000007,0.44053585633865255,-0.9850471868563848,-0.9850471868563848,-9.81,0.1,-9.81,0.7
0.8690000000000007,0.8690000000000007,0.4395459041517962,-0.9948571868563848,-0.9948571868563848,-9.81,0.1,-9.81,0.7
0.8700000000000007,0.8700000000000007,0.4385461419649398,-1.0046671868563848,-1.0046671868563848,-9.81,0.1,-9.81,0.7
0.8710000000000007,0.8710000000000007,0.43753656977808336,-1.0144771868563849,-1.0144771868563849,-9.81,0.1,-9.81,0.7
0.8720000000000007,0.8720000000000007,0.436517187591227,-1.024287186856385,-1.024287186856385,-9.81,0.1,-9.81,0.7
0.8730000000000007,0.8730000000000007,0.43548799540437055,-1.034097186856385,-1.034097186856385,-9.81,0.1,-9.81,0.7
0.8740000000000007,0.8740000000000007,0.4344489932175142,-1.0439071868563852,-1.0439071868563852,-9.81,0.1,-9.81,0.7
0.8750000000000007,0.8750000000000007,0.4334001810306578,-1.0537171868563853,-1.0537171868563853,-9.81,0.1,-9.81,0.7
0.8760000000000007,0.8760000000000007,0.4323415588438014,-1.0635271868563854,-1.0635271868563854,-9.81,0.1,-9.81,0.7
0.8770000000000007,0.8770000000000007,0.431273126656945,-1.0733371868563855,-1.0733371868563855,-9.81,0.1,-9.81,0.7
0.8780000000000007,0.8780000000000007,0.4301948844700886,-1.0831471868563856,-1.0831471868563856,-9.81,0.1,-9.81,0.7
0.8790000000000007,0.8790000000000007,0.4291068322832322,-1.0929571868563857,-1.0929571868563857,-9.81,0.1,-9.81,0.7
0.8800000000000007,0.8800000000000007,0.42800897009637584,-1.1027671868563858,-1.1027671868563858,-9.81,0.1,-9.81,0.7
0.8810000000000007,0.8810000000000007,0.4269012979095194,-1.1125771868563858,-1.1125771868563858,-9.81,0.1,-9.81,0.7
0.8820000000000007,0.8820000000000007,0.42578381572266305,-1.122387186856386,-1.122387186856386,-9.81,0.1,-9.81,0.7
0.8830000000000007,0.8830000000000007,0.42465652353580663,-1.132197186856386,-1.132197186856386,-9.81,0.1,-9.81,0.7
0.8840000000000007,0.8840000000000007,0.42351942134895026,-1.1420071868563861,-1.1420071868563861,-9.81,0.1,-9.81,0.7
0.8850000000000007,0.8850000000000007,0.4223725091620939,-1.1518171868563862,-1.1518171868563862,-9.81,0.1,-9.81,0.7
0.8860000000000007,0.8860000000000007,0.4212157869752375,-1.1616271868563863,-1.1616271868563863,-9.81,0.1,-9.81,0.7
0.8870000000000007,0.8870000000000007,0.4200492547883811,-1.1714371868563864,-1.1714371868563864,-9.81,0.1,-9.81,0.7
0.8880000000000007,0.8880000000000007,0.4188729126015247,-1.1812471868563865,-1.1812471868563865,-9.81,0.1,-9.81,0.7
0.8890000000000007,0.8890000000000007,0.41768676041466835,-1.1910571868563866,-1.1910571868563866,-9.81,0.1,-9.81,0.7
0.8900000000000007,0.8900000000000007,0.41649079822781193,-1.2008671868563867,-1.2008671868563867,-9.81,0.1,-9.81,0.7
0.8910000000000007,0.8910000000000007,0.4152850260409556,-1.2106771868563868,-1.2106771868563868,-9.81,0.1,-9.81,0.7
0.8920000000000007,0.8920000000000007,0.4140694438540992,-1.220487186856387,-1.220487186856387,-9.81,0.1,-9.81,0.7
0.8930000000000007,0.8930000000000007,0.4128440516672428,-1.230297186856387,-1.230297186856387,-9.81,0.1,-9.81,0.7
0.8940000000000007,0.8940000000000007,0.41160884948038645,-1.240107186856387,-1.240107186856387,-9.81,0.1,-9.81,0.7
0.8950000000000007,0.8950000000000007,0.41036383729353004,-1.2499171868563872,-1.2499171868563872,-9.81,0.1,-9.81,0.7
0.8960000000000007,0.8960000000000007,0.4091090151066737,-1.2597271868563873,-1.2597271868563873,-9.81,0.1,-9.81,0.7
0.8970000000000007,0.8970000000000007,0.40784438291981734,-1.2695371868563874,-1.2695371868563874,-9.81,0.1,-9.81,0.7
0.8980000000000007,0.8980000000000007,0.40656994073296093,-1.2793471868563875,-1.2793471868563875,-9.81,0.1,-9.81,0.7
0.8990000000000007,0.8990000000000007,0.4052856885461046,-1.2891571868563876,-1.2891571868563876,-9.81,0.1,-9.81,0.7
0.9000000000000007,0.9000000000000007,0.4039916263592482,-1.2989671868563877,-1.2989671868563877,-9.81,0.1,-9.81,0.7
0.9010000000000007,0.9010000000000007,0.40268775417239183,-1.3087771868563878,-1.3087771868563878,-9.81,0.1,-9.81,0.7
0.9020000000000007,0.9020000000000007,0.4013740719855355,-1.3185871868563879,-1.3185871868563879,-9.81,0.1,-9.81,0.7
0.9030000000000007,0.9030000000000007,0.4000505797986791,-1.328397186856388,-1.328397186856388,-9.81,0.1,-9.81,0.7
0.9040000000000007,0.9040000000000007,0.39871727761182274,-1.338207186856388,-1.338207186856388,-9.81,0.1,-9.81,0.7
0.9050000000000007,0.9050000000000007,0.39737416542496634,-1.3480171868563882,-1.3480171868563882,-9.81,0.1,-9.81,0.7
0.9060000000000007,0.9060000000000007,0.39602124323811,-1.3578271868563883,-1.3578271868563883,-9.81,0.1,-9.81,0.7
0.9070000000000007,0.9070000000000007,0.39465851105125366,-1.3676371868563884,-1.3676371868563884,-9.81,0.1,-9.81,0.7
0.9080000000000007,0.9080000000000007,0.39328596886439726,-1.3774471868563885,-1.3774471868563885,-9.81,0.1,-9.81,0.7
0.9090000000000007,0.9090000000000007,0.3919036166775409,-1.3872571868563885,-1.3872571868563885,-9.81,0.1,-9.81,0.7
0.9100000000000007,0.9100000000000007,0.39051145449068453,-1.3970671868563886,-1.3970671868563886,-9.81,0.1,-9.81,0.7
0.9110000000000007,0.9110000000000007,0.38910948230382814,-1.4068771868563887,-1.4068771868563887,-9.81,0.1,-9.81,0.7
0.9120000000000007,0.9120000000000007,0.3876977001169717,-1.4166871868563888,-1.4166871868563888,-9.81,0.1,-9.81,0.7
0.9130000000000007,0.9130000000000007,0.3862761079301153,-1.426497186856389,-1.426497186856389,-9.81,0.1,-9.81,0.7
0.9140000000000007,0.9140000000000007,0.3848447057432589,-1.436307186856389,-1.436307186856389,-9.81,0.1,-9.81,0.7
0.9150000000000007,0.9150000000000007,0.38340349355640246,-1.4461171868563891,-1.4461171868563891,-9.81,0.1,-9.81,0.7
0.9160000000000007,0.9160000000000007,0.3819524713695461,-1.4559271868563892,-1.4559271868563892,-9.81,0.1,-9.81,0.7
0.9170000000000007,0.9170000000000007,0.38049163918268963,-1.4657371868563893,-1.4657371868563893,-9.81,0.1,-9.81,0.7
0.9180000000000007,0.9180000000000007,0.37902099699583325,-1.4755471868563894,-1.4755471868563894,-9.81,0.1,-9.81,0.7
0.9190000000000007,0.9190000000000007,0.37754054480897686,-1.4853571868563895,-1.4853571868563895,-9.81,0.1,-9.81,0.7
0.9200000000000007,0.9200000000000007,0.3760502826221204,-1.4951671868563896,-1.4951671868563896,-9.81,0.1,-9.81,0.7
0.9210000000000007,0.9210000000000007,0.37455021043526404,-1.5049771868563897,-1.5049771868563897,-9.81,0.1,-9.81,0.7
0.9220000000000007,0.9220000000000007,0.3730403282484076,-1.5147871868563898,-1.5147871868563898,-9.81,0.1,-9.81,0.7
0.9230000000000007,0.9230000000000007,0.3715206360615512,-1.52459718685639,-1.52459718685639,-9.81,0.1,-9.81,0.7
0.9240000000000007,0.9240000000000007,0.36999113387469484,-1.53440718685639,-1.53440718685639,-9.81,0.1,-9.81,0.7
0.9250000000000007,0.9250000000000007,0.3684518216878384,-1.54421718685639,-1.54421718685639,-9.81,0.1,-9.81,0.7
0.9260000000000007,0.9260000000000007,0.36690269950098203,-1.5540271868563902,-1.5540271868563902,-9.81,0.1,-9.81,0.7
0.9270000000000007,0.9270000000000007,0.3653437673141256,-1.5638371868563903,-1.5638371868563903,-9.81,0.1,-9.81,0.7
0.9280000000000007,0.9280000000000007,0.3637750251272692,-1.5736471868563904,-1.5736471868563904,-9.81,0.1,-9.81,0.7
0.9290000000000007,0.9290000000000007,0.36219647294041285,-1.5834571868563905,-1.5834571868563905,-9.81,0.1,-9.81,0.7
0.9300000000000007,0.9300000000000007,0.3606081107535564,-1.5932671868563906,-1.5932671868563906,-9.81,0.1,-9.81,0.7
0.9310000000000007,0.9310000000000007,0.35900993856670005,-1.6030771868563907,-1.6030771868563907,-9.81,0.1,-9.81,0.7
0.9320000000000007,0.9320000000000007,0.3574019563798436,-1.6128871868563908,-1.6128871868563908,-9.81,0.1,-9.81,0.7
0.9330000000000007,0.9330000000000007,0.35578416419298725,-1.6226971868563909,-1.6226971868563909,-9.81,0.1,-9.81,0.7
0.9340000000000007,0.9340000000000007,0.3541565620061309,-1.632507186856391,-1.632507186856391,-9.81,0.1,-9.81,0.7
0.9350000000000007,0.9350000000000007,0.35251914981927446,-1.642317186856391,-1.642317186856391,-9.81,0.1,-9.81,0.7
0.9360000000000007,0.9360000000000007,0.3508719276324181,-1.6521271868563912,-1.6521271868563912,-9.81,0.1,-9.81,0.7
0.9370000000000007,0.9370000000000007,0.34921489544556167,-1.6619371868563912,-1.6619371868563912,-9.81,0.1,-9.81,0.7
0.9380000000000007,0.9380000000000007,0.3475480532587053,-1.6717471868563913,-1.6717471868563913,-9.81,0.1,-9.81,0.7
0.9390000000000007,0.9390000000000007,0.3458714010718489,-1.6815571868563914,-1.6815571868563914,-9.81,0.1,-9.81,0.7
0.9400000000000007,0.9400000000000007,0.3441849388849925,-1.6913671868563915,-1.6913671868563915,-9.81,0.1,-9.81,0.7
0.9410000000000007,0.9410000000000007,0.34248866669813616,-1.7011771868563916,-1.7011771868563916,-9.81,0.1,-9.81,0.7
0.9420000000000007,0.9420000000000007,0.34078258451127974,-1.7109871868563917,-1.7109871868563917,-9.81,0.1,-9.81,0.7
0.9430000000000007,0.9430000000000007,0.3390666923244234,-1.7207971868563918,-1.7207971868563918,-9.81,0.1,-9.81,0.7
0.9440000000000007,0.9440000000000007,0.33734099013756697,-1.730607186856392,-1.730607186856392,-9.81,0.1,-9.81,0.7
0.9450000000000007,0.9450000000000007,0.3356054779507106,-1.740417186856392,-1.740417186856392,-9.81,0.1,-9.81,0.7
0.9460000000000007,0.9460000000000007,0.33386015576385425,-1.7502271868563921,-1.7502271868563921,-9.81,0.1,-9.81,0.7
0.9470000000000007,0.9470000000000007,0.33210502357699784,-1.7600371868563922,-1.7600371868563922,-9.81,0.1,-9.81,0.7
0.9480000000000007,0.9480000000000007,0.3303400813901415,-1.7698471868563923,-1.7698471868563923,-9.81,0.1,-9.81,0.7
0.9490000000000007,0.9490000000000007,0.3285653292032851,-1.7796571868563924,-1.7796571868563924,-9.81,0.1,-9.81,0.7
0.9500000000000007,0.9500000000000007,0.3267807670164287,-1.7894671868563925,-1.7894671868563925,-9.81,0.1,-9.81,0.7
0.9510000000000007,0.9510000000000007,0.32498639482957237,-1.7992771868563926,-1.7992771868563926,-9.81,0.1,-9.81,0.7
0.9520000000000007,0.9520000000000007,0.32318221264271596,-1.8090871868563927,-1.8090871868563927,-9.81,0.1,-9.81,0.7
0.9530000000000007,0.9530000000000007,0.3213682204558596,-1.8188971868563928,-1.8188971868563928,-9.81,0.1,-9.81,0.7
0.9540000000000007,0.9540000000000007,0.3195444182690032,-1.8287071868563929,-1.8287071868563929,-9.81,0.1,-9.81,0.7
0.9550000000000007,0.9550000000000007,0.31771080608214686,-1.838517186856393,-1.838517186856393,-9.81,0.1,-9.81,0.7
0.9560000000000007,0.9560000000000007,0.3158673838952905,-1.848327186856393,-1.848327186856393,-9.81,0.1,-9.81,0.7
0.9570000000000007,0.9570000000000007,0.3140141517084341,-1.8581371868563932,-1.8581371868563932,-9.81,0.1,-9.81,0.7
0.9580000000000007,0.9580000000000007,0.31215110952157776,-1.8679471868563933,-1.8679471868563933,-9.81,0.1,-9.81,0.7
0.9590000000000007,0.9590000000000007,0.31027825733472136,-1.8777571868563934,-1.8777571868563934,-9.81,0.1,-9.81,0.7
0.9600000000000007,0.9600000000000007,0.308395595147865,-1.8875671868563935,-1.8875671868563935,-9.81,0.1,-9.81,0.7
0.9610000000000007,0.9610000000000007,0.3065031229610086,-1.8973771868563936,-1.8973771868563936,-9.81,0.1,-9.81,0.7
0.9620000000000007,0.9620000000000007,0.30460084077415217,-1.9071871868563937,-1.9071871868563937,-9.81,0.1,-9.81,0.7
0.9630000000000007,0.9630000000000007,0.3026887485872958,-1.9169971868563938,-1.9169971868563938,-9.81,0.1,-9.81,0.7
0.9640000000000007,0.9640000000000007,0.3007668464004393,-1.9268071868563938,-1.9268071868563938,-9.81,0.1,-9.81,0.7
0.9650000000000007,0.9650000000000007,0.29883513421358293,-1.936617186856394,-1.936617186856394,-9.81,0.1,-9.81,0.7
0.9660000000000007,0.9660000000000007,0.2968936120267265,-1.946427186856394,-1.946427186856394,-9.81,0.1,-9.81,0.7
0.9670000000000007,0.9670000000000007,0.2949422798398701,-1.9562371868563941,-1.9562371868563941,-9.81,0.1,-9.81,0.7
0.9680000000000007,0.9680000000000007,0.2929811376530137,-1.9660471868563942,-1.9660471868563942,-9.81,0.1,-9.81,0.7
0.9690000000000007,0.9690000000000007,0.29101018546615726,-1.9758571868563943,-1.9758571868563943,-9.81,0.1,-9.81,0.7
0.9700000000000008,0.9700000000000008,0.28902942327930087,-1.9856671868563944,-1.9856671868563944,-9.81,0.1,-9.81,0.7
0.9710000000000008,0.9710000000000008,0.2870388510924444,-1.9954771868563945,-1.9954771868563945,-9.81,0.1,-9.81,0.7
0.9720000000000008,0.9720000000000008,0.28503846890558804,-2.0052871868563944,-2.0052871868563944,-9.81,0.1,-9.81,0.7
0.9730000000000008,0.9730000000000008,0.28302827671873165,-2.0150971868563943,-2.0150971868563943,-9.81,0.1,-9.81,0.7
0.9740000000000008,0.9740000000000008,0.2810082745318752,-2.024907186856394,-2.024907186856394,-9.81,0.1,-9.81,0.7
0.9750000000000008,0.9750000000000008,0.27897846234501883,-2.034717186856394,-2.034717186856394,-9.81,0.1,-9.81,0.7
0.9760000000000008,0.9760000000000008,0.2769388401581624,-2.044527186856394,-2.044527186856394,-9.81,0.1,-9.81,0.7
0.9770000000000008,0.9770000000000008,0.274889407971306,-2.0543371868563938,-2.0543371868563938,-9.81,0.1,-9.81,0.7
0.9780000000000008,0.9780000000000008,0.27283016578444963,-2.0641471868563936,-2.0641471868563936,-9.81,0.1,-9.81,0.7
0.9790000000000008,0.9790000000000008,0.2707611135975932,-2.0739571868563935,-2.0739571868563935,-9.81,0.1,-9.81,0.7
0.9800000000000008,0.9800000000000008,0.2686822514107368,-2.0837671868563934,-2.0837671868563934,-9.81,0.1,-9.81,0.7
0.9810000000000008,0.9810000000000008,0.2665935792238804,-2.0935771868563933,-2.0935771868563933,-9.81,0.1,-9.81,0.7
0.9820000000000008,0.9820000000000008,0.264495097037024,-2.103387186856393,-2.103387186856393,-9.81,0.1,-9.81,0.7
0.9830000000000008,0.9830000000000008,0.26238680485016763,-2.113197186856393,-2.113197186856393,-9.81,0.1,-9.81,0.7
0.9840000000000008,0.9840000000000008,0.2602687026633112,-2.123007186856393,-2.123007186856393,-9.81,0.1,-9.81,0.7
0.9850000000000008,0.9850000000000008,0.25814079047645483,-2.1328171868563928,-2.1328171868563928,-9.81,0.1,-9.81,0.7
0.9860000000000008,0.9860000000000008,0.2560030682895984,-2.1426271868563926,-2.1426271868563926,-9.81,0.1,-9.81,0.7
0.9870000000000008,0.9870000000000008,0.25385553610274203,-2.1524371868563925,-2.1524371868563925,-9.81,0.1,-9.81,0.7
0.9880000000000008,0.9880000000000008,0.2516981939158856,-2.1622471868563924,-2.1622471868563924,-9.81,0.1,-9.81,0.7
0.9890000000000008,0.9890000000000008,0.24953104172902923,-2.1720571868563923,-2.1720571868563923,-9.81,0.1,-9.81,0.7
0.9900000000000008,0.9900000000000008,0.24735407954217284,-2.181867186856392,-2.181867186856392,-9.81,0.1,-9.81,0.7
0.9910000000000008,0.9910000000000008,0.24516730735531647,-2.191677186856392,-2.191677186856392,-9.81,0.1,-9.81,0.7
0.9920000000000008,0.9920000000000008,0.24297072516846008,-2.201487186856392,-2.201487186856392,-9.81,0.1,-9.81,0.7
0.9930000000000008,0.9930000000000008,0.24076433298160368,-2.2112971868563918,-2.2112971868563918,-9.81,0.1,-9.81,0.7
0.9940000000000008,0.9940000000000008,0.2385481307947473,-2.2211071868563916,-2.2211071868563916,-9.81,0.1,-9.81,0.7
0.9950000000000008,0.9950000000000008,0.2363221186078909,-2.2309171868563915,-2.2309171868563915,-9.81,0.1,-9.81,0.7
0.9960000000000008,0.9960000000000008,0.2340862964210345,-2.2407271868563914,-2.2407271868563914,-9.81,0.1,-9.81,0.7
0.9970000000000008,0.9970000000000008,0.23184066423417815,-2.2505371868563913,-2.2505371868563913,-9.81,0.1,-9.81,0.7
0.9980000000000008,0.9980000000000008,0.22958522204732176,-2.260347186856391,-2.260347186856391,-9.81,0.1,-9.81,0.7
0.9990000000000008,0.9990000000000008,0.22731996986046538,-2.270157186856391,-2.270157186856391,-9.81,0.1,-9.81,0.7
1.0000000000000007,1.0000000000000007,0.22504490767360924,-2.27996718685639,-2.27996718685639,-9.81,0.1,-9.81,0.7
1.0010000000000006,1.0010000000000006,0.22276003548675288,-2.28977718685639,-2.28977718685639,-9.81,0.1,-9.81,0.7
1.0020000000000004,1.0020000000000004,0.2204653532998965,-2.2995871868563897,-2.2995871868563897,-9.81,0.1,-9.81,0.7
1.0030000000000003,1.0030000000000003,0.21816086111304012,-2.3093971868563896,-2.3093971868563896,-9.81,0.1,-9.81,0.7
1.0040000000000002,1.0040000000000002,0.21584655892618373,-2.3192071868563895,-2.3192071868563895,-9.81,0.1,-9.81,0.7
1.0050000000000001,1.0050000000000001,0.21352244673932733,-2.3290171868563894,-2.3290171868563894,-9.81,0.1,-9.81,0.7
1.006,1.006,0.21118852455247095,-2.3388271868563892,-2.3388271868563892,-9.81,0.1,-9.81,0.7
1.007,1.007,0.20884479236561454,-2.348637186856389,-2.348637186856389,-9.81,0.1,-9.81,0.7
1.0079999999999998,1.0079999999999998,0.20649125017875813,-2.358447186856389,-2.358447186856389,-9.81,0.1,-9.81,0.7
1.0089999999999997,1.0089999999999997,0.20412789799190173,-2.368257186856389,-2.368257186856389,-9.81,0.1,-9.81,0.7
1.0099999999999996,1.0099999999999996,0.20175473580504533,-2.3780671868563887,-2.3780671868563887,-9.81,0.1,-9.81,0.7
1.0109999999999995,1.0109999999999995,0.19937176361818895,-2.3878771868563886,-2.3878771868563886,-9.81,0.1,-9.81,0.7
1.0119999999999993,1.0119999999999993,0.19697898143133255,-2.3976871868563885,-2.3976871868563885,-9.81,0.1,-9.81,0.7
1.0129999999999992,1.0129999999999992,0.19457638924447615,-2.4074971868563884,-2.4074971868563884,-9.81,0.1,-9.81,0.7
1.0139999999999991,1.0139999999999991,0.19216398705761975,-2.4173071868563882,-2.4173071868563882,-9.81,0.1,-9.81,0.7
1.014999999999999,1.014999999999999,0.18974177487076338,-2.427117186856388,-2.427117186856388,-9.81,0.1,-9.81,0.7
1.015999999999999,1.015999999999999,0.18730975268390698,-2.436927186856388,-2.436927186856388,-9.81,0.1,-9.81,0.7
1.0169999999999988,1.0169999999999988,0.1848679204970506,-2.446737186856388,-2.446737186856388,-9.81,0.1,-9.81,0.7
1.0179999999999987,1.0179999999999987,0.1824162783101942,-2.4565471868563877,-2.4565471868563877,-9.81,0.1,-9.81,0.7
1.0189999999999986,1.0189999999999986,0.1799548261233378,-2.4663571868563876,-2.4663571868563876,-9.81,0.1,-9.81,0.7
1.0199999999999985,1.0199999999999985,0.17748356393648143,-2.4761671868563875,-2.4761671868563875,-9.81,0.1,-9.81,0.7
1.0209999999999984,1.0209999999999984,0.17500249174962504,-2.4859771868563874,-2.4859771868563874,-9.81,0.1,-9.81,0.7
1.0219999999999982,1.0219999999999982,0.17251160956276865,-2.4957871868563872,-2.4957871868563872,-9.81,0.1,-9.81,0.7
1.0229999999999981,1.0229999999999981,0.17001091737591226,-2.505597186856387,-2.505597186856387,-9.81,0.1,-9.81,0.7
1.023999999999998,1.023999999999998,0.1675004151890559,-2.515407186856387,-2.515407186856387,-9.81,0.1,-9.81,0.7
1.024999999999998,1.024999999999998,0.1649801030021995,-2.525217186856387,-2.525217186856387,-9.81,0.1,-9.81,0.7
1.0259999999999978,1.0259999999999978,0.16244998081534312,-2.5350271868563867,-2.5350271868563867,-9.81,0.1,-9.81,0.7
1.0269999999999977,1.0269999999999977,0.15991004862848673,-2.5448371868563866,-2.5448371868563866,-9.81,0.1,-9.81,0.7
1.0279999999999976,1.0279999999999976,0.15736030644163035,-2.5546471868563865,-2.5546471868563865,-9.81,0.1,-9.81,0.7
1.0289999999999975,1.0289999999999975,0.154800754254774,-2.5644571868563864,-2.5644571868563864,-9.81,0.1,-9.81,0.7
1.0299999999999974,1.0299999999999974,0.1522313920679176,-2.5742671868563862,-2.5742671868563862,-9.81,0.1,-9.81,0.7
1.0309999999999973,1.0309999999999973,0.14965221988106123,-2.584077186856386,-2.584077186856386,-9.81,0.1,-9.81,0.7
1.0319999999999971,1.0319999999999971,0.14706323769420485,-2.593887186856386,-2.593887186856386,-9.81,0.1,-9.81,0.7
1.032999999999997,1.032999999999997,0.1444644455073485,-2.603697186856386,-2.603697186856386,-9.81,0.1,-9.81,0.7
1.033999999999997,1.033999999999997,0.14185584332049211,-2.6135071868563857,-2.6135071868563857,-9.81,0.1,-9.81,0.7
1.0349999999999968,1.0349999999999968,0.1392374311336357,-2.6233171868563856,-2.6233171868563856,-9.81,0.1,-9.81,0.7
1.0359999999999967,1.0359999999999967,0.1366092089467793,-2.6331271868563855,-2.6331271868563855,-9.81,0.1,-9.81,0.7
1.0369999999999966,1.0369999999999966,0.1339711767599229,-2.6429371868563853,-2.6429371868563853,-9.81,0.1,-9.81,0.7
1.0379999999999965,1.0379999999999965,0.13132333457306652,-2.652747186856385,-2.652747186856385,-9.81,0.1,-9.81,0.7
1.0389999999999964,1.0389999999999964,0.12866568238621012,-2.662557186856385,-2.662557186856385,-9.81,0.1,-9.81,0.7
1.0399999999999963,1.0399999999999963,0.12599822019935372,-2.672367186856385,-2.672367186856385,-9.81,0.1,-9.81,0.7
1.0409999999999962,1.0409999999999962,0.12332094801249735,-2.682177186856385,-2.682177186856385,-9.81,0.1,-9.81,0.7
1.041999999999996,1.041999999999996,0.12063386582564097,-2.6919871868563847,-2.6919871868563847,-9.81,0.1,-9.81,0.7
1.042999999999996,1.042999999999996,0.11793697363878458,-2.7017971868563846,-2.7017971868563846,-9.81,0.1,-9.81,0.7
1.0439999999999958,1.0439999999999958,0.11523027145192818,-2.7116071868563845,-2.7116071868563845,-9.81,0.1,-9.81,0.7
1.0449999999999957,1.0449999999999957,0.1125137592650718,-2.7214171868563843,-2.7214171868563843,-9.81,0.1,-9.81,0.7
1.0459999999999956,1.0459999999999956,0.10978743707821541,-2.731227186856384,-2.731227186856384,-9.81,0.1,-9.81,0.7
1.0469999999999955,1.0469999999999955,0.10705130489135901,-2.741037186856384,-2.741037186856384,-9.81,0.1,-9.81,0.7
1.0479999999999954,1.0479999999999954,0.10430536270450264,-2.750847186856384,-2.750847186856384,-9.81,0.1,-9.81,0.7
1.0489999999999953,1.0489999999999953,0.10154961051764624,-2.760657186856384,-2.760657186856384,-9.81,0.1,-9.81,0.7
1.0499999999999952,1.0499999999999952,0.09878404833078987,-2.7704671868563837,-2.7704671868563837,-9.81,0.1,-9.81,0.7
1.050999999999995,1.050999999999995,0.09600867614393348,-2.7802771868563836,-2.7802771868563836,-9.81,0.1,-9.81,0.7
1.051999999999995,1.051999999999995,0.0932234939570771,-2.7900871868563835,-2.7900871868563835,-9.81,0.1,-9.81,0.7
1.0529999999999948,1.0529999999999948,0.09042850177022072,-2.7998971868563833,-2.7998971868563833,-9.81,0.1,-9.81,0.7
1.0539999999999947,1.0539999999999947,0.08762369958336434,-2.809707186856383,-2.809707186856383,-9.81,0.1,-9.81,0.7
1.0549999999999946,1.0549999999999946,0.08480908739650796,-2.819517186856383,-2.819517186856383,-9.81,0.1,-9.81,0.7
1.0559999999999945,1.0559999999999945,0.08198466520965157,-2.829327186856383,-2.829327186856383,-9.81,0.1,-9.81,0.7
1.0569999999999944,1.0569999999999944,0.0791504330227952,-2.839137186856383,-2.839137186856383,-9.81,0.1,-9.81,0.7
1.0579999999999943,1.0579999999999943,0.07630639083593882,-2.8489471868563827,-2.8489471868563827,-9.81,0.1,-9.81,0.7
1.0589999999999942,1.0589999999999942,0.07345253864908245,-2.8587571868563826,-2.8587571868563826,-9.81,0.1,-9.81,0.7
1.059999999999994,1.059999999999994,0.07058887646222606,-2.8685671868563825,-2.8685671868563825,-9.81,0.1,-9.81,0.7
1.060999999999994,1.060999999999994,0.06771540427536968,-2.8783771868563823,-2.8783771868563823,-9.81,0.1,-9.81,0.7
1.0619999999999938,1.0619999999999938,0.06483212208851329,-2.888187186856382,-2.888187186856382,-9.81,0.1,-9.81,0.7
1.0629999999999937,1.0629999999999937,0.0619390299016569,-2.897997186856382,-2.897997186856382,-9.81,0.1,-9.81,0.7
1.0639999999999936,1.0639999999999936,0.05903612771480052,-2.907807186856382,-2.907807186856382,-9.81,0.1,-9.81,0.7
1.0649999999999935,1.0649999999999935,0.056123415527944136,-2.917617186856382,-2.917617186856382,-9.81,0.1,-9.81,0.7
1.0659999999999934,1.0659999999999934,0.053200893341087754,-2.9274271868563817,-2.9274271868563817,-9.81,0.1,-9.81,0.7
1.0669999999999933,1.0669999999999933,0.050268561154231374,-2.9372371868563816,-2.9372371868563816,-9.81,0.1,-9.81,0.7
1.0679999999999932,1.0679999999999932,0.04732641896737499,-2.9470471868563815,-2.9470471868563815,-9.81,0.1,-9.81,0.7
1.068999999999993,1.068999999999993,0.04437446678051861,-2.9568571868563813,-2.9568571868563813,-9.81,0.1,-9.81,0.7
1.069999999999993,1.069999999999993,0.04141270459366223,-2.966667186856381,-2.966667186856381,-9.81,0.1,-9.81,0.7
1.0709999999999928,1.0709999999999928,0.03844113240680585,-2.976477186856381,-2.976477186856381,-9.81,0.1,-9.81,0.7
1.0719999999999927,1.0719999999999927,0.03545975021994947,-2.986287186856381,-2.986287186856381,-9.81,0.1,-9.81,0.7
1.0729999999999926,1.0729999999999926,0.032468558033093085,-2.996097186856381,-2.996097186856381,-9.81,0.1,-9.81,0.7
1.0739999999999925,1.0739999999999925,0.029467555846236705,-3.0059071868563807,-3.0059071868563807,-9.81,0.1,-9.81,0.7
1.0749999999999924,1.0749999999999924,0.026456743659380322,-3.0157171868563806,-3.0157171868563806,-9.81,0.1,-9.81,0.7
1.0759999999999923,1.0759999999999923,0.023436121472523944,-3.0255271868563804,-3.0255271868563804,-9.81,0.1,-9.81,0.7
1.0769999999999922,1.0769999999999922,0.020405689285667564,-3.0353371868563803,-3.0353371868563803,-9.81,0.1,-9.81,0.7
1.077999999999992,1.077999999999992,0.017365447098811184,-3.04514718685638,-3.04514718685638,-9.81,0.1,-9.81,0.7
1.078999999999992,1.078999999999992,0.014315394911954804,-3.05495718685638,-3.05495718685638,-9.81,0.1,-9.81,0.7
1.0799999999999919,1.0799999999999919,0.011255532725098424,-3.06476718685638,-3.06476718685638,-9.81,0.1,-9.81,0.7
1.0809999999999917,1.0809999999999917,0.008185860538242044,-3.07457718685638,-3.07457718685638,-9.81,0.1,-9.81,0.7
1.0819999999999916,1.0819999999999916,0.0051063783513856644,-3.0843871868563797,-3.0843871868563797,-9.81,0.1,-9.81,0.7
1.0829999999999915,1.0829999999999915,0.002017086164529285,-3.0941971868563796,-3.0941971868563796,-9.81,0.1,-9.81,0.7
1.0836512209428373,1.0836512209428373,-2.936019483090746e-16,-3.1005856643056973,-3.1005856643056973,-9.81,0.1,-9.81,0.7
1.0839999999999914,1.0839999999999914,0.0007546267381148959,2.166988442463305,2.166988442463305,-9.81,0.1,-9.81,0.7
1.0849999999999913,1.0849999999999913,0.0029146181288841975,2.157178442463305,2.157178442463305,-9.81,0.1,-9.81,0.7
1.0859999999999912,1.0859999999999912,0.005066102164264987,2.1473684424633053,2.1473684424633053,-9.81,0.1,-9.81,0.7
1.086999999999991,1.086999999999991,0.007208287588151453,2.1375584424633054,2.1375584424633054,-9.81,0.1,-9.81,0.7
1.087999999999991,1.087999999999991,0.009340842107596208,2.1277484424633055,2.1277484424633055,-9.81,0.1,-9.81,0.7
1.0889999999999909,1.0889999999999909,0.011463650406722307,2.1179384424633056,2.1179384424633056,-9.81,0.1,-9.81,0.7
1.0899999999999908,1.0899999999999908,0.013576671361225215,2.1081284424633058,2.1081284424633058,-9.81,0.1,-9.81,0.7
1.0909999999999906,1.0909999999999906,0.01567989036633116,2.098318442463306,2.098318442463306,-9.81,0.1,-9.81,0.7
1.0919999999999905,1.0919999999999905,0.017773302232055976,2.088508442463306,2.088508442463306,-9.81,0.1,-9.81,0.7
1.0929999999999904,1.0929999999999904,0.019856905114252883,2.078698442463306,2.078698442463306,-9.81,0.1,-9.81,0.7
1.0939999999999903,1.0939999999999903,0.021930698357635316,2.0688884424633063,2.0688884424633063,-9.81,0.1,-9.81,0.7
1.0949999999999902,1.0949999999999902,0.023994681729358716,2.0590784424633064,2.0590784424633064,-9.81,0.1,-9.81,0.7
1.09599999999999,1.09599999999999,0.026048855146685836,2.0492684424633065,2.0492684424633065,-9.81,0.1,-9.81,0.7
1.09699999999999,1.09699999999999,0.028093218580217436,2.0394584424633067,2.0394584424633067,-9.81,0.1,-9.81,0.7
1.0979999999999899,1.0979999999999899,0.03012777201950702,2.029648442463307,2.029648442463307,-9.81,0.1,-9.81,0.7
1.0989999999999898,1.0989999999999898,0.0321525154608426,2.019838442463307,2.019838442463307,-9.81,0.1,-9.81,0.7
1.0999999999999897,1.0999999999999897,0.03416744890290519,2.010028442463307,2.010028442463307,-9.81,0.1,-9.81,0.7
1.1009999999999895,1.1009999999999895,0.036172572345226105,2.0002184424633067,2.0002184424633067,-9.81,0.1,-9.81,0.7
1.1019999999999894,1.1019999999999894,0.038167885787638814,1.9904084424633066,1.9904084424633066,-9.81,0.1,-9.81,0.7
1.1029999999999893,1.1029999999999893,0.04015338923008415,1.9805984424633065,1.9805984424633065,-9.81,0.1,-9.81,0.7
1.1039999999999892,1.1039999999999892,0.04212908267254124,1.9707884424633064,1.9707884424633064,-9.81,0.1,-9.81,0.7
1.104999999999989,1.104999999999989,0.044094966115002576,1.9609784424633063,1.9609784424633063,-9.81,0.1,-9.81,0.7
1.105999999999989,1.105999999999989,0.04605103955746523,1.9511684424633062,1.9511684424633062,-9.81,0.1,-9.81,0.7
1.1069999999999889,1.1069999999999889,0.04799730299992832,1.9413584424633061,1.9413584424633061,-9.81,0.1,-9.81,0.7
1.1079999999999888,1.1079999999999888,0.04993375644239155,1.931548442463306,1.931548442463306,-9.81,0.1,-9.81,0.7
1.1089999999999887,1.1089999999999887,0.05186039988485483,1.921738442463306,1.921738442463306,-9.81,0.1,-9.81,0.7
1.1099999999999886,1.1099999999999886,0.053777233327318125,1.9119284424633058,1.9119284424633058,-9.81,0.1,-9.81,0.7
1.1109999999999884,1.1109999999999884,0.05568425676978143,1.9021184424633057,1.9021184424633057,-9.81,0.1,-9.81,0.7
1.1119999999999883,1.1119999999999883,0.05758147021224474,1.8923084424633057,1.8923084424633057,-9.81,0.1,-9.81,0.7
1.1129999999999882,1.1129999999999882,0.05946887365470804,1.8824984424633056,1.8824984424633056,-9.81,0.1,-9.81,0.7
1.113999999999988,1.113999999999988,0.06134646709717135,1.8726884424633055,1.8726884424633055,-9.81,0.1,-9.81,0.7
1.114999999999988,1.114999999999988,0.06321425053963466,1.8628784424633054,1.8628784424633054,-9.81,0.1,-9.81,0.7
1.115999999999988,1.115999999999988,0.06507222398209797,1.8530684424633053,1.8530684424633053,-9.81,0.1,-9.81,0.7
1.1169999999999878,1.1169999999999878,0.06692038742456127,1.8432584424633052,1.8432584424633052,-9.81,0.1,-9.81,0.7
1.1179999999999877,1.1179999999999877,0.06875874086702459,1.833448442463305,1.833448442463305,-9.81,0.1,-9.81,0.7
1.1189999999999876,1.1189999999999876,0.0705872843094879,1.823638442463305,1.823638442463305,-9.81,0.1,-9.81,0.7
1.1199999999999875,1.1199999999999875,0.07240601775195121,1.8138284424633049,1.8138284424633049,-9.81,0.1,-9.81,0.7
1.1209999999999873,1.1209999999999873,0.0742149411944145,1.8040184424633048,1.8040184424633048,-9.81,0.1,-9.81,0.7
1.1219999999999872,1.1219999999999872,0.07601405463687781,1.7942084424633047,1.7942084424633047,-9.81,0.1,-9.81,0.7
1.1229999999999871,1.1229999999999871,0.0778033580793411,1.7843984424633046,1.7843984424633046,-9.81,0.1,-9.81,0.7
1.123999999999987,1.123999999999987,0.07958285152180442,1.7745884424633045,1.7745884424633045,-9.81,0.1,-9.81,0.7
1.124999999999987,1.124999999999987,0.08135253496426771,1.7647784424633044,1.7647784424633044,-9.81,0.1,-9.81,0.7
1.1259999999999868,1.1259999999999868,0.08311240840673102,1.7549684424633043,1.7549684424633043,-9.81,0.1,-9.81,0.7
1.1269999999999867,1.1269999999999867,0.08486247184919432,1.7451584424633042,1.7451584424633042,-9.81,0.1,-9.81,0.7
1.1279999999999866,1.1279999999999866,0.08660272529165763,1.735348442463304,1.735348442463304,-9.81,0.1,-9.81,0.7
1.1289999999999865,1.1289999999999865,0.08833316873412093,1.725538442463304,1.725538442463304,-9.81,0.1,-9.81,0.7
1.1299999999999863,1.1299999999999863,0.09005380217658425,1.715728442463304,1.715728442463304,-9.81,0.1,-9.81,0.7
1.1309999999999862,1.1309999999999862,0.09176462561904755,1.7059184424633038,1.7059184424633038,-9.81,0.1,-9.81,0.7
1.1319999999999861,1.1319999999999861,0.09346563906151087,1.6961084424633037,1.6961084424633037,-9.81,0.1,-9.81,0.7
1.132999999999986,1.132999999999986,0.09515684250397417,1.6862984424633036,1.6862984424633036,-9.81,0.1,-9.81,0.7
1.133999999999986,1.133999999999986,0.09683823594643746,1.6764884424633035,1.6764884424633035,-9.81,0.1,-9.81,0.7
1.1349999999999858,1.1349999999999858,0.09850981938890077,1.6666784424633034,1.6666784424633034,-9.81,0.1,-9.81,0.7
1.1359999999999857,1.1359999999999857,0.10017159283136406,1.6568684424633033,1.6568684424633033,-9.81,0.1,-9.81,0.7
1.1369999999999856,1.1369999999999856,0.10182355627382737,1.6470584424633032,1.6470584424633032,-9.81,0.1,-9.81,0.7
1.1379999999999855,1.1379999999999855,0.10346570971629067,1.6372484424633031,1.6372484424633031,-9.81,0.1,-9.81,0.7
1.1389999999999854,1.1389999999999854,0.10509805315875398,1.627438442463303,1.627438442463303,-9.81,0.1,-9.81,0.7
1.1399999999999852,1.1399999999999852,0.10672058660121728,1.617628442463303,1.617628442463303,-9.81,0.1,-9.81,0.7
1.1409999999999851,1.1409999999999851,0.10833331004368059,1.6078184424633029,1.6078184424633029,-9.81,0.1,-9.81,0.7
1.141999999999985,1.141999999999985,0.10993622348614389,1.5980084424633028,1.5980084424633028,-9.81,0.1,-9.81,0.7
1.142999999999985,1.142999999999985,0.1115293269286072,1.5881984424633027,1.5881984424633027,-9.81,0.1,-9.81,0.7
1.1439999999999848,1.1439999999999848,0.1131126203710705,1.5783884424633026,1.5783884424633026,-9.81,0.1,-9.81,0.7
1.1449999999999847,1.1449999999999847,0.11468610381353381,1.5685784424633025,1.5685784424633025,-9.81,0.1,-9.81,0.7
1.1459999999999846,1.1459999999999846,0.1162497772559971,1.5587684424633024,1.5587684424633024,-9.81,0.1,-9.81,0.7
1.1469999999999845,1.1469999999999845,0.1178036406984604,1.5489584424633023,1.5489584424633023,-9.81,0.1,-9.81,0.7
1.1479999999999844,1.1479999999999844,0.1193476941409237,1.5391484424633022,1.5391484424633022,-9.81,0.1,-9.81,0.7
1.1489999999999843,1.1489999999999843,0.120881937583387,1.529338442463302,1.529338442463302,-9.81,0.1,-9.81,0.7
1.1499999999999841,1.1499999999999841,0.1224063710258503,1.519528442463302,1.519528442463302,-9.81,0.1,-9.81,0.7
1.150999999999984,1.150999999999984,0.1239209944683136,1.509718442463302,1.509718442463302,-9.81,0.1,-9.81,0.7
1.151999999999984,1.151999999999984,0.1254258079107769,1.4999084424633018,1.4999084424633018,-9.81,0.1,-9.81,0.7
1.1529999999999838,1.1529999999999838,0.1269208113532402,1.4900984424633017,1.4900984424633017,-9.81,0.1,-9.81,0.7
1.1539999999999837,1.1539999999999837,0.12840600479570352,1.4802884424633016,1.4802884424633016,-9.81,0.1,-9.81,0.7
1.1549999999999836,1.1549999999999836,0.12988138823816683,1.4704784424633015,1.4704784424633015,-9.81,0.1,-9.81,0.7
1.1559999999999835,1.1559999999999835,0.13134696168063012,1.4606684424633014,1.4606684424633014,-9.81,0.1,-9.81,0.7
1.1569999999999834,1.1569999999999834,0.13280272512309343,1.4508584424633013,1.4508584424633013,-9.81,0.1,-9.81,0.7
1.1579999999999833,1.1579999999999833,0.13424867856555675,1.4410484424633012,1.4410484424633012,-9.81,0.1,-9.81,0.7
1.1589999999999832,1.1589999999999832,0.13568482200802007,1.4312384424633011,1.4312384424633011,-9.81,0.1,-9.81,0.7
1.159999999999983,1.159999999999983,0.13711115545048336,1.421428442463301,1.421428442463301,-9.81,0.1,-9.81,0.7
1.160999999999983,1.160999999999983,0.13852767889294668,1.411618442463301,1.411618442463301,-9.81,0.1,-9.81,0.7
1.1619999999999828,1.1619999999999828,0.13993439233541,1.4018084424633008,1.4018084424633008,-9.81,0.1,-9.81,0.7
1.1629999999999827,1.1629999999999827,0.14133129577787332,1.3919984424633007,1.3919984424633007,-9.81,0.1,-9.81,0.7
1.1639999999999826,1.1639999999999826,0.14271838922033658,1.3821884424633006,1.3821884424633006,-9.81,0.1,-9.81,0.7
1.1649999999999825,1.1649999999999825,0.14409567266279988,1.3723784424633005,1.3723784424633005,-9.81,0.1,-9.81,0.7
1.1659999999999824,1.1659999999999824,0.14546314610526317,1.3625684424633004,1.3625684424633004,-9.81,0.1,-9.81,0.7
1.1669999999999823,1.1669999999999823,0.14682080954772647,1.3527584424633003,1.3527584424633003,-9.81,0.1,-9.81,0.7
1.1679999999999822,1.1679999999999822,0.14816866299018974,1.3429484424633003,1.3429484424633003,-9.81,0.1,-9.81,0.7
1.168999999999982,1.168999999999982,0.14950670643265304,1.3331384424633002,1.3331384424633002,-9.81,0.1,-9.81,0.7
1.169999999999982,1.169999999999982,0.15083493987511634,1.3233284424633,1.3233284424633,-9.81,0.1,-9.81,0.7
1.1709999999999818,1.1709999999999818,0.15215336331757964,1.3135184424633,1.3135184424633,-9.81,0.1,-9.81,0.7
1.1719999999999817,1.1719999999999817,0.15346197676004295,1.3037084424632999,1.3037084424632999,-9.81,0.1,-9.81,0.7
1.1729999999999816,1.1729999999999816,0.15476078020250622,1.2938984424632998,1.2938984424632998,-9.81,0.1,-9.81,0.7
1.1739999999999815,1.1739999999999815,0.15604977364496952,1.2840884424632997,1.2840884424632997,-9.81,0.1,-9.81,0.7
1.1749999999999814,1.1749999999999814,0.15732895708743283,1.2742784424632996,1.2742784424632996,-9.81,0.1,-9.81,0.7
1.1759999999999813,1.1759999999999813,0.15859833052989614,1.2644684424632995,1.2644684424632995,-9.81,0.1,-9.81,0.7
1.1769999999999812,1.1769999999999812,0.15985789397235942,1.2546584424632994,1.2546584424632994,-9.81,0.1,-9.81,0.7
1.177999999999981,1.177999999999981,0.16110764741482272,1.2448484424632993,1.2448484424632993,-9.81,0.1,-9.81,0.7
1.178999999999981,1.178999999999981,0.16234759085728603,1.2350384424632992,1.2350384424632992,-9.81,0.1,-9.81,0.7
1.1799999999999808,1.1799999999999808,0.16357772429974934,1.225228442463299,1.225228442463299,-9.81,0.1,-9.81,0.7
1.1809999999999807,1.1809999999999807,0.16479804774221263,1.215418442463299,1.215418442463299,-9.81,0.1,-9.81,0.7
1.1819999999999806,1.1819999999999806,0.16600856118467594,1.205608442463299,1.205608442463299,-9.81,0.1,-9.81,0.7
1.1829999999999805,1.1829999999999805,0.16720926462713925,1.1957984424632988,1.1957984424632988,-9.81,0.1,-9.81,0.7
1.1839999999999804,1.1839999999999804,0.16840015806960257,1.1859884424632987,1.1859884424632987,-9.81,0.1,-9.81,0.7
1.1849999999999803,1.1849999999999803,0.16958124151206586,1.1761784424632986,1.1761784424632986,-9.81,0.1,-9.81,0.7
1.1859999999999802,1.1859999999999802,0.17075251495452917,1.1663684424632985,1.1663684424632985,-9.81,0.1,-9.81,0.7
1.18699999999998,1.18699999999998,0.1719139783969925,1.1565584424632984,1.1565584424632984,-9.81,0.1,-9.81,0.7
1.18799999999998,1.18799999999998,0.1730656318394558,1.1467484424632983,1.1467484424632983,-9.81,0.1,-9.81,0.7
1.1889999999999799,1.1889999999999799,0.17420747528191907,1.1369384424632982,1.1369384424632982,-9.81,0.1,-9.81,0.7
1.1899999999999797,1.1899999999999797,0.17533950872438236,1.1271284424632981,1.1271284424632981,-9.81,0.1,-9.81,0.7
1.1909999999999796,1.1909999999999796,0.17646173216684566,1.117318442463298,1.117318442463298,-9.81,0.1,-9.81,0.7
1.1919999999999795,1.1919999999999795,0.17757414560930895,1.107508442463298,1.107508442463298,-9.81,0.1,-9.81,0.7
1.1929999999999794,1.1929999999999794,0.17867674905177225,1.0976984424632978,1.0976984424632978,-9.81,0.1,-9.81,0.7
1.1939999999999793,1.1939999999999793,0.17976954249423552,1.0878884424632977,1.0878884424632977,-9.81,0.1,-9.81,0.7
1.1949999999999792,1.1949999999999792,0.18085252593669882,1.0780784424632976,1.0780784424632976,-9.81,0.1,-9.81,0.7
1.195999999999979,1.195999999999979,0.18192569937916211,1.0682684424632976,1.0682684424632976,-9.81,0.1,-9.81,0.7
1.196999999999979,1.196999999999979,0.18298906282162541,1.0584584424632975,1.0584584424632975,-9.81,0.1,-9.81,0.7
1.1979999999999789,1.1979999999999789,0.1840426162640887,1.0486484424632974,1.0486484424632974,-9.81,0.1,-9.81,0.7
1.1989999999999787,1.1989999999999787,0.185086359706552,1.0388384424632973,1.0388384424632973,-9.81,0.1,-9.81,0.7
1.1999999999999786,1.1999999999999786,0.1861202931490153,1.0290284424632972,1.0290284424632972,-9.81,0.1,-9.81,0.7
1.2009999999999785,1.2009999999999785,0.1871444165914786,1.019218442463297,1.019218442463297,-9.81,0.1,-9.81,0.7
1.2019999999999784,1.2019999999999784,0.18815873003394187,1.009408442463297,1.009408442463297,-9.81,0.1,-9.81,0.7
1.2029999999999783,1.2029999999999783,0.18916323347640518,0.999598442463297,0.999598442463297,-9.81,0.1,-9.81,0.7
1.2039999999999782,1.2039999999999782,0.1901579269188685,0.989788442463297,0.989788442463297,-9.81,0.1,-9.81,0.7
1.204999999999978,1.204999999999978,0.1911428103613318,0.979978442463297,0.979978442463297,-9.81,0.1,-9.81,0.7
1.205999999999978,1.205999999999978,0.19211788380379508,0.970168442463297,0.970168442463297,-9.81,0.1,-9.81,0.7
1.2069999999999779,1.2069999999999779,0.19308314724625839,0.960358442463297,0.960358442463297,-9.81,0.1,-9.81,0.7
1.2079999999999778,1.2079999999999778,0.1940386006887217,0.9505484424632971,0.9505484424632971,-9.81,0.1,-9.81,0.7
1.2089999999999776,1.2089999999999776,0.194984244131185,0.9407384424632971,0.9407384424632971,-9.81,0.1,-9.81,0.7
1.2099999999999775,1.2099999999999775,0.1959200775736483,0.9309284424632971,0.9309284424632971,-9.81,0.1,-9.81,0.7
1.2109999999999774,1.2109999999999774,0.1968461010161116,0.9211184424632971,0.9211184424632971,-9.81,0.1,-9.81,0.7
1.2119999999999773,1.2119999999999773,0.19776231445857492,0.9113084424632971,0.9113084424632971,-9.81,0.1,-9.81,0.7
1.2129999999999772,1.2129999999999772,0.19866871790103824,0.9014984424632971,0.9014984424632971,-9.81,0.1,-9.81,0.7
1.213999999999977,1.213999999999977,0.19956531134350156,0.8916884424632971,0.8916884424632971,-9.81,0.1,-9.81,0.7
1.214999999999977,1.214999999999977,0.20045209478596482,0.8818784424632972,0.8818784424632972,-9.81,0.1,-9.81,0.7
1.2159999999999769,1.2159999999999769,0.2013290682284281,0.8720684424632972,0.8720684424632972,-9.81,0.1,-9.81,0.7
1.2169999999999768,1.2169999999999768,0.2021962316708914,0.8622584424632972,0.8622584424632972,-9.81,0.1,-9.81,0.7
1.2179999999999767,1.2179999999999767,0.2030535851133547,0.8524484424632972,0.8524484424632972,-9.81,0.1,-9.81,0.7
1.2189999999999765,1.2189999999999765,0.20390112855581796,0.8426384424632972,0.8426384424632972,-9.81,0.1,-9.81,0.7
1.2199999999999764,1.2199999999999764,0.20473886199828126,0.8328284424632972,0.8328284424632972,-9.81,0.1,-9.81,0.7
1.2209999999999763,1.2209999999999763,0.20556678544074455,0.8230184424632973,0.8230184424632973,-9.81,0.1,-9.81,0.7
1.2219999999999762,1.2219999999999762,0.20638489888320785,0.8132084424632973,0.8132084424632973,-9.81,0.1,-9.81,0.7
1.222999999999976,1.222999999999976,0.20719320232567112,0.8033984424632973,0.8033984424632973,-9.81,0.1,-9.81,0.7
1.223999999999976,1.223999999999976,0.20799169576813442,0.7935884424632973,0.7935884424632973,-9.81,0.1,-9.81,0.7
1.2249999999999759,1.2249999999999759,0.20878037921059772,0.7837784424632973,0.7837784424632973,-9.81,0.1,-9.81,0.7
1.2259999999999758,1.2259999999999758,0.20955925265306102,0.7739684424632973,0.7739684424632973,-9.81,0.1,-9.81,0.7
1.2269999999999757,1.2269999999999757,0.2103283160955243,0.7641584424632973,0.7641584424632973,-9.81,0.1,-9.81,0.7
1.2279999999999756,1.2279999999999756,0.2110875695379876,0.7543484424632974,0.7543484424632974,-9.81,0.1,-9.81,0.7
1.2289999999999754,1.2289999999999754,0.2118370129804509,0.7445384424632974,0.7445384424632974,-9.81,0.1,-9.81,0.7
1.2299999999999753,1.2299999999999753,0.2125766464229142,0.7347284424632974,0.7347284424632974,-9.81,0.1,-9.81,0.7
1.2309999999999752,1.2309999999999752,0.2133064698653775,0.7249184424632974,0.7249184424632974,-9.81,0.1,-9.81,0.7
1.2319999999999751,1.2319999999999751,0.2140264833078408,0.7151084424632974,0.7151084424632974,-9.81,0.1,-9.81,0.7
1.232999999999975,1.232999999999975,0.2147366867503041,0.7052984424632974,0.7052984424632974,-9.81,0.1,-9.81,0.7
1.233999999999975,1.233999999999975,0.21543708019276742,0.6954884424632974,0.6954884424632974,-9.81,0.1,-9.81,0.7
1.2349999999999748,1.2349999999999748,0.2161276636352307,0.6856784424632975,0.6856784424632975,-9.81,0.1,-9.81,0.7
1.2359999999999747,1.2359999999999747,0.216808437077694,0.6758684424632975,0.6758684424632975,-9.81,0.1,-9.81,0.7
1.2369999999999746,1.2369999999999746,0.21747940052015732,0.6660584424632975,0.6660584424632975,-9.81,0.1,-9.81,0.7
1.2379999999999745,1.2379999999999745,0.21814055396262064,0.6562484424632975,0.6562484424632975,-9.81,0.1,-9.81,0.7
1.2389999999999743,1.2389999999999743,0.21879189740508395,0.6464384424632975,0.6464384424632975,-9.81,0.1,-9.81,0.7
1.2399999999999742,1.2399999999999742,0.21943343084754724,0.6366284424632975,0.6366284424632975,-9.81,0.1,-9.81,0.7
1.2409999999999741,1.2409999999999741,0.22006515429001056,0.6268184424632975,0.6268184424632975,-9.81,0.1,-9.81,0.7
1.241999999999974,1.241999999999974,0.22068706773247387,0.6170084424632976,0.6170084424632976,-9.81,0.1,-9.81,0.7
1.242999999999974,1.242999999999974,0.22129917117493716,0.6071984424632976,0.6071984424632976,-9.81,0.1,-9.81,0.7
1.2439999999999738,1.2439999999999738,0.22190146461740043,0.5973884424632976,0.5973884424632976,-9.81,0.1,-9.81,0.7
1.2449999999999737,1.2449999999999737,0.22249394805986372,0.5875784424632976,0.5875784424632976,-9.81,0.1,-9.81,0.7
1.2459999999999736,1.2459999999999736,0.22307662150232702,0.5777684424632976,0.5777684424632976,-9.81,0.1,-9.81,0.7
1.2469999999999735,1.2469999999999735,0.2236494849447903,0.5679584424632976,0.5679584424632976,-9.81,0.1,-9.81,0.7
1.2479999999999734,1.2479999999999734,0.22421253838725358,0.5581484424632976,0.5581484424632976,-9.81,0.1,-9.81,0.7
1.2489999999999732,1.2489999999999732,0.22476578182971688,0.5483384424632977,0.5483384424632977,-9.81,0.1,-9.81,0.7
1.2499999999999731,1.2499999999999731,0.22530921527218017,0.5385284424632977,0.5385284424632977,-9.81,0.1,-9.81,0.7
1.250999999999973,1.250999999999973,0.22584283871464347,0.5287184424632977,0.5287184424632977,-9.81,0.1,-9.81,0.7
1.251999999999973,1.251999999999973,0.22636665215710675,0.5189084424632977,0.5189084424632977,-9.81,0.1,-9.81,0.7
1.2529999999999728,1.2529999999999728,0.22688065559957005,0.5090984424632977,0.5090984424632977,-9.81,0.1,-9.81,0.7
1.2539999999999727,1.2539999999999727,0.22738484904203335,0.4992884424632978,0.4992884424632978,-9.81,0.1,-9.81,0.7
1.2549999999999726,1.2549999999999726,0.22787923248449665,0.4894784424632978,0.4894784424632978,-9.81,0.1,-9.81,0.7
1.2559999999999725,1.2559999999999725,0.22836380592695993,0.4796684424632978,0.4796684424632978,-9.81,0.1,-9.81,0.7
1.2569999999999724,1.2569999999999724,0.22883856936942323,0.46985844246329783,0.46985844246329783,-9.81,0.1,-9.81,0.7
1.2579999999999723,1.2579999999999723,0.22930352281188654,0.46004844246329785,0.46004844246329785,-9.81,0.1,-9.81,0.7
1.2589999999999721,1.2589999999999721,0.22975866625434985,0.45023844246329786,0.45023844246329786,-9.81,0.1,-9.81,0.7
1.259999999999972,1.259999999999972,0.23020399969681316,0.4404284424632979,0.4404284424632979,-9.81,0.1,-9.81,0.7
1.260999999999972,1.260999999999972,0.23063952313927644,0.4306184424632979,0.4306184424632979,-9.81,0.1,-9.81,0.7
1.2619999999999718,1.2619999999999718,0.23106523658173975,0.4208084424632979,0.4208084424632979,-9.81,0.1,-9.81,0.7
1.2629999999999717,1.2629999999999717,0.23148114002420306,0.4109984424632979,0.4109984424632979,-9.81,0.1,-9.81,0.7
1.2639999999999716,1.2639999999999716,0.23188723346666637,0.40118844246329793,0.40118844246329793,-9.81,0.1,-9.81,0.7
1.2649999999999715,1.2649999999999715,0.23228351690912966,0.39137844246329795,0.39137844246329795,-9.81,0.1,-9.81,0.7
1.2659999999999714,1.2659999999999714,0.23266999035159297,0.38156844246329796,0.38156844246329796,-9.81,0.1,-9.81,0.7
1.2669999999999713,1.2669999999999713,0.23304665379405629,0.371758442463298,0.371758442463298,-9.81,0.1,-9.81,0.7
1.2679999999999712,1.2679999999999712,0.2334135072365196,0.361948442463298,0.361948442463298,-9.81,0.1,-9.81,0.7
1.268999999999971,1.268999999999971,0.2337705506789829,0.352138442463298,0.352138442463298,-9.81,0.1,-9.81,0.7
1.269999999999971,1.269999999999971,0.2341177841214462,0.342328442463298,0.342328442463298,-9.81,0.1,-9.81,0.7
1.2709999999999708,1.2709999999999708,0.2344552075639095,0.33251844246329804,0.33251844246329804,-9.81,0.1,-9.81,0.7
1.2719999999999707,1.2719999999999707,0.2347828210063728,0.32270844246329805,0.32270844246329805,-9.81,0.1,-9.81,0.7
1.2729999999999706,1.2729999999999706,0.23510062444883606,0.31289844246329807,0.31289844246329807,-9.81,0.1,-9.81,0.7
1.2739999999999705,1.2739999999999705,0.23540861789129935,0.3030884424632981,0.3030884424632981,-9.81,0.1,-9.81,0.7
1.2749999999999704,1.2749999999999704,0.23570680133376265,0.2932784424632981,0.2932784424632981,-9.81,0.1,-9.81,0.7
1.2759999999999703,1.2759999999999703,0.23599517477622595,0.2834684424632981,0.2834684424632981,-9.81,0.1,-9.81,0.7
1.2769999999999702,1.2769999999999702,0.23627373821868922,0.2736584424632981,0.2736584424632981,-9.81,0.1,-9.81,0.7
1.27799999999997,1.27799999999997,0.23654249166115252,0.26384844246329814,0.26384844246329814,-9.81,0.1,-9.81,0.7
1.27899999999997,1.27899999999997,0.23680143510361581,0.25403844246329815,0.25403844246329815,-9.81,0.1,-9.81,0.7
1.2799999999999698,1.2799999999999698,0.23705056854607912,0.24422844246329814,0.24422844246329814,-9.81,0.1,-9.81,0.7
1.2809999999999697,1.2809999999999697,0.2372898919885424,0.23441844246329813,0.23441844246329813,-9.81,0.1,-9.81,0.7
1.2819999999999696,1.2819999999999696,0.2375194054310057,0.2246084424632981,0.2246084424632981,-9.81,0.1,-9.81,0.7
1.2829999999999695,1.2829999999999695,0.237739108873469,0.2147984424632981,0.2147984424632981,-9.81,0.1,-9.81,0.7
1.2839999999999694,1.2839999999999694,0.2379490023159323,0.2049884424632981,0.2049884424632981,-9.81,0.1,-9.81,0.7
1.2849999999999693,1.2849999999999693,0.2381490857583956,0.19517844246329807,0.19517844246329807,-9.81,0.1,-9.81,0.7
1.2859999999999692,1.2859999999999692,0.23833935920085889,0.18536844246329806,0.18536844246329806,-9.81,0.1,-9.81,0.7
1.286999999999969,1.286999999999969,0.2385198226433222,0.17555844246329805,0.17555844246329805,-9.81,0.1,-9.81,0.7
1.287999999999969,1.287999999999969,0.2386904760857855,0.16574844246329803,0.16574844246329803,-9.81,0.1,-9.81,0.7
1.2889999999999688,1.2889999999999688,0.2388513195282488,0.15593844246329802,0.15593844246329802,-9.81,0.1,-9.81,0.7
1.2899999999999687,1.2899999999999687,0.2390023529707121,0.146128442463298,0.146128442463298,-9.81,0.1,-9.81,0.7
1.2909999999999686,1.2909999999999686,0.2391435764131754,0.136318442463298,0.136318442463298,-9.81,0.1,-9.81,0.7
1.2919999999999685,1.2919999999999685,0.23927498985563872,0.126508442463298,0.126508442463298,-9.81,0.1,-9.81,0.7
1.2929999999999684,1.2929999999999684,0.23939659329810203,0.116698442463298,0.116698442463298,-9.81,0.1,-9.81,0.7
1.2939999999999683,1.2939999999999683,0.23950838674056532,0.106888442463298,0.106888442463298,-9.81,0.1,-9.81,0.7
1.2949999999999682,1.2949999999999682,0.23961037018302864,0.097078442463298,0.097078442463298,-9.81,0.1,-9.81,0.7
1.295999999999968,1.295999999999968,0.23970254362549195,0.087268442463298,0.087268442463298,-9.81,0.1,-9.81,0.7
1.296999999999968,1.296999999999968,0.23978490706795527,0.077458442463298,0.077458442463298,-9.81,0.1,-9.81,0.7
1.2979999999999678,1.2979999999999678,0.23985746051041854,0.067648442463298,0.067648442463298,-9.81,0.1,-9.81,0.7
1.2989999999999677,1.2989999999999677,0.23992020395288183,0.057838442463298,0.057838442463298,-9.81,0.1,-9.81,0.7
1.2999999999999676,1.2999999999999676,0.23997313739534512,0.048028442463298,0.048028442463298,-9.81,0.1,-9.81,0.7
1.3009999999999675,1.3009999999999675,0.24001626083780842,0.038218442463298,0.038218442463298,-9.81,0.1,-9.81,0.7
1.3019999999999674,1.3019999999999674,0.24004957428027168,0.028408442463298007,0.028408442463298007,-9.81,0.1,-9.81,0.7
1.3029999999999673,1.3029999999999673,0.24007307772273498,0.018598442463298007,0.018598442463298007,-9.81,0.1,-9.81,0.7
1.3039999999999672,1.3039999999999672,0.24008677116519828,0.008788442463298008,0.008788442463298008,-9.81,0.1,-9.81,0.7
1.304999999999967,1.304999999999967,0.24009065460766157,-0.0010215575367019934,-0.0010215575367019934,-9.81,0.1,-9.81,0.7
1.305999999999967,1.305999999999967,0.24008472805012487,-0.010831557536701994,-0.010831557536701994,-9.81,0.1,-9.81,0.7
1.3069999999999669,1.3069999999999669,0.24006899149258815,-0.020641557536701997,-0.020641557536701997,-9.81,0.1,-9.81,0.7
1.3079999999999667,1.3079999999999667,0.24004344493505145,-0.030451557536701996,-0.030451557536701996,-9.81,0.1,-9.81,0.7
1.3089999999999666,1.3089999999999666,0.24000808837751475,-0.040261557536702,-0.040261557536702,-9.81,0.1,-9.81,0.7
1.3099999999999665,1.3099999999999665,0.23996292181997805,-0.05007155753670199,-0.05007155753670199,-9.81,0.1,-9.81,0.7
1.3109999999999664,1.3109999999999664,0.23990794526244133,-0.059881557536702004,-0.059881557536702004,-9.81,0.1,-9.81,0.7
1.3119999999999663,1.3119999999999663,0.23984315870490464,-0.069691557536702,-0.069691557536702,-9.81,0.1,-9.81,0.7
1.3129999999999662,1.3129999999999662,0.23976856214736794,-0.079501557536702,-0.079501557536702,-9.81,0.1,-9.81,0.7
1.313999999999966,1.313999999999966,0.23968415558983125,-0.089311557536702,-0.089311557536702,-9.81,0.1,-9.81,0.7
1.314999999999966,1.314999999999966,0.23958993903229453,-0.099121557536702,-0.099121557536702,-9.81,0.1,-9.81,0.7
1.3159999999999659,1.3159999999999659,0.23948591247475784,-0.108931557536702,-0.108931557536702,-9.81,0.1,-9.81,0.7
1.3169999999999658,1.3169999999999658,0.23937207591722115,-0.118741557536702,-0.118741557536702,-9.81,0.1,-9.81,0.7
1.3179999999999656,1.3179999999999656,0.23924842935968446,-0.128551557536702,-0.128551557536702,-9.81,0.1,-9.81,0.7
1.3189999999999655,1.3189999999999655,0.23911497280214775,-0.138361557536702,-0.138361557536702,-9.81,0.1,-9.81,0.7
1.3199999999999654,1.3199999999999654,0.23897170624461106,-0.148171557536702,-0.148171557536702,-9.81,0.1,-9.81,0.7
1.3209999999999653,1.3209999999999653,0.23881862968707437,-0.157981557536702,-0.157981557536702,-9.81,0.1,-9.81,0.7
1.3219999999999652,1.3219999999999652,0.2386557431295377,-0.16779155753670202,-0.16779155753670202,-9.81,0.1,-9.81,0.7
1.322999999999965,1.322999999999965,0.23848304657200098,-0.17760155753670204,-0.17760155753670204,-9.81,0.1,-9.81,0.7
1.323999999999965,1.323999999999965,0.2383005400144643,-0.18741155753670205,-0.18741155753670205,-9.81,0.1,-9.81,0.7
1.3249999999999649,1.3249999999999649,0.2381082234569276,-0.19722155753670206,-0.19722155753670206,-9.81,0.1,-9.81,0.7
1.3259999999999648,1.3259999999999648,0.23790609689939088,-0.20703155753670208,-0.20703155753670208,-9.81,0.1,-9.81,0.7
1.3269999999999647,1.3269999999999647,0.23769416034185417,-0.2168415575367021,-0.2168415575367021,-9.81,0.1,-9.81,0.7
1.3279999999999645,1.3279999999999645,0.23747241378431744,-0.2266515575367021,-0.2266515575367021,-9.81,0.1,-9.81,0.7
1.3289999999999644,1.3289999999999644,0.23724085722678073,-0.23646155753670212,-0.23646155753670212,-9.81,0.1,-9.81,0.7
1.3299999999999643,1.3299999999999643,0.23699949066924403,-0.24627155753670213,-0.24627155753670213,-9.81,0.1,-9.81,0.7
1.3309999999999642,1.3309999999999642,0.23674831411170733,-0.2560815575367021,-0.2560815575367021,-9.81,0.1,-9.81,0.7
1.331999999999964,1.331999999999964,0.2364873275541706,-0.2658915575367021,-0.2658915575367021,-9.81,0.1,-9.81,0.7
1.332999999999964,1.332999999999964,0.2362165309966339,-0.27570155753670206,-0.27570155753670206,-9.81,0.1,-9.81,0.7
1.3339999999999639,1.3339999999999639,0.2359359244390972,-0.28551155753670204,-0.28551155753670204,-9.81,0.1,-9.81,0.7
1.3349999999999638,1.3349999999999638,0.2356455078815605,-0.29532155753670203,-0.29532155753670203,-9.81,0.1,-9.81,0.7
1.3359999999999637,1.3359999999999637,0.23534528132402377,-0.305131557536702,-0.305131557536702,-9.81,0.1,-9.81,0.7
1.3369999999999636,1.3369999999999636,0.23503524476648707,-0.314941557536702,-0.314941557536702,-9.81,0.1,-9.81,0.7
1.3379999999999634,1.3379999999999634,0.23471539820895038,-0.324751557536702,-0.324751557536702,-9.81,0.1,-9.81,0.7
1.3389999999999633,1.3389999999999633,0.23438574165141368,-0.33456155753670197,-0.33456155753670197,-9.81,0.1,-9.81,0.7
1.3399999999999632,1.3399999999999632,0.23404627509387696,-0.34437155753670196,-0.34437155753670196,-9.81,0.1,-9.81,0.7
1.340999999999963,1.340999999999963,0.23369699853634027,-0.35418155753670194,-0.35418155753670194,-9.81,0.1,-9.81,0.7
1.341999999999963,1.341999999999963,0.23333791197880357,-0.3639915575367019,-0.3639915575367019,-9.81,0.1,-9.81,0.7
1.342999999999963,1.342999999999963,0.23296901542126688,-0.3738015575367019,-0.3738015575367019,-9.81,0.1,-9.81,0.7
1.3439999999999628,1.3439999999999628,0.23259030886373017,-0.3836115575367019,-0.3836115575367019,-9.81,0.1,-9.81,0.7
1.3449999999999627,1.3449999999999627,0.23220179230619348,-0.3934215575367019,-0.3934215575367019,-9.81,0.1,-9.81,0.7
1.3459999999999626,1.3459999999999626,0.2318034657486568,-0.40323155753670187,-0.40323155753670187,-9.81,0.1,-9.81,0.7
1.3469999999999624,1.3469999999999624,0.2313953291911201,-0.41304155753670185,-0.41304155753670185,-9.81,0.1,-9.81,0.7
1.3479999999999623,1.3479999999999623,0.2309773826335834,-0.42285155753670184,-0.42285155753670184,-9.81,0.1,-9.81,0.7
1.3489999999999622,1.3489999999999622,0.2305496260760467,-0.4326615575367018,-0.4326615575367018,-9.81,0.1,-9.81,0.7
1.3499999999999621,1.3499999999999621,0.23011205951851002,-0.4424715575367018,-0.4424715575367018,-9.81,0.1,-9.81,0.7
1.350999999999962,1.350999999999962,0.22966468296097334,-0.4522815575367018,-0.4522815575367018,-9.81,0.1,-9.81,0.7
1.351999999999962,1.351999999999962,0.22920749640343666,-0.4620915575367018,-0.4620915575367018,-9.81,0.1,-9.81,0.7
1.3529999999999618,1.3529999999999618,0.22874049984589992,-0.47190155753670177,-0.47190155753670177,-9.81,0.1,-9.81,0.7
1.3539999999999617,1.3539999999999617,0.2282636932883632,-0.48171155753670175,-0.48171155753670175,-9.81,0.1,-9.81,0.7
1.3549999999999616,1.3549999999999616,0.2277770767308265,-0.49152155753670174,-0.49152155753670174,-9.81,0.1,-9.81,0.7
1.3559999999999615,1.3559999999999615,0.2272806501732898,-0.5013315575367018,-0.5013315575367018,-9.81,0.1,-9.81,0.7
1.3569999999999613,1.3569999999999613,0.22677441361575307,-0.5111415575367018,-0.5111415575367018,-9.81,0.1,-9.81,0.7
1.3579999999999612,1.3579999999999612,0.22625836705821636,-0.5209515575367017,-0.5209515575367017,-9.81,0.1,-9.81,0.7
1.3589999999999611,1.3589999999999611,0.22573251050067966,-0.5307615575367017,-0.5307615575367017,-9.81,0.1,-9.81,0.7
1.359999999999961,1.359999999999961,0.22519684394314296,-0.5405715575367017,-0.5405715575367017,-9.81,0.1,-9.81,0.7
1.360999999999961,1.360999999999961,0.22465136738560623,-0.5503815575367017,-0.5503815575367017,-9.81,0.1,-9.81,0.7
1.3619999999999608,1.3619999999999608,0.22409608082806953,-0.5601915575367017,-0.5601915575367017,-9.81,0.1,-9.81,0.7
1.3629999999999607,1.3629999999999607,0.22353098427053283,-0.5700015575367017,-0.5700015575367017,-9.81,0.1,-9.81,0.7
1.3639999999999606,1.3639999999999606,0.22295607771299614,-0.5798115575367017,-0.5798115575367017,-9.81,0.1,-9.81,0.7
1.3649999999999605,1.3649999999999605,0.2223713611554594,-0.5896215575367016,-0.5896215575367016,-9.81,0.1,-9.81,0.7
1.3659999999999604,1.3659999999999604,0.22177683459792272,-0.5994315575367016,-0.5994315575367016,-9.81,0.1,-9.81,0.7
1.3669999999999602,1.3669999999999602,0.22117249804038602,-0.6092415575367016,-0.6092415575367016,-9.81,0.1,-9.81,0.7
1.3679999999999601,1.3679999999999601,0.22055835148284933,-0.6190515575367016,-0.6190515575367016,-9.81,0.1,-9.81,0.7
1.36899999999996,1.36899999999996,0.2199343949253126,-0.6288615575367016,-0.6288615575367016,-9.81,0.1,-9.81,0.7
1.36999999999996,1.36999999999996,0.21930062836777592,-0.6386715575367016,-0.6386715575367016,-9.81,0.1,-9.81,0.7
1.3709999999999598,1.3709999999999598,0.21865705181023923,-0.6484815575367016,-0.6484815575367016,-9.81,0.1,-9.81,0.7
1.3719999999999597,1.3719999999999597,0.21800366525270254,-0.6582915575367015,-0.6582915575367015,-9.81,0.1,-9.81,0.7
1.3729999999999596,1.3729999999999596,0.21734046869516585,-0.6681015575367015,-0.6681015575367015,-9.81,0.1,-9.81,0.7
1.3739999999999595,1.3739999999999595,0.21666746213762914,-0.6779115575367015,-0.6779115575367015,-9.81,0.1,-9.81,0.7
1.3749999999999594,1.3749999999999594,0.21598464558009245,-0.6877215575367015,-0.6877215575367015,-9.81,0.1,-9.81,0.7
1.3759999999999593,1.3759999999999593,0.21529201902255576,-0.6975315575367015,-0.6975315575367015,-9.81,0.1,-9.81,0.7
1.3769999999999591,1.3769999999999591,0.21458958246501908,-0.7073415575367015,-0.7073415575367015,-9.81,0.1,-9.81,0.7
1.377999999999959,1.377999999999959,0.21387733590748237,-0.7171515575367015,-0.7171515575367015,-9.81,0.1,-9.81,0.7
1.378999999999959,1.378999999999959,0.2131552793499457,-0.7269615575367014,-0.7269615575367014,-9.81,0.1,-9.81,0.7
1.3799999999999588,1.3799999999999588,0.212423412792409,-0.7367715575367014,-0.7367715575367014,-9.81,0.1,-9.81,0.7
1.3809999999999587,1.3809999999999587,0.2116817362348723,-0.7465815575367014,-0.7465815575367014,-9.81,0.1,-9.81,0.7
1.3819999999999586,1.3819999999999586,0.21093024967733556,-0.7563915575367014,-0.7563915575367014,-9.81,0.1,-9.81,0.7
1.3829999999999585,1.3829999999999585,0.21016895311979886,-0.7662015575367014,-0.7662015575367014,-9.81,0.1,-9.81,0.7
1.3839999999999584,1.3839999999999584,0.20939784656226215,-0.7760115575367014,-0.7760115575367014,-9.81,0.1,-9.81,0.7
1.3849999999999583,1.3849999999999583,0.20861693000472545,-0.7858215575367014,-0.7858215575367014,-9.81,0.1,-9.81,0.7
1.3859999999999582,1.3859999999999582,0.20782620344718872,-0.7956315575367013,-0.7956315575367013,-9.81,0.1,-9.81,0.7
1.386999999999958,1.386999999999958,0.20702566688965202,-0.8054415575367013,-0.8054415575367013,-9.81,0.1,-9.81,0.7
1.387999999999958,1.387999999999958,0.20621532033211531,-0.8152515575367013,-0.8152515575367013,-9.81,0.1,-9.81,0.7
1.3889999999999578,1.3889999999999578,0.20539516377457862,-0.8250615575367013,-0.8250615575367013,-9.81,0.1,-9.81,0.7
1.3899999999999577,1.3899999999999577,0.2045651972170419,-0.8348715575367013,-0.8348715575367013,-9.81,0.1,-9.81,0.7
1.3909999999999576,1.3909999999999576,0.2037254206595052,-0.8446815575367013,-0.8446815575367013,-9.81,0.1,-9.81,0.7
1.3919999999999575,1.3919999999999575,0.2028758341019685,-0.8544915575367013,-0.8544915575367013,-9.81,0.1,-9.81,0.7
1.3929999999999574,1.3929999999999574,0.2020164375444318,-0.8643015575367012,-0.8643015575367012,-9.81,0.1,-9.81,0.7
1.3939999999999573,1.3939999999999573,0.20114723098689508,-0.8741115575367012,-0.8741115575367012,-9.81,0.1,-9.81,0.7
1.3949999999999572,1.3949999999999572,0.20026821442935838,-0.8839215575367012,-0.8839215575367012,-9.81,0.1,-9.81,0.7
1.395999999999957,1.395999999999957,0.1993793878718217,-0.8937315575367012,-0.8937315575367012,-9.81,0.1,-9.81,0.7
1.396999999999957,1.396999999999957,0.198480751314285,-0.9035415575367012,-0.9035415575367012,-9.81,0.1,-9.81,0.7
1.3979999999999568,1.3979999999999568,0.1975723047567483,-0.9133515575367012,-0.9133515575367012,-9.81,0.1,-9.81,0.7
1.3989999999999567,1.3989999999999567,0.1966540481992116,-0.9231615575367011,-0.9231615575367011,-9.81,0.1,-9.81,0.7
1.3999999999999566,1.3999999999999566,0.1957259816416749,-0.9329715575367011,-0.9329715575367011,-9.81,0.1,-9.81,0.7
1.4009999999999565,1.4009999999999565,0.1947881050841382,-0.9427815575367011,-0.9427815575367011,-9.81,0.1,-9.81,0.7
1.4019999999999564,1.4019999999999564,0.19384041852660153,-0.9525915575367011,-0.9525915575367011,-9.81,0.1,-9.81,0.7
1.4029999999999563,1.4029999999999563,0.1928829219690648,-0.9624015575367011,-0.9624015575367011,-9.81,0.1,-9.81,0.7
1.4039999999999562,1.4039999999999562,0.19191561541152813,-0.9722115575367011,-0.9722115575367011,-9.81,0.1,-9.81,0.7
1.404999999999956,1.404999999999956,0.19093849885399145,-0.9820215575367011,-0.9820215575367011,-9.81,0.1,-9.81,0.7
1.405999999999956,1.405999999999956,0.18995157229645476,-0.991831557536701,-0.991831557536701,-9.81,0.1,-9.81,0.7
1.4069999999999558,1.4069999999999558,0.18895483573891805,-1.001641557536701,-1.001641557536701,-9.81,0.1,-9.81,0.7
1.4079999999999557,1.4079999999999557,0.18794828918138137,-1.0114515575367011,-1.0114515575367011,-9.81,0.1,-9.81,0.7
1.4089999999999556,1.4089999999999556,0.18693193262384467,-1.0212615575367012,-1.0212615575367012,-9.81,0.1,-9.81,0.7
1.4099999999999555,1.4099999999999555,0.18590576606630796,-1.0310715575367013,-1.0310715575367013,-9.81,0.1,-9.81,0.7
1.4109999999999554,1.4109999999999554,0.18486978950877123,-1.0408815575367014,-1.0408815575367014,-9.81,0.1,-9.81,0.7
1.4119999999999553,1.4119999999999553,0.18382400295123452,-1.0506915575367015,-1.0506915575367015,-9.81,0.1,-9.81,0.7
1.4129999999999552,1.4129999999999552,0.18276840639369782,-1.0605015575367016,-1.0605015575367016,-9.81,0.1,-9.81,0.7
1.413999999999955,1.413999999999955,0.18170299983616112,-1.0703115575367017,-1.0703115575367017,-9.81,0.1,-9.81,0.7
1.414999999999955,1.414999999999955,0.1806277832786244,-1.0801215575367018,-1.0801215575367018,-9.81,0.1,-9.81,0.7
1.4159999999999549,1.4159999999999549,0.1795427567210877,-1.089931557536702,-1.089931557536702,-9.81,0.1,-9.81,0.7
1.4169999999999547,1.4169999999999547,0.178447920163551,-1.099741557536702,-1.099741557536702,-9.81,0.1,-9.81,0.7
1.4179999999999546,1.4179999999999546,0.1773432736060143,-1.109551557536702,-1.109551557536702,-9.81,0.1,-9.81,0.7
1.4189999999999545,1.4189999999999545,0.1762288170484776,-1.1193615575367022,-1.1193615575367022,-9.81,0.1,-9.81,0.7
1.4199999999999544,1.4199999999999544,0.17510455049094087,-1.1291715575367023,-1.1291715575367023,-9.81,0.1,-9.81,0.7
1.4209999999999543,1.4209999999999543,0.17397047393340417,-1.1389815575367024,-1.1389815575367024,-9.81,0.1,-9.81,0.7
1.4219999999999542,1.4219999999999542,0.17282658737586748,-1.1487915575367025,-1.1487915575367025,-9.81,0.1,-9.81,0.7
1.422999999999954,1.422999999999954,0.1716728908183308,-1.1586015575367026,-1.1586015575367026,-9.81,0.1,-9.81,0.7
1.423999999999954,1.423999999999954,0.17050938426079407,-1.1684115575367027,-1.1684115575367027,-9.81,0.1,-9.81,0.7
1.4249999999999539,1.4249999999999539,0.16933606770325738,-1.1782215575367028,-1.1782215575367028,-9.81,0.1,-9.81,0.7
1.4259999999999537,1.4259999999999537,0.16815294114572069,-1.1880315575367029,-1.1880315575367029,-9.81,0.1,-9.81,0.7
1.4269999999999536,1.4269999999999536,0.166960004588184,-1.197841557536703,-1.197841557536703,-9.81,0.1,-9.81,0.7
1.4279999999999535,1.4279999999999535,0.16575725803064728,-1.207651557536703,-1.207651557536703,-9.81,0.1,-9.81,0.7
1.4289999999999534,1.4289999999999534,0.1645447014731106,-1.2174615575367032,-1.2174615575367032,-9.81,0.1,-9.81,0.7
1.4299999999999533,1.4299999999999533,0.1633223349155739,-1.2272715575367033,-1.2272715575367033,-9.81,0.1,-9.81,0.7
1.4309999999999532,1.4309999999999532,0.16209015835803722,-1.2370815575367033,-1.2370815575367033,-9.81,0.1,-9.81,0.7
1.431999999999953,1.431999999999953,0.1608481718005005,-1.2468915575367034,-1.2468915575367034,-9.81,0.1,-9.81,0.7
1.432999999999953,1.432999999999953,0.1595963752429638,-1.2567015575367035,-1.2567015575367035,-9.81,0.1,-9.81,0.7
1.4339999999999529,1.4339999999999529,0.1583347686854271,-1.2665115575367036,-1.2665115575367036,-9.81,0.1,-9.81,0.7
1.4349999999999528,1.4349999999999528,0.15706335212789038,-1.2763215575367037,-1.2763215575367037,-9.81,0.1,-9.81,0.7
1.4359999999999526,1.4359999999999526,0.15578212557035365,-1.2861315575367038,-1.2861315575367038,-9.81,0.1,-9.81,0.7
1.4369999999999525,1.4369999999999525,0.15449108901281694,-1.295941557536704,-1.295941557536704,-9.81,0.1,-9.81,0.7
1.4379999999999524,1.4379999999999524,0.15319024245528023,-1.305751557536704,-1.305751557536704,-9.81,0.1,-9.81,0.7
1.4389999999999523,1.4389999999999523,0.15187958589774353,-1.3155615575367041,-1.3155615575367041,-9.81,0.1,-9.81,0.7
1.4399999999999522,1.4399999999999522,0.15055911934020683,-1.3253715575367042,-1.3253715575367042,-9.81,0.1,-9.81,0.7
1.440999999999952,1.440999999999952,0.1492288427826701,-1.3351815575367043,-1.3351815575367043,-9.81,0.1,-9.81,0.7
1.441999999999952,1.441999999999952,0.1478887562251334,-1.3449915575367044,-1.3449915575367044,-9.81,0.1,-9.81,0.7
1.4429999999999519,1.4429999999999519,0.1465388596675967,-1.3548015575367045,-1.3548015575367045,-9.81,0.1,-9.81,0.7
1.4439999999999518,1.4439999999999518,0.14517915311006,-1.3646115575367046,-1.3646115575367046,-9.81,0.1,-9.81,0.7
1.4449999999999517,1.4449999999999517,0.14380963655252327,-1.3744215575367047,-1.3744215575367047,-9.81,0.1,-9.81,0.7
1.4459999999999515,1.4459999999999515,0.14243030999498657,-1.3842315575367048,-1.3842315575367048,-9.81,0.1,-9.81,0.7
1.4469999999999514,1.4469999999999514,0.14104117343744987,-1.394041557536705,-1.394041557536705,-9.81,0.1,-9.81,0.7
1.4479999999999513,1.4479999999999513,0.13964222687991318,-1.403851557536705,-1.403851557536705,-9.81,0.1,-9.81,0.7
1.4489999999999512,1.4489999999999512,0.13823347032237646,-1.413661557536705,-1.413661557536705,-9.81,0.1,-9.81,0.7
1.449999999999951,1.449999999999951,0.13681490376483976,-1.4234715575367052,-1.4234715575367052,-9.81,0.1,-9.81,0.7
1.450999999999951,1.450999999999951,0.13538652720730307,-1.4332815575367053,-1.4332815575367053,-9.81,0.1,-9.81,0.7
1.4519999999999509,1.4519999999999509,0.13394834064976638,-1.4430915575367054,-1.4430915575367054,-9.81,0.1,-9.81,0.7
1.4529999999999508,1.4529999999999508,0.13250034409222966,-1.4529015575367055,-1.4529015575367055,-9.81,0.1,-9.81,0.7
1.4539999999999507,1.4539999999999507,0.13104253753469297,-1.4627115575367056,-1.4627115575367056,-9.81,0.1,-9.81,0.7
1.4549999999999506,1.4549999999999506,0.12957492097715628,-1.4725215575367057,-1.4725215575367057,-9.81,0.1,-9.81,0.7
1.4559999999999504,1.4559999999999504,0.1280974944196196,-1.4823315575367058,-1.4823315575367058,-9.81,0.1,-9.81,0.7
1.4569999999999503,1.4569999999999503,0.12661025786208288,-1.4921415575367059,-1.4921415575367059,-9.81,0.1,-9.81,0.7
1.4579999999999502,1.4579999999999502,0.1251132113045462,-1.501951557536706,-1.501951557536706,-9.81,0.1,-9.81,0.7
1.4589999999999501,1.4589999999999501,0.12360635474700948,-1.511761557536706,-1.511761557536706,-9.81,0.1,-9.81,0.7
1.45999999999995,1.45999999999995,0.12208968818947279,-1.5215715575367061,-1.5215715575367061,-9.81,0.1,-9.81,0.7
1.46099999999995,1.46099999999995,0.12056321163193608,-1.5313815575367062,-1.5313815575367062,-9.81,0.1,-9.81,0.7
1.4619999999999498,1.4619999999999498,0.11902692507439938,-1.5411915575367063,-1.5411915575367063,-9.81,0.1,-9.81,0.7
1.4629999999999497,1.4629999999999497,0.11748082851686267,-1.5510015575367064,-1.5510015575367064,-9.81,0.1,-9.81,0.7
1.4639999999999496,1.4639999999999496,0.11592492195932598,-1.5608115575367065,-1.5608115575367065,-9.81,0.1,-9.81,0.7
1.4649999999999495,1.4649999999999495,0.11435920540178926,-1.5706215575367066,-1.5706215575367066,-9.81,0.1,-9.81,0.7
1.4659999999999493,1.4659999999999493,0.11278367884425256,-1.5804315575367067,-1.5804315575367067,-9.81,0.1,-9.81,0.7
1.4669999999999492,1.4669999999999492,0.11119834228671584,-1.5902415575367068,-1.5902415575367068,-9.81,0.1,-9.81,0.7
1.4679999999999491,1.4679999999999491,0.10960319572917913,-1.600051557536707,-1.600051557536707,-9.81,0.1,-9.81,0.7
1.468999999999949,1.468999999999949,0.10799823917164242,-1.609861557536707,-1.609861557536707,-9.81,0.1,-9.81,0.7
1.469999999999949,1.469999999999949,0.10638347261410572,-1.619671557536707,-1.619671557536707,-9.81,0.1,-9.81,0.7
1.4709999999999488,1.4709999999999488,0.104758896056569,-1.6294815575367072,-1.6294815575367072,-9.81,0.1,-9.81,0.7
1.4719999999999487,1.4719999999999487,0.1031245094990323,-1.6392915575367073,-1.6392915575367073,-9.81,0.1,-9.81,0.7
1.4729999999999486,1.4729999999999486,0.10148031294149559,-1.6491015575367074,-1.6491015575367074,-9.81,0.1,-9.81,0.7
1.4739999999999485,1.4739999999999485,0.0998263063839589,-1.6589115575367075,-1.6589115575367075,-9.81,0.1,-9.81,0.7
1.4749999999999484,1.4749999999999484,0.09816248982642219,-1.6687215575367076,-1.6687215575367076,-9.81,0.1,-9.81,0.7
1.4759999999999482,1.4759999999999482,0.09648886326888549,-1.6785315575367077,-1.6785315575367077,-9.81,0.1,-9.81,0.7
1.4769999999999481,1.4769999999999481,0.09480542671134877,-1.6883415575367078,-1.6883415575367078,-9.81,0.1,-9.81,0.7
1.477999999999948,1.477999999999948,0.09311218015381206,-1.6981515575367079,-1.6981515575367079,-9.81,0.1,-9.81,0.7
1.478999999999948,1.478999999999948,0.09140912359627536,-1.707961557536708,-1.707961557536708,-9.81,0.1,-9.81,0.7
1.4799999999999478,1.4799999999999478,0.08969625703873864,-1.717771557536708,-1.717771557536708,-9.81,0.1,-9.81,0.7
1.4809999999999477,1.4809999999999477,0.08797358048120194,-1.7275815575367082,-1.7275815575367082,-9.81,0.1,-9.81,0.7
1.4819999999999476,1.4819999999999476,0.08624109392366522,-1.7373915575367083,-1.7373915575367083,-9.81,0.1,-9.81,0.7
1.4829999999999475,1.4829999999999475,0.08449879736612852,-1.7472015575367084,-1.7472015575367084,-9.81,0.1,-9.81,0.7
1.4839999999999474,1.4839999999999474,0.0827466908085918,-1.7570115575367085,-1.7570115575367085,-9.81,0.1,-9.81,0.7
1.4849999999999473,1.4849999999999473,0.0809847742510551,-1.7668215575367086,-1.7668215575367086,-9.81,0.1,-9.81,0.7
1.4859999999999471,1.4859999999999471,0.07921304769351839,-1.7766315575367086,-1.7766315575367086,-9.81,0.1,-9.81,0.7
1.486999999999947,1.486999999999947,0.07743151113598169,-1.7864415575367087,-1.7864415575367087,-9.81,0.1,-9.81,0.7
1.487999999999947,1.487999999999947,0.07564016457844498,-1.7962515575367088,-1.7962515575367088,-9.81,0.1,-9.81,0.7
1.4889999999999468,1.4889999999999468,0.07383900802090829,-1.806061557536709,-1.806061557536709,-9.81,0.1,-9.81,0.7
1.4899999999999467,1.4899999999999467,0.07202804146337156,-1.815871557536709,-1.815871557536709,-9.81,0.1,-9.81,0.7
1.4909999999999466,1.4909999999999466,0.07020726490583486,-1.8256815575367091,-1.8256815575367091,-9.81,0.1,-9.81,0.7
1.4919999999999465,1.4919999999999465,0.06837667834829814,-1.8354915575367092,-1.8354915575367092,-9.81,0.1,-9.81,0.7
1.4929999999999464,1.4929999999999464,0.06653628179076143,-1.8453015575367093,-1.8453015575367093,-9.81,0.1,-9.81,0.7
1.4939999999999463,1.4939999999999463,0.06468607523322471,-1.8551115575367094,-1.8551115575367094,-9.81,0.1,-9.81,0.7
1.4949999999999461,1.4949999999999461,0.06282605867568801,-1.8649215575367095,-1.8649215575367095,-9.81,0.1,-9.81,0.7
1.495999999999946,1.495999999999946,0.0609562321181513,-1.8747315575367096,-1.8747315575367096,-9.81,0.1,-9.81,0.7
1.496999999999946,1.496999999999946,0.05907659556061459,-1.8845415575367097,-1.8845415575367097,-9.81,0.1,-9.81,0.7
1.4979999999999458,1.4979999999999458,0.057187149003077885,-1.8943515575367098,-1.8943515575367098,-9.81,0.1,-9.81,0.7
1.4989999999999457,1.4989999999999457,0.05528789244554117,-1.90416155753671,-1.90416155753671,-9.81,0.1,-9.81,0.7
1.4999999999999456,1.4999999999999456,0.05337882588800446,-1.91397155753671,-1.91397155753671,-9.81,0.1,-9.81,0.7
1.5009999999999455,1.5009999999999455,0.05145994933046775,-1.92378155753671,-1.92378155753671,-9.81,0.1,-9.81,0.7
1.5019999999999454,1.5019999999999454,0.04953126277293104,-1.9335915575367102,-1.9335915575367102,-9.81,0.1,-9.81,0.7
1.5029999999999453,1.5029999999999453,0.04759276621539433,-1.9434015575367103,-1.9434015575367103,-9.81,0.1,-9.81,0.7
1.5039999999999452,1.5039999999999452,0.04564445965785762,-1.9532115575367104,-1.9532115575367104,-9.81,0.1,-9.81,0.7
1.504999999999945,1.504999999999945,0.04368634310032091,-1.9630215575367105,-1.9630215575367105,-9.81,0.1,-9.81,0.7
1.505999999999945,1.505999999999945,0.041718416542784194,-1.9728315575367106,-1.9728315575367106,-9.81,0.1,-9.81,0.7
1.5069999999999448,1.5069999999999448,0.03974067998524748,-1.9826415575367107,-1.9826415575367107,-9.81,0.1,-9.81,0.7
1.5079999999999447,1.5079999999999447,0.03775313342771078,-1.9924515575367108,-1.9924515575367108,-9.81,0.1,-9.81,0.7
1.5089999999999446,1.5089999999999446,0.03575577687017407,-2.0022615575367104,-2.0022615575367104,-9.81,0.1,-9.81,0.7
1.5099999999999445,1.5099999999999445,0.03374861031263736,-2.0120715575367103,-2.0120715575367103,-9.81,0.1,-9.81,0.7
1.5109999999999444,1.5109999999999444,0.031731633755100644,-2.02188155753671,-2.02188155753671,-9.81,0.1,-9.81,0.7
1.5119999999999443,1.5119999999999443,0.029704847197563933,-2.03169155753671,-2.03169155753671,-9.81,0.1,-9.81,0.7
1.5129999999999442,1.5129999999999442,0.027668250640027224,-2.04150155753671,-2.04150155753671,-9.81,0.1,-9.81,0.7
1.513999999999944,1.513999999999944,0.025621844082490516,-2.05131155753671,-2.05131155753671,-9.81,0.1,-9.81,0.7
1.514999999999944,1.514999999999944,0.02356562752495381,-2.0611215575367097,-2.0611215575367097,-9.81,0.1,-9.81,0.7
1.5159999999999438,1.5159999999999438,0.0214996009674171,-2.0709315575367095,-2.0709315575367095,-9.81,0.1,-9.81,0.7
1.5169999999999437,1.5169999999999437,0.01942376440988039,-2.0807415575367094,-2.0807415575367094,-9.81,0.1,-9.81,0.7
1.5179999999999436,1.5179999999999436,0.017338117852343682,-2.0905515575367093,-2.0905515575367093,-9.81,0.1,-9.81,0.7
1.5189999999999435,1.5189999999999435,0.015242661294806972,-2.100361557536709,-2.100361557536709,-9.81,0.1,-9.81,0.7
1.5199999999999434,1.5199999999999434,0.013137394737270262,-2.110171557536709,-2.110171557536709,-9.81,0.1,-9.81,0.7
1.5209999999999433,1.5209999999999433,0.011022318179733552,-2.119981557536709,-2.119981557536709,-9.81,0.1,-9.81,0.7
1.5219999999999432,1.5219999999999432,0.008897431622196843,-2.129791557536709,-2.129791557536709,-9.81,0.1,-9.81,0.7
1.522999999999943,1.522999999999943,0.006762735064660135,-2.1396015575367087,-2.1396015575367087,-9.81,0.1,-9.81,0.7
1.523999999999943,1.523999999999943,0.004618228507123425,-2.1494115575367085,-2.1494115575367085,-9.81,0.1,-9.81,0.7
1.5249999999999428,1.5249999999999428,0.002463911949586716,-2.1592215575367084,-2.1592215575367084,-9.81,0.1,-9.81,0.7
1.5259999999999427,1.5259999999999427,0.0002997853920500078,-2.1690315575367083,-2.1690315575367083,-9.81,0.1,-9.81,0.7
1.526138168461342,1.526138168461342,-1.2311115668572903e-16,-2.1703869901430353,-2.1703869901430353,-9.81,0.1,-9.81,0.7
1.5269999999999426,1.5269999999999426,0.0013028427914868468,1.510816325706451,1.510816325706451,-9.81,0.1,-9.81,0.7
1.5279999999999425,1.5279999999999425,0.0028073251445284867,1.501006325706451,1.501006325706451,-9.81,0.1,-9.81,0.7
1.5289999999999424,1.5289999999999424,0.004302920841486766,1.4911963257064509,1.4911963257064509,-9.81,0.1,-9.81,0.7
1.5299999999999423,1.5299999999999423,0.005789032385854681,1.4813863257064508,1.4813863257064508,-9.81,0.1,-9.81,0.7
1.5309999999999422,1.5309999999999422,0.0072654498356099,1.4715763257064507,1.4715763257064507,-9.81,0.1,-9.81,0.7
1.531999999999942,1.531999999999942,0.008732098463779123,1.4617663257064506,1.4617663257064506,-9.81,0.1,-9.81,0.7
1.532999999999942,1.532999999999942,0.010188951724330602,1.4519563257064505,1.4519563257064505,-9.81,0.1,-9.81,0.7
1.5339999999999419,1.5339999999999419,0.011636000184224265,1.4421463257064504,1.4421463257064504,-9.81,0.1,-9.81,0.7
1.5349999999999417,1.5349999999999417,0.013073240491614298,1.4323363257064503,1.4323363257064503,-9.81,0.1,-9.81,0.7
1.5359999999999416,1.5359999999999416,0.01450067145547981,1.4225263257064502,1.4225263257064502,-9.81,0.1,-9.81,0.7
1.5369999999999415,1.5369999999999415,0.01591829265261241,1.4127163257064501,1.4127163257064501,-9.81,0.1,-9.81,0.7
1.5379999999999414,1.5379999999999414,0.01732610393263239,1.40290632570645,1.40290632570645,-9.81,0.1,-9.81,0.7
1.5389999999999413,1.5389999999999413,0.018724105242104952,1.39309632570645,1.39309632570645,-9.81,0.1,-9.81,0.7
1.5399999999999412,1.5399999999999412,0.020112296562042973,1.3832863257064498,1.3832863257064498,-9.81,0.1,-9.81,0.7
1.540999999999941,1.540999999999941,0.021490677885699715,1.3734763257064497,1.3734763257064497,-9.81,0.1,-9.81,0.7
1.541999999999941,1.541999999999941,0.022859249210677834,1.3636663257064496,1.3636663257064496,-9.81,0.1,-9.81,0.7
1.5429999999999409,1.5429999999999409,0.024218010536125482,1.3538563257064495,1.3538563257064495,-9.81,0.1,-9.81,0.7
1.5439999999999408,1.5439999999999408,0.025566961861739974,1.3440463257064494,1.3440463257064494,-9.81,0.1,-9.81,0.7
1.5449999999999406,1.5449999999999406,0.02690610318741375,1.3342363257064493,1.3342363257064493,-9.81,0.1,-9.81,0.7
1.5459999999999405,1.5459999999999405,0.028235434513108622,1.3244263257064492,1.3244263257064492,-9.81,0.1,-9.81,0.7
1.5469999999999404,1.5469999999999404,0.02955495583881127,1.3146163257064492,1.3146163257064492,-9.81,0.1,-9.81,0.7
1.5479999999999403,1.5479999999999403,0.030864667164516454,1.304806325706449,1.304806325706449,-9.81,0.1,-9.81,0.7
1.5489999999999402,1.5489999999999402,0.032164568490222485,1.294996325706449,1.294996325706449,-9.81,0.1,-9.81,0.7
1.54999999999994,1.54999999999994,0.033454659815928794,1.2851863257064489,1.2851863257064489,-9.81,0.1,-9.81,0.7
1.55099999999994,1.55099999999994,0.0347349411416352,1.2753763257064488,1.2753763257064488,-9.81,0.1,-9.81,0.7
1.5519999999999399,1.5519999999999399,0.03600541246734164,1.2655663257064487,1.2655663257064487,-9.81,0.1,-9.81,0.7
1.5529999999999398,1.5529999999999398,0.03726607379304808,1.2557563257064486,1.2557563257064486,-9.81,0.1,-9.81,0.7
1.5539999999999397,1.5539999999999397,0.038516925118754534,1.2459463257064485,1.2459463257064485,-9.81,0.1,-9.81,0.7
1.5549999999999395,1.5549999999999395,0.03975796644446099,1.2361363257064484,1.2361363257064484,-9.81,0.1,-9.81,0.7
1.5559999999999394,1.5559999999999394,0.040989197770167435,1.2263263257064483,1.2263263257064483,-9.81,0.1,-9.81,0.7
1.5569999999999393,1.5569999999999393,0.04221061909587388,1.2165163257064482,1.2165163257064482,-9.81,0.1,-9.81,0.7
1.5579999999999392,1.5579999999999392,0.04342223042158033,1.206706325706448,1.206706325706448,-9.81,0.1,-9.81,0.7
1.558999999999939,1.558999999999939,0.04462403174728678,1.196896325706448,1.196896325706448,-9.81,0.1,-9.81,0.7
1.559999999999939,1.559999999999939,0.04581602307299323,1.187086325706448,1.187086325706448,-9.81,0.1,-9.81,0.7
1.5609999999999389,1.5609999999999389,0.04699820439869967,1.1772763257064478,1.1772763257064478,-9.81,0.1,-9.81,0.7
1.5619999999999388,1.5619999999999388,0.04817057572440612,1.1674663257064477,1.1674663257064477,-9.81,0.1,-9.81,0.7
1.5629999999999387,1.5629999999999387,0.049333137050112566,1.1576563257064476,1.1576563257064476,-9.81,0.1,-9.81,0.7
1.5639999999999386,1.5639999999999386,0.050485888375819014,1.1478463257064475,1.1478463257064475,-9.81,0.1,-9.81,0.7
1.5649999999999384,1.5649999999999384,0.051628829701525464,1.1380363257064474,1.1380363257064474,-9.81,0.1,-9.81,0.7
1.5659999999999383,1.5659999999999383,0.052761961027231914,1.1282263257064473,1.1282263257064473,-9.81,0.1,-9.81,0.7
1.5669999999999382,1.5669999999999382,0.053885282352938366,1.1184163257064472,1.1184163257064472,-9.81,0.1,-9.81,0.7
1.567999999999938,1.567999999999938,0.05499879367864481,1.1086063257064471,1.1086063257064471,-9.81,0.1,-9.81,0.7
1.568999999999938,1.568999999999938,0.05610249500435126,1.098796325706447,1.098796325706447,-9.81,0.1,-9.81,0.7
1.569999999999938,1.569999999999938,0.057196386330057705,1.088986325706447,1.088986325706447,-9.81,0.1,-9.81,0.7
1.5709999999999378,1.5709999999999378,0.058280467655764154,1.0791763257064468,1.0791763257064468,-9.81,0.1,-9.81,0.7
1.5719999999999377,1.5719999999999377,0.0593547389814706,1.0693663257064467,1.0693663257064467,-9.81,0.1,-9.81,0.7
1.5729999999999376,1.5729999999999376,0.060419200307177054,1.0595563257064466,1.0595563257064466,-9.81,0.1,-9.81,0.7
1.5739999999999374,1.5739999999999374,0.06147385163288349,1.0497463257064465,1.0497463257064465,-9.81,0.1,-9.81,0.7
1.5749999999999373,1.5749999999999373,0.06251869295858994,1.0399363257064465,1.0399363257064465,-9.81,0.1,-9.81,0.7
1.5759999999999372,1.5759999999999372,0.06355372428429638,1.0301263257064464,1.0301263257064464,-9.81,0.1,-9.81,0.7
1.5769999999999371,1.5769999999999371,0.06457894561000284,1.0203163257064463,1.0203163257064463,-9.81,0.1,-9.81,0.7
1.577999999999937,1.577999999999937,0.06559435693570928,1.0105063257064462,1.0105063257064462,-9.81,0.1,-9.81,0.7
1.578999999999937,1.578999999999937,0.06659995826141574,1.0006963257064463,1.0006963257064463,-9.81,0.1,-9.81,0.7
1.5799999999999368,1.5799999999999368,0.06759574958712218,0.9908863257064463,0.9908863257064463,-9.81,0.1,-9.81,0.7
1.5809999999999367,1.5809999999999367,0.06858173091282863,0.9810763257064463,0.9810763257064463,-9.81,0.1,-9.81,0.7
1.5819999999999366,1.5819999999999366,0.06955790223853509,0.9712663257064463,0.9712663257064463,-9.81,0.1,-9.81,0.7
1.5829999999999365,1.5829999999999365,0.07052426356424152,0.9614563257064463,0.9614563257064463,-9.81,0.1,-9.81,0.7
1.5839999999999363,1.5839999999999363,0.07148081488994797,0.9516463257064464,0.9516463257064464,-9.81,0.1,-9.81,0.7
1.5849999999999362,1.5849999999999362,0.0724275562156544,0.9418363257064464,0.9418363257064464,-9.81,0.1,-9.81,0.7
1.5859999999999361,1.5859999999999361,0.07336448754136085,0.9320263257064464,0.9320263257064464,-9.81,0.1,-9.81,0.7
1.586999999999936,1.586999999999936,0.07429160886706729,0.9222163257064464,0.9222163257064464,-9.81,0.1,-9.81,0.7
1.587999999999936,1.587999999999936,0.07520892019277374,0.9124063257064464,0.9124063257064464,-9.81,0.1,-9.81,0.7
1.5889999999999358,1.5889999999999358,0.07611642151848018,0.9025963257064464,0.9025963257064464,-9.81,0.1,-9.81,0.7
1.5899999999999357,1.5899999999999357,0.07701411284418663,0.8927863257064464,0.8927863257064464,-9.81,0.1,-9.81,0.7
1.5909999999999356,1.5909999999999356,0.07790199416989307,0.8829763257064465,0.8829763257064465,-9.81,0.1,-9.81,0.7
1.5919999999999355,1.5919999999999355,0.07878006549559953,0.8731663257064465,0.8731663257064465,-9.81,0.1,-9.81,0.7
1.5929999999999354,1.5929999999999354,0.07964832682130597,0.8633563257064465,0.8633563257064465,-9.81,0.1,-9.81,0.7
1.5939999999999352,1.5939999999999352,0.08050677814701242,0.8535463257064465,0.8535463257064465,-9.81,0.1,-9.81,0.7
1.5949999999999351,1.5949999999999351,0.08135541947271888,0.8437363257064465,0.8437363257064465,-9.81,0.1,-9.81,0.7
1.595999999999935,1.595999999999935,0.08219425079842532,0.8339263257064465,0.8339263257064465,-9.81,0.1,-9.81,0.7
1.596999999999935,1.596999999999935,0.08302327212413177,0.8241163257064466,0.8241163257064466,-9.81,0.1,-9.81,0.7
1.5979999999999348,1.5979999999999348,0.0838424834498382,0.8143063257064466,0.8143063257064466,-9.81,0.1,-9.81,0.7
1.5989999999999347,1.5989999999999347,0.08465188477554465,0.8044963257064466,0.8044963257064466,-9.81,0.1,-9.81,0.7
1.5999999999999346,1.5999999999999346,0.08545147610125109,0.7946863257064466,0.7946863257064466,-9.81,0.1,-9.81,0.7
1.6009999999999345,1.6009999999999345,0.08624125742695754,0.7848763257064466,0.7848763257064466,-9.81,0.1,-9.81,0.7
1.6019999999999344,1.6019999999999344,0.08702122875266398,0.7750663257064466,0.7750663257064466,-9.81,0.1,-9.81,0.7
1.6029999999999343,1.6029999999999343,0.08779139007837043,0.7652563257064466,0.7652563257064466,-9.81,0.1,-9.81,0.7
1.6039999999999341,1.6039999999999341,0.08855174140407687,0.7554463257064467,0.7554463257064467,-9.81,0.1,-9.81,0.7
1.604999999999934,1.604999999999934,0.08930228272978333,0.7456363257064467,0.7456363257064467,-9.81,0.1,-9.81,0.7
1.605999999999934,1.605999999999934,0.09004301405548977,0.7358263257064467,0.7358263257064467,-9.81,0.1,-9.81,0.7
1.6069999999999338,1.6069999999999338,0.09077393538119621,0.7260163257064467,0.7260163257064467,-9.81,0.1,-9.81,0.7
1.6079999999999337,1.6079999999999337,0.09149504670690267,0.7162063257064467,0.7162063257064467,-9.81,0.1,-9.81,0.7
1.6089999999999336,1.6089999999999336,0.09220634803260912,0.7063963257064467,0.7063963257064467,-9.81,0.1,-9.81,0.7
1.6099999999999335,1.6099999999999335,0.09290783935831558,0.6965863257064467,0.6965863257064467,-9.81,0.1,-9.81,0.7
1.6109999999999334,1.6109999999999334,0.09359952068402201,0.6867763257064468,0.6867763257064468,-9.81,0.1,-9.81,0.7
1.6119999999999333,1.6119999999999333,0.09428139200972846,0.6769663257064468,0.6769663257064468,-9.81,0.1,-9.81,0.7
1.6129999999999332,1.6129999999999332,0.0949534533354349,0.6671563257064468,0.6671563257064468,-9.81,0.1,-9.81,0.7
1.613999999999933,1.613999999999933,0.09561570466114135,0.6573463257064468,0.6573463257064468,-9.81,0.1,-9.81,0.7
1.614999999999933,1.614999999999933,0.09626814598684778,0.6475363257064468,0.6475363257064468,-9.81,0.1,-9.81,0.7
1.6159999999999328,1.6159999999999328,0.09691077731255424,0.6377263257064468,0.6377263257064468,-9.81,0.1,-9.81,0.7
1.6169999999999327,1.6169999999999327,0.09754359863826068,0.6279163257064468,0.6279163257064468,-9.81,0.1,-9.81,0.7
1.6179999999999326,1.6179999999999326,0.09816660996396712,0.6181063257064469,0.6181063257064469,-9.81,0.1,-9.81,0.7
1.6189999999999325,1.6189999999999325,0.09877981128967357,0.6082963257064469,0.6082963257064469,-9.81,0.1,-9.81,0.7
1.6199999999999324,1.6199999999999324,0.09938320261538001,0.5984863257064469,0.5984863257064469,-9.81,0.1,-9.81,0.7
1.6209999999999323,1.6209999999999323,0.09997678394108647,0.5886763257064469,0.5886763257064469,-9.81,0.1,-9.81,0.7
1.6219999999999322,1.6219999999999322,0.10056055526679292,0.5788663257064469,0.5788663257064469,-9.81,0.1,-9.81,0.7
1.622999999999932,1.622999999999932,0.10113451659249938,0.5690563257064469,0.5690563257064469,-9.81,0.1,-9.81,0.7
1.623999999999932,1.623999999999932,0.10169866791820582,0.559246325706447,0.559246325706447,-9.81,0.1,-9.81,0.7
1.6249999999999318,1.6249999999999318,0.10225300924391227,0.549436325706447,0.549436325706447,-9.81,0.1,-9.81,0.7
1.6259999999999317,1.6259999999999317,0.1027975405696187,0.539626325706447,0.539626325706447,-9.81,0.1,-9.81,0.7
1.6269999999999316,1.6269999999999316,0.10333226189532516,0.529816325706447,0.529816325706447,-9.81,0.1,-9.81,0.7
1.6279999999999315,1.6279999999999315,0.10385717322103159,0.520006325706447,0.520006325706447,-9.81,0.1,-9.81,0.7
1.6289999999999314,1.6289999999999314,0.10437227454673804,0.510196325706447,0.510196325706447,-9.81,0.1,-9.81,0.7
1.6299999999999313,1.6299999999999313,0.10487756587244448,0.500386325706447,0.500386325706447,-9.81,0.1,-9.81,0.7
1.6309999999999312,1.6309999999999312,0.10537304719815092,0.490576325706447,0.490576325706447,-9.81,0.1,-9.81,0.7
1.631999999999931,1.631999999999931,0.10585871852385738,0.480766325706447,0.480766325706447,-9.81,0.1,-9.81,0.7
1.632999999999931,1.632999999999931,0.10633457984956382,0.470956325706447,0.470956325706447,-9.81,0.1,-9.81,0.7
1.6339999999999308,1.6339999999999308,0.10680063117527028,0.46114632570644704,0.46114632570644704,-9.81,0.1,-9.81,0.7
1.6349999999999307,1.6349999999999307,0.10725687250097672,0.45133632570644705,0.45133632570644705,-9.81,0.1,-9.81,0.7
1.6359999999999306,1.6359999999999306,0.10770330382668318,0.44152632570644706,0.44152632570644706,-9.81,0.1,-9.81,0.7
1.6369999999999305,1.6369999999999305,0.10813992515238963,0.4317163257064471,0.4317163257064471,-9.81,0.1,-9.81,0.7
1.6379999999999304,1.6379999999999304,0.10856673647809609,0.4219063257064471,0.4219063257064471,-9.81,0.1,-9.81,0.7
1.6389999999999303,1.6389999999999303,0.10898373780380252,0.4120963257064471,0.4120963257064471,-9.81,0.1,-9.81,0.7
1.6399999999999302,1.6399999999999302,0.10939092912950897,0.4022863257064471,0.4022863257064471,-9.81,0.1,-9.81,0.7
1.64099999999993,1.64099999999993,0.10978831045521541,0.39247632570644714,0.39247632570644714,-9.81,0.1,-9.81,0.7
1.64199999999993,1.64199999999993,0.11017588178092186,0.38266632570644715,0.38266632570644715,-9.81,0.1,-9.81,0.7
1.6429999999999298,1.6429999999999298,0.1105536431066283,0.37285632570644717,0.37285632570644717,-9.81,0.1,-9.81,0.7
1.6439999999999297,1.6439999999999297,0.11092159443233474,0.3630463257064472,0.3630463257064472,-9.81,0.1,-9.81,0.7
1.6449999999999296,1.6449999999999296,0.11127973575804119,0.3532363257064472,0.3532363257064472,-9.81,0.1,-9.81,0.7
1.6459999999999295,1.6459999999999295,0.11162806708374763,0.3434263257064472,0.3434263257064472,-9.81,0.1,-9.81,0.7
1.6469999999999294,1.6469999999999294,0.11196658840945409,0.3336163257064472,0.3336163257064472,-9.81,0.1,-9.81,0.7
1.6479999999999293,1.6479999999999293,0.11229529973516053,0.32380632570644724,0.32380632570644724,-9.81,0.1,-9.81,0.7
1.6489999999999292,1.6489999999999292,0.11261420106086699,0.31399632570644725,0.31399632570644725,-9.81,0.1,-9.81,0.7
1.649999999999929,1.649999999999929,0.11292329238657343,0.30418632570644727,0.30418632570644727,-9.81,0.1,-9.81,0.7
1.650999999999929,1.650999999999929,0.1132225737122799,0.2943763257064473,0.2943763257064473,-9.81,0.1,-9.81,0.7
1.6519999999999289,1.6519999999999289,0.11351204503798634,0.2845663257064473,0.2845663257064473,-9.81,0.1,-9.81,0.7
1.6529999999999287,1.6529999999999287,0.11379170636369279,0.2747563257064473,0.2747563257064473,-9.81,0.1,-9.81,0.7
1.6539999999999286,1.6539999999999286,0.11406155768939923,0.2649463257064473,0.2649463257064473,-9.81,0.1,-9.81,0.7
1.6549999999999285,1.6549999999999285,0.11432159901510566,0.25513632570644734,0.25513632570644734,-9.81,0.1,-9.81,0.7
1.6559999999999284,1.6559999999999284,0.11457183034081211,0.2453263257064473,0.2453263257064473,-9.81,0.1,-9.81,0.7
1.6569999999999283,1.6569999999999283,0.11481225166651855,0.2355163257064473,0.2355163257064473,-9.81,0.1,-9.81,0.7
1.6579999999999282,1.6579999999999282,0.115042862992225,0.22570632570644727,0.22570632570644727,-9.81,0.1,-9.81,0.7
1.658999999999928,1.658999999999928,0.11526366431793145,0.21589632570644726,0.21589632570644726,-9.81,0.1,-9.81,0.7
1.659999999999928,1.659999999999928,0.1154746556436379,0.20608632570644725,0.20608632570644725,-9.81,0.1,-9.81,0.7
1.6609999999999279,1.6609999999999279,0.11567583696934435,0.19627632570644724,0.19627632570644724,-9.81,0.1,-9.81,0.7
1.6619999999999278,1.6619999999999278,0.1158672082950508,0.18646632570644722,0.18646632570644722,-9.81,0.1,-9.81,0.7
1.6629999999999276,1.6629999999999276,0.11604876962075725,0.1766563257064472,0.1766563257064472,-9.81,0.1,-9.81,0.7
1.6639999999999275,1.6639999999999275,0.1162205209464637,0.1668463257064472,0.1668463257064472,-9.81,0.1,-9.81,0.7
1.6649999999999274,1.6649999999999274,0.11638246227217015,0.15703632570644718,0.15703632570644718,-9.81,0.1,-9.81,0.7
1.6659999999999273,1.6659999999999273,0.1165345935978766,0.14722632570644717,0.14722632570644717,-9.81,0.1,-9.81,0.7
1.6669999999999272,1.6669999999999272,0.11667691492358304,0.13741632570644716,0.13741632570644716,-9.81,0.1,-9.81,0.7
1.667999999999927,1.667999999999927,0.11680942624928947,0.12760632570644717,0.12760632570644717,-9.81,0.1,-9.81,0.7
1.668999999999927,1.668999999999927,0.11693212757499592,0.11779632570644716,0.11779632570644716,-9.81,0.1,-9.81,0.7
1.6699999999999269,1.6699999999999269,0.11704501890070236,0.10798632570644716,0.10798632570644716,-9.81,0.1,-9.81,0.7
1.6709999999999268,1.6709999999999268,0.11714810022640881,0.09817632570644716,0.09817632570644716,-9.81,0.1,-9.81,0.7
1.6719999999999267,1.6719999999999267,0.11724137155211525,0.08836632570644716,0.08836632570644716,-9.81,0.1,-9.81,0.7
1.6729999999999265,1.6729999999999265,0.11732483287782171,0.07855632570644716,0.07855632570644716,-9.81,0.1,-9.81,0.7
1.6739999999999264,1.6739999999999264,0.11739848420352815,0.06874632570644716,0.06874632570644716,-9.81,0.1,-9.81,0.7
1.6749999999999263,1.6749999999999263,0.1174623255292346,0.05893632570644716,0.05893632570644716,-9.81,0.1,-9.81,0.7
1.6759999999999262,1.6759999999999262,0.11751635685494105,0.04912632570644717,0.04912632570644717,-9.81,0.1,-9.81,0.7
1.676999999999926,1.676999999999926,0.11756057818064751,0.039316325706447164,0.039316325706447164,-9.81,0.1,-9.81,0.7
1.677999999999926,1.677999999999926,0.11759498950635396,0.02950632570644717,0.02950632570644717,-9.81,0.1,-9.81,0.7
1.6789999999999259,1.6789999999999259,0.11761959083206042,0.01969632570644717,0.01969632570644717,-9.81,0.1,-9.81,0.7
1.6799999999999258,1.6799999999999258,0.11763438215776685,0.00988632570644717,0.00988632570644717,-9.81,0.1,-9.81,0.7
1.6809999999999257,1.6809999999999257,0.11763936348347329,7.632570644716674e-05,7.632570644716674e-05,-9.81,0.1,-9.81,0.7
1.6819999999999256,1.6819999999999256,0.11763453480917974,-0.00973367429355283,-0.00973367429355283,-9.81,0.1,-9.81,0.7
1.6829999999999254,1.6829999999999254,0.11761989613488617,-0.019543674293552835,-0.019543674293552835,-9.81,0.1,-9.81,0.7
1.6839999999999253,1.6839999999999253,0.11759544746059263,-0.02935367429355283,-0.02935367429355283,-9.81,0.1,-9.81,0.7
1.6849999999999252,1.6849999999999252,0.11756118878629906,-0.03916367429355283,-0.03916367429355283,-9.81,0.1,-9.81,0.7
1.6859999999999251,1.6859999999999251,0.11751712011200552,-0.04897367429355283,-0.04897367429355283,-9.81,0.1,-9.81,0.7
1.686999999999925,1.686999999999925,0.11746324143771196,-0.05878367429355284,-0.05878367429355284,-9.81,0.1,-9.81,0.7
1.687999999999925,1.687999999999925,0.11739955276341842,-0.06859367429355284,-0.06859367429355284,-9.81,0.1,-9.81,0.7
1.6889999999999248,1.6889999999999248,0.11732605408912486,-0.07840367429355284,-0.07840367429355284,-9.81,0.1,-9.81,0.7
1.6899999999999247,1.6899999999999247,0.11724274541483132,-0.08821367429355284,-0.08821367429355284,-9.81,0.1,-9.81,0.7
1.6909999999999246,1.6909999999999246,0.11714962674053776,-0.09802367429355284,-0.09802367429355284,-9.81,0.1,-9.81,0.7
1.6919999999999245,1.6919999999999245,0.11704669806624422,-0.10783367429355284,-0.10783367429355284,-9.81,0.1,-9.81,0.7
1.6929999999999243,1.6929999999999243,0.11693395939195067,-0.11764367429355285,-0.11764367429355285,-9.81,0.1,-9.81,0.7
1.6939999999999242,1.6939999999999242,0.1168114107176571,-0.12745367429355287,-0.12745367429355287,-9.81,0.1,-9.81,0.7
1.6949999999999241,1.6949999999999241,0.11667905204336355,-0.13726367429355288,-0.13726367429355288,-9.81,0.1,-9.81,0.7
1.695999999999924,1.695999999999924,0.11653688336906999,-0.1470736742935529,-0.1470736742935529,-9.81,0.1,-9.81,0.7
1.696999999999924,1.696999999999924,0.11638490469477644,-0.1568836742935529,-0.1568836742935529,-9.81,0.1,-9.81,0.7
1.6979999999999238,1.6979999999999238,0.11622311602048288,-0.16669367429355292,-0.16669367429355292,-9.81,0.1,-9.81,0.7
1.6989999999999237,1.6989999999999237,0.11605151734618933,-0.17650367429355293,-0.17650367429355293,-9.81,0.1,-9.81,0.7
1.6999999999999236,1.6999999999999236,0.11587010867189577,-0.18631367429355294,-0.18631367429355294,-9.81,0.1,-9.81,0.7
1.7009999999999235,1.7009999999999235,0.11567888999760223,-0.19612367429355296,-0.19612367429355296,-9.81,0.1,-9.81,0.7
1.7019999999999234,1.7019999999999234,0.11547786132330867,-0.20593367429355297,-0.20593367429355297,-9.81,0.1,-9.81,0.7
1.7029999999999232,1.7029999999999232,0.11526702264901513,-0.21574367429355298,-0.21574367429355298,-9.81,0.1,-9.81,0.7
1.7039999999999231,1.7039999999999231,0.11504637397472157,-0.225553674293553,-0.225553674293553,-9.81,0.1,-9.81,0.7
1.704999999999923,1.704999999999923,0.11481591530042803,-0.235363674293553,-0.235363674293553,-9.81,0.1,-9.81,0.7
1.705999999999923,1.705999999999923,0.11457564662613448,-0.24517367429355302,-0.24517367429355302,-9.81,0.1,-9.81,0.7
1.7069999999999228,1.7069999999999228,0.11432556795184091,-0.254983674293553,-0.254983674293553,-9.81,0.1,-9.81,0.7
1.7079999999999227,1.7079999999999227,0.11406567927754736,-0.264793674293553,-0.264793674293553,-9.81,0.1,-9.81,0.7
1.7089999999999226,1.7089999999999226,0.1137959806032538,-0.274603674293553,-0.274603674293553,-9.81,0.1,-9.81,0.7
1.7099999999999225,1.7099999999999225,0.11351647192896025,-0.28441367429355296,-0.28441367429355296,-9.81,0.1,-9.81,0.7
1.7109999999999224,1.7109999999999224,0.11322715325466669,-0.29422367429355295,-0.29422367429355295,-9.81,0.1,-9.81,0.7
1.7119999999999223,1.7119999999999223,0.11292802458037314,-0.30403367429355294,-0.30403367429355294,-9.81,0.1,-9.81,0.7
1.7129999999999221,1.7129999999999221,0.11261908590607958,-0.3138436742935529,-0.3138436742935529,-9.81,0.1,-9.81,0.7
1.713999999999922,1.713999999999922,0.11230033723178603,-0.3236536742935529,-0.3236536742935529,-9.81,0.1,-9.81,0.7
1.714999999999922,1.714999999999922,0.11197177855749248,-0.3334636742935529,-0.3334636742935529,-9.81,0.1,-9.81,0.7
1.7159999999999218,1.7159999999999218,0.11163340988319893,-0.3432736742935529,-0.3432736742935529,-9.81,0.1,-9.81,0.7
1.7169999999999217,1.7169999999999217,0.11128523120890538,-0.35308367429355286,-0.35308367429355286,-9.81,0.1,-9.81,0.7
1.7179999999999216,1.7179999999999216,0.11092724253461184,-0.36289367429355285,-0.36289367429355285,-9.81,0.1,-9.81,0.7
1.7189999999999215,1.7189999999999215,0.11055944386031828,-0.37270367429355283,-0.37270367429355283,-9.81,0.1,-9.81,0.7
1.7199999999999214,1.7199999999999214,0.11018183518602473,-0.3825136742935528,-0.3825136742935528,-9.81,0.1,-9.81,0.7
1.7209999999999213,1.7209999999999213,0.10979441651173118,-0.3923236742935528,-0.3923236742935528,-9.81,0.1,-9.81,0.7
1.7219999999999211,1.7219999999999211,0.10939718783743761,-0.4021336742935528,-0.4021336742935528,-9.81,0.1,-9.81,0.7
1.722999999999921,1.722999999999921,0.10899014916314406,-0.4119436742935528,-0.4119436742935528,-9.81,0.1,-9.81,0.7
1.723999999999921,1.723999999999921,0.1085733004888505,-0.42175367429355276,-0.42175367429355276,-9.81,0.1,-9.81,0.7
1.7249999999999208,1.7249999999999208,0.10814664181455695,-0.43156367429355275,-0.43156367429355275,-9.81,0.1,-9.81,0.7
1.7259999999999207,1.7259999999999207,0.10771017314026339,-0.44137367429355273,-0.44137367429355273,-9.81,0.1,-9.81,0.7
1.7269999999999206,1.7269999999999206,0.10726389446596984,-0.4511836742935527,-0.4511836742935527,-9.81,0.1,-9.81,0.7
1.7279999999999205,1.7279999999999205,0.10680780579167629,-0.4609936742935527,-0.4609936742935527,-9.81,0.1,-9.81,0.7
1.7289999999999204,1.7289999999999204,0.10634190711738274,-0.4708036742935527,-0.4708036742935527,-9.81,0.1,-9.81,0.7
1.7299999999999203,1.7299999999999203,0.10586619844308919,-0.4806136742935527,-0.4806136742935527,-9.81,0.1,-9.81,0.7
1.7309999999999202,1.7309999999999202,0.10538067976879563,-0.49042367429355266,-0.49042367429355266,-9.81,0.1,-9.81,0.7
1.73199999999992,1.73199999999992,0.10488535109450209,-0.5002336742935526,-0.5002336742935526,-9.81,0.1,-9.81,0.7
1.73299999999992,1.73299999999992,0.10438021242020853,-0.5100436742935526,-0.5100436742935526,-9.81,0.1,-9.81,0.7
1.7339999999999198,1.7339999999999198,0.103865263745915,-0.5198536742935526,-0.5198536742935526,-9.81,0.1,-9.81,0.7
1.7349999999999197,1.7349999999999197,0.10334050507162143,-0.5296636742935525,-0.5296636742935525,-9.81,0.1,-9.81,0.7
1.7359999999999196,1.7359999999999196,0.10280593639732788,-0.5394736742935525,-0.5394736742935525,-9.81,0.1,-9.81,0.7
1.7369999999999195,1.7369999999999195,0.10226155772303432,-0.5492836742935525,-0.5492836742935525,-9.81,0.1,-9.81,0.7
1.7379999999999194,1.7379999999999194,0.10170736904874077,-0.5590936742935525,-0.5590936742935525,-9.81,0.1,-9.81,0.7
1.7389999999999193,1.7389999999999193,0.1011433703744472,-0.5689036742935525,-0.5689036742935525,-9.81,0.1,-9.81,0.7
1.7399999999999192,1.7399999999999192,0.10056956170015366,-0.5787136742935525,-0.5787136742935525,-9.81,0.1,-9.81,0.7
1.740999999999919,1.740999999999919,0.0999859430258601,-0.5885236742935525,-0.5885236742935525,-9.81,0.1,-9.81,0.7
1.741999999999919,1.741999999999919,0.09939251435156655,-0.5983336742935524,-0.5983336742935524,-9.81,0.1,-9.81,0.7
1.7429999999999188,1.7429999999999188,0.098789275677273,-0.6081436742935524,-0.6081436742935524,-9.81,0.1,-9.81,0.7
1.7439999999999187,1.7439999999999187,0.09817622700297944,-0.6179536742935524,-0.6179536742935524,-9.81,0.1,-9.81,0.7
1.7449999999999186,1.7449999999999186,0.0975533683286859,-0.6277636742935524,-0.6277636742935524,-9.81,0.1,-9.81,0.7
1.7459999999999185,1.7459999999999185,0.09692069965439234,-0.6375736742935524,-0.6375736742935524,-9.81,0.1,-9.81,0.7
1.7469999999999184,1.7469999999999184,0.0962782209800988,-0.6473836742935524,-0.6473836742935524,-9.81,0.1,-9.81,0.7
1.7479999999999183,1.7479999999999183,0.09562593230580525,-0.6571936742935524,-0.6571936742935524,-9.81,0.1,-9.81,0.7
1.7489999999999182,1.7489999999999182,0.0949638336315117,-0.6670036742935523,-0.6670036742935523,-9.81,0.1,-9.81,0.7
1.749999999999918,1.749999999999918,0.09429192495721814,-0.6768136742935523,-0.6768136742935523,-9.81,0.1,-9.81,0.7
1.750999999999918,1.750999999999918,0.09361020628292459,-0.6866236742935523,-0.6866236742935523,-9.81,0.1,-9.81,0.7
1.7519999999999178,1.7519999999999178,0.09291867760863103,-0.6964336742935523,-0.6964336742935523,-9.81,0.1,-9.81,0.7
1.7529999999999177,1.7529999999999177,0.09221733893433748,-0.7062436742935523,-0.7062436742935523,-9.81,0.1,-9.81,0.7
1.7539999999999176,1.7539999999999176,0.09150619026004392,-0.7160536742935523,-0.7160536742935523,-9.81,0.1,-9.81,0.7
1.7549999999999175,1.7549999999999175,0.09078523158575036,-0.7258636742935523,-0.7258636742935523,-9.81,0.1,-9.81,0.7
1.7559999999999174,1.7559999999999174,0.09005446291145681,-0.7356736742935522,-0.7356736742935522,-9.81,0.1,-9.81,0.7
1.7569999999999173,1.7569999999999173,0.08931388423716326,-0.7454836742935522,-0.7454836742935522,-9.81,0.1,-9.81,0.7
1.7579999999999172,1.7579999999999172,0.08856349556286972,-0.7552936742935522,-0.7552936742935522,-9.81,0.1,-9.81,0.7
1.758999999999917,1.758999999999917,0.08780329688857616,-0.7651036742935522,-0.7651036742935522,-9.81,0.1,-9.81,0.7
1.759999999999917,1.759999999999917,0.08703328821428262,-0.7749136742935522,-0.7749136742935522,-9.81,0.1,-9.81,0.7
1.7609999999999169,1.7609999999999169,0.08625346953998907,-0.7847236742935522,-0.7847236742935522,-9.81,0.1,-9.81,0.7
1.7619999999999167,1.7619999999999167,0.08546384086569553,-0.7945336742935522,-0.7945336742935522,-9.81,0.1,-9.81,0.7
1.7629999999999166,1.7629999999999166,0.08466440219140196,-0.8043436742935521,-0.8043436742935521,-9.81,0.1,-9.81,0.7
1.7639999999999165,1.7639999999999165,0.08385515351710841,-0.8141536742935521,-0.8141536742935521,-9.81,0.1,-9.81,0.7
1.7649999999999164,1.7649999999999164,0.08303609484281485,-0.8239636742935521,-0.8239636742935521,-9.81,0.1,-9.81,0.7
1.7659999999999163,1.7659999999999163,0.0822072261685213,-0.8337736742935521,-0.8337736742935521,-9.81,0.1,-9.81,0.7
1.7669999999999162,1.7669999999999162,0.08136854749422774,-0.8435836742935521,-0.8435836742935521,-9.81,0.1,-9.81,0.7
1.767999999999916,1.767999999999916,0.08052005881993418,-0.8533936742935521,-0.8533936742935521,-9.81,0.1,-9.81,0.7
1.768999999999916,1.768999999999916,0.07966176014564064,-0.863203674293552,-0.863203674293552,-9.81,0.1,-9.81,0.7
1.7699999999999159,1.7699999999999159,0.07879365147134708,-0.873013674293552,-0.873013674293552,-9.81,0.1,-9.81,0.7
1.7709999999999158,1.7709999999999158,0.07791573279705354,-0.882823674293552,-0.882823674293552,-9.81,0.1,-9.81,0.7
1.7719999999999156,1.7719999999999156,0.07702800412275998,-0.892633674293552,-0.892633674293552,-9.81,0.1,-9.81,0.7
1.7729999999999155,1.7729999999999155,0.07613046544846644,-0.902443674293552,-0.902443674293552,-9.81,0.1,-9.81,0.7
1.7739999999999154,1.7739999999999154,0.07522311677417289,-0.912253674293552,-0.912253674293552,-9.81,0.1,-9.81,0.7
1.7749999999999153,1.7749999999999153,0.07430595809987935,-0.922063674293552,-0.922063674293552,-9.81,0.1,-9.81,0.7
1.7759999999999152,1.7759999999999152,0.0733789894255858,-0.931873674293552,-0.931873674293552,-9.81,0.1,-9.81,0.7
1.776999999999915,1.776999999999915,0.07244221075129224,-0.9416836742935519,-0.9416836742935519,-9.81,0.1,-9.81,0.7
1.777999999999915,1.777999999999915,0.07149562207699868,-0.9514936742935519,-0.9514936742935519,-9.81,0.1,-9.81,0.7
1.7789999999999149,1.7789999999999149,0.07053922340270513,-0.9613036742935519,-0.9613036742935519,-9.81,0.1,-9.81,0.7
1.7799999999999148,1.7799999999999148,0.06957301472841157,-0.9711136742935519,-0.9711136742935519,-9.81,0.1,-9.81,0.7
1.7809999999999147,1.7809999999999147,0.06859699605411801,-0.9809236742935519,-0.9809236742935519,-9.81,0.1,-9.81,0.7
1.7819999999999145,1.7819999999999145,0.06761116737982446,-0.9907336742935519,-0.9907336742935519,-9.81,0.1,-9.81,0.7
1.7829999999999144,1.7829999999999144,0.0666155287055309,-1.000543674293552,-1.000543674293552,-9.81,0.1,-9.81,0.7
1.7839999999999143,1.7839999999999143,0.06561008003123736,-1.0103536742935522,-1.0103536742935522,-9.81,0.1,-9.81,0.7
1.7849999999999142,1.7849999999999142,0.0645948213569438,-1.0201636742935523,-1.0201636742935523,-9.81,0.1,-9.81,0.7
1.785999999999914,1.785999999999914,0.06356975268265026,-1.0299736742935524,-1.0299736742935524,-9.81,0.1,-9.81,0.7
1.786999999999914,1.786999999999914,0.06253487400835671,-1.0397836742935525,-1.0397836742935525,-9.81,0.1,-9.81,0.7
1.7879999999999139,1.7879999999999139,0.06149018533406315,-1.0495936742935525,-1.0495936742935525,-9.81,0.1,-9.81,0.7
1.7889999999999138,1.7889999999999138,0.060435686659769595,-1.0594036742935526,-1.0594036742935526,-9.81,0.1,-9.81,0.7
1.7899999999999137,1.7899999999999137,0.059371377985476044,-1.0692136742935527,-1.0692136742935527,-9.81,0.1,-9.81,0.7
1.7909999999999136,1.7909999999999136,0.058297259311182494,-1.0790236742935528,-1.0790236742935528,-9.81,0.1,-9.81,0.7
1.7919999999999134,1.7919999999999134,0.057213330636888944,-1.088833674293553,-1.088833674293553,-9.81,0.1,-9.81,0.7
1.7929999999999133,1.7929999999999133,0.05611959196259539,-1.098643674293553,-1.098643674293553,-9.81,0.1,-9.81,0.7
1.7939999999999132,1.7939999999999132,0.055016043288301834,-1.1084536742935531,-1.1084536742935531,-9.81,0.1,-9.81,0.7
1.794999999999913,1.794999999999913,0.05390268461400828,-1.1182636742935532,-1.1182636742935532,-9.81,0.1,-9.81,0.7
1.795999999999913,1.795999999999913,0.05277951593971473,-1.1280736742935533,-1.1280736742935533,-9.81,0.1,-9.81,0.7
1.796999999999913,1.796999999999913,0.05164653726542118,-1.1378836742935534,-1.1378836742935534,-9.81,0.1,-9.81,0.7
1.7979999999999128,1.7979999999999128,0.05050374859112763,-1.1476936742935535,-1.1476936742935535,-9.81,0.1,-9.81,0.7
1.7989999999999127,1.7989999999999127,0.04935114991683407,-1.1575036742935536,-1.1575036742935536,-9.81,0.1,-9.81,0.7
1.7999999999999126,1.7999999999999126,0.048188741242540516,-1.1673136742935537,-1.1673136742935537,-9.81,0.1,-9.81,0.7
1.8009999999999124,1.8009999999999124,0.047016522568246955,-1.1771236742935538,-1.1771236742935538,-9.81,0.1,-9.81,0.7
1.8019999999999123,1.8019999999999123,0.0458344938939534,-1.186933674293554,-1.186933674293554,-9.81,0.1,-9.81,0.7
1.8029999999999122,1.8029999999999122,0.04464265521965985,-1.196743674293554,-1.196743674293554,-9.81,0.1,-9.81,0.7
1.8039999999999121,1.8039999999999121,0.0434410065453663,-1.206553674293554,-1.206553674293554,-9.81,0.1,-9.81,0.7
1.804999999999912,1.804999999999912,0.04222954787107275,-1.2163636742935542,-1.2163636742935542,-9.81,0.1,-9.81,0.7
1.805999999999912,1.805999999999912,0.04100827919677919,-1.2261736742935543,-1.2261736742935543,-9.81,0.1,-9.81,0.7
1.8069999999999118,1.8069999999999118,0.03977720052248564,-1.2359836742935544,-1.2359836742935544,-9.81,0.1,-9.81,0.7
1.8079999999999117,1.8079999999999117,0.03853631184819208,-1.2457936742935545,-1.2457936742935545,-9.81,0.1,-9.81,0.7
1.8089999999999116,1.8089999999999116,0.03728561317389853,-1.2556036742935546,-1.2556036742935546,-9.81,0.1,-9.81,0.7
1.8099999999999115,1.8099999999999115,0.03602510449960498,-1.2654136742935547,-1.2654136742935547,-9.81,0.1,-9.81,0.7
1.8109999999999113,1.8109999999999113,0.03475478582531143,-1.2752236742935548,-1.2752236742935548,-9.81,0.1,-9.81,0.7
1.8119999999999112,1.8119999999999112,0.03347465715101787,-1.2850336742935549,-1.2850336742935549,-9.81,0.1,-9.81,0.7
1.8129999999999111,1.8129999999999111,0.032184718476724314,-1.294843674293555,-1.294843674293555,-9.81,0.1,-9.81,0.7
1.813999999999911,1.813999999999911,0.030884969802430755,-1.304653674293555,-1.304653674293555,-9.81,0.1,-9.81,0.7
1.814999999999911,1.814999999999911,0.0295754111281372,-1.3144636742935552,-1.3144636742935552,-9.81,0.1,-9.81,0.7
1.8159999999999108,1.8159999999999108,0.02825604245384365,-1.3242736742935552,-1.3242736742935552,-9.81,0.1,-9.81,0.7
1.8169999999999107,1.8169999999999107,0.026926863779550093,-1.3340836742935553,-1.3340836742935553,-9.81,0.1,-9.81,0.7
1.8179999999999106,1.8179999999999106,0.02558787510525654,-1.3438936742935554,-1.3438936742935554,-9.81,0.1,-9.81,0.7
1.8189999999999105,1.8189999999999105,0.024239076430962982,-1.3537036742935555,-1.3537036742935555,-9.81,0.1,-9.81,0.7
1.8199999999999104,1.8199999999999104,0.022880467756669423,-1.3635136742935556,-1.3635136742935556,-9.81,0.1,-9.81,0.7
1.8209999999999102,1.8209999999999102,0.02151204908237587,-1.3733236742935557,-1.3733236742935557,-9.81,0.1,-9.81,0.7
1.8219999999999101,1.8219999999999101,0.020133820408082315,-1.3831336742935558,-1.3831336742935558,-9.81,0.1,-9.81,0.7
1.82299999999991,1.82299999999991,0.01874578173378876,-1.392943674293556,-1.392943674293556,-9.81,0.1,-9.81,0.7
1.82399999999991,1.82399999999991,0.017347933059495203,-1.402753674293556,-1.402753674293556,-9.81,0.1,-9.81,0.7
1.8249999999999098,1.8249999999999098,0.015940274385201646,-1.4125636742935561,-1.4125636742935561,-9.81,0.1,-9.81,0.7
1.8259999999999097,1.8259999999999097,0.01452280571090809,-1.4223736742935562,-1.4223736742935562,-9.81,0.1,-9.81,0.7
1.8269999999999096,1.8269999999999096,0.013095527036614535,-1.4321836742935563,-1.4321836742935563,-9.81,0.1,-9.81,0.7
1.8279999999999095,1.8279999999999095,0.01165843836232098,-1.4419936742935564,-1.4419936742935564,-9.81,0.1,-9.81,0.7
1.8289999999999094,1.8289999999999094,0.010211539688027424,-1.4518036742935565,-1.4518036742935565,-9.81,0.1,-9.81,0.7
1.8299999999999093,1.8299999999999093,0.008754831013733868,-1.4616136742935566,-1.4616136742935566,-9.81,0.1,-9.81,0.7
1.8309999999999091,1.8309999999999091,0.007288312339440312,-1.4714236742935567,-1.4714236742935567,-9.81,0.1,-9.81,0.7
1.831999999999909,1.831999999999909,0.005811983665146754,-1.4812336742935568,-1.4812336742935568,-9.81,0.1,-9.81,0.7
1.832999999999909,1.832999999999909,0.004325844990853198,-1.4910436742935569,-1.4910436742935569,-9.81,0.1,-9.81,0.7
1.8339999999999088,1.8339999999999088,0.0028298963165596406,-1.500853674293557,-1.500853674293557,-9.81,0.1,-9.81,0.7
1.8349999999999087,1.8349999999999087,0.0013241376422660836,-1.510663674293557,-1.510663674293557,-9.81,0.1,-9.81,0.7
1.835874046588522,1.835874046588522,-3.0917109150596644e-14,-1.519238071327854,-1.519238071327854,-9.81,0.1,-9.81,0.7
1.8359999999999086,1.8359999999999086,0.0001330968783337629,1.0622310469637943,1.0622310469637943,-9.81,0.1,-9.81,0.7
1.8369999999999085,1.8369999999999085,0.0011876949847522546,1.0524210469637942,1.0524210469637942,-9.81,0.1,-9.81,0.7
1.8379999999999084,1.8379999999999084,0.0022341880745320084,1.0426110469637941,1.0426110469637941,-9.81,0.1,-9.81,0.7
1.8389999999999083,1.8389999999999083,0.003271533524882593,1.032801046963794,1.032801046963794,-9.81,0.1,-9.81,0.7
1.8399999999999082,1.8399999999999082,0.004299301284052258,1.022991046963794,1.022991046963794,-9.81,0.1,-9.81,0.7
1.840999999999908,1.840999999999908,0.005317341754612261,1.0131810469637939,1.0131810469637939,-9.81,0.1,-9.81,0.7
1.841999999999908,1.841999999999908,0.006325601606343488,1.003371046963794,1.003371046963794,-9.81,0.1,-9.81,0.7
1.8429999999999078,1.8429999999999078,0.007324061898639042,0.993561046963794,0.993561046963794,-9.81,0.1,-9.81,0.7
1.8439999999999077,1.8439999999999077,0.008312715900780764,0.983751046963794,0.983751046963794,-9.81,0.1,-9.81,0.7
1.8449999999999076,1.8449999999999076,0.009291561221152857,0.973941046963794,0.973941046963794,-9.81,0.1,-9.81,0.7
1.8459999999999075,1.8459999999999075,0.010260597009934988,0.964131046963794,0.964131046963794,-9.81,0.1,-9.81,0.7
1.8469999999999074,1.8469999999999074,0.011219822965158442,0.954321046963794,0.954321046963794,-9.81,0.1,-9.81,0.7
1.8479999999999073,1.8479999999999073,0.01216923897952391,0.9445110469637941,0.9445110469637941,-9.81,0.1,-9.81,0.7
1.8489999999999072,1.8489999999999072,0.013108845014904459,0.9347010469637941,0.9347010469637941,-9.81,0.1,-9.81,0.7
1.849999999999907,1.849999999999907,0.014038641057752349,0.9248910469637941,0.9248910469637941,-9.81,0.1,-9.81,0.7
1.850999999999907,1.850999999999907,0.01495862710325363,0.9150810469637941,0.9150810469637941,-9.81,0.1,-9.81,0.7
1.8519999999999068,1.8519999999999068,0.015868803149697745,0.9052710469637941,0.9052710469637941,-9.81,0.1,-9.81,0.7
1.8529999999999067,1.8529999999999067,0.01676916919647688,0.8954610469637941,0.8954610469637941,-9.81,0.1,-9.81,0.7
1.8539999999999066,1.8539999999999066,0.017659725243375057,0.8856510469637942,0.8856510469637942,-9.81,0.1,-9.81,0.7
1.8549999999999065,1.8549999999999065,0.01854047129031554,0.8758410469637942,0.8758410469637942,-9.81,0.1,-9.81,0.7
1.8559999999999064,1.8559999999999064,0.019411407337271147,0.8660310469637942,0.8660310469637942,-9.81,0.1,-9.81,0.7
1.8569999999999063,1.8569999999999063,0.02027253338423232,0.8562210469637942,0.8562210469637942,-9.81,0.1,-9.81,0.7
1.8579999999999062,1.8579999999999062,0.021123849431195243,0.8464110469637942,0.8464110469637942,-9.81,0.1,-9.81,0.7
1.858999999999906,1.858999999999906,0.021965355478158744,0.8366010469637942,0.8366010469637942,-9.81,0.1,-9.81,0.7
1.859999999999906,1.859999999999906,0.02279705152512244,0.8267910469637942,0.8267910469637942,-9.81,0.1,-9.81,0.7
1.8609999999999058,1.8609999999999058,0.023618937572086204,0.8169810469637943,0.8169810469637943,-9.81,0.1,-9.81,0.7
1.8619999999999057,1.8619999999999057,0.024431013619049986,0.8071710469637943,0.8071710469637943,-9.81,0.1,-9.81,0.7
1.8629999999999056,1.8629999999999056,0.025233279666013776,0.7973610469637943,0.7973610469637943,-9.81,0.1,-9.81,0.7
1.8639999999999055,1.8639999999999055,0.026025735712977567,0.7875510469637943,0.7875510469637943,-9.81,0.1,-9.81,0.7
1.8649999999999054,1.8649999999999054,0.026808381759941362,0.7777410469637943,0.7777410469637943,-9.81,0.1,-9.81,0.7
1.8659999999999053,1.8659999999999053,0.027581217806905155,0.7679310469637943,0.7679310469637943,-9.81,0.1,-9.81,0.7
1.8669999999999052,1.8669999999999052,0.02834424385386895,0.7581210469637943,0.7581210469637943,-9.81,0.1,-9.81,0.7
1.867999999999905,1.867999999999905,0.029097459900832748,0.7483110469637944,0.7483110469637944,-9.81,0.1,-9.81,0.7
1.868999999999905,1.868999999999905,0.02984086594779654,0.7385010469637944,0.7385010469637944,-9.81,0.1,-9.81,0.7
1.8699999999999048,1.8699999999999048,0.030574461994760334,0.7286910469637944,0.7286910469637944,-9.81,0.1,-9.81,0.7
1.8709999999999047,1.8709999999999047,0.031298248041724125,0.7188810469637944,0.7188810469637944,-9.81,0.1,-9.81,0.7
1.8719999999999046,1.8719999999999046,0.032012224088687924,0.7090710469637944,0.7090710469637944,-9.81,0.1,-9.81,0.7
1.8729999999999045,1.8729999999999045,0.03271639013565172,0.6992610469637944,0.6992610469637944,-9.81,0.1,-9.81,0.7
1.8739999999999044,1.8739999999999044,0.03341074618261551,0.6894510469637944,0.6894510469637944,-9.81,0.1,-9.81,0.7
1.8749999999999043,1.8749999999999043,0.034095292229579306,0.6796410469637945,0.6796410469637945,-9.81,0.1,-9.81,0.7
1.8759999999999042,1.8759999999999042,0.034770028276543095,0.6698310469637945,0.6698310469637945,-9.81,0.1,-9.81,0.7
1.876999999999904,1.876999999999904,0.03543495432350689,0.6600210469637945,0.6600210469637945,-9.81,0.1,-9.81,0.7
1.877999999999904,1.877999999999904,0.03609007037047069,0.6502110469637945,0.6502110469637945,-9.81,0.1,-9.81,0.7
1.8789999999999039,1.8789999999999039,0.03673537641743448,0.6404010469637945,0.6404010469637945,-9.81,0.1,-9.81,0.7
1.8799999999999037,1.8799999999999037,0.03737087246439828,0.6305910469637945,0.6305910469637945,-9.81,0.1,-9.81,0.7
1.8809999999999036,1.8809999999999036,0.03799655851136207,0.6207810469637945,0.6207810469637945,-9.81,0.1,-9.81,0.7
1.8819999999999035,1.8819999999999035,0.038612434558325866,0.6109710469637946,0.6109710469637946,-9.81,0.1,-9.81,0.7
1.8829999999999034,1.8829999999999034,0.03921850060528966,0.6011610469637946,0.6011610469637946,-9.81,0.1,-9.81,0.7
1.8839999999999033,1.8839999999999033,0.03981475665225345,0.5913510469637946,0.5913510469637946,-9.81,0.1,-9.81,0.7
1.8849999999999032,1.8849999999999032,0.04040120269921725,0.5815410469637946,0.5815410469637946,-9.81,0.1,-9.81,0.7
1.885999999999903,1.885999999999903,0.04097783874618105,0.5717310469637946,0.5717310469637946,-9.81,0.1,-9.81,0.7
1.886999999999903,1.886999999999903,0.04154466479314484,0.5619210469637946,0.5619210469637946,-9.81,0.1,-9.81,0.7
1.8879999999999029,1.8879999999999029,0.04210168084010864,0.5521110469637946,0.5521110469637946,-9.81,0.1,-9.81,0.7
1.8889999999999028,1.8889999999999028,0.042648886887072426,0.5423010469637947,0.5423010469637947,-9.81,0.1,-9.81,0.7
1.8899999999999026,1.8899999999999026,0.04318628293403622,0.5324910469637947,0.5324910469637947,-9.81,0.1,-9.81,0.7
1.8909999999999025,1.8909999999999025,0.04371386898100002,0.5226810469637947,0.5226810469637947,-9.81,0.1,-9.81,0.7
1.8919999999999024,1.8919999999999024,0.04423164502796381,0.5128710469637947,0.5128710469637947,-9.81,0.1,-9.81,0.7
1.8929999999999023,1.8929999999999023,0.04473961107492761,0.5030610469637947,0.5030610469637947,-9.81,0.1,-9.81,0.7
1.8939999999999022,1.8939999999999022,0.045237767121891405,0.49325104696379474,0.49325104696379474,-9.81,0.1,-9.81,0.7
1.894999999999902,1.894999999999902,0.0457261131688552,0.48344104696379475,0.48344104696379475,-9.81,0.1,-9.81,0.7
1.895999999999902,1.895999999999902,0.046204649215818995,0.47363104696379477,0.47363104696379477,-9.81,0.1,-9.81,0.7
1.8969999999999019,1.8969999999999019,0.046673375262782785,0.4638210469637948,0.4638210469637948,-9.81,0.1,-9.81,0.7
1.8979999999999018,1.8979999999999018,0.04713229130974658,0.4540110469637948,0.4540110469637948,-9.81,0.1,-9.81,0.7
1.8989999999999017,1.8989999999999017,0.04758139735671038,0.4442010469637948,0.4442010469637948,-9.81,0.1,-9.81,0.7
1.8999999999999015,1.8999999999999015,0.048020693403674174,0.4343910469637948,0.4343910469637948,-9.81,0.1,-9.81,0.7
1.9009999999999014,1.9009999999999014,0.048450179450637974,0.42458104696379484,0.42458104696379484,-9.81,0.1,-9.81,0.7
1.9019999999999013,1.9019999999999013,0.04886985549760176,0.41477104696379485,0.41477104696379485,-9.81,0.1,-9.81,0.7
1.9029999999999012,1.9029999999999012,0.04927972154456556,0.40496104696379487,0.40496104696379487,-9.81,0.1,-9.81,0.7
1.903999999999901,1.903999999999901,0.049679777591529355,0.3951510469637949,0.3951510469637949,-9.81,0.1,-9.81,0.7
1.904999999999901,1.904999999999901,0.050070023638493145,0.3853410469637949,0.3853410469637949,-9.81,0.1,-9.81,0.7
1.9059999999999009,1.9059999999999009,0.050450459685456944,0.3755310469637949,0.3755310469637949,-9.81,0.1,-9.81,0.7
1.9069999999999008,1.9069999999999008,0.050821085732420744,0.3657210469637949,0.3657210469637949,-9.81,0.1,-9.81,0.7
1.9079999999999007,1.9079999999999007,0.05118190177938454,0.35591104696379494,0.35591104696379494,-9.81,0.1,-9.81,0.7
1.9089999999999006,1.9089999999999006,0.05153290782634833,0.34610104696379496,0.34610104696379496,-9.81,0.1,-9.81,0.7
1.9099999999999004,1.9099999999999004,0.05187410387331212,0.33629104696379497,0.33629104696379497,-9.81,0.1,-9.81,0.7
1.9109999999999003,1.9109999999999003,0.05220548992027592,0.326481046963795,0.326481046963795,-9.81,0.1,-9.81,0.7
1.9119999999999002,1.9119999999999002,0.05252706596723972,0.316671046963795,0.316671046963795,-9.81,0.1,-9.81,0.7
1.9129999999999001,1.9129999999999001,0.05283883201420351,0.306861046963795,0.306861046963795,-9.81,0.1,-9.81,0.7
1.9139999999999,1.9139999999999,0.05314078806116731,0.29705104696379503,0.29705104696379503,-9.81,0.1,-9.81,0.7
1.9149999999999,1.9149999999999,0.05343293410813111,0.28724104696379504,0.28724104696379504,-9.81,0.1,-9.81,0.7
1.9159999999998998,1.9159999999998998,0.0537152701550949,0.27743104696379506,0.27743104696379506,-9.81,0.1,-9.81,0.7
1.9169999999998997,1.9169999999998997,0.053987796202058694,0.2676210469637951,0.2676210469637951,-9.81,0.1,-9.81,0.7
1.9179999999998996,1.9179999999998996,0.054250512249022484,0.2578110469637951,0.2578110469637951,-9.81,0.1,-9.81,0.7
1.9189999999998995,1.9189999999998995,0.05450341829598628,0.24800104696379507,0.24800104696379507,-9.81,0.1,-9.81,0.7
1.9199999999998993,1.9199999999998993,0.05474651434295008,0.23819104696379506,0.23819104696379506,-9.81,0.1,-9.81,0.7
1.9209999999998992,1.9209999999998992,0.054979800389913874,0.22838104696379505,0.22838104696379505,-9.81,0.1,-9.81,0.7
1.9219999999998991,1.9219999999998991,0.055203276436877675,0.21857104696379503,0.21857104696379503,-9.81,0.1,-9.81,0.7
1.922999999999899,1.922999999999899,0.05541694248384147,0.20876104696379502,0.20876104696379502,-9.81,0.1,-9.81,0.7
1.923999999999899,1.923999999999899,0.05562079853080526,0.198951046963795,0.198951046963795,-9.81,0.1,-9.81,0.7
1.9249999999998988,1.9249999999998988,0.05581484457776906,0.189141046963795,0.189141046963795,-9.81,0.1,-9.81,0.7
1.9259999999998987,1.9259999999998987,0.05599908062473285,0.17933104696379498,0.17933104696379498,-9.81,0.1,-9.81,0.7
1.9269999999998986,1.9269999999998986,0.05617350667169665,0.16952104696379497,0.16952104696379497,-9.81,0.1,-9.81,0.7
1.9279999999998985,1.9279999999998985,0.05633812271866045,0.15971104696379496,0.15971104696379496,-9.81,0.1,-9.81,0.7
1.9289999999998984,1.9289999999998984,0.056492928765624235,0.14990104696379494,0.14990104696379494,-9.81,0.1,-9.81,0.7
1.9299999999998982,1.9299999999998982,0.05663792481258803,0.14009104696379493,0.14009104696379493,-9.81,0.1,-9.81,0.7
1.9309999999998981,1.9309999999998981,0.05677311085955183,0.13028104696379492,0.13028104696379492,-9.81,0.1,-9.81,0.7
1.931999999999898,1.931999999999898,0.05689848690651562,0.12047104696379493,0.12047104696379493,-9.81,0.1,-9.81,0.7
1.932999999999898,1.932999999999898,0.057014052953479416,0.11066104696379493,0.11066104696379493,-9.81,0.1,-9.81,0.7
1.9339999999998978,1.9339999999998978,0.05711980900044321,0.10085104696379493,0.10085104696379493,-9.81,0.1,-9.81,0.7
1.9349999999998977,1.9349999999998977,0.05721575504740701,0.09104104696379493,0.09104104696379493,-9.81,0.1,-9.81,0.7
1.9359999999998976,1.9359999999998976,0.057301891094370803,0.08123104696379493,0.08123104696379493,-9.81,0.1,-9.81,0.7
1.9369999999998975,1.9369999999998975,0.05737821714133459,0.07142104696379493,0.07142104696379493,-9.81,0.1,-9.81,0.7
1.9379999999998974,1.9379999999998974,0.05744473318829839,0.061611046963794935,0.061611046963794935,-9.81,0.1,-9.81,0.7
1.9389999999998973,1.9389999999998973,0.057501439235262186,0.05180104696379493,0.05180104696379493,-9.81,0.1,-9.81,0.7
1.9399999999998971,1.9399999999998971,0.05754833528222598,0.04199104696379494,0.04199104696379494,-9.81,0.1,-9.81,0.7
1.940999999999897,1.940999999999897,0.05758542132918978,0.03218104696379493,0.03218104696379493,-9.81,0.1,-9.81,0.7
1.941999999999897,1.941999999999897,0.05761269737615357,0.022371046963794935,0.022371046963794935,-9.81,0.1,-9.81,0.7
1.9429999999998968,1.9429999999998968,0.057630163423117366,0.012561046963794932,0.012561046963794932,-9.81,0.1,-9.81,0.7
1.9439999999998967,1.9439999999998967,0.05763781947008116,0.0027510469637949345,0.0027510469637949345,-9.81,0.1,-9.81,0.7
1.9449999999998966,1.9449999999998966,0.05763566551704495,-0.007058953036205068,-0.007058953036205068,-9.81,0.1,-9.81,0.7
1.9459999999998965,1.9459999999998965,0.05762370156400875,-0.016868953036205066,-0.016868953036205066,-9.81,0.1,-9.81,0.7
1.9469999999998964,1.9469999999998964,0.05760192761097255,-0.026678953036205072,-0.026678953036205072,-9.81,0.1,-9.81,0.7
1.9479999999998963,1.9479999999998963,0.05757034365793634,-0.03648895303620507,-0.03648895303620507,-9.81,0.1,-9.81,0.7
1.9489999999998961,1.9489999999998961,0.05752894970490014,-0.04629895303620507,-0.04629895303620507,-9.81,0.1,-9.81,0.7
1.949999999999896,1.949999999999896,0.05747774575186393,-0.05610895303620507,-0.05610895303620507,-9.81,0.1,-9.81,0.7
1.950999999999896,1.950999999999896,0.057416731798827725,-0.06591895303620507,-0.06591895303620507,-9.81,0.1,-9.81,0.7
1.9519999999998958,1.9519999999998958,0.05734590784579152,-0.07572895303620507,-0.07572895303620507,-9.81,0.1,-9.81,0.7
1.9529999999998957,1.9529999999998957,0.05726527389275531,-0.08553895303620507,-0.08553895303620507,-9.81,0.1,-9.81,0.7
1.9539999999998956,1.9539999999998956,0.05717482993971911,-0.09534895303620507,-0.09534895303620507,-9.81,0.1,-9.81,0.7
1.9549999999998955,1.9549999999998955,0.057074575986682904,-0.10515895303620507,-0.10515895303620507,-9.81,0.1,-9.81,0.7
1.9559999999998954,1.9559999999998954,0.056964512033646705,-0.11496895303620507,-0.11496895303620507,-9.81,0.1,-9.81,0.7
1.9569999999998953,1.9569999999998953,0.0568446380806105,-0.12477895303620506,-0.12477895303620506,-9.81,0.1,-9.81,0.7
1.9579999999998952,1.9579999999998952,0.05671495412757429,-0.13458895303620505,-0.13458895303620505,-9.81,0.1,-9.81,0.7
1.958999999999895,1.958999999999895,0.056575460174538086,-0.14439895303620506,-0.14439895303620506,-9.81,0.1,-9.81,0.7
1.959999999999895,1.959999999999895,0.056426156221501884,-0.15420895303620508,-0.15420895303620508,-9.81,0.1,-9.81,0.7
1.9609999999998948,1.9609999999998948,0.056267042268465677,-0.1640189530362051,-0.1640189530362051,-9.81,0.1,-9.81,0.7
1.9619999999998947,1.9619999999998947,0.05609811831542948,-0.1738289530362051,-0.1738289530362051,-9.81,0.1,-9.81,0.7
1.9629999999998946,1.9629999999998946,0.055919384362393264,-0.18363895303620512,-0.18363895303620512,-9.81,0.1,-9.81,0.7
1.9639999999998945,1.9639999999998945,0.05573084040935706,-0.19344895303620513,-0.19344895303620513,-9.81,0.1,-9.81,0.7
1.9649999999998944,1.9649999999998944,0.055532486456320855,-0.20325895303620514,-0.20325895303620514,-9.81,0.1,-9.81,0.7
1.9659999999998943,1.9659999999998943,0.055324322503284645,-0.21306895303620516,-0.21306895303620516,-9.81,0.1,-9.81,0.7
1.9669999999998942,1.9669999999998942,0.055106348550248443,-0.22287895303620517,-0.22287895303620517,-9.81,0.1,-9.81,0.7
1.967999999999894,1.967999999999894,0.05487856459721224,-0.23268895303620518,-0.23268895303620518,-9.81,0.1,-9.81,0.7
1.968999999999894,1.968999999999894,0.054640970644176036,-0.2424989530362052,-0.2424989530362052,-9.81,0.1,-9.81,0.7
1.9699999999998938,1.9699999999998938,0.05439356669113983,-0.2523089530362052,-0.2523089530362052,-9.81,0.1,-9.81,0.7
1.9709999999998937,1.9709999999998937,0.05413635273810362,-0.2621189530362052,-0.2621189530362052,-9.81,0.1,-9.81,0.7
1.9719999999998936,1.9719999999998936,0.053869328785067415,-0.2719289530362052,-0.2719289530362052,-9.81,0.1,-9.81,0.7
1.9729999999998935,1.9729999999998935,0.05359249483203121,-0.28173895303620516,-0.28173895303620516,-9.81,0.1,-9.81,0.7
1.9739999999998934,1.9739999999998934,0.053305850878995004,-0.29154895303620515,-0.29154895303620515,-9.81,0.1,-9.81,0.7
1.9749999999998933,1.9749999999998933,0.0530093969259588,-0.30135895303620513,-0.30135895303620513,-9.81,0.1,-9.81,0.7
1.9759999999998932,1.9759999999998932,0.0527031329729226,-0.3111689530362051,-0.3111689530362051,-9.81,0.1,-9.81,0.7
1.976999999999893,1.976999999999893,0.05238705901988639,-0.3209789530362051,-0.3209789530362051,-9.81,0.1,-9.81,0.7
1.977999999999893,1.977999999999893,0.052061175066850186,-0.3307889530362051,-0.3307889530362051,-9.81,0.1,-9.81,0.7
1.9789999999998928,1.9789999999998928,0.051725481113813976,-0.3405989530362051,-0.3405989530362051,-9.81,0.1,-9.81,0.7
1.9799999999998927,1.9799999999998927,0.05137997716077777,-0.35040895303620506,-0.35040895303620506,-9.81,0.1,-9.81,0.7
1.9809999999998926,1.9809999999998926,0.05102466320774157,-0.36021895303620505,-0.36021895303620505,-9.81,0.1,-9.81,0.7
1.9819999999998925,1.9819999999998925,0.050659539254705364,-0.37002895303620503,-0.37002895303620503,-9.81,0.1,-9.81,0.7
1.9829999999998924,1.9829999999998924,0.050284605301669165,-0.379838953036205,-0.379838953036205,-9.81,0.1,-9.81,0.7
1.9839999999998923,1.9839999999998923,0.04989986134863296,-0.389648953036205,-0.389648953036205,-9.81,0.1,-9.81,0.7
1.9849999999998922,1.9849999999998922,0.04950530739559675,-0.399458953036205,-0.399458953036205,-9.81,0.1,-9.81,0.7
1.985999999999892,1.985999999999892,0.049100943442560545,-0.409268953036205,-0.409268953036205,-9.81,0.1,-9.81,0.7
1.986999999999892,1.986999999999892,0.048686769489524336,-0.41907895303620496,-0.41907895303620496,-9.81,0.1,-9.81,0.7
1.9879999999998919,1.9879999999998919,0.048262785536488134,-0.42888895303620495,-0.42888895303620495,-9.81,0.1,-9.81,0.7
1.9889999999998917,1.9889999999998917,0.047828991583451934,-0.43869895303620493,-0.43869895303620493,-9.81,0.1,-9.81,0.7
1.9899999999998916,1.9899999999998916,0.04738538763041573,-0.4485089530362049,-0.4485089530362049,-9.81,0.1,-9.81,0.7
1.9909999999998915,1.9909999999998915,0.04693197367737952,-0.4583189530362049,-0.4583189530362049,-9.81,0.1,-9.81,0.7
1.9919999999998914,1.9919999999998914,0.04646874972434332,-0.4681289530362049,-0.4681289530362049,-9.81,0.1,-9.81,0.7
1.9929999999998913,1.9929999999998913,0.04599571577130711,-0.47793895303620487,-0.47793895303620487,-9.81,0.1,-9.81,0.7
1.9939999999998912,1.9939999999998912,0.045512871818270906,-0.48774895303620486,-0.48774895303620486,-9.81,0.1,-9.81,0.7
1.994999999999891,1.994999999999891,0.0450202178652347,-0.4975589530362049,-0.4975589530362049,-9.81,0.1,-9.81,0.7
1.995999999999891,1.995999999999891,0.0445177539121985,-0.5073689530362049,-0.5073689530362049,-9.81,0.1,-9.81,0.7
1.9969999999998909,1.9969999999998909,0.0440054799591623,-0.5171789530362049,-0.5171789530362049,-9.81,0.1,-9.81,0.7
1.9979999999998908,1.9979999999998908,0.043483396006126086,-0.5269889530362049,-0.5269889530362049,-9.81,0.1,-9.81,0.7
1.9989999999998906,1.9989999999998906,0.04295150205308988,-0.5367989530362048,-0.5367989530362048,-9.81,0.1,-9.81,0.7
1.9999999999998905,1.9999999999998905,0.0424097981000538,-0.5466089530362026,-0.5466089530362026,-9.81,0.1,-9.81,0.7
2.0009999999998906,2.0009999999998906,0.04185828414701747,-0.5564189530362048,-0.5564189530362048,-9.81,0.1,-9.81,0.7
2.0019999999998905,2.0019999999998905,0.04129696019398127,-0.5662289530362048,-0.5662289530362048,-9.81,0.1,-9.81,0.7
2.0029999999998904,2.0029999999998904,0.04072582624094506,-0.5760389530362048,-0.5760389530362048,-9.81,0.1,-9.81,0.7
2.0039999999998903,2.0039999999998903,0.04014488228790886,-0.5858489530362048,-0.5858489530362048,-9.81,0.1,-9.81,0.7
2.00499999999989,2.00499999999989,0.03955412833487266,-0.5956589530362048,-0.5956589530362048,-9.81,0.1,-9.81,0.7
2.00599999999989,2.00599999999989,0.03895356438183645,-0.6054689530362047,-0.6054689530362047,-9.81,0.1,-9.81,0.7
2.00699999999989,2.00699999999989,0.038343190428800245,-0.6152789530362047,-0.6152789530362047,-9.81,0.1,-9.81,0.7
2.00799999999989,2.00799999999989,0.03772300647576404,-0.6250889530362047,-0.6250889530362047,-9.81,0.1,-9.81,0.7
2.0089999999998898,2.0089999999998898,0.037093012522727835,-0.6348989530362047,-0.6348989530362047,-9.81,0.1,-9.81,0.7
2.0099999999998897,2.0099999999998897,0.036453208569691635,-0.6447089530362047,-0.6447089530362047,-9.81,0.1,-9.81,0.7
2.0109999999998895,2.0109999999998895,0.03580359461665543,-0.6545189530362047,-0.6545189530362047,-9.81,0.1,-9.81,0.7
2.0119999999998894,2.0119999999998894,0.035144170663619224,-0.6643289530362047,-0.6643289530362047,-9.81,0.1,-9.81,0.7
2.0129999999998893,2.0129999999998893,0.03447493671058302,-0.6741389530362046,-0.6741389530362046,-9.81,0.1,-9.81,0.7
2.013999999999889,2.013999999999889,0.03379589275754681,-0.6839489530362046,-0.6839489530362046,-9.81,0.1,-9.81,0.7
2.014999999999889,2.014999999999889,0.03310703880451061,-0.6937589530362046,-0.6937589530362046,-9.81,0.1,-9.81,0.7
2.015999999999889,2.015999999999889,0.0324083748514744,-0.7035689530362046,-0.7035689530362046,-9.81,0.1,-9.81,0.7
2.016999999999889,2.016999999999889,0.0316999008984382,-0.7133789530362046,-0.7133789530362046,-9.81,0.1,-9.81,0.7
2.0179999999998888,2.0179999999998888,0.030981616945401996,-0.7231889530362046,-0.7231889530362046,-9.81,0.1,-9.81,0.7
2.0189999999998887,2.0189999999998887,0.030253522992365795,-0.7329989530362045,-0.7329989530362045,-9.81,0.1,-9.81,0.7
2.0199999999998886,2.0199999999998886,0.02951561903932959,-0.7428089530362045,-0.7428089530362045,-9.81,0.1,-9.81,0.7
2.0209999999998884,2.0209999999998884,0.028767905086293385,-0.7526189530362045,-0.7526189530362045,-9.81,0.1,-9.81,0.7
2.0219999999998883,2.0219999999998883,0.02801038113325718,-0.7624289530362045,-0.7624289530362045,-9.81,0.1,-9.81,0.7
2.022999999999888,2.022999999999888,0.02724304718022098,-0.7722389530362045,-0.7722389530362045,-9.81,0.1,-9.81,0.7
2.023999999999888,2.023999999999888,0.026465903227184773,-0.7820489530362045,-0.7820489530362045,-9.81,0.1,-9.81,0.7
2.024999999999888,2.024999999999888,0.025678949274148568,-0.7918589530362045,-0.7918589530362045,-9.81,0.1,-9.81,0.7
2.025999999999888,2.025999999999888,0.024882185321112364,-0.8016689530362044,-0.8016689530362044,-9.81,0.1,-9.81,0.7
2.026999999999888,2.026999999999888,0.02407561136807616,-0.8114789530362044,-0.8114789530362044,-9.81,0.1,-9.81,0.7
2.0279999999998877,2.0279999999998877,0.023259227415039954,-0.8212889530362044,-0.8212889530362044,-9.81,0.1,-9.81,0.7
2.0289999999998876,2.0289999999998876,0.02243303346200375,-0.8310989530362044,-0.8310989530362044,-9.81,0.1,-9.81,0.7
2.0299999999998875,2.0299999999998875,0.021597029508967545,-0.8409089530362044,-0.8409089530362044,-9.81,0.1,-9.81,0.7
2.0309999999998873,2.0309999999998873,0.020751215555931343,-0.8507189530362044,-0.8507189530362044,-9.81,0.1,-9.81,0.7
2.0319999999998872,2.0319999999998872,0.019895591602895137,-0.8605289530362044,-0.8605289530362044,-9.81,0.1,-9.81,0.7
2.032999999999887,2.032999999999887,0.019030157649858933,-0.8703389530362043,-0.8703389530362043,-9.81,0.1,-9.81,0.7
2.033999999999887,2.033999999999887,0.018154913696822726,-0.8801489530362043,-0.8801489530362043,-9.81,0.1,-9.81,0.7
2.034999999999887,2.034999999999887,0.017269859743786524,-0.8899589530362043,-0.8899589530362043,-9.81,0.1,-9.81,0.7
2.035999999999887,2.035999999999887,0.01637499579075032,-0.8997689530362043,-0.8997689530362043,-9.81,0.1,-9.81,0.7
2.0369999999998867,2.0369999999998867,0.015470321837714114,-0.9095789530362043,-0.9095789530362043,-9.81,0.1,-9.81,0.7
2.0379999999998866,2.0379999999998866,0.014555837884677911,-0.9193889530362043,-0.9193889530362043,-9.81,0.1,-9.81,0.7
2.0389999999998865,2.0389999999998865,0.013631543931641706,-0.9291989530362043,-0.9291989530362043,-9.81,0.1,-9.81,0.7
2.0399999999998863,2.0399999999998863,0.012697439978605504,-0.9390089530362042,-0.9390089530362042,-9.81,0.1,-9.81,0.7
2.0409999999998862,2.0409999999998862,0.011753526025569299,-0.9488189530362042,-0.9488189530362042,-9.81,0.1,-9.81,0.7
2.041999999999886,2.041999999999886,0.010799802072533095,-0.9586289530362042,-0.9586289530362042,-9.81,0.1,-9.81,0.7
2.042999999999886,2.042999999999886,0.00983626811949689,-0.9684389530362042,-0.9684389530362042,-9.81,0.1,-9.81,0.7
2.043999999999886,2.043999999999886,0.008862924166460687,-0.9782489530362042,-0.9782489530362042,-9.81,0.1,-9.81,0.7
2.044999999999886,2.044999999999886,0.007879770213424482,-0.9880589530362042,-0.9880589530362042,-9.81,0.1,-9.81,0.7
2.0459999999998857,2.0459999999998857,0.0068868062603882774,-0.9978689530362043,-0.9978689530362043,-9.81,0.1,-9.81,0.7
2.0469999999998856,2.0469999999998856,0.0058840323073520735,-1.0076789530362045,-1.0076789530362045,-9.81,0.1,-9.81,0.7
2.0479999999998855,2.0479999999998855,0.004871448354315869,-1.0174889530362046,-1.0174889530362046,-9.81,0.1,-9.81,0.7
2.0489999999998854,2.0489999999998854,0.0038490544012796646,-1.0272989530362047,-1.0272989530362047,-9.81,0.1,-9.81,0.7
2.0499999999998852,2.0499999999998852,0.00281685044824346,-1.0371089530362048,-1.0371089530362048,-9.81,0.1,-9.81,0.7
2.050999999999885,2.050999999999885,0.001774836495207255,-1.0469189530362049,-1.0469189530362049,-9.81,0.1,-9.81,0.7
2.051999999999885,2.051999999999885,0.0007230125421710503,-1.056728953036205,-1.056728953036205,-9.81,0.1,-9.81,0.7
2.052682039460327,2.052682039460327,-2.575424682543792e-14,-1.0634197601431408,-1.0634197601431408,-9.81,0.1,-9.81,0.7
2.052999999999885,2.052999999999885,0.00023453079528668584,0.7412746392071368,0.7412746392071368,-9.81,0.1,-9.81,0.7
2.053999999999885,2.053999999999885,0.000968740155180116,0.7314646392071368,0.7314646392071368,-9.81,0.1,-9.81,0.7
2.0549999999998847,2.0549999999998847,0.0016944840290244283,0.7216546392071368,0.7216546392071368,-9.81,0.1,-9.81,0.7
2.0559999999998846,2.0559999999998846,0.0024109463977908894,0.7118446392071368,0.7118446392071368,-9.81,0.1,-9.81,0.7
2.0569999999998845,2.0569999999998845,0.00311778382033639,0.7020346392071368,0.7020346392071368,-9.81,0.1,-9.81,0.7
2.0579999999998844,2.0579999999998844,0.0038148771461998885,0.6922246392071368,0.6922246392071368,-9.81,0.1,-9.81,0.7
2.0589999999998843,2.0589999999998843,0.0045021838816873844,0.6824146392071369,0.6824146392071369,-9.81,0.1,-9.81,0.7
2.059999999999884,2.059999999999884,0.005179688935805349,0.6726046392071369,0.6726046392071369,-9.81,0.1,-9.81,0.7
2.060999999999884,2.060999999999884,0.005847386945780022,0.6627946392071369,0.6627946392071369,-9.81,0.1,-9.81,0.7
2.061999999999884,2.061999999999884,0.006505276006067952,0.6529846392071369,0.6529846392071369,-9.81,0.1,-9.81,0.7
2.062999999999884,2.062999999999884,0.007153355439566266,0.6431746392071369,0.6431746392071369,-9.81,0.1,-9.81,0.7
2.0639999999998837,2.0639999999998837,0.00779162500567837,0.6333646392071369,0.6333646392071369,-9.81,0.1,-9.81,0.7
2.0649999999998836,2.0649999999998836,0.008420084618912466,0.6235546392071369,0.6235546392071369,-9.81,0.1,-9.81,0.7
2.0659999999998835,2.0659999999998835,0.009038734248890536,0.613744639207137,0.613744639207137,-9.81,0.1,-9.81,0.7
2.0669999999998834,2.0669999999998834,0.009647573884818284,0.603934639207137,0.603934639207137,-9.81,0.1,-9.81,0.7
2.0679999999998833,2.0679999999998833,0.01024660352286015,0.594124639207137,0.594124639207137,-9.81,0.1,-9.81,0.7
2.068999999999883,2.068999999999883,0.010835823161653227,0.584314639207137,0.584314639207137,-9.81,0.1,-9.81,0.7
2.069999999999883,2.069999999999883,0.011415232800713234,0.574504639207137,0.574504639207137,-9.81,0.1,-9.81,0.7
2.070999999999883,2.070999999999883,0.011984832439868092,0.564694639207137,0.564694639207137,-9.81,0.1,-9.81,0.7
2.071999999999883,2.071999999999883,0.012544622079056654,0.554884639207137,0.554884639207137,-9.81,0.1,-9.81,0.7
2.0729999999998827,2.0729999999998827,0.013094601718257349,0.5450746392071371,0.5450746392071371,-9.81,0.1,-9.81,0.7
2.0739999999998826,2.0739999999998826,0.013634771357462444,0.5352646392071371,0.5352646392071371,-9.81,0.1,-9.81,0.7
2.0749999999998825,2.0749999999998825,0.0141651309966689,0.5254546392071371,0.5254546392071371,-9.81,0.1,-9.81,0.7
2.0759999999998824,2.0759999999998824,0.014685680635875812,0.5156446392071371,0.5156446392071371,-9.81,0.1,-9.81,0.7
2.0769999999998823,2.0769999999998823,0.015196420275082872,0.5058346392071371,0.5058346392071371,-9.81,0.1,-9.81,0.7
2.077999999999882,2.077999999999882,0.015697349914289983,0.49602463920713713,0.49602463920713713,-9.81,0.1,-9.81,0.7
2.078999999999882,2.078999999999882,0.01618846955349711,0.48621463920713714,0.48621463920713714,-9.81,0.1,-9.81,0.7
2.079999999999882,2.079999999999882,0.016669779192704248,0.47640463920713716,0.47640463920713716,-9.81,0.1,-9.81,0.7
2.080999999999882,2.080999999999882,0.017141278831911383,0.4665946392071372,0.4665946392071372,-9.81,0.1,-9.81,0.7
2.0819999999998817,2.0819999999998817,0.01760296847111852,0.4567846392071372,0.4567846392071372,-9.81,0.1,-9.81,0.7
2.0829999999998816,2.0829999999998816,0.018054848110325657,0.4469746392071372,0.4469746392071372,-9.81,0.1,-9.81,0.7
2.0839999999998815,2.0839999999998815,0.018496917749532795,0.4371646392071372,0.4371646392071372,-9.81,0.1,-9.81,0.7
2.0849999999998814,2.0849999999998814,0.01892917738873993,0.42735463920713723,0.42735463920713723,-9.81,0.1,-9.81,0.7
2.0859999999998813,2.0859999999998813,0.019351627027947068,0.41754463920713725,0.41754463920713725,-9.81,0.1,-9.81,0.7
2.086999999999881,2.086999999999881,0.019764266667154206,0.40773463920713726,0.40773463920713726,-9.81,0.1,-9.81,0.7
2.087999999999881,2.087999999999881,0.020167096306361345,0.3979246392071373,0.3979246392071373,-9.81,0.1,-9.81,0.7
2.088999999999881,2.088999999999881,0.02056011594556848,0.3881146392071373,0.3881146392071373,-9.81,0.1,-9.81,0.7
2.089999999999881,2.089999999999881,0.02094332558477562,0.3783046392071373,0.3783046392071373,-9.81,0.1,-9.81,0.7
2.0909999999998807,2.0909999999998807,0.021316725223982758,0.3684946392071373,0.3684946392071373,-9.81,0.1,-9.81,0.7
2.0919999999998806,2.0919999999998806,0.021680314863189894,0.35868463920713733,0.35868463920713733,-9.81,0.1,-9.81,0.7
2.0929999999998805,2.0929999999998805,0.02203409450239703,0.34887463920713735,0.34887463920713735,-9.81,0.1,-9.81,0.7
2.0939999999998804,2.0939999999998804,0.02237806414160417,0.33906463920713736,0.33906463920713736,-9.81,0.1,-9.81,0.7
2.0949999999998803,2.0949999999998803,0.022712223780811305,0.3292546392071374,0.3292546392071374,-9.81,0.1,-9.81,0.7
2.09599999999988,2.09599999999988,0.02303657342001844,0.3194446392071374,0.3194446392071374,-9.81,0.1,-9.81,0.7
2.09699999999988,2.09699999999988,0.02335111305922558,0.3096346392071374,0.3096346392071374,-9.81,0.1,-9.81,0.7
2.09799999999988,2.09799999999988,0.023655842698432718,0.2998246392071374,0.2998246392071374,-9.81,0.1,-9.81,0.7
2.09899999999988,2.09899999999988,0.023950762337639854,0.29001463920713744,0.29001463920713744,-9.81,0.1,-9.81,0.7
2.0999999999998797,2.0999999999998797,0.02423587197684699,0.28020463920713745,0.28020463920713745,-9.81,0.1,-9.81,0.7
2.1009999999998796,2.1009999999998796,0.02451117161605413,0.27039463920713747,0.27039463920713747,-9.81,0.1,-9.81,0.7
2.1019999999998795,2.1019999999998795,0.024776661255261265,0.2605846392071375,0.2605846392071375,-9.81,0.1,-9.81,0.7
2.1029999999998794,2.1029999999998794,0.025032340894468402,0.2507746392071375,0.2507746392071375,-9.81,0.1,-9.81,0.7
2.1039999999998793,2.1039999999998793,0.02527821053367554,0.24096463920713748,0.24096463920713748,-9.81,0.1,-9.81,0.7
2.104999999999879,2.104999999999879,0.02551427017288268,0.23115463920713747,0.23115463920713747,-9.81,0.1,-9.81,0.7
2.105999999999879,2.105999999999879,0.025740519812089815,0.22134463920713746,0.22134463920713746,-9.81,0.1,-9.81,0.7
2.106999999999879,2.106999999999879,0.025956959451296953,0.21153463920713744,0.21153463920713744,-9.81,0.1,-9.81,0.7
2.107999999999879,2.107999999999879,0.02616358909050409,0.20172463920713743,0.20172463920713743,-9.81,0.1,-9.81,0.7
2.1089999999998787,2.1089999999998787,0.026360408729711227,0.19191463920713742,0.19191463920713742,-9.81,0.1,-9.81,0.7
2.1099999999998786,2.1099999999998786,0.026547418368918364,0.1821046392071374,0.1821046392071374,-9.81,0.1,-9.81,0.7
2.1109999999998785,2.1109999999998785,0.026724618008125502,0.1722946392071374,0.1722946392071374,-9.81,0.1,-9.81,0.7
2.1119999999998784,2.1119999999998784,0.026892007647332638,0.16248463920713738,0.16248463920713738,-9.81,0.1,-9.81,0.7
2.1129999999998783,2.1129999999998783,0.027049587286539774,0.15267463920713736,0.15267463920713736,-9.81,0.1,-9.81,0.7
2.113999999999878,2.113999999999878,0.027197356925746912,0.14286463920713735,0.14286463920713735,-9.81,0.1,-9.81,0.7
2.114999999999878,2.114999999999878,0.02733531656495405,0.13305463920713734,0.13305463920713734,-9.81,0.1,-9.81,0.7
2.115999999999878,2.115999999999878,0.02746346620416119,0.12324463920713732,0.12324463920713732,-9.81,0.1,-9.81,0.7
2.116999999999878,2.116999999999878,0.027581805843368327,0.11343463920713732,0.11343463920713732,-9.81,0.1,-9.81,0.7
2.1179999999998778,2.1179999999998778,0.027690335482575466,0.10362463920713733,0.10362463920713733,-9.81,0.1,-9.81,0.7
2.1189999999998776,2.1189999999998776,0.0277890551217826,0.09381463920713733,0.09381463920713733,-9.81,0.1,-9.81,0.7
2.1199999999998775,2.1199999999998775,0.027877964760989738,0.08400463920713733,0.08400463920713733,-9.81,0.1,-9.81,0.7
2.1209999999998774,2.1209999999998774,0.027957064400196876,0.07419463920713733,0.07419463920713733,-9.81,0.1,-9.81,0.7
2.1219999999998773,2.1219999999998773,0.028026354039404015,0.06438463920713733,0.06438463920713733,-9.81,0.1,-9.81,0.7
2.122999999999877,2.122999999999877,0.02808583367861115,0.05457463920713733,0.05457463920713733,-9.81,0.1,-9.81,0.7
2.123999999999877,2.123999999999877,0.028135503317818288,0.04476463920713733,0.04476463920713733,-9.81,0.1,-9.81,0.7
2.124999999999877,2.124999999999877,0.028175362957025427,0.03495463920713733,0.03495463920713733,-9.81,0.1,-9.81,0.7
2.125999999999877,2.125999999999877,0.028205412596232562,0.02514463920713733,0.02514463920713733,-9.81,0.1,-9.81,0.7
2.1269999999998768,2.1269999999998768,0.0282256522354397,0.015334639207137332,0.015334639207137332,-9.81,0.1,-9.81,0.7
2.1279999999998767,2.1279999999998767,0.028236081874646837,0.005524639207137333,0.005524639207137333,-9.81,0.1,-9.81,0.7
2.1289999999998765,2.1289999999998765,0.028236701513853976,-0.0042853607928626655,-0.0042853607928626655,-9.81,0.1,-9.81,0.7
2.1299999999998764,2.1299999999998764,0.028227511153061113,-0.014095360792862666,-0.014095360792862666,-9.81,0.1,-9.81,0.7
2.1309999999998763,2.1309999999998763,0.02820851079226825,-0.023905360792862665,-0.023905360792862665,-9.81,0.1,-9.81,0.7
2.131999999999876,2.131999999999876,0.02817970043147539,-0.033715360792862664,-0.033715360792862664,-9.81,0.1,-9.81,0.7
2.132999999999876,2.132999999999876,0.028141080070682525,-0.04352536079286266,-0.04352536079286266,-9.81,0.1,-9.81,0.7
2.133999999999876,2.133999999999876,0.02809264970988966,-0.05333536079286266,-0.05333536079286266,-9.81,0.1,-9.81,0.7
2.134999999999876,2.134999999999876,0.0280344093490968,-0.06314536079286266,-0.06314536079286266,-9.81,0.1,-9.81,0.7
2.1359999999998758,2.1359999999998758,0.027966358988303935,-0.07295536079286266,-0.07295536079286266,-9.81,0.1,-9.81,0.7
2.1369999999998757,2.1369999999998757,0.027888498627511072,-0.08276536079286266,-0.08276536079286266,-9.81,0.1,-9.81,0.7
2.1379999999998756,2.1379999999998756,0.02780082826671821,-0.09257536079286266,-0.09257536079286266,-9.81,0.1,-9.81,0.7
2.1389999999998754,2.1389999999998754,0.02770334790592535,-0.10238536079286266,-0.10238536079286266,-9.81,0.1,-9.81,0.7
2.1399999999998753,2.1399999999998753,0.027596057545132485,-0.11219536079286266,-0.11219536079286266,-9.81,0.1,-9.81,0.7
2.1409999999998752,2.1409999999998752,0.02747895718433962,-0.12200536079286266,-0.12200536079286266,-9.81,0.1,-9.81,0.7
2.141999999999875,2.141999999999875,0.02735204682354676,-0.13181536079286266,-0.13181536079286266,-9.81,0.1,-9.81,0.7
2.142999999999875,2.142999999999875,0.027215326462753896,-0.14162536079286264,-0.14162536079286264,-9.81,0.1,-9.81,0.7
2.143999999999875,2.143999999999875,0.027068796101961036,-0.15143536079286266,-0.15143536079286266,-9.81,0.1,-9.81,0.7
2.144999999999875,2.144999999999875,0.026912455741168174,-0.16124536079286267,-0.16124536079286267,-9.81,0.1,-9.81,0.7
2.1459999999998747,2.1459999999998747,0.026746305380375313,-0.17105536079286268,-0.17105536079286268,-9.81,0.1,-9.81,0.7
2.1469999999998746,2.1469999999998746,0.02657034501958245,-0.1808653607928627,-0.1808653607928627,-9.81,0.1,-9.81,0.7
2.1479999999998745,2.1479999999998745,0.026384574658789586,-0.1906753607928627,-0.1906753607928627,-9.81,0.1,-9.81,0.7
2.1489999999998743,2.1489999999998743,0.026188994297996725,-0.20048536079286272,-0.20048536079286272,-9.81,0.1,-9.81,0.7
2.1499999999998742,2.1499999999998742,0.02598360393720386,-0.21029536079286273,-0.21029536079286273,-9.81,0.1,-9.81,0.7
2.150999999999874,2.150999999999874,0.025768403576410998,-0.22010536079286275,-0.22010536079286275,-9.81,0.1,-9.81,0.7
2.151999999999874,2.151999999999874,0.025543393215618135,-0.22991536079286276,-0.22991536079286276,-9.81,0.1,-9.81,0.7
2.152999999999874,2.152999999999874,0.02530857285482527,-0.23972536079286277,-0.23972536079286277,-9.81,0.1,-9.81,0.7
2.153999999999874,2.153999999999874,0.025063942494032408,-0.24953536079286276,-0.24953536079286276,-9.81,0.1,-9.81,0.7
2.1549999999998737,2.1549999999998737,0.024809502133239545,-0.25934536079286274,-0.25934536079286274,-9.81,0.1,-9.81,0.7
2.1559999999998736,2.1559999999998736,0.024545251772446684,-0.26915536079286273,-0.26915536079286273,-9.81,0.1,-9.81,0.7
2.1569999999998735,2.1569999999998735,0.02427119141165382,-0.2789653607928627,-0.2789653607928627,-9.81,0.1,-9.81,0.7
2.1579999999998734,2.1579999999998734,0.023987321050860957,-0.2887753607928627,-0.2887753607928627,-9.81,0.1,-9.81,0.7
2.1589999999998732,2.1589999999998732,0.023693640690068095,-0.2985853607928627,-0.2985853607928627,-9.81,0.1,-9.81,0.7
2.159999999999873,2.159999999999873,0.02339015032927523,-0.30839536079286267,-0.30839536079286267,-9.81,0.1,-9.81,0.7
2.160999999999873,2.160999999999873,0.023076849968482367,-0.31820536079286266,-0.31820536079286266,-9.81,0.1,-9.81,0.7
2.161999999999873,2.161999999999873,0.022753739607689505,-0.32801536079286264,-0.32801536079286264,-9.81,0.1,-9.81,0.7
2.162999999999873,2.162999999999873,0.022420819246896644,-0.33782536079286263,-0.33782536079286263,-9.81,0.1,-9.81,0.7
2.1639999999998727,2.1639999999998727,0.02207808888610378,-0.3476353607928626,-0.3476353607928626,-9.81,0.1,-9.81,0.7
2.1649999999998726,2.1649999999998726,0.021725548525310917,-0.3574453607928626,-0.3574453607928626,-9.81,0.1,-9.81,0.7
2.1659999999998725,2.1659999999998725,0.021363198164518055,-0.3672553607928626,-0.3672553607928626,-9.81,0.1,-9.81,0.7
2.1669999999998724,2.1669999999998724,0.02099103780372519,-0.37706536079286257,-0.37706536079286257,-9.81,0.1,-9.81,0.7
2.1679999999998723,2.1679999999998723,0.020609067442932328,-0.38687536079286255,-0.38687536079286255,-9.81,0.1,-9.81,0.7
2.168999999999872,2.168999999999872,0.020217287082139466,-0.39668536079286254,-0.39668536079286254,-9.81,0.1,-9.81,0.7
2.169999999999872,2.169999999999872,0.019815696721346605,-0.4064953607928625,-0.4064953607928625,-9.81,0.1,-9.81,0.7
2.170999999999872,2.170999999999872,0.01940429636055374,-0.4163053607928625,-0.4163053607928625,-9.81,0.1,-9.81,0.7
2.171999999999872,2.171999999999872,0.018983085999760882,-0.4261153607928625,-0.4261153607928625,-9.81,0.1,-9.81,0.7
2.1729999999998717,2.1729999999998717,0.01855206563896802,-0.4359253607928625,-0.4359253607928625,-9.81,0.1,-9.81,0.7
2.1739999999998716,2.1739999999998716,0.018111235278175156,-0.44573536079286247,-0.44573536079286247,-9.81,0.1,-9.81,0.7
2.1749999999998715,2.1749999999998715,0.017660594917382293,-0.45554536079286245,-0.45554536079286245,-9.81,0.1,-9.81,0.7
2.1759999999998714,2.1759999999998714,0.01720014455658943,-0.46535536079286244,-0.46535536079286244,-9.81,0.1,-9.81,0.7
2.1769999999998713,2.1769999999998713,0.01672988419579657,-0.4751653607928624,-0.4751653607928624,-9.81,0.1,-9.81,0.7
2.177999999999871,2.177999999999871,0.016249813835003707,-0.4849753607928624,-0.4849753607928624,-9.81,0.1,-9.81,0.7
2.178999999999871,2.178999999999871,0.015759933474210844,-0.4947853607928624,-0.4947853607928624,-9.81,0.1,-9.81,0.7
2.179999999999871,2.179999999999871,0.015260243113417981,-0.5045953607928624,-0.5045953607928624,-9.81,0.1,-9.81,0.7
2.180999999999871,2.180999999999871,0.01475074275262512,-0.5144053607928624,-0.5144053607928624,-9.81,0.1,-9.81,0.7
2.1819999999998707,2.1819999999998707,0.014231432391832256,-0.5242153607928624,-0.5242153607928624,-9.81,0.1,-9.81,0.7
2.1829999999998706,2.1829999999998706,0.013702312031039394,-0.5340253607928623,-0.5340253607928623,-9.81,0.1,-9.81,0.7
2.1839999999998705,2.1839999999998705,0.013163381670246532,-0.5438353607928623,-0.5438353607928623,-9.81,0.1,-9.81,0.7
2.1849999999998704,2.1849999999998704,0.012614641309453669,-0.5536453607928623,-0.5536453607928623,-9.81,0.1,-9.81,0.7
2.1859999999998703,2.1859999999998703,0.012056090948660806,-0.5634553607928623,-0.5634553607928623,-9.81,0.1,-9.81,0.7
2.18699999999987,2.18699999999987,0.011487730587867943,-0.5732653607928623,-0.5732653607928623,-9.81,0.1,-9.81,0.7
2.18799999999987,2.18799999999987,0.010909560227075081,-0.5830753607928623,-0.5830753607928623,-9.81,0.1,-9.81,0.7
2.18899999999987,2.18899999999987,0.010321579866282219,-0.5928853607928622,-0.5928853607928622,-9.81,0.1,-9.81,0.7
2.18999999999987,2.18999999999987,0.009723789505489357,-0.6026953607928622,-0.6026953607928622,-9.81,0.1,-9.81,0.7
2.1909999999998697,2.1909999999998697,0.009116189144696495,-0.6125053607928622,-0.6125053607928622,-9.81,0.1,-9.81,0.7
2.1919999999998696,2.1919999999998696,0.008498778783903631,-0.6223153607928622,-0.6223153607928622,-9.81,0.1,-9.81,0.7
2.1929999999998695,2.1929999999998695,0.00787155842311077,-0.6321253607928622,-0.6321253607928622,-9.81,0.1,-9.81,0.7
2.1939999999998694,2.1939999999998694,0.007234528062317908,-0.6419353607928622,-0.6419353607928622,-9.81,0.1,-9.81,0.7
2.1949999999998693,2.1949999999998693,0.006587687701525046,-0.6517453607928622,-0.6517453607928622,-9.81,0.1,-9.81,0.7
2.195999999999869,2.195999999999869,0.005931037340732183,-0.6615553607928621,-0.6615553607928621,-9.81,0.1,-9.81,0.7
2.196999999999869,2.196999999999869,0.005264576979939321,-0.6713653607928621,-0.6713653607928621,-9.81,0.1,-9.81,0.7
2.197999999999869,2.197999999999869,0.004588306619146459,-0.6811753607928621,-0.6811753607928621,-9.81,0.1,-9.81,0.7
2.198999999999869,2.198999999999869,0.003902226258353597,-0.6909853607928621,-0.6909853607928621,-9.81,0.1,-9.81,0.7
2.1999999999998687,2.1999999999998687,0.0032063358975607348,-0.7007953607928621,-0.7007953607928621,-9.81,0.1,-9.81,0.7
2.2009999999998686,2.2009999999998686,0.0025006355367678725,-0.7106053607928621,-0.7106053607928621,-9.81,0.1,-9.81,0.7
2.2019999999998685,2.2019999999998685,0.0017851251759750106,-0.7204153607928621,-0.7204153607928621,-9.81,0.1,-9.81,0.7
2.2029999999998684,2.2029999999998684,0.0010598048151821485,-0.730225360792862,-0.730225360792862,-9.81,0.1,-9.81,0.7
2.2039999999998683,2.2039999999998683,0.00032467445438928656,-0.740035360792862,-0.740035360792862,-9.81,0.1,-9.81,0.7
2.2044374598782386,2.2044374598782386,-8.402566836762659e-17,-0.7443268421996757,-0.7443268421996757,-9.81,0.1,-9.81,0.7
2.204999999999868,2.204999999999868,0.00028927805508240177,0.515510270946589,0.515510270946589,-9.81,0.1,-9.81,0.7
2.205999999999868,2.205999999999868,0.0007980902714950863,0.505700270946589,0.505700270946589,-9.81,0.1,-9.81,0.7
2.206999999999868,2.206999999999868,0.0012982264471386822,0.49589027094658905,0.49589027094658905,-9.81,0.1,-9.81,0.7
2.207999999999868,2.207999999999868,0.001788978705062246,0.48608027094658907,0.48608027094658907,-9.81,0.1,-9.81,0.7
2.2089999999998677,2.2089999999998677,0.002270071114977251,0.4762702709465891,0.4762702709465891,-9.81,0.1,-9.81,0.7
2.2099999999998676,2.2099999999998676,0.0027414069461537617,0.4664602709465891,0.4664602709465891,-9.81,0.1,-9.81,0.7
2.2109999999998675,2.2109999999998675,0.003202951756006695,0.4566502709465891,0.4566502709465891,-9.81,0.1,-9.81,0.7
2.2119999999998674,2.2119999999998674,0.0036546933097965847,0.4468402709465891,0.4468402709465891,-9.81,0.1,-9.81,0.7
2.2129999999998673,2.2129999999998673,0.0040966272599159866,0.43703027094658914,0.43703027094658914,-9.81,0.1,-9.81,0.7
2.213999999999867,2.213999999999867,0.004528752061529757,0.42722027094658915,0.42722027094658915,-9.81,0.1,-9.81,0.7
2.214999999999867,2.214999999999867,0.004951067165707132,0.41741027094658917,0.41741027094658917,-9.81,0.1,-9.81,0.7
2.215999999999867,2.215999999999867,0.005363572377395197,0.4076002709465892,0.4076002709465892,-9.81,0.1,-9.81,0.7
2.216999999999867,2.216999999999867,0.0057662676272853056,0.3977902709465892,0.3977902709465892,-9.81,0.1,-9.81,0.7
2.2179999999998667,2.2179999999998667,0.006159152890749842,0.3879802709465892,0.3879802709465892,-9.81,0.1,-9.81,0.7
2.2189999999998666,2.2189999999998666,0.006542228159037816,0.3781702709465892,0.3781702709465892,-9.81,0.1,-9.81,0.7
2.2199999999998665,2.2199999999998665,0.006915493429039713,0.36836027094658924,0.36836027094658924,-9.81,0.1,-9.81,0.7
2.2209999999998664,2.2209999999998664,0.007278948699650622,0.35855027094658926,0.35855027094658926,-9.81,0.1,-9.81,0.7
2.2219999999998663,2.2219999999998663,0.007632593970477932,0.34874027094658927,0.34874027094658927,-9.81,0.1,-9.81,0.7
2.222999999999866,2.222999999999866,0.007976429241382138,0.3389302709465893,0.3389302709465893,-9.81,0.1,-9.81,0.7
2.223999999999866,2.223999999999866,0.008310454512313667,0.3291202709465893,0.3291202709465893,-9.81,0.1,-9.81,0.7
2.224999999999866,2.224999999999866,0.008634669783255161,0.3193102709465893,0.3193102709465893,-9.81,0.1,-9.81,0.7
2.225999999999866,2.225999999999866,0.008949075054200104,0.30950027094658933,0.30950027094658933,-9.81,0.1,-9.81,0.7
2.2269999999998658,2.2269999999998658,0.009253670325146145,0.29969027094658934,0.29969027094658934,-9.81,0.1,-9.81,0.7
2.2279999999998656,2.2279999999998656,0.009548455596092551,0.28988027094658936,0.28988027094658936,-9.81,0.1,-9.81,0.7
2.2289999999998655,2.2289999999998655,0.00983343086703908,0.2800702709465894,0.2800702709465894,-9.81,0.1,-9.81,0.7
2.2299999999998654,2.2299999999998654,0.01010859613798565,0.2702602709465894,0.2702602709465894,-9.81,0.1,-9.81,0.7
2.2309999999998653,2.2309999999998653,0.010373951408932231,0.2604502709465894,0.2604502709465894,-9.81,0.1,-9.81,0.7
2.231999999999865,2.231999999999865,0.010629496679878819,0.25064027094658936,0.25064027094658936,-9.81,0.1,-9.81,0.7
2.232999999999865,2.232999999999865,0.010875231950825407,0.24083027094658935,0.24083027094658935,-9.81,0.1,-9.81,0.7
2.233999999999865,2.233999999999865,0.011111157221771995,0.23102027094658933,0.23102027094658933,-9.81,0.1,-9.81,0.7
2.234999999999865,2.234999999999865,0.011337272492718585,0.22121027094658932,0.22121027094658932,-9.81,0.1,-9.81,0.7
2.2359999999998648,2.2359999999998648,0.011553577763665175,0.2114002709465893,0.2114002709465893,-9.81,0.1,-9.81,0.7
2.2369999999998647,2.2369999999998647,0.011760073034611762,0.2015902709465893,0.2015902709465893,-9.81,0.1,-9.81,0.7
2.2379999999998645,2.2379999999998645,0.011956758305558353,0.19178027094658928,0.19178027094658928,-9.81,0.1,-9.81,0.7
2.2389999999998644,2.2389999999998644,0.012143633576504942,0.18197027094658927,0.18197027094658927,-9.81,0.1,-9.81,0.7
2.2399999999998643,2.2399999999998643,0.012320698847451532,0.17216027094658926,0.17216027094658926,-9.81,0.1,-9.81,0.7
2.240999999999864,2.240999999999864,0.01248795411839812,0.16235027094658924,0.16235027094658924,-9.81,0.1,-9.81,0.7
2.241999999999864,2.241999999999864,0.012645399389344709,0.15254027094658923,0.15254027094658923,-9.81,0.1,-9.81,0.7
2.242999999999864,2.242999999999864,0.012793034660291299,0.14273027094658922,0.14273027094658922,-9.81,0.1,-9.81,0.7
2.243999999999864,2.243999999999864,0.012930859931237887,0.1329202709465892,0.1329202709465892,-9.81,0.1,-9.81,0.7
2.2449999999998638,2.2449999999998638,0.013058875202184477,0.1231102709465892,0.1231102709465892,-9.81,0.1,-9.81,0.7
2.2459999999998637,2.2459999999998637,0.013177080473131066,0.1133002709465892,0.1133002709465892,-9.81,0.1,-9.81,0.7
2.2469999999998636,2.2469999999998636,0.013285475744077655,0.1034902709465892,0.1034902709465892,-9.81,0.1,-9.81,0.7
2.2479999999998634,2.2479999999998634,0.013384061015024245,0.0936802709465892,0.0936802709465892,-9.81,0.1,-9.81,0.7
2.2489999999998633,2.2489999999998633,0.013472836285970834,0.0838702709465892,0.0838702709465892,-9.81,0.1,-9.81,0.7
2.249999999999863,2.249999999999863,0.013551801556917422,0.07406027094658921,0.07406027094658921,-9.81,0.1,-9.81,0.7
2.250999999999863,2.250999999999863,0.013620956827864012,0.06425027094658921,0.06425027094658921,-9.81,0.1,-9.81,0.7
2.251999999999863,2.251999999999863,0.013680302098810602,0.05444027094658921,0.05444027094658921,-9.81,0.1,-9.81,0.7
2.252999999999863,2.252999999999863,0.013729837369757192,0.04463027094658921,0.04463027094658921,-9.81,0.1,-9.81,0.7
2.253999999999863,2.253999999999863,0.013769562640703779,0.03482027094658921,0.03482027094658921,-9.81,0.1,-9.81,0.7
2.2549999999998627,2.2549999999998627,0.013799477911650369,0.025010270946589214,0.025010270946589214,-9.81,0.1,-9.81,0.7
2.2559999999998626,2.2559999999998626,0.013819583182596958,0.015200270946589215,0.015200270946589215,-9.81,0.1,-9.81,0.7
2.2569999999998624,2.2569999999998624,0.013829878453543547,0.005390270946589215,0.005390270946589215,-9.81,0.1,-9.81,0.7
2.2579999999998623,2.2579999999998623,0.013830363724490136,-0.004419729053410785,-0.004419729053410785,-9.81,0.1,-9.81,0.7
2.2589999999998622,2.2589999999998622,0.013821038995436727,-0.014229729053410786,-0.014229729053410786,-9.81,0.1,-9.81,0.7
2.259999999999862,2.259999999999862,0.013801904266383315,-0.02403972905341079,-0.02403972905341079,-9.81,0.1,-9.81,0.7
2.260999999999862,2.260999999999862,0.013772959537329904,-0.033849729053410785,-0.033849729053410785,-9.81,0.1,-9.81,0.7
2.261999999999862,2.261999999999862,0.013734204808276494,-0.04365972905341079,-0.04365972905341079,-9.81,0.1,-9.81,0.7
2.262999999999862,2.262999999999862,0.013685640079223082,-0.05346972905341078,-0.05346972905341078,-9.81,0.1,-9.81,0.7
2.2639999999998617,2.2639999999998617,0.013627265350169672,-0.0632797290534108,-0.0632797290534108,-9.81,0.1,-9.81,0.7
2.2649999999998616,2.2649999999998616,0.013559080621116262,-0.0730897290534108,-0.0730897290534108,-9.81,0.1,-9.81,0.7
2.2659999999998615,2.2659999999998615,0.01348108589206285,-0.0828997290534108,-0.0828997290534108,-9.81,0.1,-9.81,0.7
2.2669999999998613,2.2669999999998613,0.01339328116300944,-0.0927097290534108,-0.0927097290534108,-9.81,0.1,-9.81,0.7
2.2679999999998612,2.2679999999998612,0.013295666433956028,-0.1025197290534108,-0.1025197290534108,-9.81,0.1,-9.81,0.7
2.268999999999861,2.268999999999861,0.013188241704902619,-0.11232972905341079,-0.11232972905341079,-9.81,0.1,-9.81,0.7
2.269999999999861,2.269999999999861,0.013071006975849207,-0.12213972905341079,-0.12213972905341079,-9.81,0.1,-9.81,0.7
2.270999999999861,2.270999999999861,0.012943962246795797,-0.1319497290534108,-0.1319497290534108,-9.81,0.1,-9.81,0.7
2.271999999999861,2.271999999999861,0.012807107517742387,-0.1417597290534108,-0.1417597290534108,-9.81,0.1,-9.81,0.7
2.2729999999998607,2.2729999999998607,0.012660442788688974,-0.1515697290534108,-0.1515697290534108,-9.81,0.1,-9.81,0.7
2.2739999999998606,2.2739999999998606,0.012503968059635565,-0.1613797290534108,-0.1613797290534108,-9.81,0.1,-9.81,0.7
2.2749999999998605,2.2749999999998605,0.012337683330582154,-0.17118972905341082,-0.17118972905341082,-9.81,0.1,-9.81,0.7
2.2759999999998604,2.2759999999998604,0.012161588601528743,-0.18099972905341083,-0.18099972905341083,-9.81,0.1,-9.81,0.7
2.2769999999998602,2.2769999999998602,0.011975683872475332,-0.19080972905341084,-0.19080972905341084,-9.81,0.1,-9.81,0.7
2.27799999999986,2.27799999999986,0.011779969143421921,-0.20061972905341086,-0.20061972905341086,-9.81,0.1,-9.81,0.7
2.27899999999986,2.27899999999986,0.01157444441436851,-0.21042972905341087,-0.21042972905341087,-9.81,0.1,-9.81,0.7
2.27999999999986,2.27999999999986,0.011359109685315099,-0.22023972905341088,-0.22023972905341088,-9.81,0.1,-9.81,0.7
2.28099999999986,2.28099999999986,0.01113396495626169,-0.2300497290534109,-0.2300497290534109,-9.81,0.1,-9.81,0.7
2.2819999999998597,2.2819999999998597,0.010899010227208279,-0.2398597290534109,-0.2398597290534109,-9.81,0.1,-9.81,0.7
2.2829999999998596,2.2829999999998596,0.010654245498154866,-0.24966972905341092,-0.24966972905341092,-9.81,0.1,-9.81,0.7
2.2839999999998595,2.2839999999998595,0.010399670769101456,-0.2594797290534109,-0.2594797290534109,-9.81,0.1,-9.81,0.7
2.2849999999998594,2.2849999999998594,0.010135286040048045,-0.26928972905341086,-0.26928972905341086,-9.81,0.1,-9.81,0.7
2.2859999999998593,2.2859999999998593,0.009861091310994633,-0.27909972905341085,-0.27909972905341085,-9.81,0.1,-9.81,0.7
2.286999999999859,2.286999999999859,0.009577086581941223,-0.28890972905341084,-0.28890972905341084,-9.81,0.1,-9.81,0.7
2.287999999999859,2.287999999999859,0.009283271852887813,-0.2987197290534108,-0.2987197290534108,-9.81,0.1,-9.81,0.7
2.288999999999859,2.288999999999859,0.008979647123834401,-0.3085297290534108,-0.3085297290534108,-9.81,0.1,-9.81,0.7
2.289999999999859,2.289999999999859,0.00866621239478099,-0.3183397290534108,-0.3183397290534108,-9.81,0.1,-9.81,0.7
2.2909999999998587,2.2909999999998587,0.00834296766572758,-0.3281497290534108,-0.3281497290534108,-9.81,0.1,-9.81,0.7
2.2919999999998586,2.2919999999998586,0.008009912936674168,-0.33795972905341076,-0.33795972905341076,-9.81,0.1,-9.81,0.7
2.2929999999998585,2.2929999999998585,0.0076670482076207575,-0.34776972905341075,-0.34776972905341075,-9.81,0.1,-9.81,0.7
2.2939999999998584,2.2939999999998584,0.007314373478567347,-0.35757972905341073,-0.35757972905341073,-9.81,0.1,-9.81,0.7
2.2949999999998583,2.2949999999998583,0.006951888749513936,-0.3673897290534107,-0.3673897290534107,-9.81,0.1,-9.81,0.7
2.295999999999858,2.295999999999858,0.006579594020460525,-0.3771997290534107,-0.3771997290534107,-9.81,0.1,-9.81,0.7
2.296999999999858,2.296999999999858,0.006197489291407115,-0.3870097290534107,-0.3870097290534107,-9.81,0.1,-9.81,0.7
2.297999999999858,2.297999999999858,0.005805574562353704,-0.3968197290534107,-0.3968197290534107,-9.81,0.1,-9.81,0.7
2.298999999999858,2.298999999999858,0.005403849833300293,-0.40662972905341066,-0.40662972905341066,-9.81,0.1,-9.81,0.7
2.2999999999998577,2.2999999999998577,0.004992315104246883,-0.41643972905341065,-0.41643972905341065,-9.81,0.1,-9.81,0.7
2.3009999999998576,2.3009999999998576,0.0045709703751934715,-0.42624972905341063,-0.42624972905341063,-9.81,0.1,-9.81,0.7
2.3019999999998575,2.3019999999998575,0.004139815646140061,-0.4360597290534106,-0.4360597290534106,-9.81,0.1,-9.81,0.7
2.3029999999998574,2.3029999999998574,0.0036988509170866506,-0.4458697290534106,-0.4458697290534106,-9.81,0.1,-9.81,0.7
2.3039999999998573,2.3039999999998573,0.00324807618803324,-0.4556797290534106,-0.4556797290534106,-9.81,0.1,-9.81,0.7
2.304999999999857,2.304999999999857,0.0027874914589798294,-0.4654897290534106,-0.4654897290534106,-9.81,0.1,-9.81,0.7
2.305999999999857,2.305999999999857,0.002317096729926418,-0.47529972905341056,-0.47529972905341056,-9.81,0.1,-9.81,0.7
2.306999999999857,2.306999999999857,0.0018368920008730077,-0.48510972905341054,-0.48510972905341054,-9.81,0.1,-9.81,0.7
2.307999999999857,2.307999999999857,0.0013468772718195974,-0.49491972905341053,-0.49491972905341053,-9.81,0.1,-9.81,0.7
2.3089999999998567,2.3089999999998567,0.0008470525427661868,-0.5047297290534106,-0.5047297290534106,-9.81,0.1,-9.81,0.7
2.3099999999998566,2.3099999999998566,0.00033741781371277615,-0.5145397290534106,-0.5145397290534106,-9.81,0.1,-9.81,0.7
2.3106517173832373,2.3106517173832373,-1.3323597867348491e-14,-0.5209330765843759,-0.5209330765843759,-9.81,0.1,-9.81,0.7
2.3109999999998565,2.3109999999998565,0.0001246389298781685,0.36123650114003086,0.36123650114003086,-9.81,0.1,-9.81,0.7
2.3119999999998564,2.3119999999998564,0.00047887733044590344,0.3514265011400309,0.3514265011400309,-9.81,0.1,-9.81,0.7
2.3129999999998563,2.3129999999998563,0.0008246090150303171,0.3416165011400309,0.3416165011400309,-9.81,0.1,-9.81,0.7
2.313999999999856,2.313999999999856,0.0011610423540782387,0.3318065011400309,0.3318065011400309,-9.81,0.1,-9.81,0.7
2.314999999999856,2.314999999999856,0.0014878448810970557,0.3219965011400309,0.3219965011400309,-9.81,0.1,-9.81,0.7
2.315999999999856,2.315999999999856,0.0018049012207472155,0.31218650114003094,0.31218650114003094,-9.81,0.1,-9.81,0.7
2.316999999999856,2.316999999999856,0.0021121702274763056,0.30237650114003095,0.30237650114003095,-9.81,0.1,-9.81,0.7
2.3179999999998557,2.3179999999998557,0.0024096372889669043,0.29256650114003097,0.29256650114003097,-9.81,0.1,-9.81,0.7
2.3189999999998556,2.3189999999998556,0.0026972972125539935,0.282756501140031,0.282756501140031,-9.81,0.1,-9.81,0.7
2.3199999999998555,2.3199999999998555,0.002975148153138228,0.272946501140031,0.272946501140031,-9.81,0.1,-9.81,0.7
2.3209999999998554,2.3209999999998554,0.0032431894550945537,0.263136501140031,0.263136501140031,-9.81,0.1,-9.81,0.7
2.3219999999998553,2.3219999999998553,0.0035014208854581372,0.25332650114003097,0.25332650114003097,-9.81,0.1,-9.81,0.7
2.322999999999855,2.322999999999855,0.003749842361448995,0.24351650114003098,0.24351650114003098,-9.81,0.1,-9.81,0.7
2.323999999999855,2.323999999999855,0.003988453853652707,0.23370650114003097,0.23370650114003097,-9.81,0.1,-9.81,0.7
2.324999999999855,2.324999999999855,0.004217255351617373,0.22389650114003096,0.22389650114003096,-9.81,0.1,-9.81,0.7
2.325999999999855,2.325999999999855,0.004436246851629094,0.21408650114003094,0.21408650114003094,-9.81,0.1,-9.81,0.7
2.3269999999998547,2.3269999999998547,0.0046454283523682,0.20427650114003093,0.20427650114003093,-9.81,0.1,-9.81,0.7
2.3279999999998546,2.3279999999998546,0.004844799853365768,0.19446650114003092,0.19446650114003092,-9.81,0.1,-9.81,0.7
2.3289999999998545,2.3289999999998545,0.005034361354455177,0.1846565011400309,0.1846565011400309,-9.81,0.1,-9.81,0.7
2.3299999999998544,2.3299999999998544,0.005214112855577222,0.1748465011400309,0.1748465011400309,-9.81,0.1,-9.81,0.7
2.3309999999998543,2.3309999999998543,0.005384054356711032,0.16503650114003088,0.16503650114003088,-9.81,0.1,-9.81,0.7
2.331999999999854,2.331999999999854,0.0055441858578490905,0.15522650114003086,0.15522650114003086,-9.81,0.1,-9.81,0.7
2.332999999999854,2.332999999999854,0.005694507358988463,0.14541650114003085,0.14541650114003085,-9.81,0.1,-9.81,0.7
2.333999999999854,2.333999999999854,0.005835018860128275,0.13560650114003084,0.13560650114003084,-9.81,0.1,-9.81,0.7
2.334999999999854,2.334999999999854,0.005965720361268232,0.12579650114003083,0.12579650114003083,-9.81,0.1,-9.81,0.7
2.3359999999998537,2.3359999999998537,0.006086611862408238,0.11598650114003083,0.11598650114003083,-9.81,0.1,-9.81,0.7
2.3369999999998536,2.3369999999998536,0.006197693363548262,0.10617650114003083,0.10617650114003083,-9.81,0.1,-9.81,0.7
2.3379999999998535,2.3379999999998535,0.0062989648646882895,0.09636650114003083,0.09636650114003083,-9.81,0.1,-9.81,0.7
2.3389999999998534,2.3389999999998534,0.006390426365828319,0.08655650114003083,0.08655650114003083,-9.81,0.1,-9.81,0.7
2.3399999999998533,2.3399999999998533,0.00647207786696835,0.07674650114003083,0.07674650114003083,-9.81,0.1,-9.81,0.7
2.340999999999853,2.340999999999853,0.006543919368108381,0.06693650114003083,0.06693650114003083,-9.81,0.1,-9.81,0.7
2.341999999999853,2.341999999999853,0.006605950869248412,0.05712650114003083,0.05712650114003083,-9.81,0.1,-9.81,0.7
2.342999999999853,2.342999999999853,0.0066581723703884425,0.04731650114003083,0.04731650114003083,-9.81,0.1,-9.81,0.7
2.343999999999853,2.343999999999853,0.006700583871528473,0.03750650114003083,0.03750650114003083,-9.81,0.1,-9.81,0.7
2.3449999999998528,2.3449999999998528,0.006733185372668505,0.027696501140030836,0.027696501140030836,-9.81,0.1,-9.81,0.7
2.3459999999998526,2.3459999999998526,0.006755976873808535,0.017886501140030837,0.017886501140030837,-9.81,0.1,-9.81,0.7
2.3469999999998525,2.3469999999998525,0.006768958374948566,0.008076501140030836,0.008076501140030836,-9.81,0.1,-9.81,0.7
2.3479999999998524,2.3479999999998524,0.006772129876088597,-0.0017334988599691644,-0.0017334988599691644,-9.81,0.1,-9.81,0.7
2.3489999999998523,2.3489999999998523,0.006765491377228628,-0.011543498859969165,-0.011543498859969165,-9.81,0.1,-9.81,0.7
2.349999999999852,2.349999999999852,0.006749042878368658,-0.021353498859969167,-0.021353498859969167,-9.81,0.1,-9.81,0.7
2.350999999999852,2.350999999999852,0.00672278437950869,-0.031163498859969167,-0.031163498859969167,-9.81,0.1,-9.81,0.7
2.351999999999852,2.351999999999852,0.006686715880648721,-0.04097349885996917,-0.04097349885996917,-9.81,0.1,-9.81,0.7
2.352999999999852,2.352999999999852,0.006640837381788752,-0.05078349885996917,-0.05078349885996917,-9.81,0.1,-9.81,0.7
2.3539999999998518,2.3539999999998518,0.006585148882928782,-0.060593498859969175,-0.060593498859969175,-9.81,0.1,-9.81,0.7
2.3549999999998517,2.3549999999998517,0.006519650384068813,-0.07040349885996917,-0.07040349885996917,-9.81,0.1,-9.81,0.7
2.3559999999998515,2.3559999999998515,0.006444341885208844,-0.08021349885996917,-0.08021349885996917,-9.81,0.1,-9.81,0.7
2.3569999999998514,2.3569999999998514,0.006359223386348875,-0.09002349885996917,-0.09002349885996917,-9.81,0.1,-9.81,0.7
2.3579999999998513,2.3579999999998513,0.006264294887488906,-0.09983349885996917,-0.09983349885996917,-9.81,0.1,-9.81,0.7
2.358999999999851,2.358999999999851,0.006159556388628936,-0.10964349885996917,-0.10964349885996917,-9.81,0.1,-9.81,0.7
2.359999999999851,2.359999999999851,0.0060450078897689675,-0.11945349885996917,-0.11945349885996917,-9.81,0.1,-9.81,0.7
2.360999999999851,2.360999999999851,0.005920649390908998,-0.12926349885996916,-0.12926349885996916,-9.81,0.1,-9.81,0.7
2.361999999999851,2.361999999999851,0.005786480892049029,-0.13907349885996917,-0.13907349885996917,-9.81,0.1,-9.81,0.7
2.3629999999998508,2.3629999999998508,0.00564250239318906,-0.14888349885996915,-0.14888349885996915,-9.81,0.1,-9.81,0.7
2.3639999999998507,2.3639999999998507,0.005488713894329092,-0.15869349885996917,-0.15869349885996917,-9.81,0.1,-9.81,0.7
2.3649999999998506,2.3649999999998506,0.005325115395469122,-0.16850349885996918,-0.16850349885996918,-9.81,0.1,-9.81,0.7
2.3659999999998504,2.3659999999998504,0.005151706896609153,-0.1783134988599692,-0.1783134988599692,-9.81,0.1,-9.81,0.7
2.3669999999998503,2.3669999999998503,0.0049684883977491835,-0.1881234988599692,-0.1881234988599692,-9.81,0.1,-9.81,0.7
2.3679999999998502,2.3679999999998502,0.004775459898889215,-0.19793349885996922,-0.19793349885996922,-9.81,0.1,-9.81,0.7
2.36899999999985,2.36899999999985,0.004572621400029246,-0.20774349885996923,-0.20774349885996923,-9.81,0.1,-9.81,0.7
2.36999999999985,2.36999999999985,0.0043599729011692765,-0.21755349885996925,-0.21755349885996925,-9.81,0.1,-9.81,0.7
2.37099999999985,2.37099999999985,0.004137514402309307,-0.22736349885996926,-0.22736349885996926,-9.81,0.1,-9.81,0.7
2.37199999999985,2.37199999999985,0.0039052459034493374,-0.23717349885996927,-0.23717349885996927,-9.81,0.1,-9.81,0.7
2.3729999999998497,2.3729999999998497,0.0036631674045893682,-0.24698349885996929,-0.24698349885996929,-9.81,0.1,-9.81,0.7
2.3739999999998496,2.3739999999998496,0.003411278905729399,-0.25679349885996927,-0.25679349885996927,-9.81,0.1,-9.81,0.7
2.3749999999998495,2.3749999999998495,0.0031495804068694296,-0.26660349885996926,-0.26660349885996926,-9.81,0.1,-9.81,0.7
2.3759999999998493,2.3759999999998493,0.0028780719080094604,-0.27641349885996924,-0.27641349885996924,-9.81,0.1,-9.81,0.7
2.3769999999998492,2.3769999999998492,0.0025967534091494915,-0.2862234988599692,-0.2862234988599692,-9.81,0.1,-9.81,0.7
2.377999999999849,2.377999999999849,0.002305624910289522,-0.2960334988599692,-0.2960334988599692,-9.81,0.1,-9.81,0.7
2.378999999999849,2.378999999999849,0.0020046864114295526,-0.3058434988599692,-0.3058434988599692,-9.81,0.1,-9.81,0.7
2.379999999999849,2.379999999999849,0.0016939379125695834,-0.3156534988599692,-0.3156534988599692,-9.81,0.1,-9.81,0.7
2.380999999999849,2.380999999999849,0.0013733794137096142,-0.32546349885996917,-0.32546349885996917,-9.81,0.1,-9.81,0.7
2.3819999999998487,2.3819999999998487,0.001043010914849645,-0.33527349885996915,-0.33527349885996915,-9.81,0.1,-9.81,0.7
2.3829999999998486,2.3829999999998486,0.0007028324159896759,-0.34508349885996914,-0.34508349885996914,-9.81,0.1,-9.81,0.7
2.3839999999998485,2.3839999999998485,0.0003528439171297067,-0.3548934988599691,-0.3548934988599691,-9.81,0.1,-9.81,0.7
2.3849809259677026,2.3849809259677026,-7.892991815694472e-17,-0.36451638260461944,-0.36451638260461944,-9.81,0.1,-9.81,0.7
2.3849999999998484,2.3849999999998484,4.743946290549614e-06,0.25497435156788534,0.25497435156788534,-9.81,0.1,-9.81,0.7
2.3859999999998482,2.3859999999998482,0.00025166291082077285,0.24516435156788532,0.24516435156788532,-9.81,0.1,-9.81,0.7
2.386999999999848,2.386999999999848,0.000490751887467534,0.23535435156788534,0.23535435156788534,-9.81,0.1,-9.81,0.7
2.387999999999848,2.387999999999848,0.0007207881149176716,0.22554435156788533,0.22554435156788533,-9.81,0.1,-9.81,0.7
2.388999999999848,2.388999999999848,0.000941280521793806,0.2157343515678853,0.2157343515678853,-9.81,0.1,-9.81,0.7
2.389999999999848,2.389999999999848,0.001152057667132944,0.2059243515678853,0.2059243515678853,-9.81,0.1,-9.81,0.7
2.3909999999998477,2.3909999999998477,0.0013530584676986718,0.1961143515678853,0.1961143515678853,-9.81,0.1,-9.81,0.7
2.3919999999998476,2.3919999999998476,0.0015442612275155504,0.18630435156788527,0.18630435156788527,-9.81,0.1,-9.81,0.7
2.3929999999998475,2.3929999999998475,0.0017256582368187043,0.17649435156788526,0.17649435156788526,-9.81,0.1,-9.81,0.7
2.3939999999998474,2.3939999999998474,0.0018972467561038354,0.16668435156788525,0.16668435156788525,-9.81,0.1,-9.81,0.7
2.3949999999998473,2.3949999999998473,0.002059025811934591,0.15687435156788523,0.15687435156788523,-9.81,0.1,-9.81,0.7
2.395999999999847,2.395999999999847,0.002210995058417458,0.14706435156788522,0.14706435156788522,-9.81,0.1,-9.81,0.7
2.396999999999847,2.396999999999847,0.0023531543726452195,0.1372543515678852,0.1372543515678852,-9.81,0.1,-9.81,0.7
2.397999999999847,2.397999999999847,0.002485503710944944,0.12744435156788522,0.12744435156788522,-9.81,0.1,-9.81,0.7
2.398999999999847,2.398999999999847,0.0026080430577982206,0.11763435156788521,0.11763435156788521,-9.81,0.1,-9.81,0.7
2.3999999999998467,2.3999999999998467,0.0027207724076908518,0.10782435156788521,0.10782435156788521,-9.81,0.1,-9.81,0.7
2.4009999999998466,2.4009999999998466,0.0028236917586634647,0.09801435156788521,0.09801435156788521,-9.81,0.1,-9.81,0.7
2.4019999999998465,2.4019999999998465,0.00291680111001983,0.08820435156788521,0.08820435156788521,-9.81,0.1,-9.81,0.7
2.4029999999998464,2.4029999999998464,0.0030001004615125555,0.07839435156788521,0.07839435156788521,-9.81,0.1,-9.81,0.7
2.4039999999998463,2.4039999999998463,0.003073589813053734,0.06858435156788521,0.06858435156788521,-9.81,0.1,-9.81,0.7
2.404999999999846,2.404999999999846,0.003137269164612197,0.05877435156788522,0.05877435156788522,-9.81,0.1,-9.81,0.7
2.405999999999846,2.405999999999846,0.0031911385161770395,0.04896435156788522,0.04896435156788522,-9.81,0.1,-9.81,0.7
2.406999999999846,2.406999999999846,0.00323519786774391,0.03915435156788522,0.03915435156788522,-9.81,0.1,-9.81,0.7
2.407999999999846,2.407999999999846,0.0032694472193114574,0.029344351567885223,0.029344351567885223,-9.81,0.1,-9.81,0.7
2.4089999999998457,2.4089999999998457,0.00329388657087923,0.019534351567885223,0.019534351567885223,-9.81,0.1,-9.81,0.7
2.4099999999998456,2.4099999999998456,0.0033085159224470776,0.00972435156788522,0.00972435156788522,-9.81,0.1,-9.81,0.7
2.4109999999998455,2.4109999999998455,0.00331333527401495,-8.564843211477779e-05,-8.564843211477779e-05,-9.81,0.1,-9.81,0.7
2.4119999999998454,2.4119999999998454,0.0033083446255828316,-0.00989564843211478,-0.00989564843211478,-9.81,0.1,-9.81,0.7
2.4129999999998453,2.4129999999998453,0.003293543977150715,-0.019705648432114777,-0.019705648432114777,-9.81,0.1,-9.81,0.7
2.413999999999845,2.413999999999845,0.0032689333287186,-0.02951564843211478,-0.02951564843211478,-9.81,0.1,-9.81,0.7
2.414999999999845,2.414999999999845,0.003234512680286485,-0.03932564843211478,-0.03932564843211478,-9.81,0.1,-9.81,0.7
2.415999999999845,2.415999999999845,0.0031902820318543703,-0.04913564843211478,-0.04913564843211478,-9.81,0.1,-9.81,0.7
2.416999999999845,2.416999999999845,0.0031362413834222554,-0.05894564843211477,-0.05894564843211477,-9.81,0.1,-9.81,0.7
2.4179999999998447,2.4179999999998447,0.0030723907349901407,-0.06875564843211478,-0.06875564843211478,-9.81,0.1,-9.81,0.7
2.4189999999998446,2.4189999999998446,0.0029987300865580257,-0.07856564843211478,-0.07856564843211478,-9.81,0.1,-9.81,0.7
2.4199999999998445,2.4199999999998445,0.002915259438125911,-0.08837564843211478,-0.08837564843211478,-9.81,0.1,-9.81,0.7
2.4209999999998444,2.4209999999998444,0.002821978789693796,-0.09818564843211477,-0.09818564843211477,-9.81,0.1,-9.81,0.7
2.4219999999998443,2.4219999999998443,0.002718888141261681,-0.10799564843211477,-0.10799564843211477,-9.81,0.1,-9.81,0.7
2.422999999999844,2.422999999999844,0.002605987492829567,-0.11780564843211477,-0.11780564843211477,-9.81,0.1,-9.81,0.7
2.423999999999844,2.423999999999844,0.002483276844397452,-0.1276156484321148,-0.1276156484321148,-9.81,0.1,-9.81,0.7
2.424999999999844,2.424999999999844,0.002350756195965337,-0.13742564843211477,-0.13742564843211477,-9.81,0.1,-9.81,0.7
2.425999999999844,2.425999999999844,0.0022084255475332223,-0.14723564843211479,-0.14723564843211479,-9.81,0.1,-9.81,0.7
2.4269999999998437,2.4269999999998437,0.002056284899101107,-0.1570456484321148,-0.1570456484321148,-9.81,0.1,-9.81,0.7
2.4279999999998436,2.4279999999998436,0.0018943342506689926,-0.1668556484321148,-0.1668556484321148,-9.81,0.1,-9.81,0.7
2.4289999999998435,2.4289999999998435,0.0017225736022368778,-0.17666564843211482,-0.17666564843211482,-9.81,0.1,-9.81,0.7
2.4299999999998434,2.4299999999998434,0.0015410029538047631,-0.18647564843211484,-0.18647564843211484,-9.81,0.1,-9.81,0.7
2.4309999999998433,2.4309999999998433,0.0013496223053726481,-0.19628564843211485,-0.19628564843211485,-9.81,0.1,-9.81,0.7
2.431999999999843,2.431999999999843,0.0011484316569405333,-0.20609564843211486,-0.20609564843211486,-9.81,0.1,-9.81,0.7
2.432999999999843,2.432999999999843,0.0009374310085084185,-0.21590564843211488,-0.21590564843211488,-9.81,0.1,-9.81,0.7
2.433999999999843,2.433999999999843,0.0007166203600763037,-0.2257156484321149,-0.2257156484321149,-9.81,0.1,-9.81,0.7
2.434999999999843,2.434999999999843,0.00048599971164418887,-0.2355256484321149,-0.2355256484321149,-9.81,0.1,-9.81,0.7
2.4359999999998427,2.4359999999998427,0.000245569063212074,-0.2453356484321149,-0.2453356484321149,-9.81,0.1,-9.81,0.7
2.436981684066429,2.436981684066429,-9.722420351437888e-15,-0.2549659691253284,-0.2549659691253284,-9.81,0.1,-9.81,0.7
2.4369999999998426,2.4369999999998426,3.1511052539065807e-06,0.17829649908094575,0.17829649908094575,-9.81,0.1,-9.81,0.7
2.4379999999998425,2.4379999999998425,0.00017338894892464927,0.16848649908094576,0.16848649908094576,-9.81,0.1,-9.81,0.7
2.4389999999998424,2.4389999999998424,0.00033579894548565683,0.15867649908094578,0.15867649908094578,-9.81,0.1,-9.81,0.7
2.4399999999998423,2.4399999999998423,0.0004891569179550092,0.14886649908094576,0.14886649908094576,-9.81,0.1,-9.81,0.7
2.440999999999842,2.440999999999842,0.0006329713294233115,0.13905649908094575,0.13905649908094575,-9.81,0.1,-9.81,0.7
2.441999999999842,2.441999999999842,0.0007670705714857691,0.12924649908094574,0.12924649908094574,-9.81,0.1,-9.81,0.7
2.442999999999842,2.442999999999842,0.0008913935015175966,0.11943649908094575,0.11943649908094575,-9.81,0.1,-9.81,0.7
2.443999999999842,2.443999999999842,0.0010059184024348484,0.10962649908094575,0.10962649908094575,-9.81,0.1,-9.81,0.7
2.4449999999998417,2.4449999999998417,0.0011106375569724274,0.09981649908094575,0.09981649908094575,-9.81,0.1,-9.81,0.7
2.4459999999998416,2.4459999999998416,0.0012055482229609458,0.09000649908094575,0.09000649908094575,-9.81,0.1,-9.81,0.7
2.4469999999998415,2.4469999999998415,0.001290649426017059,0.08019649908094575,0.08019649908094575,-9.81,0.1,-9.81,0.7
2.4479999999998414,2.4479999999998414,0.001365940819910756,0.07038649908094576,0.07038649908094576,-9.81,0.1,-9.81,0.7
2.4489999999998413,2.4489999999998413,0.0014314222816152519,0.060576499080945756,0.060576499080945756,-9.81,0.1,-9.81,0.7
2.449999999999841,2.449999999999841,0.0014870937674151294,0.05076649908094576,0.05076649908094576,-9.81,0.1,-9.81,0.7
2.450999999999841,2.450999999999841,0.0015329552617768798,0.04095649908094576,0.04095649908094576,-9.81,0.1,-9.81,0.7
2.451999999999841,2.451999999999841,0.0015690067591809422,0.031146499080945758,0.031146499080945758,-9.81,0.1,-9.81,0.7
2.452999999999841,2.452999999999841,0.0015952482576660368,0.02133649908094576,0.02133649908094576,-9.81,0.1,-9.81,0.7
2.4539999999998408,2.4539999999998408,0.0016116797565352572,0.011526499080945756,0.011526499080945756,-9.81,0.1,-9.81,0.7
2.4549999999998406,2.4549999999998406,0.00161830125554097,0.0017164990809457577,0.0017164990809457577,-9.81,0.1,-9.81,0.7
2.4559999999998405,2.4559999999998405,0.001615112754595183,-0.008093500919054242,-0.008093500919054242,-9.81,0.1,-9.81,0.7
2.4569999999998404,2.4569999999998404,0.0016021142536666976,-0.01790350091905424,-0.01790350091905424,-9.81,0.1,-9.81,0.7
2.4579999999998403,2.4579999999998403,0.001579305752744597,-0.027713500919054244,-0.027713500919054244,-9.81,0.1,-9.81,0.7
2.45899999999984,2.45899999999984,0.0015466872518245273,-0.037523500919054244,-0.037523500919054244,-9.81,0.1,-9.81,0.7
2.45999999999984,2.45999999999984,0.0015042587509051346,-0.04733350091905424,-0.04733350091905424,-9.81,0.1,-9.81,0.7
2.46099999999984,2.46099999999984,0.0014520202499859675,-0.057143500919054235,-0.057143500919054235,-9.81,0.1,-9.81,0.7
2.46199999999984,2.46199999999984,0.0013899717490668756,-0.06695350091905423,-0.06695350091905423,-9.81,0.1,-9.81,0.7
2.4629999999998398,2.4629999999998398,0.0013181132481478088,-0.07676350091905423,-0.07676350091905423,-9.81,0.1,-9.81,0.7
2.4639999999998397,2.4639999999998397,0.0012364447472287504,-0.08657350091905423,-0.08657350091905423,-9.81,0.1,-9.81,0.7
2.4649999999998395,2.4649999999998395,0.001144966246309695,-0.09638350091905423,-0.09638350091905423,-9.81,0.1,-9.81,0.7
2.4659999999998394,2.4659999999998394,0.00104367774539064,-0.10619350091905423,-0.10619350091905423,-9.81,0.1,-9.81,0.7
2.4669999999998393,2.4669999999998393,0.0009325792444715858,-0.11600350091905423,-0.11600350091905423,-9.81,0.1,-9.81,0.7
2.467999999999839,2.467999999999839,0.0008116707435525315,-0.12581350091905424,-0.12581350091905424,-9.81,0.1,-9.81,0.7
2.468999999999839,2.468999999999839,0.0006809522426334773,-0.13562350091905423,-0.13562350091905423,-9.81,0.1,-9.81,0.7
2.469999999999839,2.469999999999839,0.0005404237417144231,-0.14543350091905424,-0.14543350091905424,-9.81,0.1,-9.81,0.7
2.470999999999839,2.470999999999839,0.00039008524079536886,-0.15524350091905426,-0.15524350091905426,-9.81,0.1,-9.81,0.7
2.4719999999998388,2.4719999999998388,0.0002299367398763146,-0.16505350091905427,-0.16505350091905427,-9.81,0.1,-9.81,0.7
2.4729999999998387,2.4729999999998387,5.99782389572603e-05,-0.17486350091905428,-0.17486350091905428,-9.81,0.1,-9.81,0.7
2.473339762233886,2.473339762233886,-1.0641715373488347e-15,-0.17819656843505832,-0.17819656843505832,-9.81,0.1,-9.81,0.7
2.4739999999998386,2.4739999999998386,7.787005288782026e-05,0.1182606654205483,0.1182606654205483,-9.81,0.1,-9.81,0.7
2.4749999999998384,2.4749999999998384,0.0001894679082898938,0.1084506654205483,0.1084506654205483,-9.81,0.1,-9.81,0.7
2.4759999999998383,2.4759999999998383,0.0002923834730887568,0.0986406654205483,0.0986406654205483,-9.81,0.1,-9.81,0.7
2.476999999999838,2.476999999999838,0.0003858955396405772,0.08883066542054831,0.08883066542054831,-9.81,0.1,-9.81,0.7
2.477999999999838,2.477999999999838,0.0004697417371234941,0.07902066542054831,0.07902066542054831,-9.81,0.1,-9.81,0.7
2.478999999999838,2.478999999999838,0.0005438291658643377,0.06921066542054831,0.06921066542054831,-9.81,0.1,-9.81,0.7
2.479999999999838,2.479999999999838,0.0006081247978278852,0.05940066542054831,0.05940066542054831,-9.81,0.1,-9.81,0.7
2.480999999999838,2.480999999999838,0.0006626168980374158,0.04959066542054831,0.04959066542054831,-9.81,0.1,-9.81,0.7
2.4819999999998377,2.4819999999998377,0.0007073012966224248,0.03978066542054831,0.03978066542054831,-9.81,0.1,-9.81,0.7
2.4829999999998376,2.4829999999998376,0.0007421765118951198,0.029970665420548312,0.029970665420548312,-9.81,0.1,-9.81,0.7
2.4839999999998374,2.4839999999998374,0.0007672420173634981,0.020160665420548313,0.020160665420548313,-9.81,0.1,-9.81,0.7
2.4849999999998373,2.4849999999998373,0.0007824976259478392,0.010350665420548313,0.010350665420548313,-9.81,0.1,-9.81,0.7
2.4859999999998372,2.4859999999998372,0.0007879432711726351,0.0005406654205483127,0.0005406654205483127,-9.81,0.1,-9.81,0.7
2.486999999999837,2.486999999999837,0.0007835789294169757,-0.009269334579451687,-0.009269334579451687,-9.81,0.1,-9.81,0.7
2.487999999999837,2.487999999999837,0.0007694045922875842,-0.019079334579451684,-0.019079334579451684,-9.81,0.1,-9.81,0.7
2.488999999999837,2.488999999999837,0.000745420256802056,-0.028889334579451684,-0.028889334579451684,-9.81,0.1,-9.81,0.7
2.489999999999837,2.489999999999837,0.0007116259219006459,-0.03869933457945168,-0.03869933457945168,-9.81,0.1,-9.81,0.7
2.4909999999998367,2.4909999999998367,0.000668021587206792,-0.04850933457945168,-0.04850933457945168,-9.81,0.1,-9.81,0.7
2.4919999999998366,2.4919999999998366,0.0006146072525866895,-0.05831933457945168,-0.05831933457945168,-9.81,0.1,-9.81,0.7
2.4929999999998365,2.4929999999998365,0.0005513829179927933,-0.06812933457945168,-0.06812933457945168,-9.81,0.1,-9.81,0.7
2.4939999999998363,2.4939999999998363,0.00047834858340850875,-0.07793933457945168,-0.07793933457945168,-9.81,0.1,-9.81,0.7
2.4949999999998362,2.4949999999998362,0.00039550424882746045,-0.08774933457945168,-0.08774933457945168,-9.81,0.1,-9.81,0.7
2.495999999999836,2.495999999999836,0.00030284991424747655,-0.09755933457945168,-0.09755933457945168,-9.81,0.1,-9.81,0.7
2.496999999999836,2.496999999999836,0.00020038557966784747,-0.10736933457945168,-0.10736933457945168,-9.81,0.1,-9.81,0.7
2.497999999999836,2.497999999999836,8.811124508833665e-05,-0.11717933457945168,-0.11717933457945168,-9.81,0.1,-9.81,0.7
2.4987296497985008,2.4987296497985008,-6.2002811739014785e-18,-0.12433719910435499,-0.12433719910435499,-9.81,0.1,-9.81,0.7
2.498999999999836,2.498999999999836,2.2250738585072014e-308,0.0,0.0,0.0,0.1,-9.81,0.7
2.4999999999998357,2.4999999999998357,2.2250738585072014e-308,0.0,0.0,0.0,0.1,-9.81,0.7
2.5009999999998356,2.5009999999998356,2.2250738585072014e-308,0.0,0.0,0.0,0.1,-9.81,0.7
2.5019999999998355,2.5019999999998355,2.2250738585072014e-308,0.0,0.0,0.0,0.1,-9.81,0.7
2.5029999999998354,2.5029999999998354,2.2250738585072014e-308,0.0,0.0,0.0,0.1,-9.81,0.7
2.5039999999998352,2.5039999999998352,2.2250738585072014e-308,0.0,0.0,0.0,0.1,-9.81,0.7
2.504999999999835,2.504999999999835,2.2250738585072014e-308,0.0,0.0,0.0,0.1,-9.81,0.7
2.505999999999835,2.505999999999835,2.2250738585072014e-308,0.0,0.0,0.0,0.1,-9.81,0.7
2.506999999999835,2.506999999999835,2.2250738585072014e-308,0.0,0.0,0.0,0.1,-9.81,0.7
2.507999999999835,2.507999999999835,2.2250738585072014e-308,0.0,0.0,0.0,0.1,-9.81,0.7
2.5089999999998347,2.5089999999998347,2.2250738585072014e-308,0.0,0.0,0.0,0.1,-9.81,0.7
2.5099999999998346,2.5099999999998346,2.2250738585072014e-308,0.0,0.0,0.0,0.1,-9.81,0.7
2.5109999999998345,2.5109999999998345,2.2250738585072014e-308,0.0,0.0,0.0,0.1,-9.81,0.7
2.5119999999998344,2.5119999999998344,2.2250738585072014e-308,0.0,0.0,0.0,0.1,-9.81,0.7
2.5129999999998343,2.5129999999998343,2.2250738585072014e-308,0.0,0.0,0.0,0.1,-9.81,0.7
2.513999999999834,2.513999999999834,2.2250738585072014e-308,0.0,0.0,0.0,0.1,-9.81,0.7
2.514999999999834,2.514999999999834,2.2250738585072014e-308,0.0,0.0,0.0,0.1,-9.81,0.7
2.515999999999834,2.515999999999834,2.2250738585072014e-308,0.0,0.0,0.0,0.1,-9.81,0.7
2.516999999999834,2.516999999999834,2.2250738585072014e-308,0.0,0.0,0.0,0.1,-9.81,0.7
2.5179999999998337,2.5179999999998337,2.2250738585072014e-308,0.0,0.0,0.0,0.1,-9.81,0.7
2.5189999999998336,2.5189999999998336,2.2250738585072014e-308,0.0,0.0,0.0,0.1,-9.81,0.7
2.5199999999998335,2.5199999999998335,2.2250738585072014e-308,0.0,0.0,0.0,0.1,-9.81,0.7
2.5209999999998334,2.5209999999998334,2.2250738585072014e-308,0.0,0.0,0.0,0.1,-9.81,0.7
2.5219999999998333,2.5219999999998333,2.2250738585072014e-308,0.0,0.0,0.0,0.1,-9.81,0.7
2.522999999999833,2.522999999999833,2.2250738585072014e-308,0.0,0.0,0.0,0.1,-9.81,0.7
2.523999999999833,2.523999999999833,2.2250738585072014e-308,0.0,0.0,0.0,0.1,-9.81,0.7
2.524999999999833,2.524999999999833,2.2250738585072014e-308,0.0,0.0,0.0,0.1,-9.81,0.7
2.525999999999833,2.525999999999833,2.2250738585072014e-308,0.0,0.0,0.0,0.1,-9.81,0.7
2.5269999999998327,2.5269999999998327,2.2250738585072014e-308,0.0,0.0,0.0,0.1,-9.81,0.7
2.5279999999998326,2.5279999999998326,2.2250738585072014e-308,0.0,0.0,0.0,0.1,-9.81,0.7
2.5289999999998325,2.5289999999998325,2.2250738585072014e-308,0.0,0.0,0.0,0.1,-9.81,0.7
2.5299999999998324,2.5299999999998324,2.2250738585072014e-308,0.0,0.0,0.0,0.1,-9.81,0.7
2.5309999999998323,2.5309999999998323,2.2250738585072014e-308,0.0,0.0,0.0,0.1,-9.81,0.7
2.531999999999832,2.531999999999832,2.2250738585072014e-308,0.0,0.0,0.0,0.1,-9.81,0.7
2.532999999999832,2.532999999999832,2.2250738585072014e-308,0.0,0.0,0.0,0.1,-9.81,0.7
2.533999999999832,2.533999999999832,2.2250738585072014e-308,0.0,0.0,0.0,0.1,-9.81,0.7
2.534999999999832,2.534999999999832,2.2250738585072014e-308,0.0,0.0,0.0,0.1,-9.81,0.7
2.5359999999998317,2.5359999999998317,2.2250738585072014e-308,0.0,0.0,0.0,0.1,-9.81,0.7
2.5369999999998316,2.5369999999998316,2.2250738585072014e-308,0.0,0.0,0.0,0.1,-9.81,0.7
2.5379999999998315,2.5379999999998315,2.2250738585072014e-308,0.0,0.0,0.0,0.1,-9.81,0.7
2.5389999999998314,2.5389999999998314,2.2250738585072014e-308,0.0,0.0,0.0,0.1,-9.81,0.7
2.5399999999998313,2.5399999999998313,2.2250738585072014e-308,0.0,0.0,0.0,0.1,-9.81,0.7
2.540999999999831,2.540999999999831,2.2250738585072014e-308,0.0,0.0,0.0,0.1,-9.81,0.7
2.541999999999831,2.541999999999831,2.2250738585072014e-308,0.0,0.0,0.0,0.1,-9.81,0.7
2.542999999999831,2.542999999999831,2.2250738585072014e-308,0.0,0.0,0.0,0.1,-9.81,0.7
2.543999999999831,2.543999999999831,2.2250738585072014e-308,0.0,0.0,0.0,0.1,-9.81,0.7
2.5449999999998307,2.5449999999998307,2.2250738585072014e-308,0.0,0.0,0.0,0.1,-9.81,0.7
2.5459999999998306,2.5459999999998306,2.2250738585072014e-308,0.0,0.0,0.0,0.1,-9.81,0.7
2.5469999999998305,2.5469999999998305,2.2250738585072014e-308,0.0,0.0,0.0,0.1,-9.81,0.7
2.5479999999998304,2.5479999999998304,2.2250738585072014e-308,0.0,0.0,0.0,0.1,-9.81,0.7
2.5489999999998303,2.5489999999998303,2.2250738585072014e-308,0.0,0.0,0.0,0.1,-9.81,0.7
2.54999999999983,2.54999999999983,2.2250738585072014e-308,0.0,0.0,0.0,0.1,-9.81,0.7
2.55099999999983,2.55099999999983,2.2250738585072014e-308,0.0,0.0,0.0,0.1,-9.81,0.7
2.55199999999983,2.55199999999983,2.2250738585072014e-308,0.0,0.0,0.0,0.1,-9.81,0.7
2.55299999999983,2.55299999999983,2.2250738585072014e-308,0.0,0.0,0.0,0.1,-9.81,0.7
2.5539999999998297,2.5539999999998297,2.2250738585072014e-308,0.0,0.0,0.0,0.1,-9.81,0.7
2.5549999999998296,2.5549999999998296,2.2250738585072014e-308,0.0,0.0,0.0,0.1,-9.81,0.7
2.5559999999998295,2.5559999999998295,2.2250738585072014e-308,0.0,0.0,0.0,0.1,-9.81,0.7
2.5569999999998294,2.5569999999998294,2.2250738585072014e-308,0.0,0.0,0.0,0.1,-9.81,0.7
2.5579999999998293,2.5579999999998293,2.2250738585072014e-308,0.0,0.0,0.0,0.1,-9.81,0.7
2.558999999999829,2.558999999999829,2.2250738585072014e-308,0.0,0.0,0.0,0.1,-9.81,0.7
2.559999999999829,2.559999999999829,2.2250738585072014e-308,0.0,0.0,0.0,0.1,-9.81,0.7
2.560999999999829,2.560999999999829,2.2250738585072014e-308,0.0,0.0,0.0,0.1,-9.81,0.7
2.561999999999829,2.561999999999829,2.2250738585072014e-308,0.0,0.0,0.0,0.1,-9.81,0.7
2.5629999999998287,2.5629999999998287,2.2250738585072014e-308,0.0,0.0,0.0,0.1,-9.81,0.7
2.5639999999998286,2.5639999999998286,2.2250738585072014e-308,0.0,0.0,0.0,0.1,-9.81,0.7
2.5649999999998285,2.5649999999998285,2.2250738585072014e-308,0.0,0.0,0.0,0.1,-9.81,0.7
2.5659999999998284,2.5659999999998284,2.2250738585072014e-308,0.0,0.0,0.0,0.1,-9.81,0.7
2.5669999999998283,2.5669999999998283,2.2250738585072014e-308,0.0,0.0,0.0,0.1,-9.81,0.7
2.567999999999828,2.567999999999828,2.2250738585072014e-308,0.0,0.0,0.0,0.1,-9.81,0.7
2.568999999999828,2.568999999999828,2.2250738585072014e-308,0.0,0.0,0.0,0.1,-9.81,0.7
2.569999999999828,2.569999999999828,2.2250738585072014e-308,0.0,0.0,0.0,0.1,-9.81,0.7
2.570999999999828,2.570999999999828,2.2250738585072014e-308,0.0,0.0,0.0,0.1,-9.81,0.7
2.5719999999998278,2.5719999999998278,2.2250738585072014e-308,0.0,0.0,0.0,0.1,-9.81,0.7
2.5729999999998276,2.5729999999998276,2.2250738585072014e-308,0.0,0.0,0.0,0.1,-9.81,0.7
2.5739999999998275,2.5739999999998275,2.2250738585072014e-308,0.0,0.0,0.0,0.1,-9.81,0.7
2.5749999999998274,2.5749999999998274,2.2250738585072014e-308,0.0,0.0,0.0,0.1,-9.81,0.7
2.5759999999998273,2.5759999999998273,2.2250738585072014e-308,0.0,0.0,0.0,0.1,-9.81,0.7
2.576999999999827,2.576999999999827,2.2250738585072014e-308,0.0,0.0,0.0,0.1,-9.81,0.7
2.577999999999827,2.577999999999827,2.2250738585072014e-308,0.0,0.0,0.0,0.1,-9.81,0.7
2.578999999999827,2.578999999999827,2.2250738585072014e-308,0.0,0.0,0.0,0.1,-9.81,0.7
2.579999999999827,2.579999999999827,2.2250738585072014e-308,0.0,0.0,0.0,0.1,-9.81,0.7
2.5809999999998268,2.5809999999998268,2.2250738585072014e-308,0.0,0.0,0.0,0.1,-9.81,0.7
2.5819999999998267,2.5819999999998267,2.2250738585072014e-308,0.0,0.0,0.0,0.1,-9.81,0.7
2.5829999999998265,2.5829999999998265,2.2250738585072014e-308,0.0,0.0,0.0,0.1,-9.81,0.7
2.5839999999998264,2.5839999999998264,2.2250738585072014e-308,0.0,0.0,0.0,0.1,-9.81,0.7
2.5849999999998263,2.5849999999998263,2.2250738585072014e-308,0.0,0.0,0.0,0.1,-9.81,0.7
2.585999999999826,2.585999999999826,2.2250738585072014e-308,0.0,0.0,0.0,0.1,-9.81,0.7
2.586999999999826,2.586999999999826,2.2250738585072014e-308,0.0,0.0,0.0,0.1,-9.81,0.7
2.587999999999826,2.587999999999826,2.2250738585072014e-308,0.0,0.0,0.0,0.1,-9.81,0.7
2.588999999999826,2.588999999999826,2.2250738585072014e-308,0.0,0.0,0.0,0.1,-9.81,0.7
2.5899999999998258,2.5899999999998258,2.2250738585072014e-308,0.0,0.0,0.0,0.1,-9.81,0.7
2.5909999999998257,2.5909999999998257,2.2250738585072014e-308,0.0,0.0,0.0,0.1,-9.81,0.7
2.5919999999998256,2.5919999999998256,2.2250738585072014e-308,0.0,0.0,0.0,0.1,-9.81,0.7
2.5929999999998254,2.5929999999998254,2.2250738585072014e-308,0.0,0.0,0.0,0.1,-9.81,0.7
2.5939999999998253,2.5939999999998253,2.2250738585072014e-308,0.0,0.0,0.0,0.1,-9.81,0.7
2.5949999999998252,2.5949999999998252,2.2250738585072014e-308,0.0,0.0,0.0,0.1,-9.81,0.7
2.595999999999825,2.595999999999825,2.2250738585072014e-308,0.0,0.0,0.0,0.1,-9.81,0.7
2.596999999999825,2.596999999999825,2.2250738585072014e-308,0.0,0.0,0.0,0.1,-9.81,0.7
2.597999999999825,2.597999999999825,2.2250738585072014e-308,0.0,0.0,0.0,0.1,-9.81,0.7
2.598999999999825,2.598999999999825,2.2250738585072014e-308,0.0,0.0,0.0,0.1,-9.81,0.7
2.5999999999998247,2.5999999999998247,2.2250738585072014e-308,0.0,0.0,0.0,0.1,-9.81,0.7
2.6009999999998246,2.6009999999998246,2.2250738585072014e-308,0.0,0.0,0.0,0.1,-9.81,0.7
2.6019999999998245,2.6019999999998245,2.2250738585072014e-308,0.0,0.0,0.0,0.1,-9.81,0.7
2.6029999999998243,2.6029999999998243,2.2250738585072014e-308,0.0,0.0,0.0,0.1,-9.81,0.7
2.6039999999998242,2.6039999999998242,2.2250738585072014e-308,0.0,0.0,0.0,0.1,-9.81,0.7
2.604999999999824,2.604999999999824,2.2250738585072014e-308,0.0,0.0,0.0,0.1,-9.81,0.7
2.605999999999824,2.605999999999824,2.2250738585072014e-308,0.0,0.0,0.0,0.1,-9.81,0.7
2.606999999999824,2.606999999999824,2.2250738585072014e-308,0.0,0.0,0.0,0.1,-9.81,0.7
2.607999999999824,2.607999999999824,2.2250738585072014e-308,0.0,0.0,0.0,0.1,-9.81,0.7
2.6089999999998237,2.6089999999998237,2.2250738585072014e-308,0.0,0.0,0.0,0.1,-9.81,0.7
2.6099999999998236,2.6099999999998236,2.2250738585072014e-308,0.0,0.0,0.0,0.1,-9.81,0.7
2.6109999999998235,2.6109999999998235,2.2250738585072014e-308,0.0,0.0,0.0,0.1,-9.81,0.7
2.6119999999998234,2.6119999999998234,2.2250738585072014e-308,0.0,0.0,0.0,0.1,-9.81,0.7
2.6129999999998232,2.6129999999998232,2.2250738585072014e-308,0.0,0.0,0.0,0.1,-9.81,0.7
2.613999999999823,2.613999999999823,2.2250738585072014e-308,0.0,0.0,0.0,0.1,-9.81,0.7
2.614999999999823,2.614999999999823,2.2250738585072014e-308,0.0,0.0,0.0,0.1,-9.81,0.7
2.615999999999823,2.615999999999823,2.2250738585072014e-308,0.0,0.0,0.0,0.1,-9.81,0.7
2.616999999999823,2.616999999999823,2.2250738585072014e-308,0.0,0.0,0.0,0.1,-9.81,0.7
2.6179999999998227,2.6179999999998227,2.2250738585072014e-308,0.0,0.0,0.0,0.1,-9.81,0.7
2.6189999999998226,2.6189999999998226,2.2250738585072014e-308,0.0,0.0,0.0,0.1,-9.81,0.7
2.6199999999998225,2.6199999999998225,2.2250738585072014e-308,0.0,0.0,0.0,0.1,-9.81,0.7
2.6209999999998224,2.6209999999998224,2.2250738585072014e-308,0.0,0.0,0.0,0.1,-9.81,0.7
2.6219999999998223,2.6219999999998223,2.2250738585072014e-308,0.0,0.0,0.0,0.1,-9.81,0.7
2.622999999999822,2.622999999999822,2.2250738585072014e-308,0.0,0.0,0.0,0.1,-9.81,0.7
2.623999999999822,2.623999999999822,2.2250738585072014e-308,0.0,0.0,0.0,0.1,-9.81,0.7
2.624999999999822,2.624999999999822,2.2250738585072014e-308,0.0,0.0,0.0,0.1,-9.81,0.7
2.625999999999822,2.625999999999822,2.2250738585072014e-308,0.0,0.0,0.0,0.1,-9.81,0.7
2.6269999999998217,2.6269999999998217,2.2250738585072014e-308,0.0,0.0,0.0,0.1,-9.81,0.7
2.6279999999998216,2.6279999999998216,2.2250738585072014e-308,0.0,0.0,0.0,0.1,-9.81,0.7
2.6289999999998215,2.6289999999998215,2.2250738585072014e-308,0.0,0.0,0.0,0.1,-9.81,0.7
2.6299999999998214,2.6299999999998214,2.2250738585072014e-308,0.0,0.0,0.0,0.1,-9.81,0.7
2.6309999999998213,2.6309999999998213,2.2250738585072014e-308,0.0,0.0,0.0,0.1,-9.81,0.7
2.631999999999821,2.631999999999821,2.2250738585072014e-308,0.0,0.0,0.0,0.1,-9.81,0.7
2.632999999999821,2.632999999999821,2.2250738585072014e-308,0.0,0.0,0.0,0.1,-9.81,0.7
2.633999999999821,2.633999999999821,2.2250738585072014e-308,0.0,0.0,0.0,0.1,-9.81,0.7
2.634999999999821,2.634999999999821,2.2250738585072014e-308,0.0,0.0,0.0,0.1,-9.81,0.7
2.6359999999998207,2.6359999999998207,2.2250738585072014e-308,0.0,0.0,0.0,0.1,-9.81,0.7
2.6369999999998206,2.6369999999998206,2.2250738585072014e-308,0.0,0.0,0.0,0.1,-9.81,0.7
2.6379999999998205,2.6379999999998205,2.2250738585072014e-308,0.0,0.0,0.0,0.1,-9.81,0.7
2.6389999999998204,2.6389999999998204,2.2250738585072014e-308,0.0,0.0,0.0,0.1,-9.81,0.7
2.6399999999998203,2.6399999999998203,2.2250738585072014e-308,0.0,0.0,0.0,0.1,-9.81,0.7
2.64099999999982,2.64099999999982,2.2250738585072014e-308,0.0,0.0,0.0,0.1,-9.81,0.7
2.64199999999982,2.64199999999982,2.2250738585072014e-308,0.0,0.0,0.0,0.1,-9.81,0.7
2.64299999999982,2.64299999999982,2.2250738585072014e-308,0.0,0.0,0.0,0.1,-9.81,0.7
2.64399999999982,2.64399999999982,2.2250738585072014e-308,0.0,0.0,0.0,0.1,-9.81,0.7
2.6449999999998197,2.6449999999998197,2.2250738585072014e-308,0.0,0.0,0.0,0.1,-9.81,0.7
2.6459999999998196,2.6459999999998196,2.2250738585072014e-308,0.0,0.0,0.0,0.1,-9.81,0.7
2.6469999999998195,2.6469999999998195,2.2250738585072014e-308,0.0,0.0,0.0,0.1,-9.81,0.7
2.6479999999998194,2.6479999999998194,2.2250738585072014e-308,0.0,0.0,0.0,0.1,-9.81,0.7
2.6489999999998193,2.6489999999998193,2.2250738585072014e-308,0.0,0.0,0.0,0.1,-9.81,0.7
2.649999999999819,2.649999999999819,2.2250738585072014e-308,0.0,0.0,0.0,0.1,-9.81,0.7
2.650999999999819,2.650999999999819,2.2250738585072014e-308,0.0,0.0,0.0,0.1,-9.81,0.7
2.651999999999819,2.651999999999819,2.2250738585072014e-308,0.0,0.0,0.0,0.1,-9.81,0.7
2.652999999999819,2.652999999999819,2.2250738585072014e-308,0.0,0.0,0.0,0.1,-9.81,0.7
2.6539999999998187,2.6539999999998187,2.2250738585072014e-308,0.0,0.0,0.0,0.1,-9.81,0.7
2.6549999999998186,2.6549999999998186,2.2250738585072014e-308,0.0,0.0,0.0,0.1,-9.81,0.7
2.6559999999998185,2.6559999999998185,2.2250738585072014e-308,0.0,0.0,0.0,0.1,-9.81,0.7
2.6569999999998184,2.6569999999998184,2.2250738585072014e-308,0.0,0.0,0.0,0.1,-9.81,0.7
2.6579999999998183,2.6579999999998183,2.2250738585072014e-308,0.0,0.0,0.0,0.1,-9.81,0.7
2.658999999999818,2.658999999999818,2.2250738585072014e-308,0.0,0.0,0.0,0.1,-9.81,0.7
2.659999999999818,2.659999999999818,2.2250738585072014e-308,0.0,0.0,0.0,0.1,-9.81,0.7
2.660999999999818,2.660999999999818,2.2250738585072014e-308,0.0,0.0,0.0,0.1,-9.81,0.7
2.661999999999818,2.661999999999818,2.2250738585072014e-308,0.0,0.0,0.0,0.1,-9.81,0.7
2.6629999999998177,2.6629999999998177,2.2250738585072014e-308,0.0,0.0,0.0,0.1,-9.81,0.7
2.6639999999998176,2.6639999999998176,2.2250738585072014e-308,0.0,0.0,0.0,0.1,-9.81,0.7
2.6649999999998175,2.6649999999998175,2.2250738585072014e-308,0.0,0.0,0.0,0.1,-9.81,0.7
2.6659999999998174,2.6659999999998174,2.2250738585072014e-308,0.0,0.0,0.0,0.1,-9.81,0.7
2.6669999999998173,2.6669999999998173,2.2250738585072014e-308,0.0,0.0,0.0,0.1,-9.81,0.7
2.667999999999817,2.667999999999817,2.2250738585072014e-308,0.0,0.0,0.0,0.1,-9.81,0.7
2.668999999999817,2.668999999999817,2.2250738585072014e-308,0.0,0.0,0.0,0.1,-9.81,0.7
2.669999999999817,2.669999999999817,2.2250738585072014e-308,0.0,0.0,0.0,0.1,-9.81,0.7
2.670999999999817,2.670999999999817,2.2250738585072014e-308,0.0,0.0,0.0,0.1,-9.81,0.7
2.6719999999998167,2.6719999999998167,2.2250738585072014e-308,0.0,0.0,0.0,0.1,-9.81,0.7
2.6729999999998166,2.6729999999998166,2.2250738585072014e-308,0.0,0.0,0.0,0.1,-9.81,0.7
2.6739999999998165,2.6739999999998165,2.2250738585072014e-308,0.0,0.0,0.0,0.1,-9.81,0.7
2.6749999999998164,2.6749999999998164,2.2250738585072014e-308,0.0,0.0,0.0,0.1,-9.81,0.7
2.6759999999998163,2.6759999999998163,2.2250738585072014e-308,0.0,0.0,0.0,0.1,-9.81,0.7
2.676999999999816,2.676999999999816,2.2250738585072014e-308,0.0,0.0,0.0,0.1,-9.81,0.7
2.677999999999816,2.677999999999816,2.2250738585072014e-308,0.0,0.0,0.0,0.1,-9.81,0.7
2.678999999999816,2.678999999999816,2.2250738585072014e-308,0.0,0.0,0.0,0.1,-9.81,0.7
2.679999999999816,2.679999999999816,2.2250738585072014e-308,0.0,0.0,0.0,0.1,-9.81,0.7
2.6809999999998158,2.6809999999998158,2.2250738585072014e-308,0.0,0.0,0.0,0.1,-9.81,0.7
2.6819999999998156,2.6819999999998156,2.2250738585072014e-308,0.0,0.0,0.0,0.1,-9.81,0.7
2.6829999999998155,2.6829999999998155,2.2250738585072014e-308,0.0,0.0,0.0,0.1,-9.81,0.7
2.6839999999998154,2.6839999999998154,2.2250738585072014e-308,0.0,0.0,0.0,0.1,-9.81,0.7
2.6849999999998153,2.6849999999998153,2.2250738585072014e-308,0.0,0.0,0.0,0.1,-9.81,0.7
2.685999999999815,2.685999999999815,2.2250738585072014e-308,0.0,0.0,0.0,0.1,-9.81,0.7
2.686999999999815,2.686999999999815,2.2250738585072014e-308,0.0,0.0,0.0,0.1,-9.81,0.7
2.687999999999815,2.687999999999815,2.2250738585072014e-308,0.0,0.0,0.0,0.1,-9.81,0.7
2.688999999999815,2.688999999999815,2.2250738585072014e-308,0.0,0.0,0.0,0.1,-9.81,0.7
2.6899999999998148,2.6899999999998148,2.2250738585072014e-308,0.0,0.0,0.0,0.1,-9.81,0.7
2.6909999999998147,2.6909999999998147,2.2250738585072014e-308,0.0,0.0,0.0,0.1,-9.81,0.7
2.6919999999998145,2.6919999999998145,2.2250738585072014e-308,0.0,0.0,0.0,0.1,-9.81,0.7
2.6929999999998144,2.6929999999998144,2.2250738585072014e-308,0.0,0.0,0.0,0.1,-9.81,0.7
2.6939999999998143,2.6939999999998143,2.2250738585072014e-308,0.0,0.0,0.0,0.1,-9.81,0.7
2.694999999999814,2.694999999999814,2.2250738585072014e-308,0.0,0.0,0.0,0.1,-9.81,0.7
2.695999999999814,2.695999999999814,2.2250738585072014e-308,0.0,0.0,0.0,0.1,-9.81,0.7
2.696999999999814,2.696999999999814,2.2250738585072014e-308,0.0,0.0,0.0,0.1,-9.81,0.7
2.697999999999814,2.697999999999814,2.2250738585072014e-308,0.0,0.0,0.0,0.1,-9.81,0.7
2.6989999999998138,2.6989999999998138,2.2250738585072014e-308,0.0,0.0,0.0,0.1,-9.81,0.7
2.6999999999998137,2.6999999999998137,2.2250738585072014e-308,0.0,0.0,0.0,0.1,-9.81,0.7
2.7009999999998136,2.7009999999998136,2.2250738585072014e-308,0.0,0.0,0.0,0.1,-9.81,0.7
2.7019999999998134,2.7019999999998134,2.2250738585072014e-308,0.0,0.0,0.0,0.1,-9.81,0.7
2.7029999999998133,2.7029999999998133,2.2250738585072014e-308,0.0,0.0,0.0,0.1,-9.81,0.7
2.703999999999813,2.703999999999813,2.2250738585072014e-308,0.0,0.0,0.0,0.1,-9.81,0.7
2.704999999999813,2.704999999999813,2.2250738585072014e-308,0.0,0.0,0.0,0.1,-9.81,0.7
2.705999999999813,2.705999999999813,2.2250738585072014e-308,0.0,0.0,0.0,0.1,-9.81,0.7
2.706999999999813,2.706999999999813,2.2250738585072014e-308,0.0,0.0,0.0,0.1,-9.81,0.7
2.707999999999813,2.707999999999813,2.2250738585072014e-308,0.0,0.0,0.0,0.1,-9.81,0.7
2.7089999999998127,2.7089999999998127,2.2250738585072014e-308,0.0,0.0,0.0,0.1,-9.81,0.7
2.7099999999998126,2.7099999999998126,2.2250738585072014e-308,0.0,0.0,0.0,0.1,-9.81,0.7
2.7109999999998124,2.7109999999998124,2.2250738585072014e-308,0.0,0.0,0.0,0.1,-9.81,0.7
2.7119999999998123,2.7119999999998123,2.2250738585072014e-308,0.0,0.0,0.0,0.1,-9.81,0.7
2.7129999999998122,2.7129999999998122,2.2250738585072014e-308,0.0,0.0,0.0,0.1,-9.81,0.7
2.713999999999812,2.713999999999812,2.2250738585072014e-308,0.0,0.0,0.0,0.1,-9.81,0.7
2.714999999999812,2.714999999999812,2.2250738585072014e-308,0.0,0.0,0.0,0.1,-9.81,0.7
2.715999999999812,2.715999999999812,2.2250738585072014e-308,0.0,0.0,0.0,0.1,-9.81,0.7
2.716999999999812,2.716999999999812,2.2250738585072014e-308,0.0,0.0,0.0,0.1,-9.81,0.7
2.7179999999998117,2.7179999999998117,2.2250738585072014e-308,0.0,0.0,0.0,0.1,-9.81,0.7
2.7189999999998116,2.7189999999998116,2.2250738585072014e-308,0.0,0.0,0.0,0.1,-9.81,0.7
2.7199999999998115,2.7199999999998115,2.2250738585072014e-308,0.0,0.0,0.0,0.1,-9.81,0.7
2.7209999999998113,2.7209999999998113,2.2250738585072014e-308,0.0,0.0,0.0,0.1,-9.81,0.7
2.7219999999998112,2.7219999999998112,2.2250738585072014e-308,0.0,0.0,0.0,0.1,-9.81,0.7
2.722999999999811,2.722999999999811,2.2250738585072014e-308,0.0,0.0,0.0,0.1,-9.81,0.7
2.723999999999811,2.723999999999811,2.2250738585072014e-308,0.0,0.0,0.0,0.1,-9.81,0.7
2.724999999999811,2.724999999999811,2.2250738585072014e-308,0.0,0.0,0.0,0.1,-9.81,0.7
2.725999999999811,2.725999999999811,2.2250738585072014e-308,0.0,0.0,0.0,0.1,-9.81,0.7
2.7269999999998107,2.7269999999998107,2.2250738585072014e-308,0.0,0.0,0.0,0.1,-9.81,0.7
2.7279999999998106,2.7279999999998106,2.2250738585072014e-308,0.0,0.0,0.0,0.1,-9.81,0.7
2.7289999999998105,2.7289999999998105,2.2250738585072014e-308,0.0,0.0,0.0,0.1,-9.81,0.7
2.7299999999998104,2.7299999999998104,2.2250738585072014e-308,0.0,0.0,0.0,0.1,-9.81,0.7
2.7309999999998102,2.7309999999998102,2.2250738585072014e-308,0.0,0.0,0.0,0.1,-9.81,0.7
2.73199999999981,2.73199999999981,2.2250738585072014e-308,0.0,0.0,0.0,0.1,-9.81,0.7
2.73299999999981,2.73299999999981,2.2250738585072014e-308,0.0,0.0,0.0,0.1,-9.81,0.7
2.73399999999981,2.73399999999981,2.2250738585072014e-308,0.0,0.0,0.0,0.1,-9.81,0.7
2.73499999999981,2.73499999999981,2.2250738585072014e-308,0.0,0.0,0.0,0.1,-9.81,0.7
2.7359999999998097,2.7359999999998097,2.2250738585072014e-308,0.0,0.0,0.0,0.1,-9.81,0.7
2.7369999999998096,2.7369999999998096,2.2250738585072014e-308,0.0,0.0,0.0,0.1,-9.81,0.7
2.7379999999998095,2.7379999999998095,2.2250738585072014e-308,0.0,0.0,0.0,0.1,-9.81,0.7
2.7389999999998094,2.7389999999998094,2.2250738585072014e-308,0.0,0.0,0.0,0.1,-9.81,0.7
2.7399999999998093,2.7399999999998093,2.2250738585072014e-308,0.0,0.0,0.0,0.1,-9.81,0.7
2.740999999999809,2.740999999999809,2.2250738585072014e-308,0.0,0.0,0.0,0.1,-9.81,0.7
2.741999999999809,2.741999999999809,2.2250738585072014e-308,0.0,0.0,0.0,0.1,-9.81,0.7
2.742999999999809,2.742999999999809,2.2250738585072014e-308,0.0,0.0,0.0,0.1,-9.81,0.7
2.743999999999809,2.743999999999809,2.2250738585072014e-308,0.0,0.0,0.0,0.1,-9.81,0.7
2.7449999999998087,2.7449999999998087,2.2250738585072014e-308,0.0,0.0,0.0,0.1,-9.81,0.7
2.7459999999998086,2.7459999999998086,2.2250738585072014e-308,0.0,0.0,0.0,0.1,-9.81,0.7
2.7469999999998085,2.7469999999998085,2.2250738585072014e-308,0.0,0.0,0.0,0.1,-9.81,0.7
2.7479999999998084,2.7479999999998084,2.2250738585072014e-308,0.0,0.0,0.0,0.1,-9.81,0.7
2.7489999999998083,2.7489999999998083,2.2250738585072014e-308,0.0,0.0,0.0,0.1,-9.81,0.7
2.749999999999808,2.749999999999808,2.2250738585072014e-308,0.0,0.0,0.0,0.1,-9.81,0.7
2.750999999999808,2.750999999999808,2.2250738585072014e-308,0.0,0.0,0.0,0.1,-9.81,0.7
2.751999999999808,2.751999999999808,2.2250738585072014e-308,0.0,0.0,0.0,0.1,-9.81,0.7
2.752999999999808,2.752999999999808,2.2250738585072014e-308,0.0,0.0,0.0,0.1,-9.81,0.7
2.7539999999998077,2.7539999999998077,2.2250738585072014e-308,0.0,0.0,0.0,0.1,-9.81,0.7
2.7549999999998076,2.7549999999998076,2.2250738585072014e-308,0.0,0.0,0.0,0.1,-9.81,0.7
2.7559999999998075,2.7559999999998075,2.2250738585072014e-308,0.0,0.0,0.0,0.1,-9.81,0.7
2.7569999999998074,2.7569999999998074,2.2250738585072014e-308,0.0,0.0,0.0,0.1,-9.81,0.7
2.7579999999998073,2.7579999999998073,2.2250738585072014e-308,0.0,0.0,0.0,0.1,-9.81,0.7
2.758999999999807,2.758999999999807,2.2250738585072014e-308,0.0,0.0,0.0,0.1,-9.81,0.7
2.759999999999807,2.759999999999807,2.2250738585072014e-308,0.0,0.0,0.0,0.1,-9.81,0.7
2.760999999999807,2.760999999999807,2.2250738585072014e-308,0.0,0.0,0.0,0.1,-9.81,0.7
2.761999999999807,2.761999999999807,2.2250738585072014e-308,0.0,0.0,0.0,0.1,-9.81,0.7
2.7629999999998067,2.7629999999998067,2.2250738585072014e-308,0.0,0.0,0.0,0.1,-9.81,0.7
2.7639999999998066,2.7639999999998066,2.2250738585072014e-308,0.0,0.0,0.0,0.1,-9.81,0.7
2.7649999999998065,2.7649999999998065,2.2250738585072014e-308,0.0,0.0,0.0,0.1,-9.81,0.7
2.7659999999998064,2.7659999999998064,2.2250738585072014e-308,0.0,0.0,0.0,0.1,-9.81,0.7
2.7669999999998063,2.7669999999998063,2.2250738585072014e-308,0.0,0.0,0.0,0.1,-9.81,0.7
2.767999999999806,2.767999999999806,2.2250738585072014e-308,0.0,0.0,0.0,0.1,-9.81,0.7
2.768999999999806,2.768999999999806,2.2250738585072014e-308,0.0,0.0,0.0,0.1,-9.81,0.7
2.769999999999806,2.769999999999806,2.2250738585072014e-308,0.0,0.0,0.0,0.1,-9.81,0.7
2.770999999999806,2.770999999999806,2.2250738585072014e-308,0.0,0.0,0.0,0.1,-9.81,0.7
2.7719999999998057,2.7719999999998057,2.2250738585072014e-308,0.0,0.0,0.0,0.1,-9.81,0.7
2.7729999999998056,2.7729999999998056,2.2250738585072014e-308,0.0,0.0,0.0,0.1,-9.81,0.7
2.7739999999998055,2.7739999999998055,2.2250738585072014e-308,0.0,0.0,0.0,0.1,-9.81,0.7
2.7749999999998054,2.7749999999998054,2.2250738585072014e-308,0.0,0.0,0.0,0.1,-9.81,0.7
2.7759999999998053,2.7759999999998053,2.2250738585072014e-308,0.0,0.0,0.0,0.1,-9.81,0.7
2.776999999999805,2.776999999999805,2.2250738585072014e-308,0.0,0.0,0.0,0.1,-9.81,0.7
2.777999999999805,2.777999999999805,2.2250738585072014e-308,0.0,0.0,0.0,0.1,-9.81,0.7
2.778999999999805,2.778999999999805,2.2250738585072014e-308,0.0,0.0,0.0,0.1,-9.81,0.7
2.779999999999805,2.779999999999805,2.2250738585072014e-308,0.0,0.0,0.0,0.1,-9.81,0.7
2.7809999999998047,2.7809999999998047,2.2250738585072014e-308,0.0,0.0,0.0,0.1,-9.81,0.7
2.7819999999998046,2.7819999999998046,2.2250738585072014e-308,0.0,0.0,0.0,0.1,-9.81,0.7
2.7829999999998045,2.7829999999998045,2.2250738585072014e-308,0.0,0.0,0.0,0.1,-9.81,0.7
2.7839999999998044,2.7839999999998044,2.2250738585072014e-308,0.0,0.0,0.0,0.1,-9.81,0.7
2.7849999999998043,2.7849999999998043,2.2250738585072014e-308,0.0,0.0,0.0,0.1,-9.81,0.7
2.785999999999804,2.785999999999804,2.2250738585072014e-308,0.0,0.0,0.0,0.1,-9.81,0.7
2.786999999999804,2.786999999999804,2.2250738585072014e-308,0.0,0.0,0.0,0.1,-9.81,0.7
2.787999999999804,2.787999999999804,2.2250738585072014e-308,0.0,0.0,0.0,0.1,-9.81,0.7
2.788999999999804,2.788999999999804,2.2250738585072014e-308,0.0,0.0,0.0,0.1,-9.81,0.7
2.7899999999998037,2.7899999999998037,2.2250738585072014e-308,0.0,0.0,0.0,0.1,-9.81,0.7
2.7909999999998036,2.7909999999998036,2.2250738585072014e-308,0.0,0.0,0.0,0.1,-9.81,0.7
2.7919999999998035,2.7919999999998035,2.2250738585072014e-308,0.0,0.0,0.0,0.1,-9.81,0.7
2.7929999999998034,2.7929999999998034,2.2250738585072014e-308,0.0,0.0,0.0,0.1,-9.81,0.7
2.7939999999998033,2.7939999999998033,2.2250738585072014e-308,0.0,0.0,0.0,0.1,-9.81,0.7
2.794999999999803,2.794999999999803,2.2250738585072014e-308,0.0,0.0,0.0,0.1,-9.81,0.7
2.795999999999803,2.795999999999803,2.2250738585072014e-308,0.0,0.0,0.0,0.1,-9.81,0.7
2.796999999999803,2.796999999999803,2.2250738585072014e-308,0.0,0.0,0.0,0.1,-9.81,0.7
2.797999999999803,2.797999999999803,2.2250738585072014e-308,0.0,0.0,0.0,0.1,-9.81,0.7
2.7989999999998028,2.7989999999998028,2.2250738585072014e-308,0.0,0.0,0.0,0.1,-9.81,0.7
2.7999999999998026,2.7999999999998026,2.2250738585072014e-308,0.0,0.0,0.0,0.1,-9.81,0.7
2.8009999999998025,2.8009999999998025,2.2250738585072014e-308,0.0,0.0,0.0,0.1,-9.81,0.7
2.8019999999998024,2.8019999999998024,2.2250738585072014e-308,0.0,0.0,0.0,0.1,-9.81,0.7
2.8029999999998023,2.8029999999998023,2.2250738585072014e-308,0.0,0.0,0.0,0.1,-9.81,0.7
2.803999999999802,2.803999999999802,2.2250738585072014e-308,0.0,0.0,0.0,0.1,-9.81,0.7
2.804999999999802,2.804999999999802,2.2250738585072014e-308,0.0,0.0,0.0,0.1,-9.81,0.7
2.805999999999802,2.805999999999802,2.2250738585072014e-308,0.0,0.0,0.0,0.1,-9.81,0.7
2.806999999999802,2.806999999999802,2.2250738585072014e-308,0.0,0.0,0.0,0.1,-9.81,0.7
2.8079999999998018,2.8079999999998018,2.2250738585072014e-308,0.0,0.0,0.0,0.1,-9.81,0.7
2.8089999999998017,2.8089999999998017,2.2250738585072014e-308,0.0,0.0,0.0,0.1,-9.81,0.7
2.8099999999998015,2.8099999999998015,2.2250738585072014e-308,0.0,0.0,0.0,0.1,-9.81,0.7
2.8109999999998014,2.8109999999998014,2.2250738585072014e-308,0.0,0.0,0.0,0.1,-9.81,0.7
2.8119999999998013,2.8119999999998013,2.2250738585072014e-308,0.0,0.0,0.0,0.1,-9.81,0.7
2.812999999999801,2.812999999999801,2.2250738585072014e-308,0.0,0.0,0.0,0.1,-9.81,0.7
2.813999999999801,2.813999999999801,2.2250738585072014e-308,0.0,0.0,0.0,0.1,-9.81,0.7
2.814999999999801,2.814999999999801,2.2250738585072014e-308,0.0,0.0,0.0,0.1,-9.81,0.7
2.815999999999801,2.815999999999801,2.2250738585072014e-308,0.0,0.0,0.0,0.1,-9.81,0.7
2.8169999999998008,2.8169999999998008,2.2250738585072014e-308,0.0,0.0,0.0,0.1,-9.81,0.7
2.8179999999998007,2.8179999999998007,2.2250738585072014e-308,0.0,0.0,0.0,0.1,-9.81,0.7
2.8189999999998006,2.8189999999998006,2.2250738585072014e-308,0.0,0.0,0.0,0.1,-9.81,0.7
2.8199999999998004,2.8199999999998004,2.2250738585072014e-308,0.0,0.0,0.0,0.1,-9.81,0.7
2.8209999999998003,2.8209999999998003,2.2250738585072014e-308,0.0,0.0,0.0,0.1,-9.81,0.7
2.8219999999998002,2.8219999999998002,2.2250738585072014e-308,0.0,0.0,0.0,0.1,-9.81,0.7
2.8229999999998,2.8229999999998,2.2250738585072014e-308,0.0,0.0,0.0,0.1,-9.81,0.7
2.8239999999998,2.8239999999998,2.2250738585072014e-308,0.0,0.0,0.0,0.1,-9.81,0.7
2.8249999999998,2.8249999999998,2.2250738585072014e-308,0.0,0.0,0.0,0.1,-9.81,0.7
2.8259999999998,2.8259999999998,2.2250738585072014e-308,0.0,0.0,0.0,0.1,-9.81,0.7
2.8269999999997997,2.8269999999997997,2.2250738585072014e-308,0.0,0.0,0.0,0.1,-9.81,0.7
2.8279999999997996,2.8279999999997996,2.2250738585072014e-308,0.0,0.0,0.0,0.1,-9.81,0.7
2.8289999999997995,2.8289999999997995,2.2250738585072014e-308,0.0,0.0,0.0,0.1,-9.81,0.7
2.8299999999997993,2.8299999999997993,2.2250738585072014e-308,0.0,0.0,0.0,0.1,-9.81,0.7
2.8309999999997992,2.8309999999997992,2.2250738585072014e-308,0.0,0.0,0.0,0.1,-9.81,0.7
2.831999999999799,2.831999999999799,2.2250738585072014e-308,0.0,0.0,0.0,0.1,-9.81,0.7
2.832999999999799,2.832999999999799,2.2250738585072014e-308,0.0,0.0,0.0,0.1,-9.81,0.7
2.833999999999799,2.833999999999799,2.2250738585072014e-308,0.0,0.0,0.0,0.1,-9.81,0.7
2.834999999999799,2.834999999999799,2.2250738585072014e-308,0.0,0.0,0.0,0.1,-9.81,0.7
2.8359999999997987,2.8359999999997987,2.2250738585072014e-308,0.0,0.0,0.0,0.1,-9.81,0.7
2.8369999999997986,2.8369999999997986,2.2250738585072014e-308,0.0,0.0,0.0,0.1,-9.81,0.7
2.8379999999997985,2.8379999999997985,2.2250738585072014e-308,0.0,0.0,0.0,0.1,-9.81,0.7
2.8389999999997984,2.8389999999997984,2.2250738585072014e-308,0.0,0.0,0.0,0.1,-9.81,0.7
2.8399999999997982,2.8399999999997982,2.2250738585072014e-308,0.0,0.0,0.0,0.1,-9.81,0.7
2.840999999999798,2.840999999999798,2.2250738585072014e-308,0.0,0.0,0.0,0.1,-9.81,0.7
2.841999999999798,2.841999999999798,2.2250738585072014e-308,0.0,0.0,0.0,0.1,-9.81,0.7
2.842999999999798,2.842999999999798,2.2250738585072014e-308,0.0,0.0,0.0,0.1,-9.81,0.7
2.843999999999798,2.843999999999798,2.2250738585072014e-308,0.0,0.0,0.0,0.1,-9.81,0.7
2.8449999999997977,2.8449999999997977,2.2250738585072014e-308,0.0,0.0,0.0,0.1,-9.81,0.7
2.8459999999997976,2.8459999999997976,2.2250738585072014e-308,0.0,0.0,0.0,0.1,-9.81,0.7
2.8469999999997975,2.8469999999997975,2.2250738585072014e-308,0.0,0.0,0.0,0.1,-9.81,0.7
2.8479999999997974,2.8479999999997974,2.2250738585072014e-308,0.0,0.0,0.0,0.1,-9.81,0.7
2.8489999999997973,2.8489999999997973,2.2250738585072014e-308,0.0,0.0,0.0,0.1,-9.81,0.7
2.849999999999797,2.849999999999797,2.2250738585072014e-308,0.0,0.0,0.0,0.1,-9.81,0.7
2.850999999999797,2.850999999999797,2.2250738585072014e-308,0.0,0.0,0.0,0.1,-9.81,0.7
2.851999999999797,2.851999999999797,2.2250738585072014e-308,0.0,0.0,0.0,0.1,-9.81,0.7
2.852999999999797,2.852999999999797,2.2250738585072014e-308,0.0,0.0,0.0,0.1,-9.81,0.7
2.8539999999997967,2.8539999999997967,2.2250738585072014e-308,0.0,0.0,0.0,0.1,-9.81,0.7
2.8549999999997966,2.8549999999997966,2.2250738585072014e-308,0.0,0.0,0.0,0.1,-9.81,0.7
2.8559999999997965,2.8559999999997965,2.2250738585072014e-308,0.0,0.0,0.0,0.1,-9.81,0.7
2.8569999999997964,2.8569999999997964,2.2250738585072014e-308,0.0,0.0,0.0,0.1,-9.81,0.7
2.8579999999997963,2.8579999999997963,2.2250738585072014e-308,0.0,0.0,0.0,0.1,-9.81,0.7
2.858999999999796,2.858999999999796,2.2250738585072014e-308,0.0,0.0,0.0,0.1,-9.81,0.7
2.859999999999796,2.859999999999796,2.2250738585072014e-308,0.0,0.0,0.0,0.1,-9.81,0.7
2.860999999999796,2.860999999999796,2.2250738585072014e-308,0.0,0.0,0.0,0.1,-9.81,0.7
2.861999999999796,2.861999999999796,2.2250738585072014e-308,0.0,0.0,0.0,0.1,-9.81,0.7
2.8629999999997957,2.8629999999997957,2.2250738585072014e-308,0.0,0.0,0.0,0.1,-9.81,0.7
2.8639999999997956,2.8639999999997956,2.2250738585072014e-308,0.0,0.0,0.0,0.1,-9.81,0.7
2.8649999999997955,2.8649999999997955,2.2250738585072014e-308,0.0,0.0,0.0,0.1,-9.81,0.7
2.8659999999997954,2.8659999999997954,2.2250738585072014e-308,0.0,0.0,0.0,0.1,-9.81,0.7
2.8669999999997953,2.8669999999997953,2.2250738585072014e-308,0.0,0.0,0.0,0.1,-9.81,0.7
2.867999999999795,2.867999999999795,2.2250738585072014e-308,0.0,0.0,0.0,0.1,-9.81,0.7
2.868999999999795,2.868999999999795,2.2250738585072014e-308,0.0,0.0,0.0,0.1,-9.81,0.7
2.869999999999795,2.869999999999795,2.2250738585072014e-308,0.0,0.0,0.0,0.1,-9.81,0.7
2.870999999999795,2.870999999999795,2.2250738585072014e-308,0.0,0.0,0.0,0.1,-9.81,0.7
2.8719999999997947,2.8719999999997947,2.2250738585072014e-308,0.0,0.0,0.0,0.1,-9.81,0.7
2.8729999999997946,2.8729999999997946,2.2250738585072014e-308,0.0,0.0,0.0,0.1,-9.81,0.7
2.8739999999997945,2.8739999999997945,2.2250738585072014e-308,0.0,0.0,0.0,0.1,-9.81,0.7
2.8749999999997944,2.8749999999997944,2.2250738585072014e-308,0.0,0.0,0.0,0.1,-9.81,0.7
2.8759999999997943,2.8759999999997943,2.2250738585072014e-308,0.0,0.0,0.0,0.1,-9.81,0.7
2.876999999999794,2.876999999999794,2.2250738585072014e-308,0.0,0.0,0.0,0.1,-9.81,0.7
2.877999999999794,2.877999999999794,2.2250738585072014e-308,0.0,0.0,0.0,0.1,-9.81,0.7
2.878999999999794,2.878999999999794,2.2250738585072014e-308,0.0,0.0,0.0,0.1,-9.81,0.7
2.879999999999794,2.879999999999794,2.2250738585072014e-308,0.0,0.0,0.0,0.1,-9.81,0.7
2.8809999999997937,2.8809999999997937,2.2250738585072014e-308,0.0,0.0,0.0,0.1,-9.81,0.7
2.8819999999997936,2.8819999999997936,2.2250738585072014e-308,0.0,0.0,0.0,0.1,-9.81,0.7
2.8829999999997935,2.8829999999997935,2.2250738585072014e-308,0.0,0.0,0.0,0.1,-9.81,0.7
2.8839999999997934,2.8839999999997934,2.2250738585072014e-308,0.0,0.0,0.0,0.1,-9.81,0.7
2.8849999999997933,2.8849999999997933,2.2250738585072014e-308,0.0,0.0,0.0,0.1,-9.81,0.7
2.885999999999793,2.885999999999793,2.2250738585072014e-308,0.0,0.0,0.0,0.1,-9.81,0.7
2.886999999999793,2.886999999999793,2.2250738585072014e-308,0.0,0.0,0.0,0.1,-9.81,0.7
2.887999999999793,2.887999999999793,2.2250738585072014e-308,0.0,0.0,0.0,0.1,-9.81,0.7
2.888999999999793,2.888999999999793,2.2250738585072014e-308,0.0,0.0,0.0,0.1,-9.81,0.7
2.8899999999997927,2.8899999999997927,2.2250738585072014e-308,0.0,0.0,0.0,0.1,-9.81,0.7
2.8909999999997926,2.8909999999997926,2.2250738585072014e-308,0.0,0.0,0.0,0.1,-9.81,0.7
2.8919999999997925,2.8919999999997925,2.2250738585072014e-308,0.0,0.0,0.0,0.1,-9.81,0.7
2.8929999999997924,2.8929999999997924,2.2250738585072014e-308,0.0,0.0,0.0,0.1,-9.81,0.7
2.8939999999997923,2.8939999999997923,2.2250738585072014e-308,0.0,0.0,0.0,0.1,-9.81,0.7
2.894999999999792,2.894999999999792,2.2250738585072014e-308,0.0,0.0,0.0,0.1,-9.81,0.7
2.895999999999792,2.895999999999792,2.2250738585072014e-308,0.0,0.0,0.0,0.1,-9.81,0.7
2.896999999999792,2.896999999999792,2.2250738585072014e-308,0.0,0.0,0.0,0.1,-9.81,0.7
2.897999999999792,2.897999999999792,2.2250738585072014e-308,0.0,0.0,0.0,0.1,-9.81,0.7
2.8989999999997917,2.8989999999997917,2.2250738585072014e-308,0.0,0.0,0.0,0.1,-9.81,0.7
2.8999999999997916,2.8999999999997916,2.2250738585072014e-308,0.0,0.0,0.0,0.1,-9.81,0.7
2.9009999999997915,2.9009999999997915,2.2250738585072014e-308,0.0,0.0,0.0,0.1,-9.81,0.7
2.9019999999997914,2.9019999999997914,2.2250738585072014e-308,0.0,0.0,0.0,0.1,-9.81,0.7
2.9029999999997913,2.9029999999997913,2.2250738585072014e-308,0.0,0.0,0.0,0.1,-9.81,0.7
2.903999999999791,2.903999999999791,2.2250738585072014e-308,0.0,0.0,0.0,0.1,-9.81,0.7
2.904999999999791,2.904999999999791,2.2250738585072014e-308,0.0,0.0,0.0,0.1,-9.81,0.7
2.905999999999791,2.905999999999791,2.2250738585072014e-308,0.0,0.0,0.0,0.1,-9.81,0.7
2.906999999999791,2.906999999999791,2.2250738585072014e-308,0.0,0.0,0.0,0.1,-9.81,0.7
2.9079999999997908,2.9079999999997908,2.2250738585072014e-308,0.0,0.0,0.0,0.1,-9.81,0.7
2.9089999999997906,2.9089999999997906,2.2250738585072014e-308,0.0,0.0,0.0,0.1,-9.81,0.7
2.9099999999997905,2.9099999999997905,2.2250738585072014e-308,0.0,0.0,0.0,0.1,-9.81,0.7
2.9109999999997904,2.9109999999997904,2.2250738585072014e-308,0.0,0.0,0.0,0.1,-9.81,0.7
2.9119999999997903,2.9119999999997903,2.2250738585072014e-308,0.0,0.0,0.0,0.1,-9.81,0.7
2.91299999999979,2.91299999999979,2.2250738585072014e-308,0.0,0.0,0.0,0.1,-9.81,0.7
2.91399999999979,2.91399999999979,2.2250738585072014e-308,0.0,0.0,0.0,0.1,-9.81,0.7
2.91499999999979,2.91499999999979,2.2250738585072014e-308,0.0,0.0,0.0,0.1,-9.81,0.7
2.91599999999979,2.91599999999979,2.2250738585072014e-308,0.0,0.0,0.0,0.1,-9.81,0.7
2.9169999999997898,2.9169999999997898,2.2250738585072014e-308,0.0,0.0,0.0,0.1,-9.81,0.7
2.9179999999997897,2.9179999999997897,2.2250738585072014e-308,0.0,0.0,0.0,0.1,-9.81,0.7
2.9189999999997895,2.9189999999997895,2.2250738585072014e-308,0.0,0.0,0.0,0.1,-9.81,0.7
2.9199999999997894,2.9199999999997894,2.2250738585072014e-308,0.0,0.0,0.0,0.1,-9.81,0.7
2.9209999999997893,2.9209999999997893,2.2250738585072014e-308,0.0,0.0,0.0,0.1,-9.81,0.7
2.921999999999789,2.921999999999789,2.2250738585072014e-308,0.0,0.0,0.0,0.1,-9.81,0.7
2.922999999999789,2.922999999999789,2.2250738585072014e-308,0.0,0.0,0.0,0.1,-9.81,0.7
2.923999999999789,2.923999999999789,2.2250738585072014e-308,0.0,0.0,0.0,0.1,-9.81,0.7
2.924999999999789,2.924999999999789,2.2250738585072014e-308,0.0,0.0,0.0,0.1,-9.81,0.7
2.9259999999997888,2.9259999999997888,2.2250738585072014e-308,0.0,0.0,0.0,0.1,-9.81,0.7
2.9269999999997887,2.9269999999997887,2.2250738585072014e-308,0.0,0.0,0.0,0.1,-9.81,0.7
2.9279999999997885,2.9279999999997885,2.2250738585072014e-308,0.0,0.0,0.0,0.1,-9.81,0.7
2.9289999999997884,2.9289999999997884,2.2250738585072014e-308,0.0,0.0,0.0,0.1,-9.81,0.7
2.9299999999997883,2.9299999999997883,2.2250738585072014e-308,0.0,0.0,0.0,0.1,-9.81,0.7
2.930999999999788,2.930999999999788,2.2250738585072014e-308,0.0,0.0,0.0,0.1,-9.81,0.7
2.931999999999788,2.931999999999788,2.2250738585072014e-308,0.0,0.0,0.0,0.1,-9.81,0.7
2.932999999999788,2.932999999999788,2.2250738585072014e-308,0.0,0.0,0.0,0.1,-9.81,0.7
2.933999999999788,2.933999999999788,2.2250738585072014e-308,0.0,0.0,0.0,0.1,-9.81,0.7
2.934999999999788,2.934999999999788,2.2250738585072014e-308,0.0,0.0,0.0,0.1,-9.81,0.7
2.9359999999997877,2.9359999999997877,2.2250738585072014e-308,0.0,0.0,0.0,0.1,-9.81,0.7
2.9369999999997876,2.9369999999997876,2.2250738585072014e-308,0.0,0.0,0.0,0.1,-9.81,0.7
2.9379999999997874,2.9379999999997874,2.2250738585072014e-308,0.0,0.0,0.0,0.1,-9.81,0.7
2.9389999999997873,2.9389999999997873,2.2250738585072014e-308,0.0,0.0,0.0,0.1,-9.81,0.7
2.9399999999997872,2.9399999999997872,2.2250738585072014e-308,0.0,0.0,0.0,0.1,-9.81,0.7
2.940999999999787,2.940999999999787,2.2250738585072014e-308,0.0,0.0,0.0,0.1,-9.81,0.7
2.941999999999787,2.941999999999787,2.2250738585072014e-308,0.0,0.0,0.0,0.1,-9.81,0.7
2.942999999999787,2.942999999999787,2.2250738585072014e-308,0.0,0.0,0.0,0.1,-9.81,0.7
2.943999999999787,2.943999999999787,2.2250738585072014e-308,0.0,0.0,0.0,0.1,-9.81,0.7
2.9449999999997867,2.9449999999997867,2.2250738585072014e-308,0.0,0.0,0.0,0.1,-9.81,0.7
2.9459999999997866,2.9459999999997866,2.2250738585072014e-308,0.0,0.0,0.0,0.1,-9.81,0.7
2.9469999999997865,2.9469999999997865,2.2250738585072014e-308,0.0,0.0,0.0,0.1,-9.81,0.7
2.9479999999997863,2.9479999999997863,2.2250738585072014e-308,0.0,0.0,0.0,0.1,-9.81,0.7
2.9489999999997862,2.9489999999997862,2.2250738585072014e-308,0.0,0.0,0.0,0.1,-9.81,0.7
2.949999999999786,2.949999999999786,2.2250738585072014e-308,0.0,0.0,0.0,0.1,-9.81,0.7
2.950999999999786,2.950999999999786,2.2250738585072014e-308,0.0,0.0,0.0,0.1,-9.81,0.7
2.951999999999786,2.951999999999786,2.2250738585072014e-308,0.0,0.0,0.0,0.1,-9.81,0.7
2.952999999999786,2.952999999999786,2.2250738585072014e-308,0.0,0.0,0.0,0.1,-9.81,0.7
2.9539999999997857,2.9539999999997857,2.2250738585072014e-308,0.0,0.0,0.0,0.1,-9.81,0.7
2.9549999999997856,2.9549999999997856,2.2250738585072014e-308,0.0,0.0,0.0,0.1,-9.81,0.7
2.9559999999997855,2.9559999999997855,2.2250738585072014e-308,0.0,0.0,0.0,0.1,-9.81,0.7
2.9569999999997854,2.9569999999997854,2.2250738585072014e-308,0.0,0.0,0.0,0.1,-9.81,0.7
2.9579999999997852,2.9579999999997852,2.2250738585072014e-308,0.0,0.0,0.0,0.1,-9.81,0.7
2.958999999999785,2.958999999999785,2.2250738585072014e-308,0.0,0.0,0.0,0.1,-9.81,0.7
2.959999999999785,2.959999999999785,2.2250738585072014e-308,0.0,0.0,0.0,0.1,-9.81,0.7
2.960999999999785,2.960999999999785,2.2250738585072014e-308,0.0,0.0,0.0,0.1,-9.81,0.7
2.961999999999785,2.961999999999785,2.2250738585072014e-308,0.0,0.0,0.0,0.1,-9.81,0.7
2.9629999999997847,2.9629999999997847,2.2250738585072014e-308,0.0,0.0,0.0,0.1,-9.81,0.7
2.9639999999997846,2.9639999999997846,2.2250738585072014e-308,0.0,0.0,0.0,0.1,-9.81,0.7
2.9649999999997845,2.9649999999997845,2.2250738585072014e-308,0.0,0.0,0.0,0.1,-9.81,0.7
2.9659999999997844,2.9659999999997844,2.2250738585072014e-308,0.0,0.0,0.0,0.1,-9.81,0.7
2.9669999999997843,2.9669999999997843,2.2250738585072014e-308,0.0,0.0,0.0,0.1,-9.81,0.7
2.967999999999784,2.967999999999784,2.2250738585072014e-308,0.0,0.0,0.0,0.1,-9.81,0.7
2.968999999999784,2.968999999999784,2.2250738585072014e-308,0.0,0.0,0.0,0.1,-9.81,0.7
2.969999999999784,2.969999999999784,2.2250738585072014e-308,0.0,0.0,0.0,0.1,-9.81,0.7
2.970999999999784,2.970999999999784,2.2250738585072014e-308,0.0,0.0,0.0,0.1,-9.81,0.7
2.9719999999997837,2.9719999999997837,2.2250738585072014e-308,0.0,0.0,0.0,0.1,-9.81,0.7
2.9729999999997836,2.9729999999997836,2.2250738585072014e-308,0.0,0.0,0.0,0.1,-9.81,0.7
2.9739999999997835,2.9739999999997835,2.2250738585072014e-308,0.0,0.0,0.0,0.1,-9.81,0.7
2.9749999999997834,2.9749999999997834,2.2250738585072014e-308,0.0,0.0,0.0,0.1,-9.81,0.7
2.9759999999997833,2.9759999999997833,2.2250738585072014e-308,0.0,0.0,0.0,0.1,-9.81,0.7
2.976999999999783,2.976999999999783,2.2250738585072014e-308,0.0,0.0,0.0,0.1,-9.81,0.7
2.977999999999783,2.977999999999783,2.2250738585072014e-308,0.0,0.0,0.0,0.1,-9.81,0.7
2.978999999999783,2.978999999999783,2.2250738585072014e-308,0.0,0.0,0.0,0.1,-9.81,0.7
2.979999999999783,2.979999999999783,2.2250738585072014e-308,0.0,0.0,0.0,0.1,-9.81,0.7
2.9809999999997827,2.9809999999997827,2.2250738585072014e-308,0.0,0.0,0.0,0.1,-9.81,0.7
2.9819999999997826,2.9819999999997826,2.2250738585072014e-308,0.0,0.0,0.0,0.1,-9.81,0.7
2.9829999999997825,2.9829999999997825,2.2250738585072014e-308,0.0,0.0,0.0,0.1,-9.81,0.7
2.9839999999997824,2.9839999999997824,2.2250738585072014e-308,0.0,0.0,0.0,0.1,-9.81,0.7
2.9849999999997823,2.9849999999997823,2.2250738585072014e-308,0.0,0.0,0.0,0.1,-9.81,0.7
2.985999999999782,2.985999999999782,2.2250738585072014e-308,0.0,0.0,0.0,0.1,-9.81,0.7
2.986999999999782,2.986999999999782,2.2250738585072014e-308,0.0,0.0,0.0,0.1,-9.81,0.7
2.987999999999782,2.987999999999782,2.2250738585072014e-308,0.0,0.0,0.0,0.1,-9.81,0.7
2.988999999999782,2.988999999999782,2.2250738585072014e-308,0.0,0.0,0.0,0.1,-9.81,0.7
2.9899999999997817,2.9899999999997817,2.2250738585072014e-308,0.0,0.0,0.0,0.1,-9.81,0.7
2.9909999999997816,2.9909999999997816,2.2250738585072014e-308,0.0,0.0,0.0,0.1,-9.81,0.7
2.9919999999997815,2.9919999999997815,2.2250738585072014e-308,0.0,0.0,0.0,0.1,-9.81,0.7
2.9929999999997814,2.9929999999997814,2.2250738585072014e-308,0.0,0.0,0.0,0.1,-9.81,0.7
2.9939999999997813,2.9939999999997813,2.2250738585072014e-308,0.0,0.0,0.0,0.1,-9.81,0.7
2.994999999999781,2.994999999999781,2.2250738585072014e-308,0.0,0.0,0.0,0.1,-9.81,0.7
2.995999999999781,2.995999999999781,2.2250738585072014e-308,0.0,0.0,0.0,0.1,-9.81,0.7
2.996999999999781,2.996999999999781,2.2250738585072014e-308,0.0,0.0,0.0,0.1,-9.81,0.7
2.997999999999781,2.997999999999781,2.2250738585072014e-308,0.0,0.0,0.0,0.1,-9.81,0.7
2.9989999999997807,2.9989999999997807,2.2250738585072014e-308,0.0,0.0,0.0,0.1,-9.81,0.7
2.9999999999997806,2.9999999999997806,2.2250738585072014e-308,0.0,0.0,0.0,0.1,-9.81,0.7
3.0,3.0,2.2250738585072014e-308,0.0,0.0,0.0,0.1,-9.81,0.7
