time,default.Dahlquist.time,default.Dahlquist.x,default.Dahlquist.der(x),default.Dahlquist.k
0.0,-0.0,-1.0,1.0,1.0
0.001,-0.001,-0.9990009990009988,0.9990009990009988,1.0
0.002,-0.002,-0.998002996004994,0.998002996004994,1.0
0.003,-0.003,-0.9970059900149789,0.9970059900149789,1.0
0.004,-0.004,-0.996009980034944,0.996009980034944,1.0
0.005,-0.005,-0.9950149650698742,0.9950149650698742,1.0
0.006,-0.006,-0.9940209441257485,0.9940209441257485,1.0
0.007,-0.007,-0.9930279162095388,0.9930279162095388,1.0
0.008,-0.008,-0.9920358803292098,0.9920358803292098,1.0
0.009000000000000001,-0.009000000000000001,-0.9910448354937159,0.9910448354937159,1.0
0.010000000000000002,-0.010000000000000002,-0.9900547807130028,0.9900547807130028,1.0
0.011000000000000003,-0.011000000000000003,-0.9890657149980048,0.9890657149980048,1.0
0.012000000000000004,-0.012000000000000004,-0.9880776373606441,0.9880776373606441,1.0
0.013000000000000005,-0.013000000000000005,-0.9870905468138303,0.9870905468138303,1.0
0.014000000000000005,-0.014000000000000005,-0.9861044423714588,0.9861044423714588,1.0
0.015000000000000006,-0.015000000000000006,-0.9851193230484103,0.9851193230484103,1.0
0.016000000000000007,-0.016000000000000007,-0.9841351878605498,0.9841351878605498,1.0
0.017000000000000008,-0.017000000000000008,-0.9831520358247251,0.9831520358247251,1.0
0.01800000000000001,-0.01800000000000001,-0.9821698659587663,0.9821698659587663,1.0
0.01900000000000001,-0.01900000000000001,-0.9811886772814848,0.9811886772814848,1.0
0.02000000000000001,-0.02000000000000001,-0.9802084688126722,0.9802084688126722,1.0
0.02100000000000001,-0.02100000000000001,-0.9792292395730992,0.9792292395730992,1.0
0.022000000000000013,-0.022000000000000013,-0.9782509885845146,0.9782509885845146,1.0
0.023000000000000013,-0.023000000000000013,-0.9772737148696451,0.9772737148696451,1.0
0.024000000000000014,-0.024000000000000014,-0.9762974174521928,0.9762974174521928,1.0
0.025000000000000015,-0.025000000000000015,-0.9753220953568361,0.9753220953568361,1.0
0.026000000000000016,-0.026000000000000016,-0.9743477476092268,0.9743477476092268,1.0
0.027000000000000017,-0.027000000000000017,-0.9733743732359909,0.9733743732359909,1.0
0.028000000000000018,-0.028000000000000018,-0.972401971264726,0.972401971264726,1.0
0.02900000000000002,-0.02900000000000002,-0.9714305407240021,0.9714305407240021,1.0
0.03000000000000002,-0.03000000000000002,-0.9704600806433588,0.9704600806433588,1.0
0.03100000000000002,-0.03100000000000002,-0.9694905900533055,0.9694905900533055,1.0
0.03200000000000002,-0.03200000000000002,-0.9685220679853201,0.9685220679853201,1.0
0.03300000000000002,-0.03300000000000002,-0.9675545134718484,0.9675545134718484,1.0
0.03400000000000002,-0.03400000000000002,-0.966587925546302,0.966587925546302,1.0
0.035000000000000024,-0.035000000000000024,-0.9656223032430591,0.9656223032430591,1.0
0.036000000000000025,-0.036000000000000025,-0.9646576455974617,0.9646576455974617,1.0
0.037000000000000026,-0.037000000000000026,-0.9636939516458158,0.9636939516458158,1.0
0.03800000000000003,-0.03800000000000003,-0.9627312204253905,0.9627312204253905,1.0
0.03900000000000003,-0.03900000000000003,-0.961769450974416,0.961769450974416,1.0
0.04000000000000003,-0.04000000000000003,-0.960808642332084,0.960808642332084,1.0
0.04100000000000003,-0.04100000000000003,-0.9598487935385454,0.9598487935385454,1.0
0.04200000000000003,-0.04200000000000003,-0.9588899036349104,0.9588899036349104,1.0
0.04300000000000003,-0.04300000000000003,-0.9579319716632472,0.9579319716632472,1.0
0.04400000000000003,-0.04400000000000003,-0.9569749966665806,0.9569749966665806,1.0
0.04500000000000003,-0.04500000000000003,-0.9560189776888917,0.9560189776888917,1.0
0.046000000000000034,-0.046000000000000034,-0.9550639137751166,0.9550639137751166,1.0
0.047000000000000035,-0.047000000000000035,-0.9541098039711453,0.9541098039711453,1.0
0.048000000000000036,-0.048000000000000036,-0.9531566473238215,0.9531566473238215,1.0
0.04900000000000004,-0.04900000000000004,-0.9522044428809407,0.9522044428809407,1.0
0.05000000000000004,-0.05000000000000004,-0.9512531896912494,0.9512531896912494,1.0
0.05100000000000004,-0.05100000000000004,-0.9503028868044449,0.9503028868044449,1.0
0.05200000000000004,-0.05200000000000004,-0.9493535332711737,0.9493535332711737,1.0
0.05300000000000004,-0.05300000000000004,-0.9484051281430307,0.9484051281430307,1.0
0.05400000000000004,-0.05400000000000004,-0.947457670472558,0.947457670472558,1.0
0.05500000000000004,-0.05500000000000004,-0.9465111593132447,0.9465111593132447,1.0
0.05600000000000004,-0.05600000000000004,-0.9455655937195252,0.9455655937195252,1.0
0.057000000000000044,-0.057000000000000044,-0.9446209727467784,0.9446209727467784,1.0
0.058000000000000045,-0.058000000000000045,-0.943677295451327,0.943677295451327,1.0
0.059000000000000045,-0.059000000000000045,-0.9427345608904366,0.9427345608904366,1.0
0.060000000000000046,-0.060000000000000046,-0.9417927681223143,0.9417927681223143,1.0
0.06100000000000005,-0.06100000000000005,-0.9408519162061082,0.9408519162061082,1.0
0.06200000000000005,-0.06200000000000005,-0.9399120042019063,0.9399120042019063,1.0
0.06300000000000004,-0.06300000000000004,-0.9389730311707356,0.9389730311707356,1.0
0.06400000000000004,-0.06400000000000004,-0.938034996174561,0.938034996174561,1.0
0.06500000000000004,-0.06500000000000004,-0.9370978982762846,0.9370978982762846,1.0
0.06600000000000004,-0.06600000000000004,-0.9361617365397449,0.9361617365397449,1.0
0.06700000000000005,-0.06700000000000005,-0.9352265100297151,0.9352265100297151,1.0
0.06800000000000005,-0.06800000000000005,-0.9342922178119033,0.9342922178119033,1.0
0.06900000000000005,-0.06900000000000005,-0.9333588589529503,0.9333588589529503,1.0
0.07000000000000005,-0.07000000000000005,-0.93242643252043,0.93242643252043,1.0
0.07100000000000005,-0.07100000000000005,-0.931494937582847,0.931494937582847,1.0
0.07200000000000005,-0.07200000000000005,-0.9305643732096374,0.9305643732096374,1.0
0.07300000000000005,-0.07300000000000005,-0.9296347384711662,0.9296347384711662,1.0
0.07400000000000005,-0.07400000000000005,-0.9287060324387274,0.9287060324387274,1.0
0.07500000000000005,-0.07500000000000005,-0.9277782541845428,0.9277782541845428,1.0
0.07600000000000005,-0.07600000000000005,-0.926851402781761,0.926851402781761,1.0
0.07700000000000005,-0.07700000000000005,-0.9259254773044565,0.9259254773044565,1.0
0.07800000000000006,-0.07800000000000006,-0.925000476827629,0.925000476827629,1.0
0.07900000000000006,-0.07900000000000006,-0.9240764004272017,0.9240764004272017,1.0
0.08000000000000006,-0.08000000000000006,-0.9231532471800217,0.9231532471800217,1.0
0.08100000000000006,-0.08100000000000006,-0.9222310161638578,0.9222310161638578,1.0
0.08200000000000006,-0.08200000000000006,-0.9213097064574004,0.9213097064574004,1.0
0.08300000000000006,-0.08300000000000006,-0.9203893171402601,0.9203893171402601,1.0
0.08400000000000006,-0.08400000000000006,-0.919469847292967,0.919469847292967,1.0
0.08500000000000006,-0.08500000000000006,-0.91855129599697,0.91855129599697,1.0
0.08600000000000006,-0.08600000000000006,-0.9176336623346354,0.9176336623346354,1.0
0.08700000000000006,-0.08700000000000006,-0.9167169453892461,0.9167169453892461,1.0
0.08800000000000006,-0.08800000000000006,-0.915801144245001,0.915801144245001,1.0
0.08900000000000007,-0.08900000000000007,-0.9148862579870142,0.9148862579870142,1.0
0.09000000000000007,-0.09000000000000007,-0.9139722857013127,0.9139722857013127,1.0
0.09100000000000007,-0.09100000000000007,-0.9130592264748378,0.9130592264748378,1.0
0.09200000000000007,-0.09200000000000007,-0.9121470793954425,0.9121470793954425,1.0
0.09300000000000007,-0.09300000000000007,-0.9112358435518905,0.9112358435518905,1.0
0.09400000000000007,-0.09400000000000007,-0.9103255180338566,0.9103255180338566,1.0
0.09500000000000007,-0.09500000000000007,-0.9094161019319247,0.9094161019319247,1.0
0.09600000000000007,-0.09600000000000007,-0.9085075943375872,0.9085075943375872,1.0
0.09700000000000007,-0.09700000000000007,-0.907599994343244,0.907599994343244,1.0
0.09800000000000007,-0.09800000000000007,-0.9066933010422018,0.9066933010422018,1.0
0.09900000000000007,-0.09900000000000007,-0.905787513528673,0.905787513528673,1.0
0.10000000000000007,-0.10000000000000007,-0.9048826308977752,0.9048826308977752,1.0
0.10100000000000008,-0.10100000000000008,-0.9039786522455298,0.9039786522455298,1.0
0.10200000000000008,-0.10200000000000008,-0.9030755766688608,0.9030755766688608,1.0
0.10300000000000008,-0.10300000000000008,-0.9021734032655953,0.9021734032655953,1.0
0.10400000000000008,-0.10400000000000008,-0.9012721311344607,0.9012721311344607,1.0
0.10500000000000008,-0.10500000000000008,-0.9003717593750855,0.9003717593750855,1.0
0.10600000000000008,-0.10600000000000008,-0.8994722870879975,0.8994722870879975,1.0
0.10700000000000008,-0.10700000000000008,-0.898573713374623,0.898573713374623,1.0
0.10800000000000008,-0.10800000000000008,-0.8976760373372857,0.8976760373372857,1.0
0.10900000000000008,-0.10900000000000008,-0.8967792580792067,0.8967792580792067,1.0
0.11000000000000008,-0.11000000000000008,-0.8958833747045022,0.8958833747045022,1.0
0.11100000000000008,-0.11100000000000008,-0.894988386318184,0.894988386318184,1.0
0.11200000000000009,-0.11200000000000009,-0.894094292026158,0.894094292026158,1.0
0.11300000000000009,-0.11300000000000009,-0.8932010909352226,0.8932010909352226,1.0
0.11400000000000009,-0.11400000000000009,-0.8923087821530695,0.8923087821530695,1.0
0.11500000000000009,-0.11500000000000009,-0.8914173647882814,0.8914173647882814,1.0
0.11600000000000009,-0.11600000000000009,-0.890526837950331,0.890526837950331,1.0
0.11700000000000009,-0.11700000000000009,-0.8896372007495814,0.8896372007495814,1.0
0.11800000000000009,-0.11800000000000009,-0.8887484522972842,0.8887484522972842,1.0
0.11900000000000009,-0.11900000000000009,-0.8878605917055786,0.8878605917055786,1.0
0.12000000000000009,-0.12000000000000009,-0.8869736180874912,0.8869736180874912,1.0
0.1210000000000001,-0.1210000000000001,-0.8860875305569343,0.8860875305569343,1.0
0.1220000000000001,-0.1220000000000001,-0.8852023282287056,0.8852023282287056,1.0
0.1230000000000001,-0.1230000000000001,-0.884318010218487,0.884318010218487,1.0
0.1240000000000001,-0.1240000000000001,-0.8834345756428442,0.8834345756428442,1.0
0.12500000000000008,-0.12500000000000008,-0.882552023619225,0.882552023619225,1.0
0.12600000000000008,-0.12600000000000008,-0.881670353265959,0.881670353265959,1.0
0.12700000000000009,-0.12700000000000009,-0.8807895637022567,0.8807895637022567,1.0
0.12800000000000009,-0.12800000000000009,-0.8799096540482086,0.8799096540482086,1.0
0.1290000000000001,-0.1290000000000001,-0.8790306234247839,0.8790306234247839,1.0
0.1300000000000001,-0.1300000000000001,-0.87815247095383,0.87815247095383,1.0
0.1310000000000001,-0.1310000000000001,-0.877275195758072,0.877275195758072,1.0
0.1320000000000001,-0.1320000000000001,-0.8763987969611109,0.8763987969611109,1.0
0.1330000000000001,-0.1330000000000001,-0.8755232736874234,0.8755232736874234,1.0
0.1340000000000001,-0.1340000000000001,-0.8746486250623612,0.8746486250623612,1.0
0.1350000000000001,-0.1350000000000001,-0.873774850212149,0.873774850212149,1.0
0.1360000000000001,-0.1360000000000001,-0.872901948263885,0.872901948263885,1.0
0.1370000000000001,-0.1370000000000001,-0.8720299183455396,0.8720299183455396,1.0
0.1380000000000001,-0.1380000000000001,-0.8711587595859536,0.8711587595859536,1.0
0.1390000000000001,-0.1390000000000001,-0.8702884711148389,0.8702884711148389,1.0
0.1400000000000001,-0.1400000000000001,-0.8694190520627761,0.8694190520627761,1.0
0.1410000000000001,-0.1410000000000001,-0.8685505015612148,0.8685505015612148,1.0
0.1420000000000001,-0.1420000000000001,-0.8676828187424724,0.8676828187424724,1.0
0.1430000000000001,-0.1430000000000001,-0.8668160027397326,0.8668160027397326,1.0
0.1440000000000001,-0.1440000000000001,-0.8659500526870455,0.8659500526870455,1.0
0.1450000000000001,-0.1450000000000001,-0.8650849677193263,0.8650849677193263,1.0
0.1460000000000001,-0.1460000000000001,-0.864220746972354,0.864220746972354,1.0
0.1470000000000001,-0.1470000000000001,-0.8633573895827713,0.8633573895827713,1.0
0.1480000000000001,-0.1480000000000001,-0.8624948946880832,0.8624948946880832,1.0
0.1490000000000001,-0.1490000000000001,-0.8616332614266564,0.8616332614266564,1.0
0.1500000000000001,-0.1500000000000001,-0.8607724889377187,0.8607724889377187,1.0
0.1510000000000001,-0.1510000000000001,-0.8599125763613574,0.8599125763613574,1.0
0.1520000000000001,-0.1520000000000001,-0.8590535228385189,0.8590535228385189,1.0
0.1530000000000001,-0.1530000000000001,-0.8581953275110078,0.8581953275110078,1.0
0.1540000000000001,-0.1540000000000001,-0.8573379895214863,0.8573379895214863,1.0
0.1550000000000001,-0.1550000000000001,-0.8564815080134728,0.8564815080134728,1.0
0.1560000000000001,-0.1560000000000001,-0.8556258821313415,0.8556258821313415,1.0
0.1570000000000001,-0.1570000000000001,-0.8547711110203212,0.8547711110203212,1.0
0.1580000000000001,-0.1580000000000001,-0.8539171938264947,0.8539171938264947,1.0
0.1590000000000001,-0.1590000000000001,-0.853064129696798,0.853064129696798,1.0
0.16000000000000011,-0.16000000000000011,-0.8522119177790191,0.8522119177790191,1.0
0.16100000000000012,-0.16100000000000012,-0.8513605572217972,0.8513605572217972,1.0
0.16200000000000012,-0.16200000000000012,-0.8505100471746224,0.8505100471746224,1.0
0.16300000000000012,-0.16300000000000012,-0.8496603867878347,0.8496603867878347,1.0
0.16400000000000012,-0.16400000000000012,-0.848811575212622,0.848811575212622,1.0
0.16500000000000012,-0.16500000000000012,-0.8479636116010211,0.8479636116010211,1.0
0.16600000000000012,-0.16600000000000012,-0.847116495105915,0.847116495105915,1.0
0.16700000000000012,-0.16700000000000012,-0.846270224881034,0.846270224881034,1.0
0.16800000000000012,-0.16800000000000012,-0.845424800080953,0.845424800080953,1.0
0.16900000000000012,-0.16900000000000012,-0.844580219861092,0.844580219861092,1.0
0.17000000000000012,-0.17000000000000012,-0.8437364833777143,0.8437364833777143,1.0
0.17100000000000012,-0.17100000000000012,-0.8428935897879265,0.8428935897879265,1.0
0.17200000000000013,-0.17200000000000013,-0.8420515382496767,0.8420515382496767,1.0
0.17300000000000013,-0.17300000000000013,-0.841210327921755,0.841210327921755,1.0
0.17400000000000013,-0.17400000000000013,-0.8403699579637912,0.8403699579637912,1.0
0.17500000000000013,-0.17500000000000013,-0.8395304275362548,0.8395304275362548,1.0
0.17600000000000013,-0.17600000000000013,-0.8386917358004543,0.8386917358004543,1.0
0.17700000000000013,-0.17700000000000013,-0.8378538819185358,0.8378538819185358,1.0
0.17800000000000013,-0.17800000000000013,-0.8370168650534824,0.8370168650534824,1.0
0.17900000000000013,-0.17900000000000013,-0.8361806843691132,0.8361806843691132,1.0
0.18000000000000013,-0.18000000000000013,-0.8353453390300831,0.8353453390300831,1.0
0.18100000000000013,-0.18100000000000013,-0.8345108282018812,0.8345108282018812,1.0
0.18200000000000013,-0.18200000000000013,-0.8336771510508305,0.8336771510508305,1.0
0.18300000000000013,-0.18300000000000013,-0.8328443067440863,0.8328443067440863,1.0
0.18400000000000014,-0.18400000000000014,-0.8320122944496366,0.8320122944496366,1.0
0.18500000000000014,-0.18500000000000014,-0.8311811133363004,0.8311811133363004,1.0
0.18600000000000014,-0.18600000000000014,-0.8303507625737268,0.8303507625737268,1.0
0.18700000000000014,-0.18700000000000014,-0.8295212413323944,0.8295212413323944,1.0
0.18800000000000014,-0.18800000000000014,-0.8286925487836109,0.8286925487836109,1.0
0.18900000000000014,-0.18900000000000014,-0.8278646840995113,0.8278646840995113,1.0
0.19000000000000014,-0.19000000000000014,-0.8270376464530581,0.8270376464530581,1.0
0.19100000000000014,-0.19100000000000014,-0.8262114350180402,0.8262114350180402,1.0
0.19200000000000014,-0.19200000000000014,-0.8253860489690712,0.8253860489690712,1.0
0.19300000000000014,-0.19300000000000014,-0.8245614874815896,0.8245614874815896,1.0
0.19400000000000014,-0.19400000000000014,-0.8237377497318578,0.8237377497318578,1.0
0.19500000000000015,-0.19500000000000015,-0.8229148348969607,0.8229148348969607,1.0
0.19600000000000015,-0.19600000000000015,-0.822092742154806,0.822092742154806,1.0
0.19700000000000015,-0.19700000000000015,-0.8212714706841218,0.8212714706841218,1.0
0.19800000000000015,-0.19800000000000015,-0.8204510196644573,0.8204510196644573,1.0
0.19900000000000015,-0.19900000000000015,-0.8196313882761811,0.8196313882761811,1.0
0.20000000000000015,-0.20000000000000015,-0.8188125757004805,0.8188125757004805,1.0
0.20100000000000015,-0.20100000000000015,-0.8179945811193613,0.8179945811193613,1.0
0.20200000000000015,-0.20200000000000015,-0.8171774037156455,0.8171774037156455,1.0
0.20300000000000015,-0.20300000000000015,-0.8163610426729726,0.8163610426729726,1.0
0.20400000000000015,-0.20400000000000015,-0.8155454971757969,0.8155454971757969,1.0
0.20500000000000015,-0.20500000000000015,-0.8147307664093876,0.8147307664093876,1.0
0.20600000000000016,-0.20600000000000016,-0.8139168495598278,0.8139168495598278,1.0
0.20700000000000016,-0.20700000000000016,-0.8131037458140139,0.8131037458140139,1.0
0.20800000000000016,-0.20800000000000016,-0.8122914543596542,0.8122914543596542,1.0
0.20900000000000016,-0.20900000000000016,-0.8114799743852689,0.8114799743852689,1.0
0.21000000000000016,-0.21000000000000016,-0.8106693050801888,0.8106693050801888,1.0
0.21100000000000016,-0.21100000000000016,-0.8098594456345543,0.8098594456345543,1.0
0.21200000000000016,-0.21200000000000016,-0.809050395239315,0.809050395239315,1.0
0.21300000000000016,-0.21300000000000016,-0.8082421530862287,0.8082421530862287,1.0
0.21400000000000016,-0.21400000000000016,-0.8074347183678608,0.8074347183678608,1.0
0.21500000000000016,-0.21500000000000016,-0.8066280902775832,0.8066280902775832,1.0
0.21600000000000016,-0.21600000000000016,-0.8058222680095737,0.8058222680095737,1.0
0.21700000000000016,-0.21700000000000016,-0.8050172507588148,0.8050172507588148,1.0
0.21800000000000017,-0.21800000000000017,-0.8042130377210936,0.8042130377210936,1.0
0.21900000000000017,-0.21900000000000017,-0.8034096280930006,0.8034096280930006,1.0
0.22000000000000017,-0.22000000000000017,-0.8026070210719287,0.8026070210719287,1.0
0.22100000000000017,-0.22100000000000017,-0.8018052158560727,0.8018052158560727,1.0
0.22200000000000017,-0.22200000000000017,-0.8010042116444281,0.8010042116444281,1.0
0.22300000000000017,-0.22300000000000017,-0.8002040076367914,0.8002040076367914,1.0
0.22400000000000017,-0.22400000000000017,-0.7994046030337576,0.7994046030337576,1.0
0.22500000000000017,-0.22500000000000017,-0.7986059970367209,0.7986059970367209,1.0
0.22600000000000017,-0.22600000000000017,-0.797808188847873,0.797808188847873,1.0
0.22700000000000017,-0.22700000000000017,-0.7970111776702028,0.7970111776702028,1.0
0.22800000000000017,-0.22800000000000017,-0.7962149627074953,0.7962149627074953,1.0
0.22900000000000018,-0.22900000000000018,-0.7954195431643309,0.7954195431643309,1.0
0.23000000000000018,-0.23000000000000018,-0.7946249182460848,0.7946249182460848,1.0
0.23100000000000018,-0.23100000000000018,-0.7938310871589258,0.7938310871589258,1.0
0.23200000000000018,-0.23200000000000018,-0.7930380491098161,0.7930380491098161,1.0
0.23300000000000018,-0.23300000000000018,-0.7922458033065095,0.7922458033065095,1.0
0.23400000000000018,-0.23400000000000018,-0.791454348957552,0.791454348957552,1.0
0.23500000000000018,-0.23500000000000018,-0.7906636852722797,0.7906636852722797,1.0
0.23600000000000018,-0.23600000000000018,-0.7898738114608188,0.7898738114608188,1.0
0.23700000000000018,-0.23700000000000018,-0.7890847267340847,0.7890847267340847,1.0
0.23800000000000018,-0.23800000000000018,-0.7882964303037809,0.7882964303037809,1.0
0.23900000000000018,-0.23900000000000018,-0.7875089213823987,0.7875089213823987,1.0
0.24000000000000019,-0.24000000000000019,-0.7867221991832154,0.7867221991832154,1.0
0.2410000000000002,-0.2410000000000002,-0.7859362629202952,0.7859362629202952,1.0
0.2420000000000002,-0.2420000000000002,-0.7851511118084866,0.7851511118084866,1.0
0.2430000000000002,-0.2430000000000002,-0.7843667450634233,0.7843667450634233,1.0
0.2440000000000002,-0.2440000000000002,-0.7835831619015218,0.7835831619015218,1.0
0.2450000000000002,-0.2450000000000002,-0.7828003615399818,0.7828003615399818,1.0
0.2460000000000002,-0.2460000000000002,-0.782018343196785,0.782018343196785,1.0
0.2470000000000002,-0.2470000000000002,-0.7812371060906943,0.7812371060906943,1.0
0.2480000000000002,-0.2480000000000002,-0.7804566494412529,0.7804566494412529,1.0
0.2490000000000002,-0.2490000000000002,-0.7796769724687843,0.7796769724687843,1.0
0.25000000000000017,-0.25000000000000017,-0.77889807439439,0.77889807439439,1.0
0.25100000000000017,-0.25100000000000017,-0.77811995443995,0.77811995443995,1.0
0.25200000000000017,-0.25200000000000017,-0.7773426118281218,0.7773426118281218,1.0
0.25300000000000017,-0.25300000000000017,-0.7765660457823395,0.7765660457823395,1.0
0.25400000000000017,-0.25400000000000017,-0.7757902555268127,0.7757902555268127,1.0
0.25500000000000017,-0.25500000000000017,-0.7750152402865261,0.7750152402865261,1.0
0.25600000000000017,-0.25600000000000017,-0.7742409992872389,0.7742409992872389,1.0
0.2570000000000002,-0.2570000000000002,-0.7734675317554834,0.7734675317554834,1.0
0.2580000000000002,-0.2580000000000002,-0.7726948369185649,0.7726948369185649,1.0
0.2590000000000002,-0.2590000000000002,-0.7719229140045603,0.7719229140045603,1.0
0.2600000000000002,-0.2600000000000002,-0.7711517622423179,0.7711517622423179,1.0
0.2610000000000002,-0.2610000000000002,-0.7703813808614565,0.7703813808614565,1.0
0.2620000000000002,-0.2620000000000002,-0.7696117690923641,0.7696117690923641,1.0
0.2630000000000002,-0.2630000000000002,-0.7688429261661979,0.7688429261661979,1.0
0.2640000000000002,-0.2640000000000002,-0.7680748513148828,0.7680748513148828,1.0
0.2650000000000002,-0.2650000000000002,-0.7673075437711118,0.7673075437711118,1.0
0.2660000000000002,-0.2660000000000002,-0.7665410027683435,0.7665410027683435,1.0
0.2670000000000002,-0.2670000000000002,-0.7657752275408026,0.7657752275408026,1.0
0.2680000000000002,-0.2680000000000002,-0.7650102173234792,0.7650102173234792,1.0
0.2690000000000002,-0.2690000000000002,-0.764245971352127,0.764245971352127,1.0
0.2700000000000002,-0.2700000000000002,-0.7634824888632638,0.7634824888632638,1.0
0.2710000000000002,-0.2710000000000002,-0.7627197690941696,0.7627197690941696,1.0
0.2720000000000002,-0.2720000000000002,-0.7619578112828868,0.7619578112828868,1.0
0.2730000000000002,-0.2730000000000002,-0.7611966146682185,0.7611966146682185,1.0
0.2740000000000002,-0.2740000000000002,-0.7604361784897289,0.7604361784897289,1.0
0.2750000000000002,-0.2750000000000002,-0.7596765019877412,0.7596765019877412,1.0
0.2760000000000002,-0.2760000000000002,-0.7589175844033379,0.7589175844033379,1.0
0.2770000000000002,-0.2770000000000002,-0.7581594249783595,0.7581594249783595,1.0
0.2780000000000002,-0.2780000000000002,-0.7574020229554042,0.7574020229554042,1.0
0.2790000000000002,-0.2790000000000002,-0.7566453775778264,0.7566453775778264,1.0
0.2800000000000002,-0.2800000000000002,-0.7558894880897367,0.7558894880897367,1.0
0.2810000000000002,-0.2810000000000002,-0.7551343537360007,0.7551343537360007,1.0
0.2820000000000002,-0.2820000000000002,-0.7543799737622385,0.7543799737622385,1.0
0.2830000000000002,-0.2830000000000002,-0.7536263474148237,0.7536263474148237,1.0
0.2840000000000002,-0.2840000000000002,-0.7528734739408828,0.7528734739408828,1.0
0.2850000000000002,-0.2850000000000002,-0.7521213525882945,0.7521213525882945,1.0
0.2860000000000002,-0.2860000000000002,-0.7513699826056889,0.7513699826056889,1.0
0.2870000000000002,-0.2870000000000002,-0.7506193632424464,0.7506193632424464,1.0
0.2880000000000002,-0.2880000000000002,-0.7498694937486977,0.7498694937486977,1.0
0.2890000000000002,-0.2890000000000002,-0.7491203733753224,0.7491203733753224,1.0
0.2900000000000002,-0.2900000000000002,-0.7483720013739484,0.7483720013739484,1.0
0.2910000000000002,-0.2910000000000002,-0.7476243769969515,0.7476243769969515,1.0
0.2920000000000002,-0.2920000000000002,-0.7468774994974541,0.7468774994974541,1.0
0.2930000000000002,-0.2930000000000002,-0.7461313681293247,0.7461313681293247,1.0
0.2940000000000002,-0.2940000000000002,-0.7453859821471774,0.7453859821471774,1.0
0.2950000000000002,-0.2950000000000002,-0.7446413408063711,0.7446413408063711,1.0
0.2960000000000002,-0.2960000000000002,-0.7438974433630081,0.7438974433630081,1.0
0.2970000000000002,-0.2970000000000002,-0.7431542890739342,0.7431542890739342,1.0
0.2980000000000002,-0.2980000000000002,-0.7424118771967375,0.7424118771967375,1.0
0.2990000000000002,-0.2990000000000002,-0.7416702069897477,0.7416702069897477,1.0
0.3000000000000002,-0.3000000000000002,-0.7409292777120358,0.7409292777120358,1.0
0.3010000000000002,-0.3010000000000002,-0.7401890886234123,0.7401890886234123,1.0
0.3020000000000002,-0.3020000000000002,-0.7394496389844278,0.7394496389844278,1.0
0.3030000000000002,-0.3030000000000002,-0.7387109280563715,0.7387109280563715,1.0
0.3040000000000002,-0.3040000000000002,-0.7379729551012701,0.7379729551012701,1.0
0.3050000000000002,-0.3050000000000002,-0.7372357193818884,0.7372357193818884,1.0
0.3060000000000002,-0.3060000000000002,-0.7364992201617265,0.7364992201617265,1.0
0.3070000000000002,-0.3070000000000002,-0.7357634567050216,0.7357634567050216,1.0
0.3080000000000002,-0.3080000000000002,-0.7350284282767449,0.7350284282767449,1.0
0.3090000000000002,-0.3090000000000002,-0.7342941341426023,0.7342941341426023,1.0
0.3100000000000002,-0.3100000000000002,-0.7335605735690331,0.7335605735690331,1.0
0.3110000000000002,-0.3110000000000002,-0.73282774582321,0.73282774582321,1.0
0.3120000000000002,-0.3120000000000002,-0.732095650173037,0.732095650173037,1.0
0.3130000000000002,-0.3130000000000002,-0.7313642858871497,0.7313642858871497,1.0
0.3140000000000002,-0.3140000000000002,-0.7306336522349148,0.7306336522349148,1.0
0.3150000000000002,-0.3150000000000002,-0.7299037484864284,0.7299037484864284,1.0
0.3160000000000002,-0.3160000000000002,-0.7291745739125158,0.7291745739125158,1.0
0.3170000000000002,-0.3170000000000002,-0.7284461277847311,0.7284461277847311,1.0
0.3180000000000002,-0.3180000000000002,-0.7277184093753557,0.7277184093753557,1.0
0.31900000000000023,-0.31900000000000023,-0.7269914179573983,0.7269914179573983,1.0
0.32000000000000023,-0.32000000000000023,-0.7262651528045937,0.7262651528045937,1.0
0.32100000000000023,-0.32100000000000023,-0.7255396131914023,0.7255396131914023,1.0
0.32200000000000023,-0.32200000000000023,-0.7248147983930093,0.7248147983930093,1.0
0.32300000000000023,-0.32300000000000023,-0.724090707685324,0.724090707685324,1.0
0.32400000000000023,-0.32400000000000023,-0.7233673403449791,0.7233673403449791,1.0
0.32500000000000023,-0.32500000000000023,-0.7226446956493296,0.7226446956493296,1.0
0.32600000000000023,-0.32600000000000023,-0.7219227728764532,0.7219227728764532,1.0
0.32700000000000023,-0.32700000000000023,-0.7212015713051481,0.7212015713051481,1.0
0.32800000000000024,-0.32800000000000024,-0.7204810902149331,0.7204810902149331,1.0
0.32900000000000024,-0.32900000000000024,-0.7197613288860469,0.7197613288860469,1.0
0.33000000000000024,-0.33000000000000024,-0.7190422865994475,0.7190422865994475,1.0
0.33100000000000024,-0.33100000000000024,-0.7183239626368106,0.7183239626368106,1.0
0.33200000000000024,-0.33200000000000024,-0.7176063562805302,0.7176063562805302,1.0
0.33300000000000024,-0.33300000000000024,-0.7168894668137165,0.7168894668137165,1.0
0.33400000000000024,-0.33400000000000024,-0.7161732935201963,0.7161732935201963,1.0
0.33500000000000024,-0.33500000000000024,-0.7154578356845118,0.7154578356845118,1.0
0.33600000000000024,-0.33600000000000024,-0.7147430925919199,0.7147430925919199,1.0
0.33700000000000024,-0.33700000000000024,-0.7140290635283916,0.7140290635283916,1.0
0.33800000000000024,-0.33800000000000024,-0.7133157477806109,0.7133157477806109,1.0
0.33900000000000025,-0.33900000000000025,-0.712603144635975,0.712603144635975,1.0
0.34000000000000025,-0.34000000000000025,-0.7118912533825924,0.7118912533825924,1.0
0.34100000000000025,-0.34100000000000025,-0.7111800733092832,0.7111800733092832,1.0
0.34200000000000025,-0.34200000000000025,-0.7104696037055777,0.7104696037055777,1.0
0.34300000000000025,-0.34300000000000025,-0.709759843861716,0.709759843861716,1.0
0.34400000000000025,-0.34400000000000025,-0.7090507930686474,0.7090507930686474,1.0
0.34500000000000025,-0.34500000000000025,-0.7083424506180293,0.7083424506180293,1.0
0.34600000000000025,-0.34600000000000025,-0.7076348158022271,0.7076348158022271,1.0
0.34700000000000025,-0.34700000000000025,-0.7069278879143128,0.7069278879143128,1.0
0.34800000000000025,-0.34800000000000025,-0.7062216662480648,0.7062216662480648,1.0
0.34900000000000025,-0.34900000000000025,-0.7055161500979669,0.7055161500979669,1.0
0.35000000000000026,-0.35000000000000026,-0.7048113387592077,0.7048113387592077,1.0
0.35100000000000026,-0.35100000000000026,-0.70410723152768,0.70410723152768,1.0
0.35200000000000026,-0.35200000000000026,-0.70340382769998,0.70340382769998,1.0
0.35300000000000026,-0.35300000000000026,-0.7027011265734066,0.7027011265734066,1.0
0.35400000000000026,-0.35400000000000026,-0.7019991274459607,0.7019991274459607,1.0
0.35500000000000026,-0.35500000000000026,-0.7012978296163445,0.7012978296163445,1.0
0.35600000000000026,-0.35600000000000026,-0.7005972323839604,0.7005972323839604,1.0
0.35700000000000026,-0.35700000000000026,-0.6998973350489116,0.6998973350489116,1.0
0.35800000000000026,-0.35800000000000026,-0.6991981369119996,0.6991981369119996,1.0
0.35900000000000026,-0.35900000000000026,-0.698499637274725,0.698499637274725,1.0
0.36000000000000026,-0.36000000000000026,-0.6978018354392856,0.6978018354392856,1.0
0.36100000000000027,-0.36100000000000027,-0.697104730708577,0.697104730708577,1.0
0.36200000000000027,-0.36200000000000027,-0.6964083223861909,0.6964083223861909,1.0
0.36300000000000027,-0.36300000000000027,-0.6957126097764145,0.6957126097764145,1.0
0.36400000000000027,-0.36400000000000027,-0.6950175921842302,0.6950175921842302,1.0
0.36500000000000027,-0.36500000000000027,-0.6943232689153149,0.6943232689153149,1.0
0.36600000000000027,-0.36600000000000027,-0.6936296392760387,0.6936296392760387,1.0
0.36700000000000027,-0.36700000000000027,-0.6929367025734654,0.6929367025734654,1.0
0.36800000000000027,-0.36800000000000027,-0.69224445811535,0.69224445811535,1.0
0.36900000000000027,-0.36900000000000027,-0.6915529052101398,0.6915529052101398,1.0
0.3700000000000003,-0.3700000000000003,-0.6908620431669729,0.6908620431669729,1.0
0.3710000000000003,-0.3710000000000003,-0.690171871295677,0.690171871295677,1.0
0.3720000000000003,-0.3720000000000003,-0.6894823889067703,0.6894823889067703,1.0
0.3730000000000003,-0.3730000000000003,-0.6887935953114588,0.6887935953114588,1.0
0.3740000000000003,-0.3740000000000003,-0.6881054898216371,0.6881054898216371,1.0
0.3750000000000003,-0.3750000000000003,-0.6874180717498872,0.6874180717498872,1.0
0.3760000000000003,-0.3760000000000003,-0.6867313404094777,0.6867313404094777,1.0
0.3770000000000003,-0.3770000000000003,-0.6860452951143634,0.6860452951143634,1.0
0.3780000000000003,-0.3780000000000003,-0.6853599351791841,0.6853599351791841,1.0
0.3790000000000003,-0.3790000000000003,-0.6846752599192649,0.6846752599192649,1.0
0.3800000000000003,-0.3800000000000003,-0.6839912686506143,0.6839912686506143,1.0
0.3810000000000003,-0.3810000000000003,-0.6833079606899244,0.6833079606899244,1.0
0.3820000000000003,-0.3820000000000003,-0.6826253353545698,0.6826253353545698,1.0
0.3830000000000003,-0.3830000000000003,-0.6819433919626071,0.6819433919626071,1.0
0.3840000000000003,-0.3840000000000003,-0.6812621298327743,0.6812621298327743,1.0
0.3850000000000003,-0.3850000000000003,-0.6805815482844899,0.6805815482844899,1.0
0.3860000000000003,-0.3860000000000003,-0.679901646637852,0.679901646637852,1.0
0.3870000000000003,-0.3870000000000003,-0.6792224242136383,0.6792224242136383,1.0
0.3880000000000003,-0.3880000000000003,-0.678543880333305,0.678543880333305,1.0
0.3890000000000003,-0.3890000000000003,-0.677866014318986,0.677866014318986,1.0
0.3900000000000003,-0.3900000000000003,-0.6771888254934926,0.6771888254934926,1.0
0.3910000000000003,-0.3910000000000003,-0.6765123131803124,0.6765123131803124,1.0
0.3920000000000003,-0.3920000000000003,-0.6758364767036087,0.6758364767036087,1.0
0.3930000000000003,-0.3930000000000003,-0.6751613153882204,0.6751613153882204,1.0
0.3940000000000003,-0.3940000000000003,-0.6744868285596607,0.6744868285596607,1.0
0.3950000000000003,-0.3950000000000003,-0.6738130155441165,0.6738130155441165,1.0
0.3960000000000003,-0.3960000000000003,-0.6731398756684481,0.6731398756684481,1.0
0.3970000000000003,-0.3970000000000003,-0.6724674082601879,0.6724674082601879,1.0
0.3980000000000003,-0.3980000000000003,-0.6717956126475404,0.6717956126475404,1.0
0.3990000000000003,-0.3990000000000003,-0.6711244881593811,0.6711244881593811,1.0
0.4000000000000003,-0.4000000000000003,-0.6704540341252558,0.6704540341252558,1.0
0.4010000000000003,-0.4010000000000003,-0.6697842498753804,0.6697842498753804,1.0
0.4020000000000003,-0.4020000000000003,-0.6691151347406397,0.6691151347406397,1.0
0.4030000000000003,-0.4030000000000003,-0.6684466880525872,0.6684466880525872,1.0
0.4040000000000003,-0.4040000000000003,-0.6677789091434437,0.6677789091434437,1.0
0.4050000000000003,-0.4050000000000003,-0.6671117973460976,0.6671117973460976,1.0
0.4060000000000003,-0.4060000000000003,-0.6664453519941035,0.6664453519941035,1.0
0.4070000000000003,-0.4070000000000003,-0.6657795724216818,0.6657795724216818,1.0
0.4080000000000003,-0.4080000000000003,-0.665114457963718,0.665114457963718,1.0
0.4090000000000003,-0.4090000000000003,-0.6644500079557624,0.6644500079557624,1.0
0.4100000000000003,-0.4100000000000003,-0.6637862217340283,0.6637862217340283,1.0
0.4110000000000003,-0.4110000000000003,-0.663123098635393,0.663123098635393,1.0
0.4120000000000003,-0.4120000000000003,-0.6624606379973956,0.6624606379973956,1.0
0.4130000000000003,-0.4130000000000003,-0.6617988391582375,0.6617988391582375,1.0
0.4140000000000003,-0.4140000000000003,-0.6611377014567807,0.6611377014567807,1.0
0.4150000000000003,-0.4150000000000003,-0.6604772242325482,0.6604772242325482,1.0
0.4160000000000003,-0.4160000000000003,-0.6598174068257224,0.6598174068257224,1.0
0.4170000000000003,-0.4170000000000003,-0.6591582485771452,0.6591582485771452,1.0
0.4180000000000003,-0.4180000000000003,-0.658499748828317,0.658499748828317,1.0
0.4190000000000003,-0.4190000000000003,-0.6578419069213955,0.6578419069213955,1.0
0.4200000000000003,-0.4200000000000003,-0.6571847221991963,0.6571847221991963,1.0
0.4210000000000003,-0.4210000000000003,-0.656528194005191,0.656528194005191,1.0
0.4220000000000003,-0.4220000000000003,-0.6558723216835076,0.6558723216835076,1.0
0.4230000000000003,-0.4230000000000003,-0.6552171045789287,0.6552171045789287,1.0
0.4240000000000003,-0.4240000000000003,-0.6545625420368917,0.6545625420368917,1.0
0.4250000000000003,-0.4250000000000003,-0.6539086334034883,0.6539086334034883,1.0
0.4260000000000003,-0.4260000000000003,-0.6532553780254627,0.6532553780254627,1.0
0.4270000000000003,-0.4270000000000003,-0.6526027752502126,0.6526027752502126,1.0
0.4280000000000003,-0.4280000000000003,-0.6519508244257869,0.6519508244257869,1.0
0.4290000000000003,-0.4290000000000003,-0.6512995249008859,0.6512995249008859,1.0
0.4300000000000003,-0.4300000000000003,-0.6506488760248611,0.6506488760248611,1.0
0.4310000000000003,-0.4310000000000003,-0.6499988771477133,0.6499988771477133,1.0
0.43200000000000033,-0.43200000000000033,-0.6493495276200932,0.6493495276200932,1.0
0.43300000000000033,-0.43300000000000033,-0.6487008267933,0.6487008267933,1.0
0.43400000000000033,-0.43400000000000033,-0.6480527740192806,0.6480527740192806,1.0
0.43500000000000033,-0.43500000000000033,-0.64740536865063,0.64740536865063,1.0
0.43600000000000033,-0.43600000000000033,-0.6467586100405894,0.6467586100405894,1.0
0.43700000000000033,-0.43700000000000033,-0.6461124975430464,0.6461124975430464,1.0
0.43800000000000033,-0.43800000000000033,-0.645467030512534,0.645467030512534,1.0
0.43900000000000033,-0.43900000000000033,-0.6448222083042296,0.6448222083042296,1.0
0.44000000000000034,-0.44000000000000034,-0.6441780302739557,0.6441780302739557,1.0
0.44100000000000034,-0.44100000000000034,-0.6435344957781776,0.6435344957781776,1.0
0.44200000000000034,-0.44200000000000034,-0.6428916041740035,0.6428916041740035,1.0
0.44300000000000034,-0.44300000000000034,-0.6422493548191842,0.6422493548191842,1.0
0.44400000000000034,-0.44400000000000034,-0.6416077470721121,0.6416077470721121,1.0
0.44500000000000034,-0.44500000000000034,-0.6409667802918203,0.6409667802918203,1.0
0.44600000000000034,-0.44600000000000034,-0.6403264538379823,0.6403264538379823,1.0
0.44700000000000034,-0.44700000000000034,-0.6396867670709114,0.6396867670709114,1.0
0.44800000000000034,-0.44800000000000034,-0.6390477193515599,0.6390477193515599,1.0
0.44900000000000034,-0.44900000000000034,-0.6384093100415184,0.6384093100415184,1.0
0.45000000000000034,-0.45000000000000034,-0.6377715385030153,0.6377715385030153,1.0
0.45100000000000035,-0.45100000000000035,-0.6371344040989163,0.6371344040989163,1.0
0.45200000000000035,-0.45200000000000035,-0.6364979061927235,0.6364979061927235,1.0
0.45300000000000035,-0.45300000000000035,-0.635862044148575,0.635862044148575,1.0
0.45400000000000035,-0.45400000000000035,-0.6352268173312436,0.6352268173312436,1.0
0.45500000000000035,-0.45500000000000035,-0.6345922251061374,0.6345922251061374,1.0
0.45600000000000035,-0.45600000000000035,-0.6339582668392981,0.6339582668392981,1.0
0.45700000000000035,-0.45700000000000035,-0.6333249418974006,0.6333249418974006,1.0
0.45800000000000035,-0.45800000000000035,-0.632692249647753,0.632692249647753,1.0
0.45900000000000035,-0.45900000000000035,-0.6320601894582947,0.6320601894582947,1.0
0.46000000000000035,-0.46000000000000035,-0.631428760697597,0.631428760697597,1.0
0.46100000000000035,-0.46100000000000035,-0.6307979627348621,0.6307979627348621,1.0
0.46200000000000035,-0.46200000000000035,-0.6301677949399223,0.6301677949399223,1.0
0.46300000000000036,-0.46300000000000036,-0.629538256683239,0.629538256683239,1.0
0.46400000000000036,-0.46400000000000036,-0.6289093473359032,0.6289093473359032,1.0
0.46500000000000036,-0.46500000000000036,-0.6282810662696336,0.6282810662696336,1.0
0.46600000000000036,-0.46600000000000036,-0.6276534128567768,0.6276534128567768,1.0
0.46700000000000036,-0.46700000000000036,-0.6270263864703065,0.6270263864703065,1.0
0.46800000000000036,-0.46800000000000036,-0.6263999864838227,0.6263999864838227,1.0
0.46900000000000036,-0.46900000000000036,-0.6257742122715512,0.6257742122715512,1.0
0.47000000000000036,-0.47000000000000036,-0.6251490632083428,0.6251490632083428,1.0
0.47100000000000036,-0.47100000000000036,-0.6245245386696731,0.6245245386696731,1.0
0.47200000000000036,-0.47200000000000036,-0.6239006380316413,0.6239006380316413,1.0
0.47300000000000036,-0.47300000000000036,-0.6232773606709705,0.6232773606709705,1.0
0.47400000000000037,-0.47400000000000037,-0.6226547059650054,0.6226547059650054,1.0
0.47500000000000037,-0.47500000000000037,-0.6220326732917137,0.6220326732917137,1.0
0.47600000000000037,-0.47600000000000037,-0.621411262029684,0.621411262029684,1.0
0.47700000000000037,-0.47700000000000037,-0.6207904715581258,0.6207904715581258,1.0
0.47800000000000037,-0.47800000000000037,-0.6201703012568689,0.6201703012568689,1.0
0.47900000000000037,-0.47900000000000037,-0.6195507505063627,0.6195507505063627,1.0
0.48000000000000037,-0.48000000000000037,-0.6189318186876749,0.6189318186876749,1.0
0.48100000000000037,-0.48100000000000037,-0.6183135051824925,0.6183135051824925,1.0
0.4820000000000004,-0.4820000000000004,-0.6176958093731193,0.6176958093731193,1.0
0.4830000000000004,-0.4830000000000004,-0.6170787306424769,0.6170787306424769,1.0
0.4840000000000004,-0.4840000000000004,-0.6164622683741028,0.6164622683741028,1.0
0.4850000000000004,-0.4850000000000004,-0.6158464219521507,0.6158464219521507,1.0
0.4860000000000004,-0.4860000000000004,-0.6152311907613893,0.6152311907613893,1.0
0.4870000000000004,-0.4870000000000004,-0.6146165741872021,0.6146165741872021,1.0
0.4880000000000004,-0.4880000000000004,-0.6140025716155865,0.6140025716155865,1.0
0.4890000000000004,-0.4890000000000004,-0.6133891824331533,0.6133891824331533,1.0
0.4900000000000004,-0.4900000000000004,-0.6127764060271261,0.6127764060271261,1.0
0.4910000000000004,-0.4910000000000004,-0.6121642417853409,0.6121642417853409,1.0
0.4920000000000004,-0.4920000000000004,-0.6115526890962446,0.6115526890962446,1.0
0.4930000000000004,-0.4930000000000004,-0.6109417473488958,0.6109417473488958,1.0
0.4940000000000004,-0.4940000000000004,-0.6103314159329628,0.6103314159329628,1.0
0.4950000000000004,-0.4950000000000004,-0.609721694238724,0.609721694238724,1.0
0.4960000000000004,-0.4960000000000004,-0.6091125816570669,0.6091125816570669,1.0
0.4970000000000004,-0.4970000000000004,-0.6085040775794874,0.6085040775794874,1.0
0.4980000000000004,-0.4980000000000004,-0.6078961813980894,0.6078961813980894,1.0
0.4990000000000004,-0.4990000000000004,-0.6072888925055838,0.6072888925055838,1.0
0.5000000000000003,-0.5000000000000003,-0.6066822102952886,0.6066822102952886,1.0
0.5010000000000003,-0.5010000000000003,-0.6060761341611275,0.6060761341611275,1.0
0.5020000000000003,-0.5020000000000003,-0.6054706634976299,0.6054706634976299,1.0
0.5030000000000003,-0.5030000000000003,-0.6048657976999299,0.6048657976999299,1.0
0.5040000000000003,-0.5040000000000003,-0.6042615361637662,0.6042615361637662,1.0
0.5050000000000003,-0.5050000000000003,-0.6036578782854807,0.6036578782854807,1.0
0.5060000000000003,-0.5060000000000003,-0.6030548234620188,0.6030548234620188,1.0
0.5070000000000003,-0.5070000000000003,-0.6024523710909279,0.6024523710909279,1.0
0.5080000000000003,-0.5080000000000003,-0.6018505205703575,0.6018505205703575,1.0
0.5090000000000003,-0.5090000000000003,-0.6012492712990584,0.6012492712990584,1.0
0.5100000000000003,-0.5100000000000003,-0.600648622676382,0.600648622676382,1.0
0.5110000000000003,-0.5110000000000003,-0.6000485741022796,0.6000485741022796,1.0
0.5120000000000003,-0.5120000000000003,-0.5994491249773023,0.5994491249773023,1.0
0.5130000000000003,-0.5130000000000003,-0.5988502747025997,0.5988502747025997,1.0
0.5140000000000003,-0.5140000000000003,-0.5982520226799197,0.5982520226799197,1.0
0.5150000000000003,-0.5150000000000003,-0.5976543683116082,0.5976543683116082,1.0
0.5160000000000003,-0.5160000000000003,-0.5970573110006077,0.5970573110006077,1.0
0.5170000000000003,-0.5170000000000003,-0.5964608501504572,0.5964608501504572,1.0
0.5180000000000003,-0.5180000000000003,-0.5958649851652918,0.5958649851652918,1.0
0.5190000000000003,-0.5190000000000003,-0.5952697154498421,0.5952697154498421,1.0
0.5200000000000004,-0.5200000000000004,-0.5946750404094326,0.5946750404094326,1.0
0.5210000000000004,-0.5210000000000004,-0.5940809594499825,0.5940809594499825,1.0
0.5220000000000004,-0.5220000000000004,-0.5934874719780047,0.5934874719780047,1.0
0.5230000000000004,-0.5230000000000004,-0.592894577400604,0.592894577400604,1.0
0.5240000000000004,-0.5240000000000004,-0.5923022751254785,0.5923022751254785,1.0
0.5250000000000004,-0.5250000000000004,-0.5917105645609176,0.5917105645609176,1.0
0.5260000000000004,-0.5260000000000004,-0.5911194451158017,0.5911194451158017,1.0
0.5270000000000004,-0.5270000000000004,-0.5905289161996021,0.5905289161996021,1.0
0.5280000000000004,-0.5280000000000004,-0.5899389772223796,0.5899389772223796,1.0
0.5290000000000004,-0.5290000000000004,-0.5893496275947849,0.5893496275947849,1.0
0.5300000000000004,-0.5300000000000004,-0.5887608667280569,0.5887608667280569,1.0
0.5310000000000004,-0.5310000000000004,-0.5881726940340231,0.5881726940340231,1.0
0.5320000000000004,-0.5320000000000004,-0.587585108925098,0.587585108925098,1.0
0.5330000000000004,-0.5330000000000004,-0.5869981108142837,0.5869981108142837,1.0
0.5340000000000004,-0.5340000000000004,-0.5864116991151684,0.5864116991151684,1.0
0.5350000000000004,-0.5350000000000004,-0.5858258732419265,0.5858258732419265,1.0
0.5360000000000004,-0.5360000000000004,-0.5852406326093172,0.5852406326093172,1.0
0.5370000000000004,-0.5370000000000004,-0.5846559766326845,0.5846559766326845,1.0
0.5380000000000004,-0.5380000000000004,-0.5840719047279566,0.5840719047279566,1.0
0.5390000000000004,-0.5390000000000004,-0.5834884163116449,0.5834884163116449,1.0
0.5400000000000004,-0.5400000000000004,-0.5829055108008441,0.5829055108008441,1.0
0.5410000000000004,-0.5410000000000004,-0.5823231876132309,0.5823231876132309,1.0
0.5420000000000004,-0.5420000000000004,-0.5817414461670638,0.5817414461670638,1.0
0.5430000000000004,-0.5430000000000004,-0.5811602858811825,0.5811602858811825,1.0
0.5440000000000004,-0.5440000000000004,-0.5805797061750075,0.5805797061750075,1.0
0.5450000000000004,-0.5450000000000004,-0.579999706468539,0.579999706468539,1.0
0.5460000000000004,-0.5460000000000004,-0.5794202861823566,0.5794202861823566,1.0
0.5470000000000004,-0.5470000000000004,-0.578841444737619,0.578841444737619,1.0
0.5480000000000004,-0.5480000000000004,-0.5782631815560629,0.5782631815560629,1.0
0.5490000000000004,-0.5490000000000004,-0.5776854960600029,0.5776854960600029,1.0
0.5500000000000004,-0.5500000000000004,-0.5771083876723305,0.5771083876723305,1.0
0.5510000000000004,-0.5510000000000004,-0.576531855816514,0.576531855816514,1.0
0.5520000000000004,-0.5520000000000004,-0.5759558999165975,0.5759558999165975,1.0
0.5530000000000004,-0.5530000000000004,-0.5753805193972003,0.5753805193972003,1.0
0.5540000000000004,-0.5540000000000004,-0.5748057136835169,0.5748057136835169,1.0
0.5550000000000004,-0.5550000000000004,-0.5742314822013154,0.5742314822013154,1.0
0.5560000000000004,-0.5560000000000004,-0.5736578243769385,0.5736578243769385,1.0
0.5570000000000004,-0.5570000000000004,-0.5730847396373012,0.5730847396373012,1.0
0.5580000000000004,-0.5580000000000004,-0.5725122274098913,0.5725122274098913,1.0
0.5590000000000004,-0.5590000000000004,-0.5719402871227686,0.5719402871227686,1.0
0.5600000000000004,-0.5600000000000004,-0.5713689182045639,0.5713689182045639,1.0
0.5610000000000004,-0.5610000000000004,-0.5707981200844795,0.5707981200844795,1.0
0.5620000000000004,-0.5620000000000004,-0.5702278921922872,0.5702278921922872,1.0
0.5630000000000004,-0.5630000000000004,-0.5696582339583287,0.5696582339583287,1.0
0.5640000000000004,-0.5640000000000004,-0.5690891448135152,0.5690891448135152,1.0
0.5650000000000004,-0.5650000000000004,-0.568520624189326,0.568520624189326,1.0
0.5660000000000004,-0.5660000000000004,-0.5679526715178081,0.5679526715178081,1.0
0.5670000000000004,-0.5670000000000004,-0.5673852862315766,0.5673852862315766,1.0
0.5680000000000004,-0.5680000000000004,-0.5668184677638127,0.5668184677638127,1.0
0.5690000000000004,-0.5690000000000004,-0.5662522155482645,0.5662522155482645,1.0
0.5700000000000004,-0.5700000000000004,-0.5656865290192452,0.5656865290192452,1.0
0.5710000000000004,-0.5710000000000004,-0.5651214076116335,0.5651214076116335,1.0
0.5720000000000004,-0.5720000000000004,-0.5645568507608727,0.5645568507608727,1.0
0.5730000000000004,-0.5730000000000004,-0.5639928579029697,0.5639928579029697,1.0
0.5740000000000004,-0.5740000000000004,-0.5634294284744951,0.5634294284744951,1.0
0.5750000000000004,-0.5750000000000004,-0.5628665619125824,0.5628665619125824,1.0
0.5760000000000004,-0.5760000000000004,-0.5623042576549276,0.5623042576549276,1.0
0.5770000000000004,-0.5770000000000004,-0.5617425151397878,0.5617425151397878,1.0
0.5780000000000004,-0.5780000000000004,-0.5611813338059818,0.5611813338059818,1.0
0.5790000000000004,-0.5790000000000004,-0.560620713092889,0.560620713092889,1.0
0.5800000000000004,-0.5800000000000004,-0.5600606524404486,0.5600606524404486,1.0
0.5810000000000004,-0.5810000000000004,-0.5595011512891593,0.5595011512891593,1.0
0.5820000000000004,-0.5820000000000004,-0.5589422090800793,0.5589422090800793,1.0
0.5830000000000004,-0.5830000000000004,-0.5583838252548243,0.5583838252548243,1.0
0.5840000000000004,-0.5840000000000004,-0.5578259992555687,0.5578259992555687,1.0
0.5850000000000004,-0.5850000000000004,-0.5572687305250438,0.5572687305250438,1.0
0.5860000000000004,-0.5860000000000004,-0.5567120185065373,0.5567120185065373,1.0
0.5870000000000004,-0.5870000000000004,-0.5561558626438934,0.5561558626438934,1.0
0.5880000000000004,-0.5880000000000004,-0.555600262381512,0.555600262381512,1.0
0.5890000000000004,-0.5890000000000004,-0.5550452171643476,0.5550452171643476,1.0
0.5900000000000004,-0.5900000000000004,-0.5544907264379099,0.5544907264379099,1.0
0.5910000000000004,-0.5910000000000004,-0.5539367896482615,0.5539367896482615,1.0
0.5920000000000004,-0.5920000000000004,-0.5533834062420195,0.5533834062420195,1.0
0.5930000000000004,-0.5930000000000004,-0.5528305756663532,0.5528305756663532,1.0
0.5940000000000004,-0.5940000000000004,-0.5522782973689842,0.5522782973689842,1.0
0.5950000000000004,-0.5950000000000004,-0.551726570798186,0.551726570798186,1.0
0.5960000000000004,-0.5960000000000004,-0.5511753954027832,0.5511753954027832,1.0
0.5970000000000004,-0.5970000000000004,-0.550624770632151,0.550624770632151,1.0
0.5980000000000004,-0.5980000000000004,-0.5500746959362148,0.5500746959362148,1.0
0.5990000000000004,-0.5990000000000004,-0.5495251707654494,0.5495251707654494,1.0
0.6000000000000004,-0.6000000000000004,-0.5489761945708785,0.5489761945708785,1.0
0.6010000000000004,-0.6010000000000004,-0.5484277668040746,0.5484277668040746,1.0
0.6020000000000004,-0.6020000000000004,-0.5478798869171573,0.5478798869171573,1.0
0.6030000000000004,-0.6030000000000004,-0.5473325543627946,0.5473325543627946,1.0
0.6040000000000004,-0.6040000000000004,-0.5467857685942004,0.5467857685942004,1.0
0.6050000000000004,-0.6050000000000004,-0.5462395290651352,0.5462395290651352,1.0
0.6060000000000004,-0.6060000000000004,-0.5456938352299053,0.5456938352299053,1.0
0.6070000000000004,-0.6070000000000004,-0.545148686543362,0.545148686543362,1.0
0.6080000000000004,-0.6080000000000004,-0.5446040824609011,0.5446040824609011,1.0
0.6090000000000004,-0.6090000000000004,-0.5440600224384626,0.5440600224384626,1.0
0.6100000000000004,-0.6100000000000004,-0.5435165059325302,0.5435165059325302,1.0
0.6110000000000004,-0.6110000000000004,-0.5429735324001301,0.5429735324001301,1.0
0.6120000000000004,-0.6120000000000004,-0.5424311012988313,0.5424311012988313,1.0
0.6130000000000004,-0.6130000000000004,-0.5418892120867446,0.5418892120867446,1.0
0.6140000000000004,-0.6140000000000004,-0.5413478642225219,0.5413478642225219,1.0
0.6150000000000004,-0.6150000000000004,-0.5408070571653565,0.5408070571653565,1.0
0.6160000000000004,-0.6160000000000004,-0.5402667903749815,0.5402667903749815,1.0
0.6170000000000004,-0.6170000000000004,-0.5397270633116699,0.5397270633116699,1.0
0.6180000000000004,-0.6180000000000004,-0.5391878754362336,0.5391878754362336,1.0
0.6190000000000004,-0.6190000000000004,-0.5386492262100235,0.5386492262100235,1.0
0.6200000000000004,-0.6200000000000004,-0.5381111150949286,0.5381111150949286,1.0
0.6210000000000004,-0.6210000000000004,-0.5375735415533752,0.5375735415533752,1.0
0.6220000000000004,-0.6220000000000004,-0.5370365050483269,0.5370365050483269,1.0
0.6230000000000004,-0.6230000000000004,-0.5365000050432835,0.5365000050432835,1.0
0.6240000000000004,-0.6240000000000004,-0.5359640410022812,0.5359640410022812,1.0
0.6250000000000004,-0.6250000000000004,-0.5354286123898914,0.5354286123898914,1.0
0.6260000000000004,-0.6260000000000004,-0.53489371867122,0.53489371867122,1.0
0.6270000000000004,-0.6270000000000004,-0.5343593593119081,0.5343593593119081,1.0
0.6280000000000004,-0.6280000000000004,-0.53382553377813,0.53382553377813,1.0
0.6290000000000004,-0.6290000000000004,-0.5332922415365934,0.5332922415365934,1.0
0.6300000000000004,-0.6300000000000004,-0.5327594820545388,0.5327594820545388,1.0
0.6310000000000004,-0.6310000000000004,-0.5322272547997391,0.5322272547997391,1.0
0.6320000000000005,-0.6320000000000005,-0.5316955592404986,0.5316955592404986,1.0
0.6330000000000005,-0.6330000000000005,-0.5311643948456529,0.5311643948456529,1.0
0.6340000000000005,-0.6340000000000005,-0.5306337610845684,0.5306337610845684,1.0
0.6350000000000005,-0.6350000000000005,-0.5301036574271413,0.5301036574271413,1.0
0.6360000000000005,-0.6360000000000005,-0.5295740833437974,0.5295740833437974,1.0
0.6370000000000005,-0.6370000000000005,-0.529045038305492,0.529045038305492,1.0
0.6380000000000005,-0.6380000000000005,-0.5285165217837083,0.5285165217837083,1.0
0.6390000000000005,-0.6390000000000005,-0.5279885332504579,0.5279885332504579,1.0
0.6400000000000005,-0.6400000000000005,-0.5274610721782795,0.5274610721782795,1.0
0.6410000000000005,-0.6410000000000005,-0.5269341380402393,0.5269341380402393,1.0
0.6420000000000005,-0.6420000000000005,-0.5264077303099294,0.5264077303099294,1.0
0.6430000000000005,-0.6430000000000005,-0.5258818484614679,0.5258818484614679,1.0
0.6440000000000005,-0.6440000000000005,-0.5253564919694984,0.5253564919694984,1.0
0.6450000000000005,-0.6450000000000005,-0.5248316603091892,0.5248316603091892,1.0
0.6460000000000005,-0.6460000000000005,-0.5243073529562329,0.5243073529562329,1.0
0.6470000000000005,-0.6470000000000005,-0.523783569386846,0.523783569386846,1.0
0.6480000000000005,-0.6480000000000005,-0.5232603090777682,0.5232603090777682,1.0
0.6490000000000005,-0.6490000000000005,-0.5227375715062619,0.5227375715062619,1.0
0.6500000000000005,-0.6500000000000005,-0.5222153561501117,0.5222153561501117,1.0
0.6510000000000005,-0.6510000000000005,-0.521693662487624,0.521693662487624,1.0
0.6520000000000005,-0.6520000000000005,-0.5211724899976263,0.5211724899976263,1.0
0.6530000000000005,-0.6530000000000005,-0.5206518381594669,0.5206518381594669,1.0
0.6540000000000005,-0.6540000000000005,-0.520131706453014,0.520131706453014,1.0
0.6550000000000005,-0.6550000000000005,-0.5196120943586553,0.5196120943586553,1.0
0.6560000000000005,-0.6560000000000005,-0.519093001357298,0.519093001357298,1.0
0.6570000000000005,-0.6570000000000005,-0.5185744269303676,0.5185744269303676,1.0
0.6580000000000005,-0.6580000000000005,-0.5180563705598079,0.5180563705598079,1.0
0.6590000000000005,-0.6590000000000005,-0.5175388317280798,0.5175388317280798,1.0
0.6600000000000005,-0.6600000000000005,-0.5170218099181616,0.5170218099181616,1.0
0.6610000000000005,-0.6610000000000005,-0.5165053046135482,0.5165053046135482,1.0
0.6620000000000005,-0.6620000000000005,-0.51598931529825,0.51598931529825,1.0
0.6630000000000005,-0.6630000000000005,-0.5154738414567932,0.5154738414567932,1.0
0.6640000000000005,-0.6640000000000005,-0.514958882574219,0.514958882574219,1.0
0.6650000000000005,-0.6650000000000005,-0.5144444381360829,0.5144444381360829,1.0
0.6660000000000005,-0.6660000000000005,-0.5139305076284544,0.5139305076284544,1.0
0.6670000000000005,-0.6670000000000005,-0.5134170905379165,0.5134170905379165,1.0
0.6680000000000005,-0.6680000000000005,-0.5129041863515649,0.5129041863515649,1.0
0.6690000000000005,-0.6690000000000005,-0.5123917945570079,0.5123917945570079,1.0
0.6700000000000005,-0.6700000000000005,-0.5118799146423655,0.5118799146423655,1.0
0.6710000000000005,-0.6710000000000005,-0.5113685460962691,0.5113685460962691,1.0
0.6720000000000005,-0.6720000000000005,-0.5108576884078613,0.5108576884078613,1.0
0.6730000000000005,-0.6730000000000005,-0.5103473410667944,0.5103473410667944,1.0
0.6740000000000005,-0.6740000000000005,-0.5098375035632312,0.5098375035632312,1.0
0.6750000000000005,-0.6750000000000005,-0.5093281753878434,0.5093281753878434,1.0
0.6760000000000005,-0.6760000000000005,-0.5088193560318116,0.5088193560318116,1.0
0.6770000000000005,-0.6770000000000005,-0.5083110449868247,0.5083110449868247,1.0
0.6780000000000005,-0.6780000000000005,-0.5078032417450796,0.5078032417450796,1.0
0.6790000000000005,-0.6790000000000005,-0.5072959457992804,0.5072959457992804,1.0
0.6800000000000005,-0.6800000000000005,-0.5067891566426377,0.5067891566426377,1.0
0.6810000000000005,-0.6810000000000005,-0.5062828737688688,0.5062828737688688,1.0
0.6820000000000005,-0.6820000000000005,-0.5057770966721967,0.5057770966721967,1.0
0.6830000000000005,-0.6830000000000005,-0.5052718248473493,0.5052718248473493,1.0
0.6840000000000005,-0.6840000000000005,-0.5047670577895598,0.5047670577895598,1.0
0.6850000000000005,-0.6850000000000005,-0.5042627949945652,0.5042627949945652,1.0
0.6860000000000005,-0.6860000000000005,-0.5037590359586066,0.5037590359586066,1.0
0.6870000000000005,-0.6870000000000005,-0.5032557801784281,0.5032557801784281,1.0
0.6880000000000005,-0.6880000000000005,-0.5027530271512768,0.5027530271512768,1.0
0.6890000000000005,-0.6890000000000005,-0.5022507763749019,0.5022507763749019,1.0
0.6900000000000005,-0.6900000000000005,-0.5017490273475543,0.5017490273475543,1.0
0.6910000000000005,-0.6910000000000005,-0.5012477795679864,0.5012477795679864,1.0
0.6920000000000005,-0.6920000000000005,-0.5007470325354509,0.5007470325354509,1.0
0.6930000000000005,-0.6930000000000005,-0.5002467857497013,0.5002467857497013,1.0
0.6940000000000005,-0.6940000000000005,-0.4997470387109903,0.4997470387109903,1.0
0.6950000000000005,-0.6950000000000005,-0.4992477909200702,0.4992477909200702,1.0
0.6960000000000005,-0.6960000000000005,-0.498749041878192,0.498749041878192,1.0
0.6970000000000005,-0.6970000000000005,-0.49825079108710496,0.49825079108710496,1.0
0.6980000000000005,-0.6980000000000005,-0.4977530380490559,0.4977530380490559,1.0
0.6990000000000005,-0.6990000000000005,-0.4972557822667891,0.4972557822667891,1.0
0.7000000000000005,-0.7000000000000005,-0.4967590232435456,0.4967590232435456,1.0
0.7010000000000005,-0.7010000000000005,-0.49626276048306256,0.49626276048306256,1.0
0.7020000000000005,-0.7020000000000005,-0.49576699348957304,0.49576699348957304,1.0
0.7030000000000005,-0.7030000000000005,-0.4952717217678052,0.4952717217678052,1.0
0.7040000000000005,-0.7040000000000005,-0.49477694482298223,0.49477694482298223,1.0
0.7050000000000005,-0.7050000000000005,-0.4942826621608214,0.4942826621608214,1.0
0.7060000000000005,-0.7060000000000005,-0.49378887328753385,0.49378887328753385,1.0
0.7070000000000005,-0.7070000000000005,-0.493295577709824,0.493295577709824,1.0
0.7080000000000005,-0.7080000000000005,-0.4928027749348891,0.4928027749348891,1.0
0.7090000000000005,-0.7090000000000005,-0.4923104644704187,0.4923104644704187,1.0
0.7100000000000005,-0.7100000000000005,-0.4918186458245941,0.4918186458245941,1.0
0.7110000000000005,-0.7110000000000005,-0.49132731850608796,0.49132731850608796,1.0
0.7120000000000005,-0.7120000000000005,-0.4908364820240639,0.4908364820240639,1.0
0.7130000000000005,-0.7130000000000005,-0.49034613588817566,0.49034613588817566,1.0
0.7140000000000005,-0.7140000000000005,-0.48985627960856715,0.48985627960856715,1.0
0.7150000000000005,-0.7150000000000005,-0.48936691269587124,0.48936691269587124,1.0
0.7160000000000005,-0.7160000000000005,-0.48887803466121,0.48887803466121,1.0
0.7170000000000005,-0.7170000000000005,-0.4883896450161938,0.4883896450161938,1.0
0.7180000000000005,-0.7180000000000005,-0.48790174327292096,0.48790174327292096,1.0
0.7190000000000005,-0.7190000000000005,-0.48741432894397696,0.48741432894397696,1.0
0.7200000000000005,-0.7200000000000005,-0.4869274015424345,0.4869274015424345,1.0
0.7210000000000005,-0.7210000000000005,-0.48644096058185265,0.48644096058185265,1.0
0.7220000000000005,-0.7220000000000005,-0.48595500557627636,0.48595500557627636,1.0
0.7230000000000005,-0.7230000000000005,-0.4854695360402361,0.4854695360402361,1.0
0.7240000000000005,-0.7240000000000005,-0.4849845514887474,0.4849845514887474,1.0
0.7250000000000005,-0.7250000000000005,-0.4845000514373101,0.4845000514373101,1.0
0.7260000000000005,-0.7260000000000005,-0.4840160354019082,0.4840160354019082,1.0
0.7270000000000005,-0.7270000000000005,-0.4835325028990092,0.4835325028990092,1.0
0.7280000000000005,-0.7280000000000005,-0.4830494534455636,0.4830494534455636,1.0
0.7290000000000005,-0.7290000000000005,-0.4825668865590046,0.4825668865590046,1.0
0.7300000000000005,-0.7300000000000005,-0.4820848017572474,0.4820848017572474,1.0
0.7310000000000005,-0.7310000000000005,-0.48160319855868866,0.48160319855868866,1.0
0.7320000000000005,-0.7320000000000005,-0.48112207648220645,0.48112207648220645,1.0
0.7330000000000005,-0.7330000000000005,-0.4806414350471593,0.4806414350471593,1.0
0.7340000000000005,-0.7340000000000005,-0.4801612737733859,0.4801612737733859,1.0
0.7350000000000005,-0.7350000000000005,-0.4796815921812047,0.4796815921812047,1.0
0.7360000000000005,-0.7360000000000005,-0.47920238979141333,0.47920238979141333,1.0
0.7370000000000005,-0.7370000000000005,-0.4787236661252881,0.4787236661252881,1.0
0.7380000000000005,-0.7380000000000005,-0.47824542070458353,0.47824542070458353,1.0
0.7390000000000005,-0.7390000000000005,-0.477767653051532,0.477767653051532,1.0
0.7400000000000005,-0.7400000000000005,-0.4772903626888431,0.4772903626888431,1.0
0.7410000000000005,-0.7410000000000005,-0.4768135491397034,0.4768135491397034,1.0
0.7420000000000005,-0.7420000000000005,-0.47633721192777567,0.47633721192777567,1.0
0.7430000000000005,-0.7430000000000005,-0.4758613505771984,0.4758613505771984,1.0
0.7440000000000005,-0.7440000000000005,-0.47538596461258587,0.47538596461258587,1.0
0.7450000000000006,-0.7450000000000006,-0.4749110535590268,0.4749110535590268,1.0
0.7460000000000006,-0.7460000000000006,-0.4744366169420847,0.4744366169420847,1.0
0.7470000000000006,-0.7470000000000006,-0.47396265428779694,0.47396265428779694,1.0
0.7480000000000006,-0.7480000000000006,-0.47348916512267425,0.47348916512267425,1.0
0.7490000000000006,-0.7490000000000006,-0.47301614897370053,0.47301614897370053,1.0
0.7500000000000006,-0.7500000000000006,-0.47254360536833223,0.47254360536833223,1.0
0.7510000000000006,-0.7510000000000006,-0.47207153383449774,0.47207153383449774,1.0
0.7520000000000006,-0.7520000000000006,-0.4715999339005971,0.4715999339005971,1.0
0.7530000000000006,-0.7530000000000006,-0.4711288050955016,0.4711288050955016,1.0
0.7540000000000006,-0.7540000000000006,-0.470658146948553,0.470658146948553,1.0
0.7550000000000006,-0.7550000000000006,-0.47018795898956345,0.47018795898956345,1.0
0.7560000000000006,-0.7560000000000006,-0.46971824074881463,0.46971824074881463,1.0
0.7570000000000006,-0.7570000000000006,-0.46924899175705753,0.46924899175705753,1.0
0.7580000000000006,-0.7580000000000006,-0.468780211545512,0.468780211545512,1.0
0.7590000000000006,-0.7590000000000006,-0.46831189964586617,0.46831189964586617,1.0
0.7600000000000006,-0.7600000000000006,-0.4678440555902759,0.4678440555902759,1.0
0.7610000000000006,-0.7610000000000006,-0.46737667891136453,0.46737667891136453,1.0
0.7620000000000006,-0.7620000000000006,-0.46690976914222226,0.46690976914222226,1.0
0.7630000000000006,-0.7630000000000006,-0.4664433258164059,0.4664433258164059,1.0
0.7640000000000006,-0.7640000000000006,-0.465977348467938,0.465977348467938,1.0
0.7650000000000006,-0.7650000000000006,-0.46551183663130663,0.46551183663130663,1.0
0.7660000000000006,-0.7660000000000006,-0.46504678984146514,0.46504678984146514,1.0
0.7670000000000006,-0.7670000000000006,-0.46458220763383135,0.46458220763383135,1.0
0.7680000000000006,-0.7680000000000006,-0.46411808954428707,0.46411808954428707,1.0
0.7690000000000006,-0.7690000000000006,-0.4636544351091779,0.4636544351091779,1.0
0.7700000000000006,-0.7700000000000006,-0.4631912438653126,0.4631912438653126,1.0
0.7710000000000006,-0.7710000000000006,-0.4627285153499626,0.4627285153499626,1.0
0.7720000000000006,-0.7720000000000006,-0.4622662491008617,0.4622662491008617,1.0
0.7730000000000006,-0.7730000000000006,-0.4618044446562055,0.4618044446562055,1.0
0.7740000000000006,-0.7740000000000006,-0.4613431015546508,0.4613431015546508,1.0
0.7750000000000006,-0.7750000000000006,-0.46088221933531553,0.46088221933531553,1.0
0.7760000000000006,-0.7760000000000006,-0.46042179753777773,0.46042179753777773,1.0
0.7770000000000006,-0.7770000000000006,-0.4599618357020757,0.4599618357020757,1.0
0.7780000000000006,-0.7780000000000006,-0.459502333368707,0.459502333368707,1.0
0.7790000000000006,-0.7790000000000006,-0.4590432900786283,0.4590432900786283,1.0
0.7800000000000006,-0.7800000000000006,-0.4585847053732551,0.4585847053732551,1.0
0.7810000000000006,-0.7810000000000006,-0.4581265787944606,0.4581265787944606,1.0
0.7820000000000006,-0.7820000000000006,-0.45766890988457604,0.45766890988457604,1.0
0.7830000000000006,-0.7830000000000006,-0.4572116981863896,0.4572116981863896,1.0
0.7840000000000006,-0.7840000000000006,-0.4567549432431465,0.4567549432431465,1.0
0.7850000000000006,-0.7850000000000006,-0.4562986445985479,0.4562986445985479,1.0
0.7860000000000006,-0.7860000000000006,-0.45584280179675124,0.45584280179675124,1.0
0.7870000000000006,-0.7870000000000006,-0.45538741438236885,0.45538741438236885,1.0
0.7880000000000006,-0.7880000000000006,-0.4549324819004684,0.4549324819004684,1.0
0.7890000000000006,-0.7890000000000006,-0.45447800389657184,0.45447800389657184,1.0
0.7900000000000006,-0.7900000000000006,-0.45402397991665516,0.45402397991665516,1.0
0.7910000000000006,-0.7910000000000006,-0.453570409507148,0.453570409507148,1.0
0.7920000000000006,-0.7920000000000006,-0.4531172922149331,0.4531172922149331,1.0
0.7930000000000006,-0.7930000000000006,-0.4526646275873457,0.4526646275873457,1.0
0.7940000000000006,-0.7940000000000006,-0.4522124151721736,0.4522124151721736,1.0
0.7950000000000006,-0.7950000000000006,-0.4517606545176559,0.4517606545176559,1.0
0.7960000000000006,-0.7960000000000006,-0.45130934517248344,0.45130934517248344,1.0
0.7970000000000006,-0.7970000000000006,-0.4508584866857977,0.4508584866857977,1.0
0.7980000000000006,-0.7980000000000006,-0.45040807860719045,0.45040807860719045,1.0
0.7990000000000006,-0.7990000000000006,-0.44995812048670375,0.44995812048670375,1.0
0.8000000000000006,-0.8000000000000006,-0.4495086118748289,0.4495086118748289,1.0
0.8010000000000006,-0.8010000000000006,-0.4490595523225064,0.4490595523225064,1.0
0.8020000000000006,-0.8020000000000006,-0.44861094138112523,0.44861094138112523,1.0
0.8030000000000006,-0.8030000000000006,-0.4481627786025227,0.4481627786025227,1.0
0.8040000000000006,-0.8040000000000006,-0.44771506353898366,0.44771506353898366,1.0
0.8050000000000006,-0.8050000000000006,-0.44726779574324044,0.44726779574324044,1.0
0.8060000000000006,-0.8060000000000006,-0.446820974768472,0.446820974768472,1.0
0.8070000000000006,-0.8070000000000006,-0.4463746001683037,0.4463746001683037,1.0
0.8080000000000006,-0.8080000000000006,-0.44592867149680687,0.44592867149680687,1.0
0.8090000000000006,-0.8090000000000006,-0.44548318830849837,0.44548318830849837,1.0
0.8100000000000006,-0.8100000000000006,-0.44503815015834003,0.44503815015834003,1.0
0.8110000000000006,-0.8110000000000006,-0.4445935566017383,0.4445935566017383,1.0
0.8120000000000006,-0.8120000000000006,-0.44414940719454377,0.44414940719454377,1.0
0.8130000000000006,-0.8130000000000006,-0.4437057014930508,0.4437057014930508,1.0
0.8140000000000006,-0.8140000000000006,-0.44326243905399676,0.44326243905399676,1.0
0.8150000000000006,-0.8150000000000006,-0.44281961943456216,0.44281961943456216,1.0
0.8160000000000006,-0.8160000000000006,-0.4423772421923698,0.4423772421923698,1.0
0.8170000000000006,-0.8170000000000006,-0.4419353068854843,0.4419353068854843,1.0
0.8180000000000006,-0.8180000000000006,-0.44149381307241187,0.44149381307241187,1.0
0.8190000000000006,-0.8190000000000006,-0.4410527603120998,0.4410527603120998,1.0
0.8200000000000006,-0.8200000000000006,-0.44061214816393585,0.44061214816393585,1.0
0.8210000000000006,-0.8210000000000006,-0.4401719761877481,0.4401719761877481,1.0
0.8220000000000006,-0.8220000000000006,-0.4397322439438043,0.4397322439438043,1.0
0.8230000000000006,-0.8230000000000006,-0.43929295099281146,0.43929295099281146,1.0
0.8240000000000006,-0.8240000000000006,-0.4388540968959156,0.4388540968959156,1.0
0.8250000000000006,-0.8250000000000006,-0.43841568121470087,0.43841568121470087,1.0
0.8260000000000006,-0.8260000000000006,-0.43797770351118964,0.43797770351118964,1.0
0.8270000000000006,-0.8270000000000006,-0.4375401633478418,0.4375401633478418,1.0
0.8280000000000006,-0.8280000000000006,-0.43710306028755425,0.43710306028755425,1.0
0.8290000000000006,-0.8290000000000006,-0.4366663938936606,0.4366663938936606,1.0
0.8300000000000006,-0.8300000000000006,-0.4362301637299307,0.4362301637299307,1.0
0.8310000000000006,-0.8310000000000006,-0.43579436936057014,0.43579436936057014,1.0
0.8320000000000006,-0.8320000000000006,-0.4353590103502199,0.4353590103502199,1.0
0.8330000000000006,-0.8330000000000006,-0.4349240862639559,0.4349240862639559,1.0
0.8340000000000006,-0.8340000000000006,-0.43448959666728865,0.43448959666728865,1.0
0.8350000000000006,-0.8350000000000006,-0.43405554112616246,0.43405554112616246,1.0
0.8360000000000006,-0.8360000000000006,-0.43362191920695553,0.43362191920695553,1.0
0.8370000000000006,-0.8370000000000006,-0.43318873047647904,0.43318873047647904,1.0
0.8380000000000006,-0.8380000000000006,-0.43275597450197706,0.43275597450197706,1.0
0.8390000000000006,-0.8390000000000006,-0.43232365085112595,0.43232365085112595,1.0
0.8400000000000006,-0.8400000000000006,-0.43189175909203387,0.43189175909203387,1.0
0.8410000000000006,-0.8410000000000006,-0.4314602987932406,0.4314602987932406,1.0
0.8420000000000006,-0.8420000000000006,-0.4310292695237169,0.4310292695237169,1.0
0.8430000000000006,-0.8430000000000006,-0.430598670852864,0.430598670852864,1.0
0.8440000000000006,-0.8440000000000006,-0.4301685023505135,0.4301685023505135,1.0
0.8450000000000006,-0.8450000000000006,-0.4297387635869266,0.4297387635869266,1.0
0.8460000000000006,-0.8460000000000006,-0.4293094541327938,0.4293094541327938,1.0
0.8470000000000006,-0.8470000000000006,-0.4288805735592346,0.4288805735592346,1.0
0.8480000000000006,-0.8480000000000006,-0.4284521214377969,0.4284521214377969,1.0
0.8490000000000006,-0.8490000000000006,-0.42802409734045643,0.42802409734045643,1.0
0.8500000000000006,-0.8500000000000006,-0.4275965008396168,0.4275965008396168,1.0
0.8510000000000006,-0.8510000000000006,-0.4271693315081087,0.4271693315081087,1.0
0.8520000000000006,-0.8520000000000006,-0.4267425889191895,0.4267425889191895,1.0
0.8530000000000006,-0.8530000000000006,-0.426316272646543,0.426316272646543,1.0
0.8540000000000006,-0.8540000000000006,-0.4258903822642787,0.4258903822642787,1.0
0.8550000000000006,-0.8550000000000006,-0.42546491734693176,0.42546491734693176,1.0
0.8560000000000006,-0.8560000000000006,-0.42503987746946226,0.42503987746946226,1.0
0.8570000000000007,-0.8570000000000007,-0.424615262207255,0.424615262207255,1.0
0.8580000000000007,-0.8580000000000007,-0.4241910711361188,0.4241910711361188,1.0
0.8590000000000007,-0.8590000000000007,-0.42376730383228656,0.42376730383228656,1.0
0.8600000000000007,-0.8600000000000007,-0.42334395987241413,0.42334395987241413,1.0
0.8610000000000007,-0.8610000000000007,-0.4229210388335805,0.4229210388335805,1.0
0.8620000000000007,-0.8620000000000007,-0.4224985402932872,0.4224985402932872,1.0
0.8630000000000007,-0.8630000000000007,-0.42207646382945774,0.42207646382945774,1.0
0.8640000000000007,-0.8640000000000007,-0.4216548090204373,0.4216548090204373,1.0
0.8650000000000007,-0.8650000000000007,-0.4212335754449923,0.4212335754449923,1.0
0.8660000000000007,-0.8660000000000007,-0.42081276268230994,0.42081276268230994,1.0
0.8670000000000007,-0.8670000000000007,-0.42039237031199794,0.42039237031199794,1.0
0.8680000000000007,-0.8680000000000007,-0.41997239791408386,0.41997239791408386,1.0
0.8690000000000007,-0.8690000000000007,-0.41955284506901486,0.41955284506901486,1.0
0.8700000000000007,-0.8700000000000007,-0.4191337113576572,0.4191337113576572,1.0
0.8710000000000007,-0.8710000000000007,-0.4187149963612959,0.4187149963612959,1.0
0.8720000000000007,-0.8720000000000007,-0.4182966996616343,0.4182966996616343,1.0
0.8730000000000007,-0.8730000000000007,-0.4178788208407935,0.4178788208407935,1.0
0.8740000000000007,-0.8740000000000007,-0.4174613594813122,0.4174613594813122,1.0
0.8750000000000007,-0.8750000000000007,-0.41704431516614604,0.41704431516614604,1.0
0.8760000000000007,-0.8760000000000007,-0.41662768747866735,0.41662768747866735,1.0
0.8770000000000007,-0.8770000000000007,-0.41621147600266467,0.41621147600266467,1.0
0.8780000000000007,-0.8780000000000007,-0.4157956803223424,0.4157956803223424,1.0
0.8790000000000007,-0.8790000000000007,-0.41538030002232007,0.41538030002232007,1.0
0.8800000000000007,-0.8800000000000007,-0.41496533468763247,0.41496533468763247,1.0
0.8810000000000007,-0.8810000000000007,-0.41455078390372874,0.41455078390372874,1.0
0.8820000000000007,-0.8820000000000007,-0.4141366472564723,0.4141366472564723,1.0
0.8830000000000007,-0.8830000000000007,-0.41372292433214014,0.41372292433214014,1.0
0.8840000000000007,-0.8840000000000007,-0.4133096147174227,0.4133096147174227,1.0
0.8850000000000007,-0.8850000000000007,-0.4128967179994233,0.4128967179994233,1.0
0.8860000000000007,-0.8860000000000007,-0.4124842337656576,0.4124842337656576,1.0
0.8870000000000007,-0.8870000000000007,-0.41207216160405363,0.41207216160405363,1.0
0.8880000000000007,-0.8880000000000007,-0.4116605011029507,0.4116605011029507,1.0
0.8890000000000007,-0.8890000000000007,-0.41124925185109956,0.41124925185109956,1.0
0.8900000000000007,-0.8900000000000007,-0.4108384134376619,0.4108384134376619,1.0
0.8910000000000007,-0.8910000000000007,-0.4104279854522097,0.4104279854522097,1.0
0.8920000000000007,-0.8920000000000007,-0.41001796748472497,0.41001796748472497,1.0
0.8930000000000007,-0.8930000000000007,-0.40960835912559934,0.40960835912559934,1.0
0.8940000000000007,-0.8940000000000007,-0.4091991599656337,0.4091991599656337,1.0
0.8950000000000007,-0.8950000000000007,-0.4087903695960377,0.4087903695960377,1.0
0.8960000000000007,-0.8960000000000007,-0.40838198760842925,0.40838198760842925,1.0
0.8970000000000007,-0.8970000000000007,-0.40797401359483443,0.40797401359483443,1.0
0.8980000000000007,-0.8980000000000007,-0.40756644714768675,0.40756644714768675,1.0
0.8990000000000007,-0.8990000000000007,-0.40715928785982697,0.40715928785982697,1.0
0.9000000000000007,-0.9000000000000007,-0.4067525353245025,0.4067525353245025,1.0
0.9010000000000007,-0.9010000000000007,-0.40634618913536713,0.40634618913536713,1.0
0.9020000000000007,-0.9020000000000007,-0.40594024888648067,0.40594024888648067,1.0
0.9030000000000007,-0.9030000000000007,-0.40553471417230835,0.40553471417230835,1.0
0.9040000000000007,-0.9040000000000007,-0.4051295845877207,0.4051295845877207,1.0
0.9050000000000007,-0.9050000000000007,-0.40472485972799266,0.40472485972799266,1.0
0.9060000000000007,-0.9060000000000007,-0.40432053918880384,0.40432053918880384,1.0
0.9070000000000007,-0.9070000000000007,-0.40391662256623756,0.40391662256623756,1.0
0.9080000000000007,-0.9080000000000007,-0.40351310945678087,0.40351310945678087,1.0
0.9090000000000007,-0.9090000000000007,-0.40310999945732356,0.40310999945732356,1.0
0.9100000000000007,-0.9100000000000007,-0.4027072921651584,0.4027072921651584,1.0
0.9110000000000007,-0.9110000000000007,-0.4023049871779804,0.4023049871779804,1.0
0.9120000000000007,-0.9120000000000007,-0.40190308409388653,0.40190308409388653,1.0
0.9130000000000007,-0.9130000000000007,-0.4015015825113752,0.4015015825113752,1.0
0.9140000000000007,-0.9140000000000007,-0.40110048202934584,0.40110048202934584,1.0
0.9150000000000007,-0.9150000000000007,-0.4006997822470988,0.4006997822470988,1.0
0.9160000000000007,-0.9160000000000007,-0.40029948276433447,0.40029948276433447,1.0
0.9170000000000007,-0.9170000000000007,-0.39989958318115326,0.39989958318115326,1.0
0.9180000000000007,-0.9180000000000007,-0.39950008309805524,0.39950008309805524,1.0
0.9190000000000007,-0.9190000000000007,-0.3991009821159393,0.3991009821159393,1.0
0.9200000000000007,-0.9200000000000007,-0.3987022798361032,0.3987022798361032,1.0
0.9210000000000007,-0.9210000000000007,-0.39830397586024296,0.39830397586024296,1.0
0.9220000000000007,-0.9220000000000007,-0.39790606979045257,0.39790606979045257,1.0
0.9230000000000007,-0.9230000000000007,-0.3975085612292233,0.3975085612292233,1.0
0.9240000000000007,-0.9240000000000007,-0.3971114497794438,0.3971114497794438,1.0
0.9250000000000007,-0.9250000000000007,-0.3967147350443994,0.3967147350443994,1.0
0.9260000000000007,-0.9260000000000007,-0.3963184166277717,0.3963184166277717,1.0
0.9270000000000007,-0.9270000000000007,-0.395922494133638,0.395922494133638,1.0
0.9280000000000007,-0.9280000000000007,-0.39552696716647157,0.39552696716647157,1.0
0.9290000000000007,-0.9290000000000007,-0.39513183533114044,0.39513183533114044,1.0
0.9300000000000007,-0.9300000000000007,-0.3947370982329075,0.3947370982329075,1.0
0.9310000000000007,-0.9310000000000007,-0.3943427554774301,0.3943427554774301,1.0
0.9320000000000007,-0.9320000000000007,-0.3939488066707593,0.3939488066707593,1.0
0.9330000000000007,-0.9330000000000007,-0.39355525141934,0.39355525141934,1.0
0.9340000000000007,-0.9340000000000007,-0.39316208933001,0.39316208933001,1.0
0.9350000000000007,-0.9350000000000007,-0.39276932001,0.39276932001,1.0
0.9360000000000007,-0.9360000000000007,-0.39237694306693305,0.39237694306693305,1.0
0.9370000000000007,-0.9370000000000007,-0.3919849581088243,0.3919849581088243,1.0
0.9380000000000007,-0.9380000000000007,-0.3915933647440802,0.3915933647440802,1.0
0.9390000000000007,-0.9390000000000007,-0.39120216258149865,0.39120216258149865,1.0
0.9400000000000007,-0.9400000000000007,-0.3908113512302684,0.3908113512302684,1.0
0.9410000000000007,-0.9410000000000007,-0.39042093029996844,0.39042093029996844,1.0
0.9420000000000007,-0.9420000000000007,-0.3900308994005679,0.3900308994005679,1.0
0.9430000000000007,-0.9430000000000007,-0.3896412581424255,0.3896412581424255,1.0
0.9440000000000007,-0.9440000000000007,-0.3892520061362892,0.3892520061362892,1.0
0.9450000000000007,-0.9450000000000007,-0.3888631429932959,0.3888631429932959,1.0
0.9460000000000007,-0.9460000000000007,-0.3884746683249709,0.3884746683249709,1.0
0.9470000000000007,-0.9470000000000007,-0.38808658174322774,0.38808658174322774,1.0
0.9480000000000007,-0.9480000000000007,-0.38769888286036736,0.38769888286036736,1.0
0.9490000000000007,-0.9490000000000007,-0.3873115712890783,0.3873115712890783,1.0
0.9500000000000007,-0.9500000000000007,-0.38692464664243587,0.38692464664243587,1.0
0.9510000000000007,-0.9510000000000007,-0.3865381085339019,0.3865381085339019,1.0
0.9520000000000007,-0.9520000000000007,-0.3861519565773246,0.3861519565773246,1.0
0.9530000000000007,-0.9530000000000007,-0.38576619038693766,0.38576619038693766,1.0
0.9540000000000007,-0.9540000000000007,-0.38538080957736026,0.38538080957736026,1.0
0.9550000000000007,-0.9550000000000007,-0.38499581376359665,0.38499581376359665,1.0
0.9560000000000007,-0.9560000000000007,-0.38461120256103565,0.38461120256103565,1.0
0.9570000000000007,-0.9570000000000007,-0.3842269755854502,0.3842269755854502,1.0
0.9580000000000007,-0.9580000000000007,-0.3838431324529972,0.3838431324529972,1.0
0.9590000000000007,-0.9590000000000007,-0.383459672780217,0.383459672780217,1.0
0.9600000000000007,-0.9600000000000007,-0.38307659618403295,0.38307659618403295,1.0
0.9610000000000007,-0.9610000000000007,-0.3826939022817512,0.3826939022817512,1.0
0.9620000000000007,-0.9620000000000007,-0.38231159069106013,0.38231159069106013,1.0
0.9630000000000007,-0.9630000000000007,-0.38192966103003007,0.38192966103003007,1.0
0.9640000000000007,-0.9640000000000007,-0.38154811291711294,0.38154811291711294,1.0
0.9650000000000007,-0.9650000000000007,-0.3811669459711418,0.3811669459711418,1.0
0.9660000000000007,-0.9660000000000007,-0.38078615981133046,0.38078615981133046,1.0
0.9670000000000007,-0.9670000000000007,-0.38040575405727317,0.38040575405727317,1.0
0.9680000000000007,-0.9680000000000007,-0.3800257283289442,0.3800257283289442,1.0
0.9690000000000007,-0.9690000000000007,-0.3796460822466975,0.3796460822466975,1.0
0.9700000000000008,-0.9700000000000008,-0.3792668154312662,0.3792668154312662,1.0
0.9710000000000008,-0.9710000000000008,-0.37888792750376243,0.37888792750376243,1.0
0.9720000000000008,-0.9720000000000008,-0.3785094180856768,0.3785094180856768,1.0
0.9730000000000008,-0.9730000000000008,-0.37813128679887786,0.37813128679887786,1.0
0.9740000000000008,-0.9740000000000008,-0.3777535332656123,0.3777535332656123,1.0
0.9750000000000008,-0.9750000000000008,-0.37737615710850375,0.37737615710850375,1.0
0.9760000000000008,-0.9760000000000008,-0.3769991579505532,0.3769991579505532,1.0
0.9770000000000008,-0.9770000000000008,-0.37662253541513807,0.37662253541513807,1.0
0.9780000000000008,-0.9780000000000008,-0.37624628912601205,0.37624628912601205,1.0
0.9790000000000008,-0.9790000000000008,-0.37587041870730475,0.37587041870730475,1.0
0.9800000000000008,-0.9800000000000008,-0.3754949237835212,0.3754949237835212,1.0
0.9810000000000008,-0.9810000000000008,-0.3751198039795416,0.3751198039795416,1.0
0.9820000000000008,-0.9820000000000008,-0.374745058920621,0.374745058920621,1.0
0.9830000000000008,-0.9830000000000008,-0.3743706882323886,0.3743706882323886,1.0
0.9840000000000008,-0.9840000000000008,-0.3739966915408478,0.3739966915408478,1.0
0.9850000000000008,-0.9850000000000008,-0.37362306847237536,0.37362306847237536,1.0
0.9860000000000008,-0.9860000000000008,-0.37324981865372164,0.37324981865372164,1.0
0.9870000000000008,-0.9870000000000008,-0.37287694171200964,0.37287694171200964,1.0
0.9880000000000008,-0.9880000000000008,-0.37250443727473487,0.37250443727473487,1.0
0.9890000000000008,-0.9890000000000008,-0.37213230496976507,0.37213230496976507,1.0
0.9900000000000008,-0.9900000000000008,-0.37176054442533973,0.37176054442533973,1.0
0.9910000000000008,-0.9910000000000008,-0.37138915527006966,0.37138915527006966,1.0
0.9920000000000008,-0.9920000000000008,-0.37101813713293674,0.37101813713293674,1.0
0.9930000000000008,-0.9930000000000008,-0.37064748964329347,0.37064748964329347,1.0
0.9940000000000008,-0.9940000000000008,-0.37027721243086265,0.37027721243086265,1.0
0.9950000000000008,-0.9950000000000008,-0.3699073051257369,0.3699073051257369,1.0
0.9960000000000008,-0.9960000000000008,-0.3695377673583785,0.3695377673583785,1.0
0.9970000000000008,-0.9970000000000008,-0.3691685987596189,0.3691685987596189,1.0
0.9980000000000008,-0.9980000000000008,-0.36879979896065823,0.36879979896065823,1.0
0.9990000000000008,-0.9990000000000008,-0.36843136759306516,0.36843136759306516,1.0
1.0000000000000007,-1.0000000000000007,-0.3680633042887765,0.3680633042887765,1.0
1.0010000000000006,-1.0010000000000006,-0.3676956086800964,0.3676956086800964,1.0
1.0020000000000004,-1.0020000000000004,-0.3673282803996967,0.3673282803996967,1.0
1.0030000000000003,-1.0030000000000003,-0.36696131908061613,0.36696131908061613,1.0
1.0040000000000002,-1.0040000000000002,-0.36659472435625984,0.36659472435625984,1.0
1.0050000000000001,-1.0050000000000001,-0.36622849586039946,0.36622849586039946,1.0
1.006,-1.006,-0.3658626332271723,0.3658626332271723,1.0
1.007,-1.007,-0.36549713609108114,0.36549713609108114,1.0
1.0079999999999998,-1.0079999999999998,-0.36513200408699414,0.36513200408699414,1.0
1.0089999999999997,-1.0089999999999997,-0.36476723685014406,0.36476723685014406,1.0
1.0099999999999996,-1.0099999999999996,-0.3644028340161279,0.3644028340161279,1.0
1.0109999999999995,-1.0109999999999995,-0.364038795220907,0.364038795220907,1.0
1.0119999999999993,-1.0119999999999993,-0.36367512010080616,0.36367512010080616,1.0
1.0129999999999992,-1.0129999999999992,-0.36331180829251364,0.36331180829251364,1.0
1.0139999999999991,-1.0139999999999991,-0.36294885943308053,0.36294885943308053,1.0
1.014999999999999,-1.014999999999999,-0.3625862731599206,0.3625862731599206,1.0
1.015999999999999,-1.015999999999999,-0.36222404911080974,0.36222404911080974,1.0
1.0169999999999988,-1.0169999999999988,-0.3618621869238859,0.3618621869238859,1.0
1.0179999999999987,-1.0179999999999987,-0.36150068623764825,0.36150068623764825,1.0
1.0189999999999986,-1.0189999999999986,-0.3611395466909573,0.3611395466909573,1.0
1.0199999999999985,-1.0199999999999985,-0.3607787679230343,0.3607787679230343,1.0
1.0209999999999984,-1.0209999999999984,-0.3604183495734609,0.3604183495734609,1.0
1.0219999999999982,-1.0219999999999982,-0.3600582912821787,0.3600582912821787,1.0
1.0229999999999981,-1.0229999999999981,-0.3596985926894892,0.3596985926894892,1.0
1.023999999999998,-1.023999999999998,-0.35933925343605316,0.35933925343605316,1.0
1.024999999999998,-1.024999999999998,-0.3589802731628903,0.3589802731628903,1.0
1.0259999999999978,-1.0259999999999978,-0.35862165151137887,0.35862165151137887,1.0
1.0269999999999977,-1.0269999999999977,-0.3582633881232556,0.3582633881232556,1.0
1.0279999999999976,-1.0279999999999976,-0.35790548264061495,0.35790548264061495,1.0
1.0289999999999975,-1.0289999999999975,-0.35754793470590907,0.35754793470590907,1.0
1.0299999999999974,-1.0299999999999974,-0.3571907439619471,0.3571907439619471,1.0
1.0309999999999973,-1.0309999999999973,-0.3568339100518952,0.3568339100518952,1.0
1.0319999999999971,-1.0319999999999971,-0.3564774326192759,0.3564774326192759,1.0
1.032999999999997,-1.032999999999997,-0.35612131130796787,0.35612131130796787,1.0
1.033999999999997,-1.033999999999997,-0.35576554576220565,0.35576554576220565,1.0
1.0349999999999968,-1.0349999999999968,-0.3554101356265791,0.3554101356265791,1.0
1.0359999999999967,-1.0359999999999967,-0.3550550805460331,0.3550550805460331,1.0
1.0369999999999966,-1.0369999999999966,-0.3547003801658672,0.3547003801658672,1.0
1.0379999999999965,-1.0379999999999965,-0.3543460341317355,0.3543460341317355,1.0
1.0389999999999964,-1.0389999999999964,-0.3539920420896458,0.3539920420896458,1.0
1.0399999999999963,-1.0399999999999963,-0.3536384036859599,0.3536384036859599,1.0
1.0409999999999962,-1.0409999999999962,-0.3532851185673925,0.3532851185673925,1.0
1.041999999999996,-1.041999999999996,-0.3529321863810114,0.3529321863810114,1.0
1.042999999999996,-1.042999999999996,-0.35257960677423716,0.35257960677423716,1.0
1.0439999999999958,-1.0439999999999958,-0.35222737939484233,0.35222737939484233,1.0
1.0449999999999957,-1.0449999999999957,-0.3518755038909514,0.3518755038909514,1.0
1.0459999999999956,-1.0459999999999956,-0.35152397991104034,0.35152397991104034,1.0
1.0469999999999955,-1.0469999999999955,-0.35117280710393645,0.35117280710393645,1.0
1.0479999999999954,-1.0479999999999954,-0.3508219851188176,0.3508219851188176,1.0
1.0489999999999953,-1.0489999999999953,-0.35047151360521245,0.35047151360521245,1.0
1.0499999999999952,-1.0499999999999952,-0.3501213922129995,0.3501213922129995,1.0
1.050999999999995,-1.050999999999995,-0.3497716205924071,0.3497716205924071,1.0
1.051999999999995,-1.051999999999995,-0.349422198394013,0.349422198394013,1.0
1.0529999999999948,-1.0529999999999948,-0.34907312526874423,0.34907312526874423,1.0
1.0539999999999947,-1.0539999999999947,-0.34872440086787637,0.34872440086787637,1.0
1.0549999999999946,-1.0549999999999946,-0.34837602484303337,0.34837602484303337,1.0
1.0559999999999945,-1.0559999999999945,-0.3480279968461872,0.3480279968461872,1.0
1.0569999999999944,-1.0569999999999944,-0.34768031652965753,0.34768031652965753,1.0
1.0579999999999943,-1.0579999999999943,-0.3473329835461114,0.3473329835461114,1.0
1.0589999999999942,-1.0589999999999942,-0.3469859975485628,0.3469859975485628,1.0
1.059999999999994,-1.059999999999994,-0.34663935819037245,0.34663935819037245,1.0
1.060999999999994,-1.060999999999994,-0.3462930651252472,0.3462930651252472,1.0
1.0619999999999938,-1.0619999999999938,-0.34594711800724,0.34594711800724,1.0
1.0629999999999937,-1.0629999999999937,-0.34560151649074927,0.34560151649074927,1.0
1.0639999999999936,-1.0639999999999936,-0.34525626023051875,0.34525626023051875,1.0
1.0649999999999935,-1.0649999999999935,-0.34491134888163716,0.34491134888163716,1.0
1.0659999999999934,-1.0659999999999934,-0.3445667820995376,0.3445667820995376,1.0
1.0669999999999933,-1.0669999999999933,-0.3442225595399976,0.3442225595399976,1.0
1.0679999999999932,-1.0679999999999932,-0.3438786808591385,0.3438786808591385,1.0
1.068999999999993,-1.068999999999993,-0.343535145713425,0.343535145713425,1.0
1.069999999999993,-1.069999999999993,-0.3431919537596654,0.3431919537596654,1.0
1.0709999999999928,-1.0709999999999928,-0.3428491046550104,0.3428491046550104,1.0
1.0719999999999927,-1.0719999999999927,-0.3425065980569534,0.3425065980569534,1.0
1.0729999999999926,-1.0729999999999926,-0.34216443362333004,0.34216443362333004,1.0
1.0739999999999925,-1.0739999999999925,-0.3418226110123177,0.3418226110123177,1.0
1.0749999999999924,-1.0749999999999924,-0.3414811298824353,0.3414811298824353,1.0
1.0759999999999923,-1.0759999999999923,-0.3411399898925428,0.3411399898925428,1.0
1.0769999999999922,-1.0769999999999922,-0.340799190701841,0.340799190701841,1.0
1.077999999999992,-1.077999999999992,-0.3404587319698711,0.3404587319698711,1.0
1.078999999999992,-1.078999999999992,-0.34011861335651455,0.34011861335651455,1.0
1.0799999999999919,-1.0799999999999919,-0.33977883452199253,0.33977883452199253,1.0
1.0809999999999917,-1.0809999999999917,-0.3394393951268657,0.3394393951268657,1.0
1.0819999999999916,-1.0819999999999916,-0.3391002948320337,0.3391002948320337,1.0
1.0829999999999915,-1.0829999999999915,-0.338761533298735,0.338761533298735,1.0
1.0839999999999914,-1.0839999999999914,-0.3384231101885464,0.3384231101885464,1.0
1.0849999999999913,-1.0849999999999913,-0.33808502516338307,0.33808502516338307,1.0
1.0859999999999912,-1.0859999999999912,-0.3377472778854976,0.3377472778854976,1.0
1.086999999999991,-1.086999999999991,-0.3374098680174801,0.3374098680174801,1.0
1.087999999999991,-1.087999999999991,-0.33707279522225786,0.33707279522225786,1.0
1.0889999999999909,-1.0889999999999909,-0.33673605916309474,0.33673605916309474,1.0
1.0899999999999908,-1.0899999999999908,-0.3363996595035912,0.3363996595035912,1.0
1.0909999999999906,-1.0909999999999906,-0.3360635959076835,0.3360635959076835,1.0
1.0919999999999905,-1.0919999999999905,-0.3357278680396439,0.3357278680396439,1.0
1.0929999999999904,-1.0929999999999904,-0.3353924755640798,0.3353924755640798,1.0
1.0939999999999903,-1.0939999999999903,-0.33505741814593387,0.33505741814593387,1.0
1.0949999999999902,-1.0949999999999902,-0.3347226954504834,0.3347226954504834,1.0
1.09599999999999,-1.09599999999999,-0.33438830714334006,0.33438830714334006,1.0
1.09699999999999,-1.09699999999999,-0.3340542528904496,0.3340542528904496,1.0
1.0979999999999899,-1.0979999999999899,-0.33372053235809157,0.33372053235809157,1.0
1.0989999999999898,-1.0989999999999898,-0.33338714521287865,0.33338714521287865,1.0
1.0999999999999897,-1.0999999999999897,-0.33305409112175693,0.33305409112175693,1.0
1.1009999999999895,-1.1009999999999895,-0.3327213697520049,0.3327213697520049,1.0
1.1019999999999894,-1.1019999999999894,-0.3323889807712337,0.3323889807712337,1.0
1.1029999999999893,-1.1029999999999893,-0.3320569238473863,0.3320569238473863,1.0
1.1039999999999892,-1.1039999999999892,-0.3317251986487375,0.3317251986487375,1.0
1.104999999999989,-1.104999999999989,-0.3313938048438936,0.3313938048438936,1.0
1.105999999999989,-1.105999999999989,-0.3310627421017918,0.3310627421017918,1.0
1.1069999999999889,-1.1069999999999889,-0.33073201009170017,0.33073201009170017,1.0
1.1079999999999888,-1.1079999999999888,-0.33040160848321687,0.33040160848321687,1.0
1.1089999999999887,-1.1089999999999887,-0.3300715369462706,0.3300715369462706,1.0
1.1099999999999886,-1.1099999999999886,-0.3297417951511195,0.3297417951511195,1.0
1.1109999999999884,-1.1109999999999884,-0.32941238276835116,0.32941238276835116,1.0
1.1119999999999883,-1.1119999999999883,-0.32908329946888226,0.32908329946888226,1.0
1.1129999999999882,-1.1129999999999882,-0.32875454492395834,0.32875454492395834,1.0
1.113999999999988,-1.113999999999988,-0.3284261188051532,0.3284261188051532,1.0
1.114999999999988,-1.114999999999988,-0.32809802078436884,0.32809802078436884,1.0
1.115999999999988,-1.115999999999988,-0.327770250533835,0.327770250533835,1.0
1.1169999999999878,-1.1169999999999878,-0.32744280772610895,0.32744280772610895,1.0
1.1179999999999877,-1.1179999999999877,-0.3271156920340748,0.3271156920340748,1.0
1.1189999999999876,-1.1189999999999876,-0.3267889031309439,0.3267889031309439,1.0
1.1199999999999875,-1.1199999999999875,-0.32646244069025365,0.32646244069025365,1.0
1.1209999999999873,-1.1209999999999873,-0.3261363043858677,0.3261363043858677,1.0
1.1219999999999872,-1.1219999999999872,-0.32581049389197575,0.32581049389197575,1.0
1.1229999999999871,-1.1229999999999871,-0.3254850088830926,0.3254850088830926,1.0
1.123999999999987,-1.123999999999987,-0.32515984903405853,0.32515984903405853,1.0
1.124999999999987,-1.124999999999987,-0.32483501402003856,0.32483501402003856,1.0
1.1259999999999868,-1.1259999999999868,-0.324510503516522,0.324510503516522,1.0
1.1269999999999867,-1.1269999999999867,-0.3241863171993226,0.3241863171993226,1.0
1.1279999999999866,-1.1279999999999866,-0.3238624547445781,0.3238624547445781,1.0
1.1289999999999865,-1.1289999999999865,-0.3235389158287494,0.3235389158287494,1.0
1.1299999999999863,-1.1299999999999863,-0.3232157001286207,0.3232157001286207,1.0
1.1309999999999862,-1.1309999999999862,-0.3228928073212994,0.3228928073212994,1.0
1.1319999999999861,-1.1319999999999861,-0.3225702370842152,0.3225702370842152,1.0
1.132999999999986,-1.132999999999986,-0.32224798909512004,0.32224798909512004,1.0
1.133999999999986,-1.133999999999986,-0.321926063032088,0.321926063032088,1.0
1.1349999999999858,-1.1349999999999858,-0.32160445857351444,0.32160445857351444,1.0
1.1359999999999857,-1.1359999999999857,-0.32128317539811635,0.32128317539811635,1.0
1.1369999999999856,-1.1369999999999856,-0.32096221318493146,0.32096221318493146,1.0
1.1379999999999855,-1.1379999999999855,-0.32064157161331813,0.32064157161331813,1.0
1.1389999999999854,-1.1389999999999854,-0.3203212503629552,0.3203212503629552,1.0
1.1399999999999852,-1.1399999999999852,-0.3200012491138413,0.3200012491138413,1.0
1.1409999999999851,-1.1409999999999851,-0.319681567546295,0.319681567546295,1.0
1.141999999999985,-1.141999999999985,-0.3193622053409541,0.3193622053409541,1.0
1.142999999999985,-1.142999999999985,-0.3190431621787753,0.3190431621787753,1.0
1.1439999999999848,-1.1439999999999848,-0.31872443774103426,0.31872443774103426,1.0
1.1449999999999847,-1.1449999999999847,-0.31840603170932497,0.31840603170932497,1.0
1.1459999999999846,-1.1459999999999846,-0.31808794376555943,0.31808794376555943,1.0
1.1469999999999845,-1.1469999999999845,-0.31777017359196746,0.31777017359196746,1.0
1.1479999999999844,-1.1479999999999844,-0.3174527208710964,0.3174527208710964,1.0
1.1489999999999843,-1.1489999999999843,-0.3171355852858106,0.3171355852858106,1.0
1.1499999999999841,-1.1499999999999841,-0.3168187665192913,0.3168187665192913,1.0
1.150999999999984,-1.150999999999984,-0.3165022642550363,0.3165022642550363,1.0
1.151999999999984,-1.151999999999984,-0.31618607817685945,0.31618607817685945,1.0
1.1529999999999838,-1.1529999999999838,-0.31587020796889054,0.31587020796889054,1.0
1.1539999999999837,-1.1539999999999837,-0.31555465331557503,0.31555465331557503,1.0
1.1549999999999836,-1.1549999999999836,-0.3152394139016733,0.3152394139016733,1.0
1.1559999999999835,-1.1559999999999835,-0.314924489412261,0.314924489412261,1.0
1.1569999999999834,-1.1569999999999834,-0.31460987953272823,0.31460987953272823,1.0
1.1579999999999833,-1.1579999999999833,-0.31429558394877943,0.31429558394877943,1.0
1.1589999999999832,-1.1589999999999832,-0.313981602346433,0.313981602346433,1.0
1.159999999999983,-1.159999999999983,-0.313667934412021,0.313667934412021,1.0
1.160999999999983,-1.160999999999983,-0.31335457983218884,0.31335457983218884,1.0
1.1619999999999828,-1.1619999999999828,-0.3130415382938949,0.3130415382938949,1.0
1.1629999999999827,-1.1629999999999827,-0.31272880948441056,0.31272880948441056,1.0
1.1639999999999826,-1.1639999999999826,-0.31241639309131924,0.31241639309131924,1.0
1.1649999999999825,-1.1649999999999825,-0.3121042888025167,0.3121042888025167,1.0
1.1659999999999824,-1.1659999999999824,-0.31179249630621053,0.31179249630621053,1.0
1.1669999999999823,-1.1669999999999823,-0.31148101529091954,0.31148101529091954,1.0
1.1679999999999822,-1.1679999999999822,-0.31116984544547405,0.31116984544547405,1.0
1.168999999999982,-1.168999999999982,-0.310858986459015,0.310858986459015,1.0
1.169999999999982,-1.169999999999982,-0.310548438020994,0.310548438020994,1.0
1.1709999999999818,-1.1709999999999818,-0.31023819982117284,0.31023819982117284,1.0
1.1719999999999817,-1.1719999999999817,-0.30992827154962327,0.30992827154962327,1.0
1.1729999999999816,-1.1729999999999816,-0.3096186528967265,0.3096186528967265,1.0
1.1739999999999815,-1.1739999999999815,-0.30930934355317335,0.30930934355317335,1.0
1.1749999999999814,-1.1749999999999814,-0.3090003432099634,0.3090003432099634,1.0
1.1759999999999813,-1.1759999999999813,-0.30869165155840506,0.30869165155840506,1.0
1.1769999999999812,-1.1769999999999812,-0.3083832682901149,0.3083832682901149,1.0
1.177999999999981,-1.177999999999981,-0.3080751930970179,0.3080751930970179,1.0
1.178999999999981,-1.178999999999981,-0.3077674256713466,0.3077674256713466,1.0
1.1799999999999808,-1.1799999999999808,-0.3074599657056409,0.3074599657056409,1.0
1.1809999999999807,-1.1809999999999807,-0.30715281289274815,0.30715281289274815,1.0
1.1819999999999806,-1.1819999999999806,-0.30684596692582233,0.30684596692582233,1.0
1.1829999999999805,-1.1829999999999805,-0.306539427498324,0.306539427498324,1.0
1.1839999999999804,-1.1839999999999804,-0.30623319430402,0.30623319430402,1.0
1.1849999999999803,-1.1849999999999803,-0.30592726703698303,0.30592726703698303,1.0
1.1859999999999802,-1.1859999999999802,-0.3056216453915914,0.3056216453915914,1.0
1.18699999999998,-1.18699999999998,-0.3053163290625289,0.3053163290625289,1.0
1.18799999999998,-1.18799999999998,-0.3050113177447841,0.3050113177447841,1.0
1.1889999999999799,-1.1889999999999799,-0.30470661113365044,0.30470661113365044,1.0
1.1899999999999797,-1.1899999999999797,-0.3044022089247257,0.3044022089247257,1.0
1.1909999999999796,-1.1909999999999796,-0.3040981108139118,0.3040981108139118,1.0
1.1919999999999795,-1.1919999999999795,-0.3037943164974144,0.3037943164974144,1.0
1.1929999999999794,-1.1929999999999794,-0.3034908256717426,0.3034908256717426,1.0
1.1939999999999793,-1.1939999999999793,-0.30318763803370896,0.30318763803370896,1.0
1.1949999999999792,-1.1949999999999792,-0.3028847532804286,0.3028847532804286,1.0
1.195999999999979,-1.195999999999979,-0.3025821711093192,0.3025821711093192,1.0
1.196999999999979,-1.196999999999979,-0.30227989121810106,0.30227989121810106,1.0
1.1979999999999789,-1.1979999999999789,-0.30197791330479623,0.30197791330479623,1.0
1.1989999999999787,-1.1989999999999787,-0.30167623706772856,0.30167623706772856,1.0
1.1999999999999786,-1.1999999999999786,-0.30137486220552295,0.30137486220552295,1.0
1.2009999999999785,-1.2009999999999785,-0.30107378841710586,0.30107378841710586,1.0
1.2019999999999784,-1.2019999999999784,-0.3007730154017042,0.3007730154017042,1.0
1.2029999999999783,-1.2029999999999783,-0.30047254285884534,0.30047254285884534,1.0
1.2039999999999782,-1.2039999999999782,-0.300172370488357,0.300172370488357,1.0
1.204999999999978,-1.204999999999978,-0.29987249799036664,0.29987249799036664,1.0
1.205999999999978,-1.205999999999978,-0.2995729250653013,0.2995729250653013,1.0
1.2069999999999779,-1.2069999999999779,-0.2992736514138874,0.2992736514138874,1.0
1.2079999999999778,-1.2079999999999778,-0.2989746767371503,0.2989746767371503,1.0
1.2089999999999776,-1.2089999999999776,-0.29867600073641387,0.29867600073641387,1.0
1.2099999999999775,-1.2099999999999775,-0.29837762311330057,0.29837762311330057,1.0
1.2109999999999774,-1.2109999999999774,-0.2980795435697308,0.2980795435697308,1.0
1.2119999999999773,-1.2119999999999773,-0.29778176180792293,0.29778176180792293,1.0
1.2129999999999772,-1.2129999999999772,-0.2974842775303925,0.2974842775303925,1.0
1.213999999999977,-1.213999999999977,-0.29718709043995256,0.29718709043995256,1.0
1.214999999999977,-1.214999999999977,-0.29689020023971285,0.29689020023971285,1.0
1.2159999999999769,-1.2159999999999769,-0.29659360663307976,0.29659360663307976,1.0
1.2169999999999768,-1.2169999999999768,-0.29629730932375603,0.29629730932375603,1.0
1.2179999999999767,-1.2179999999999767,-0.29600130801574026,0.29600130801574026,1.0
1.2189999999999765,-1.2189999999999765,-0.29570560241332694,0.29570560241332694,1.0
1.2199999999999764,-1.2199999999999764,-0.29541019222110587,0.29541019222110587,1.0
1.2209999999999763,-1.2209999999999763,-0.2951150771439619,0.2951150771439619,1.0
1.2219999999999762,-1.2219999999999762,-0.2948202568870748,0.2948202568870748,1.0
1.222999999999976,-1.222999999999976,-0.2945257311559189,0.2945257311559189,1.0
1.223999999999976,-1.223999999999976,-0.2942314996562626,0.2942314996562626,1.0
1.2249999999999759,-1.2249999999999759,-0.29393756209416844,0.29393756209416844,1.0
1.2259999999999758,-1.2259999999999758,-0.29364391817599245,0.29364391817599245,1.0
1.2269999999999757,-1.2269999999999757,-0.293350567608384,0.293350567608384,1.0
1.2279999999999756,-1.2279999999999756,-0.2930575100982858,0.2930575100982858,1.0
1.2289999999999754,-1.2289999999999754,-0.2927647453529328,0.2927647453529328,1.0
1.2299999999999753,-1.2299999999999753,-0.29247227307985296,0.29247227307985296,1.0
1.2309999999999752,-1.2309999999999752,-0.2921800929868661,0.2921800929868661,1.0
1.2319999999999751,-1.2319999999999751,-0.291888204782084,0.291888204782084,1.0
1.232999999999975,-1.232999999999975,-0.29159660817391003,0.29159660817391003,1.0
1.233999999999975,-1.233999999999975,-0.291305302871039,0.291305302871039,1.0
1.2349999999999748,-1.2349999999999748,-0.29101428858245654,0.29101428858245654,1.0
1.2359999999999747,-1.2359999999999747,-0.29072356501743907,0.29072356501743907,1.0
1.2369999999999746,-1.2369999999999746,-0.2904331318855535,0.2904331318855535,1.0
1.2379999999999745,-1.2379999999999745,-0.29014298889665685,0.29014298889665685,1.0
1.2389999999999743,-1.2389999999999743,-0.28985313576089594,0.28985313576089594,1.0
1.2399999999999742,-1.2399999999999742,-0.28956357218870726,0.28956357218870726,1.0
1.2409999999999741,-1.2409999999999741,-0.28927429789081643,0.28927429789081643,1.0
1.241999999999974,-1.241999999999974,-0.28898531257823823,0.28898531257823823,1.0
1.242999999999974,-1.242999999999974,-0.28869661596227597,0.28869661596227597,1.0
1.2439999999999738,-1.2439999999999738,-0.2884082077545214,0.2884082077545214,1.0
1.2449999999999737,-1.2449999999999737,-0.2881200876668546,0.2881200876668546,1.0
1.2459999999999736,-1.2459999999999736,-0.28783225541144314,0.28783225541144314,1.0
1.2469999999999735,-1.2469999999999735,-0.28754471070074245,0.28754471070074245,1.0
1.2479999999999734,-1.2479999999999734,-0.28725745324749496,0.28725745324749496,1.0
1.2489999999999732,-1.2489999999999732,-0.2869704827647302,0.2869704827647302,1.0
1.2499999999999731,-1.2499999999999731,-0.2866837989657644,0.2866837989657644,1.0
1.250999999999973,-1.250999999999973,-0.28639740156420024,0.28639740156420024,1.0
1.251999999999973,-1.251999999999973,-0.28611129027392634,0.28611129027392634,1.0
1.2529999999999728,-1.2529999999999728,-0.2858254648091172,0.2858254648091172,1.0
1.2539999999999727,-1.2539999999999727,-0.2855399248842329,0.2855399248842329,1.0
1.2549999999999726,-1.2549999999999726,-0.2852546702140189,0.2852546702140189,1.0
1.2559999999999725,-1.2559999999999725,-0.2849697005135054,0.2849697005135054,1.0
1.2569999999999724,-1.2569999999999724,-0.2846850154980074,0.2846850154980074,1.0
1.2579999999999723,-1.2579999999999723,-0.2844006148831243,0.2844006148831243,1.0
1.2589999999999721,-1.2589999999999721,-0.2841164983847396,0.2841164983847396,1.0
1.259999999999972,-1.259999999999972,-0.28383266571902055,0.28383266571902055,1.0
1.260999999999972,-1.260999999999972,-0.28354911660241816,0.28354911660241816,1.0
1.2619999999999718,-1.2619999999999718,-0.2832658507516665,0.2832658507516665,1.0
1.2629999999999717,-1.2629999999999717,-0.28298286788378274,0.28298286788378274,1.0
1.2639999999999716,-1.2639999999999716,-0.2827001677160667,0.2827001677160667,1.0
1.2649999999999715,-1.2649999999999715,-0.2824177499661006,0.2824177499661006,1.0
1.2659999999999714,-1.2659999999999714,-0.28213561435174883,0.28213561435174883,1.0
1.2669999999999713,-1.2669999999999713,-0.28185376059115763,0.28185376059115763,1.0
1.2679999999999712,-1.2679999999999712,-0.2815721884027549,0.2815721884027549,1.0
1.268999999999971,-1.268999999999971,-0.2812908975052496,0.2812908975052496,1.0
1.269999999999971,-1.269999999999971,-0.28100988761763196,0.28100988761763196,1.0
1.2709999999999708,-1.2709999999999708,-0.2807291584591728,0.2807291584591728,1.0
1.2719999999999707,-1.2719999999999707,-0.2804487097494234,0.2804487097494234,1.0
1.2729999999999706,-1.2729999999999706,-0.2801685412082152,0.2801685412082152,1.0
1.2739999999999705,-1.2739999999999705,-0.27988865255565953,0.27988865255565953,1.0
1.2749999999999704,-1.2749999999999704,-0.2796090435121474,0.2796090435121474,1.0
1.2759999999999703,-1.2759999999999703,-0.2793297137983491,0.2793297137983491,1.0
1.2769999999999702,-1.2769999999999702,-0.27905066313521387,0.27905066313521387,1.0
1.27799999999997,-1.27799999999997,-0.2787718912439699,0.2787718912439699,1.0
1.27899999999997,-1.27899999999997,-0.27849339784612376,0.27849339784612376,1.0
1.2799999999999698,-1.2799999999999698,-0.2782151826634603,0.2782151826634603,1.0
1.2809999999999697,-1.2809999999999697,-0.2779372454180422,0.2779372454180422,1.0
1.2819999999999696,-1.2819999999999696,-0.27765958583221,0.27765958583221,1.0
1.2829999999999695,-1.2829999999999695,-0.2773822036285814,0.2773822036285814,1.0
1.2839999999999694,-1.2839999999999694,-0.2771050985300514,0.2771050985300514,1.0
1.2849999999999693,-1.2849999999999693,-0.27682827025979156,0.27682827025979156,1.0
1.2859999999999692,-1.2859999999999692,-0.27655171854125027,0.27655171854125027,1.0
1.286999999999969,-1.286999999999969,-0.2762754430981521,0.2762754430981521,1.0
1.287999999999969,-1.287999999999969,-0.2759994436544976,0.2759994436544976,1.0
1.2889999999999688,-1.2889999999999688,-0.275723719934563,0.275723719934563,1.0
1.2899999999999687,-1.2899999999999687,-0.2754482716629001,0.2754482716629001,1.0
1.2909999999999686,-1.2909999999999686,-0.27517309856433575,0.27517309856433575,1.0
1.2919999999999685,-1.2919999999999685,-0.2748982003639718,0.2748982003639718,1.0
1.2929999999999684,-1.2929999999999684,-0.27462357678718463,0.27462357678718463,1.0
1.2939999999999683,-1.2939999999999683,-0.274349227559625,0.274349227559625,1.0
1.2949999999999682,-1.2949999999999682,-0.2740751524072178,0.2740751524072178,1.0
1.295999999999968,-1.295999999999968,-0.27380135105616166,0.27380135105616166,1.0
1.296999999999968,-1.296999999999968,-0.2735278232329287,0.2735278232329287,1.0
1.2979999999999678,-1.2979999999999678,-0.27325456866426445,0.27325456866426445,1.0
1.2989999999999677,-1.2989999999999677,-0.2729815870771872,0.2729815870771872,1.0
1.2999999999999676,-1.2999999999999676,-0.27270887819898826,0.27270887819898826,1.0
1.3009999999999675,-1.3009999999999675,-0.27243644175723103,0.27243644175723103,1.0
1.3019999999999674,-1.3019999999999674,-0.2721642774797513,0.2721642774797513,1.0
1.3029999999999673,-1.3029999999999673,-0.2718923850946567,0.2718923850946567,1.0
1.3039999999999672,-1.3039999999999672,-0.27162076433032634,0.27162076433032634,1.0
1.304999999999967,-1.304999999999967,-0.27134941491541087,0.27134941491541087,1.0
1.305999999999967,-1.305999999999967,-0.27107833657883207,0.27107833657883207,1.0
1.3069999999999669,-1.3069999999999669,-0.2708075290497823,0.2708075290497823,1.0
1.3079999999999667,-1.3079999999999667,-0.2705369920577246,0.2705369920577246,1.0
1.3089999999999666,-1.3089999999999666,-0.27026672533239215,0.27026672533239215,1.0
1.3099999999999665,-1.3099999999999665,-0.26999672860378837,0.26999672860378837,1.0
1.3109999999999664,-1.3109999999999664,-0.2697270016021862,0.2697270016021862,1.0
1.3119999999999663,-1.3119999999999663,-0.2694575440581281,0.2694575440581281,1.0
1.3129999999999662,-1.3129999999999662,-0.2691883557024256,0.2691883557024256,1.0
1.313999999999966,-1.313999999999966,-0.26891943626615944,0.26891943626615944,1.0
1.314999999999966,-1.314999999999966,-0.2686507854806788,0.2686507854806788,1.0
1.3159999999999659,-1.3159999999999659,-0.26838240307760114,0.26838240307760114,1.0
1.3169999999999658,-1.3169999999999658,-0.26811428878881227,0.26811428878881227,1.0
1.3179999999999656,-1.3179999999999656,-0.2678464423464658,0.2678464423464658,1.0
1.3189999999999655,-1.3189999999999655,-0.2675788634829829,0.2675788634829829,1.0
1.3199999999999654,-1.3199999999999654,-0.2673115519310518,0.2673115519310518,1.0
1.3209999999999653,-1.3209999999999653,-0.26704450742362823,0.26704450742362823,1.0
1.3219999999999652,-1.3219999999999652,-0.26677772969393426,0.26677772969393426,1.0
1.322999999999965,-1.322999999999965,-0.26651121847545883,0.26651121847545883,1.0
1.323999999999965,-1.323999999999965,-0.26624497350195686,0.26624497350195686,1.0
1.3249999999999649,-1.3249999999999649,-0.26597899450744944,0.26597899450744944,1.0
1.3259999999999648,-1.3259999999999648,-0.26571328122622323,0.26571328122622323,1.0
1.3269999999999647,-1.3269999999999647,-0.2654478333928304,0.2654478333928304,1.0
1.3279999999999645,-1.3279999999999645,-0.2651826507420883,0.2651826507420883,1.0
1.3289999999999644,-1.3289999999999644,-0.26491773300907917,0.26491773300907917,1.0
1.3299999999999643,-1.3299999999999643,-0.26465307992915005,0.26465307992915005,1.0
1.3309999999999642,-1.3309999999999642,-0.26438869123791214,0.26438869123791214,1.0
1.331999999999964,-1.331999999999964,-0.2641245666712409,0.2641245666712409,1.0
1.332999999999964,-1.332999999999964,-0.2638607059652756,0.2638607059652756,1.0
1.3339999999999639,-1.3339999999999639,-0.2635971088564191,0.2635971088564191,1.0
1.3349999999999638,-1.3349999999999638,-0.2633337750813378,0.2633337750813378,1.0
1.3359999999999637,-1.3359999999999637,-0.26307070437696084,0.26307070437696084,1.0
1.3369999999999636,-1.3369999999999636,-0.26280789648048036,0.26280789648048036,1.0
1.3379999999999634,-1.3379999999999634,-0.26254535112935096,0.26254535112935096,1.0
1.3389999999999633,-1.3389999999999633,-0.26228306806128965,0.26228306806128965,1.0
1.3399999999999632,-1.3399999999999632,-0.26202104701427537,0.26202104701427537,1.0
1.340999999999963,-1.340999999999963,-0.26175928772654883,0.26175928772654883,1.0
1.341999999999963,-1.341999999999963,-0.2614977899366122,0.2614977899366122,1.0
1.342999999999963,-1.342999999999963,-0.26123655338322904,0.26123655338322904,1.0
1.3439999999999628,-1.3439999999999628,-0.26097557780542363,0.26097557780542363,1.0
1.3449999999999627,-1.3449999999999627,-0.26071486294248114,0.26071486294248114,1.0
1.3459999999999626,-1.3459999999999626,-0.26045440853394725,0.26045440853394725,1.0
1.3469999999999624,-1.3469999999999624,-0.2601942143196276,0.2601942143196276,1.0
1.3479999999999623,-1.3479999999999623,-0.25993428003958796,0.25993428003958796,1.0
1.3489999999999622,-1.3489999999999622,-0.2596746054341538,0.2596746054341538,1.0
1.3499999999999621,-1.3499999999999621,-0.2594151902439099,0.2594151902439099,1.0
1.350999999999962,-1.350999999999962,-0.25915603420970024,0.25915603420970024,1.0
1.351999999999962,-1.351999999999962,-0.25889713707262757,0.25889713707262757,1.0
1.3529999999999618,-1.3529999999999618,-0.2586384985740535,0.2586384985740535,1.0
1.3539999999999617,-1.3539999999999617,-0.2583801184555979,0.2583801184555979,1.0
1.3549999999999616,-1.3549999999999616,-0.2581219964591387,0.2581219964591387,1.0
1.3559999999999615,-1.3559999999999615,-0.2578641323268119,0.2578641323268119,1.0
1.3569999999999613,-1.3569999999999613,-0.2576065258010109,0.2576065258010109,1.0
1.3579999999999612,-1.3579999999999612,-0.2573491766243865,0.2573491766243865,1.0
1.3589999999999611,-1.3589999999999611,-0.25709208453984667,0.25709208453984667,1.0
1.359999999999961,-1.359999999999961,-0.25683524929055607,0.25683524929055607,1.0
1.360999999999961,-1.360999999999961,-0.2565786706199361,0.2565786706199361,1.0
1.3619999999999608,-1.3619999999999608,-0.25632234827166445,0.25632234827166445,1.0
1.3629999999999607,-1.3629999999999607,-0.25606628198967474,0.25606628198967474,1.0
1.3639999999999606,-1.3639999999999606,-0.2558104715181566,0.2558104715181566,1.0
1.3649999999999605,-1.3649999999999605,-0.2555549166015551,0.2555549166015551,1.0
1.3659999999999604,-1.3659999999999604,-0.25529961698457054,0.25529961698457054,1.0
1.3669999999999602,-1.3669999999999602,-0.2550445724121584,0.2550445724121584,1.0
1.3679999999999601,-1.3679999999999601,-0.2547897826295289,0.2547897826295289,1.0
1.36899999999996,-1.36899999999996,-0.2545352473821467,0.2545352473821467,1.0
1.36999999999996,-1.36999999999996,-0.254280966415731,0.254280966415731,1.0
1.3709999999999598,-1.3709999999999598,-0.25402693947625477,0.25402693947625477,1.0
1.3719999999999597,-1.3719999999999597,-0.25377316630994484,0.25377316630994484,1.0
1.3729999999999596,-1.3729999999999596,-0.2535196466632816,0.2535196466632816,1.0
1.3739999999999595,-1.3739999999999595,-0.2532663802829986,0.2532663802829986,1.0
1.3749999999999594,-1.3749999999999594,-0.2530133669160825,0.2530133669160825,1.0
1.3759999999999593,-1.3759999999999593,-0.2527606063097727,0.2527606063097727,1.0
1.3769999999999591,-1.3769999999999591,-0.2525080982115611,0.2525080982115611,1.0
1.377999999999959,-1.377999999999959,-0.2522558423691919,0.2522558423691919,1.0
1.378999999999959,-1.378999999999959,-0.2520038385306613,0.2520038385306613,1.0
1.3799999999999588,-1.3799999999999588,-0.2517520864442171,0.2517520864442171,1.0
1.3809999999999587,-1.3809999999999587,-0.2515005858583587,0.2515005858583587,1.0
1.3819999999999586,-1.3819999999999586,-0.2512493365218369,0.2512493365218369,1.0
1.3829999999999585,-1.3829999999999585,-0.25099833818365325,0.25099833818365325,1.0
1.3839999999999584,-1.3839999999999584,-0.25074759059306023,0.25074759059306023,1.0
1.3849999999999583,-1.3849999999999583,-0.2504970934995607,0.2504970934995607,1.0
1.3859999999999582,-1.3859999999999582,-0.25024684665290775,0.25024684665290775,1.0
1.386999999999958,-1.386999999999958,-0.24999684980310463,0.24999684980310463,1.0
1.387999999999958,-1.387999999999958,-0.2497471027004042,0.2497471027004042,1.0
1.3889999999999578,-1.3889999999999578,-0.24949760509530894,0.24949760509530894,1.0
1.3899999999999577,-1.3899999999999577,-0.24924835673857035,0.24924835673857035,1.0
1.3909999999999576,-1.3909999999999576,-0.24899935738118917,0.24899935738118917,1.0
1.3919999999999575,-1.3919999999999575,-0.24875060677441477,0.24875060677441477,1.0
1.3929999999999574,-1.3929999999999574,-0.24850210466974504,0.24850210466974504,1.0
1.3939999999999573,-1.3939999999999573,-0.2482538508189261,0.2482538508189261,1.0
1.3949999999999572,-1.3949999999999572,-0.24800584497395214,0.24800584497395214,1.0
1.395999999999957,-1.395999999999957,-0.24775808688706508,0.24775808688706508,1.0
1.396999999999957,-1.396999999999957,-0.24751057631075432,0.24751057631075432,1.0
1.3979999999999568,-1.3979999999999568,-0.24726331299775656,0.24726331299775656,1.0
1.3989999999999567,-1.3989999999999567,-0.24701629670105552,0.24701629670105552,1.0
1.3999999999999566,-1.3999999999999566,-0.24676952717388162,0.24676952717388162,1.0
1.4009999999999565,-1.4009999999999565,-0.24652300416971193,0.24652300416971193,1.0
1.4019999999999564,-1.4019999999999564,-0.24627672744226967,0.24627672744226967,1.0
1.4029999999999563,-1.4029999999999563,-0.24603069674552414,0.24603069674552414,1.0
1.4039999999999562,-1.4039999999999562,-0.24578491183369042,0.24578491183369042,1.0
1.404999999999956,-1.404999999999956,-0.24553937246122917,0.24553937246122917,1.0
1.405999999999956,-1.405999999999956,-0.24529407838284634,0.24529407838284634,1.0
1.4069999999999558,-1.4069999999999558,-0.24504902935349282,0.24504902935349282,1.0
1.4079999999999557,-1.4079999999999557,-0.24480422512836447,0.24480422512836447,1.0
1.4089999999999556,-1.4089999999999556,-0.24455966546290156,0.24455966546290156,1.0
1.4099999999999555,-1.4099999999999555,-0.24431535011278877,0.24431535011278877,1.0
1.4109999999999554,-1.4109999999999554,-0.24407127883395482,0.24407127883395482,1.0
1.4119999999999553,-1.4119999999999553,-0.24382745138257225,0.24382745138257225,1.0
1.4129999999999552,-1.4129999999999552,-0.2435838675150572,0.2435838675150572,1.0
1.413999999999955,-1.413999999999955,-0.24334052698806913,0.24334052698806913,1.0
1.414999999999955,-1.414999999999955,-0.24309742955851063,0.24309742955851063,1.0
1.4159999999999549,-1.4159999999999549,-0.2428545749835271,0.2428545749835271,1.0
1.4169999999999547,-1.4169999999999547,-0.24261196302050658,0.24261196302050658,1.0
1.4179999999999546,-1.4179999999999546,-0.2423695934270795,0.2423695934270795,1.0
1.4189999999999545,-1.4189999999999545,-0.24212746596111837,0.24212746596111837,1.0
1.4199999999999544,-1.4199999999999544,-0.24188558038073765,0.24188558038073765,1.0
1.4209999999999543,-1.4209999999999543,-0.24164393644429336,0.24164393644429336,1.0
1.4219999999999542,-1.4219999999999542,-0.241402533910383,0.241402533910383,1.0
1.422999999999954,-1.422999999999954,-0.24116137253784511,0.24116137253784511,1.0
1.423999999999954,-1.423999999999954,-0.24092045208575938,0.24092045208575938,1.0
1.4249999999999539,-1.4249999999999539,-0.24067977231344595,0.24067977231344595,1.0
1.4259999999999537,-1.4259999999999537,-0.2404393329804655,0.2404393329804655,1.0
1.4269999999999536,-1.4269999999999536,-0.24019913384661887,0.24019913384661887,1.0
1.4279999999999535,-1.4279999999999535,-0.2399591746719469,0.2399591746719469,1.0
1.4289999999999534,-1.4289999999999534,-0.2397194552167302,0.2397194552167302,1.0
1.4299999999999533,-1.4299999999999533,-0.2394799752414887,0.2394799752414887,1.0
1.4309999999999532,-1.4309999999999532,-0.23924073450698174,0.23924073450698174,1.0
1.431999999999953,-1.431999999999953,-0.23900173277420753,0.23900173277420753,1.0
1.432999999999953,-1.432999999999953,-0.23876296980440312,0.23876296980440312,1.0
1.4339999999999529,-1.4339999999999529,-0.23852444535904405,0.23852444535904405,1.0
1.4349999999999528,-1.4349999999999528,-0.2382861591998442,0.2382861591998442,1.0
1.4359999999999526,-1.4359999999999526,-0.23804811108875545,0.23804811108875545,1.0
1.4369999999999525,-1.4369999999999525,-0.23781030078796747,0.23781030078796747,1.0
1.4379999999999524,-1.4379999999999524,-0.23757272805990756,0.23757272805990756,1.0
1.4389999999999523,-1.4389999999999523,-0.23733539266724032,0.23733539266724032,1.0
1.4399999999999522,-1.4399999999999522,-0.23709829437286745,0.23709829437286745,1.0
1.440999999999952,-1.440999999999952,-0.2368614329399275,0.2368614329399275,1.0
1.441999999999952,-1.441999999999952,-0.23662480813179573,0.23662480813179573,1.0
1.4429999999999519,-1.4429999999999519,-0.23638841971208366,0.23638841971208366,1.0
1.4439999999999518,-1.4439999999999518,-0.23615226744463902,0.23615226744463902,1.0
1.4449999999999517,-1.4449999999999517,-0.23591635109354547,0.23591635109354547,1.0
1.4459999999999515,-1.4459999999999515,-0.23568067042312238,0.23568067042312238,1.0
1.4469999999999514,-1.4469999999999514,-0.23544522519792446,0.23544522519792446,1.0
1.4479999999999513,-1.4479999999999513,-0.23521001518274173,0.23521001518274173,1.0
1.4489999999999512,-1.4489999999999512,-0.23497504014259912,0.23497504014259912,1.0
1.449999999999951,-1.449999999999951,-0.23474029984275638,0.23474029984275638,1.0
1.450999999999951,-1.450999999999951,-0.2345057940487077,0.2345057940487077,1.0
1.4519999999999509,-1.4519999999999509,-0.2342715225261815,0.2342715225261815,1.0
1.4529999999999508,-1.4529999999999508,-0.23403748504114033,0.23403748504114033,1.0
1.4539999999999507,-1.4539999999999507,-0.23380368135978058,0.23380368135978058,1.0
1.4549999999999506,-1.4549999999999506,-0.23357011124853205,0.23357011124853205,1.0
1.4559999999999504,-1.4559999999999504,-0.233336774474058,0.233336774474058,1.0
1.4569999999999503,-1.4569999999999503,-0.23310367080325473,0.23310367080325473,1.0
1.4579999999999502,-1.4579999999999502,-0.2328708000032515,0.2328708000032515,1.0
1.4589999999999501,-1.4589999999999501,-0.2326381618414101,0.2326381618414101,1.0
1.45999999999995,-1.45999999999995,-0.2324057560853248,0.2324057560853248,1.0
1.46099999999995,-1.46099999999995,-0.23217358250282194,0.23217358250282194,1.0
1.4619999999999498,-1.4619999999999498,-0.23194164086195998,0.23194164086195998,1.0
1.4629999999999497,-1.4629999999999497,-0.23170993093102898,0.23170993093102898,1.0
1.4639999999999496,-1.4639999999999496,-0.23147845247855045,0.23147845247855045,1.0
1.4649999999999495,-1.4649999999999495,-0.23124720527327716,0.23124720527327716,1.0
1.4659999999999493,-1.4659999999999493,-0.23101618908419297,0.23101618908419297,1.0
1.4669999999999492,-1.4669999999999492,-0.23078540368051242,0.23078540368051242,1.0
1.4679999999999491,-1.4679999999999491,-0.23055484883168076,0.23055484883168076,1.0
1.468999999999949,-1.468999999999949,-0.23032452430737338,0.23032452430737338,1.0
1.469999999999949,-1.469999999999949,-0.23009442987749584,0.23009442987749584,1.0
1.4709999999999488,-1.4709999999999488,-0.2298645653121837,0.2298645653121837,1.0
1.4719999999999487,-1.4719999999999487,-0.22963493038180188,0.22963493038180188,1.0
1.4729999999999486,-1.4729999999999486,-0.22940552485694493,0.22940552485694493,1.0
1.4739999999999485,-1.4739999999999485,-0.2291763485084365,0.2291763485084365,1.0
1.4749999999999484,-1.4749999999999484,-0.22894740110732917,0.22894740110732917,1.0
1.4759999999999482,-1.4759999999999482,-0.22871868242490426,0.22871868242490426,1.0
1.4769999999999481,-1.4769999999999481,-0.2284901922326716,0.2284901922326716,1.0
1.477999999999948,-1.477999999999948,-0.22826193030236924,0.22826193030236924,1.0
1.478999999999948,-1.478999999999948,-0.22803389640596328,0.22803389640596328,1.0
1.4799999999999478,-1.4799999999999478,-0.22780609031564764,0.22780609031564764,1.0
1.4809999999999477,-1.4809999999999477,-0.22757851180384378,0.22757851180384378,1.0
1.4819999999999476,-1.4819999999999476,-0.2273511606432006,0.2273511606432006,1.0
1.4829999999999475,-1.4829999999999475,-0.227124036606594,0.227124036606594,1.0
1.4839999999999474,-1.4839999999999474,-0.22689713946712686,0.22689713946712686,1.0
1.4849999999999473,-1.4849999999999473,-0.22667046899812873,0.22667046899812873,1.0
1.4859999999999471,-1.4859999999999471,-0.22644402497315558,0.22644402497315558,1.0
1.486999999999947,-1.486999999999947,-0.22621780716598958,0.22621780716598958,1.0
1.487999999999947,-1.487999999999947,-0.22599181535063895,0.22599181535063895,1.0
1.4889999999999468,-1.4889999999999468,-0.22576604930133762,0.22576604930133762,1.0
1.4899999999999467,-1.4899999999999467,-0.22554050879254509,0.22554050879254509,1.0
1.4909999999999466,-1.4909999999999466,-0.22531519359894617,0.22531519359894617,1.0
1.4919999999999465,-1.4919999999999465,-0.2250901034954507,0.2250901034954507,1.0
1.4929999999999464,-1.4929999999999464,-0.22486523825719348,0.22486523825719348,1.0
1.4939999999999463,-1.4939999999999463,-0.22464059765953398,0.22464059765953398,1.0
1.4949999999999461,-1.4949999999999461,-0.22441618147805592,0.22441618147805592,1.0
1.495999999999946,-1.495999999999946,-0.22419198948856733,0.22419198948856733,1.0
1.496999999999946,-1.496999999999946,-0.22396802146710024,0.22396802146710024,1.0
1.4979999999999458,-1.4979999999999458,-0.22374427718991033,0.22374427718991033,1.0
1.4989999999999457,-1.4989999999999457,-0.22352075643347685,0.22352075643347685,1.0
1.4999999999999456,-1.4999999999999456,-0.22329745897450234,0.22329745897450234,1.0
1.5009999999999455,-1.5009999999999455,-0.22307438458991244,0.22307438458991244,1.0
1.5019999999999454,-1.5019999999999454,-0.22285153305685557,0.22285153305685557,1.0
1.5029999999999453,-1.5029999999999453,-0.22262890415270284,0.22262890415270284,1.0
1.5039999999999452,-1.5039999999999452,-0.2224064976550478,0.2224064976550478,1.0
1.504999999999945,-1.504999999999945,-0.22218431334170607,0.22218431334170607,1.0
1.505999999999945,-1.505999999999945,-0.22196235099071537,0.22196235099071537,1.0
1.5069999999999448,-1.5069999999999448,-0.22174061038033502,0.22174061038033502,1.0
1.5079999999999447,-1.5079999999999447,-0.22151909128904598,0.22151909128904598,1.0
1.5089999999999446,-1.5089999999999446,-0.22129779349555045,0.22129779349555045,1.0
1.5099999999999445,-1.5099999999999445,-0.22107671677877166,0.22107671677877166,1.0
1.5109999999999444,-1.5109999999999444,-0.2208558609178538,0.2208558609178538,1.0
1.5119999999999443,-1.5119999999999443,-0.22063522569216165,0.22063522569216165,1.0
1.5129999999999442,-1.5129999999999442,-0.22041481088128037,0.22041481088128037,1.0
1.513999999999944,-1.513999999999944,-0.22019461626501538,0.22019461626501538,1.0
1.514999999999944,-1.514999999999944,-0.21997464162339198,0.21997464162339198,1.0
1.5159999999999438,-1.5159999999999438,-0.21975488673665533,0.21975488673665533,1.0
1.5169999999999437,-1.5169999999999437,-0.21953535138527006,0.21953535138527006,1.0
1.5179999999999436,-1.5179999999999436,-0.21931603534992014,0.21931603534992014,1.0
1.5189999999999435,-1.5189999999999435,-0.21909693841150865,0.21909693841150865,1.0
1.5199999999999434,-1.5199999999999434,-0.21887806035115748,0.21887806035115748,1.0
1.5209999999999433,-1.5209999999999433,-0.21865940095020728,0.21865940095020728,1.0
1.5219999999999432,-1.5219999999999432,-0.21844095999021707,0.21844095999021707,1.0
1.522999999999943,-1.522999999999943,-0.2182227372529641,0.2182227372529641,1.0
1.523999999999943,-1.523999999999943,-0.21800473252044367,0.21800473252044367,1.0
1.5249999999999428,-1.5249999999999428,-0.2177869455748688,0.2177869455748688,1.0
1.5259999999999427,-1.5259999999999427,-0.21756937619867014,0.21756937619867014,1.0
1.5269999999999426,-1.5269999999999426,-0.21735202417449567,0.21735202417449567,1.0
1.5279999999999425,-1.5279999999999425,-0.21713488928521046,0.21713488928521046,1.0
1.5289999999999424,-1.5289999999999424,-0.21691797131389656,0.21691797131389656,1.0
1.5299999999999423,-1.5299999999999423,-0.21670127004385273,0.21670127004385273,1.0
1.5309999999999422,-1.5309999999999422,-0.21648478525859413,0.21648478525859413,1.0
1.531999999999942,-1.531999999999942,-0.21626851674185227,0.21626851674185227,1.0
1.532999999999942,-1.532999999999942,-0.2160524642775747,0.2160524642775747,1.0
1.5339999999999419,-1.5339999999999419,-0.2158366276499248,0.2158366276499248,1.0
1.5349999999999417,-1.5349999999999417,-0.21562100664328152,0.21562100664328152,1.0
1.5359999999999416,-1.5359999999999416,-0.21540560104223927,0.21540560104223927,1.0
1.5369999999999415,-1.5369999999999415,-0.21519041063160765,0.21519041063160765,1.0
1.5379999999999414,-1.5379999999999414,-0.21497543519641124,0.21497543519641124,1.0
1.5389999999999413,-1.5389999999999413,-0.21476067452188935,0.21476067452188935,1.0
1.5399999999999412,-1.5399999999999412,-0.21454612839349582,0.21454612839349582,1.0
1.540999999999941,-1.540999999999941,-0.2143317965968989,0.2143317965968989,1.0
1.541999999999941,-1.541999999999941,-0.21411767891798097,0.21411767891798097,1.0
1.5429999999999409,-1.5429999999999409,-0.21390377514283815,0.21390377514283815,1.0
1.5439999999999408,-1.5439999999999408,-0.2136900850577804,0.2136900850577804,1.0
1.5449999999999406,-1.5449999999999406,-0.21347660844933106,0.21347660844933106,1.0
1.5459999999999405,-1.5459999999999405,-0.21326334510422684,0.21326334510422684,1.0
1.5469999999999404,-1.5469999999999404,-0.21305029480941745,0.21305029480941745,1.0
1.5479999999999403,-1.5479999999999403,-0.21283745735206538,0.21283745735206538,1.0
1.5489999999999402,-1.5489999999999402,-0.2126248325195458,0.2126248325195458,1.0
1.54999999999994,-1.54999999999994,-0.21241242009944636,0.21241242009944636,1.0
1.55099999999994,-1.55099999999994,-0.21220021987956678,0.21220021987956678,1.0
1.5519999999999399,-1.5519999999999399,-0.21198823164791888,0.21198823164791888,1.0
1.5529999999999398,-1.5529999999999398,-0.21177645519272614,0.21177645519272614,1.0
1.5539999999999397,-1.5539999999999397,-0.21156489030242373,0.21156489030242373,1.0
1.5549999999999395,-1.5549999999999395,-0.21135353676565807,0.21135353676565807,1.0
1.5559999999999394,-1.5559999999999394,-0.2111423943712868,0.2111423943712868,1.0
1.5569999999999393,-1.5569999999999393,-0.21093146290837841,0.21093146290837841,1.0
1.5579999999999392,-1.5579999999999392,-0.21072074216621217,0.21072074216621217,1.0
1.558999999999939,-1.558999999999939,-0.21051023193427787,0.21051023193427787,1.0
1.559999999999939,-1.559999999999939,-0.2102999320022756,0.2102999320022756,1.0
1.5609999999999389,-1.5609999999999389,-0.2100898421601155,0.2100898421601155,1.0
1.5619999999999388,-1.5619999999999388,-0.2098799621979176,0.2098799621979176,1.0
1.5629999999999387,-1.5629999999999387,-0.20967029190601158,0.20967029190601158,1.0
1.5639999999999386,-1.5639999999999386,-0.20946083107493665,0.20946083107493665,1.0
1.5649999999999384,-1.5649999999999384,-0.2092515794954412,0.2092515794954412,1.0
1.5659999999999383,-1.5659999999999383,-0.2090425369584827,0.2090425369584827,1.0
1.5669999999999382,-1.5669999999999382,-0.20883370325522746,0.20883370325522746,1.0
1.567999999999938,-1.567999999999938,-0.2086250781770504,0.2086250781770504,1.0
1.568999999999938,-1.568999999999938,-0.20841666151553487,0.20841666151553487,1.0
1.569999999999938,-1.569999999999938,-0.20820845306247243,0.20820845306247243,1.0
1.5709999999999378,-1.5709999999999378,-0.20800045260986255,0.20800045260986255,1.0
1.5719999999999377,-1.5719999999999377,-0.20779265994991264,0.20779265994991264,1.0
1.5729999999999376,-1.5729999999999376,-0.2075850748750376,0.2075850748750376,1.0
1.5739999999999374,-1.5739999999999374,-0.20737769717785973,0.20737769717785973,1.0
1.5749999999999373,-1.5749999999999373,-0.20717052665120853,0.20717052665120853,1.0
1.5759999999999372,-1.5759999999999372,-0.2069635630881204,0.2069635630881204,1.0
1.5769999999999371,-1.5769999999999371,-0.20675680628183857,0.20675680628183857,1.0
1.577999999999937,-1.577999999999937,-0.20655025602581276,0.20655025602581276,1.0
1.578999999999937,-1.578999999999937,-0.20634391211369904,0.20634391211369904,1.0
1.5799999999999368,-1.5799999999999368,-0.2061377743393597,0.2061377743393597,1.0
1.5809999999999367,-1.5809999999999367,-0.20593184249686286,0.20593184249686286,1.0
1.5819999999999366,-1.5819999999999366,-0.20572611638048238,0.20572611638048238,1.0
1.5829999999999365,-1.5829999999999365,-0.20552059578469767,0.20552059578469767,1.0
1.5839999999999363,-1.5839999999999363,-0.20531528050419348,0.20531528050419348,1.0
1.5849999999999362,-1.5849999999999362,-0.20511017033385964,0.20511017033385964,1.0
1.5859999999999361,-1.5859999999999361,-0.20490526506879086,0.20490526506879086,1.0
1.586999999999936,-1.586999999999936,-0.20470056450428656,0.20470056450428656,1.0
1.587999999999936,-1.587999999999936,-0.2044960684358507,0.2044960684358507,1.0
1.5889999999999358,-1.5889999999999358,-0.20429177665919154,0.20429177665919154,1.0
1.5899999999999357,-1.5899999999999357,-0.2040876889702213,0.2040876889702213,1.0
1.5909999999999356,-1.5909999999999356,-0.20388380516505625,0.20388380516505625,1.0
1.5919999999999355,-1.5919999999999355,-0.20368012504001626,0.20368012504001626,1.0
1.5929999999999354,-1.5929999999999354,-0.20347664839162463,0.20347664839162463,1.0
1.5939999999999352,-1.5939999999999352,-0.20327337501660803,0.20327337501660803,1.0
1.5949999999999351,-1.5949999999999351,-0.20307030471189616,0.20307030471189616,1.0
1.595999999999935,-1.595999999999935,-0.2028674372746215,0.2028674372746215,1.0
1.596999999999935,-1.596999999999935,-0.20266477250211942,0.20266477250211942,1.0
1.5979999999999348,-1.5979999999999348,-0.20246231019192745,0.20246231019192745,1.0
1.5989999999999347,-1.5989999999999347,-0.20226005014178566,0.20226005014178566,1.0
1.5999999999999346,-1.5999999999999346,-0.20205799214963602,0.20205799214963602,1.0
1.6009999999999345,-1.6009999999999345,-0.2018561360136224,0.2018561360136224,1.0
1.6019999999999344,-1.6019999999999344,-0.2016544815320903,0.2016544815320903,1.0
1.6029999999999343,-1.6029999999999343,-0.20145302850358673,0.20145302850358673,1.0
1.6039999999999341,-1.6039999999999341,-0.2012517767268599,0.2012517767268599,1.0
1.604999999999934,-1.604999999999934,-0.20105072600085902,0.20105072600085902,1.0
1.605999999999934,-1.605999999999934,-0.2008498761247343,0.2008498761247343,1.0
1.6069999999999338,-1.6069999999999338,-0.20064922689783646,0.20064922689783646,1.0
1.6079999999999337,-1.6079999999999337,-0.20044877811971676,0.20044877811971676,1.0
1.6089999999999336,-1.6089999999999336,-0.2002485295901266,0.2002485295901266,1.0
1.6099999999999335,-1.6099999999999335,-0.20004848110901757,0.20004848110901757,1.0
1.6109999999999334,-1.6109999999999334,-0.19984863247654105,0.19984863247654105,1.0
1.6119999999999333,-1.6119999999999333,-0.199648983493048,0.199648983493048,1.0
1.6129999999999332,-1.6129999999999332,-0.19944953395908893,0.19944953395908893,1.0
1.613999999999933,-1.613999999999933,-0.19925028367541353,0.19925028367541353,1.0
1.614999999999933,-1.614999999999933,-0.19905123244297052,0.19905123244297052,1.0
1.6159999999999328,-1.6159999999999328,-0.19885238006290765,0.19885238006290765,1.0
1.6169999999999327,-1.6169999999999327,-0.19865372633657105,0.19865372633657105,1.0
1.6179999999999326,-1.6179999999999326,-0.1984552710655055,0.1984552710655055,1.0
1.6189999999999325,-1.6189999999999325,-0.19825701405145407,0.19825701405145407,1.0
1.6199999999999324,-1.6199999999999324,-0.1980589550963577,0.1980589550963577,1.0
1.6209999999999323,-1.6209999999999323,-0.19786109400235535,0.19786109400235535,1.0
1.6219999999999322,-1.6219999999999322,-0.1976634305717836,0.1976634305717836,1.0
1.622999999999932,-1.622999999999932,-0.19746596460717644,0.19746596460717644,1.0
1.623999999999932,-1.623999999999932,-0.19726869591126517,0.19726869591126517,1.0
1.6249999999999318,-1.6249999999999318,-0.19707162428697816,0.19707162428697816,1.0
1.6259999999999317,-1.6259999999999317,-0.19687474953744072,0.19687474953744072,1.0
1.6269999999999316,-1.6269999999999316,-0.19667807146597474,0.19667807146597474,1.0
1.6279999999999315,-1.6279999999999315,-0.19648158987609865,0.19648158987609865,1.0
1.6289999999999314,-1.6289999999999314,-0.1962853045715271,0.1962853045715271,1.0
1.6299999999999313,-1.6299999999999313,-0.19608921535617094,0.19608921535617094,1.0
1.6309999999999312,-1.6309999999999312,-0.19589332203413679,0.19589332203413679,1.0
1.631999999999931,-1.631999999999931,-0.19569762440972704,0.19569762440972704,1.0
1.632999999999931,-1.632999999999931,-0.1955021222874396,0.1955021222874396,1.0
1.6339999999999308,-1.6339999999999308,-0.1953068154719676,0.1953068154719676,1.0
1.6349999999999307,-1.6349999999999307,-0.1951117037681994,0.1951117037681994,1.0
1.6359999999999306,-1.6359999999999306,-0.19491678698121817,0.19491678698121817,1.0
1.6369999999999305,-1.6369999999999305,-0.19472206491630184,0.19472206491630184,1.0
1.6379999999999304,-1.6379999999999304,-0.19452753737892292,0.19452753737892292,1.0
1.6389999999999303,-1.6389999999999303,-0.1943332041747482,0.1943332041747482,1.0
1.6399999999999302,-1.6399999999999302,-0.19413906510963858,0.19413906510963858,1.0
1.64099999999993,-1.64099999999993,-0.1939451199896489,0.1939451199896489,1.0
1.64199999999993,-1.64199999999993,-0.1937513686210279,0.1937513686210279,1.0
1.6429999999999298,-1.6429999999999298,-0.19355781081021764,0.19355781081021764,1.0
1.6439999999999297,-1.6439999999999297,-0.1933644463638538,0.1933644463638538,1.0
1.6449999999999296,-1.6449999999999296,-0.19317127508876503,0.19317127508876503,1.0
1.6459999999999295,-1.6459999999999295,-0.19297829679197304,0.19297829679197304,1.0
1.6469999999999294,-1.6469999999999294,-0.19278551128069235,0.19278551128069235,1.0
1.6479999999999293,-1.6479999999999293,-0.19259291836233003,0.19259291836233003,1.0
1.6489999999999292,-1.6489999999999292,-0.19240051784448556,0.19240051784448556,1.0
1.649999999999929,-1.649999999999929,-0.19220830953495063,0.19220830953495063,1.0
1.650999999999929,-1.650999999999929,-0.19201629324170888,0.19201629324170888,1.0
1.6519999999999289,-1.6519999999999289,-0.19182446877293594,0.19182446877293594,1.0
1.6529999999999287,-1.6529999999999287,-0.19163283593699895,0.19163283593699895,1.0
1.6539999999999286,-1.6539999999999286,-0.1914413945424565,0.1914413945424565,1.0
1.6549999999999285,-1.6549999999999285,-0.19125014439805846,0.19125014439805846,1.0
1.6559999999999284,-1.6559999999999284,-0.19105908531274574,0.19105908531274574,1.0
1.6569999999999283,-1.6569999999999283,-0.19086821709565005,0.19086821709565005,1.0
1.6579999999999282,-1.6579999999999282,-0.19067753955609398,0.19067753955609398,1.0
1.658999999999928,-1.658999999999928,-0.19048705250359035,0.19048705250359035,1.0
1.659999999999928,-1.659999999999928,-0.19029675574784252,0.19029675574784252,1.0
1.6609999999999279,-1.6609999999999279,-0.19010664909874378,0.19010664909874378,1.0
1.6619999999999278,-1.6619999999999278,-0.18991673236637738,0.18991673236637738,1.0
1.6629999999999276,-1.6629999999999276,-0.18972700536101636,0.18972700536101636,1.0
1.6639999999999275,-1.6639999999999275,-0.18953746789312323,0.18953746789312323,1.0
1.6649999999999274,-1.6649999999999274,-0.18934811977334987,0.18934811977334987,1.0
1.6659999999999273,-1.6659999999999273,-0.18915896081253733,0.18915896081253733,1.0
1.6669999999999272,-1.6669999999999272,-0.18896999082171564,0.18896999082171564,1.0
1.667999999999927,-1.667999999999927,-0.18878120961210357,0.18878120961210357,1.0
1.668999999999927,-1.668999999999927,-0.18859261699510843,0.18859261699510843,1.0
1.6699999999999269,-1.6699999999999269,-0.1884042127823261,0.1884042127823261,1.0
1.6709999999999268,-1.6709999999999268,-0.18821599678554057,0.18821599678554057,1.0
1.6719999999999267,-1.6719999999999267,-0.18802796881672384,0.18802796881672384,1.0
1.6729999999999265,-1.6729999999999265,-0.18784012868803582,0.18784012868803582,1.0
1.6739999999999264,-1.6739999999999264,-0.18765247621182402,0.18765247621182402,1.0
1.6749999999999263,-1.6749999999999263,-0.1874650112006234,0.1874650112006234,1.0
1.6759999999999262,-1.6759999999999262,-0.18727773346715623,0.18727773346715623,1.0
1.676999999999926,-1.676999999999926,-0.1870906428243319,0.1870906428243319,1.0
1.677999999999926,-1.677999999999926,-0.18690373908524668,0.18690373908524668,1.0
1.6789999999999259,-1.6789999999999259,-0.1867170220631835,0.1867170220631835,1.0
1.6799999999999258,-1.6799999999999258,-0.18653049157161186,0.18653049157161186,1.0
1.6809999999999257,-1.6809999999999257,-0.18634414742418767,0.18634414742418767,1.0
1.6819999999999256,-1.6819999999999256,-0.18615798943475295,0.18615798943475295,1.0
1.6829999999999254,-1.6829999999999254,-0.1859720174173356,0.1859720174173356,1.0
1.6839999999999253,-1.6839999999999253,-0.18578623118614948,0.18578623118614948,1.0
1.6849999999999252,-1.6849999999999252,-0.1856006305555939,0.1856006305555939,1.0
1.6859999999999251,-1.6859999999999251,-0.18541521534025363,0.18541521534025363,1.0
1.686999999999925,-1.686999999999925,-0.18522998535489876,0.18522998535489876,1.0
1.687999999999925,-1.687999999999925,-0.1850449404144843,0.1850449404144843,1.0
1.6889999999999248,-1.6889999999999248,-0.18486008033415013,0.18486008033415013,1.0
1.6899999999999247,-1.6899999999999247,-0.1846754049292209,0.1846754049292209,1.0
1.6909999999999246,-1.6909999999999246,-0.1844909140152057,0.1844909140152057,1.0
1.6919999999999245,-1.6919999999999245,-0.1843066074077979,0.1843066074077979,1.0
1.6929999999999243,-1.6929999999999243,-0.184122484922875,0.184122484922875,1.0
1.6939999999999242,-1.6939999999999242,-0.1839385463764985,0.1839385463764985,1.0
1.6949999999999241,-1.6949999999999241,-0.18375479158491362,0.18375479158491362,1.0
1.695999999999924,-1.695999999999924,-0.18357122036454906,0.18357122036454906,1.0
1.696999999999924,-1.696999999999924,-0.18338783253201707,0.18338783253201707,1.0
1.6979999999999238,-1.6979999999999238,-0.18320462790411296,0.18320462790411296,1.0
1.6989999999999237,-1.6989999999999237,-0.18302160629781514,0.18302160629781514,1.0
1.6999999999999236,-1.6999999999999236,-0.18283876753028486,0.18283876753028486,1.0
1.7009999999999235,-1.7009999999999235,-0.182656111418866,0.182656111418866,1.0
1.7019999999999234,-1.7019999999999234,-0.18247363778108494,0.18247363778108494,1.0
1.7029999999999232,-1.7029999999999232,-0.18229134643465025,0.18229134643465025,1.0
1.7039999999999231,-1.7039999999999231,-0.1821092371974528,0.1821092371974528,1.0
1.704999999999923,-1.704999999999923,-0.18192730988756525,0.18192730988756525,1.0
1.705999999999923,-1.705999999999923,-0.18174556432324201,0.18174556432324201,1.0
1.7069999999999228,-1.7069999999999228,-0.18156400032291908,0.18156400032291908,1.0
1.7079999999999227,-1.7079999999999227,-0.18138261770521386,0.18138261770521386,1.0
1.7089999999999226,-1.7089999999999226,-0.18120141628892494,0.18120141628892494,1.0
1.7099999999999225,-1.7099999999999225,-0.18102039589303193,0.18102039589303193,1.0
1.7109999999999224,-1.7109999999999224,-0.18083955633669524,0.18083955633669524,1.0
1.7119999999999223,-1.7119999999999223,-0.180658897439256,0.180658897439256,1.0
1.7129999999999221,-1.7129999999999221,-0.18047841902023576,0.18047841902023576,1.0
1.713999999999922,-1.713999999999922,-0.18029812089933642,0.18029812089933642,1.0
1.714999999999922,-1.714999999999922,-0.18011800289643995,0.18011800289643995,1.0
1.7159999999999218,-1.7159999999999218,-0.17993806483160835,0.17993806483160835,1.0
1.7169999999999217,-1.7169999999999217,-0.17975830652508326,0.17975830652508326,1.0
1.7179999999999216,-1.7179999999999216,-0.17957872779728598,0.17957872779728598,1.0
1.7189999999999215,-1.7189999999999215,-0.17939932846881715,0.17939932846881715,1.0
1.7199999999999214,-1.7199999999999214,-0.1792201083604567,0.1792201083604567,1.0
1.7209999999999213,-1.7209999999999213,-0.17904106729316355,0.17904106729316355,1.0
1.7219999999999211,-1.7219999999999211,-0.17886220508807546,0.17886220508807546,1.0
1.722999999999921,-1.722999999999921,-0.17868352156650893,0.17868352156650893,1.0
1.723999999999921,-1.723999999999921,-0.17850501654995898,0.17850501654995898,1.0
1.7249999999999208,-1.7249999999999208,-0.17832668986009886,0.17832668986009886,1.0
1.7259999999999207,-1.7259999999999207,-0.17814854131878008,0.17814854131878008,1.0
1.7269999999999206,-1.7269999999999206,-0.17797057074803205,0.17797057074803205,1.0
1.7279999999999205,-1.7279999999999205,-0.17779277797006196,0.17779277797006196,1.0
1.7289999999999204,-1.7289999999999204,-0.1776151628072547,0.1776151628072547,1.0
1.7299999999999203,-1.7299999999999203,-0.17743772508217254,0.17743772508217254,1.0
1.7309999999999202,-1.7309999999999202,-0.17726046461755499,0.17726046461755499,1.0
1.73199999999992,-1.73199999999992,-0.17708338123631867,0.17708338123631867,1.0
1.73299999999992,-1.73299999999992,-0.17690647476155713,0.17690647476155713,1.0
1.7339999999999198,-1.7339999999999198,-0.1767297450165406,0.1767297450165406,1.0
1.7349999999999197,-1.7349999999999197,-0.17655319182471588,0.17655319182471588,1.0
1.7359999999999196,-1.7359999999999196,-0.17637681500970617,0.17637681500970617,1.0
1.7369999999999195,-1.7369999999999195,-0.17620061439531085,0.17620061439531085,1.0
1.7379999999999194,-1.7379999999999194,-0.17602458980550534,0.17602458980550534,1.0
1.7389999999999193,-1.7389999999999193,-0.1758487410644409,0.1758487410644409,1.0
1.7399999999999192,-1.7399999999999192,-0.17567306799644444,0.17567306799644444,1.0
1.740999999999919,-1.740999999999919,-0.1754975704260184,0.1754975704260184,1.0
1.741999999999919,-1.741999999999919,-0.1753222481778406,0.1753222481778406,1.0
1.7429999999999188,-1.7429999999999188,-0.17514710107676384,0.17514710107676384,1.0
1.7439999999999187,-1.7439999999999187,-0.17497212894781602,0.17497212894781602,1.0
1.7449999999999186,-1.7449999999999186,-0.1747973316161998,0.1747973316161998,1.0
1.7459999999999185,-1.7459999999999185,-0.17462270890729256,0.17462270890729256,1.0
1.7469999999999184,-1.7469999999999184,-0.1744482606466459,0.1744482606466459,1.0
1.7479999999999183,-1.7479999999999183,-0.1742739866599859,0.1742739866599859,1.0
1.7489999999999182,-1.7489999999999182,-0.1740998867732127,0.1740998867732127,1.0
1.749999999999918,-1.749999999999918,-0.1739259608124003,0.1739259608124003,1.0
1.750999999999918,-1.750999999999918,-0.1737522086037965,0.1737522086037965,1.0
1.7519999999999178,-1.7519999999999178,-0.17357862997382267,0.17357862997382267,1.0
1.7529999999999177,-1.7529999999999177,-0.1734052247490736,0.1734052247490736,1.0
1.7539999999999176,-1.7539999999999176,-0.1732319927563173,0.1732319927563173,1.0
1.7549999999999175,-1.7549999999999175,-0.1730589338224948,0.1730589338224948,1.0
1.7559999999999174,-1.7559999999999174,-0.17288604777472008,0.17288604777472008,1.0
1.7569999999999173,-1.7569999999999173,-0.17271333444027978,0.17271333444027978,1.0
1.7579999999999172,-1.7579999999999172,-0.17254079364663313,0.17254079364663313,1.0
1.758999999999917,-1.758999999999917,-0.17236842522141174,0.17236842522141174,1.0
1.759999999999917,-1.759999999999917,-0.17219622899241935,0.17219622899241935,1.0
1.7609999999999169,-1.7609999999999169,-0.17202420478763172,0.17202420478763172,1.0
1.7619999999999167,-1.7619999999999167,-0.1718523524351965,0.1718523524351965,1.0
1.7629999999999166,-1.7629999999999166,-0.17168067176343307,0.17168067176343307,1.0
1.7639999999999165,-1.7639999999999165,-0.17150916260083227,0.17150916260083227,1.0
1.7649999999999164,-1.7649999999999164,-0.1713378247760562,0.1713378247760562,1.0
1.7659999999999163,-1.7659999999999163,-0.17116665811793827,0.17116665811793827,1.0
1.7669999999999162,-1.7669999999999162,-0.17099566245548278,0.17099566245548278,1.0
1.767999999999916,-1.767999999999916,-0.17082483761786493,0.17082483761786493,1.0
1.768999999999916,-1.768999999999916,-0.1706541834344305,0.1706541834344305,1.0
1.7699999999999159,-1.7699999999999159,-0.1704836997346958,0.1704836997346958,1.0
1.7709999999999158,-1.7709999999999158,-0.17031338634834745,0.17031338634834745,1.0
1.7719999999999156,-1.7719999999999156,-0.1701432431052422,0.1701432431052422,1.0
1.7729999999999155,-1.7729999999999155,-0.16997326983540678,0.16997326983540678,1.0
1.7739999999999154,-1.7739999999999154,-0.16980346636903776,0.16980346636903776,1.0
1.7749999999999153,-1.7749999999999153,-0.16963383253650124,0.16963383253650124,1.0
1.7759999999999152,-1.7759999999999152,-0.1694643681683329,0.1694643681683329,1.0
1.776999999999915,-1.776999999999915,-0.16929507309523764,0.16929507309523764,1.0
1.777999999999915,-1.777999999999915,-0.16912594714808957,0.16912594714808957,1.0
1.7789999999999149,-1.7789999999999149,-0.16895699015793164,0.16895699015793164,1.0
1.7799999999999148,-1.7799999999999148,-0.16878820195597566,0.16878820195597566,1.0
1.7809999999999147,-1.7809999999999147,-0.16861958237360206,0.16861958237360206,1.0
1.7819999999999145,-1.7819999999999145,-0.16845113124235972,0.16845113124235972,1.0
1.7829999999999144,-1.7829999999999144,-0.16828284839396576,0.16828284839396576,1.0
1.7839999999999143,-1.7839999999999143,-0.16811473366030547,0.16811473366030547,1.0
1.7849999999999142,-1.7849999999999142,-0.167946786873432,0.167946786873432,1.0
1.785999999999914,-1.785999999999914,-0.16777900786556646,0.16777900786556646,1.0
1.786999999999914,-1.786999999999914,-0.16761139646909737,0.16761139646909737,1.0
1.7879999999999139,-1.7879999999999139,-0.16744395251658079,0.16744395251658079,1.0
1.7889999999999138,-1.7889999999999138,-0.16727667584074005,0.16727667584074005,1.0
1.7899999999999137,-1.7899999999999137,-0.16710956627446555,0.16710956627446555,1.0
1.7909999999999136,-1.7909999999999136,-0.16694262365081475,0.16694262365081475,1.0
1.7919999999999134,-1.7919999999999134,-0.16677584780301172,0.16677584780301172,1.0
1.7929999999999133,-1.7929999999999133,-0.1666092385644473,0.1666092385644473,1.0
1.7939999999999132,-1.7939999999999132,-0.1664427957686786,0.1664427957686786,1.0
1.794999999999913,-1.794999999999913,-0.16627651924942916,0.16627651924942916,1.0
1.795999999999913,-1.795999999999913,-0.16611040884058856,0.16611040884058856,1.0
1.796999999999913,-1.796999999999913,-0.16594446437621235,0.16594446437621235,1.0
1.7979999999999128,-1.7979999999999128,-0.16577868569052184,0.16577868569052184,1.0
1.7989999999999127,-1.7989999999999127,-0.16561307261790392,0.16561307261790392,1.0
1.7999999999999126,-1.7999999999999126,-0.165447624992911,0.165447624992911,1.0
1.8009999999999124,-1.8009999999999124,-0.16528234265026073,0.16528234265026073,1.0
1.8019999999999123,-1.8019999999999123,-0.1651172254248359,0.1651172254248359,1.0
1.8029999999999122,-1.8029999999999122,-0.1649522731516842,0.1649522731516842,1.0
1.8039999999999121,-1.8039999999999121,-0.16478748566601817,0.16478748566601817,1.0
1.804999999999912,-1.804999999999912,-0.16462286280321495,0.16462286280321495,1.0
1.805999999999912,-1.805999999999912,-0.16445840439881615,0.16445840439881615,1.0
1.8069999999999118,-1.8069999999999118,-0.16429411028852764,0.16429411028852764,1.0
1.8079999999999117,-1.8079999999999117,-0.16412998030821943,0.16412998030821943,1.0
1.8089999999999116,-1.8089999999999116,-0.1639660142939255,0.1639660142939255,1.0
1.8099999999999115,-1.8099999999999115,-0.16380221208184367,0.16380221208184367,1.0
1.8109999999999113,-1.8109999999999113,-0.16363857350833536,0.16363857350833536,1.0
1.8119999999999112,-1.8119999999999112,-0.16347509840992538,0.16347509840992538,1.0
1.8129999999999111,-1.8129999999999111,-0.1633117866233021,0.1633117866233021,1.0
1.813999999999911,-1.813999999999911,-0.16314863798531679,0.16314863798531679,1.0
1.814999999999911,-1.814999999999911,-0.16298565233298382,0.16298565233298382,1.0
1.8159999999999108,-1.8159999999999108,-0.16282282950348034,0.16282282950348034,1.0
1.8169999999999107,-1.8169999999999107,-0.1626601693341462,0.1626601693341462,1.0
1.8179999999999106,-1.8179999999999106,-0.16249767166248374,0.16249767166248374,1.0
1.8189999999999105,-1.8189999999999105,-0.1623353363261576,0.1623353363261576,1.0
1.8199999999999104,-1.8199999999999104,-0.1621731631629946,0.1621731631629946,1.0
1.8209999999999102,-1.8209999999999102,-0.16201115201098362,0.16201115201098362,1.0
1.8219999999999101,-1.8219999999999101,-0.16184930270827538,0.16184930270827538,1.0
1.82299999999991,-1.82299999999991,-0.1616876150931822,0.1616876150931822,1.0
1.82399999999991,-1.82399999999991,-0.161526089004178,0.161526089004178,1.0
1.8249999999999098,-1.8249999999999098,-0.1613647242798981,0.1613647242798981,1.0
1.8259999999999097,-1.8259999999999097,-0.16120352075913896,0.16120352075913896,1.0
1.8269999999999096,-1.8269999999999096,-0.1610424782808581,0.1610424782808581,1.0
1.8279999999999095,-1.8279999999999095,-0.16088159668417393,0.16088159668417393,1.0
1.8289999999999094,-1.8289999999999094,-0.16072087580836558,0.16072087580836558,1.0
1.8299999999999093,-1.8299999999999093,-0.1605603154928727,0.1605603154928727,1.0
1.8309999999999091,-1.8309999999999091,-0.1603999155772954,0.1603999155772954,1.0
1.831999999999909,-1.831999999999909,-0.160239675901394,0.160239675901394,1.0
1.832999999999909,-1.832999999999909,-0.16007959630508892,0.16007959630508892,1.0
1.8339999999999088,-1.8339999999999088,-0.1599196766284605,0.1599196766284605,1.0
1.8349999999999087,-1.8349999999999087,-0.15975991671174875,0.15975991671174875,1.0
1.8359999999999086,-1.8359999999999086,-0.15960031639535338,0.15960031639535338,1.0
1.8369999999999085,-1.8369999999999085,-0.15944087551983355,0.15944087551983355,1.0
1.8379999999999084,-1.8379999999999084,-0.15928159392590763,0.15928159392590763,1.0
1.8389999999999083,-1.8389999999999083,-0.15912247145445318,0.15912247145445318,1.0
1.8399999999999082,-1.8399999999999082,-0.15896350794650668,0.15896350794650668,1.0
1.840999999999908,-1.840999999999908,-0.1588047032432634,0.1588047032432634,1.0
1.841999999999908,-1.841999999999908,-0.1586460571860773,0.1586460571860773,1.0
1.8429999999999078,-1.8429999999999078,-0.15848756961646085,0.15848756961646085,1.0
1.8439999999999077,-1.8439999999999077,-0.15832924037608476,0.15832924037608476,1.0
1.8449999999999076,-1.8449999999999076,-0.158171069306778,0.158171069306778,1.0
1.8459999999999075,-1.8459999999999075,-0.15801305625052747,0.15801305625052747,1.0
1.8469999999999074,-1.8469999999999074,-0.15785520104947798,0.15785520104947798,1.0
1.8479999999999073,-1.8479999999999073,-0.15769750354593207,0.15769750354593207,1.0
1.8489999999999072,-1.8489999999999072,-0.1575399635823497,0.1575399635823497,1.0
1.849999999999907,-1.849999999999907,-0.15738258100134836,0.15738258100134836,1.0
1.850999999999907,-1.850999999999907,-0.15722535564570264,0.15722535564570264,1.0
1.8519999999999068,-1.8519999999999068,-0.15706828735834427,0.15706828735834427,1.0
1.8529999999999067,-1.8529999999999067,-0.15691137598236193,0.15691137598236193,1.0
1.8539999999999066,-1.8539999999999066,-0.15675462136100093,0.15675462136100093,1.0
1.8549999999999065,-1.8549999999999065,-0.15659802333766326,0.15659802333766326,1.0
1.8559999999999064,-1.8559999999999064,-0.15644158175590736,0.15644158175590736,1.0
1.8569999999999063,-1.8569999999999063,-0.1562852964594479,0.1562852964594479,1.0
1.8579999999999062,-1.8579999999999062,-0.15612916729215576,0.15612916729215576,1.0
1.858999999999906,-1.858999999999906,-0.15597319409805768,0.15597319409805768,1.0
1.859999999999906,-1.859999999999906,-0.15581737672133636,0.15581737672133636,1.0
1.8609999999999058,-1.8609999999999058,-0.15566171500633003,0.15566171500633003,1.0
1.8619999999999057,-1.8619999999999057,-0.1555062087975325,0.1555062087975325,1.0
1.8629999999999056,-1.8629999999999056,-0.15535085793959288,0.15535085793959288,1.0
1.8639999999999055,-1.8639999999999055,-0.15519566227731557,0.15519566227731557,1.0
1.8649999999999054,-1.8649999999999054,-0.15504062165565988,0.15504062165565988,1.0
1.8659999999999053,-1.8659999999999053,-0.15488573591974014,0.15488573591974014,1.0
1.8669999999999052,-1.8669999999999052,-0.15473100491482533,0.15473100491482533,1.0
1.867999999999905,-1.867999999999905,-0.15457642848633898,0.15457642848633898,1.0
1.868999999999905,-1.868999999999905,-0.15442200647985913,0.15442200647985913,1.0
1.8699999999999048,-1.8699999999999048,-0.15426773874111802,0.15426773874111802,1.0
1.8709999999999047,-1.8709999999999047,-0.15411362511600202,0.15411362511600202,1.0
1.8719999999999046,-1.8719999999999046,-0.15395966545055148,0.15395966545055148,1.0
1.8729999999999045,-1.8729999999999045,-0.15380585959096052,0.15380585959096052,1.0
1.8739999999999044,-1.8739999999999044,-0.15365220738357693,0.15365220738357693,1.0
1.8749999999999043,-1.8749999999999043,-0.15349870867490203,0.15349870867490203,1.0
1.8759999999999042,-1.8759999999999042,-0.15334536331159043,0.15334536331159043,1.0
1.876999999999904,-1.876999999999904,-0.15319217114045,0.15319217114045,1.0
1.877999999999904,-1.877999999999904,-0.15303913200844155,0.15303913200844155,1.0
1.8789999999999039,-1.8789999999999039,-0.15288624576267887,0.15288624576267887,1.0
1.8799999999999037,-1.8799999999999037,-0.15273351225042844,0.15273351225042844,1.0
1.8809999999999036,-1.8809999999999036,-0.15258093131910933,0.15258093131910933,1.0
1.8819999999999035,-1.8819999999999035,-0.15242850281629303,0.15242850281629303,1.0
1.8829999999999034,-1.8829999999999034,-0.1522762265897033,0.1522762265897033,1.0
1.8839999999999033,-1.8839999999999033,-0.15212410248721608,0.15212410248721608,1.0
1.8849999999999032,-1.8849999999999032,-0.15197213035685925,0.15197213035685925,1.0
1.885999999999903,-1.885999999999903,-0.15182031004681243,0.15182031004681243,1.0
1.886999999999903,-1.886999999999903,-0.15166864140540703,0.15166864140540703,1.0
1.8879999999999029,-1.8879999999999029,-0.1515171242811259,0.1515171242811259,1.0
1.8889999999999028,-1.8889999999999028,-0.1513657585226033,0.1513657585226033,1.0
1.8899999999999026,-1.8899999999999026,-0.15121454397862466,0.15121454397862466,1.0
1.8909999999999025,-1.8909999999999025,-0.15106348049812654,0.15106348049812654,1.0
1.8919999999999024,-1.8919999999999024,-0.15091256793019633,0.15091256793019633,1.0
1.8929999999999023,-1.8929999999999023,-0.15076180612407225,0.15076180612407225,1.0
1.8939999999999022,-1.8939999999999022,-0.1506111949291431,0.1506111949291431,1.0
1.894999999999902,-1.894999999999902,-0.15046073419494815,0.15046073419494815,1.0
1.895999999999902,-1.895999999999902,-0.15031042377117698,0.15031042377117698,1.0
1.8969999999999019,-1.8969999999999019,-0.1501602635076693,0.1501602635076693,1.0
1.8979999999999018,-1.8979999999999018,-0.1500102532544149,0.1500102532544149,1.0
1.8989999999999017,-1.8989999999999017,-0.14986039286155334,0.14986039286155334,1.0
1.8999999999999015,-1.8999999999999015,-0.14971068217937397,0.14971068217937397,1.0
1.9009999999999014,-1.9009999999999014,-0.14956112105831565,0.14956112105831565,1.0
1.9019999999999013,-1.9019999999999013,-0.14941170934896666,0.14941170934896666,1.0
1.9029999999999012,-1.9029999999999012,-0.14926244690206458,0.14926244690206458,1.0
1.903999999999901,-1.903999999999901,-0.1491133335684961,0.1491133335684961,1.0
1.904999999999901,-1.904999999999901,-0.14896436919929681,0.14896436919929681,1.0
1.9059999999999009,-1.9059999999999009,-0.14881555364565116,0.14881555364565116,1.0
1.9069999999999008,-1.9069999999999008,-0.14866688675889225,0.14866688675889225,1.0
1.9079999999999007,-1.9079999999999007,-0.14851836839050173,0.14851836839050173,1.0
1.9089999999999006,-1.9089999999999006,-0.14836999839210963,0.14836999839210963,1.0
1.9099999999999004,-1.9099999999999004,-0.14822177661549413,0.14822177661549413,1.0
1.9109999999999003,-1.9109999999999003,-0.14807370291258154,0.14807370291258154,1.0
1.9119999999999002,-1.9119999999999002,-0.14792577713544608,0.14792577713544608,1.0
1.9129999999999001,-1.9129999999999001,-0.14777799913630976,0.14777799913630976,1.0
1.9139999999999,-1.9139999999999,-0.1476303687675422,0.1476303687675422,1.0
1.9149999999999,-1.9149999999999,-0.14748288588166056,0.14748288588166056,1.0
1.9159999999998998,-1.9159999999998998,-0.14733555033132922,0.14733555033132922,1.0
1.9169999999998997,-1.9169999999998997,-0.1471883619693599,0.1471883619693599,1.0
1.9179999999998996,-1.9179999999998996,-0.14704132064871114,0.14704132064871114,1.0
1.9189999999998995,-1.9189999999998995,-0.14689442622248866,0.14689442622248866,1.0
1.9199999999998993,-1.9199999999998993,-0.14674767854394472,0.14674767854394472,1.0
1.9209999999998992,-1.9209999999998992,-0.14660107746647824,0.14660107746647824,1.0
1.9219999999998991,-1.9219999999998991,-0.14645462284363459,0.14645462284363459,1.0
1.922999999999899,-1.922999999999899,-0.14630831452910548,0.14630831452910548,1.0
1.923999999999899,-1.923999999999899,-0.14616215237672875,0.14616215237672875,1.0
1.9249999999998988,-1.9249999999998988,-0.14601613624048823,0.14601613624048823,1.0
1.9259999999998987,-1.9259999999998987,-0.14587026597451372,0.14587026597451372,1.0
1.9269999999998986,-1.9269999999998986,-0.14572454143308064,0.14572454143308064,1.0
1.9279999999998985,-1.9279999999998985,-0.14557896247061006,0.14557896247061006,1.0
1.9289999999998984,-1.9289999999998984,-0.1454335289416684,0.1454335289416684,1.0
1.9299999999998982,-1.9299999999998982,-0.14528824070096744,0.14528824070096744,1.0
1.9309999999998981,-1.9309999999998981,-0.14514309760336408,0.14514309760336408,1.0
1.931999999999898,-1.931999999999898,-0.14499809950386022,0.14499809950386022,1.0
1.932999999999898,-1.932999999999898,-0.14485324625760262,0.14485324625760262,1.0
1.9339999999998978,-1.9339999999998978,-0.14470853771988273,0.14470853771988273,1.0
1.9349999999998977,-1.9349999999998977,-0.14456397374613664,0.14456397374613664,1.0
1.9359999999998976,-1.9359999999998976,-0.14441955419194466,0.14441955419194466,1.0
1.9369999999998975,-1.9369999999998975,-0.14427527891303163,0.14427527891303163,1.0
1.9379999999998974,-1.9379999999998974,-0.14413114776526637,0.14413114776526637,1.0
1.9389999999998973,-1.9389999999998973,-0.1439871606046617,0.1439871606046617,1.0
1.9399999999998971,-1.9399999999998971,-0.14384331728737434,0.14384331728737434,1.0
1.940999999999897,-1.940999999999897,-0.14369961766970463,0.14369961766970463,1.0
1.941999999999897,-1.941999999999897,-0.14355606160809653,0.14355606160809653,1.0
1.9429999999998968,-1.9429999999998968,-0.14341264895913738,0.14341264895913738,1.0
1.9439999999998967,-1.9439999999998967,-0.14326937957955782,0.14326937957955782,1.0
1.9449999999998966,-1.9449999999998966,-0.14312625332623158,0.14312625332623158,1.0
1.9459999999998965,-1.9459999999998965,-0.1429832700561754,0.1429832700561754,1.0
1.9469999999998964,-1.9469999999998964,-0.14284042962654883,0.14284042962654883,1.0
1.9479999999998963,-1.9479999999998963,-0.14269773189465418,0.14269773189465418,1.0
1.9489999999998961,-1.9489999999998961,-0.14255517671793624,0.14255517671793624,1.0
1.949999999999896,-1.949999999999896,-0.14241276395398222,0.14241276395398222,1.0
1.950999999999896,-1.950999999999896,-0.14227049346052173,0.14227049346052173,1.0
1.9519999999998958,-1.9519999999998958,-0.1421283650954263,0.1421283650954263,1.0
1.9529999999998957,-1.9529999999998957,-0.1419863787167096,0.1419863787167096,1.0
1.9539999999998956,-1.9539999999998956,-0.1418445341825271,0.1418445341825271,1.0
1.9549999999998955,-1.9549999999998955,-0.1417028313511759,0.1417028313511759,1.0
1.9559999999998954,-1.9559999999998954,-0.1415612700810948,0.1415612700810948,1.0
1.9569999999998953,-1.9569999999998953,-0.14141985023086392,0.14141985023086392,1.0
1.9579999999998952,-1.9579999999998952,-0.1412785716592047,0.1412785716592047,1.0
1.958999999999895,-1.958999999999895,-0.1411374342249797,0.1411374342249797,1.0
1.959999999999895,-1.959999999999895,-0.14099643778719254,0.14099643778719254,1.0
1.9609999999998948,-1.9609999999998948,-0.14085558220498753,0.14085558220498753,1.0
1.9619999999998947,-1.9619999999998947,-0.1407148673376499,0.1407148673376499,1.0
1.9629999999998946,-1.9629999999998946,-0.14057429304460528,0.14057429304460528,1.0
1.9639999999998945,-1.9639999999998945,-0.14043385918541987,0.14043385918541987,1.0
1.9649999999998944,-1.9649999999998944,-0.14029356561980008,0.14029356561980008,1.0
1.9659999999998943,-1.9659999999998943,-0.14015341220759248,0.14015341220759248,1.0
1.9669999999998942,-1.9669999999998942,-0.1400133988087837,0.1400133988087837,1.0
1.967999999999894,-1.967999999999894,-0.13987352528350017,0.13987352528350017,1.0
1.968999999999894,-1.968999999999894,-0.13973379149200818,0.13973379149200818,1.0
1.9699999999998938,-1.9699999999998938,-0.13959419729471348,0.13959419729471348,1.0
1.9709999999998937,-1.9709999999998937,-0.1394547425521613,0.1394547425521613,1.0
1.9719999999998936,-1.9719999999998936,-0.13931542712503628,0.13931542712503628,1.0
1.9729999999998935,-1.9729999999998935,-0.1391762508741621,0.1391762508741621,1.0
1.9739999999998934,-1.9739999999998934,-0.1390372136605016,0.1390372136605016,1.0
1.9749999999998933,-1.9749999999998933,-0.13889831534515645,0.13889831534515645,1.0
1.9759999999998932,-1.9759999999998932,-0.1387595557893671,0.1387595557893671,1.0
1.976999999999893,-1.976999999999893,-0.1386209348545126,0.1386209348545126,1.0
1.977999999999893,-1.977999999999893,-0.1384824524021105,0.1384824524021105,1.0
1.9789999999998928,-1.9789999999998928,-0.13834410829381666,0.13834410829381666,1.0
1.9799999999998927,-1.9799999999998927,-0.13820590239142522,0.13820590239142522,1.0
1.9809999999998926,-1.9809999999998926,-0.13806783455686836,0.13806783455686836,1.0
1.9819999999998925,-1.9819999999998925,-0.13792990465221616,0.13792990465221616,1.0
1.9829999999998924,-1.9829999999998924,-0.1377921125396765,0.1377921125396765,1.0
1.9839999999998923,-1.9839999999998923,-0.13765445808159488,0.13765445808159488,1.0
1.9849999999998922,-1.9849999999998922,-0.1375169411404544,0.1375169411404544,1.0
1.985999999999892,-1.985999999999892,-0.13737956157887554,0.13737956157887554,1.0
1.986999999999892,-1.986999999999892,-0.1372423192596159,0.1372423192596159,1.0
1.9879999999998919,-1.9879999999998919,-0.13710521404557033,0.13710521404557033,1.0
1.9889999999998917,-1.9889999999998917,-0.13696824579977057,0.13696824579977057,1.0
1.9899999999998916,-1.9899999999998916,-0.1368314143853852,0.1368314143853852,1.0
1.9909999999998915,-1.9909999999998915,-0.13669471966571947,0.13669471966571947,1.0
1.9919999999998914,-1.9919999999998914,-0.13655816150421526,0.13655816150421526,1.0
1.9929999999998913,-1.9929999999998913,-0.13642173976445082,0.13642173976445082,1.0
1.9939999999998912,-1.9939999999998912,-0.13628545431014066,0.13628545431014066,1.0
1.994999999999891,-1.994999999999891,-0.13614930500513556,0.13614930500513556,1.0
1.995999999999891,-1.995999999999891,-0.13601329171342214,0.13601329171342214,1.0
1.9969999999998909,-1.9969999999998909,-0.135877414299123,0.135877414299123,1.0
1.9979999999998908,-1.9979999999998908,-0.1357416726264965,0.1357416726264965,1.0
1.9989999999998906,-1.9989999999998906,-0.1356060665599366,0.1356060665599366,1.0
1.9999999999998905,-1.9999999999998905,-0.13547059596397262,0.13547059596397262,1.0
2.0009999999998906,-2.0009999999998906,-0.13533526070326932,0.13533526070326932,1.0
2.0019999999998905,-2.0019999999998905,-0.13520006064262668,0.13520006064262668,1.0
2.0029999999998904,-2.0029999999998904,-0.1350649956469797,0.1350649956469797,1.0
2.0039999999998903,-2.0039999999998903,-0.1349300655813983,0.1349300655813983,1.0
2.00499999999989,-2.00499999999989,-0.1347952703110872,0.1347952703110872,1.0
2.00599999999989,-2.00599999999989,-0.13466060970138582,0.13466060970138582,1.0
2.00699999999989,-2.00699999999989,-0.13452608361776808,0.13452608361776808,1.0
2.00799999999989,-2.00799999999989,-0.13439169192584222,0.13439169192584222,1.0
2.0089999999998898,-2.0089999999998898,-0.13425743449135086,0.13425743449135086,1.0
2.0099999999998897,-2.0099999999998897,-0.13412331118017068,0.13412331118017068,1.0
2.0109999999998895,-2.0109999999998895,-0.13398932185831236,0.13398932185831236,1.0
2.0119999999998894,-2.0119999999998894,-0.13385546639192045,0.13385546639192045,1.0
2.0129999999998893,-2.0129999999998893,-0.13372174464727316,0.13372174464727316,1.0
2.013999999999889,-2.013999999999889,-0.13358815649078234,0.13358815649078234,1.0
2.014999999999889,-2.014999999999889,-0.13345470178899335,0.13345470178899335,1.0
2.015999999999889,-2.015999999999889,-0.1333213804085848,0.1333213804085848,1.0
2.016999999999889,-2.016999999999889,-0.13318819221636843,0.13318819221636843,1.0
2.0179999999998888,-2.0179999999998888,-0.13305513707928912,0.13305513707928912,1.0
2.0189999999998887,-2.0189999999998887,-0.1329222148644247,0.1329222148644247,1.0
2.0199999999998886,-2.0199999999998886,-0.13278942543898573,0.13278942543898573,1.0
2.0209999999998884,-2.0209999999998884,-0.1326567686703154,0.1326567686703154,1.0
2.0219999999998883,-2.0219999999998883,-0.1325242444258895,0.1325242444258895,1.0
2.022999999999888,-2.022999999999888,-0.13239185257331618,0.13239185257331618,1.0
2.023999999999888,-2.023999999999888,-0.13225959298033585,0.13225959298033585,1.0
2.024999999999888,-2.024999999999888,-0.13212746551482102,0.13212746551482102,1.0
2.025999999999888,-2.025999999999888,-0.13199547004477624,0.13199547004477624,1.0
2.026999999999888,-2.026999999999888,-0.1318636064383379,0.1318636064383379,1.0
2.0279999999998877,-2.0279999999998877,-0.1317318745637741,0.1317318745637741,1.0
2.0289999999998876,-2.0289999999998876,-0.13160027428948462,0.13160027428948462,1.0
2.0299999999998875,-2.0299999999998875,-0.1314688054840006,0.1314688054840006,1.0
2.0309999999998873,-2.0309999999998873,-0.13133746801598462,0.13133746801598462,1.0
2.0319999999998872,-2.0319999999998872,-0.1312062617542304,0.1312062617542304,1.0
2.032999999999887,-2.032999999999887,-0.13107518656766273,0.13107518656766273,1.0
2.033999999999887,-2.033999999999887,-0.13094424232533738,0.13094424232533738,1.0
2.034999999999887,-2.034999999999887,-0.13081342889644096,0.13081342889644096,1.0
2.035999999999887,-2.035999999999887,-0.13068274615029066,0.13068274615029066,1.0
2.0369999999998867,-2.0369999999998867,-0.13055219395633433,0.13055219395633433,1.0
2.0379999999998866,-2.0379999999998866,-0.13042177218415021,0.13042177218415021,1.0
2.0389999999998865,-2.0389999999998865,-0.13029148070344676,0.13029148070344676,1.0
2.0399999999998863,-2.0399999999998863,-0.1301613193840627,0.1301613193840627,1.0
2.0409999999998862,-2.0409999999998862,-0.13003128809596673,0.13003128809596673,1.0
2.041999999999886,-2.041999999999886,-0.12990138670925747,0.12990138670925747,1.0
2.042999999999886,-2.042999999999886,-0.1297716150941633,0.1297716150941633,1.0
2.043999999999886,-2.043999999999886,-0.12964197312104228,0.12964197312104228,1.0
2.044999999999886,-2.044999999999886,-0.12951246066038188,0.12951246066038188,1.0
2.0459999999998857,-2.0459999999998857,-0.12938307758279907,0.12938307758279907,1.0
2.0469999999998856,-2.0469999999998856,-0.12925382375904002,0.12925382375904002,1.0
2.0479999999998855,-2.0479999999998855,-0.12912469905998003,0.12912469905998003,1.0
2.0489999999998854,-2.0489999999998854,-0.12899570335662341,0.12899570335662341,1.0
2.0499999999998852,-2.0499999999998852,-0.1288668365201033,0.1288668365201033,1.0
2.050999999999885,-2.050999999999885,-0.12873809842168163,0.12873809842168163,1.0
2.051999999999885,-2.051999999999885,-0.12860948893274887,0.12860948893274887,1.0
2.052999999999885,-2.052999999999885,-0.12848100792482406,0.12848100792482406,1.0
2.053999999999885,-2.053999999999885,-0.1283526552695545,0.1283526552695545,1.0
2.0549999999998847,-2.0549999999998847,-0.12822443083871576,0.12822443083871576,1.0
2.0559999999998846,-2.0559999999998846,-0.12809633450421157,0.12809633450421157,1.0
2.0569999999998845,-2.0569999999998845,-0.12796836613807352,0.12796836613807352,1.0
2.0579999999998844,-2.0579999999998844,-0.12784052561246106,0.12784052561246106,1.0
2.0589999999998843,-2.0589999999998843,-0.1277128127996614,0.1277128127996614,1.0
2.059999999999884,-2.059999999999884,-0.12758522757208932,0.12758522757208932,1.0
2.060999999999884,-2.060999999999884,-0.12745776980228704,0.12745776980228704,1.0
2.061999999999884,-2.061999999999884,-0.12733043936292412,0.12733043936292412,1.0
2.062999999999884,-2.062999999999884,-0.12720323612679735,0.12720323612679735,1.0
2.0639999999998837,-2.0639999999998837,-0.12707615996683053,0.12707615996683053,1.0
2.0649999999998836,-2.0649999999998836,-0.12694921075607443,0.12694921075607443,1.0
2.0659999999998835,-2.0659999999998835,-0.1268223883677067,0.1268223883677067,1.0
2.0669999999998834,-2.0669999999998834,-0.1266956926750317,0.1266956926750317,1.0
2.0679999999998833,-2.0679999999998833,-0.1265691235514802,0.1265691235514802,1.0
2.068999999999883,-2.068999999999883,-0.1264426808706096,0.1264426808706096,1.0
2.069999999999883,-2.069999999999883,-0.12631636450610348,0.12631636450610348,1.0
2.070999999999883,-2.070999999999883,-0.12619017433177168,0.12619017433177168,1.0
2.071999999999883,-2.071999999999883,-0.12606411022155015,0.12606411022155015,1.0
2.0729999999998827,-2.0729999999998827,-0.12593817204950064,0.12593817204950064,1.0
2.0739999999998826,-2.0739999999998826,-0.12581235968981083,0.12581235968981083,1.0
2.0749999999998825,-2.0749999999998825,-0.125686673016794,0.125686673016794,1.0
2.0759999999998824,-2.0759999999998824,-0.1255611119048891,0.1255611119048891,1.0
2.0769999999998823,-2.0769999999998823,-0.12543567622866045,0.12543567622866045,1.0
2.077999999999882,-2.077999999999882,-0.12531036586279765,0.12531036586279765,1.0
2.078999999999882,-2.078999999999882,-0.1251851806821155,0.1251851806821155,1.0
2.079999999999882,-2.079999999999882,-0.12506012056155397,0.12506012056155397,1.0
2.080999999999882,-2.080999999999882,-0.12493518537617779,0.12493518537617779,1.0
2.0819999999998817,-2.0819999999998817,-0.1248103750011766,0.1248103750011766,1.0
2.0829999999998816,-2.0829999999998816,-0.12468568931186473,0.12468568931186473,1.0
2.0839999999998815,-2.0839999999998815,-0.12456112818368105,0.12456112818368105,1.0
2.0849999999998814,-2.0849999999998814,-0.12443669149218886,0.12443669149218886,1.0
2.0859999999998813,-2.0859999999998813,-0.12431237911307579,0.12431237911307579,1.0
2.086999999999881,-2.086999999999881,-0.12418819092215362,0.12418819092215362,1.0
2.087999999999881,-2.087999999999881,-0.12406412679535828,0.12406412679535828,1.0
2.088999999999881,-2.088999999999881,-0.12394018660874953,0.12394018660874953,1.0
2.089999999999881,-2.089999999999881,-0.12381637023851101,0.12381637023851101,1.0
2.0909999999998807,-2.0909999999998807,-0.12369267756095005,0.12369267756095005,1.0
2.0919999999998806,-2.0919999999998806,-0.12356910845249756,0.12356910845249756,1.0
2.0929999999998805,-2.0929999999998805,-0.12344566278970785,0.12344566278970785,1.0
2.0939999999998804,-2.0939999999998804,-0.1233223404492586,0.1233223404492586,1.0
2.0949999999998803,-2.0949999999998803,-0.12319914130795065,0.12319914130795065,1.0
2.09599999999988,-2.09599999999988,-0.12307606524270794,0.12307606524270794,1.0
2.09699999999988,-2.09699999999988,-0.12295311213057736,0.12295311213057736,1.0
2.09799999999988,-2.09799999999988,-0.12283028184872863,0.12283028184872863,1.0
2.09899999999988,-2.09899999999988,-0.12270757427445418,0.12270757427445418,1.0
2.0999999999998797,-2.0999999999998797,-0.122584989285169,0.122584989285169,1.0
2.1009999999998796,-2.1009999999998796,-0.1224625267584106,0.1224625267584106,1.0
2.1019999999998795,-2.1019999999998795,-0.12234018657183876,0.12234018657183876,1.0
2.1029999999998794,-2.1029999999998794,-0.12221796860323553,0.12221796860323553,1.0
2.1039999999998793,-2.1039999999998793,-0.12209587273050503,0.12209587273050503,1.0
2.104999999999879,-2.104999999999879,-0.12197389883167335,0.12197389883167335,1.0
2.105999999999879,-2.105999999999879,-0.12185204678488848,0.12185204678488848,1.0
2.106999999999879,-2.106999999999879,-0.12173031646842006,0.12173031646842006,1.0
2.107999999999879,-2.107999999999879,-0.12160870776065939,0.12160870776065939,1.0
2.1089999999998787,-2.1089999999998787,-0.12148722054011928,0.12148722054011928,1.0
2.1099999999998786,-2.1099999999998786,-0.12136585468543384,0.12136585468543384,1.0
2.1109999999998785,-2.1109999999998785,-0.1212446100753585,0.1212446100753585,1.0
2.1119999999998784,-2.1119999999998784,-0.12112348658876972,0.12112348658876972,1.0
2.1129999999998783,-2.1129999999998783,-0.12100248410466505,0.12100248410466505,1.0
2.113999999999878,-2.113999999999878,-0.12088160250216289,0.12088160250216289,1.0
2.114999999999878,-2.114999999999878,-0.12076084166050238,0.12076084166050238,1.0
2.115999999999878,-2.115999999999878,-0.12064020145904333,0.12064020145904333,1.0
2.116999999999878,-2.116999999999878,-0.12051968177726606,0.12051968177726606,1.0
2.1179999999998778,-2.1179999999998778,-0.12039928249477129,0.12039928249477129,1.0
2.1189999999998776,-2.1189999999998776,-0.12027900349128001,0.12027900349128001,1.0
2.1199999999998775,-2.1199999999998775,-0.12015884464663337,0.12015884464663337,1.0
2.1209999999998774,-2.1209999999998774,-0.12003880584079259,0.12003880584079259,1.0
2.1219999999998773,-2.1219999999998773,-0.11991888695383875,0.11991888695383875,1.0
2.122999999999877,-2.122999999999877,-0.11979908786597276,0.11979908786597276,1.0
2.123999999999877,-2.123999999999877,-0.11967940845751526,0.11967940845751526,1.0
2.124999999999877,-2.124999999999877,-0.11955984860890635,0.11955984860890635,1.0
2.125999999999877,-2.125999999999877,-0.11944040820070564,0.11944040820070564,1.0
2.1269999999998768,-2.1269999999998768,-0.11932108711359206,0.11932108711359206,1.0
2.1279999999998767,-2.1279999999998767,-0.11920188522836368,0.11920188522836368,1.0
2.1289999999998765,-2.1289999999998765,-0.11908280242593773,0.11908280242593773,1.0
2.1299999999998764,-2.1299999999998764,-0.11896383858735039,0.11896383858735039,1.0
2.1309999999998763,-2.1309999999998763,-0.11884499359375664,0.11884499359375664,1.0
2.131999999999876,-2.131999999999876,-0.11872626732643023,0.11872626732643023,1.0
2.132999999999876,-2.132999999999876,-0.11860765966676345,0.11860765966676345,1.0
2.133999999999876,-2.133999999999876,-0.11848917049626718,0.11848917049626718,1.0
2.134999999999876,-2.134999999999876,-0.1183707996965706,0.1183707996965706,1.0
2.1359999999998758,-2.1359999999998758,-0.11825254714942118,0.11825254714942118,1.0
2.1369999999998757,-2.1369999999998757,-0.1181344127366845,0.1181344127366845,1.0
2.1379999999998756,-2.1379999999998756,-0.11801639634034415,0.11801639634034415,1.0
2.1389999999998754,-2.1389999999998754,-0.11789849784250164,0.11789849784250164,1.0
2.1399999999998753,-2.1399999999998753,-0.11778071712537626,0.11778071712537626,1.0
2.1409999999998752,-2.1409999999998752,-0.11766305407130495,0.11766305407130495,1.0
2.141999999999875,-2.141999999999875,-0.1175455085627422,0.1175455085627422,1.0
2.142999999999875,-2.142999999999875,-0.11742808048225994,0.11742808048225994,1.0
2.143999999999875,-2.143999999999875,-0.11731076971254739,0.11731076971254739,1.0
2.144999999999875,-2.144999999999875,-0.11719357613641099,0.11719357613641099,1.0
2.1459999999998747,-2.1459999999998747,-0.1170764996367742,0.1170764996367742,1.0
2.1469999999998746,-2.1469999999998746,-0.11695954009667753,0.11695954009667753,1.0
2.1479999999998745,-2.1479999999998745,-0.11684269739927823,0.11684269739927823,1.0
2.1489999999998743,-2.1489999999998743,-0.11672597142785039,0.11672597142785039,1.0
2.1499999999998742,-2.1499999999998742,-0.1166093620657846,0.1166093620657846,1.0
2.150999999999874,-2.150999999999874,-0.11649286919658802,0.11649286919658802,1.0
2.151999999999874,-2.151999999999874,-0.11637649270388413,0.11637649270388413,1.0
2.152999999999874,-2.152999999999874,-0.11626023247141272,0.11626023247141272,1.0
2.153999999999874,-2.153999999999874,-0.1161440883830297,0.1161440883830297,1.0
2.1549999999998737,-2.1549999999998737,-0.11602806032270699,0.11602806032270699,1.0
2.1559999999998736,-2.1559999999998736,-0.11591214817453246,0.11591214817453246,1.0
2.1569999999998735,-2.1569999999998735,-0.11579635182270977,0.11579635182270977,1.0
2.1579999999998734,-2.1579999999998734,-0.1156806711515582,0.1156806711515582,1.0
2.1589999999998732,-2.1589999999998732,-0.11556510604551268,0.11556510604551268,1.0
2.159999999999873,-2.159999999999873,-0.11544965638912356,0.11544965638912356,1.0
2.160999999999873,-2.160999999999873,-0.1153343220670565,0.1153343220670565,1.0
2.161999999999873,-2.161999999999873,-0.1152191029640924,0.1152191029640924,1.0
2.162999999999873,-2.162999999999873,-0.11510399896512727,0.11510399896512727,1.0
2.1639999999998727,-2.1639999999998727,-0.1149890099551721,0.1149890099551721,1.0
2.1649999999998726,-2.1649999999998726,-0.11487413581935274,0.11487413581935274,1.0
2.1659999999998725,-2.1659999999998725,-0.11475937644290983,0.11475937644290983,1.0
2.1669999999998724,-2.1669999999998724,-0.11464473171119861,0.11464473171119861,1.0
2.1679999999998723,-2.1679999999998723,-0.11453020150968894,0.11453020150968894,1.0
2.168999999999872,-2.168999999999872,-0.11441578572396498,0.11441578572396498,1.0
2.169999999999872,-2.169999999999872,-0.11430148423972525,0.11430148423972525,1.0
2.170999999999872,-2.170999999999872,-0.11418729694278246,0.11418729694278246,1.0
2.171999999999872,-2.171999999999872,-0.11407322371906341,0.11407322371906341,1.0
2.1729999999998717,-2.1729999999998717,-0.11395926445460879,0.11395926445460879,1.0
2.1739999999998716,-2.1739999999998716,-0.11384541903557323,0.11384541903557323,1.0
2.1749999999998715,-2.1749999999998715,-0.113731687348225,0.113731687348225,1.0
2.1759999999998714,-2.1759999999998714,-0.11361806927894606,0.11361806927894606,1.0
2.1769999999998713,-2.1769999999998713,-0.11350456471423183,0.11350456471423183,1.0
2.177999999999871,-2.177999999999871,-0.11339117354069114,0.11339117354069114,1.0
2.178999999999871,-2.178999999999871,-0.11327789564504609,0.11327789564504609,1.0
2.179999999999871,-2.179999999999871,-0.11316473091413196,0.11316473091413196,1.0
2.180999999999871,-2.180999999999871,-0.11305167923489706,0.11305167923489706,1.0
2.1819999999998707,-2.1819999999998707,-0.11293874049440267,0.11293874049440267,1.0
2.1829999999998706,-2.1829999999998706,-0.11282591457982284,0.11282591457982284,1.0
2.1839999999998705,-2.1839999999998705,-0.1127132013784444,0.1127132013784444,1.0
2.1849999999998704,-2.1849999999998704,-0.11260060077766675,0.11260060077766675,1.0
2.1859999999998703,-2.1859999999998703,-0.11248811266500174,0.11248811266500174,1.0
2.18699999999987,-2.18699999999987,-0.11237573692807366,0.11237573692807366,1.0
2.18799999999987,-2.18799999999987,-0.11226347345461904,0.11226347345461904,1.0
2.18899999999987,-2.18899999999987,-0.11215132213248656,0.11215132213248656,1.0
2.18999999999987,-2.18999999999987,-0.11203928284963693,0.11203928284963693,1.0
2.1909999999998697,-2.1909999999998697,-0.11192735549414279,0.11192735549414279,1.0
2.1919999999998696,-2.1919999999998696,-0.1118155399541886,0.1118155399541886,1.0
2.1929999999998695,-2.1929999999998695,-0.11170383611807051,0.11170383611807051,1.0
2.1939999999998694,-2.1939999999998694,-0.11159224387419632,0.11159224387419632,1.0
2.1949999999998693,-2.1949999999998693,-0.11148076311108522,0.11148076311108522,1.0
2.195999999999869,-2.195999999999869,-0.11136939371736787,0.11136939371736787,1.0
2.196999999999869,-2.196999999999869,-0.11125813558178607,0.11125813558178607,1.0
2.197999999999869,-2.197999999999869,-0.11114698859319289,0.11114698859319289,1.0
2.198999999999869,-2.198999999999869,-0.11103595264055233,0.11103595264055233,1.0
2.1999999999998687,-2.1999999999998687,-0.11092502761293939,0.11092502761293939,1.0
2.2009999999998686,-2.2009999999998686,-0.11081421339953984,0.11081421339953984,1.0
2.2019999999998685,-2.2019999999998685,-0.11070350988965018,0.11070350988965018,1.0
2.2029999999998684,-2.2029999999998684,-0.11059291697267751,0.11059291697267751,1.0
2.2039999999998683,-2.2039999999998683,-0.11048243453813936,0.11048243453813936,1.0
2.204999999999868,-2.204999999999868,-0.1103720624756637,0.1103720624756637,1.0
2.205999999999868,-2.205999999999868,-0.11026180067498871,0.11026180067498871,1.0
2.206999999999868,-2.206999999999868,-0.11015164902596275,0.11015164902596275,1.0
2.207999999999868,-2.207999999999868,-0.1100416074185442,0.1100416074185442,1.0
2.2089999999998677,-2.2089999999998677,-0.1099316757428014,0.1099316757428014,1.0
2.2099999999998676,-2.2099999999998676,-0.1098218538889125,0.1098218538889125,1.0
2.2109999999998675,-2.2109999999998675,-0.10971214174716533,0.10971214174716533,1.0
2.2119999999998674,-2.2119999999998674,-0.10960253920795736,0.10960253920795736,1.0
2.2129999999998673,-2.2129999999998673,-0.10949304616179557,0.10949304616179557,1.0
2.213999999999867,-2.213999999999867,-0.10938366249929628,0.10938366249929628,1.0
2.214999999999867,-2.214999999999867,-0.10927438811118509,0.10927438811118509,1.0
2.215999999999867,-2.215999999999867,-0.1091652228882968,0.1091652228882968,1.0
2.216999999999867,-2.216999999999867,-0.10905616672157524,0.10905616672157524,1.0
2.2179999999998667,-2.2179999999998667,-0.10894721950207316,0.10894721950207316,1.0
2.2189999999998666,-2.2189999999998666,-0.1088383811209522,0.1088383811209522,1.0
2.2199999999998665,-2.2199999999998665,-0.10872965146948273,0.10872965146948273,1.0
2.2209999999998664,-2.2209999999998664,-0.10862103043904367,0.10862103043904367,1.0
2.2219999999998663,-2.2219999999998663,-0.10851251792112254,0.10851251792112254,1.0
2.222999999999866,-2.222999999999866,-0.10840411380731524,0.10840411380731524,1.0
2.223999999999866,-2.223999999999866,-0.1082958179893259,0.1082958179893259,1.0
2.224999999999866,-2.224999999999866,-0.10818763035896695,0.10818763035896695,1.0
2.225999999999866,-2.225999999999866,-0.10807955080815879,0.10807955080815879,1.0
2.2269999999998658,-2.2269999999998658,-0.10797157922892987,0.10797157922892987,1.0
2.2279999999998656,-2.2279999999998656,-0.10786371551341645,0.10786371551341645,1.0
2.2289999999998655,-2.2289999999998655,-0.10775595955386258,0.10775595955386258,1.0
2.2299999999998654,-2.2299999999998654,-0.10764831124261998,0.10764831124261998,1.0
2.2309999999998653,-2.2309999999998653,-0.10754077047214781,0.10754077047214781,1.0
2.231999999999865,-2.231999999999865,-0.1074333371350128,0.1074333371350128,1.0
2.232999999999865,-2.232999999999865,-0.10732601112388891,0.10732601112388891,1.0
2.233999999999865,-2.233999999999865,-0.10721879233155734,0.10721879233155734,1.0
2.234999999999865,-2.234999999999865,-0.10711168065090644,0.10711168065090644,1.0
2.2359999999998648,-2.2359999999998648,-0.1070046759749315,0.1070046759749315,1.0
2.2369999999998647,-2.2369999999998647,-0.10689777819673477,0.10689777819673477,1.0
2.2379999999998645,-2.2379999999998645,-0.10679098720952523,0.10679098720952523,1.0
2.2389999999998644,-2.2389999999998644,-0.10668430290661862,0.10668430290661862,1.0
2.2399999999998643,-2.2399999999998643,-0.10657772518143718,0.10657772518143718,1.0
2.240999999999864,-2.240999999999864,-0.10647125392750967,0.10647125392750967,1.0
2.241999999999864,-2.241999999999864,-0.1063648890384712,0.1063648890384712,1.0
2.242999999999864,-2.242999999999864,-0.10625863040806313,0.10625863040806313,1.0
2.243999999999864,-2.243999999999864,-0.10615247793013301,0.10615247793013301,1.0
2.2449999999998638,-2.2449999999998638,-0.10604643149863438,0.10604643149863438,1.0
2.2459999999998637,-2.2459999999998637,-0.10594049100762674,0.10594049100762674,1.0
2.2469999999998636,-2.2469999999998636,-0.10583465635127547,0.10583465635127547,1.0
2.2479999999998634,-2.2479999999998634,-0.10572892742385162,0.10572892742385162,1.0
2.2489999999998633,-2.2489999999998633,-0.10562330411973188,0.10562330411973188,1.0
2.249999999999863,-2.249999999999863,-0.10551778633339848,0.10551778633339848,1.0
2.250999999999863,-2.250999999999863,-0.10541237395943905,0.10541237395943905,1.0
2.251999999999863,-2.251999999999863,-0.10530706689254649,0.10530706689254649,1.0
2.252999999999863,-2.252999999999863,-0.10520186502751898,0.10520186502751898,1.0
2.253999999999863,-2.253999999999863,-0.10509676825925972,0.10509676825925972,1.0
2.2549999999998627,-2.2549999999998627,-0.10499177648277695,0.10499177648277695,1.0
2.2559999999998626,-2.2559999999998626,-0.10488688959318375,0.10488688959318375,1.0
2.2569999999998624,-2.2569999999998624,-0.10478210748569805,0.10478210748569805,1.0
2.2579999999998623,-2.2579999999998623,-0.10467743005564241,0.10467743005564241,1.0
2.2589999999998622,-2.2589999999998622,-0.10457285719844396,0.10457285719844396,1.0
2.259999999999862,-2.259999999999862,-0.10446838880963433,0.10446838880963433,1.0
2.260999999999862,-2.260999999999862,-0.10436402478484948,0.10436402478484948,1.0
2.261999999999862,-2.261999999999862,-0.10425976501982966,0.10425976501982966,1.0
2.262999999999862,-2.262999999999862,-0.10415560941041924,0.10415560941041924,1.0
2.2639999999998617,-2.2639999999998617,-0.10405155785256666,0.10405155785256666,1.0
2.2649999999998616,-2.2649999999998616,-0.10394761024232434,0.10394761024232434,1.0
2.2659999999998615,-2.2659999999998615,-0.10384376647584848,0.10384376647584848,1.0
2.2669999999998613,-2.2669999999998613,-0.10374002644939907,0.10374002644939907,1.0
2.2679999999998612,-2.2679999999998612,-0.10363639005933975,0.10363639005933975,1.0
2.268999999999861,-2.268999999999861,-0.10353285720213762,0.10353285720213762,1.0
2.269999999999861,-2.269999999999861,-0.10342942777436324,0.10342942777436324,1.0
2.270999999999861,-2.270999999999861,-0.10332610167269055,0.10332610167269055,1.0
2.271999999999861,-2.271999999999861,-0.10322287879389666,0.10322287879389666,1.0
2.2729999999998607,-2.2729999999998607,-0.10311975903486179,0.10311975903486179,1.0
2.2739999999998606,-2.2739999999998606,-0.10301674229256921,0.10301674229256921,1.0
2.2749999999998605,-2.2749999999998605,-0.10291382846410511,0.10291382846410511,1.0
2.2759999999998604,-2.2759999999998604,-0.10281101744665845,0.10281101744665845,1.0
2.2769999999998602,-2.2769999999998602,-0.10270830913752092,0.10270830913752092,1.0
2.27799999999986,-2.27799999999986,-0.10260570343408686,0.10260570343408686,1.0
2.27899999999986,-2.27899999999986,-0.102503200233853,0.102503200233853,1.0
2.27999999999986,-2.27999999999986,-0.10240079943441857,0.10240079943441857,1.0
2.28099999999986,-2.28099999999986,-0.1022985009334851,0.1022985009334851,1.0
2.2819999999998597,-2.2819999999998597,-0.10219630462885623,0.10219630462885623,1.0
2.2829999999998596,-2.2829999999998596,-0.10209421041843779,0.10209421041843779,1.0
2.2839999999998595,-2.2839999999998595,-0.10199221820023756,0.10199221820023756,1.0
2.2849999999998594,-2.2849999999998594,-0.10189032787236518,0.10189032787236518,1.0
2.2859999999998593,-2.2859999999998593,-0.10178853933303214,0.10178853933303214,1.0
2.286999999999859,-2.286999999999859,-0.1016868524805516,0.1016868524805516,1.0
2.287999999999859,-2.287999999999859,-0.10158526721333826,0.10158526721333826,1.0
2.288999999999859,-2.288999999999859,-0.10148378342990834,0.10148378342990834,1.0
2.289999999999859,-2.289999999999859,-0.10138240102887948,0.10138240102887948,1.0
2.2909999999998587,-2.2909999999998587,-0.1012811199089705,0.1012811199089705,1.0
2.2919999999998586,-2.2919999999998586,-0.10117993996900149,0.10117993996900149,1.0
2.2929999999998585,-2.2929999999998585,-0.1010788611078936,0.1010788611078936,1.0
2.2939999999998584,-2.2939999999998584,-0.10097788322466894,0.10097788322466894,1.0
2.2949999999998583,-2.2949999999998583,-0.1008770062184505,0.1008770062184505,1.0
2.295999999999858,-2.295999999999858,-0.10077622998846203,0.10077622998846203,1.0
2.296999999999858,-2.296999999999858,-0.10067555443402801,0.10067555443402801,1.0
2.297999999999858,-2.297999999999858,-0.10057497945457343,0.10057497945457343,1.0
2.298999999999858,-2.298999999999858,-0.1004745049496238,0.1004745049496238,1.0
2.2999999999998577,-2.2999999999998577,-0.100374130818805,0.100374130818805,1.0
2.3009999999998576,-2.3009999999998576,-0.10027385696184316,0.10027385696184316,1.0
2.3019999999998575,-2.3019999999998575,-0.1001736832785646,0.1001736832785646,1.0
2.3029999999998574,-2.3029999999998574,-0.1000736096688957,0.1000736096688957,1.0
2.3039999999998573,-2.3039999999998573,-0.09997363603286284,0.09997363603286284,1.0
2.304999999999857,-2.304999999999857,-0.09987376227059225,0.09987376227059225,1.0
2.305999999999857,-2.305999999999857,-0.09977398828230995,0.09977398828230995,1.0
2.306999999999857,-2.306999999999857,-0.09967431396834162,0.09967431396834162,1.0
2.307999999999857,-2.307999999999857,-0.0995747392291125,0.0995747392291125,1.0
2.3089999999998567,-2.3089999999998567,-0.09947526396514736,0.09947526396514736,1.0
2.3099999999998566,-2.3099999999998566,-0.09937588807707028,0.09937588807707028,1.0
2.3109999999998565,-2.3109999999998565,-0.09927661146560468,0.09927661146560468,1.0
2.3119999999998564,-2.3119999999998564,-0.09917743403157311,0.09917743403157311,1.0
2.3129999999998563,-2.3129999999998563,-0.09907835567589722,0.09907835567589722,1.0
2.313999999999856,-2.313999999999856,-0.09897937629959762,0.09897937629959762,1.0
2.314999999999856,-2.314999999999856,-0.09888049580379384,0.09888049580379384,1.0
2.315999999999856,-2.315999999999856,-0.09878171408970413,0.09878171408970413,1.0
2.316999999999856,-2.316999999999856,-0.0986830310586455,0.0986830310586455,1.0
2.3179999999998557,-2.3179999999998557,-0.09858444661203347,0.09858444661203347,1.0
2.3189999999998556,-2.3189999999998556,-0.09848596065138207,0.09848596065138207,1.0
2.3199999999998555,-2.3199999999998555,-0.09838757307830379,0.09838757307830379,1.0
2.3209999999998554,-2.3209999999998554,-0.09828928379450926,0.09828928379450926,1.0
2.3219999999998553,-2.3219999999998553,-0.09819109270180747,0.09819109270180747,1.0
2.322999999999855,-2.322999999999855,-0.09809299970210535,0.09809299970210535,1.0
2.323999999999855,-2.323999999999855,-0.09799500469740795,0.09799500469740795,1.0
2.324999999999855,-2.324999999999855,-0.09789710758981814,0.09789710758981814,1.0
2.325999999999855,-2.325999999999855,-0.0977993082815366,0.0977993082815366,1.0
2.3269999999998547,-2.3269999999998547,-0.09770160667486173,0.09770160667486173,1.0
2.3279999999998546,-2.3279999999998546,-0.09760400267218955,0.09760400267218955,1.0
2.3289999999998545,-2.3289999999998545,-0.09750649617601352,0.09750649617601352,1.0
2.3299999999998544,-2.3299999999998544,-0.09740908708892461,0.09740908708892461,1.0
2.3309999999998543,-2.3309999999998543,-0.09731177531361102,0.09731177531361102,1.0
2.331999999999854,-2.331999999999854,-0.09721456075285814,0.09721456075285814,1.0
2.332999999999854,-2.332999999999854,-0.09711744330954859,0.09711744330954859,1.0
2.333999999999854,-2.333999999999854,-0.09702042288666193,0.09702042288666193,1.0
2.334999999999854,-2.334999999999854,-0.09692349938727465,0.09692349938727465,1.0
2.3359999999998537,-2.3359999999998537,-0.0968266727145601,0.0968266727145601,1.0
2.3369999999998536,-2.3369999999998536,-0.0967299427717883,0.0967299427717883,1.0
2.3379999999998535,-2.3379999999998535,-0.09663330946232598,0.09663330946232598,1.0
2.3389999999998534,-2.3389999999998534,-0.09653677268963634,0.09653677268963634,1.0
2.3399999999998533,-2.3399999999998533,-0.09644033235727907,0.09644033235727907,1.0
2.340999999999853,-2.340999999999853,-0.09634398836891017,0.09634398836891017,1.0
2.341999999999853,-2.341999999999853,-0.09624774062828188,0.09624774062828188,1.0
2.342999999999853,-2.342999999999853,-0.09615158903924265,0.09615158903924265,1.0
2.343999999999853,-2.343999999999853,-0.09605553350573691,0.09605553350573691,1.0
2.3449999999998528,-2.3449999999998528,-0.09595957393180511,0.09595957393180511,1.0
2.3459999999998526,-2.3459999999998526,-0.09586371022158352,0.09586371022158352,1.0
2.3469999999998525,-2.3469999999998525,-0.09576794227930423,0.09576794227930423,1.0
2.3479999999998524,-2.3479999999998524,-0.09567227000929493,0.09567227000929493,1.0
2.3489999999998523,-2.3489999999998523,-0.09557669331597894,0.09557669331597894,1.0
2.349999999999852,-2.349999999999852,-0.09548121210387507,0.09548121210387507,1.0
2.350999999999852,-2.350999999999852,-0.09538582627759748,0.09538582627759748,1.0
2.351999999999852,-2.351999999999852,-0.09529053574185563,0.09529053574185563,1.0
2.352999999999852,-2.352999999999852,-0.09519534040145416,0.09519534040145416,1.0
2.3539999999998518,-2.3539999999998518,-0.09510024016129288,0.09510024016129288,1.0
2.3549999999998517,-2.3549999999998517,-0.09500523492636652,0.09500523492636652,1.0
2.3559999999998515,-2.3559999999998515,-0.09491032460176475,0.09491032460176475,1.0
2.3569999999998514,-2.3569999999998514,-0.09481550909267208,0.09481550909267208,1.0
2.3579999999998513,-2.3579999999998513,-0.09472078830436771,0.09472078830436771,1.0
2.358999999999851,-2.358999999999851,-0.09462616214222548,0.09462616214222548,1.0
2.359999999999851,-2.359999999999851,-0.09453163051171376,0.09453163051171376,1.0
2.360999999999851,-2.360999999999851,-0.09443719331839537,0.09443719331839537,1.0
2.361999999999851,-2.361999999999851,-0.09434285046792744,0.09434285046792744,1.0
2.3629999999998508,-2.3629999999998508,-0.09424860186606139,0.09424860186606139,1.0
2.3639999999998507,-2.3639999999998507,-0.09415444741864273,0.09415444741864273,1.0
2.3649999999998506,-2.3649999999998506,-0.09406038703161113,0.09406038703161113,1.0
2.3659999999998504,-2.3659999999998504,-0.09396642061100013,0.09396642061100013,1.0
2.3669999999998503,-2.3669999999998503,-0.09387254806293718,0.09387254806293718,1.0
2.3679999999998502,-2.3679999999998502,-0.09377876929364355,0.09377876929364355,1.0
2.36899999999985,-2.36899999999985,-0.09368508420943412,0.09368508420943412,1.0
2.36999999999985,-2.36999999999985,-0.09359149271671742,0.09359149271671742,1.0
2.37099999999985,-2.37099999999985,-0.09349799472199542,0.09349799472199542,1.0
2.37199999999985,-2.37199999999985,-0.09340459013186354,0.09340459013186354,1.0
2.3729999999998497,-2.3729999999998497,-0.09331127885301053,0.09331127885301053,1.0
2.3739999999998496,-2.3739999999998496,-0.09321806079221831,0.09321806079221831,1.0
2.3749999999998495,-2.3749999999998495,-0.09312493585636195,0.09312493585636195,1.0
2.3759999999998493,-2.3759999999998493,-0.09303190395240954,0.09303190395240954,1.0
2.3769999999998492,-2.3769999999998492,-0.0929389649874221,0.0929389649874221,1.0
2.377999999999849,-2.377999999999849,-0.09284611886855355,0.09284611886855355,1.0
2.378999999999849,-2.378999999999849,-0.0927533655030505,0.0927533655030505,1.0
2.379999999999849,-2.379999999999849,-0.09266070479825225,0.09266070479825225,1.0
2.380999999999849,-2.380999999999849,-0.09256813666159065,0.09256813666159065,1.0
2.3819999999998487,-2.3819999999998487,-0.09247566100059006,0.09247566100059006,1.0
2.3829999999998486,-2.3829999999998486,-0.09238327772286718,0.09238327772286718,1.0
2.3839999999998485,-2.3839999999998485,-0.09229098673613105,0.09229098673613105,1.0
2.3849999999998484,-2.3849999999998484,-0.09219878794818287,0.09219878794818287,1.0
2.3859999999998482,-2.3859999999998482,-0.09210668126691596,0.09210668126691596,1.0
2.386999999999848,-2.386999999999848,-0.09201466660031564,0.09201466660031564,1.0
2.387999999999848,-2.387999999999848,-0.09192274385645918,0.09192274385645918,1.0
2.388999999999848,-2.388999999999848,-0.09183091294351567,0.09183091294351567,1.0
2.389999999999848,-2.389999999999848,-0.09173917376974591,0.09173917376974591,1.0
2.3909999999998477,-2.3909999999998477,-0.09164752624350242,0.09164752624350242,1.0
2.3919999999998476,-2.3919999999998476,-0.09155597027322918,0.09155597027322918,1.0
2.3929999999998475,-2.3929999999998475,-0.09146450576746172,0.09146450576746172,1.0
2.3939999999998474,-2.3939999999998474,-0.09137313263482688,0.09137313263482688,1.0
2.3949999999998473,-2.3949999999998473,-0.09128185078404283,0.09128185078404283,1.0
2.395999999999847,-2.395999999999847,-0.09119066012391891,0.09119066012391891,1.0
2.396999999999847,-2.396999999999847,-0.09109956056335557,0.09109956056335557,1.0
2.397999999999847,-2.397999999999847,-0.09100855201134422,0.09100855201134422,1.0
2.398999999999847,-2.398999999999847,-0.09091763437696726,0.09091763437696726,1.0
2.3999999999998467,-2.3999999999998467,-0.09082680756939787,0.09082680756939787,1.0
2.4009999999998466,-2.4009999999998466,-0.09073607149789996,0.09073607149789996,1.0
2.4019999999998465,-2.4019999999998465,-0.09064542607182814,0.09064542607182814,1.0
2.4029999999998464,-2.4029999999998464,-0.09055487120062751,0.09055487120062751,1.0
2.4039999999998463,-2.4039999999998463,-0.09046440679383368,0.09046440679383368,1.0
2.404999999999846,-2.404999999999846,-0.0903740327610726,0.0903740327610726,1.0
2.405999999999846,-2.405999999999846,-0.09028374901206054,0.09028374901206054,1.0
2.406999999999846,-2.406999999999846,-0.09019355545660394,0.09019355545660394,1.0
2.407999999999846,-2.407999999999846,-0.09010345200459934,0.09010345200459934,1.0
2.4089999999998457,-2.4089999999998457,-0.0900134385660333,0.0900134385660333,1.0
2.4099999999998456,-2.4099999999998456,-0.08992351505098231,0.08992351505098231,1.0
2.4109999999998455,-2.4109999999998455,-0.0898336813696127,0.0898336813696127,1.0
2.4119999999998454,-2.4119999999998454,-0.08974393743218051,0.08974393743218051,1.0
2.4129999999998453,-2.4129999999998453,-0.08965428314903148,0.08965428314903148,1.0
2.413999999999845,-2.413999999999845,-0.08956471843060088,0.08956471843060088,1.0
2.414999999999845,-2.414999999999845,-0.08947524318741347,0.08947524318741347,1.0
2.415999999999845,-2.415999999999845,-0.08938585733008338,0.08938585733008338,1.0
2.416999999999845,-2.416999999999845,-0.08929656076931405,0.08929656076931405,1.0
2.4179999999998447,-2.4179999999998447,-0.08920735341589817,0.08920735341589817,1.0
2.4189999999998446,-2.4189999999998446,-0.08911823518071744,0.08911823518071744,1.0
2.4199999999998445,-2.4199999999998445,-0.08902920597474269,0.08902920597474269,1.0
2.4209999999998444,-2.4209999999998444,-0.08894026570903366,0.08894026570903366,1.0
2.4219999999998443,-2.4219999999998443,-0.08885141429473892,0.08885141429473892,1.0
2.422999999999844,-2.422999999999844,-0.08876265164309584,0.08876265164309584,1.0
2.423999999999844,-2.423999999999844,-0.08867397766543042,0.08867397766543042,1.0
2.424999999999844,-2.424999999999844,-0.08858539227315726,0.08858539227315726,1.0
2.425999999999844,-2.425999999999844,-0.08849689537777948,0.08849689537777948,1.0
2.4269999999998437,-2.4269999999998437,-0.08840848689088858,0.08840848689088858,1.0
2.4279999999998436,-2.4279999999998436,-0.08832016672416441,0.08832016672416441,1.0
2.4289999999998435,-2.4289999999998435,-0.08823193478937502,0.08823193478937502,1.0
2.4299999999998434,-2.4299999999998434,-0.08814379099837664,0.08814379099837664,1.0
2.4309999999998433,-2.4309999999998433,-0.08805573526311353,0.08805573526311353,1.0
2.431999999999843,-2.431999999999843,-0.08796776749561791,0.08796776749561791,1.0
2.432999999999843,-2.432999999999843,-0.0878798876080099,0.0878798876080099,1.0
2.433999999999843,-2.433999999999843,-0.08779209551249739,0.08779209551249739,1.0
2.434999999999843,-2.434999999999843,-0.08770439112137601,0.08770439112137601,1.0
2.4359999999998427,-2.4359999999998427,-0.08761677434702897,0.08761677434702897,1.0
2.4369999999998426,-2.4369999999998426,-0.08752924510192706,0.08752924510192706,1.0
2.4379999999998425,-2.4379999999998425,-0.08744180329862843,0.08744180329862843,1.0
2.4389999999998424,-2.4389999999998424,-0.08735444884977865,0.08735444884977865,1.0
2.4399999999998423,-2.4399999999998423,-0.08726718166811054,0.08726718166811054,1.0
2.440999999999842,-2.440999999999842,-0.08718000166644409,0.08718000166644409,1.0
2.441999999999842,-2.441999999999842,-0.0870929087576864,0.0870929087576864,1.0
2.442999999999842,-2.442999999999842,-0.08700590285483156,0.08700590285483156,1.0
2.443999999999842,-2.443999999999842,-0.08691898387096061,0.08691898387096061,1.0
2.4449999999998417,-2.4449999999998417,-0.08683215171924137,0.08683215171924137,1.0
2.4459999999998416,-2.4459999999998416,-0.08674540631292844,0.08674540631292844,1.0
2.4469999999998415,-2.4469999999998415,-0.08665874756536307,0.08665874756536307,1.0
2.4479999999998414,-2.4479999999998414,-0.0865721753899731,0.0865721753899731,1.0
2.4489999999998413,-2.4489999999998413,-0.08648568970027282,0.08648568970027282,1.0
2.449999999999841,-2.449999999999841,-0.08639929040986297,0.08639929040986297,1.0
2.450999999999841,-2.450999999999841,-0.08631297743243053,0.08631297743243053,1.0
2.451999999999841,-2.451999999999841,-0.08622675068174879,0.08622675068174879,1.0
2.452999999999841,-2.452999999999841,-0.08614061007167713,0.08614061007167713,1.0
2.4539999999998408,-2.4539999999998408,-0.08605455551616097,0.08605455551616097,1.0
2.4549999999998406,-2.4549999999998406,-0.08596858692923173,0.08596858692923173,1.0
2.4559999999998405,-2.4559999999998405,-0.08588270422500671,0.08588270422500671,1.0
2.4569999999998404,-2.4569999999998404,-0.08579690731768903,0.08579690731768903,1.0
2.4579999999998403,-2.4579999999998403,-0.08571119612156745,0.08571119612156745,1.0
2.45899999999984,-2.45899999999984,-0.08562557055101644,0.08562557055101644,1.0
2.45999999999984,-2.45999999999984,-0.08554003052049593,0.08554003052049593,1.0
2.46099999999984,-2.46099999999984,-0.08545457594455137,0.08545457594455137,1.0
2.46199999999984,-2.46199999999984,-0.08536920673781356,0.08536920673781356,1.0
2.4629999999998398,-2.4629999999998398,-0.08528392281499857,0.08528392281499857,1.0
2.4639999999998397,-2.4639999999998397,-0.08519872409090766,0.08519872409090766,1.0
2.4649999999998395,-2.4649999999998395,-0.08511361048042723,0.08511361048042723,1.0
2.4659999999998394,-2.4659999999998394,-0.0850285818985287,0.0850285818985287,1.0
2.4669999999998393,-2.4669999999998393,-0.08494363826026843,0.08494363826026843,1.0
2.467999999999839,-2.467999999999839,-0.08485877948078765,0.08485877948078765,1.0
2.468999999999839,-2.468999999999839,-0.08477400547531234,0.08477400547531234,1.0
2.469999999999839,-2.469999999999839,-0.08468931615915319,0.08468931615915319,1.0
2.470999999999839,-2.470999999999839,-0.0846047114477055,0.0846047114477055,1.0
2.4719999999998388,-2.4719999999998388,-0.08452019125644904,0.08452019125644904,1.0
2.4729999999998387,-2.4729999999998387,-0.08443575550094809,0.08443575550094809,1.0
2.4739999999998386,-2.4739999999998386,-0.08435140409685124,0.08435140409685124,1.0
2.4749999999998384,-2.4749999999998384,-0.08426713695989135,0.08426713695989135,1.0
2.4759999999998383,-2.4759999999998383,-0.08418295400588548,0.08418295400588548,1.0
2.476999999999838,-2.476999999999838,-0.08409885515073473,0.08409885515073473,1.0
2.477999999999838,-2.477999999999838,-0.0840148403104243,0.0840148403104243,1.0
2.478999999999838,-2.478999999999838,-0.08393090940102328,0.08393090940102328,1.0
2.479999999999838,-2.479999999999838,-0.08384706233868458,0.08384706233868458,1.0
2.480999999999838,-2.480999999999838,-0.08376329903964495,0.08376329903964495,1.0
2.4819999999998377,-2.4819999999998377,-0.08367961942022473,0.08367961942022473,1.0
2.4829999999998376,-2.4829999999998376,-0.08359602339682788,0.08359602339682788,1.0
2.4839999999998374,-2.4839999999998374,-0.08351251088594196,0.08351251088594196,1.0
2.4849999999998373,-2.4849999999998373,-0.08342908180413781,0.08342908180413781,1.0
2.4859999999998372,-2.4859999999998372,-0.08334573606806975,0.08334573606806975,1.0
2.486999999999837,-2.486999999999837,-0.08326247359447526,0.08326247359447526,1.0
2.487999999999837,-2.487999999999837,-0.08317929430017508,0.08317929430017508,1.0
2.488999999999837,-2.488999999999837,-0.083096198102073,0.083096198102073,1.0
2.489999999999837,-2.489999999999837,-0.08301318491715586,0.08301318491715586,1.0
2.4909999999998367,-2.4909999999998367,-0.08293025466249336,0.08293025466249336,1.0
2.4919999999998366,-2.4919999999998366,-0.08284740725523812,0.08284740725523812,1.0
2.4929999999998365,-2.4929999999998365,-0.08276464261262549,0.08276464261262549,1.0
2.4939999999998363,-2.4939999999998363,-0.08268196065197352,0.08268196065197352,1.0
2.4949999999998362,-2.4949999999998362,-0.08259936129068284,0.08259936129068284,1.0
2.495999999999836,-2.495999999999836,-0.08251684444623658,0.08251684444623658,1.0
2.496999999999836,-2.496999999999836,-0.08243441003620039,0.08243441003620039,1.0
2.497999999999836,-2.497999999999836,-0.08235205797822218,0.08235205797822218,1.0
2.498999999999836,-2.498999999999836,-0.08226978819003215,0.08226978819003215,1.0
2.4999999999998357,-2.4999999999998357,-0.0821876005894427,0.0821876005894427,1.0
2.5009999999998356,-2.5009999999998356,-0.08210549509434834,0.08210549509434834,1.0
2.5019999999998355,-2.5019999999998355,-0.08202347162272561,0.08202347162272561,1.0
2.5029999999998354,-2.5029999999998354,-0.08194153009263298,0.08194153009263298,1.0
2.5039999999998352,-2.5039999999998352,-0.08185967042221078,0.08185967042221078,1.0
2.504999999999835,-2.504999999999835,-0.08177789252968108,0.08177789252968108,1.0
2.505999999999835,-2.505999999999835,-0.08169619633334774,0.08169619633334774,1.0
2.506999999999835,-2.506999999999835,-0.08161458175159612,0.08161458175159612,1.0
2.507999999999835,-2.507999999999835,-0.08153304870289324,0.08153304870289324,1.0
2.5089999999998347,-2.5089999999998347,-0.08145159710578746,0.08145159710578746,1.0
2.5099999999998346,-2.5099999999998346,-0.08137022687890856,0.08137022687890856,1.0
2.5109999999998345,-2.5109999999998345,-0.08128893794096757,0.08128893794096757,1.0
2.5119999999998344,-2.5119999999998344,-0.08120773021075682,0.08120773021075682,1.0
2.5129999999998343,-2.5129999999998343,-0.08112660360714967,0.08112660360714967,1.0
2.513999999999834,-2.513999999999834,-0.08104555804910057,0.08104555804910057,1.0
2.514999999999834,-2.514999999999834,-0.08096459345564494,0.08096459345564494,1.0
2.515999999999834,-2.515999999999834,-0.08088370974589905,0.08088370974589905,1.0
2.516999999999834,-2.516999999999834,-0.08080290683905998,0.08080290683905998,1.0
2.5179999999998337,-2.5179999999998337,-0.08072218465440559,0.08072218465440559,1.0
2.5189999999998336,-2.5189999999998336,-0.08064154311129429,0.08064154311129429,1.0
2.5199999999998335,-2.5199999999998335,-0.08056098212916513,0.08056098212916513,1.0
2.5209999999998334,-2.5209999999998334,-0.0804805016275376,0.0804805016275376,1.0
2.5219999999998333,-2.5219999999998333,-0.0804001015260116,0.0804001015260116,1.0
2.522999999999833,-2.522999999999833,-0.08031978174426732,0.08031978174426732,1.0
2.523999999999833,-2.523999999999833,-0.08023954220206526,0.08023954220206526,1.0
2.524999999999833,-2.524999999999833,-0.080159382819246,0.080159382819246,1.0
2.525999999999833,-2.525999999999833,-0.08007930351573027,0.08007930351573027,1.0
2.5269999999998327,-2.5269999999998327,-0.07999930421151875,0.07999930421151875,1.0
2.5279999999998326,-2.5279999999998326,-0.07991938482669207,0.07991938482669207,1.0
2.5289999999998325,-2.5289999999998325,-0.07983954528141066,0.07983954528141066,1.0
2.5299999999998324,-2.5299999999998324,-0.07975978549591474,0.07975978549591474,1.0
2.5309999999998323,-2.5309999999998323,-0.07968010539052423,0.07968010539052423,1.0
2.531999999999832,-2.531999999999832,-0.07960050488563858,0.07960050488563858,1.0
2.532999999999832,-2.532999999999832,-0.07952098390173684,0.07952098390173684,1.0
2.533999999999832,-2.533999999999832,-0.07944154235937748,0.07944154235937748,1.0
2.534999999999832,-2.534999999999832,-0.07936218017919827,0.07936218017919827,1.0
2.5359999999998317,-2.5359999999998317,-0.07928289728191636,0.07928289728191636,1.0
2.5369999999998316,-2.5369999999998316,-0.07920369358832803,0.07920369358832803,1.0
2.5379999999998315,-2.5379999999998315,-0.07912456901930873,0.07912456901930873,1.0
2.5389999999998314,-2.5389999999998314,-0.07904552349581292,0.07904552349581292,1.0
2.5399999999998313,-2.5399999999998313,-0.07896655693887404,0.07896655693887404,1.0
2.540999999999831,-2.540999999999831,-0.07888766926960443,0.07888766926960443,1.0
2.541999999999831,-2.541999999999831,-0.07880886040919523,0.07880886040919523,1.0
2.542999999999831,-2.542999999999831,-0.07873013027891632,0.07873013027891632,1.0
2.543999999999831,-2.543999999999831,-0.07865147880011619,0.07865147880011619,1.0
2.5449999999998307,-2.5449999999998307,-0.07857290589422197,0.07857290589422197,1.0
2.5459999999998306,-2.5459999999998306,-0.07849441148273925,0.07849441148273925,1.0
2.5469999999998305,-2.5469999999998305,-0.07841599548725198,0.07841599548725198,1.0
2.5479999999998304,-2.5479999999998304,-0.07833765782942256,0.07833765782942256,1.0
2.5489999999998303,-2.5489999999998303,-0.07825939843099157,0.07825939843099157,1.0
2.54999999999983,-2.54999999999983,-0.0781812172137778,0.0781812172137778,1.0
2.55099999999983,-2.55099999999983,-0.07810311409967811,0.07810311409967811,1.0
2.55199999999983,-2.55199999999983,-0.07802508901066743,0.07802508901066743,1.0
2.55299999999983,-2.55299999999983,-0.07794714186879864,0.07794714186879864,1.0
2.5539999999998297,-2.5539999999998297,-0.07786927259620244,0.07786927259620244,1.0
2.5549999999998296,-2.5549999999998296,-0.07779148111508735,0.07779148111508735,1.0
2.5559999999998295,-2.5559999999998295,-0.07771376734773962,0.07771376734773962,1.0
2.5569999999998294,-2.5569999999998294,-0.07763613121652309,0.07763613121652309,1.0
2.5579999999998293,-2.5579999999998293,-0.07755857264387922,0.07755857264387922,1.0
2.558999999999829,-2.558999999999829,-0.0774810915523269,0.0774810915523269,1.0
2.559999999999829,-2.559999999999829,-0.07740368786446243,0.07740368786446243,1.0
2.560999999999829,-2.560999999999829,-0.07732636150295948,0.07732636150295948,1.0
2.561999999999829,-2.561999999999829,-0.07724911239056892,0.07724911239056892,1.0
2.5629999999998287,-2.5629999999998287,-0.0771719404501188,0.0771719404501188,1.0
2.5639999999998286,-2.5639999999998286,-0.07709484560451428,0.07709484560451428,1.0
2.5649999999998285,-2.5649999999998285,-0.07701782777673756,0.07701782777673756,1.0
2.5659999999998284,-2.5659999999998284,-0.07694088688984771,0.07694088688984771,1.0
2.5669999999998283,-2.5669999999998283,-0.07686402286698073,0.07686402286698073,1.0
2.567999999999828,-2.567999999999828,-0.07678723563134937,0.07678723563134937,1.0
2.568999999999828,-2.568999999999828,-0.07671052510624313,0.07671052510624313,1.0
2.569999999999828,-2.569999999999828,-0.07663389121502809,0.07663389121502809,1.0
2.570999999999828,-2.570999999999828,-0.07655733388114695,0.07655733388114695,1.0
2.5719999999998278,-2.5719999999998278,-0.07648085302811883,0.07648085302811883,1.0
2.5729999999998276,-2.5729999999998276,-0.07640444857953929,0.07640444857953929,1.0
2.5739999999998275,-2.5739999999998275,-0.0763281204590802,0.0763281204590802,1.0
2.5749999999998274,-2.5749999999998274,-0.07625186859048973,0.07625186859048973,1.0
2.5759999999998273,-2.5759999999998273,-0.07617569289759213,0.07617569289759213,1.0
2.576999999999827,-2.576999999999827,-0.07609959330428784,0.07609959330428784,1.0
2.577999999999827,-2.577999999999827,-0.07602356973455328,0.07602356973455328,1.0
2.578999999999827,-2.578999999999827,-0.07594762211244083,0.07594762211244083,1.0
2.579999999999827,-2.579999999999827,-0.07587175036207874,0.07587175036207874,1.0
2.5809999999998268,-2.5809999999998268,-0.07579595440767109,0.07579595440767109,1.0
2.5819999999998267,-2.5819999999998267,-0.07572023417349757,0.07572023417349757,1.0
2.5829999999998265,-2.5829999999998265,-0.07564458958391367,0.07564458958391367,1.0
2.5839999999998264,-2.5839999999998264,-0.07556902056335031,0.07556902056335031,1.0
2.5849999999998263,-2.5849999999998263,-0.07549352703631401,0.07549352703631401,1.0
2.585999999999826,-2.585999999999826,-0.07541810892738662,0.07541810892738662,1.0
2.586999999999826,-2.586999999999826,-0.07534276616122539,0.07534276616122539,1.0
2.587999999999826,-2.587999999999826,-0.07526749866256283,0.07526749866256283,1.0
2.588999999999826,-2.588999999999826,-0.07519230635620662,0.07519230635620662,1.0
2.5899999999998258,-2.5899999999998258,-0.07511718916703958,0.07511718916703958,1.0
2.5909999999998257,-2.5909999999998257,-0.07504214702001956,0.07504214702001956,1.0
2.5919999999998256,-2.5919999999998256,-0.07496717984017938,0.07496717984017938,1.0
2.5929999999998254,-2.5929999999998254,-0.07489228755262674,0.07489228755262674,1.0
2.5939999999998253,-2.5939999999998253,-0.0748174700825442,0.0748174700825442,1.0
2.5949999999998252,-2.5949999999998252,-0.07474272735518901,0.07474272735518901,1.0
2.595999999999825,-2.595999999999825,-0.07466805929589312,0.07466805929589312,1.0
2.596999999999825,-2.596999999999825,-0.07459346583006306,0.07459346583006306,1.0
2.597999999999825,-2.597999999999825,-0.07451894688317989,0.07451894688317989,1.0
2.598999999999825,-2.598999999999825,-0.0744445023807991,0.0744445023807991,1.0
2.5999999999998247,-2.5999999999998247,-0.07437013224855055,0.07437013224855055,1.0
2.6009999999998246,-2.6009999999998246,-0.0742958364121384,0.0742958364121384,1.0
2.6019999999998245,-2.6019999999998245,-0.07422161479734106,0.07422161479734106,1.0
2.6029999999998243,-2.6029999999998243,-0.07414746733001105,0.07414746733001105,1.0
2.6039999999998242,-2.6039999999998242,-0.07407339393607497,0.07407339393607497,1.0
2.604999999999824,-2.604999999999824,-0.07399939454153344,0.07399939454153344,1.0
2.605999999999824,-2.605999999999824,-0.07392546907246099,0.07392546907246099,1.0
2.606999999999824,-2.606999999999824,-0.07385161745500599,0.07385161745500599,1.0
2.607999999999824,-2.607999999999824,-0.07377783961539058,0.07377783961539058,1.0
2.6089999999998237,-2.6089999999998237,-0.07370413547991067,0.07370413547991067,1.0
2.6099999999998236,-2.6099999999998236,-0.07363050497493573,0.07363050497493573,1.0
2.6109999999998235,-2.6109999999998235,-0.07355694802690882,0.07355694802690882,1.0
2.6119999999998234,-2.6119999999998234,-0.07348346456234647,0.07348346456234647,1.0
2.6129999999998232,-2.6129999999998232,-0.07341005450783862,0.07341005450783862,1.0
2.613999999999823,-2.613999999999823,-0.07333671779004858,0.07333671779004858,1.0
2.614999999999823,-2.614999999999823,-0.07326345433571287,0.07326345433571287,1.0
2.615999999999823,-2.615999999999823,-0.07319026407164123,0.07319026407164123,1.0
2.616999999999823,-2.616999999999823,-0.0731171469247165,0.0731171469247165,1.0
2.6179999999998227,-2.6179999999998227,-0.07304410282189462,0.07304410282189462,1.0
2.6189999999998226,-2.6189999999998226,-0.07297113169020442,0.07297113169020442,1.0
2.6199999999998225,-2.6199999999998225,-0.07289823345674767,0.07289823345674767,1.0
2.6209999999998224,-2.6209999999998224,-0.07282540804869898,0.07282540804869898,1.0
2.6219999999998223,-2.6219999999998223,-0.07275265539330568,0.07275265539330568,1.0
2.622999999999822,-2.622999999999822,-0.07267997541788779,0.07267997541788779,1.0
2.623999999999822,-2.623999999999822,-0.07260736804983794,0.07260736804983794,1.0
2.624999999999822,-2.624999999999822,-0.07253483321662132,0.07253483321662132,1.0
2.625999999999822,-2.625999999999822,-0.07246237084577554,0.07246237084577554,1.0
2.6269999999998217,-2.6269999999998217,-0.07238998086491062,0.07238998086491062,1.0
2.6279999999998216,-2.6279999999998216,-0.07231766320170892,0.07231766320170892,1.0
2.6289999999998215,-2.6289999999998215,-0.072245417783925,0.072245417783925,1.0
2.6299999999998214,-2.6299999999998214,-0.07217324453938562,0.07217324453938562,1.0
2.6309999999998213,-2.6309999999998213,-0.07210114339598962,0.07210114339598962,1.0
2.631999999999821,-2.631999999999821,-0.07202911428170791,0.07202911428170791,1.0
2.632999999999821,-2.632999999999821,-0.07195715712458334,0.07195715712458334,1.0
2.633999999999821,-2.633999999999821,-0.07188527185273061,0.07188527185273061,1.0
2.634999999999821,-2.634999999999821,-0.07181345839433627,0.07181345839433627,1.0
2.6359999999998207,-2.6359999999998207,-0.0717417166776586,0.0717417166776586,1.0
2.6369999999998206,-2.6369999999998206,-0.07167004663102758,0.07167004663102758,1.0
2.6379999999998205,-2.6379999999998205,-0.07159844818284473,0.07159844818284473,1.0
2.6389999999998204,-2.6389999999998204,-0.07152692126158317,0.07152692126158317,1.0
2.6399999999998203,-2.6399999999998203,-0.07145546579578738,0.07145546579578738,1.0
2.64099999999982,-2.64099999999982,-0.0713840817140733,0.0713840817140733,1.0
2.64199999999982,-2.64199999999982,-0.07131276894512817,0.07131276894512817,1.0
2.64299999999982,-2.64299999999982,-0.07124152741771048,0.07124152741771048,1.0
2.64399999999982,-2.64399999999982,-0.07117035706064982,0.07117035706064982,1.0
2.6449999999998197,-2.6449999999998197,-0.07109925780284698,0.07109925780284698,1.0
2.6459999999998196,-2.6459999999998196,-0.0710282295732737,0.0710282295732737,1.0
2.6469999999998195,-2.6469999999998195,-0.07095727230097272,0.07095727230097272,1.0
2.6479999999998194,-2.6479999999998194,-0.07088638591505766,0.07088638591505766,1.0
2.6489999999998193,-2.6489999999998193,-0.07081557034471295,0.07081557034471295,1.0
2.649999999999819,-2.649999999999819,-0.07074482551919377,0.07074482551919377,1.0
2.650999999999819,-2.650999999999819,-0.07067415136782594,0.07067415136782594,1.0
2.651999999999819,-2.651999999999819,-0.07060354782000594,0.07060354782000594,1.0
2.652999999999819,-2.652999999999819,-0.07053301480520073,0.07053301480520073,1.0
2.6539999999998187,-2.6539999999998187,-0.07046255225294779,0.07046255225294779,1.0
2.6549999999998186,-2.6549999999998186,-0.07039216009285494,0.07039216009285494,1.0
2.6559999999998185,-2.6559999999998185,-0.07032183825460034,0.07032183825460034,1.0
2.6569999999998184,-2.6569999999998184,-0.07025158666793241,0.07025158666793241,1.0
2.6579999999998183,-2.6579999999998183,-0.07018140526266974,0.07018140526266974,1.0
2.658999999999818,-2.658999999999818,-0.07011129396870103,0.07011129396870103,1.0
2.659999999999818,-2.659999999999818,-0.07004125271598505,0.07004125271598505,1.0
2.660999999999818,-2.660999999999818,-0.0699712814345505,0.0699712814345505,1.0
2.661999999999818,-2.661999999999818,-0.069901380054496,0.069901380054496,1.0
2.6629999999998177,-2.6629999999998177,-0.06983154850599001,0.06983154850599001,1.0
2.6639999999998176,-2.6639999999998176,-0.06976178671927075,0.06976178671927075,1.0
2.6649999999998175,-2.6649999999998175,-0.0696920946246461,0.0696920946246461,1.0
2.6659999999998174,-2.6659999999998174,-0.06962247215249359,0.06962247215249359,1.0
2.6669999999998173,-2.6669999999998173,-0.06955291923326032,0.06955291923326032,1.0
2.667999999999817,-2.667999999999817,-0.06948343579746286,0.06948343579746286,1.0
2.668999999999817,-2.668999999999817,-0.06941402177568717,0.06941402177568717,1.0
2.669999999999817,-2.669999999999817,-0.06934467709858858,0.06934467709858858,1.0
2.670999999999817,-2.670999999999817,-0.06927540169689167,0.06927540169689167,1.0
2.6719999999998167,-2.6719999999998167,-0.06920619550139029,0.06920619550139029,1.0
2.6729999999998166,-2.6729999999998166,-0.06913705844294733,0.06913705844294733,1.0
2.6739999999998165,-2.6739999999998165,-0.06906799045249484,0.06906799045249484,1.0
2.6749999999998164,-2.6749999999998164,-0.06899899146103382,0.06899899146103382,1.0
2.6759999999998163,-2.6759999999998163,-0.06893006139963417,0.06893006139963417,1.0
2.676999999999816,-2.676999999999816,-0.06886120019943474,0.06886120019943474,1.0
2.677999999999816,-2.677999999999816,-0.0687924077916431,0.0687924077916431,1.0
2.678999999999816,-2.678999999999816,-0.06872368410753557,0.06872368410753557,1.0
2.679999999999816,-2.679999999999816,-0.06865502907845712,0.06865502907845712,1.0
2.6809999999998158,-2.6809999999998158,-0.0685864426358213,0.0685864426358213,1.0
2.6819999999998156,-2.6819999999998156,-0.06851792471111019,0.06851792471111019,1.0
2.6829999999998155,-2.6829999999998155,-0.0684494752358743,0.0684494752358743,1.0
2.6839999999998154,-2.6839999999998154,-0.06838109414173257,0.06838109414173257,1.0
2.6849999999998153,-2.6849999999998153,-0.0683127813603722,0.0683127813603722,1.0
2.685999999999815,-2.685999999999815,-0.06824453682354864,0.06824453682354864,1.0
2.686999999999815,-2.686999999999815,-0.06817636046308556,0.06817636046308556,1.0
2.687999999999815,-2.687999999999815,-0.06810825221087469,0.06810825221087469,1.0
2.688999999999815,-2.688999999999815,-0.06804021199887582,0.06804021199887582,1.0
2.6899999999998148,-2.6899999999998148,-0.0679722397591167,0.0679722397591167,1.0
2.6909999999998147,-2.6909999999998147,-0.06790433542369301,0.06790433542369301,1.0
2.6919999999998145,-2.6919999999998145,-0.06783649892476823,0.06783649892476823,1.0
2.6929999999998144,-2.6929999999998144,-0.06776873019457366,0.06776873019457366,1.0
2.6939999999998143,-2.6939999999998143,-0.06770102916540825,0.06770102916540825,1.0
2.694999999999814,-2.694999999999814,-0.0676333957696386,0.0676333957696386,1.0
2.695999999999814,-2.695999999999814,-0.06756582993969891,0.06756582993969891,1.0
2.696999999999814,-2.696999999999814,-0.06749833160809081,0.06749833160809081,1.0
2.697999999999814,-2.697999999999814,-0.06743090070738343,0.06743090070738343,1.0
2.6989999999998138,-2.6989999999998138,-0.0673635371702132,0.0673635371702132,1.0
2.6999999999998137,-2.6999999999998137,-0.06729624092928392,0.06729624092928392,1.0
2.7009999999998136,-2.7009999999998136,-0.06722901191736655,0.06722901191736655,1.0
2.7019999999998134,-2.7019999999998134,-0.06716185006729923,0.06716185006729923,1.0
2.7029999999998133,-2.7029999999998133,-0.06709475531198725,0.06709475531198725,1.0
2.703999999999813,-2.703999999999813,-0.06702772758440284,0.06702772758440284,1.0
2.704999999999813,-2.704999999999813,-0.06696076681758525,0.06696076681758525,1.0
2.705999999999813,-2.705999999999813,-0.06689387294464062,0.06689387294464062,1.0
2.706999999999813,-2.706999999999813,-0.06682704589874187,0.06682704589874187,1.0
2.707999999999813,-2.707999999999813,-0.06676028561312876,0.06676028561312876,1.0
2.7089999999998127,-2.7089999999998127,-0.06669359202110765,0.06669359202110765,1.0
2.7099999999998126,-2.7099999999998126,-0.0666269650560516,0.0666269650560516,1.0
2.7109999999998124,-2.7109999999998124,-0.0665604046514002,0.0665604046514002,1.0
2.7119999999998123,-2.7119999999998123,-0.06649391074065954,0.06649391074065954,1.0
2.7129999999998122,-2.7129999999998122,-0.06642748325740215,0.06642748325740215,1.0
2.713999999999812,-2.713999999999812,-0.06636112213526689,0.06636112213526689,1.0
2.714999999999812,-2.714999999999812,-0.06629482730795894,0.06629482730795894,1.0
2.715999999999812,-2.715999999999812,-0.06622859870924967,0.06622859870924967,1.0
2.716999999999812,-2.716999999999812,-0.0661624362729767,0.0661624362729767,1.0
2.7179999999998117,-2.7179999999998117,-0.06609633993304366,0.06609633993304366,1.0
2.7189999999998116,-2.7189999999998116,-0.06603030962342024,0.06603030962342024,1.0
2.7199999999998115,-2.7199999999998115,-0.06596434527814209,0.06596434527814209,1.0
2.7209999999998113,-2.7209999999998113,-0.06589844683131078,0.06589844683131078,1.0
2.7219999999998112,-2.7219999999998112,-0.06583261421709369,0.06583261421709369,1.0
2.722999999999811,-2.722999999999811,-0.06576684736972396,0.06576684736972396,1.0
2.723999999999811,-2.723999999999811,-0.06570114622350046,0.06570114622350046,1.0
2.724999999999811,-2.724999999999811,-0.06563551071278767,0.06563551071278767,1.0
2.725999999999811,-2.725999999999811,-0.06556994077201564,0.06556994077201564,1.0
2.7269999999998107,-2.7269999999998107,-0.06550443633567997,0.06550443633567997,1.0
2.7279999999998106,-2.7279999999998106,-0.06543899733834163,0.06543899733834163,1.0
2.7289999999998105,-2.7289999999998105,-0.065373623714627,0.065373623714627,1.0
2.7299999999998104,-2.7299999999998104,-0.06530831539922777,0.06530831539922777,1.0
2.7309999999998102,-2.7309999999998102,-0.06524307232690087,0.06524307232690087,1.0
2.73199999999981,-2.73199999999981,-0.0651778944324684,0.0651778944324684,1.0
2.73299999999981,-2.73299999999981,-0.06511278165081759,0.06511278165081759,1.0
2.73399999999981,-2.73399999999981,-0.06504773391690068,0.06504773391690068,1.0
2.73499999999981,-2.73499999999981,-0.06498275116573493,0.06498275116573493,1.0
2.7359999999998097,-2.7359999999998097,-0.06491783333240253,0.06491783333240253,1.0
2.7369999999998096,-2.7369999999998096,-0.06485298035205048,0.06485298035205048,1.0
2.7379999999998095,-2.7379999999998095,-0.06478819215989058,0.06478819215989058,1.0
2.7389999999998094,-2.7389999999998094,-0.0647234686911994,0.0647234686911994,1.0
2.7399999999998093,-2.7399999999998093,-0.06465880988131807,0.06465880988131807,1.0
2.740999999999809,-2.740999999999809,-0.06459421566565242,0.06459421566565242,1.0
2.741999999999809,-2.741999999999809,-0.06452968597967275,0.06452968597967275,1.0
2.742999999999809,-2.742999999999809,-0.06446522075891382,0.06446522075891382,1.0
2.743999999999809,-2.743999999999809,-0.06440081993897485,0.06440081993897485,1.0
2.7449999999998087,-2.7449999999998087,-0.06433648345551933,0.06433648345551933,1.0
2.7459999999998086,-2.7459999999998086,-0.06427221124427505,0.06427221124427505,1.0
2.7469999999998085,-2.7469999999998085,-0.06420800324103403,0.06420800324103403,1.0
2.7479999999998084,-2.7479999999998084,-0.06414385938165236,0.06414385938165236,1.0
2.7489999999998083,-2.7489999999998083,-0.0640797796020503,0.0640797796020503,1.0
2.749999999999808,-2.749999999999808,-0.0640157638382121,0.0640157638382121,1.0
2.750999999999808,-2.750999999999808,-0.06395181202618591,0.06395181202618591,1.0
2.751999999999808,-2.751999999999808,-0.06388792410208383,0.06388792410208383,1.0
2.752999999999808,-2.752999999999808,-0.06382410000208175,0.06382410000208175,1.0
2.7539999999998077,-2.7539999999998077,-0.06376033966241933,0.06376033966241933,1.0
2.7549999999998076,-2.7549999999998076,-0.06369664301939992,0.06369664301939992,1.0
2.7559999999998075,-2.7559999999998075,-0.06363301000939052,0.06363301000939052,1.0
2.7569999999998074,-2.7569999999998074,-0.0635694405688217,0.0635694405688217,1.0
2.7579999999998073,-2.7579999999998073,-0.06350593463418751,0.06350593463418751,1.0
2.758999999999807,-2.758999999999807,-0.06344249214204548,0.06344249214204548,1.0
2.759999999999807,-2.759999999999807,-0.06337911302901646,0.06337911302901646,1.0
2.760999999999807,-2.760999999999807,-0.06331579723178467,0.06331579723178467,1.0
2.761999999999807,-2.761999999999807,-0.06325254468709758,0.06325254468709758,1.0
2.7629999999998067,-2.7629999999998067,-0.06318935533176581,0.06318935533176581,1.0
2.7639999999998066,-2.7639999999998066,-0.06312622910266316,0.06312622910266316,1.0
2.7649999999998065,-2.7649999999998065,-0.06306316593672644,0.06306316593672644,1.0
2.7659999999998064,-2.7659999999998064,-0.06300016577095548,0.06300016577095548,1.0
2.7669999999998063,-2.7669999999998063,-0.06293722854241307,0.06293722854241307,1.0
2.767999999999806,-2.767999999999806,-0.06287435418822485,0.06287435418822485,1.0
2.768999999999806,-2.768999999999806,-0.06281154264557925,0.06281154264557925,1.0
2.769999999999806,-2.769999999999806,-0.06274879385172753,0.06274879385172753,1.0
2.770999999999806,-2.770999999999806,-0.06268610774398355,0.06268610774398355,1.0
2.7719999999998057,-2.7719999999998057,-0.06262348425972383,0.06262348425972383,1.0
2.7729999999998056,-2.7729999999998056,-0.06256092333638744,0.06256092333638744,1.0
2.7739999999998055,-2.7739999999998055,-0.06249842491147596,0.06249842491147596,1.0
2.7749999999998054,-2.7749999999998054,-0.062435988922553406,0.062435988922553406,1.0
2.7759999999998053,-2.7759999999998053,-0.06237361530724615,0.06237361530724615,1.0
2.776999999999805,-2.776999999999805,-0.06231130400324291,0.06231130400324291,1.0
2.777999999999805,-2.777999999999805,-0.062249054948294615,0.062249054948294615,1.0
2.778999999999805,-2.778999999999805,-0.06218686808021439,0.06218686808021439,1.0
2.779999999999805,-2.779999999999805,-0.062124743336877515,0.062124743336877515,1.0
2.7809999999998047,-2.7809999999998047,-0.062062680656221295,0.062062680656221295,1.0
2.7819999999998046,-2.7819999999998046,-0.06200067997624505,0.06200067997624505,1.0
2.7829999999998045,-2.7829999999998045,-0.06193874123501004,0.06193874123501004,1.0
2.7839999999998044,-2.7839999999998044,-0.0618768643706394,0.0618768643706394,1.0
2.7849999999998043,-2.7849999999998043,-0.06181504932131808,0.06181504932131808,1.0
2.785999999999804,-2.785999999999804,-0.06175329602529278,0.06175329602529278,1.0
2.786999999999804,-2.786999999999804,-0.061691604420871904,0.061691604420871904,1.0
2.787999999999804,-2.787999999999804,-0.061629974446425484,0.061629974446425484,1.0
2.788999999999804,-2.788999999999804,-0.0615684060403851,0.0615684060403851,1.0
2.7899999999998037,-2.7899999999998037,-0.06150689914124386,0.06150689914124386,1.0
2.7909999999998036,-2.7909999999998036,-0.0614454536875563,0.0614454536875563,1.0
2.7919999999998035,-2.7919999999998035,-0.06138406961793836,0.06138406961793836,1.0
2.7929999999998034,-2.7929999999998034,-0.061322746871067285,0.061322746871067285,1.0
2.7939999999998033,-2.7939999999998033,-0.0612614853856816,0.0612614853856816,1.0
2.794999999999803,-2.794999999999803,-0.06120028510058102,0.06120028510058102,1.0
2.795999999999803,-2.795999999999803,-0.06113914595462639,0.06113914595462639,1.0
2.796999999999803,-2.796999999999803,-0.061078067886739654,0.061078067886739654,1.0
2.797999999999803,-2.797999999999803,-0.06101705083590375,0.06101705083590375,1.0
2.7989999999998028,-2.7989999999998028,-0.06095609474116259,0.06095609474116259,1.0
2.7999999999998026,-2.7999999999998026,-0.06089519954162097,0.06089519954162097,1.0
2.8009999999998025,-2.8009999999998025,-0.06083436517644453,0.06083436517644453,1.0
2.8019999999998024,-2.8019999999998024,-0.06077359158485967,0.06077359158485967,1.0
2.8029999999998023,-2.8029999999998023,-0.060712878706153516,0.060712878706153516,1.0
2.803999999999802,-2.803999999999802,-0.06065222647967384,0.06065222647967384,1.0
2.804999999999802,-2.804999999999802,-0.06059163484482901,0.06059163484482901,1.0
2.805999999999802,-2.805999999999802,-0.06053110374108792,0.06053110374108792,1.0
2.806999999999802,-2.806999999999802,-0.06047063310797995,0.06047063310797995,1.0
2.8079999999998018,-2.8079999999998018,-0.06041022288509485,0.06041022288509485,1.0
2.8089999999998017,-2.8089999999998017,-0.060349873012082764,0.060349873012082764,1.0
2.8099999999998015,-2.8099999999998015,-0.060289583428654106,0.060289583428654106,1.0
2.8109999999998014,-2.8109999999998014,-0.06022935407457952,0.06022935407457952,1.0
2.8119999999998013,-2.8119999999998013,-0.060169184889689836,0.060169184889689836,1.0
2.812999999999801,-2.812999999999801,-0.06010907581387596,0.06010907581387596,1.0
2.813999999999801,-2.813999999999801,-0.06004902678708886,0.06004902678708886,1.0
2.814999999999801,-2.814999999999801,-0.05998903774933952,0.05998903774933952,1.0
2.815999999999801,-2.815999999999801,-0.059929108640698815,0.059929108640698815,1.0
2.8169999999998008,-2.8169999999998008,-0.059869239401297514,0.059869239401297514,1.0
2.8179999999998007,-2.8179999999998007,-0.0598094299713262,0.0598094299713262,1.0
2.8189999999998006,-2.8189999999998006,-0.05974968029103516,0.05974968029103516,1.0
2.8199999999998004,-2.8199999999998004,-0.05968999030073442,0.05968999030073442,1.0
2.8209999999998003,-2.8209999999998003,-0.059630359940793624,0.059630359940793624,1.0
2.8219999999998002,-2.8219999999998002,-0.05957078915164198,0.05957078915164198,1.0
2.8229999999998,-2.8229999999998,-0.05951127787376821,0.05951127787376821,1.0
2.8239999999998,-2.8239999999998,-0.059451826047720494,0.059451826047720494,1.0
2.8249999999998,-2.8249999999998,-0.05939243361410638,0.05939243361410638,1.0
2.8259999999998,-2.8259999999998,-0.059333100513592786,0.059333100513592786,1.0
2.8269999999997997,-2.8269999999997997,-0.05927382668690588,0.05927382668690588,1.0
2.8279999999997996,-2.8279999999997996,-0.059214612074831044,0.059214612074831044,1.0
2.8289999999997995,-2.8289999999997995,-0.05915545661821283,0.05915545661821283,1.0
2.8299999999997993,-2.8299999999997993,-0.05909636025795487,0.05909636025795487,1.0
2.8309999999997992,-2.8309999999997992,-0.05903732293501985,0.05903732293501985,1.0
2.831999999999799,-2.831999999999799,-0.05897834459042942,0.05897834459042942,1.0
2.832999999999799,-2.832999999999799,-0.058919425165264154,0.058919425165264154,1.0
2.833999999999799,-2.833999999999799,-0.05886056460066349,0.05886056460066349,1.0
2.834999999999799,-2.834999999999799,-0.058801762837825663,0.058801762837825663,1.0
2.8359999999997987,-2.8359999999997987,-0.058743019818007655,0.058743019818007655,1.0
2.8369999999997986,-2.8369999999997986,-0.05868433548252513,0.05868433548252513,1.0
2.8379999999997985,-2.8379999999997985,-0.058625709772752374,0.058625709772752374,1.0
2.8389999999997984,-2.8389999999997984,-0.058567142630122256,0.058567142630122256,1.0
2.8399999999997982,-2.8399999999997982,-0.05850863399612613,0.05850863399612613,1.0
2.840999999999798,-2.840999999999798,-0.058450183812313816,0.058450183812313816,1.0
2.841999999999798,-2.841999999999798,-0.05839179202029352,0.05839179202029352,1.0
2.842999999999798,-2.842999999999798,-0.05833345856173179,0.05833345856173179,1.0
2.843999999999798,-2.843999999999798,-0.05827518337835344,0.05827518337835344,1.0
2.8449999999997977,-2.8449999999997977,-0.0582169664119415,0.0582169664119415,1.0
2.8459999999997976,-2.8459999999997976,-0.058158807604337164,0.058158807604337164,1.0
2.8469999999997975,-2.8469999999997975,-0.05810070689743973,0.05810070689743973,1.0
2.8479999999997974,-2.8479999999997974,-0.058042664233206524,0.058042664233206524,1.0
2.8489999999997973,-2.8489999999997973,-0.05798467955365287,0.05798467955365287,1.0
2.849999999999797,-2.849999999999797,-0.05792675280085202,0.05792675280085202,1.0
2.850999999999797,-2.850999999999797,-0.057868883916935086,0.057868883916935086,1.0
2.851999999999797,-2.851999999999797,-0.057811072844091,0.057811072844091,1.0
2.852999999999797,-2.852999999999797,-0.05775331952456642,0.05775331952456642,1.0
2.8539999999997967,-2.8539999999997967,-0.05769562390066576,0.05769562390066576,1.0
2.8549999999997966,-2.8549999999997966,-0.05763798591475101,0.05763798591475101,1.0
2.8559999999997965,-2.8559999999997965,-0.05758040550924176,0.05758040550924176,1.0
2.8569999999997964,-2.8569999999997964,-0.057522882626615146,0.057522882626615146,1.0
2.8579999999997963,-2.8579999999997963,-0.05746541720940574,0.05746541720940574,1.0
2.858999999999796,-2.858999999999796,-0.057408009200205536,0.057408009200205536,1.0
2.859999999999796,-2.859999999999796,-0.05735065854166387,0.05735065854166387,1.0
2.860999999999796,-2.860999999999796,-0.057293365176487386,0.057293365176487386,1.0
2.861999999999796,-2.861999999999796,-0.05723612904743995,0.05723612904743995,1.0
2.8629999999997957,-2.8629999999997957,-0.057178950097342605,0.057178950097342605,1.0
2.8639999999997956,-2.8639999999997956,-0.05712182826907353,0.05712182826907353,1.0
2.8649999999997955,-2.8649999999997955,-0.05706476350556796,0.05706476350556796,1.0
2.8659999999997954,-2.8659999999997954,-0.057007755749818145,0.057007755749818145,1.0
2.8669999999997953,-2.8669999999997953,-0.05695080494487327,0.05695080494487327,1.0
2.867999999999795,-2.867999999999795,-0.05689391103383944,0.05689391103383944,1.0
2.868999999999795,-2.868999999999795,-0.05683707395987955,0.05683707395987955,1.0
2.869999999999795,-2.869999999999795,-0.056780293666213344,0.056780293666213344,1.0
2.870999999999795,-2.870999999999795,-0.056723570096117226,0.056723570096117226,1.0
2.8719999999997947,-2.8719999999997947,-0.056666903192924306,0.056666903192924306,1.0
2.8729999999997946,-2.8729999999997946,-0.056610292900024284,0.056610292900024284,1.0
2.8739999999997945,-2.8739999999997945,-0.05655373916086342,0.05655373916086342,1.0
2.8749999999997944,-2.8749999999997944,-0.05649724191894448,0.05649724191894448,1.0
2.8759999999997943,-2.8759999999997943,-0.05644080111782665,0.05644080111782665,1.0
2.876999999999794,-2.876999999999794,-0.05638441670112553,0.05638441670112553,1.0
2.877999999999794,-2.877999999999794,-0.056328088612513025,0.056328088612513025,1.0
2.878999999999794,-2.878999999999794,-0.0562718167957173,0.0562718167957173,1.0
2.879999999999794,-2.879999999999794,-0.05621560119452278,0.05621560119452278,1.0
2.8809999999997937,-2.8809999999997937,-0.056159441752770003,0.056159441752770003,1.0
2.8819999999997936,-2.8819999999997936,-0.05610333841435565,0.05610333841435565,1.0
2.8829999999997935,-2.8829999999997935,-0.056047291123232416,0.056047291123232416,1.0
2.8839999999997934,-2.8839999999997934,-0.05599129982340901,0.05599129982340901,1.0
2.8849999999997933,-2.8849999999997933,-0.05593536445895005,0.05593536445895005,1.0
2.885999999999793,-2.885999999999793,-0.05587948497397608,0.05587948497397608,1.0
2.886999999999793,-2.886999999999793,-0.05582366131266341,0.05582366131266341,1.0
2.887999999999793,-2.887999999999793,-0.05576789341924417,0.05576789341924417,1.0
2.888999999999793,-2.888999999999793,-0.05571218123800616,0.05571218123800616,1.0
2.8899999999997927,-2.8899999999997927,-0.055656524713292875,0.055656524713292875,1.0
2.8909999999997926,-2.8909999999997926,-0.05560092378950337,0.05560092378950337,1.0
2.8919999999997925,-2.8919999999997925,-0.055545378411092285,0.055545378411092285,1.0
2.8929999999997924,-2.8929999999997924,-0.05548988852256971,0.05548988852256971,1.0
2.8939999999997923,-2.8939999999997923,-0.055434454068501206,0.055434454068501206,1.0
2.894999999999792,-2.894999999999792,-0.05537907499350769,0.05537907499350769,1.0
2.895999999999792,-2.895999999999792,-0.05532375124226543,0.05532375124226543,1.0
2.896999999999792,-2.896999999999792,-0.05526848275950593,0.05526848275950593,1.0
2.897999999999792,-2.897999999999792,-0.05521326949001591,0.05521326949001591,1.0
2.8989999999997917,-2.8989999999997917,-0.05515811137863727,0.05515811137863727,1.0
2.8999999999997916,-2.8999999999997916,-0.055103008370267006,0.055103008370267006,1.0
2.9009999999997915,-2.9009999999997915,-0.05504796040985715,0.05504796040985715,1.0
2.9019999999997914,-2.9019999999997914,-0.054992967442414734,0.054992967442414734,1.0
2.9029999999997913,-2.9029999999997913,-0.05493802941300173,0.05493802941300173,1.0
2.903999999999791,-2.903999999999791,-0.054883146266734996,0.054883146266734996,1.0
2.904999999999791,-2.904999999999791,-0.05482831794878621,0.05482831794878621,1.0
2.905999999999791,-2.905999999999791,-0.05477354440438183,0.05477354440438183,1.0
2.906999999999791,-2.906999999999791,-0.054718825578803025,0.054718825578803025,1.0
2.9079999999997908,-2.9079999999997908,-0.05466416141738564,0.05466416141738564,1.0
2.9089999999997906,-2.9089999999997906,-0.05460955186552013,0.05460955186552013,1.0
2.9099999999997905,-2.9099999999997905,-0.05455499686865147,0.05455499686865147,1.0
2.9109999999997904,-2.9109999999997904,-0.054500496372279196,0.054500496372279196,1.0
2.9119999999997903,-2.9119999999997903,-0.05444605032195724,0.05444605032195724,1.0
2.91299999999979,-2.91299999999979,-0.05439165866329394,0.05439165866329394,1.0
2.91399999999979,-2.91399999999979,-0.054337321341951995,0.054337321341951995,1.0
2.91499999999979,-2.91499999999979,-0.05428303830364835,0.05428303830364835,1.0
2.91599999999979,-2.91599999999979,-0.054228809494154186,0.054228809494154186,1.0
2.9169999999997898,-2.9169999999997898,-0.054174634859294885,0.054174634859294885,1.0
2.9179999999997897,-2.9179999999997897,-0.05412051434494994,0.05412051434494994,1.0
2.9189999999997895,-2.9189999999997895,-0.05406644789705289,0.05406644789705289,1.0
2.9199999999997894,-2.9199999999997894,-0.05401243546159129,0.05401243546159129,1.0
2.9209999999997893,-2.9209999999997893,-0.053958476984606686,0.053958476984606686,1.0
2.921999999999789,-2.921999999999789,-0.05390457241219449,0.05390457241219449,1.0
2.922999999999789,-2.922999999999789,-0.05385072169050399,0.05385072169050399,1.0
2.923999999999789,-2.923999999999789,-0.05379692476573826,0.05379692476573826,1.0
2.924999999999789,-2.924999999999789,-0.05374318158415411,0.05374318158415411,1.0
2.9259999999997888,-2.9259999999997888,-0.053689492092062044,0.053689492092062044,1.0
2.9269999999997887,-2.9269999999997887,-0.053635856235826215,0.053635856235826215,1.0
2.9279999999997885,-2.9279999999997885,-0.05358227396186436,0.05358227396186436,1.0
2.9289999999997884,-2.9289999999997884,-0.05352874521664771,0.05352874521664771,1.0
2.9299999999997883,-2.9299999999997883,-0.05347526994670101,0.05347526994670101,1.0
2.930999999999788,-2.930999999999788,-0.053421848098602405,0.053421848098602405,1.0
2.931999999999788,-2.931999999999788,-0.053368479618983417,0.053368479618983417,1.0
2.932999999999788,-2.932999999999788,-0.053315164454528885,0.053315164454528885,1.0
2.933999999999788,-2.933999999999788,-0.053261902551976915,0.053261902551976915,1.0
2.934999999999788,-2.934999999999788,-0.05320869385811879,0.05320869385811879,1.0
2.9359999999997877,-2.9359999999997877,-0.053155538319798995,0.053155538319798995,1.0
2.9369999999997876,-2.9369999999997876,-0.05310243588391508,0.05310243588391508,1.0
2.9379999999997874,-2.9379999999997874,-0.05304938649741766,0.05304938649741766,1.0
2.9389999999997873,-2.9389999999997873,-0.05299639010731035,0.05299639010731035,1.0
2.9399999999997872,-2.9399999999997872,-0.05294344666064971,0.05294344666064971,1.0
2.940999999999787,-2.940999999999787,-0.05289055610454516,0.05289055610454516,1.0
2.941999999999787,-2.941999999999787,-0.052837718386159006,0.052837718386159006,1.0
2.942999999999787,-2.942999999999787,-0.0527849334527063,0.0527849334527063,1.0
2.943999999999787,-2.943999999999787,-0.052732201251454856,0.052732201251454856,1.0
2.9449999999997867,-2.9449999999997867,-0.05267952172972513,0.05267952172972513,1.0
2.9459999999997866,-2.9459999999997866,-0.05262689483489024,0.05262689483489024,1.0
2.9469999999997865,-2.9469999999997865,-0.05257432051437586,0.05257432051437586,1.0
2.9479999999997863,-2.9479999999997863,-0.052521798715660206,0.052521798715660206,1.0
2.9489999999997862,-2.9489999999997862,-0.05246932938627393,0.05246932938627393,1.0
2.949999999999786,-2.949999999999786,-0.052416912473800134,0.052416912473800134,1.0
2.950999999999786,-2.950999999999786,-0.05236454792587425,0.05236454792587425,1.0
2.951999999999786,-2.951999999999786,-0.05231223569018407,0.05231223569018407,1.0
2.952999999999786,-2.952999999999786,-0.0522599757144696,0.0522599757144696,1.0
2.9539999999997857,-2.9539999999997857,-0.05220776794652308,0.05220776794652308,1.0
2.9549999999997856,-2.9549999999997856,-0.05215561233418888,0.05215561233418888,1.0
2.9559999999997855,-2.9559999999997855,-0.05210350882536352,0.05210350882536352,1.0
2.9569999999997854,-2.9569999999997854,-0.052051457367995525,0.052051457367995525,1.0
2.9579999999997852,-2.9579999999997852,-0.05199945791008544,0.05199945791008544,1.0
2.958999999999785,-2.958999999999785,-0.05194751039968576,0.05194751039968576,1.0
2.959999999999785,-2.959999999999785,-0.05189561478490086,0.05189561478490086,1.0
2.960999999999785,-2.960999999999785,-0.05184377101388698,0.05184377101388698,1.0
2.961999999999785,-2.961999999999785,-0.051791979034852116,0.051791979034852116,1.0
2.9629999999997847,-2.9629999999997847,-0.05174023879605607,0.05174023879605607,1.0
2.9639999999997846,-2.9639999999997846,-0.051688550245810254,0.051688550245810254,1.0
2.9649999999997845,-2.9649999999997845,-0.051636913332477774,0.051636913332477774,1.0
2.9659999999997844,-2.9659999999997844,-0.051585328004473296,0.051585328004473296,1.0
2.9669999999997843,-2.9669999999997843,-0.05153379421026303,0.05153379421026303,1.0
2.967999999999784,-2.967999999999784,-0.05148231189836466,0.05148231189836466,1.0
2.968999999999784,-2.968999999999784,-0.05143088101734732,0.05143088101734732,1.0
2.969999999999784,-2.969999999999784,-0.0513795015158315,0.0513795015158315,1.0
2.970999999999784,-2.970999999999784,-0.05132817334248901,0.05132817334248901,1.0
2.9719999999997837,-2.9719999999997837,-0.05127689644604296,0.05127689644604296,1.0
2.9729999999997836,-2.9729999999997836,-0.0512256707752677,0.0512256707752677,1.0
2.9739999999997835,-2.9739999999997835,-0.05117449627898871,0.05117449627898871,1.0
2.9749999999997834,-2.9749999999997834,-0.051123372906082626,0.051123372906082626,1.0
2.9759999999997833,-2.9759999999997833,-0.05107230060547715,0.05107230060547715,1.0
2.976999999999783,-2.976999999999783,-0.051021279326151,0.051021279326151,1.0
2.977999999999783,-2.977999999999783,-0.05097030901713387,0.05097030901713387,1.0
2.978999999999783,-2.978999999999783,-0.05091938962750637,0.05091938962750637,1.0
2.979999999999783,-2.979999999999783,-0.05086852110639996,0.05086852110639996,1.0
2.9809999999997827,-2.9809999999997827,-0.05081770340299697,0.05081770340299697,1.0
2.9819999999997826,-2.9819999999997826,-0.050766936466530445,0.050766936466530445,1.0
2.9829999999997825,-2.9829999999997825,-0.05071622024628415,0.05071622024628415,1.0
2.9839999999997824,-2.9839999999997824,-0.05066555469159257,0.05066555469159257,1.0
2.9849999999997823,-2.9849999999997823,-0.05061493975184072,0.05061493975184072,1.0
2.985999999999782,-2.985999999999782,-0.05056437537646426,0.05056437537646426,1.0
2.986999999999782,-2.986999999999782,-0.05051386151494931,0.05051386151494931,1.0
2.987999999999782,-2.987999999999782,-0.05046339811683248,0.05046339811683248,1.0
2.988999999999782,-2.988999999999782,-0.050412985131700776,0.050412985131700776,1.0
2.9899999999997817,-2.9899999999997817,-0.05036262250919159,0.05036262250919159,1.0
2.9909999999997816,-2.9909999999997816,-0.05031231019899259,0.05031231019899259,1.0
2.9919999999997815,-2.9919999999997815,-0.05026204815084175,0.05026204815084175,1.0
2.9929999999997814,-2.9929999999997814,-0.050211836314527226,0.050211836314527226,1.0
2.9939999999997813,-2.9939999999997813,-0.05016167463988734,0.05016167463988734,1.0
2.994999999999781,-2.994999999999781,-0.050111563076810535,0.050111563076810535,1.0
2.995999999999781,-2.995999999999781,-0.05006150157523529,0.05006150157523529,1.0
2.996999999999781,-2.996999999999781,-0.05001149008515014,0.05001149008515014,1.0
2.997999999999781,-2.997999999999781,-0.04996152855659355,0.04996152855659355,1.0
2.9989999999997807,-2.9989999999997807,-0.04991161693965389,0.04991161693965389,1.0
2.9999999999997806,-2.9999999999997806,-0.04986175518446942,0.04986175518446942,1.0
3.0009999999997805,-3.0009999999997805,-0.049811943241228195,0.049811943241228195,1.0
3.0019999999997804,-3.0019999999997804,-0.049762181060168026,0.049762181060168026,1.0
3.0029999999997803,-3.0029999999997803,-0.04971246859157644,0.04971246859157644,1.0
3.00399999999978,-3.00399999999978,-0.04966280578579065,0.04966280578579065,1.0
3.00499999999978,-3.00499999999978,-0.04961319259319746,0.04961319259319746,1.0
3.00599999999978,-3.00599999999978,-0.04956362896423322,0.04956362896423322,1.0
3.00699999999978,-3.00699999999978,-0.04951411484938383,0.04951411484938383,1.0
3.0079999999997797,-3.0079999999997797,-0.04946465019918465,0.04946465019918465,1.0
3.0089999999997796,-3.0089999999997796,-0.04941523496422042,0.04941523496422042,1.0
3.0099999999997795,-3.0099999999997795,-0.0493658690951253,0.0493658690951253,1.0
3.0109999999997794,-3.0109999999997794,-0.04931655254258272,0.04931655254258272,1.0
3.0119999999997793,-3.0119999999997793,-0.0492672852573254,0.0492672852573254,1.0
3.012999999999779,-3.012999999999779,-0.049218067190135266,0.049218067190135266,1.0
3.013999999999779,-3.013999999999779,-0.04916889829184342,0.04916889829184342,1.0
3.014999999999779,-3.014999999999779,-0.04911977851333009,0.04911977851333009,1.0
3.015999999999779,-3.015999999999779,-0.04907070780552457,0.04907070780552457,1.0
3.0169999999997787,-3.0169999999997787,-0.04902168611940516,0.04902168611940516,1.0
3.0179999999997786,-3.0179999999997786,-0.04897271340599916,0.04897271340599916,1.0
3.0189999999997785,-3.0189999999997785,-0.04892378961638277,0.04892378961638277,1.0
3.0199999999997784,-3.0199999999997784,-0.048874914701681094,0.048874914701681094,1.0
3.0209999999997783,-3.0209999999997783,-0.048826088613068024,0.048826088613068024,1.0
3.021999999999778,-3.021999999999778,-0.04877731130176626,0.04877731130176626,1.0
3.022999999999778,-3.022999999999778,-0.04872858271904722,0.04872858271904722,1.0
3.023999999999778,-3.023999999999778,-0.048679902816230976,0.048679902816230976,1.0
3.024999999999778,-3.024999999999778,-0.0486312715446863,0.0486312715446863,1.0
3.0259999999997778,-3.0259999999997778,-0.04858268885583046,0.04858268885583046,1.0
3.0269999999997776,-3.0269999999997776,-0.04853415470112933,0.04853415470112933,1.0
3.0279999999997775,-3.0279999999997775,-0.04848566903209724,0.04848566903209724,1.0
3.0289999999997774,-3.0289999999997774,-0.04843723180029694,0.04843723180029694,1.0
3.0299999999997773,-3.0299999999997773,-0.0483888429573396,0.0483888429573396,1.0
3.030999999999777,-3.030999999999777,-0.04834050245488471,0.04834050245488471,1.0
3.031999999999777,-3.031999999999777,-0.04829221024464007,0.04829221024464007,1.0
3.032999999999777,-3.032999999999777,-0.04824396627836171,0.04824396627836171,1.0
3.033999999999777,-3.033999999999777,-0.04819577050785385,0.04819577050785385,1.0
3.0349999999997768,-3.0349999999997768,-0.048147622884968884,0.048147622884968884,1.0
3.0359999999997767,-3.0359999999997767,-0.04809952336160728,0.04809952336160728,1.0
3.0369999999997765,-3.0369999999997765,-0.04805147188971756,0.04805147188971756,1.0
3.0379999999997764,-3.0379999999997764,-0.04800346842129627,0.04800346842129627,1.0
3.0389999999997763,-3.0389999999997763,-0.04795551290838788,0.04795551290838788,1.0
3.039999999999776,-3.039999999999776,-0.047907605303084785,0.047907605303084785,1.0
3.040999999999776,-3.040999999999776,-0.04785974555752726,0.04785974555752726,1.0
3.041999999999776,-3.041999999999776,-0.04781193362390336,0.04781193362390336,1.0
3.042999999999776,-3.042999999999776,-0.04776416945444892,0.04776416945444892,1.0
3.0439999999997758,-3.0439999999997758,-0.047716453001447466,0.047716453001447466,1.0
3.0449999999997757,-3.0449999999997757,-0.04766878421723023,0.04766878421723023,1.0
3.0459999999997756,-3.0459999999997756,-0.047621163054176054,0.047621163054176054,1.0
3.0469999999997754,-3.0469999999997754,-0.04757358946471134,0.04757358946471134,1.0
3.0479999999997753,-3.0479999999997753,-0.04752606340131002,0.04752606340131002,1.0
3.0489999999997752,-3.0489999999997752,-0.04747858481649353,0.04747858481649353,1.0
3.049999999999775,-3.049999999999775,-0.0474311536628307,0.0474311536628307,1.0
3.050999999999775,-3.050999999999775,-0.04738376989293776,0.04738376989293776,1.0
3.051999999999775,-3.051999999999775,-0.04733643345947828,0.04733643345947828,1.0
3.052999999999775,-3.052999999999775,-0.047289144315163116,0.047289144315163116,1.0
3.0539999999997747,-3.0539999999997747,-0.047241902412750364,0.047241902412750364,1.0
3.0549999999997746,-3.0549999999997746,-0.04719470770504532,0.04719470770504532,1.0
3.0559999999997745,-3.0559999999997745,-0.04714756014490042,0.04714756014490042,1.0
3.0569999999997743,-3.0569999999997743,-0.04710045968521521,0.04710045968521521,1.0
3.0579999999997742,-3.0579999999997742,-0.04705340627893627,0.04705340627893627,1.0
3.058999999999774,-3.058999999999774,-0.04700639987905721,0.04700639987905721,1.0
3.059999999999774,-3.059999999999774,-0.04695944043861859,0.04695944043861859,1.0
3.060999999999774,-3.060999999999774,-0.04691252791070788,0.04691252791070788,1.0
3.061999999999774,-3.061999999999774,-0.04686566224845942,0.04686566224845942,1.0
3.0629999999997737,-3.0629999999997737,-0.04681884340505437,0.04681884340505437,1.0
3.0639999999997736,-3.0639999999997736,-0.04677207133372065,0.04677207133372065,1.0
3.0649999999997735,-3.0649999999997735,-0.04672534598773292,0.04672534598773292,1.0
3.0659999999997734,-3.0659999999997734,-0.04667866732041251,0.04667866732041251,1.0
3.0669999999997732,-3.0669999999997732,-0.04663203528512738,0.04663203528512738,1.0
3.067999999999773,-3.067999999999773,-0.04658544983529209,0.04658544983529209,1.0
3.068999999999773,-3.068999999999773,-0.04653891092436773,0.04653891092436773,1.0
3.069999999999773,-3.069999999999773,-0.04649241850586187,0.04649241850586187,1.0
3.070999999999773,-3.070999999999773,-0.04644597253332853,0.04644597253332853,1.0
3.0719999999997727,-3.0719999999997727,-0.04639957296036817,0.04639957296036817,1.0
3.0729999999997726,-3.0729999999997726,-0.046353219740627546,0.046353219740627546,1.0
3.0739999999997725,-3.0739999999997725,-0.046306912827799744,0.046306912827799744,1.0
3.0749999999997724,-3.0749999999997724,-0.04626065217562412,0.04626065217562412,1.0
3.0759999999997722,-3.0759999999997722,-0.04621443773788623,0.04621443773788623,1.0
3.076999999999772,-3.076999999999772,-0.04616826946841781,0.04616826946841781,1.0
3.077999999999772,-3.077999999999772,-0.046122147321096714,0.046122147321096714,1.0
3.078999999999772,-3.078999999999772,-0.04607607124984687,0.04607607124984687,1.0
3.079999999999772,-3.079999999999772,-0.046030041208638225,0.046030041208638225,1.0
3.0809999999997717,-3.0809999999997717,-0.04598405715148674,0.04598405715148674,1.0
3.0819999999997716,-3.0819999999997716,-0.04593811903245429,0.04593811903245429,1.0
3.0829999999997715,-3.0829999999997715,-0.04589222680564864,0.04589222680564864,1.0
3.0839999999997714,-3.0839999999997714,-0.04584638042522341,0.04584638042522341,1.0
3.0849999999997713,-3.0849999999997713,-0.04580057984537804,0.04580057984537804,1.0
3.085999999999771,-3.085999999999771,-0.04575482502035768,0.04575482502035768,1.0
3.086999999999771,-3.086999999999771,-0.04570911590445323,0.04570911590445323,1.0
3.087999999999771,-3.087999999999771,-0.04566345245200123,0.04566345245200123,1.0
3.088999999999771,-3.088999999999771,-0.04561783461738384,0.04561783461738384,1.0
3.0899999999997707,-3.0899999999997707,-0.04557226235502882,0.04557226235502882,1.0
3.0909999999997706,-3.0909999999997706,-0.045526735619409404,0.045526735619409404,1.0
3.0919999999997705,-3.0919999999997705,-0.04548125436504436,0.04548125436504436,1.0
3.0929999999997704,-3.0929999999997704,-0.045435818546497864,0.045435818546497864,1.0
3.0939999999997703,-3.0939999999997703,-0.04539042811837949,0.04539042811837949,1.0
3.09499999999977,-3.09499999999977,-0.045345083035344146,0.045345083035344146,1.0
3.09599999999977,-3.09599999999977,-0.04529978325209206,0.04529978325209206,1.0
3.09699999999977,-3.09699999999977,-0.04525452872336869,0.04525452872336869,1.0
3.09799999999977,-3.09799999999977,-0.04520931940396472,0.04520931940396472,1.0
3.0989999999997697,-3.0989999999997697,-0.045164155248716004,0.045164155248716004,1.0
3.0999999999997696,-3.0999999999997696,-0.045119036212503495,0.045119036212503495,1.0
3.1009999999997695,-3.1009999999997695,-0.045073962250253244,0.045073962250253244,1.0
3.1019999999997694,-3.1019999999997694,-0.045028933316936304,0.045028933316936304,1.0
3.1029999999997693,-3.1029999999997693,-0.04498394936756874,0.04498394936756874,1.0
3.103999999999769,-3.103999999999769,-0.044939010357211526,0.044939010357211526,1.0
3.104999999999769,-3.104999999999769,-0.04489411624097056,0.04489411624097056,1.0
3.105999999999769,-3.105999999999769,-0.04484926697399656,0.04484926697399656,1.0
3.106999999999769,-3.106999999999769,-0.04480446251148507,0.04480446251148507,1.0
3.1079999999997687,-3.1079999999997687,-0.0447597028086764,0.0447597028086764,1.0
3.1089999999997686,-3.1089999999997686,-0.04471498782085555,0.04471498782085555,1.0
3.1099999999997685,-3.1099999999997685,-0.0446703175033522,0.0446703175033522,1.0
3.1109999999997684,-3.1109999999997684,-0.044625691811540656,0.044625691811540656,1.0
3.1119999999997683,-3.1119999999997683,-0.04458111070083981,0.04458111070083981,1.0
3.112999999999768,-3.112999999999768,-0.0445365741267131,0.0445365741267131,1.0
3.113999999999768,-3.113999999999768,-0.04449208204466844,0.04449208204466844,1.0
3.114999999999768,-3.114999999999768,-0.04444763441025818,0.04444763441025818,1.0
3.115999999999768,-3.115999999999768,-0.0444032311790791,0.0444032311790791,1.0
3.1169999999997677,-3.1169999999997677,-0.04435887230677233,0.04435887230677233,1.0
3.1179999999997676,-3.1179999999997676,-0.044314557749023306,0.044314557749023306,1.0
3.1189999999997675,-3.1189999999997675,-0.04427028746156175,0.04427028746156175,1.0
3.1199999999997674,-3.1199999999997674,-0.04422606140016159,0.04422606140016159,1.0
3.1209999999997673,-3.1209999999997673,-0.04418187952064094,0.04418187952064094,1.0
3.121999999999767,-3.121999999999767,-0.04413774177886209,0.04413774177886209,1.0
3.122999999999767,-3.122999999999767,-0.044093648130731355,0.044093648130731355,1.0
3.123999999999767,-3.123999999999767,-0.044049598532199155,0.044049598532199155,1.0
3.124999999999767,-3.124999999999767,-0.044005592939259895,0.044005592939259895,1.0
3.1259999999997667,-3.1259999999997667,-0.04396163130795194,0.04396163130795194,1.0
3.1269999999997666,-3.1269999999997666,-0.04391771359435759,0.04391771359435759,1.0
3.1279999999997665,-3.1279999999997665,-0.04387383975460299,0.04387383975460299,1.0
3.1289999999997664,-3.1289999999997664,-0.04383000974485813,0.04383000974485813,1.0
3.1299999999997663,-3.1299999999997663,-0.0437862235213368,0.0437862235213368,1.0
3.130999999999766,-3.130999999999766,-0.0437424810402965,0.0437424810402965,1.0
3.131999999999766,-3.131999999999766,-0.043698782258038464,0.043698782258038464,1.0
3.132999999999766,-3.132999999999766,-0.04365512713090756,0.04365512713090756,1.0
3.133999999999766,-3.133999999999766,-0.043611515615292265,0.043611515615292265,1.0
3.1349999999997658,-3.1349999999997658,-0.04356794766762464,0.04356794766762464,1.0
3.1359999999997656,-3.1359999999997656,-0.04352442324438026,0.04352442324438026,1.0
3.1369999999997655,-3.1369999999997655,-0.04348094230207818,0.04348094230207818,1.0
3.1379999999997654,-3.1379999999997654,-0.04343750479728089,0.04343750479728089,1.0
3.1389999999997653,-3.1389999999997653,-0.043394110686594295,0.043394110686594295,1.0
3.139999999999765,-3.139999999999765,-0.04335075992666763,0.04335075992666763,1.0
3.140999999999765,-3.140999999999765,-0.04330745247419344,0.04330745247419344,1.0
3.141999999999765,-3.141999999999765,-0.043264188285907536,0.043264188285907536,1.0
3.142999999999765,-3.142999999999765,-0.043220967318588946,0.043220967318588946,1.0
3.1439999999997648,-3.1439999999997648,-0.04317778952905989,0.04317778952905989,1.0
3.1449999999997647,-3.1449999999997647,-0.0431346548741857,0.0431346548741857,1.0
3.1459999999997645,-3.1459999999997645,-0.043091563310874825,0.043091563310874825,1.0
3.1469999999997644,-3.1469999999997644,-0.04304851479607874,0.04304851479607874,1.0
3.1479999999997643,-3.1479999999997643,-0.04300550928679194,0.04300550928679194,1.0
3.148999999999764,-3.148999999999764,-0.04296254674005189,0.04296254674005189,1.0
3.149999999999764,-3.149999999999764,-0.04291962711293895,0.04291962711293895,1.0
3.150999999999764,-3.150999999999764,-0.04287675036257637,0.04287675036257637,1.0
3.151999999999764,-3.151999999999764,-0.04283391644613025,0.04283391644613025,1.0
3.1529999999997638,-3.1529999999997638,-0.04279112532080944,0.04279112532080944,1.0
3.1539999999997637,-3.1539999999997637,-0.042748376943865574,0.042748376943865574,1.0
3.1549999999997635,-3.1549999999997635,-0.042705671272592984,0.042705671272592984,1.0
3.1559999999997634,-3.1559999999997634,-0.04266300826432865,0.04266300826432865,1.0
3.1569999999997633,-3.1569999999997633,-0.0426203878764522,0.0426203878764522,1.0
3.157999999999763,-3.157999999999763,-0.04257781006638581,0.04257781006638581,1.0
3.158999999999763,-3.158999999999763,-0.04253527479159421,0.04253527479159421,1.0
3.159999999999763,-3.159999999999763,-0.042492782009584625,0.042492782009584625,1.0
3.160999999999763,-3.160999999999763,-0.042450331677906725,0.042450331677906725,1.0
3.161999999999763,-3.161999999999763,-0.04240792375415257,0.04240792375415257,1.0
3.1629999999997627,-3.1629999999997627,-0.04236555819595662,0.04236555819595662,1.0
3.1639999999997626,-3.1639999999997626,-0.04232323496099562,0.04232323496099562,1.0
3.1649999999997624,-3.1649999999997624,-0.04228095400698862,0.04228095400698862,1.0
3.1659999999997623,-3.1659999999997623,-0.04223871529169693,0.04223871529169693,1.0
3.1669999999997622,-3.1669999999997622,-0.042196518772924005,0.042196518772924005,1.0
3.167999999999762,-3.167999999999762,-0.04215436440851549,0.04215436440851549,1.0
3.168999999999762,-3.168999999999762,-0.04211225215635914,0.04211225215635914,1.0
3.169999999999762,-3.169999999999762,-0.04207018197438476,0.04207018197438476,1.0
3.170999999999762,-3.170999999999762,-0.042028153820564185,0.042028153820564185,1.0
3.1719999999997617,-3.1719999999997617,-0.04198616765291128,0.04198616765291128,1.0
3.1729999999997616,-3.1729999999997616,-0.04194422342948179,0.04194422342948179,1.0
3.1739999999997615,-3.1739999999997615,-0.04190232110837342,0.04190232110837342,1.0
3.1749999999997613,-3.1749999999997613,-0.041860460647725695,0.041860460647725695,1.0
3.1759999999997612,-3.1759999999997612,-0.041818642005719976,0.041818642005719976,1.0
3.176999999999761,-3.176999999999761,-0.04177686514057939,0.04177686514057939,1.0
3.177999999999761,-3.177999999999761,-0.04173513001056882,0.04173513001056882,1.0
3.178999999999761,-3.178999999999761,-0.04169343657399483,0.04169343657399483,1.0
3.179999999999761,-3.179999999999761,-0.04165178478920562,0.04165178478920562,1.0
3.1809999999997607,-3.1809999999997607,-0.04161017461459103,0.04161017461459103,1.0
3.1819999999997606,-3.1819999999997606,-0.04156860600858244,0.04156860600858244,1.0
3.1829999999997605,-3.1829999999997605,-0.04152707892965279,0.04152707892965279,1.0
3.1839999999997604,-3.1839999999997604,-0.04148559333631647,0.04148559333631647,1.0
3.1849999999997602,-3.1849999999997602,-0.04144414918712934,0.04144414918712934,1.0
3.18599999999976,-3.18599999999976,-0.04140274644068864,0.04140274644068864,1.0
3.18699999999976,-3.18699999999976,-0.04136138505563301,0.04136138505563301,1.0
3.18799999999976,-3.18799999999976,-0.04132006499064237,0.04132006499064237,1.0
3.18899999999976,-3.18899999999976,-0.04127878620443794,0.04127878620443794,1.0
3.1899999999997597,-3.1899999999997597,-0.04123754865578215,0.04123754865578215,1.0
3.1909999999997596,-3.1909999999997596,-0.04119635230347867,0.04119635230347867,1.0
3.1919999999997595,-3.1919999999997595,-0.0411551971063723,0.0411551971063723,1.0
3.1929999999997594,-3.1929999999997594,-0.041114083023348943,0.041114083023348943,1.0
3.1939999999997593,-3.1939999999997593,-0.04107301001333562,0.04107301001333562,1.0
3.194999999999759,-3.194999999999759,-0.04103197803530031,0.04103197803530031,1.0
3.195999999999759,-3.195999999999759,-0.040990987048252055,0.040990987048252055,1.0
3.196999999999759,-3.196999999999759,-0.040950037011240815,0.040950037011240815,1.0
3.197999999999759,-3.197999999999759,-0.04090912788335745,0.04090912788335745,1.0
3.1989999999997587,-3.1989999999997587,-0.040868259623733715,0.040868259623733715,1.0
3.1999999999997586,-3.1999999999997586,-0.040827432191542175,0.040827432191542175,1.0
3.2009999999997585,-3.2009999999997585,-0.04078664554599618,0.04078664554599618,1.0
3.2019999999997584,-3.2019999999997584,-0.04074589964634984,0.04074589964634984,1.0
3.2029999999997583,-3.2029999999997583,-0.040705194451897936,0.040705194451897936,1.0
3.203999999999758,-3.203999999999758,-0.04066452992197595,0.04066452992197595,1.0
3.204999999999758,-3.204999999999758,-0.04062390601595999,0.04062390601595999,1.0
3.205999999999758,-3.205999999999758,-0.04058332269326673,0.04058332269326673,1.0
3.206999999999758,-3.206999999999758,-0.04054277991335337,0.04054277991335337,1.0
3.2079999999997577,-3.2079999999997577,-0.04050227763571766,0.04050227763571766,1.0
3.2089999999997576,-3.2089999999997576,-0.040461815819897766,0.040461815819897766,1.0
3.2099999999997575,-3.2099999999997575,-0.040421394425472296,0.040421394425472296,1.0
3.2109999999997574,-3.2109999999997574,-0.04038101341206024,0.04038101341206024,1.0
3.2119999999997573,-3.2119999999997573,-0.04034067273932092,0.04034067273932092,1.0
3.212999999999757,-3.212999999999757,-0.04030037236695396,0.04030037236695396,1.0
3.213999999999757,-3.213999999999757,-0.040260112254699255,0.040260112254699255,1.0
3.214999999999757,-3.214999999999757,-0.040219892362336924,0.040219892362336924,1.0
3.215999999999757,-3.215999999999757,-0.04017971264968724,0.04017971264968724,1.0
3.2169999999997567,-3.2169999999997567,-0.04013957307661063,0.04013957307661063,1.0
3.2179999999997566,-3.2179999999997566,-0.04009947360300763,0.04009947360300763,1.0
3.2189999999997565,-3.2189999999997565,-0.04005941418881881,0.04005941418881881,1.0
3.2199999999997564,-3.2199999999997564,-0.04001939479402478,0.04001939479402478,1.0
3.2209999999997563,-3.2209999999997563,-0.03997941537864614,0.03997941537864614,1.0
3.221999999999756,-3.221999999999756,-0.03993947590274339,0.03993947590274339,1.0
3.222999999999756,-3.222999999999756,-0.03989957632641697,0.03989957632641697,1.0
3.223999999999756,-3.223999999999756,-0.03985971660980716,0.03985971660980716,1.0
3.224999999999756,-3.224999999999756,-0.03981989671309406,0.03981989671309406,1.0
3.2259999999997557,-3.2259999999997557,-0.039780116596497564,0.039780116596497564,1.0
3.2269999999997556,-3.2269999999997556,-0.03974037622027729,0.03974037622027729,1.0
3.2279999999997555,-3.2279999999997555,-0.039700675544732555,0.039700675544732555,1.0
3.2289999999997554,-3.2289999999997554,-0.039661014530202356,0.039661014530202356,1.0
3.2299999999997553,-3.2299999999997553,-0.039621393137065294,0.039621393137065294,1.0
3.230999999999755,-3.230999999999755,-0.03958181132573955,0.03958181132573955,1.0
3.231999999999755,-3.231999999999755,-0.03954226905668286,0.03954226905668286,1.0
3.232999999999755,-3.232999999999755,-0.03950276629039247,0.03950276629039247,1.0
3.233999999999755,-3.233999999999755,-0.039463302987405066,0.039463302987405066,1.0
3.2349999999997547,-3.2349999999997547,-0.03942387910829677,0.03942387910829677,1.0
3.2359999999997546,-3.2359999999997546,-0.03938449461368308,0.03938449461368308,1.0
3.2369999999997545,-3.2369999999997545,-0.03934514946421887,0.03934514946421887,1.0
3.2379999999997544,-3.2379999999997544,-0.03930584362059827,0.03930584362059827,1.0
3.2389999999997543,-3.2389999999997543,-0.03926657704355472,0.03926657704355472,1.0
3.239999999999754,-3.239999999999754,-0.03922734969386085,0.03922734969386085,1.0
3.240999999999754,-3.240999999999754,-0.03918816153232853,0.03918816153232853,1.0
3.241999999999754,-3.241999999999754,-0.039149012519808714,0.039149012519808714,1.0
3.242999999999754,-3.242999999999754,-0.03910990261719152,0.03910990261719152,1.0
3.2439999999997537,-3.2439999999997537,-0.03907083178540611,0.03907083178540611,1.0
3.2449999999997536,-3.2449999999997536,-0.039031799985420695,0.039031799985420695,1.0
3.2459999999997535,-3.2459999999997535,-0.038992807178242446,0.038992807178242446,1.0
3.2469999999997534,-3.2469999999997534,-0.03895385332491753,0.03895385332491753,1.0
3.2479999999997533,-3.2479999999997533,-0.03891493838653099,0.03891493838653099,1.0
3.248999999999753,-3.248999999999753,-0.03887606232420679,0.03887606232420679,1.0
3.249999999999753,-3.249999999999753,-0.038837225099107676,0.038837225099107676,1.0
3.250999999999753,-3.250999999999753,-0.03879842667243524,0.03879842667243524,1.0
3.251999999999753,-3.251999999999753,-0.038759667005429814,0.038759667005429814,1.0
3.2529999999997528,-3.2529999999997528,-0.038720946059370445,0.038720946059370445,1.0
3.2539999999997526,-3.2539999999997526,-0.03868226379557487,0.03868226379557487,1.0
3.2549999999997525,-3.2549999999997525,-0.03864362017539947,0.03864362017539947,1.0
3.2559999999997524,-3.2559999999997524,-0.03860501516023923,0.03860501516023923,1.0
3.2569999999997523,-3.2569999999997523,-0.038566448711527694,0.038566448711527694,1.0
3.257999999999752,-3.257999999999752,-0.038527920790736955,0.038527920790736955,1.0
3.258999999999752,-3.258999999999752,-0.038489431359377574,0.038489431359377574,1.0
3.259999999999752,-3.259999999999752,-0.03845098037899858,0.03845098037899858,1.0
3.260999999999752,-3.260999999999752,-0.0384125678111874,0.0384125678111874,1.0
3.2619999999997518,-3.2619999999997518,-0.03837419361756982,0.03837419361756982,1.0
3.2629999999997517,-3.2629999999997517,-0.03833585775981001,0.03833585775981001,1.0
3.2639999999997515,-3.2639999999997515,-0.038297560199610406,0.038297560199610406,1.0
3.2649999999997514,-3.2649999999997514,-0.03825930089871169,0.03825930089871169,1.0
3.2659999999997513,-3.2659999999997513,-0.03822107981889279,0.03822107981889279,1.0
3.266999999999751,-3.266999999999751,-0.03818289692197082,0.03818289692197082,1.0
3.267999999999751,-3.267999999999751,-0.038144752169801024,0.038144752169801024,1.0
3.268999999999751,-3.268999999999751,-0.03810664552427675,0.03810664552427675,1.0
3.269999999999751,-3.269999999999751,-0.038068576947329416,0.038068576947329416,1.0
3.2709999999997508,-3.2709999999997508,-0.03803054640092848,0.03803054640092848,1.0
3.2719999999997507,-3.2719999999997507,-0.0379925538470814,0.0379925538470814,1.0
3.2729999999997506,-3.2729999999997506,-0.037954599247833565,0.037954599247833565,1.0
3.2739999999997504,-3.2739999999997504,-0.0379166825652683,0.0379166825652683,1.0
3.2749999999997503,-3.2749999999997503,-0.037878803761506784,0.037878803761506784,1.0
3.2759999999997502,-3.2759999999997502,-0.03784096279870807,0.03784096279870807,1.0
3.27699999999975,-3.27699999999975,-0.037803159639069,0.037803159639069,1.0
3.27799999999975,-3.27799999999975,-0.03776539424482418,0.03776539424482418,1.0
3.27899999999975,-3.27899999999975,-0.03772766657824593,0.03772766657824593,1.0
3.27999999999975,-3.27999999999975,-0.03768997660164429,0.03768997660164429,1.0
3.2809999999997497,-3.2809999999997497,-0.037652324277366915,0.037652324277366915,1.0
3.2819999999997496,-3.2819999999997496,-0.03761470956779912,0.03761470956779912,1.0
3.2829999999997495,-3.2829999999997495,-0.03757713243536376,0.03757713243536376,1.0
3.2839999999997493,-3.2839999999997493,-0.03753959284252124,0.03753959284252124,1.0
3.2849999999997492,-3.2849999999997492,-0.03750209075176946,0.03750209075176946,1.0
3.285999999999749,-3.285999999999749,-0.037464626125643816,0.037464626125643816,1.0
3.286999999999749,-3.286999999999749,-0.037427198926717094,0.037427198926717094,1.0
3.287999999999749,-3.287999999999749,-0.037389809117599496,0.037389809117599496,1.0
3.288999999999749,-3.288999999999749,-0.03735245666093856,0.03735245666093856,1.0
3.2899999999997487,-3.2899999999997487,-0.03731514151941914,0.03731514151941914,1.0
3.2909999999997486,-3.2909999999997486,-0.03727786365576338,0.03727786365576338,1.0
3.2919999999997485,-3.2919999999997485,-0.037240623032730645,0.037240623032730645,1.0
3.2929999999997484,-3.2929999999997484,-0.03720341961311753,0.03720341961311753,1.0
3.2939999999997482,-3.2939999999997482,-0.037166253359757775,0.037166253359757775,1.0
3.294999999999748,-3.294999999999748,-0.03712912423552225,0.03712912423552225,1.0
3.295999999999748,-3.295999999999748,-0.03709203220331893,0.03709203220331893,1.0
3.296999999999748,-3.296999999999748,-0.03705497722609284,0.03705497722609284,1.0
3.297999999999748,-3.297999999999748,-0.037017959266826016,0.037017959266826016,1.0
3.2989999999997477,-3.2989999999997477,-0.03698097828853748,0.03698097828853748,1.0
3.2999999999997476,-3.2999999999997476,-0.0369440342542832,0.0369440342542832,1.0
3.3009999999997475,-3.3009999999997475,-0.03690712712715604,0.03690712712715604,1.0
3.3019999999997474,-3.3019999999997474,-0.03687025687028576,0.03687025687028576,1.0
3.3029999999997472,-3.3029999999997472,-0.03683342344683892,0.03683342344683892,1.0
3.303999999999747,-3.303999999999747,-0.036796626820018906,0.036796626820018906,1.0
3.304999999999747,-3.304999999999747,-0.03675986695306584,0.03675986695306584,1.0
3.305999999999747,-3.305999999999747,-0.03672314380925657,0.03672314380925657,1.0
3.306999999999747,-3.306999999999747,-0.03668645735190467,0.03668645735190467,1.0
3.3079999999997467,-3.3079999999997467,-0.036649807544360306,0.036649807544360306,1.0
3.3089999999997466,-3.3089999999997466,-0.03661319435001029,0.03661319435001029,1.0
3.3099999999997465,-3.3099999999997465,-0.036576617732278015,0.036576617732278015,1.0
3.3109999999997464,-3.3109999999997464,-0.036540077654623394,0.036540077654623394,1.0
3.3119999999997463,-3.3119999999997463,-0.036503574080542854,0.036503574080542854,1.0
3.312999999999746,-3.312999999999746,-0.03646710697356929,0.03646710697356929,1.0
3.313999999999746,-3.313999999999746,-0.036430676297272015,0.036430676297272015,1.0
3.314999999999746,-3.314999999999746,-0.03639428201525676,0.03639428201525676,1.0
3.315999999999746,-3.315999999999746,-0.036357924091165596,0.036357924091165596,1.0
3.3169999999997457,-3.3169999999997457,-0.03632160248867692,0.03632160248867692,1.0
3.3179999999997456,-3.3179999999997456,-0.03628531717150541,0.03628531717150541,1.0
3.3189999999997455,-3.3189999999997455,-0.03624906810340201,0.03624906810340201,1.0
3.3199999999997454,-3.3199999999997454,-0.03621285524815386,0.03621285524815386,1.0
3.3209999999997453,-3.3209999999997453,-0.03617667856958427,0.03617667856958427,1.0
3.321999999999745,-3.321999999999745,-0.03614053803155272,0.03614053803155272,1.0
3.322999999999745,-3.322999999999745,-0.03610443359795476,0.03610443359795476,1.0
3.323999999999745,-3.323999999999745,-0.03606836523272204,0.03606836523272204,1.0
3.324999999999745,-3.324999999999745,-0.036032332899822224,0.036032332899822224,1.0
3.3259999999997447,-3.3259999999997447,-0.035996336563258964,0.035996336563258964,1.0
3.3269999999997446,-3.3269999999997446,-0.035960376187071895,0.035960376187071895,1.0
3.3279999999997445,-3.3279999999997445,-0.03592445173533656,0.03592445173533656,1.0
3.3289999999997444,-3.3289999999997444,-0.03588856317216439,0.03588856317216439,1.0
3.3299999999997443,-3.3299999999997443,-0.035852710461702686,0.035852710461702686,1.0
3.330999999999744,-3.330999999999744,-0.03581689356813455,0.03581689356813455,1.0
3.331999999999744,-3.331999999999744,-0.03578111245567887,0.03578111245567887,1.0
3.332999999999744,-3.332999999999744,-0.03574536708859028,0.03574536708859028,1.0
3.333999999999744,-3.333999999999744,-0.03570965743115912,0.03570965743115912,1.0
3.3349999999997437,-3.3349999999997437,-0.035673983447711416,0.035673983447711416,1.0
3.3359999999997436,-3.3359999999997436,-0.035638345102608805,0.035638345102608805,1.0
3.3369999999997435,-3.3369999999997435,-0.03560274236024855,0.03560274236024855,1.0
3.3379999999997434,-3.3379999999997434,-0.035567175185063485,0.035567175185063485,1.0
3.3389999999997433,-3.3389999999997433,-0.03553164354152197,0.03553164354152197,1.0
3.339999999999743,-3.339999999999743,-0.03549614739412784,0.03549614739412784,1.0
3.340999999999743,-3.340999999999743,-0.03546068670742042,0.03546068670742042,1.0
3.341999999999743,-3.341999999999743,-0.03542526144597445,0.03542526144597445,1.0
3.342999999999743,-3.342999999999743,-0.03538987157440005,0.03538987157440005,1.0
3.3439999999997427,-3.3439999999997427,-0.035354517057342716,0.035354517057342716,1.0
3.3449999999997426,-3.3449999999997426,-0.03531919785948323,0.03531919785948323,1.0
3.3459999999997425,-3.3459999999997425,-0.03528391394553769,0.03528391394553769,1.0
3.3469999999997424,-3.3469999999997424,-0.03524866528025743,0.03524866528025743,1.0
3.3479999999997423,-3.3479999999997423,-0.035213451828429,0.035213451828429,1.0
3.348999999999742,-3.348999999999742,-0.03517827355487413,0.03517827355487413,1.0
3.349999999999742,-3.349999999999742,-0.03514313042444968,0.03514313042444968,1.0
3.350999999999742,-3.350999999999742,-0.035108022402047634,0.035108022402047634,1.0
3.351999999999742,-3.351999999999742,-0.03507294945259504,0.03507294945259504,1.0
3.3529999999997417,-3.3529999999997417,-0.035037911541053984,0.035037911541053984,1.0
3.3539999999997416,-3.3539999999997416,-0.03500290863242156,0.03500290863242156,1.0
3.3549999999997415,-3.3549999999997415,-0.03496794069172983,0.03496794069172983,1.0
3.3559999999997414,-3.3559999999997414,-0.03493300768404578,0.03493300768404578,1.0
3.3569999999997413,-3.3569999999997413,-0.0348981095744713,0.0348981095744713,1.0
3.357999999999741,-3.357999999999741,-0.03486324632814316,0.03486324632814316,1.0
3.358999999999741,-3.358999999999741,-0.034828417910232924,0.034828417910232924,1.0
3.359999999999741,-3.359999999999741,-0.03479362428594698,0.03479362428594698,1.0
3.360999999999741,-3.360999999999741,-0.034758865420526454,0.034758865420526454,1.0
3.3619999999997408,-3.3619999999997408,-0.03472414127924721,0.03472414127924721,1.0
3.3629999999997406,-3.3629999999997406,-0.03468945182741979,0.03468945182741979,1.0
3.3639999999997405,-3.3639999999997405,-0.03465479703038939,0.03465479703038939,1.0
3.3649999999997404,-3.3649999999997404,-0.034620176853535856,0.034620176853535856,1.0
3.3659999999997403,-3.3659999999997403,-0.034585591262273584,0.034585591262273584,1.0
3.36699999999974,-3.36699999999974,-0.03455104022205153,0.03455104022205153,1.0
3.36799999999974,-3.36799999999974,-0.034516523698353174,0.034516523698353174,1.0
3.36899999999974,-3.36899999999974,-0.03448204165669647,0.03448204165669647,1.0
3.36999999999974,-3.36999999999974,-0.03444759406263384,0.03444759406263384,1.0
3.3709999999997398,-3.3709999999997398,-0.03441318088175209,0.03441318088175209,1.0
3.3719999999997397,-3.3719999999997397,-0.03437880207967242,0.03437880207967242,1.0
3.3729999999997395,-3.3729999999997395,-0.03434445762205037,0.03434445762205037,1.0
3.3739999999997394,-3.3739999999997394,-0.034310147474575795,0.034310147474575795,1.0
3.3749999999997393,-3.3749999999997393,-0.03427587160297283,0.03427587160297283,1.0
3.375999999999739,-3.375999999999739,-0.03424162997299983,0.03424162997299983,1.0
3.376999999999739,-3.376999999999739,-0.034207422550449375,0.034207422550449375,1.0
3.377999999999739,-3.377999999999739,-0.03417324930114823,0.03417324930114823,1.0
3.378999999999739,-3.378999999999739,-0.03413911019095727,0.03413911019095727,1.0
3.3799999999997388,-3.3799999999997388,-0.034105005185771496,0.034105005185771496,1.0
3.3809999999997387,-3.3809999999997387,-0.034070934251519976,0.034070934251519976,1.0
3.3819999999997385,-3.3819999999997385,-0.034036897354165804,0.034036897354165804,1.0
3.3829999999997384,-3.3829999999997384,-0.034002894459706105,0.034002894459706105,1.0
3.3839999999997383,-3.3839999999997383,-0.03396892553417193,0.03396892553417193,1.0
3.384999999999738,-3.384999999999738,-0.03393499054362831,0.03393499054362831,1.0
3.385999999999738,-3.385999999999738,-0.03390108945417413,0.03390108945417413,1.0
3.386999999999738,-3.386999999999738,-0.03386722223194218,0.03386722223194218,1.0
3.387999999999738,-3.387999999999738,-0.03383338884309908,0.03383338884309908,1.0
3.3889999999997378,-3.3889999999997378,-0.03379958925384524,0.03379958925384524,1.0
3.3899999999997377,-3.3899999999997377,-0.03376582343041483,0.03376582343041483,1.0
3.3909999999997376,-3.3909999999997376,-0.03373209133907575,0.03373209133907575,1.0
3.3919999999997374,-3.3919999999997374,-0.03369839294612963,0.03369839294612963,1.0
3.3929999999997373,-3.3929999999997373,-0.033664728217911714,0.033664728217911714,1.0
3.3939999999997372,-3.3939999999997372,-0.033631097120790925,0.033631097120790925,1.0
3.394999999999737,-3.394999999999737,-0.03359749962116976,0.03359749962116976,1.0
3.395999999999737,-3.395999999999737,-0.03356393568548427,0.03356393568548427,1.0
3.396999999999737,-3.396999999999737,-0.033530405280204074,0.033530405280204074,1.0
3.397999999999737,-3.397999999999737,-0.033496908371832244,0.033496908371832244,1.0
3.3989999999997367,-3.3989999999997367,-0.03346344492690534,0.03346344492690534,1.0
3.3999999999997366,-3.3999999999997366,-0.03343001491199335,0.03343001491199335,1.0
3.4009999999997365,-3.4009999999997365,-0.03339661829369965,0.03339661829369965,1.0
3.4019999999997363,-3.4019999999997363,-0.03336325503866099,0.03336325503866099,1.0
3.4029999999997362,-3.4029999999997362,-0.03332992511354745,0.03332992511354745,1.0
3.403999999999736,-3.403999999999736,-0.033296628485062395,0.033296628485062395,1.0
3.404999999999736,-3.404999999999736,-0.03326336511994245,0.03326336511994245,1.0
3.405999999999736,-3.405999999999736,-0.03323013498495749,0.03323013498495749,1.0
3.406999999999736,-3.406999999999736,-0.03319693804691058,0.03319693804691058,1.0
3.4079999999997357,-3.4079999999997357,-0.03316377427263794,0.03316377427263794,1.0
3.4089999999997356,-3.4089999999997356,-0.03313064362900893,0.03313064362900893,1.0
3.4099999999997355,-3.4099999999997355,-0.033097546082926,0.033097546082926,1.0
3.4109999999997354,-3.4109999999997354,-0.03306448160132468,0.03306448160132468,1.0
3.4119999999997352,-3.4119999999997352,-0.03303145015117351,0.03303145015117351,1.0
3.412999999999735,-3.412999999999735,-0.03299845169947403,0.03299845169947403,1.0
3.413999999999735,-3.413999999999735,-0.03296548621326077,0.03296548621326077,1.0
3.414999999999735,-3.414999999999735,-0.03293255365960117,0.03293255365960117,1.0
3.415999999999735,-3.415999999999735,-0.03289965400559557,0.03289965400559557,1.0
3.4169999999997347,-3.4169999999997347,-0.03286678721837719,0.03286678721837719,1.0
3.4179999999997346,-3.4179999999997346,-0.032833953265112084,0.032833953265112084,1.0
3.4189999999997345,-3.4189999999997345,-0.03280115211299908,0.03280115211299908,1.0
3.4199999999997344,-3.4199999999997344,-0.032768383729269816,0.032768383729269816,1.0
3.4209999999997343,-3.4209999999997343,-0.03273564808118863,0.03273564808118863,1.0
3.421999999999734,-3.421999999999734,-0.03270294513605258,0.03270294513605258,1.0
3.422999999999734,-3.422999999999734,-0.03267027486119139,0.03267027486119139,1.0
3.423999999999734,-3.423999999999734,-0.032637637223967425,0.032637637223967425,1.0
3.424999999999734,-3.424999999999734,-0.03260503219177565,0.03260503219177565,1.0
3.4259999999997337,-3.4259999999997337,-0.03257245973204361,0.03257245973204361,1.0
3.4269999999997336,-3.4269999999997336,-0.03253991981223138,0.03253991981223138,1.0
3.4279999999997335,-3.4279999999997335,-0.03250741239983155,0.03250741239983155,1.0
3.4289999999997334,-3.4289999999997334,-0.03247493746236918,0.03247493746236918,1.0
3.4299999999997333,-3.4299999999997333,-0.03244249496740177,0.03244249496740177,1.0
3.430999999999733,-3.430999999999733,-0.03241008488251925,0.03241008488251925,1.0
3.431999999999733,-3.431999999999733,-0.03237770717534391,0.03237770717534391,1.0
3.432999999999733,-3.432999999999733,-0.03234536181353038,0.03234536181353038,1.0
3.433999999999733,-3.433999999999733,-0.032313048764765616,0.032313048764765616,1.0
3.4349999999997327,-3.4349999999997327,-0.03228076799676885,0.03228076799676885,1.0
3.4359999999997326,-3.4359999999997326,-0.03224851947729156,0.03224851947729156,1.0
3.4369999999997325,-3.4369999999997325,-0.03221630317411744,0.03221630317411744,1.0
3.4379999999997324,-3.4379999999997324,-0.03218411905506237,0.03218411905506237,1.0
3.4389999999997323,-3.4389999999997323,-0.032151967087974395,0.032151967087974395,1.0
3.439999999999732,-3.439999999999732,-0.03211984724073366,0.03211984724073366,1.0
3.440999999999732,-3.440999999999732,-0.032087759481252406,0.032087759481252406,1.0
3.441999999999732,-3.441999999999732,-0.03205570377747493,0.03205570377747493,1.0
3.442999999999732,-3.442999999999732,-0.03202368009737755,0.03202368009737755,1.0
3.4439999999997317,-3.4439999999997317,-0.03199168840896857,0.03199168840896857,1.0
3.4449999999997316,-3.4449999999997316,-0.031959728680288284,0.031959728680288284,1.0
3.4459999999997315,-3.4459999999997315,-0.03192780087940888,0.03192780087940888,1.0
3.4469999999997314,-3.4469999999997314,-0.031895904974434446,0.031895904974434446,1.0
3.4479999999997313,-3.4479999999997313,-0.03186404093350095,0.03186404093350095,1.0
3.448999999999731,-3.448999999999731,-0.03183220872477617,0.03183220872477617,1.0
3.449999999999731,-3.449999999999731,-0.03180040831645971,0.03180040831645971,1.0
3.450999999999731,-3.450999999999731,-0.03176863967678293,0.03176863967678293,1.0
3.451999999999731,-3.451999999999731,-0.03173690277400892,0.03173690277400892,1.0
3.4529999999997307,-3.4529999999997307,-0.03170519757643249,0.03170519757643249,1.0
3.4539999999997306,-3.4539999999997306,-0.03167352405238011,0.03167352405238011,1.0
3.4549999999997305,-3.4549999999997305,-0.0316418821702099,0.0316418821702099,1.0
3.4559999999997304,-3.4559999999997304,-0.03161027189831158,0.03161027189831158,1.0
3.4569999999997303,-3.4569999999997303,-0.03157869320510647,0.03157869320510647,1.0
3.45799999999973,-3.45799999999973,-0.031547146059047425,0.031547146059047425,1.0
3.45899999999973,-3.45899999999973,-0.0315156304286188,0.0315156304286188,1.0
3.45999999999973,-3.45999999999973,-0.03148414628233647,0.03148414628233647,1.0
3.46099999999973,-3.46099999999973,-0.03145269358874772,0.03145269358874772,1.0
3.4619999999997297,-3.4619999999997297,-0.03142127231643129,0.03142127231643129,1.0
3.4629999999997296,-3.4629999999997296,-0.0313898824339973,0.0313898824339973,1.0
3.4639999999997295,-3.4639999999997295,-0.031358523910087206,0.031358523910087206,1.0
3.4649999999997294,-3.4649999999997294,-0.03132719671337384,0.03132719671337384,1.0
3.4659999999997293,-3.4659999999997293,-0.03129590081256128,0.03129590081256128,1.0
3.466999999999729,-3.466999999999729,-0.0312646361763849,0.0312646361763849,1.0
3.467999999999729,-3.467999999999729,-0.031233402773611287,0.031233402773611287,1.0
3.468999999999729,-3.468999999999729,-0.03120220057303825,0.03120220057303825,1.0
3.469999999999729,-3.469999999999729,-0.031171029543494756,0.031171029543494756,1.0
3.4709999999997287,-3.4709999999997287,-0.031139889653840916,0.031139889653840916,1.0
3.4719999999997286,-3.4719999999997286,-0.031108780872967947,0.031108780872967947,1.0
3.4729999999997285,-3.4729999999997285,-0.03107770316979815,0.03107770316979815,1.0
3.4739999999997284,-3.4739999999997284,-0.031046656513284865,0.031046656513284865,1.0
3.4749999999997283,-3.4749999999997283,-0.031015640872412452,0.031015640872412452,1.0
3.475999999999728,-3.475999999999728,-0.030984656216196255,0.030984656216196255,1.0
3.476999999999728,-3.476999999999728,-0.030953702513682572,0.030953702513682572,1.0
3.477999999999728,-3.477999999999728,-0.030922779733948625,0.030922779733948625,1.0
3.478999999999728,-3.478999999999728,-0.03089188784610252,0.03089188784610252,1.0
3.4799999999997278,-3.4799999999997278,-0.030861026819283238,0.030861026819283238,1.0
3.4809999999997276,-3.4809999999997276,-0.030830196622660573,0.030830196622660573,1.0
3.4819999999997275,-3.4819999999997275,-0.03079939722543514,0.03079939722543514,1.0
3.4829999999997274,-3.4829999999997274,-0.030768628596838304,0.030768628596838304,1.0
3.4839999999997273,-3.4839999999997273,-0.030737890706132174,0.030737890706132174,1.0
3.484999999999727,-3.484999999999727,-0.030707183522609566,0.030707183522609566,1.0
3.485999999999727,-3.485999999999727,-0.03067650701559397,0.03067650701559397,1.0
3.486999999999727,-3.486999999999727,-0.03064586115443953,0.03064586115443953,1.0
3.487999999999727,-3.487999999999727,-0.030615245908531,0.030615245908531,1.0
3.4889999999997268,-3.4889999999997268,-0.030584661247283717,0.030584661247283717,1.0
3.4899999999997267,-3.4899999999997267,-0.03055410714014357,0.03055410714014357,1.0
3.4909999999997265,-3.4909999999997265,-0.03052358355658698,0.03052358355658698,1.0
3.4919999999997264,-3.4919999999997264,-0.03049309046612086,0.03049309046612086,1.0
3.4929999999997263,-3.4929999999997263,-0.030462627838282578,0.030462627838282578,1.0
3.493999999999726,-3.493999999999726,-0.03043219564263994,0.03043219564263994,1.0
3.494999999999726,-3.494999999999726,-0.03040179384879115,0.03040179384879115,1.0
3.495999999999726,-3.495999999999726,-0.030371422426364782,0.030371422426364782,1.0
3.496999999999726,-3.496999999999726,-0.030341081345019765,0.030341081345019765,1.0
3.4979999999997258,-3.4979999999997258,-0.030310770574445322,0.030310770574445322,1.0
3.4989999999997257,-3.4989999999997257,-0.03028049008436096,0.03028049008436096,1.0
3.4999999999997256,-3.4999999999997256,-0.03025023984451644,0.03025023984451644,1.0
3.5009999999997254,-3.5009999999997254,-0.03022001982469175,0.03022001982469175,1.0
3.5019999999997253,-3.5019999999997253,-0.030189829994697055,0.030189829994697055,1.0
3.5029999999997252,-3.5029999999997252,-0.03015967032437268,0.03015967032437268,1.0
3.503999999999725,-3.503999999999725,-0.030129540783589093,0.030129540783589093,1.0
3.504999999999725,-3.504999999999725,-0.030099441342246847,0.030099441342246847,1.0
3.505999999999725,-3.505999999999725,-0.03006937197027657,0.03006937197027657,1.0
3.506999999999725,-3.506999999999725,-0.030039332637638926,0.030039332637638926,1.0
3.5079999999997247,-3.5079999999997247,-0.030009323314324602,0.030009323314324602,1.0
3.5089999999997246,-3.5089999999997246,-0.029979343970354247,0.029979343970354247,1.0
3.5099999999997245,-3.5099999999997245,-0.029949394575778467,0.029949394575778467,1.0
3.5109999999997243,-3.5109999999997243,-0.02991947510067779,0.02991947510067779,1.0
3.5119999999997242,-3.5119999999997242,-0.029889585515162628,0.029889585515162628,1.0
3.512999999999724,-3.512999999999724,-0.029859725789373258,0.029859725789373258,1.0
3.513999999999724,-3.513999999999724,-0.029829895893479775,0.029829895893479775,1.0
3.514999999999724,-3.514999999999724,-0.029800095797682093,0.029800095797682093,1.0
3.515999999999724,-3.515999999999724,-0.029770325472209883,0.029770325472209883,1.0
3.5169999999997237,-3.5169999999997237,-0.02974058488732256,0.02974058488732256,1.0
3.5179999999997236,-3.5179999999997236,-0.02971087401330925,0.02971087401330925,1.0
3.5189999999997235,-3.5189999999997235,-0.029681192820488762,0.029681192820488762,1.0
3.5199999999997234,-3.5199999999997234,-0.029651541279209555,0.029651541279209555,1.0
3.5209999999997232,-3.5209999999997232,-0.029621919359849706,0.029621919359849706,1.0
3.521999999999723,-3.521999999999723,-0.029592327032816886,0.029592327032816886,1.0
3.522999999999723,-3.522999999999723,-0.029562764268548338,0.029562764268548338,1.0
3.523999999999723,-3.523999999999723,-0.029533231037510828,0.029533231037510828,1.0
3.524999999999723,-3.524999999999723,-0.02950372731020063,0.02950372731020063,1.0
3.5259999999997227,-3.5259999999997227,-0.029474253057143483,0.029474253057143483,1.0
3.5269999999997226,-3.5269999999997226,-0.02944480824889459,0.02944480824889459,1.0
3.5279999999997225,-3.5279999999997225,-0.029415392856038548,0.029415392856038548,1.0
3.5289999999997224,-3.5289999999997224,-0.02938600684918936,0.02938600684918936,1.0
3.5299999999997222,-3.5299999999997222,-0.02935665019899037,0.02935665019899037,1.0
3.530999999999722,-3.530999999999722,-0.029327322876114257,0.029327322876114257,1.0
3.531999999999722,-3.531999999999722,-0.029298024851262996,0.029298024851262996,1.0
3.532999999999722,-3.532999999999722,-0.029268756095167832,0.029268756095167832,1.0
3.533999999999722,-3.533999999999722,-0.02923951657858924,0.02923951657858924,1.0
3.5349999999997217,-3.5349999999997217,-0.02921030627231692,0.02921030627231692,1.0
3.5359999999997216,-3.5359999999997216,-0.029181125147169754,0.029181125147169754,1.0
3.5369999999997215,-3.5369999999997215,-0.029151973173995756,0.029151973173995756,1.0
3.5379999999997214,-3.5379999999997214,-0.02912285032367208,0.02912285032367208,1.0
3.5389999999997213,-3.5389999999997213,-0.029093756567104976,0.029093756567104976,1.0
3.539999999999721,-3.539999999999721,-0.02906469187522975,0.02906469187522975,1.0
3.540999999999721,-3.540999999999721,-0.02903565621901074,0.02903565621901074,1.0
3.541999999999721,-3.541999999999721,-0.029006649569441302,0.029006649569441302,1.0
3.542999999999721,-3.542999999999721,-0.028977671897543758,0.028977671897543758,1.0
3.5439999999997207,-3.5439999999997207,-0.02894872317436939,0.02894872317436939,1.0
3.5449999999997206,-3.5449999999997206,-0.02891980337099839,0.02891980337099839,1.0
3.5459999999997205,-3.5459999999997205,-0.02889091245853985,0.02889091245853985,1.0
3.5469999999997204,-3.5469999999997204,-0.02886205040813172,0.02886205040813172,1.0
3.5479999999997203,-3.5479999999997203,-0.02883321719094078,0.02883321719094078,1.0
3.54899999999972,-3.54899999999972,-0.02880441277816262,0.02880441277816262,1.0
3.54999999999972,-3.54999999999972,-0.028775637141021593,0.028775637141021593,1.0
3.55099999999972,-3.55099999999972,-0.028746890250770825,0.028746890250770825,1.0
3.55199999999972,-3.55199999999972,-0.02871817207869213,0.02871817207869213,1.0
3.5529999999997197,-3.5529999999997197,-0.028689482596096032,0.028689482596096032,1.0
3.5539999999997196,-3.5539999999997196,-0.02866082177432171,0.02866082177432171,1.0
3.5549999999997195,-3.5549999999997195,-0.028632189584736973,0.028632189584736973,1.0
3.5559999999997194,-3.5559999999997194,-0.028603585998738232,0.028603585998738232,1.0
3.5569999999997193,-3.5569999999997193,-0.028575010987750483,0.028575010987750483,1.0
3.557999999999719,-3.557999999999719,-0.028546464523227254,0.028546464523227254,1.0
3.558999999999719,-3.558999999999719,-0.0285179465766506,0.0285179465766506,1.0
3.559999999999719,-3.559999999999719,-0.028489457119531072,0.028489457119531072,1.0
3.560999999999719,-3.560999999999719,-0.02846099612340766,0.02846099612340766,1.0
3.5619999999997187,-3.5619999999997187,-0.028432563559847815,0.028432563559847815,1.0
3.5629999999997186,-3.5629999999997186,-0.028404159400447365,0.028404159400447365,1.0
3.5639999999997185,-3.5639999999997185,-0.028375783616830536,0.028375783616830536,1.0
3.5649999999997184,-3.5649999999997184,-0.028347436180649888,0.028347436180649888,1.0
3.5659999999997183,-3.5659999999997183,-0.0283191170635863,0.0283191170635863,1.0
3.566999999999718,-3.566999999999718,-0.028290826237348955,0.028290826237348955,1.0
3.567999999999718,-3.567999999999718,-0.028262563673675283,0.028262563673675283,1.0
3.568999999999718,-3.568999999999718,-0.028234329344330948,0.028234329344330948,1.0
3.569999999999718,-3.569999999999718,-0.02820612322110984,0.02820612322110984,1.0
3.5709999999997177,-3.5709999999997177,-0.028177945275834,0.028177945275834,1.0
3.5719999999997176,-3.5719999999997176,-0.028149795480353648,0.028149795480353648,1.0
3.5729999999997175,-3.5729999999997175,-0.028121673806547103,0.028121673806547103,1.0
3.5739999999997174,-3.5739999999997174,-0.028093580226320785,0.028093580226320785,1.0
3.5749999999997173,-3.5749999999997173,-0.028065514711609174,0.028065514711609174,1.0
3.575999999999717,-3.575999999999717,-0.028037477234374795,0.028037477234374795,1.0
3.576999999999717,-3.576999999999717,-0.02800946776660819,0.02800946776660819,1.0
3.577999999999717,-3.577999999999717,-0.027981486280327865,0.027981486280327865,1.0
3.578999999999717,-3.578999999999717,-0.027953532747580286,0.027953532747580286,1.0
3.5799999999997167,-3.5799999999997167,-0.027925607140439842,0.027925607140439842,1.0
3.5809999999997166,-3.5809999999997166,-0.027897709431008832,0.027897709431008832,1.0
3.5819999999997165,-3.5819999999997165,-0.027869839591417415,0.027869839591417415,1.0
3.5829999999997164,-3.5829999999997164,-0.02784199759382359,0.02784199759382359,1.0
3.5839999999997163,-3.5839999999997163,-0.02781418341041318,0.02781418341041318,1.0
3.584999999999716,-3.584999999999716,-0.027786397013399775,0.027786397013399775,1.0
3.585999999999716,-3.585999999999716,-0.027758638375024753,0.027758638375024753,1.0
3.586999999999716,-3.586999999999716,-0.027730907467557197,0.027730907467557197,1.0
3.587999999999716,-3.587999999999716,-0.027703204263293906,0.027703204263293906,1.0
3.5889999999997158,-3.5889999999997158,-0.027675528734559345,0.027675528734559345,1.0
3.5899999999997156,-3.5899999999997156,-0.027647880853705637,0.027647880853705637,1.0
3.5909999999997155,-3.5909999999997155,-0.027620260593112525,0.027620260593112525,1.0
3.5919999999997154,-3.5919999999997154,-0.027592667925187338,0.027592667925187338,1.0
3.5929999999997153,-3.5929999999997153,-0.027565102822364972,0.027565102822364972,1.0
3.593999999999715,-3.593999999999715,-0.027537565257107863,0.027537565257107863,1.0
3.594999999999715,-3.594999999999715,-0.02751005520190596,0.02751005520190596,1.0
3.595999999999715,-3.595999999999715,-0.02748257262927668,0.02748257262927668,1.0
3.596999999999715,-3.596999999999715,-0.027455117511764913,0.027455117511764913,1.0
3.5979999999997148,-3.5979999999997148,-0.027427689821942974,0.027427689821942974,1.0
3.5989999999997146,-3.5989999999997146,-0.02740028953241056,0.02740028953241056,1.0
3.5999999999997145,-3.5999999999997145,-0.027372916615794766,0.027372916615794766,1.0
3.6009999999997144,-3.6009999999997144,-0.027345571044750015,0.027345571044750015,1.0
3.6019999999997143,-3.6019999999997143,-0.027318252791958056,0.027318252791958056,1.0
3.602999999999714,-3.602999999999714,-0.02729096183012793,0.02729096183012793,1.0
3.603999999999714,-3.603999999999714,-0.027263698131995938,0.027263698131995938,1.0
3.604999999999714,-3.604999999999714,-0.02723646167032561,0.02723646167032561,1.0
3.605999999999714,-3.605999999999714,-0.027209252417907705,0.027209252417907705,1.0
3.6069999999997138,-3.6069999999997138,-0.027182070347560143,0.027182070347560143,1.0
3.6079999999997137,-3.6079999999997137,-0.02715491543212802,0.02715491543212802,1.0
3.6089999999997135,-3.6089999999997135,-0.027127787644483536,0.027127787644483536,1.0
3.6099999999997134,-3.6099999999997134,-0.027100686957526012,0.027100686957526012,1.0
3.6109999999997133,-3.6109999999997133,-0.027073613344181832,0.027073613344181832,1.0
3.611999999999713,-3.611999999999713,-0.027046566777404423,0.027046566777404423,1.0
3.612999999999713,-3.612999999999713,-0.027019547230174253,0.027019547230174253,1.0
3.613999999999713,-3.613999999999713,-0.02699255467549875,0.02699255467549875,1.0
3.614999999999713,-3.614999999999713,-0.026965589086412337,0.026965589086412337,1.0
3.6159999999997128,-3.6159999999997128,-0.026938650435976364,0.026938650435976364,1.0
3.6169999999997127,-3.6169999999997127,-0.026911738697279086,0.026911738697279086,1.0
3.6179999999997126,-3.6179999999997126,-0.02688485384343565,0.02688485384343565,1.0
3.6189999999997124,-3.6189999999997124,-0.02685799584758807,0.02685799584758807,1.0
3.6199999999997123,-3.6199999999997123,-0.026831164682905164,0.026831164682905164,1.0
3.6209999999997122,-3.6209999999997122,-0.02680436032258258,0.02680436032258258,1.0
3.621999999999712,-3.621999999999712,-0.026777582739842737,0.026777582739842737,1.0
3.622999999999712,-3.622999999999712,-0.026750831907934803,0.026750831907934803,1.0
3.623999999999712,-3.623999999999712,-0.026724107800134667,0.026724107800134667,1.0
3.624999999999712,-3.624999999999712,-0.02669741038974492,0.02669741038974492,1.0
3.6259999999997117,-3.6259999999997117,-0.026670739650094824,0.026670739650094824,1.0
3.6269999999997116,-3.6269999999997116,-0.02664409555454028,0.02664409555454028,1.0
3.6279999999997115,-3.6279999999997115,-0.026617478076463818,0.026617478076463818,1.0
3.6289999999997113,-3.6289999999997113,-0.026590887189274545,0.026590887189274545,1.0
3.6299999999997112,-3.6299999999997112,-0.02656432286640813,0.02656432286640813,1.0
3.630999999999711,-3.630999999999711,-0.026537785081326804,0.026537785081326804,1.0
3.631999999999711,-3.631999999999711,-0.026511273807519286,0.026511273807519286,1.0
3.632999999999711,-3.632999999999711,-0.026484789018500782,0.026484789018500782,1.0
3.633999999999711,-3.633999999999711,-0.02645833068781297,0.02645833068781297,1.0
3.6349999999997107,-3.6349999999997107,-0.026431898789023946,0.026431898789023946,1.0
3.6359999999997106,-3.6359999999997106,-0.026405493295728215,0.026405493295728215,1.0
3.6369999999997105,-3.6369999999997105,-0.02637911418154667,0.02637911418154667,1.0
3.6379999999997104,-3.6379999999997104,-0.02635276142012654,0.02635276142012654,1.0
3.6389999999997102,-3.6389999999997102,-0.026326434985141395,0.026326434985141395,1.0
3.63999999999971,-3.63999999999971,-0.026300134850291104,0.026300134850291104,1.0
3.64099999999971,-3.64099999999971,-0.026273860989301803,0.026273860989301803,1.0
3.64199999999971,-3.64199999999971,-0.026247613375925877,0.026247613375925877,1.0
3.64299999999971,-3.64299999999971,-0.026221391983941935,0.026221391983941935,1.0
3.6439999999997097,-3.6439999999997097,-0.02619519678715478,0.02619519678715478,1.0
3.6449999999997096,-3.6449999999997096,-0.026169027759395384,0.026169027759395384,1.0
3.6459999999997095,-3.6459999999997095,-0.026142884874520864,0.026142884874520864,1.0
3.6469999999997094,-3.6469999999997094,-0.026116768106414452,0.026116768106414452,1.0
3.6479999999997093,-3.6479999999997093,-0.026090677428985465,0.026090677428985465,1.0
3.648999999999709,-3.648999999999709,-0.0260646128161693,0.0260646128161693,1.0
3.649999999999709,-3.649999999999709,-0.02603857424192737,0.02603857424192737,1.0
3.650999999999709,-3.650999999999709,-0.026012561680247123,0.026012561680247123,1.0
3.651999999999709,-3.651999999999709,-0.02598657510514198,0.02598657510514198,1.0
3.6529999999997087,-3.6529999999997087,-0.02596061449065133,0.02596061449065133,1.0
3.6539999999997086,-3.6539999999997086,-0.025934679810840487,0.025934679810840487,1.0
3.6549999999997085,-3.6549999999997085,-0.025908771039800688,0.025908771039800688,1.0
3.6559999999997084,-3.6559999999997084,-0.02588288815164904,0.02588288815164904,1.0
3.6569999999997083,-3.6569999999997083,-0.02585703112052851,0.02585703112052851,1.0
3.657999999999708,-3.657999999999708,-0.0258311999206079,0.0258311999206079,1.0
3.658999999999708,-3.658999999999708,-0.02580539452608182,0.02580539452608182,1.0
3.659999999999708,-3.659999999999708,-0.025779614911170645,0.025779614911170645,1.0
3.660999999999708,-3.660999999999708,-0.02575386105012053,0.02575386105012053,1.0
3.6619999999997077,-3.6619999999997077,-0.025728132917203324,0.025728132917203324,1.0
3.6629999999997076,-3.6629999999997076,-0.025702430486716606,0.025702430486716606,1.0
3.6639999999997075,-3.6639999999997075,-0.025676753732983622,0.025676753732983622,1.0
3.6649999999997074,-3.6649999999997074,-0.025651102630353265,0.025651102630353265,1.0
3.6659999999997073,-3.6659999999997073,-0.025625477153200068,0.025625477153200068,1.0
3.666999999999707,-3.666999999999707,-0.025599877275924145,0.025599877275924145,1.0
3.667999999999707,-3.667999999999707,-0.025574302972951192,0.025574302972951192,1.0
3.668999999999707,-3.668999999999707,-0.025548754218732463,0.025548754218732463,1.0
3.669999999999707,-3.669999999999707,-0.02552323098774472,0.02552323098774472,1.0
3.6709999999997067,-3.6709999999997067,-0.02549773325449023,0.02549773325449023,1.0
3.6719999999997066,-3.6719999999997066,-0.025472260993496733,0.025472260993496733,1.0
3.6729999999997065,-3.6729999999997065,-0.025446814179317413,0.025446814179317413,1.0
3.6739999999997064,-3.6739999999997064,-0.025421392786530883,0.025421392786530883,1.0
3.6749999999997063,-3.6749999999997063,-0.025395996789741145,0.025395996789741145,1.0
3.675999999999706,-3.675999999999706,-0.02537062616357757,0.02537062616357757,1.0
3.676999999999706,-3.676999999999706,-0.02534528088269487,0.02534528088269487,1.0
3.677999999999706,-3.677999999999706,-0.0253199609217731,0.0253199609217731,1.0
3.678999999999706,-3.678999999999706,-0.025294666255517583,0.025294666255517583,1.0
3.6799999999997057,-3.6799999999997057,-0.02526939685865892,0.02526939685865892,1.0
3.6809999999997056,-3.6809999999997056,-0.02524415270595297,0.02524415270595297,1.0
3.6819999999997055,-3.6819999999997055,-0.025218933772180784,0.025218933772180784,1.0
3.6829999999997054,-3.6829999999997054,-0.02519374003214864,0.02519374003214864,1.0
3.6839999999997053,-3.6839999999997053,-0.02516857146068795,0.02516857146068795,1.0
3.684999999999705,-3.684999999999705,-0.025143428032655298,0.025143428032655298,1.0
3.685999999999705,-3.685999999999705,-0.025118309722932365,0.025118309722932365,1.0
3.686999999999705,-3.686999999999705,-0.02509321650642594,0.02509321650642594,1.0
3.687999999999705,-3.687999999999705,-0.02506814835806787,0.02506814835806787,1.0
3.6889999999997047,-3.6889999999997047,-0.025043105252815057,0.025043105252815057,1.0
3.6899999999997046,-3.6899999999997046,-0.025018087165649405,0.025018087165649405,1.0
3.6909999999997045,-3.6909999999997045,-0.02499309407157783,0.02499309407157783,1.0
3.6919999999997044,-3.6919999999997044,-0.024968125945632202,0.024968125945632202,1.0
3.6929999999997043,-3.6929999999997043,-0.02494318276286933,0.02494318276286933,1.0
3.693999999999704,-3.693999999999704,-0.024918264498370958,0.024918264498370958,1.0
3.694999999999704,-3.694999999999704,-0.024893371127243717,0.024893371127243717,1.0
3.695999999999704,-3.695999999999704,-0.024868502624619097,0.024868502624619097,1.0
3.696999999999704,-3.696999999999704,-0.024843658965653444,0.024843658965653444,1.0
3.6979999999997037,-3.6979999999997037,-0.024818840125527913,0.024818840125527913,1.0
3.6989999999997036,-3.6989999999997036,-0.024794046079448462,0.024794046079448462,1.0
3.6999999999997035,-3.6999999999997035,-0.02476927680264582,0.02476927680264582,1.0
3.7009999999997034,-3.7009999999997034,-0.024744532270375444,0.024744532270375444,1.0
3.7019999999997033,-3.7019999999997033,-0.024719812457917524,0.024719812457917524,1.0
3.702999999999703,-3.702999999999703,-0.024695117340576944,0.024695117340576944,1.0
3.703999999999703,-3.703999999999703,-0.02467044689368326,0.02467044689368326,1.0
3.704999999999703,-3.704999999999703,-0.024645801092590673,0.024645801092590673,1.0
3.705999999999703,-3.705999999999703,-0.024621179912677996,0.024621179912677996,1.0
3.7069999999997028,-3.7069999999997028,-0.02459658332934865,0.02459658332934865,1.0
3.7079999999997026,-3.7079999999997026,-0.02457201131803062,0.02457201131803062,1.0
3.7089999999997025,-3.7089999999997025,-0.024547463854176443,0.024547463854176443,1.0
3.7099999999997024,-3.7099999999997024,-0.024522940913263184,0.024522940913263184,1.0
3.7109999999997023,-3.7109999999997023,-0.024498442470792386,0.024498442470792386,1.0
3.711999999999702,-3.711999999999702,-0.024473968502290097,0.024473968502290097,1.0
3.712999999999702,-3.712999999999702,-0.02444951898330679,0.02444951898330679,1.0
3.713999999999702,-3.713999999999702,-0.02442509388941737,0.02442509388941737,1.0
3.714999999999702,-3.714999999999702,-0.024400693196221148,0.024400693196221148,1.0
3.7159999999997018,-3.7159999999997018,-0.024376316879341806,0.024376316879341806,1.0
3.7169999999997017,-3.7169999999997017,-0.024351964914427378,0.024351964914427378,1.0
3.7179999999997015,-3.7179999999997015,-0.024327637277150226,0.024327637277150226,1.0
3.7189999999997014,-3.7189999999997014,-0.02430333394320702,0.02430333394320702,1.0
3.7199999999997013,-3.7199999999997013,-0.0242790548883187,0.0242790548883187,1.0
3.720999999999701,-3.720999999999701,-0.02425480008823047,0.02425480008823047,1.0
3.721999999999701,-3.721999999999701,-0.02423056951871176,0.02423056951871176,1.0
3.722999999999701,-3.722999999999701,-0.02420636315555621,0.02420636315555621,1.0
3.723999999999701,-3.723999999999701,-0.02418218097458162,0.02418218097458162,1.0
3.7249999999997008,-3.7249999999997008,-0.02415802295162999,0.02415802295162999,1.0
3.7259999999997007,-3.7259999999997007,-0.024133889062567422,0.024133889062567422,1.0
3.7269999999997006,-3.7269999999997006,-0.02410977928328414,0.02410977928328414,1.0
3.7279999999997004,-3.7279999999997004,-0.024085693589694444,0.024085693589694444,1.0
3.7289999999997003,-3.7289999999997003,-0.02406163195773671,0.02406163195773671,1.0
3.7299999999997,-3.7299999999997,-0.024037594363373337,0.024037594363373337,1.0
3.7309999999997,-3.7309999999997,-0.024013580782590745,0.024013580782590745,1.0
3.7319999999997,-3.7319999999997,-0.023989591191399345,0.023989591191399345,1.0
3.7329999999997,-3.7329999999997,-0.023965625565833513,0.023965625565833513,1.0
3.7339999999997,-3.7339999999997,-0.02394168388195156,0.02394168388195156,1.0
3.7349999999996997,-3.7349999999996997,-0.02391776611583572,0.02391776611583572,1.0
3.7359999999996996,-3.7359999999996996,-0.023893872243592133,0.023893872243592133,1.0
3.7369999999996995,-3.7369999999996995,-0.02387000224135078,0.02387000224135078,1.0
3.7379999999996993,-3.7379999999996993,-0.023846156085265514,0.023846156085265514,1.0
3.7389999999996992,-3.7389999999996992,-0.023822333751514,0.023822333751514,1.0
3.739999999999699,-3.739999999999699,-0.023798535216297705,0.023798535216297705,1.0
3.740999999999699,-3.740999999999699,-0.023774760455841863,0.023774760455841863,1.0
3.741999999999699,-3.741999999999699,-0.02375100944639547,0.02375100944639547,1.0
3.742999999999699,-3.742999999999699,-0.023727282164231235,0.023727282164231235,1.0
3.7439999999996987,-3.7439999999996987,-0.02370357858564559,0.02370357858564559,1.0
3.7449999999996986,-3.7449999999996986,-0.02367989868695863,0.02367989868695863,1.0
3.7459999999996985,-3.7459999999996985,-0.02365624244451412,0.02365624244451412,1.0
3.7469999999996983,-3.7469999999996983,-0.023632609834679436,0.023632609834679436,1.0
3.7479999999996982,-3.7479999999996982,-0.02360900083384559,0.02360900083384559,1.0
3.748999999999698,-3.748999999999698,-0.023585415418427166,0.023585415418427166,1.0
3.749999999999698,-3.749999999999698,-0.023561853564862307,0.023561853564862307,1.0
3.750999999999698,-3.750999999999698,-0.023538315249612692,0.023538315249612692,1.0
3.751999999999698,-3.751999999999698,-0.023514800449163528,0.023514800449163528,1.0
3.7529999999996977,-3.7529999999996977,-0.023491309140023505,0.023491309140023505,1.0
3.7539999999996976,-3.7539999999996976,-0.02346784129872478,0.02346784129872478,1.0
3.7549999999996975,-3.7549999999996975,-0.023444396901822956,0.023444396901822956,1.0
3.7559999999996974,-3.7559999999996974,-0.023420975925897057,0.023420975925897057,1.0
3.7569999999996972,-3.7569999999996972,-0.023397578347549505,0.023397578347549505,1.0
3.757999999999697,-3.757999999999697,-0.0233742041434061,0.0233742041434061,1.0
3.758999999999697,-3.758999999999697,-0.023350853290115985,0.023350853290115985,1.0
3.759999999999697,-3.759999999999697,-0.023327525764351632,0.023327525764351632,1.0
3.760999999999697,-3.760999999999697,-0.023304221542808822,0.023304221542808822,1.0
3.7619999999996967,-3.7619999999996967,-0.023280940602206618,0.023280940602206618,1.0
3.7629999999996966,-3.7629999999996966,-0.023257682919287332,0.023257682919287332,1.0
3.7639999999996965,-3.7639999999996965,-0.023234448470816516,0.023234448470816516,1.0
3.7649999999996964,-3.7649999999996964,-0.023211237233582937,0.023211237233582937,1.0
3.7659999999996963,-3.7659999999996963,-0.023188049184398537,0.023188049184398537,1.0
3.766999999999696,-3.766999999999696,-0.02316488430009844,0.02316488430009844,1.0
3.767999999999696,-3.767999999999696,-0.0231417425575409,0.0231417425575409,1.0
3.768999999999696,-3.768999999999696,-0.02311862393360729,0.02311862393360729,1.0
3.769999999999696,-3.769999999999696,-0.023095528405202088,0.023095528405202088,1.0
3.7709999999996957,-3.7709999999996957,-0.023072455949252835,0.023072455949252835,1.0
3.7719999999996956,-3.7719999999996956,-0.02304940654271012,0.02304940654271012,1.0
3.7729999999996955,-3.7729999999996955,-0.023026380162547575,0.023026380162547575,1.0
3.7739999999996954,-3.7739999999996954,-0.02300337678576181,0.02300337678576181,1.0
3.7749999999996953,-3.7749999999996953,-0.02298039638937244,0.02298039638937244,1.0
3.775999999999695,-3.775999999999695,-0.022957438950422016,0.022957438950422016,1.0
3.776999999999695,-3.776999999999695,-0.022934504445976042,0.022934504445976042,1.0
3.777999999999695,-3.777999999999695,-0.022911592853122914,0.022911592853122914,1.0
3.778999999999695,-3.778999999999695,-0.02288870414897394,0.02288870414897394,1.0
3.7799999999996947,-3.7799999999996947,-0.02286583831066328,0.02286583831066328,1.0
3.7809999999996946,-3.7809999999996946,-0.02284299531534793,0.02284299531534793,1.0
3.7819999999996945,-3.7819999999996945,-0.022820175140207722,0.022820175140207722,1.0
3.7829999999996944,-3.7829999999996944,-0.022797377762445278,0.022797377762445278,1.0
3.7839999999996943,-3.7839999999996943,-0.02277460315928599,0.02277460315928599,1.0
3.784999999999694,-3.784999999999694,-0.022751851307978015,0.022751851307978015,1.0
3.785999999999694,-3.785999999999694,-0.022729122185792223,0.022729122185792223,1.0
3.786999999999694,-3.786999999999694,-0.022706415770022203,0.022706415770022203,1.0
3.787999999999694,-3.787999999999694,-0.02268373203798422,0.02268373203798422,1.0
3.7889999999996937,-3.7889999999996937,-0.0226610709670172,0.0226610709670172,1.0
3.7899999999996936,-3.7899999999996936,-0.02263843253448272,0.02263843253448272,1.0
3.7909999999996935,-3.7909999999996935,-0.022615816717764952,0.022615816717764952,1.0
3.7919999999996934,-3.7919999999996934,-0.02259322349427068,0.02259322349427068,1.0
3.7929999999996933,-3.7929999999996933,-0.02257065284142925,0.02257065284142925,1.0
3.793999999999693,-3.793999999999693,-0.022548104736692557,0.022548104736692557,1.0
3.794999999999693,-3.794999999999693,-0.02252557915753502,0.02252557915753502,1.0
3.795999999999693,-3.795999999999693,-0.022503076081453563,0.022503076081453563,1.0
3.796999999999693,-3.796999999999693,-0.022480595485967595,0.022480595485967595,1.0
3.7979999999996927,-3.7979999999996927,-0.022458137348618977,0.022458137348618977,1.0
3.7989999999996926,-3.7989999999996926,-0.022435701646972006,0.022435701646972006,1.0
3.7999999999996925,-3.7999999999996925,-0.022413288358613392,0.022413288358613392,1.0
3.8009999999996924,-3.8009999999996924,-0.02239089746115224,0.02239089746115224,1.0
3.8019999999996923,-3.8019999999996923,-0.022368528932220022,0.022368528932220022,1.0
3.802999999999692,-3.802999999999692,-0.02234618274947055,0.02234618274947055,1.0
3.803999999999692,-3.803999999999692,-0.022323858890579973,0.022323858890579973,1.0
3.804999999999692,-3.804999999999692,-0.022301557333246725,0.022301557333246725,1.0
3.805999999999692,-3.805999999999692,-0.022279278055191535,0.022279278055191535,1.0
3.8069999999996917,-3.8069999999996917,-0.022257021034157377,0.022257021034157377,1.0
3.8079999999996916,-3.8079999999996916,-0.022234786247909467,0.022234786247909467,1.0
3.8089999999996915,-3.8089999999996915,-0.022212573674235233,0.022212573674235233,1.0
3.8099999999996914,-3.8099999999996914,-0.02219038329094429,0.02219038329094429,1.0
3.8109999999996913,-3.8109999999996913,-0.02216821507586842,0.02216821507586842,1.0
3.811999999999691,-3.811999999999691,-0.02214606900686156,0.02214606900686156,1.0
3.812999999999691,-3.812999999999691,-0.02212394506179976,0.02212394506179976,1.0
3.813999999999691,-3.813999999999691,-0.022101843218581177,0.022101843218581177,1.0
3.814999999999691,-3.814999999999691,-0.02207976345512605,0.02207976345512605,1.0
3.8159999999996908,-3.8159999999996908,-0.02205770574937667,0.02205770574937667,1.0
3.8169999999996906,-3.8169999999996906,-0.02203567007929737,0.02203567007929737,1.0
3.8179999999996905,-3.8179999999996905,-0.022013656422874495,0.022013656422874495,1.0
3.8189999999996904,-3.8189999999996904,-0.02199166475811638,0.02199166475811638,1.0
3.8199999999996903,-3.8199999999996903,-0.021969695063053327,0.021969695063053327,1.0
3.82099999999969,-3.82099999999969,-0.021947747315737585,0.021947747315737585,1.0
3.82199999999969,-3.82199999999969,-0.021925821494243342,0.021925821494243342,1.0
3.82299999999969,-3.82299999999969,-0.021903917576666675,0.021903917576666675,1.0
3.82399999999969,-3.82399999999969,-0.021882035541125548,0.021882035541125548,1.0
3.8249999999996898,-3.8249999999996898,-0.02186017536575979,0.02186017536575979,1.0
3.8259999999996896,-3.8259999999996896,-0.02183833702873106,0.02183833702873106,1.0
3.8269999999996895,-3.8269999999996895,-0.021816520508222834,0.021816520508222834,1.0
3.8279999999996894,-3.8279999999996894,-0.021794725782440395,0.021794725782440395,1.0
3.8289999999996893,-3.8289999999996893,-0.02177295282961078,0.02177295282961078,1.0
3.829999999999689,-3.829999999999689,-0.021751201627982802,0.021751201627982802,1.0
3.830999999999689,-3.830999999999689,-0.021729472155826976,0.021729472155826976,1.0
3.831999999999689,-3.831999999999689,-0.021707764391435538,0.021707764391435538,1.0
3.832999999999689,-3.832999999999689,-0.021686078313122418,0.021686078313122418,1.0
3.8339999999996888,-3.8339999999996888,-0.021664413899223193,0.021664413899223193,1.0
3.8349999999996887,-3.8349999999996887,-0.021642771128095095,0.021642771128095095,1.0
3.8359999999996885,-3.8359999999996885,-0.02162114997811698,0.02162114997811698,1.0
3.8369999999996884,-3.8369999999996884,-0.021599550427689292,0.021599550427689292,1.0
3.8379999999996883,-3.8379999999996883,-0.02157797245523406,0.02157797245523406,1.0
3.838999999999688,-3.838999999999688,-0.02155641603919486,0.02155641603919486,1.0
3.839999999999688,-3.839999999999688,-0.021534881158036825,0.021534881158036825,1.0
3.840999999999688,-3.840999999999688,-0.021513367790246582,0.021513367790246582,1.0
3.841999999999688,-3.841999999999688,-0.021491875914332246,0.021491875914332246,1.0
3.8429999999996878,-3.8429999999996878,-0.021470405508823422,0.021470405508823422,1.0
3.8439999999996877,-3.8439999999996877,-0.021448956552271154,0.021448956552271154,1.0
3.8449999999996876,-3.8449999999996876,-0.021427529023247904,0.021427529023247904,1.0
3.8459999999996874,-3.8459999999996874,-0.021406122900347557,0.021406122900347557,1.0
3.8469999999996873,-3.8469999999996873,-0.021384738162185377,0.021384738162185377,1.0
3.8479999999996872,-3.8479999999996872,-0.021363374787397974,0.021363374787397974,1.0
3.848999999999687,-3.848999999999687,-0.02134203275464333,0.02134203275464333,1.0
3.849999999999687,-3.849999999999687,-0.02132071204260073,0.02132071204260073,1.0
3.850999999999687,-3.850999999999687,-0.021299412629970763,0.021299412629970763,1.0
3.851999999999687,-3.851999999999687,-0.021278134495475286,0.021278134495475286,1.0
3.8529999999996867,-3.8529999999996867,-0.021256877617857432,0.021256877617857432,1.0
3.8539999999996866,-3.8539999999996866,-0.021235641975881552,0.021235641975881552,1.0
3.8549999999996865,-3.8549999999996865,-0.021214427548333217,0.021214427548333217,1.0
3.8559999999996863,-3.8559999999996863,-0.0211932343140192,0.0211932343140192,1.0
3.8569999999996862,-3.8569999999996862,-0.02117206225176743,0.02117206225176743,1.0
3.857999999999686,-3.857999999999686,-0.021150911340427004,0.021150911340427004,1.0
3.858999999999686,-3.858999999999686,-0.021129781558868133,0.021129781558868133,1.0
3.859999999999686,-3.859999999999686,-0.021108672885982154,0.021108672885982154,1.0
3.860999999999686,-3.860999999999686,-0.021087585300681472,0.021087585300681472,1.0
3.8619999999996857,-3.8619999999996857,-0.021066518781899576,0.021066518781899576,1.0
3.8629999999996856,-3.8629999999996856,-0.021045473308590985,0.021045473308590985,1.0
3.8639999999996855,-3.8639999999996855,-0.021024448859731253,0.021024448859731253,1.0
3.8649999999996854,-3.8649999999996854,-0.021003445414316934,0.021003445414316934,1.0
3.8659999999996852,-3.8659999999996852,-0.020982462951365567,0.020982462951365567,1.0
3.866999999999685,-3.866999999999685,-0.020961501449915654,0.020961501449915654,1.0
3.867999999999685,-3.867999999999685,-0.020940560889026627,0.020940560889026627,1.0
3.868999999999685,-3.868999999999685,-0.02091964124777885,0.02091964124777885,1.0
3.869999999999685,-3.869999999999685,-0.020898742505273578,0.020898742505273578,1.0
3.8709999999996847,-3.8709999999996847,-0.020877864640632945,0.020877864640632945,1.0
3.8719999999996846,-3.8719999999996846,-0.020857007632999948,0.020857007632999948,1.0
3.8729999999996845,-3.8729999999996845,-0.020836171461538405,0.020836171461538405,1.0
3.8739999999996844,-3.8739999999996844,-0.02081535610543297,0.02081535610543297,1.0
3.8749999999996843,-3.8749999999996843,-0.020794561543889083,0.020794561543889083,1.0
3.875999999999684,-3.875999999999684,-0.020773787756132946,0.020773787756132946,1.0
3.876999999999684,-3.876999999999684,-0.020753034721411535,0.020753034721411535,1.0
3.877999999999684,-3.877999999999684,-0.020732302418992543,0.020732302418992543,1.0
3.878999999999684,-3.878999999999684,-0.020711590828164376,0.020711590828164376,1.0
3.8799999999996837,-3.8799999999996837,-0.02069089992823614,0.02069089992823614,1.0
3.8809999999996836,-3.8809999999996836,-0.0206702296985376,0.0206702296985376,1.0
3.8819999999996835,-3.8819999999996835,-0.02064958011841918,0.02064958011841918,1.0
3.8829999999996834,-3.8829999999996834,-0.020628951167251927,0.020628951167251927,1.0
3.8839999999996833,-3.8839999999996833,-0.0206083428244275,0.0206083428244275,1.0
3.884999999999683,-3.884999999999683,-0.020587755069358143,0.020587755069358143,1.0
3.885999999999683,-3.885999999999683,-0.020567187881476663,0.020567187881476663,1.0
3.886999999999683,-3.886999999999683,-0.020546641240236425,0.020546641240236425,1.0
3.887999999999683,-3.887999999999683,-0.020526115125111315,0.020526115125111315,1.0
3.8889999999996827,-3.8889999999996827,-0.02050560951559572,0.02050560951559572,1.0
3.8899999999996826,-3.8899999999996826,-0.020485124391204514,0.020485124391204514,1.0
3.8909999999996825,-3.8909999999996825,-0.020464659731473045,0.020464659731473045,1.0
3.8919999999996824,-3.8919999999996824,-0.020444215515957084,0.020444215515957084,1.0
3.8929999999996823,-3.8929999999996823,-0.02042379172423285,0.02042379172423285,1.0
3.893999999999682,-3.893999999999682,-0.020403388335896954,0.020403388335896954,1.0
3.894999999999682,-3.894999999999682,-0.020383005330566386,0.020383005330566386,1.0
3.895999999999682,-3.895999999999682,-0.020362642687878508,0.020362642687878508,1.0
3.896999999999682,-3.896999999999682,-0.020342300387491016,0.020342300387491016,1.0
3.8979999999996817,-3.8979999999996817,-0.020321978409081932,0.020321978409081932,1.0
3.8989999999996816,-3.8989999999996816,-0.020301676732349585,0.020301676732349585,1.0
3.8999999999996815,-3.8999999999996815,-0.020281395337012575,0.020281395337012575,1.0
3.9009999999996814,-3.9009999999996814,-0.020261134202809766,0.020261134202809766,1.0
3.9019999999996813,-3.9019999999996813,-0.020240893309500265,0.020240893309500265,1.0
3.902999999999681,-3.902999999999681,-0.020220672636863404,0.020220672636863404,1.0
3.903999999999681,-3.903999999999681,-0.020200472164698703,0.020200472164698703,1.0
3.904999999999681,-3.904999999999681,-0.02018029187282588,0.02018029187282588,1.0
3.905999999999681,-3.905999999999681,-0.020160131741084792,0.020160131741084792,1.0
3.9069999999996807,-3.9069999999996807,-0.020139991749335458,0.020139991749335458,1.0
3.9079999999996806,-3.9079999999996806,-0.020119871877458,0.020119871877458,1.0
3.9089999999996805,-3.9089999999996805,-0.020099772105352645,0.020099772105352645,1.0
3.9099999999996804,-3.9099999999996804,-0.020079692412939706,0.020079692412939706,1.0
3.9109999999996803,-3.9109999999996803,-0.02005963278015955,0.02005963278015955,1.0
3.91199999999968,-3.91199999999968,-0.020039593186972574,0.020039593186972574,1.0
3.91299999999968,-3.91299999999968,-0.020019573613359216,0.020019573613359216,1.0
3.91399999999968,-3.91399999999968,-0.019999574039319897,0.019999574039319897,1.0
3.91499999999968,-3.91499999999968,-0.01997959444487502,0.01997959444487502,1.0
3.9159999999996797,-3.9159999999996797,-0.019959634810064953,0.019959634810064953,1.0
3.9169999999996796,-3.9169999999996796,-0.01993969511495,0.01993969511495,1.0
3.9179999999996795,-3.9179999999996795,-0.019919775339610393,0.019919775339610393,1.0
3.9189999999996794,-3.9189999999996794,-0.019899875464146247,0.019899875464146247,1.0
3.9199999999996793,-3.9199999999996793,-0.019879995468677573,0.019879995468677573,1.0
3.920999999999679,-3.920999999999679,-0.019860135333344228,0.019860135333344228,1.0
3.921999999999679,-3.921999999999679,-0.019840295038305922,0.019840295038305922,1.0
3.922999999999679,-3.922999999999679,-0.01982047456374218,0.01982047456374218,1.0
3.923999999999679,-3.923999999999679,-0.019800673889852325,0.019800673889852325,1.0
3.9249999999996787,-3.9249999999996787,-0.019780892996855468,0.019780892996855468,1.0
3.9259999999996786,-3.9259999999996786,-0.01976113186499048,0.01976113186499048,1.0
3.9269999999996785,-3.9269999999996785,-0.019741390474515962,0.019741390474515962,1.0
3.9279999999996784,-3.9279999999996784,-0.019721668805710253,0.019721668805710253,1.0
3.9289999999996783,-3.9289999999996783,-0.01970196683887138,0.01970196683887138,1.0
3.929999999999678,-3.929999999999678,-0.019682284554317062,0.019682284554317062,1.0
3.930999999999678,-3.930999999999678,-0.019662621932384678,0.019662621932384678,1.0
3.931999999999678,-3.931999999999678,-0.01964297895343125,0.01964297895343125,1.0
3.932999999999678,-3.932999999999678,-0.019623355597833413,0.019623355597833413,1.0
3.9339999999996778,-3.9339999999996778,-0.019603751845987425,0.019603751845987425,1.0
3.9349999999996776,-3.9349999999996776,-0.019584167678309117,0.019584167678309117,1.0
3.9359999999996775,-3.9359999999996775,-0.01956460307523388,0.01956460307523388,1.0
3.9369999999996774,-3.9369999999996774,-0.01954505801721667,0.01954505801721667,1.0
3.9379999999996773,-3.9379999999996773,-0.019525532484731937,0.019525532484731937,1.0
3.938999999999677,-3.938999999999677,-0.01950602645827366,0.01950602645827366,1.0
3.939999999999677,-3.939999999999677,-0.019486539918355306,0.019486539918355306,1.0
3.940999999999677,-3.940999999999677,-0.019467072845509796,0.019467072845509796,1.0
3.941999999999677,-3.941999999999677,-0.019447625220289505,0.019447625220289505,1.0
3.9429999999996768,-3.9429999999996768,-0.019428197023266237,0.019428197023266237,1.0
3.9439999999996767,-3.9439999999996767,-0.019408788235031203,0.019408788235031203,1.0
3.9449999999996765,-3.9449999999996765,-0.019389398836195008,0.019389398836195008,1.0
3.9459999999996764,-3.9459999999996764,-0.01937002880738762,0.01937002880738762,1.0
3.9469999999996763,-3.9469999999996763,-0.01935067812925836,0.01935067812925836,1.0
3.947999999999676,-3.947999999999676,-0.01933134678247589,0.01933134678247589,1.0
3.948999999999676,-3.948999999999676,-0.01931203474772816,0.01931203474772816,1.0
3.949999999999676,-3.949999999999676,-0.019292742005722438,0.019292742005722438,1.0
3.950999999999676,-3.950999999999676,-0.019273468537185253,0.019273468537185253,1.0
3.9519999999996758,-3.9519999999996758,-0.019254214322862388,0.019254214322862388,1.0
3.9529999999996757,-3.9529999999996757,-0.01923497934351887,0.01923497934351887,1.0
3.9539999999996756,-3.9539999999996756,-0.01921576357993893,0.01921576357993893,1.0
3.9549999999996754,-3.9549999999996754,-0.019196567012926005,0.019196567012926005,1.0
3.9559999999996753,-3.9559999999996753,-0.0191773896233027,0.0191773896233027,1.0
3.956999999999675,-3.956999999999675,-0.01915823139191079,0.01915823139191079,1.0
3.957999999999675,-3.957999999999675,-0.01913909229961118,0.01913909229961118,1.0
3.958999999999675,-3.958999999999675,-0.019119972327283897,0.019119972327283897,1.0
3.959999999999675,-3.959999999999675,-0.019100871455828068,0.019100871455828068,1.0
3.960999999999675,-3.960999999999675,-0.019081789666161905,0.019081789666161905,1.0
3.9619999999996747,-3.9619999999996747,-0.01906272693922268,0.01906272693922268,1.0
3.9629999999996746,-3.9629999999996746,-0.019043683255966715,0.019043683255966715,1.0
3.9639999999996745,-3.9639999999996745,-0.019024658597369345,0.019024658597369345,1.0
3.9649999999996743,-3.9649999999996743,-0.019005652944424918,0.019005652944424918,1.0
3.9659999999996742,-3.9659999999996742,-0.018986666278146772,0.018986666278146772,1.0
3.966999999999674,-3.966999999999674,-0.018967698579567205,0.018967698579567205,1.0
3.967999999999674,-3.967999999999674,-0.018948749829737464,0.018948749829737464,1.0
3.968999999999674,-3.968999999999674,-0.01892982000972774,0.01892982000972774,1.0
3.969999999999674,-3.969999999999674,-0.018910909100627114,0.018910909100627114,1.0
3.9709999999996737,-3.9709999999996737,-0.01889201708354357,0.01889201708354357,1.0
3.9719999999996736,-3.9719999999996736,-0.018873143939603963,0.018873143939603963,1.0
3.9729999999996735,-3.9729999999996735,-0.018854289649954007,0.018854289649954007,1.0
3.9739999999996733,-3.9739999999996733,-0.01883545419575825,0.01883545419575825,1.0
3.9749999999996732,-3.9749999999996732,-0.018816637558200053,0.018816637558200053,1.0
3.975999999999673,-3.975999999999673,-0.018797839718481573,0.018797839718481573,1.0
3.976999999999673,-3.976999999999673,-0.018779060657823744,0.018779060657823744,1.0
3.977999999999673,-3.977999999999673,-0.018760300357466276,0.018760300357466276,1.0
3.978999999999673,-3.978999999999673,-0.018741558798667606,0.018741558798667606,1.0
3.9799999999996727,-3.9799999999996727,-0.018722835962704902,0.018722835962704902,1.0
3.9809999999996726,-3.9809999999996726,-0.018704131830874028,0.018704131830874028,1.0
3.9819999999996725,-3.9819999999996725,-0.01868544638448954,0.01868544638448954,1.0
3.9829999999996724,-3.9829999999996724,-0.018666779604884654,0.018666779604884654,1.0
3.9839999999996722,-3.9839999999996722,-0.018648131473411243,0.018648131473411243,1.0
3.984999999999672,-3.984999999999672,-0.018629501971439803,0.018629501971439803,1.0
3.985999999999672,-3.985999999999672,-0.018610891080359442,0.018610891080359442,1.0
3.986999999999672,-3.986999999999672,-0.01859229878157786,0.01859229878157786,1.0
3.987999999999672,-3.987999999999672,-0.018573725056521342,0.018573725056521342,1.0
3.9889999999996717,-3.9889999999996717,-0.01855516988663471,0.01855516988663471,1.0
3.9899999999996716,-3.9899999999996716,-0.018536633253381327,0.018536633253381327,1.0
3.9909999999996715,-3.9909999999996715,-0.018518115138243082,0.018518115138243082,1.0
3.9919999999996714,-3.9919999999996714,-0.01849961552272036,0.01849961552272036,1.0
3.9929999999996713,-3.9929999999996713,-0.01848113438833203,0.01848113438833203,1.0
3.993999999999671,-3.993999999999671,-0.018462671716615416,0.018462671716615416,1.0
3.994999999999671,-3.994999999999671,-0.018444227489126292,0.018444227489126292,1.0
3.995999999999671,-3.995999999999671,-0.01842580168743885,0.01842580168743885,1.0
3.996999999999671,-3.996999999999671,-0.018407394293145706,0.018407394293145706,1.0
3.9979999999996707,-3.9979999999996707,-0.018389005287857852,0.018389005287857852,1.0
3.9989999999996706,-3.9989999999996706,-0.018370634653204647,0.018370634653204647,1.0
3.9999999999996705,-3.9999999999996705,-0.018352282370833813,0.018352282370833813,1.0
4.000999999999671,-4.000999999999671,-0.0183339484224114,0.0183339484224114,1.0
4.001999999999671,-4.001999999999671,-0.01831563278962178,0.01831563278962178,1.0
4.0029999999996715,-4.0029999999996715,-0.01829733545416761,0.01829733545416761,1.0
4.003999999999672,-4.003999999999672,-0.018279056397769843,0.018279056397769843,1.0
4.004999999999672,-4.004999999999672,-0.018260795602167677,0.018260795602167677,1.0
4.0059999999996725,-4.0059999999996725,-0.018242553049118555,0.018242553049118555,1.0
4.006999999999673,-4.006999999999673,-0.018224328720398156,0.018224328720398156,1.0
4.007999999999673,-4.007999999999673,-0.018206122597800356,0.018206122597800356,1.0
4.0089999999996735,-4.0089999999996735,-0.018187934663137218,0.018187934663137218,1.0
4.009999999999674,-4.009999999999674,-0.018169764898238978,0.018169764898238978,1.0
4.010999999999674,-4.010999999999674,-0.018151613284954023,0.018151613284954023,1.0
4.0119999999996745,-4.0119999999996745,-0.018133479805148872,0.018133479805148872,1.0
4.012999999999675,-4.012999999999675,-0.018115364440708163,0.018115364440708163,1.0
4.013999999999675,-4.013999999999675,-0.018097267173534628,0.018097267173534628,1.0
4.0149999999996755,-4.0149999999996755,-0.01807918798554908,0.01807918798554908,1.0
4.015999999999676,-4.015999999999676,-0.01806112685869039,0.01806112685869039,1.0
4.016999999999676,-4.016999999999676,-0.018043083774915477,0.018043083774915477,1.0
4.0179999999996765,-4.0179999999996765,-0.018025058716199277,0.018025058716199277,1.0
4.018999999999677,-4.018999999999677,-0.01800705166453474,0.01800705166453474,1.0
4.019999999999677,-4.019999999999677,-0.017989062601932806,0.017989062601932806,1.0
4.0209999999996775,-4.0209999999996775,-0.017971091510422383,0.017971091510422383,1.0
4.021999999999678,-4.021999999999678,-0.01795313837205033,0.01795313837205033,1.0
4.022999999999678,-4.022999999999678,-0.017935203168881447,0.017935203168881447,1.0
4.0239999999996785,-4.0239999999996785,-0.017917285882998447,0.017917285882998447,1.0
4.024999999999679,-4.024999999999679,-0.017899386496501943,0.017899386496501943,1.0
4.025999999999679,-4.025999999999679,-0.017881504991510436,0.017881504991510436,1.0
4.0269999999996795,-4.0269999999996795,-0.017863641350160275,0.017863641350160275,1.0
4.02799999999968,-4.02799999999968,-0.017845795554605668,0.017845795554605668,1.0
4.02899999999968,-4.02899999999968,-0.017827967587018653,0.017827967587018653,1.0
4.0299999999996805,-4.0299999999996805,-0.017810157429589066,0.017810157429589066,1.0
4.030999999999681,-4.030999999999681,-0.017792365064524543,0.017792365064524543,1.0
4.031999999999681,-4.031999999999681,-0.01777459047405049,0.01777459047405049,1.0
4.0329999999996815,-4.0329999999996815,-0.01775683364041008,0.01775683364041008,1.0
4.033999999999682,-4.033999999999682,-0.017739094545864215,0.017739094545864215,1.0
4.034999999999682,-4.034999999999682,-0.017721373172691526,0.017721373172691526,1.0
4.0359999999996825,-4.0359999999996825,-0.017703669503188336,0.017703669503188336,1.0
4.036999999999683,-4.036999999999683,-0.01768598351966867,0.01768598351966867,1.0
4.037999999999683,-4.037999999999683,-0.01766831520446421,0.01766831520446421,1.0
4.0389999999996835,-4.0389999999996835,-0.017650664539924282,0.017650664539924282,1.0
4.039999999999684,-4.039999999999684,-0.01763303150841587,0.01763303150841587,1.0
4.040999999999684,-4.040999999999684,-0.017615416092323546,0.017615416092323546,1.0
4.0419999999996845,-4.0419999999996845,-0.017597818274049496,0.017597818274049496,1.0
4.042999999999685,-4.042999999999685,-0.017580238036013485,0.017580238036013485,1.0
4.043999999999685,-4.043999999999685,-0.01756267536065283,0.01756267536065283,1.0
4.0449999999996855,-4.0449999999996855,-0.01754513023042241,0.01754513023042241,1.0
4.045999999999686,-4.045999999999686,-0.01752760262779461,0.01752760262779461,1.0
4.046999999999686,-4.046999999999686,-0.017510092535259352,0.017510092535259352,1.0
4.0479999999996865,-4.0479999999996865,-0.017492599935324024,0.017492599935324024,1.0
4.048999999999687,-4.048999999999687,-0.017475124810513512,0.017475124810513512,1.0
4.049999999999687,-4.049999999999687,-0.017457667143370142,0.017457667143370142,1.0
4.0509999999996875,-4.0509999999996875,-0.01744022691645369,0.01744022691645369,1.0
4.051999999999688,-4.051999999999688,-0.017422804112341348,0.017422804112341348,1.0
4.052999999999688,-4.052999999999688,-0.017405398713627722,0.017405398713627722,1.0
4.0539999999996885,-4.0539999999996885,-0.017388010702924797,0.017388010702924797,1.0
4.054999999999689,-4.054999999999689,-0.017370640062861938,0.017370640062861938,1.0
4.055999999999689,-4.055999999999689,-0.01735328677608585,0.01735328677608585,1.0
4.0569999999996895,-4.0569999999996895,-0.017335950825260592,0.017335950825260592,1.0
4.05799999999969,-4.05799999999969,-0.017318632193067524,0.017318632193067524,1.0
4.05899999999969,-4.05899999999969,-0.01730133086220532,0.01730133086220532,1.0
4.0599999999996905,-4.0599999999996905,-0.01728404681538993,0.01728404681538993,1.0
4.060999999999691,-4.060999999999691,-0.017266780035354576,0.017266780035354576,1.0
4.061999999999691,-4.061999999999691,-0.017249530504849727,0.017249530504849727,1.0
4.0629999999996915,-4.0629999999996915,-0.01723229820664308,0.01723229820664308,1.0
4.063999999999692,-4.063999999999692,-0.01721508312351956,0.01721508312351956,1.0
4.064999999999692,-4.064999999999692,-0.01719788523828128,0.01719788523828128,1.0
4.0659999999996925,-4.0659999999996925,-0.01718070453374753,0.01718070453374753,1.0
4.066999999999693,-4.066999999999693,-0.017163540992754776,0.017163540992754776,1.0
4.067999999999693,-4.067999999999693,-0.01714639459815662,0.01714639459815662,1.0
4.0689999999996935,-4.0689999999996935,-0.017129265332823797,0.017129265332823797,1.0
4.069999999999694,-4.069999999999694,-0.017112153179644148,0.017112153179644148,1.0
4.070999999999694,-4.070999999999694,-0.017095058121522625,0.017095058121522625,1.0
4.0719999999996945,-4.0719999999996945,-0.017077980141381243,0.017077980141381243,1.0
4.072999999999695,-4.072999999999695,-0.017060919222159084,0.017060919222159084,1.0
4.073999999999695,-4.073999999999695,-0.01704387534681227,0.01704387534681227,1.0
4.0749999999996955,-4.0749999999996955,-0.017026848498313957,0.017026848498313957,1.0
4.075999999999696,-4.075999999999696,-0.017009838659654303,0.017009838659654303,1.0
4.076999999999696,-4.076999999999696,-0.016992845813840463,0.016992845813840463,1.0
4.0779999999996965,-4.0779999999996965,-0.016975869943896563,0.016975869943896563,1.0
4.078999999999697,-4.078999999999697,-0.0169589110328637,0.0169589110328637,1.0
4.079999999999697,-4.079999999999697,-0.016941969063799904,0.016941969063799904,1.0
4.0809999999996975,-4.0809999999996975,-0.016925044019780126,0.016925044019780126,1.0
4.081999999999698,-4.081999999999698,-0.016908135883896225,0.016908135883896225,1.0
4.082999999999698,-4.082999999999698,-0.016891244639256967,0.016891244639256967,1.0
4.0839999999996985,-4.0839999999996985,-0.016874370268987977,0.016874370268987977,1.0
4.084999999999699,-4.084999999999699,-0.01685751275623175,0.01685751275623175,1.0
4.085999999999699,-4.085999999999699,-0.016840672084147596,0.016840672084147596,1.0
4.0869999999996995,-4.0869999999996995,-0.016823848235911685,0.016823848235911685,1.0
4.0879999999997,-4.0879999999997,-0.016807041194716967,0.016807041194716967,1.0
4.0889999999997,-4.0889999999997,-0.01679025094377319,0.01679025094377319,1.0
4.0899999999997005,-4.0899999999997005,-0.016773477466306887,0.016773477466306887,1.0
4.090999999999701,-4.090999999999701,-0.016756720745561324,0.016756720745561324,1.0
4.091999999999701,-4.091999999999701,-0.01673998076479653,0.01673998076479653,1.0
4.0929999999997015,-4.0929999999997015,-0.01672325750728924,0.01672325750728924,1.0
4.093999999999702,-4.093999999999702,-0.01670655095633291,0.01670655095633291,1.0
4.094999999999702,-4.094999999999702,-0.016689861095237672,0.016689861095237672,1.0
4.0959999999997025,-4.0959999999997025,-0.01667318790733034,0.01667318790733034,1.0
4.096999999999703,-4.096999999999703,-0.016656531375954384,0.016656531375954384,1.0
4.097999999999703,-4.097999999999703,-0.016639891484469913,0.016639891484469913,1.0
4.0989999999997035,-4.0989999999997035,-0.01662326821625366,0.01662326821625366,1.0
4.099999999999704,-4.099999999999704,-0.016606661554698962,0.016606661554698962,1.0
4.100999999999704,-4.100999999999704,-0.016590071483215743,0.016590071483215743,1.0
4.1019999999997045,-4.1019999999997045,-0.01657349798523051,0.01657349798523051,1.0
4.102999999999705,-4.102999999999705,-0.016556941044186327,0.016556941044186327,1.0
4.103999999999705,-4.103999999999705,-0.016540400643542782,0.016540400643542782,1.0
4.1049999999997056,-4.1049999999997056,-0.016523876766776007,0.016523876766776007,1.0
4.105999999999706,-4.105999999999706,-0.016507369397378627,0.016507369397378627,1.0
4.106999999999706,-4.106999999999706,-0.016490878518859768,0.016490878518859768,1.0
4.1079999999997066,-4.1079999999997066,-0.01647440411474502,0.01647440411474502,1.0
4.108999999999707,-4.108999999999707,-0.016457946168576446,0.016457946168576446,1.0
4.109999999999707,-4.109999999999707,-0.016441504663912535,0.016441504663912535,1.0
4.1109999999997076,-4.1109999999997076,-0.016425079584328206,0.016425079584328206,1.0
4.111999999999708,-4.111999999999708,-0.016408670913414792,0.016408670913414792,1.0
4.112999999999708,-4.112999999999708,-0.01639227863478001,0.01639227863478001,1.0
4.113999999999709,-4.113999999999709,-0.01637590273204796,0.01637590273204796,1.0
4.114999999999709,-4.114999999999709,-0.016359543188859103,0.016359543188859103,1.0
4.115999999999709,-4.115999999999709,-0.016343199988870235,0.016343199988870235,1.0
4.11699999999971,-4.11699999999971,-0.01632687311575448,0.01632687311575448,1.0
4.11799999999971,-4.11799999999971,-0.01631056255320128,0.01631056255320128,1.0
4.11899999999971,-4.11899999999971,-0.016294268284916365,0.016294268284916365,1.0
4.119999999999711,-4.119999999999711,-0.016277990294621743,0.016277990294621743,1.0
4.120999999999711,-4.120999999999711,-0.016261728566055688,0.016261728566055688,1.0
4.121999999999711,-4.121999999999711,-0.016245483082972714,0.016245483082972714,1.0
4.122999999999712,-4.122999999999712,-0.016229253829143572,0.016229253829143572,1.0
4.123999999999712,-4.123999999999712,-0.01621304078835522,0.01621304078835522,1.0
4.124999999999712,-4.124999999999712,-0.01619684394441081,0.01619684394441081,1.0
4.125999999999713,-4.125999999999713,-0.01618066328112968,0.01618066328112968,1.0
4.126999999999713,-4.126999999999713,-0.016164498782347332,0.016164498782347332,1.0
4.127999999999713,-4.127999999999713,-0.016148350431915415,0.016148350431915415,1.0
4.128999999999714,-4.128999999999714,-0.016132218213701716,0.016132218213701716,1.0
4.129999999999714,-4.129999999999714,-0.016116102111590126,0.016116102111590126,1.0
4.130999999999714,-4.130999999999714,-0.01610000210948065,0.01610000210948065,1.0
4.131999999999715,-4.131999999999715,-0.01608391819128936,0.01608391819128936,1.0
4.132999999999715,-4.132999999999715,-0.016067850340948407,0.016067850340948407,1.0
4.133999999999715,-4.133999999999715,-0.016051798542406,0.016051798542406,1.0
4.134999999999716,-4.134999999999716,-0.016035762779626376,0.016035762779626376,1.0
4.135999999999716,-4.135999999999716,-0.016019743036589786,0.016019743036589786,1.0
4.136999999999716,-4.136999999999716,-0.016003739297292492,0.016003739297292492,1.0
4.137999999999717,-4.137999999999717,-0.015987751545746748,0.015987751545746748,1.0
4.138999999999717,-4.138999999999717,-0.015971779765980767,0.015971779765980767,1.0
4.139999999999717,-4.139999999999717,-0.01595582394203873,0.01595582394203873,1.0
4.140999999999718,-4.140999999999718,-0.015939884057980747,0.015939884057980747,1.0
4.141999999999718,-4.141999999999718,-0.015923960097882866,0.015923960097882866,1.0
4.142999999999718,-4.142999999999718,-0.015908052045837028,0.015908052045837028,1.0
4.143999999999719,-4.143999999999719,-0.01589215988595108,0.01589215988595108,1.0
4.144999999999719,-4.144999999999719,-0.01587628360234873,0.01587628360234873,1.0
4.145999999999719,-4.145999999999719,-0.01586042317916956,0.01586042317916956,1.0
4.14699999999972,-4.14699999999972,-0.015844578600568992,0.015844578600568992,1.0
4.14799999999972,-4.14799999999972,-0.015828749850718273,0.015828749850718273,1.0
4.14899999999972,-4.14899999999972,-0.01581293691380447,0.01581293691380447,1.0
4.149999999999721,-4.149999999999721,-0.01579713977403044,0.01579713977403044,1.0
4.150999999999721,-4.150999999999721,-0.015781358415614823,0.015781358415614823,1.0
4.151999999999721,-4.151999999999721,-0.01576559282279203,0.01576559282279203,1.0
4.152999999999722,-4.152999999999722,-0.015749842979812217,0.015749842979812217,1.0
4.153999999999722,-4.153999999999722,-0.015734108870941278,0.015734108870941278,1.0
4.154999999999722,-4.154999999999722,-0.015718390480460816,0.015718390480460816,1.0
4.155999999999723,-4.155999999999723,-0.015702687792668146,0.015702687792668146,1.0
4.156999999999723,-4.156999999999723,-0.015687000791876266,0.015687000791876266,1.0
4.157999999999723,-4.157999999999723,-0.01567132946241385,0.01567132946241385,1.0
4.158999999999724,-4.158999999999724,-0.01565567378862523,0.01565567378862523,1.0
4.159999999999724,-4.159999999999724,-0.01564003375487036,0.01564003375487036,1.0
4.160999999999724,-4.160999999999724,-0.015624409345524833,0.015624409345524833,1.0
4.161999999999725,-4.161999999999725,-0.015608800544979854,0.015608800544979854,1.0
4.162999999999725,-4.162999999999725,-0.015593207337642212,0.015593207337642212,1.0
4.163999999999725,-4.163999999999725,-0.01557762970793428,0.01557762970793428,1.0
4.164999999999726,-4.164999999999726,-0.015562067640293985,0.015562067640293985,1.0
4.165999999999726,-4.165999999999726,-0.01554652111917481,0.01554652111917481,1.0
4.166999999999726,-4.166999999999726,-0.015530990129045765,0.015530990129045765,1.0
4.167999999999727,-4.167999999999727,-0.015515474654391376,0.015515474654391376,1.0
4.168999999999727,-4.168999999999727,-0.015499974679711663,0.015499974679711663,1.0
4.169999999999727,-4.169999999999727,-0.015484490189522141,0.015484490189522141,1.0
4.170999999999728,-4.170999999999728,-0.015469021168353787,0.015469021168353787,1.0
4.171999999999728,-4.171999999999728,-0.015453567600753036,0.015453567600753036,1.0
4.172999999999728,-4.172999999999728,-0.015438129471281753,0.015438129471281753,1.0
4.173999999999729,-4.173999999999729,-0.015422706764517236,0.015422706764517236,1.0
4.174999999999729,-4.174999999999729,-0.015407299465052184,0.015407299465052184,1.0
4.175999999999729,-4.175999999999729,-0.015391907557494687,0.015391907557494687,1.0
4.17699999999973,-4.17699999999973,-0.01537653102646822,0.01537653102646822,1.0
4.17799999999973,-4.17799999999973,-0.015361169856611609,0.015361169856611609,1.0
4.17899999999973,-4.17899999999973,-0.01534582403257903,0.01534582403257903,1.0
4.179999999999731,-4.179999999999731,-0.01533049353903999,0.01533049353903999,1.0
4.180999999999731,-4.180999999999731,-0.01531517836067931,0.01531517836067931,1.0
4.181999999999731,-4.181999999999731,-0.015299878482197111,0.015299878482197111,1.0
4.182999999999732,-4.182999999999732,-0.015284593888308804,0.015284593888308804,1.0
4.183999999999732,-4.183999999999732,-0.015269324563745058,0.015269324563745058,1.0
4.184999999999732,-4.184999999999732,-0.015254070493251807,0.015254070493251807,1.0
4.185999999999733,-4.185999999999733,-0.015238831661590218,0.015238831661590218,1.0
4.186999999999733,-4.186999999999733,-0.015223608053536682,0.015223608053536682,1.0
4.187999999999733,-4.187999999999733,-0.0152083996538828,0.0152083996538828,1.0
4.188999999999734,-4.188999999999734,-0.015193206447435364,0.015193206447435364,1.0
4.189999999999734,-4.189999999999734,-0.015178028419016347,0.015178028419016347,1.0
4.190999999999734,-4.190999999999734,-0.015162865553462882,0.015162865553462882,1.0
4.191999999999735,-4.191999999999735,-0.015147717835627255,0.015147717835627255,1.0
4.192999999999735,-4.192999999999735,-0.015132585250376878,0.015132585250376878,1.0
4.193999999999735,-4.193999999999735,-0.015117467782594282,0.015117467782594282,1.0
4.194999999999736,-4.194999999999736,-0.015102365417177105,0.015102365417177105,1.0
4.195999999999736,-4.195999999999736,-0.015087278139038067,0.015087278139038067,1.0
4.196999999999736,-4.196999999999736,-0.015072205933104963,0.015072205933104963,1.0
4.197999999999737,-4.197999999999737,-0.015057148784320643,0.015057148784320643,1.0
4.198999999999737,-4.198999999999737,-0.015042106677643,0.015042106677643,1.0
4.199999999999737,-4.199999999999737,-0.015027079598044954,0.015027079598044954,1.0
4.200999999999738,-4.200999999999738,-0.01501206753051444,0.01501206753051444,1.0
4.201999999999738,-4.201999999999738,-0.014997070460054386,0.014997070460054386,1.0
4.202999999999738,-4.202999999999738,-0.014982088371682701,0.014982088371682701,1.0
4.203999999999739,-4.203999999999739,-0.01496712125043227,0.01496712125043227,1.0
4.204999999999739,-4.204999999999739,-0.01495216908135092,0.01495216908135092,1.0
4.205999999999739,-4.205999999999739,-0.01493723184950142,0.01493723184950142,1.0
4.20699999999974,-4.20699999999974,-0.014922309539961457,0.014922309539961457,1.0
4.20799999999974,-4.20799999999974,-0.014907402137823633,0.014907402137823633,1.0
4.20899999999974,-4.20899999999974,-0.014892509628195437,0.014892509628195437,1.0
4.209999999999741,-4.209999999999741,-0.014877631996199238,0.014877631996199238,1.0
4.210999999999741,-4.210999999999741,-0.014862769226972265,0.014862769226972265,1.0
4.211999999999741,-4.211999999999741,-0.0148479213056666,0.0148479213056666,1.0
4.212999999999742,-4.212999999999742,-0.01483308821744915,0.01483308821744915,1.0
4.213999999999742,-4.213999999999742,-0.01481826994750165,0.01481826994750165,1.0
4.214999999999742,-4.214999999999742,-0.01480346648102063,0.01480346648102063,1.0
4.215999999999743,-4.215999999999743,-0.014788677803217413,0.014788677803217413,1.0
4.216999999999743,-4.216999999999743,-0.014773903899318095,0.014773903899318095,1.0
4.217999999999743,-4.217999999999743,-0.014759144754563533,0.014759144754563533,1.0
4.218999999999744,-4.218999999999744,-0.014744400354209323,0.014744400354209323,1.0
4.219999999999744,-4.219999999999744,-0.014729670683525797,0.014729670683525797,1.0
4.220999999999744,-4.220999999999744,-0.014714955727797999,0.014714955727797999,1.0
4.221999999999745,-4.221999999999745,-0.014700255472325674,0.014700255472325674,1.0
4.222999999999745,-4.222999999999745,-0.014685569902423248,0.014685569902423248,1.0
4.223999999999745,-4.223999999999745,-0.014670899003419828,0.014670899003419828,1.0
4.224999999999746,-4.224999999999746,-0.01465624276065917,0.01465624276065917,1.0
4.225999999999746,-4.225999999999746,-0.01464160115949967,0.01464160115949967,1.0
4.226999999999746,-4.226999999999746,-0.014626974185314355,0.014626974185314355,1.0
4.227999999999747,-4.227999999999747,-0.014612361823490863,0.014612361823490863,1.0
4.228999999999747,-4.228999999999747,-0.014597764059431433,0.014597764059431433,1.0
4.229999999999747,-4.229999999999747,-0.014583180878552881,0.014583180878552881,1.0
4.230999999999748,-4.230999999999748,-0.014568612266286595,0.014568612266286595,1.0
4.231999999999748,-4.231999999999748,-0.014554058208078516,0.014554058208078516,1.0
4.232999999999748,-4.232999999999748,-0.014539518689389127,0.014539518689389127,1.0
4.233999999999749,-4.233999999999749,-0.014524993695693433,0.014524993695693433,1.0
4.234999999999749,-4.234999999999749,-0.014510483212480952,0.014510483212480952,1.0
4.235999999999749,-4.235999999999749,-0.014495987225255698,0.014495987225255698,1.0
4.23699999999975,-4.23699999999975,-0.014481505719536164,0.014481505719536164,1.0
4.23799999999975,-4.23799999999975,-0.014467038680855308,0.014467038680855308,1.0
4.23899999999975,-4.23899999999975,-0.014452586094760548,0.014452586094760548,1.0
4.239999999999751,-4.239999999999751,-0.014438147946813733,0.014438147946813733,1.0
4.240999999999751,-4.240999999999751,-0.014423724222591144,0.014423724222591144,1.0
4.241999999999751,-4.241999999999751,-0.01440931490768346,0.01440931490768346,1.0
4.242999999999752,-4.242999999999752,-0.014394919987695765,0.014394919987695765,1.0
4.243999999999752,-4.243999999999752,-0.014380539448247515,0.014380539448247515,1.0
4.244999999999752,-4.244999999999752,-0.01436617327497254,0.01436617327497254,1.0
4.245999999999753,-4.245999999999753,-0.014351821453519023,0.014351821453519023,1.0
4.246999999999753,-4.246999999999753,-0.014337483969549474,0.014337483969549474,1.0
4.247999999999753,-4.247999999999753,-0.014323160808740734,0.014323160808740734,1.0
4.248999999999754,-4.248999999999754,-0.014308851956783948,0.014308851956783948,1.0
4.249999999999754,-4.249999999999754,-0.014294557399384563,0.014294557399384563,1.0
4.250999999999754,-4.250999999999754,-0.0142802771222623,0.0142802771222623,1.0
4.251999999999755,-4.251999999999755,-0.01426601111115115,0.01426601111115115,1.0
4.252999999999755,-4.252999999999755,-0.01425175935179935,0.01425175935179935,1.0
4.253999999999755,-4.253999999999755,-0.014237521829969381,0.014237521829969381,1.0
4.254999999999756,-4.254999999999756,-0.014223298531437945,0.014223298531437945,1.0
4.255999999999756,-4.255999999999756,-0.014209089441995946,0.014209089441995946,1.0
4.256999999999756,-4.256999999999756,-0.0141948945474485,0.0141948945474485,1.0
4.257999999999757,-4.257999999999757,-0.014180713833614883,0.014180713833614883,1.0
4.258999999999757,-4.258999999999757,-0.014166547286328556,0.014166547286328556,1.0
4.259999999999757,-4.259999999999757,-0.014152394891437119,0.014152394891437119,1.0
4.260999999999758,-4.260999999999758,-0.014138256634802317,0.014138256634802317,1.0
4.261999999999758,-4.261999999999758,-0.014124132502300017,0.014124132502300017,1.0
4.262999999999758,-4.262999999999758,-0.014110022479820197,0.014110022479820197,1.0
4.263999999999759,-4.263999999999759,-0.014095926553266932,0.014095926553266932,1.0
4.264999999999759,-4.264999999999759,-0.014081844708558373,0.014081844708558373,1.0
4.265999999999759,-4.265999999999759,-0.014067776931626747,0.014067776931626747,1.0
4.26699999999976,-4.26699999999976,-0.014053723208418328,0.014053723208418328,1.0
4.26799999999976,-4.26799999999976,-0.014039683524893437,0.014039683524893437,1.0
4.26899999999976,-4.26899999999976,-0.014025657867026408,0.014025657867026408,1.0
4.269999999999761,-4.269999999999761,-0.014011646220805602,0.014011646220805602,1.0
4.270999999999761,-4.270999999999761,-0.013997648572233368,0.013997648572233368,1.0
4.271999999999761,-4.271999999999761,-0.013983664907326042,0.013983664907326042,1.0
4.272999999999762,-4.272999999999762,-0.013969695212113928,0.013969695212113928,1.0
4.273999999999762,-4.273999999999762,-0.013955739472641285,0.013955739472641285,1.0
4.274999999999762,-4.274999999999762,-0.013941797674966318,0.013941797674966318,1.0
4.275999999999763,-4.275999999999763,-0.013927869805161157,0.013927869805161157,1.0
4.276999999999763,-4.276999999999763,-0.013913955849311847,0.013913955849311847,1.0
4.277999999999763,-4.277999999999763,-0.013900055793518327,0.013900055793518327,1.0
4.278999999999764,-4.278999999999764,-0.013886169623894431,0.013886169623894431,1.0
4.279999999999764,-4.279999999999764,-0.013872297326567863,0.013872297326567863,1.0
4.280999999999764,-4.280999999999764,-0.013858438887680184,0.013858438887680184,1.0
4.281999999999765,-4.281999999999765,-0.013844594293386797,0.013844594293386797,1.0
4.282999999999765,-4.282999999999765,-0.01383076352985694,0.01383076352985694,1.0
4.283999999999765,-4.283999999999765,-0.013816946583273666,0.013816946583273666,1.0
4.284999999999766,-4.284999999999766,-0.013803143439833833,0.013803143439833833,1.0
4.285999999999766,-4.285999999999766,-0.013789354085748084,0.013789354085748084,1.0
4.286999999999766,-4.286999999999766,-0.013775578507240845,0.013775578507240845,1.0
4.287999999999767,-4.287999999999767,-0.013761816690550292,0.013761816690550292,1.0
4.288999999999767,-4.288999999999767,-0.013748068621928363,0.013748068621928363,1.0
4.289999999999767,-4.289999999999767,-0.013734334287640725,0.013734334287640725,1.0
4.290999999999768,-4.290999999999768,-0.013720613673966757,0.013720613673966757,1.0
4.291999999999768,-4.291999999999768,-0.013706906767199557,0.013706906767199557,1.0
4.292999999999768,-4.292999999999768,-0.013693213553645911,0.013693213553645911,1.0
4.293999999999769,-4.293999999999769,-0.013679534019626285,0.013679534019626285,1.0
4.294999999999769,-4.294999999999769,-0.013665868151474811,0.013665868151474811,1.0
4.295999999999769,-4.295999999999769,-0.013652215935539272,0.013652215935539272,1.0
4.29699999999977,-4.29699999999977,-0.01363857735818109,0.01363857735818109,1.0
4.29799999999977,-4.29799999999977,-0.013624952405775315,0.013624952405775315,1.0
4.29899999999977,-4.29899999999977,-0.013611341064710606,0.013611341064710606,1.0
4.299999999999771,-4.299999999999771,-0.013597743321389215,0.013597743321389215,1.0
4.300999999999771,-4.300999999999771,-0.013584159162226987,0.013584159162226987,1.0
4.301999999999771,-4.301999999999771,-0.013570588573653335,0.013570588573653335,1.0
4.302999999999772,-4.302999999999772,-0.013557031542111223,0.013557031542111223,1.0
4.303999999999772,-4.303999999999772,-0.013543488054057164,0.013543488054057164,1.0
4.304999999999772,-4.304999999999772,-0.013529958095961202,0.013529958095961202,1.0
4.305999999999773,-4.305999999999773,-0.013516441654306896,0.013516441654306896,1.0
4.306999999999773,-4.306999999999773,-0.013502938715591302,0.013502938715591302,1.0
4.307999999999773,-4.307999999999773,-0.013489449266324978,0.013489449266324978,1.0
4.308999999999774,-4.308999999999774,-0.013475973293031946,0.013475973293031946,1.0
4.309999999999774,-4.309999999999774,-0.013462510782249698,0.013462510782249698,1.0
4.310999999999774,-4.310999999999774,-0.013449061720529168,0.013449061720529168,1.0
4.311999999999775,-4.311999999999775,-0.013435626094434733,0.013435626094434733,1.0
4.312999999999775,-4.312999999999775,-0.01342220389054419,0.01342220389054419,1.0
4.313999999999775,-4.313999999999775,-0.013408795095448742,0.013408795095448742,1.0
4.314999999999776,-4.314999999999776,-0.013395399695752989,0.013395399695752989,1.0
4.315999999999776,-4.315999999999776,-0.013382017678074915,0.013382017678074915,1.0
4.316999999999776,-4.316999999999776,-0.013368649029045868,0.013368649029045868,1.0
4.317999999999777,-4.317999999999777,-0.013355293735310558,0.013355293735310558,1.0
4.318999999999777,-4.318999999999777,-0.013341951783527031,0.013341951783527031,1.0
4.319999999999777,-4.319999999999777,-0.013328623160366666,0.013328623160366666,1.0
4.320999999999778,-4.320999999999778,-0.013315307852514151,0.013315307852514151,1.0
4.321999999999778,-4.321999999999778,-0.013302005846667485,0.013302005846667485,1.0
4.322999999999778,-4.322999999999778,-0.013288717129537945,0.013288717129537945,1.0
4.323999999999779,-4.323999999999779,-0.013275441687850095,0.013275441687850095,1.0
4.324999999999779,-4.324999999999779,-0.013262179508341753,0.013262179508341753,1.0
4.325999999999779,-4.325999999999779,-0.01324893057776399,0.01324893057776399,1.0
4.32699999999978,-4.32699999999978,-0.01323569488288111,0.01323569488288111,1.0
4.32799999999978,-4.32799999999978,-0.013222472410470639,0.013222472410470639,1.0
4.32899999999978,-4.32899999999978,-0.013209263147323317,0.013209263147323317,1.0
4.329999999999781,-4.329999999999781,-0.013196067080243075,0.013196067080243075,1.0
4.330999999999781,-4.330999999999781,-0.013182884196047028,0.013182884196047028,1.0
4.331999999999781,-4.331999999999781,-0.013169714481565464,0.013169714481565464,1.0
4.332999999999782,-4.332999999999782,-0.01315655792364182,0.01315655792364182,1.0
4.333999999999782,-4.333999999999782,-0.013143414509132688,0.013143414509132688,1.0
4.334999999999782,-4.334999999999782,-0.01313028422490778,0.01313028422490778,1.0
4.335999999999783,-4.335999999999783,-0.013117167057849932,0.013117167057849932,1.0
4.336999999999783,-4.336999999999783,-0.013104062994855076,0.013104062994855076,1.0
4.337999999999783,-4.337999999999783,-0.013090972022832244,0.013090972022832244,1.0
4.338999999999784,-4.338999999999784,-0.01307789412870354,0.01307789412870354,1.0
4.339999999999784,-4.339999999999784,-0.013064829299404135,0.013064829299404135,1.0
4.340999999999784,-4.340999999999784,-0.013051777521882251,0.013051777521882251,1.0
4.341999999999785,-4.341999999999785,-0.013038738783099154,0.013038738783099154,1.0
4.342999999999785,-4.342999999999785,-0.013025713070029124,0.013025713070029124,1.0
4.343999999999785,-4.343999999999785,-0.013012700369659463,0.013012700369659463,1.0
4.344999999999786,-4.344999999999786,-0.012999700668990475,0.012999700668990475,1.0
4.345999999999786,-4.345999999999786,-0.012986713955035438,0.012986713955035438,1.0
4.346999999999786,-4.346999999999786,-0.012973740214820619,0.012973740214820619,1.0
4.347999999999787,-4.347999999999787,-0.012960779435385232,0.012960779435385232,1.0
4.348999999999787,-4.348999999999787,-0.01294783160378145,0.01294783160378145,1.0
4.349999999999787,-4.349999999999787,-0.012934896707074374,0.012934896707074374,1.0
4.350999999999788,-4.350999999999788,-0.012921974732342032,0.012921974732342032,1.0
4.351999999999788,-4.351999999999788,-0.012909065666675356,0.012909065666675356,1.0
4.352999999999788,-4.352999999999788,-0.012896169497178178,0.012896169497178178,1.0
4.353999999999789,-4.353999999999789,-0.012883286210967211,0.012883286210967211,1.0
4.354999999999789,-4.354999999999789,-0.012870415795172037,0.012870415795172037,1.0
4.355999999999789,-4.355999999999789,-0.012857558236935102,0.012857558236935102,1.0
4.35699999999979,-4.35699999999979,-0.01284471352341169,0.01284471352341169,1.0
4.35799999999979,-4.35799999999979,-0.012831881641769922,0.012831881641769922,1.0
4.35899999999979,-4.35899999999979,-0.012819062579190733,0.012819062579190733,1.0
4.359999999999791,-4.359999999999791,-0.012806256322867865,0.012806256322867865,1.0
4.360999999999791,-4.360999999999791,-0.012793462860007857,0.012793462860007857,1.0
4.361999999999791,-4.361999999999791,-0.012780682177830028,0.012780682177830028,1.0
4.362999999999792,-4.362999999999792,-0.012767914263566462,0.012767914263566462,1.0
4.363999999999792,-4.363999999999792,-0.012755159104461998,0.012755159104461998,1.0
4.364999999999792,-4.364999999999792,-0.012742416687774226,0.012742416687774226,1.0
4.365999999999793,-4.365999999999793,-0.012729687000773452,0.012729687000773452,1.0
4.366999999999793,-4.366999999999793,-0.01271697003074271,0.01271697003074271,1.0
4.367999999999793,-4.367999999999793,-0.012704265764977733,0.012704265764977733,1.0
4.368999999999794,-4.368999999999794,-0.012691574190786948,0.012691574190786948,1.0
4.369999999999794,-4.369999999999794,-0.012678895295491457,0.012678895295491457,1.0
4.370999999999794,-4.370999999999794,-0.012666229066425031,0.012666229066425031,1.0
4.371999999999795,-4.371999999999795,-0.0126535754909341,0.0126535754909341,1.0
4.372999999999795,-4.372999999999795,-0.01264093455637772,0.01264093455637772,1.0
4.373999999999795,-4.373999999999795,-0.012628306250127593,0.012628306250127593,1.0
4.374999999999796,-4.374999999999796,-0.012615690559568023,0.012615690559568023,1.0
4.375999999999796,-4.375999999999796,-0.012603087472095926,0.012603087472095926,1.0
4.376999999999796,-4.376999999999796,-0.012590496975120805,0.012590496975120805,1.0
4.377999999999797,-4.377999999999797,-0.012577919056064741,0.012577919056064741,1.0
4.378999999999797,-4.378999999999797,-0.01256535370236238,0.01256535370236238,1.0
4.379999999999797,-4.379999999999797,-0.01255280090146092,0.01255280090146092,1.0
4.380999999999798,-4.380999999999798,-0.0125402606408201,0.0125402606408201,1.0
4.381999999999798,-4.381999999999798,-0.012527732907912188,0.012527732907912188,1.0
4.382999999999798,-4.382999999999798,-0.012515217690221965,0.012515217690221965,1.0
4.383999999999799,-4.383999999999799,-0.012502714975246718,0.012502714975246718,1.0
4.384999999999799,-4.384999999999799,-0.012490224750496222,0.012490224750496222,1.0
4.385999999999799,-4.385999999999799,-0.01247774700349273,0.01247774700349273,1.0
4.3869999999998,-4.3869999999998,-0.012465281721770957,0.012465281721770957,1.0
4.3879999999998,-4.3879999999998,-0.012452828892878078,0.012452828892878078,1.0
4.3889999999998,-4.3889999999998,-0.012440388504373706,0.012440388504373706,1.0
4.389999999999801,-4.389999999999801,-0.012427960543829874,0.012427960543829874,1.0
4.390999999999801,-4.390999999999801,-0.012415544998831043,0.012415544998831043,1.0
4.391999999999801,-4.391999999999801,-0.01240314185697407,0.01240314185697407,1.0
4.392999999999802,-4.392999999999802,-0.0123907511058682,0.0123907511058682,1.0
4.393999999999802,-4.393999999999802,-0.012378372733135063,0.012378372733135063,1.0
4.394999999999802,-4.394999999999802,-0.012366006726408656,0.012366006726408656,1.0
4.395999999999803,-4.395999999999803,-0.012353653073335321,0.012353653073335321,1.0
4.396999999999803,-4.396999999999803,-0.012341311761573747,0.012341311761573747,1.0
4.397999999999803,-4.397999999999803,-0.012328982778794954,0.012328982778794954,1.0
4.398999999999804,-4.398999999999804,-0.012316666112682272,0.012316666112682272,1.0
4.399999999999804,-4.399999999999804,-0.012304361750931343,0.012304361750931343,1.0
4.400999999999804,-4.400999999999804,-0.012292069681250092,0.012292069681250092,1.0
4.401999999999805,-4.401999999999805,-0.012279789891358733,0.012279789891358733,1.0
4.402999999999805,-4.402999999999805,-0.012267522368989743,0.012267522368989743,1.0
4.403999999999805,-4.403999999999805,-0.012255267101887856,0.012255267101887856,1.0
4.404999999999806,-4.404999999999806,-0.012243024077810047,0.012243024077810047,1.0
4.405999999999806,-4.405999999999806,-0.01223079328452552,0.01223079328452552,1.0
4.406999999999806,-4.406999999999806,-0.012218574709815706,0.012218574709815706,1.0
4.407999999999807,-4.407999999999807,-0.012206368341474233,0.012206368341474233,1.0
4.408999999999807,-4.408999999999807,-0.012194174167306926,0.012194174167306926,1.0
4.409999999999807,-4.409999999999807,-0.012181992175131792,0.012181992175131792,1.0
4.410999999999808,-4.410999999999808,-0.012169822352779011,0.012169822352779011,1.0
4.411999999999808,-4.411999999999808,-0.012157664688090921,0.012157664688090921,1.0
4.412999999999808,-4.412999999999808,-0.012145519168922,0.012145519168922,1.0
4.413999999999809,-4.413999999999809,-0.012133385783138861,0.012133385783138861,1.0
4.414999999999809,-4.414999999999809,-0.012121264518620242,0.012121264518620242,1.0
4.415999999999809,-4.415999999999809,-0.012109155363256985,0.012109155363256985,1.0
4.41699999999981,-4.41699999999981,-0.012097058304952035,0.012097058304952035,1.0
4.41799999999981,-4.41799999999981,-0.012084973331620414,0.012084973331620414,1.0
4.41899999999981,-4.41899999999981,-0.012072900431189224,0.012072900431189224,1.0
4.419999999999811,-4.419999999999811,-0.012060839591597629,0.012060839591597629,1.0
4.420999999999811,-4.420999999999811,-0.012048790800796832,0.012048790800796832,1.0
4.421999999999811,-4.421999999999811,-0.01203675404675008,0.01203675404675008,1.0
4.422999999999812,-4.422999999999812,-0.01202472931743265,0.01202472931743265,1.0
4.423999999999812,-4.423999999999812,-0.012012716600831816,0.012012716600831816,1.0
4.424999999999812,-4.424999999999812,-0.012000715884946868,0.012000715884946868,1.0
4.425999999999813,-4.425999999999813,-0.01198872715778908,0.01198872715778908,1.0
4.426999999999813,-4.426999999999813,-0.011976750407381699,0.011976750407381699,1.0
4.427999999999813,-4.427999999999813,-0.011964785621759937,0.011964785621759937,1.0
4.428999999999814,-4.428999999999814,-0.011952832788970967,0.011952832788970967,1.0
4.429999999999814,-4.429999999999814,-0.011940891897073895,0.011940891897073895,1.0
4.430999999999814,-4.430999999999814,-0.011928962934139756,0.011928962934139756,1.0
4.431999999999815,-4.431999999999815,-0.011917045888251503,0.011917045888251503,1.0
4.432999999999815,-4.432999999999815,-0.011905140747504001,0.011905140747504001,1.0
4.433999999999815,-4.433999999999815,-0.011893247500003996,0.011893247500003996,1.0
4.434999999999816,-4.434999999999816,-0.011881366133870126,0.011881366133870126,1.0
4.435999999999816,-4.435999999999816,-0.011869496637232893,0.011869496637232893,1.0
4.436999999999816,-4.436999999999816,-0.011857638998234658,0.011857638998234658,1.0
4.437999999999817,-4.437999999999817,-0.011845793205029629,0.011845793205029629,1.0
4.438999999999817,-4.438999999999817,-0.011833959245783846,0.011833959245783846,1.0
4.439999999999817,-4.439999999999817,-0.011822137108675171,0.011822137108675171,1.0
4.440999999999818,-4.440999999999818,-0.011810326781893277,0.011810326781893277,1.0
4.441999999999818,-4.441999999999818,-0.01179852825363964,0.01179852825363964,1.0
4.442999999999818,-4.442999999999818,-0.011786741512127512,0.011786741512127512,1.0
4.443999999999819,-4.443999999999819,-0.011774966545581928,0.011774966545581928,1.0
4.444999999999819,-4.444999999999819,-0.011763203342239688,0.011763203342239688,1.0
4.445999999999819,-4.445999999999819,-0.011751451890349339,0.011751451890349339,1.0
4.44699999999982,-4.44699999999982,-0.01173971217817117,0.01173971217817117,1.0
4.44799999999982,-4.44799999999982,-0.011727984193977192,0.011727984193977192,1.0
4.44899999999982,-4.44899999999982,-0.011716267926051141,0.011716267926051141,1.0
4.449999999999821,-4.449999999999821,-0.011704563362688452,0.011704563362688452,1.0
4.450999999999821,-4.450999999999821,-0.011692870492196255,0.011692870492196255,1.0
4.451999999999821,-4.451999999999821,-0.011681189302893363,0.011681189302893363,1.0
4.452999999999822,-4.452999999999822,-0.011669519783110252,0.011669519783110252,1.0
4.453999999999822,-4.453999999999822,-0.011657861921189063,0.011657861921189063,1.0
4.454999999999822,-4.454999999999822,-0.011646215705483577,0.011646215705483577,1.0
4.455999999999823,-4.455999999999823,-0.01163458112435922,0.01163458112435922,1.0
4.456999999999823,-4.456999999999823,-0.011622958166193026,0.011622958166193026,1.0
4.457999999999823,-4.457999999999823,-0.011611346819373652,0.011611346819373652,1.0
4.458999999999824,-4.458999999999824,-0.011599747072301351,0.011599747072301351,1.0
4.459999999999824,-4.459999999999824,-0.011588158913387964,0.011588158913387964,1.0
4.460999999999824,-4.460999999999824,-0.011576582331056906,0.011576582331056906,1.0
4.461999999999825,-4.461999999999825,-0.011565017313743162,0.011565017313743162,1.0
4.462999999999825,-4.462999999999825,-0.011553463849893269,0.011553463849893269,1.0
4.463999999999825,-4.463999999999825,-0.011541921927965304,0.011541921927965304,1.0
4.464999999999826,-4.464999999999826,-0.011530391536428876,0.011530391536428876,1.0
4.465999999999826,-4.465999999999826,-0.01151887266376511,0.01151887266376511,1.0
4.466999999999826,-4.466999999999826,-0.011507365298466642,0.011507365298466642,1.0
4.467999999999827,-4.467999999999827,-0.011495869429037605,0.011495869429037605,1.0
4.468999999999827,-4.468999999999827,-0.011484385043993612,0.011484385043993612,1.0
4.4699999999998274,-4.4699999999998274,-0.01147291213186175,0.01147291213186175,1.0
4.470999999999828,-4.470999999999828,-0.01146145068118057,0.01146145068118057,1.0
4.471999999999828,-4.471999999999828,-0.011450000680500071,0.011450000680500071,1.0
4.4729999999998284,-4.4729999999998284,-0.01143856211838169,0.01143856211838169,1.0
4.473999999999829,-4.473999999999829,-0.011427134983398292,0.011427134983398292,1.0
4.474999999999829,-4.474999999999829,-0.011415719264134157,0.011415719264134157,1.0
4.4759999999998294,-4.4759999999998294,-0.011404314949184972,0.011404314949184972,1.0
4.47699999999983,-4.47699999999983,-0.011392922027157814,0.011392922027157814,1.0
4.47799999999983,-4.47799999999983,-0.011381540486671142,0.011381540486671142,1.0
4.4789999999998305,-4.4789999999998305,-0.011370170316354787,0.011370170316354787,1.0
4.479999999999831,-4.479999999999831,-0.011358811504849934,0.011358811504849934,1.0
4.480999999999831,-4.480999999999831,-0.011347464040809125,0.011347464040809125,1.0
4.4819999999998315,-4.4819999999998315,-0.011336127912896229,0.011336127912896229,1.0
4.482999999999832,-4.482999999999832,-0.011324803109786442,0.011324803109786442,1.0
4.483999999999832,-4.483999999999832,-0.011313489620166275,0.011313489620166275,1.0
4.4849999999998325,-4.4849999999998325,-0.011302187432733542,0.011302187432733542,1.0
4.485999999999833,-4.485999999999833,-0.011290896536197345,0.011290896536197345,1.0
4.486999999999833,-4.486999999999833,-0.011279616919278068,0.011279616919278068,1.0
4.4879999999998335,-4.4879999999998335,-0.011268348570707359,0.011268348570707359,1.0
4.488999999999834,-4.488999999999834,-0.011257091479228133,0.011257091479228133,1.0
4.489999999999834,-4.489999999999834,-0.011245845633594537,0.011245845633594537,1.0
4.4909999999998345,-4.4909999999998345,-0.011234611022571967,0.011234611022571967,1.0
4.491999999999835,-4.491999999999835,-0.01122338763493703,0.01122338763493703,1.0
4.492999999999835,-4.492999999999835,-0.011212175459477553,0.011212175459477553,1.0
4.4939999999998355,-4.4939999999998355,-0.011200974484992559,0.011200974484992559,1.0
4.494999999999836,-4.494999999999836,-0.011189784700292266,0.011189784700292266,1.0
4.495999999999836,-4.495999999999836,-0.011178606094198068,0.011178606094198068,1.0
4.4969999999998365,-4.4969999999998365,-0.011167438655542525,0.011167438655542525,1.0
4.497999999999837,-4.497999999999837,-0.011156282373169355,0.011156282373169355,1.0
4.498999999999837,-4.498999999999837,-0.011145137235933423,0.011145137235933423,1.0
4.4999999999998375,-4.4999999999998375,-0.011134003232700721,0.011134003232700721,1.0
4.500999999999838,-4.500999999999838,-0.011122880352348374,0.011122880352348374,1.0
4.501999999999838,-4.501999999999838,-0.01111176858376461,0.01111176858376461,1.0
4.5029999999998385,-4.5029999999998385,-0.011100667915848763,0.011100667915848763,1.0
4.503999999999839,-4.503999999999839,-0.011089578337511249,0.011089578337511249,1.0
4.504999999999839,-4.504999999999839,-0.011078499837673577,0.011078499837673577,1.0
4.5059999999998395,-4.5059999999998395,-0.011067432405268307,0.011067432405268307,1.0
4.50699999999984,-4.50699999999984,-0.01105637602923907,0.01105637602923907,1.0
4.50799999999984,-4.50799999999984,-0.01104533069854053,0.01104533069854053,1.0
4.5089999999998405,-4.5089999999998405,-0.01103429640213839,0.01103429640213839,1.0
4.509999999999841,-4.509999999999841,-0.01102327312900938,0.01102327312900938,1.0
4.510999999999841,-4.510999999999841,-0.011012260868141237,0.011012260868141237,1.0
4.5119999999998415,-4.5119999999998415,-0.011001259608532704,0.011001259608532704,1.0
4.512999999999842,-4.512999999999842,-0.010990269339193512,0.010990269339193512,1.0
4.513999999999842,-4.513999999999842,-0.010979290049144367,0.010979290049144367,1.0
4.5149999999998425,-4.5149999999998425,-0.010968321727416951,0.010968321727416951,1.0
4.515999999999843,-4.515999999999843,-0.010957364363053897,0.010957364363053897,1.0
4.516999999999843,-4.516999999999843,-0.010946417945108786,0.010946417945108786,1.0
4.5179999999998435,-4.5179999999998435,-0.01093548246264614,0.01093548246264614,1.0
4.518999999999844,-4.518999999999844,-0.0109245579047414,0.0109245579047414,1.0
4.519999999999844,-4.519999999999844,-0.010913644260480916,0.010913644260480916,1.0
4.5209999999998445,-4.5209999999998445,-0.010902741518961954,0.010902741518961954,1.0
4.521999999999845,-4.521999999999845,-0.010891849669292662,0.010891849669292662,1.0
4.522999999999845,-4.522999999999845,-0.010880968700592068,0.010880968700592068,1.0
4.5239999999998455,-4.5239999999998455,-0.01087009860199008,0.01087009860199008,1.0
4.524999999999846,-4.524999999999846,-0.010859239362627452,0.010859239362627452,1.0
4.525999999999846,-4.525999999999846,-0.010848390971655797,0.010848390971655797,1.0
4.5269999999998465,-4.5269999999998465,-0.010837553418237559,0.010837553418237559,1.0
4.527999999999847,-4.527999999999847,-0.010826726691546011,0.010826726691546011,1.0
4.528999999999847,-4.528999999999847,-0.010815910780765247,0.010815910780765247,1.0
4.5299999999998475,-4.5299999999998475,-0.010805105675090156,0.010805105675090156,1.0
4.530999999999848,-4.530999999999848,-0.010794311363726432,0.010794311363726432,1.0
4.531999999999848,-4.531999999999848,-0.010783527835890538,0.010783527835890538,1.0
4.5329999999998485,-4.5329999999998485,-0.010772755080809729,0.010772755080809729,1.0
4.533999999999849,-4.533999999999849,-0.010761993087722008,0.010761993087722008,1.0
4.534999999999849,-4.534999999999849,-0.010751241845876131,0.010751241845876131,1.0
4.5359999999998495,-4.5359999999998495,-0.0107405013445316,0.0107405013445316,1.0
4.53699999999985,-4.53699999999985,-0.010729771572958643,0.010729771572958643,1.0
4.53799999999985,-4.53799999999985,-0.010719052520438204,0.010719052520438204,1.0
4.5389999999998505,-4.5389999999998505,-0.010708344176261942,0.010708344176261942,1.0
4.539999999999851,-4.539999999999851,-0.010697646529732211,0.010697646529732211,1.0
4.540999999999851,-4.540999999999851,-0.010686959570162049,0.010686959570162049,1.0
4.5419999999998515,-4.5419999999998515,-0.010676283286875175,0.010676283286875175,1.0
4.542999999999852,-4.542999999999852,-0.010665617669205969,0.010665617669205969,1.0
4.543999999999852,-4.543999999999852,-0.010654962706499469,0.010654962706499469,1.0
4.5449999999998525,-4.5449999999998525,-0.010644318388111359,0.010644318388111359,1.0
4.545999999999853,-4.545999999999853,-0.01063368470340795,0.01063368470340795,1.0
4.546999999999853,-4.546999999999853,-0.010623061641766185,0.010623061641766185,1.0
4.5479999999998535,-4.5479999999998535,-0.010612449192573613,0.010612449192573613,1.0
4.548999999999854,-4.548999999999854,-0.010601847345228383,0.010601847345228383,1.0
4.549999999999854,-4.549999999999854,-0.010591256089139243,0.010591256089139243,1.0
4.5509999999998545,-4.5509999999998545,-0.010580675413725519,0.010580675413725519,1.0
4.551999999999855,-4.551999999999855,-0.010570105308417102,0.010570105308417102,1.0
4.552999999999855,-4.552999999999855,-0.010559545762654447,0.010559545762654447,1.0
4.5539999999998555,-4.5539999999998555,-0.010548996765888557,0.010548996765888557,1.0
4.554999999999856,-4.554999999999856,-0.010538458307580977,0.010538458307580977,1.0
4.555999999999856,-4.555999999999856,-0.010527930377203773,0.010527930377203773,1.0
4.5569999999998565,-4.5569999999998565,-0.010517412964239536,0.010517412964239536,1.0
4.557999999999857,-4.557999999999857,-0.010506906058181354,0.010506906058181354,1.0
4.558999999999857,-4.558999999999857,-0.010496409648532821,0.010496409648532821,1.0
4.5599999999998575,-4.5599999999998575,-0.010485923724808012,0.010485923724808012,1.0
4.560999999999858,-4.560999999999858,-0.01047544827653148,0.01047544827653148,1.0
4.561999999999858,-4.561999999999858,-0.010464983293238242,0.010464983293238242,1.0
4.5629999999998585,-4.5629999999998585,-0.010454528764473768,0.010454528764473768,1.0
4.563999999999859,-4.563999999999859,-0.010444084679793974,0.010444084679793974,1.0
4.564999999999859,-4.564999999999859,-0.01043365102876521,0.01043365102876521,1.0
4.5659999999998595,-4.5659999999998595,-0.010423227800964245,0.010423227800964245,1.0
4.56699999999986,-4.56699999999986,-0.010412814985978267,0.010412814985978267,1.0
4.56799999999986,-4.56799999999986,-0.010402412573404862,0.010402412573404862,1.0
4.5689999999998605,-4.5689999999998605,-0.010392020552852009,0.010392020552852009,1.0
4.569999999999861,-4.569999999999861,-0.010381638913938071,0.010381638913938071,1.0
4.570999999999861,-4.570999999999861,-0.010371267646291779,0.010371267646291779,1.0
4.5719999999998615,-4.5719999999998615,-0.010360906739552226,0.010360906739552226,1.0
4.572999999999862,-4.572999999999862,-0.010350556183368857,0.010350556183368857,1.0
4.573999999999862,-4.573999999999862,-0.010340215967401457,0.010340215967401457,1.0
4.5749999999998625,-4.5749999999998625,-0.010329886081320138,0.010329886081320138,1.0
4.575999999999863,-4.575999999999863,-0.010319566514805333,0.010319566514805333,1.0
4.576999999999863,-4.576999999999863,-0.010309257257547782,0.010309257257547782,1.0
4.5779999999998635,-4.5779999999998635,-0.010298958299248534,0.010298958299248534,1.0
4.578999999999864,-4.578999999999864,-0.010288669629618916,0.010288669629618916,1.0
4.579999999999864,-4.579999999999864,-0.010278391238380535,0.010278391238380535,1.0
4.5809999999998645,-4.5809999999998645,-0.01026812311526527,0.01026812311526527,1.0
4.581999999999865,-4.581999999999865,-0.010257865250015256,0.010257865250015256,1.0
4.582999999999865,-4.582999999999865,-0.010247617632382872,0.010247617632382872,1.0
4.5839999999998655,-4.5839999999998655,-0.01023738025213074,0.01023738025213074,1.0
4.584999999999866,-4.584999999999866,-0.01022715309903171,0.01022715309903171,1.0
4.585999999999866,-4.585999999999866,-0.01021693616286884,0.01021693616286884,1.0
4.5869999999998665,-4.5869999999998665,-0.010206729433435403,0.010206729433435403,1.0
4.587999999999867,-4.587999999999867,-0.010196532900534868,0.010196532900534868,1.0
4.588999999999867,-4.588999999999867,-0.010186346553980888,0.010186346553980888,1.0
4.5899999999998675,-4.5899999999998675,-0.010176170383597291,0.010176170383597291,1.0
4.590999999999868,-4.590999999999868,-0.010166004379218073,0.010166004379218073,1.0
4.591999999999868,-4.591999999999868,-0.010155848530687387,0.010155848530687387,1.0
4.5929999999998685,-4.5929999999998685,-0.010145702827859527,0.010145702827859527,1.0
4.593999999999869,-4.593999999999869,-0.010135567260598928,0.010135567260598928,1.0
4.594999999999869,-4.594999999999869,-0.010125441818780147,0.010125441818780147,1.0
4.5959999999998695,-4.5959999999998695,-0.010115326492287857,0.010115326492287857,1.0
4.59699999999987,-4.59699999999987,-0.010105221271016842,0.010105221271016842,1.0
4.59799999999987,-4.59799999999987,-0.01009512614487197,0.01009512614487197,1.0
4.5989999999998705,-4.5989999999998705,-0.010085041103768202,0.010085041103768202,1.0
4.599999999999871,-4.599999999999871,-0.01007496613763057,0.01007496613763057,1.0
4.600999999999871,-4.600999999999871,-0.010064901236394176,0.010064901236394176,1.0
4.6019999999998715,-4.6019999999998715,-0.010054846390004172,0.010054846390004172,1.0
4.602999999999872,-4.602999999999872,-0.010044801588415756,0.010044801588415756,1.0
4.603999999999872,-4.603999999999872,-0.010034766821594161,0.010034766821594161,1.0
4.6049999999998725,-4.6049999999998725,-0.010024742079514648,0.010024742079514648,1.0
4.605999999999873,-4.605999999999873,-0.010014727352162484,0.010014727352162484,1.0
4.606999999999873,-4.606999999999873,-0.01000472262953295,0.01000472262953295,1.0
4.6079999999998735,-4.6079999999998735,-0.009994727901631318,0.009994727901631318,1.0
4.608999999999874,-4.608999999999874,-0.009984743158472847,0.009984743158472847,1.0
4.609999999999874,-4.609999999999874,-0.009974768390082763,0.009974768390082763,1.0
4.6109999999998745,-4.6109999999998745,-0.009964803586496268,0.009964803586496268,1.0
4.611999999999875,-4.611999999999875,-0.00995484873775851,0.00995484873775851,1.0
4.612999999999875,-4.612999999999875,-0.009944903833924585,0.009944903833924585,1.0
4.6139999999998755,-4.6139999999998755,-0.009934968865059526,0.009934968865059526,1.0
4.614999999999876,-4.614999999999876,-0.009925043821238287,0.009925043821238287,1.0
4.615999999999876,-4.615999999999876,-0.009915128692545742,0.009915128692545742,1.0
4.6169999999998765,-4.6169999999998765,-0.009905223469076668,0.009905223469076668,1.0
4.617999999999877,-4.617999999999877,-0.00989532814093573,0.00989532814093573,1.0
4.618999999999877,-4.618999999999877,-0.009885442698237493,0.009885442698237493,1.0
4.6199999999998775,-4.6199999999998775,-0.009875567131106388,0.009875567131106388,1.0
4.620999999999878,-4.620999999999878,-0.009865701429676712,0.009865701429676712,1.0
4.621999999999878,-4.621999999999878,-0.009855845584092618,0.009855845584092618,1.0
4.6229999999998785,-4.6229999999998785,-0.009845999584508111,0.009845999584508111,1.0
4.623999999999879,-4.623999999999879,-0.009836163421087023,0.009836163421087023,1.0
4.624999999999879,-4.624999999999879,-0.009826337084003019,0.009826337084003019,1.0
4.6259999999998795,-4.6259999999998795,-0.00981652056343958,0.00981652056343958,1.0
4.62699999999988,-4.62699999999988,-0.00980671384958999,0.00980671384958999,1.0
4.62799999999988,-4.62799999999988,-0.009796916932657334,0.009796916932657334,1.0
4.6289999999998805,-4.6289999999998805,-0.00978712980285448,0.00978712980285448,1.0
4.629999999999881,-4.629999999999881,-0.009777352450404076,0.009777352450404076,1.0
4.630999999999881,-4.630999999999881,-0.009767584865538538,0.009767584865538538,1.0
4.6319999999998815,-4.6319999999998815,-0.009757827038500037,0.009757827038500037,1.0
4.632999999999882,-4.632999999999882,-0.009748078959540496,0.009748078959540496,1.0
4.633999999999882,-4.633999999999882,-0.009738340618921574,0.009738340618921574,1.0
4.6349999999998825,-4.6349999999998825,-0.00972861200691466,0.00972861200691466,1.0
4.635999999999883,-4.635999999999883,-0.009718893113800857,0.009718893113800857,1.0
4.636999999999883,-4.636999999999883,-0.009709183929870987,0.009709183929870987,1.0
4.6379999999998835,-4.6379999999998835,-0.009699484445425562,0.009699484445425562,1.0
4.638999999999884,-4.638999999999884,-0.009689794650774786,0.009689794650774786,1.0
4.639999999999884,-4.639999999999884,-0.009680114536238548,0.009680114536238548,1.0
4.6409999999998846,-4.6409999999998846,-0.009670444092146402,0.009670444092146402,1.0
4.641999999999885,-4.641999999999885,-0.009660783308837564,0.009660783308837564,1.0
4.642999999999885,-4.642999999999885,-0.009651132176660903,0.009651132176660903,1.0
4.6439999999998856,-4.6439999999998856,-0.009641490685974929,0.009641490685974929,1.0
4.644999999999886,-4.644999999999886,-0.009631858827147781,0.009631858827147781,1.0
4.645999999999886,-4.645999999999886,-0.009622236590557224,0.009622236590557224,1.0
4.6469999999998866,-4.6469999999998866,-0.009612623966590633,0.009612623966590633,1.0
4.647999999999887,-4.647999999999887,-0.009603020945644988,0.009603020945644988,1.0
4.648999999999887,-4.648999999999887,-0.00959342751812686,0.00959342751812686,1.0
4.649999999999888,-4.649999999999888,-0.009583843674452409,0.009583843674452409,1.0
4.650999999999888,-4.650999999999888,-0.009574269405047362,0.009574269405047362,1.0
4.651999999999888,-4.651999999999888,-0.009564704700347013,0.009564704700347013,1.0
4.652999999999889,-4.652999999999889,-0.009555149550796217,0.009555149550796217,1.0
4.653999999999889,-4.653999999999889,-0.009545603946849368,0.009545603946849368,1.0
4.654999999999889,-4.654999999999889,-0.009536067878970397,0.009536067878970397,1.0
4.65599999999989,-4.65599999999989,-0.009526541337632765,0.009526541337632765,1.0
4.65699999999989,-4.65699999999989,-0.009517024313319446,0.009517024313319446,1.0
4.65799999999989,-4.65799999999989,-0.009507516796522921,0.009507516796522921,1.0
4.658999999999891,-4.658999999999891,-0.009498018777745178,0.009498018777745178,1.0
4.659999999999891,-4.659999999999891,-0.00948853024749768,0.00948853024749768,1.0
4.660999999999891,-4.660999999999891,-0.009479051196301378,0.009479051196301378,1.0
4.661999999999892,-4.661999999999892,-0.009469581614686693,0.009469581614686693,1.0
4.662999999999892,-4.662999999999892,-0.009460121493193498,0.009460121493193498,1.0
4.663999999999892,-4.663999999999892,-0.009450670822371127,0.009450670822371127,1.0
4.664999999999893,-4.664999999999893,-0.009441229592778348,0.009441229592778348,1.0
4.665999999999893,-4.665999999999893,-0.009431797794983364,0.009431797794983364,1.0
4.666999999999893,-4.666999999999893,-0.0094223754195638,0.0094223754195638,1.0
4.667999999999894,-4.667999999999894,-0.009412962457106693,0.009412962457106693,1.0
4.668999999999894,-4.668999999999894,-0.009403558898208484,0.009403558898208484,1.0
4.669999999999894,-4.669999999999894,-0.009394164733475008,0.009394164733475008,1.0
4.670999999999895,-4.670999999999895,-0.009384779953521487,0.009384779953521487,1.0
4.671999999999895,-4.671999999999895,-0.009375404548972515,0.009375404548972515,1.0
4.672999999999895,-4.672999999999895,-0.009366038510462053,0.009366038510462053,1.0
4.673999999999896,-4.673999999999896,-0.00935668182863342,0.00935668182863342,1.0
4.674999999999896,-4.674999999999896,-0.00934733449413928,0.00934733449413928,1.0
4.675999999999896,-4.675999999999896,-0.00933799649764164,0.00933799649764164,1.0
4.676999999999897,-4.676999999999897,-0.009328667829811827,0.009328667829811827,1.0
4.677999999999897,-4.677999999999897,-0.009319348481330496,0.009319348481330496,1.0
4.678999999999897,-4.678999999999897,-0.00931003844288761,0.00931003844288761,1.0
4.679999999999898,-4.679999999999898,-0.009300737705182428,0.009300737705182428,1.0
4.680999999999898,-4.680999999999898,-0.009291446258923504,0.009291446258923504,1.0
4.681999999999898,-4.681999999999898,-0.009282164094828675,0.009282164094828675,1.0
4.682999999999899,-4.682999999999899,-0.009272891203625051,0.009272891203625051,1.0
4.683999999999899,-4.683999999999899,-0.009263627576049,0.009263627576049,1.0
4.684999999999899,-4.684999999999899,-0.009254373202846155,0.009254373202846155,1.0
4.6859999999999,-4.6859999999999,-0.009245128074771382,0.009245128074771382,1.0
4.6869999999999,-4.6869999999999,-0.009235892182588794,0.009235892182588794,1.0
4.6879999999999,-4.6879999999999,-0.009226665517071722,0.009226665517071722,1.0
4.688999999999901,-4.688999999999901,-0.00921744806900272,0.00921744806900272,1.0
4.689999999999901,-4.689999999999901,-0.009208239829173548,0.009208239829173548,1.0
4.690999999999901,-4.690999999999901,-0.009199040788385161,0.009199040788385161,1.0
4.691999999999902,-4.691999999999902,-0.009189850937447713,0.009189850937447713,1.0
4.692999999999902,-4.692999999999902,-0.009180670267180533,0.009180670267180533,1.0
4.693999999999902,-4.693999999999902,-0.009171498768412122,0.009171498768412122,1.0
4.694999999999903,-4.694999999999903,-0.009162336431980141,0.009162336431980141,1.0
4.695999999999903,-4.695999999999903,-0.009153183248731411,0.009153183248731411,1.0
4.696999999999903,-4.696999999999903,-0.009144039209521889,0.009144039209521889,1.0
4.697999999999904,-4.697999999999904,-0.009134904305216672,0.009134904305216672,1.0
4.698999999999904,-4.698999999999904,-0.009125778526689983,0.009125778526689983,1.0
4.699999999999904,-4.699999999999904,-0.009116661864825158,0.009116661864825158,1.0
4.700999999999905,-4.700999999999905,-0.009107554310514642,0.009107554310514642,1.0
4.701999999999905,-4.701999999999905,-0.009098455854659983,0.009098455854659983,1.0
4.702999999999905,-4.702999999999905,-0.009089366488171812,0.009089366488171812,1.0
4.703999999999906,-4.703999999999906,-0.009080286201969842,0.009080286201969842,1.0
4.704999999999906,-4.704999999999906,-0.00907121498698286,0.00907121498698286,1.0
4.705999999999906,-4.705999999999906,-0.00906215283414871,0.00906215283414871,1.0
4.706999999999907,-4.706999999999907,-0.009053099734414297,0.009053099734414297,1.0
4.707999999999907,-4.707999999999907,-0.009044055678735561,0.009044055678735561,1.0
4.708999999999907,-4.708999999999907,-0.009035020658077483,0.009035020658077483,1.0
4.709999999999908,-4.709999999999908,-0.00902599466341407,0.00902599466341407,1.0
4.710999999999908,-4.710999999999908,-0.00901697768572834,0.00901697768572834,1.0
4.711999999999908,-4.711999999999908,-0.009007969716012325,0.009007969716012325,1.0
4.712999999999909,-4.712999999999909,-0.008998970745267058,0.008998970745267058,1.0
4.713999999999909,-4.713999999999909,-0.008989980764502555,0.008989980764502555,1.0
4.714999999999909,-4.714999999999909,-0.008980999764737816,0.008980999764737816,1.0
4.71599999999991,-4.71599999999991,-0.008972027737000817,0.008972027737000817,1.0
4.71699999999991,-4.71699999999991,-0.008963064672328488,0.008963064672328488,1.0
4.71799999999991,-4.71799999999991,-0.008954110561766721,0.008954110561766721,1.0
4.718999999999911,-4.718999999999911,-0.00894516539637035,0.00894516539637035,1.0
4.719999999999911,-4.719999999999911,-0.008936229167203146,0.008936229167203146,1.0
4.720999999999911,-4.720999999999911,-0.008927301865337809,0.008927301865337809,1.0
4.721999999999912,-4.721999999999912,-0.008918383481855953,0.008918383481855953,1.0
4.722999999999912,-4.722999999999912,-0.008909474007848105,0.008909474007848105,1.0
4.723999999999912,-4.723999999999912,-0.008900573434413691,0.008900573434413691,1.0
4.724999999999913,-4.724999999999913,-0.00889168175266103,0.00889168175266103,1.0
4.725999999999913,-4.725999999999913,-0.008882798953707324,0.008882798953707324,1.0
4.726999999999913,-4.726999999999913,-0.008873925028678644,0.008873925028678644,1.0
4.727999999999914,-4.727999999999914,-0.008865059968709933,0.008865059968709933,1.0
4.728999999999914,-4.728999999999914,-0.00885620376494499,0.00885620376494499,1.0
4.729999999999914,-4.729999999999914,-0.008847356408536454,0.008847356408536454,1.0
4.730999999999915,-4.730999999999915,-0.008838517890645806,0.008838517890645806,1.0
4.731999999999915,-4.731999999999915,-0.008829688202443365,0.008829688202443365,1.0
4.732999999999915,-4.732999999999915,-0.008820867335108255,0.008820867335108255,1.0
4.733999999999916,-4.733999999999916,-0.008812055279828427,0.008812055279828427,1.0
4.734999999999916,-4.734999999999916,-0.008803252027800627,0.008803252027800627,1.0
4.735999999999916,-4.735999999999916,-0.008794457570230396,0.008794457570230396,1.0
4.736999999999917,-4.736999999999917,-0.008785671898332063,0.008785671898332063,1.0
4.737999999999917,-4.737999999999917,-0.008776895003328735,0.008776895003328735,1.0
4.738999999999917,-4.738999999999917,-0.008768126876452282,0.008768126876452282,1.0
4.739999999999918,-4.739999999999918,-0.008759367508943336,0.008759367508943336,1.0
4.740999999999918,-4.740999999999918,-0.008750616892051285,0.008750616892051285,1.0
4.741999999999918,-4.741999999999918,-0.00874187501703425,0.00874187501703425,1.0
4.742999999999919,-4.742999999999919,-0.008733141875159093,0.008733141875159093,1.0
4.743999999999919,-4.743999999999919,-0.00872441745770139,0.00872441745770139,1.0
4.744999999999919,-4.744999999999919,-0.008715701755945448,0.008715701755945448,1.0
4.74599999999992,-4.74599999999992,-0.008706994761184262,0.008706994761184262,1.0
4.74699999999992,-4.74699999999992,-0.008698296464719544,0.008698296464719544,1.0
4.74799999999992,-4.74799999999992,-0.008689606857861682,0.008689606857861682,1.0
4.748999999999921,-4.748999999999921,-0.008680925931929751,0.008680925931929751,1.0
4.749999999999921,-4.749999999999921,-0.0086722536782515,0.0086722536782515,1.0
4.750999999999921,-4.750999999999921,-0.008663590088163337,0.008663590088163337,1.0
4.751999999999922,-4.751999999999922,-0.008654935153010327,0.008654935153010327,1.0
4.752999999999922,-4.752999999999922,-0.008646288864146182,0.008646288864146182,1.0
4.753999999999922,-4.753999999999922,-0.008637651212933249,0.008637651212933249,1.0
4.754999999999923,-4.754999999999923,-0.008629022190742505,0.008629022190742505,1.0
4.755999999999923,-4.755999999999923,-0.008620401788953552,0.008620401788953552,1.0
4.756999999999923,-4.756999999999923,-0.008611789998954596,0.008611789998954596,1.0
4.757999999999924,-4.757999999999924,-0.008603186812142454,0.008603186812142454,1.0
4.758999999999924,-4.758999999999924,-0.008594592219922531,0.008594592219922531,1.0
4.759999999999924,-4.759999999999924,-0.008586006213708822,0.008586006213708822,1.0
4.760999999999925,-4.760999999999925,-0.008577428784923898,0.008577428784923898,1.0
4.761999999999925,-4.761999999999925,-0.0085688599249989,0.0085688599249989,1.0
4.762999999999925,-4.762999999999925,-0.008560299625373526,0.008560299625373526,1.0
4.763999999999926,-4.763999999999926,-0.008551747877496029,0.008551747877496029,1.0
4.764999999999926,-4.764999999999926,-0.008543204672823207,0.008543204672823207,1.0
4.765999999999926,-4.765999999999926,-0.008534670002820387,0.008534670002820387,1.0
4.766999999999927,-4.766999999999927,-0.008526143858961426,0.008526143858961426,1.0
4.767999999999927,-4.767999999999927,-0.008517626232728698,0.008517626232728698,1.0
4.768999999999927,-4.768999999999927,-0.008509117115613083,0.008509117115613083,1.0
4.769999999999928,-4.769999999999928,-0.008500616499113971,0.008500616499113971,1.0
4.770999999999928,-4.770999999999928,-0.008492124374739231,0.008492124374739231,1.0
4.771999999999928,-4.771999999999928,-0.008483640734005225,0.008483640734005225,1.0
4.772999999999929,-4.772999999999929,-0.008475165568436789,0.008475165568436789,1.0
4.773999999999929,-4.773999999999929,-0.00846669886956722,0.00846669886956722,1.0
4.774999999999929,-4.774999999999929,-0.00845824062893828,0.00845824062893828,1.0
4.77599999999993,-4.77599999999993,-0.00844979083810018,0.00844979083810018,1.0
4.77699999999993,-4.77699999999993,-0.008441349488611569,0.008441349488611569,1.0
4.77799999999993,-4.77799999999993,-0.00843291657203953,0.00843291657203953,1.0
4.778999999999931,-4.778999999999931,-0.00842449207995957,0.00842449207995957,1.0
4.779999999999931,-4.779999999999931,-0.008416076003955615,0.008416076003955615,1.0
4.780999999999931,-4.780999999999931,-0.008407668335619995,0.008407668335619995,1.0
4.781999999999932,-4.781999999999932,-0.008399269066553442,0.008399269066553442,1.0
4.782999999999932,-4.782999999999932,-0.008390878188365078,0.008390878188365078,1.0
4.783999999999932,-4.783999999999932,-0.008382495692672406,0.008382495692672406,1.0
4.784999999999933,-4.784999999999933,-0.008374121571101303,0.008374121571101303,1.0
4.785999999999933,-4.785999999999933,-0.008365755815286017,0.008365755815286017,1.0
4.786999999999933,-4.786999999999933,-0.008357398416869149,0.008357398416869149,1.0
4.787999999999934,-4.787999999999934,-0.008349049367501648,0.008349049367501648,1.0
4.788999999999934,-4.788999999999934,-0.008340708658842805,0.008340708658842805,1.0
4.789999999999934,-4.789999999999934,-0.008332376282560245,0.008332376282560245,1.0
4.790999999999935,-4.790999999999935,-0.008324052230329913,0.008324052230329913,1.0
4.791999999999935,-4.791999999999935,-0.008315736493836079,0.008315736493836079,1.0
4.792999999999935,-4.792999999999935,-0.008307429064771306,0.008307429064771306,1.0
4.793999999999936,-4.793999999999936,-0.008299129934836471,0.008299129934836471,1.0
4.794999999999936,-4.794999999999936,-0.00829083909574073,0.00829083909574073,1.0
4.795999999999936,-4.795999999999936,-0.008282556539201529,0.008282556539201529,1.0
4.796999999999937,-4.796999999999937,-0.008274282256944583,0.008274282256944583,1.0
4.797999999999937,-4.797999999999937,-0.00826601624070388,0.00826601624070388,1.0
4.798999999999937,-4.798999999999937,-0.008257758482221659,0.008257758482221659,1.0
4.799999999999938,-4.799999999999938,-0.00824950897324841,0.00824950897324841,1.0
4.800999999999938,-4.800999999999938,-0.008241267705542867,0.008241267705542867,1.0
4.801999999999938,-4.801999999999938,-0.008233034670871995,0.008233034670871995,1.0
4.802999999999939,-4.802999999999939,-0.008224809861010984,0.008224809861010984,1.0
4.803999999999939,-4.803999999999939,-0.008216593267743242,0.008216593267743242,1.0
4.804999999999939,-4.804999999999939,-0.008208384882860381,0.008208384882860381,1.0
4.80599999999994,-4.80599999999994,-0.008200184698162218,0.008200184698162218,1.0
4.80699999999994,-4.80699999999994,-0.00819199270545676,0.00819199270545676,1.0
4.80799999999994,-4.80799999999994,-0.0081838088965602,0.0081838088965602,1.0
4.808999999999941,-4.808999999999941,-0.008175633263296903,0.008175633263296903,1.0
4.809999999999941,-4.809999999999941,-0.008167465797499404,0.008167465797499404,1.0
4.810999999999941,-4.810999999999941,-0.008159306491008397,0.008159306491008397,1.0
4.811999999999942,-4.811999999999942,-0.008151155335672724,0.008151155335672724,1.0
4.812999999999942,-4.812999999999942,-0.008143012323349373,0.008143012323349373,1.0
4.813999999999942,-4.813999999999942,-0.00813487744590347,0.00813487744590347,1.0
4.814999999999943,-4.814999999999943,-0.008126750695208261,0.008126750695208261,1.0
4.815999999999943,-4.815999999999943,-0.008118632063145116,0.008118632063145116,1.0
4.816999999999943,-4.816999999999943,-0.008110521541603515,0.008110521541603515,1.0
4.817999999999944,-4.817999999999944,-0.008102419122481034,0.008102419122481034,1.0
4.818999999999944,-4.818999999999944,-0.00809432479768335,0.00809432479768335,1.0
4.819999999999944,-4.819999999999944,-0.008086238559124225,0.008086238559124225,1.0
4.820999999999945,-4.820999999999945,-0.008078160398725501,0.008078160398725501,1.0
4.821999999999945,-4.821999999999945,-0.008070090308417084,0.008070090308417084,1.0
4.822999999999945,-4.822999999999945,-0.008062028280136947,0.008062028280136947,1.0
4.823999999999946,-4.823999999999946,-0.008053974305831116,0.008053974305831116,1.0
4.824999999999946,-4.824999999999946,-0.008045928377453663,0.008045928377453663,1.0
4.825999999999946,-4.825999999999946,-0.008037890486966697,0.008037890486966697,1.0
4.826999999999947,-4.826999999999947,-0.008029860626340356,0.008029860626340356,1.0
4.827999999999947,-4.827999999999947,-0.008021838787552804,0.008021838787552804,1.0
4.828999999999947,-4.828999999999947,-0.008013824962590213,0.008013824962590213,1.0
4.829999999999948,-4.829999999999948,-0.008005819143446766,0.008005819143446766,1.0
4.830999999999948,-4.830999999999948,-0.00799782132212464,0.00799782132212464,1.0
4.831999999999948,-4.831999999999948,-0.007989831490634007,0.007989831490634007,1.0
4.832999999999949,-4.832999999999949,-0.007981849640993013,0.007981849640993013,1.0
4.833999999999949,-4.833999999999949,-0.007973875765227786,0.007973875765227786,1.0
4.834999999999949,-4.834999999999949,-0.007965909855372415,0.007965909855372415,1.0
4.83599999999995,-4.83599999999995,-0.007957951903468947,0.007957951903468947,1.0
4.83699999999995,-4.83699999999995,-0.00795000190156738,0.00795000190156738,1.0
4.83799999999995,-4.83799999999995,-0.007942059841725654,0.007942059841725654,1.0
4.838999999999951,-4.838999999999951,-0.007934125716009642,0.007934125716009642,1.0
4.839999999999951,-4.839999999999951,-0.00792619951649315,0.00792619951649315,1.0
4.840999999999951,-4.840999999999951,-0.007918281235257892,0.007918281235257892,1.0
4.841999999999952,-4.841999999999952,-0.007910370864393498,0.007910370864393498,1.0
4.842999999999952,-4.842999999999952,-0.0079024683959975,0.0079024683959975,1.0
4.843999999999952,-4.843999999999952,-0.007894573822175325,0.007894573822175325,1.0
4.844999999999953,-4.844999999999953,-0.007886687135040284,0.007886687135040284,1.0
4.845999999999953,-4.845999999999953,-0.00787880832671357,0.00787880832671357,1.0
4.846999999999953,-4.846999999999953,-0.007870937389324246,0.007870937389324246,1.0
4.847999999999954,-4.847999999999954,-0.007863074315009237,0.007863074315009237,1.0
4.848999999999954,-4.848999999999954,-0.007855219095913323,0.007855219095913323,1.0
4.849999999999954,-4.849999999999954,-0.007847371724189135,0.007847371724189135,1.0
4.850999999999955,-4.850999999999955,-0.007839532191997138,0.007839532191997138,1.0
4.851999999999955,-4.851999999999955,-0.007831700491505632,0.007831700491505632,1.0
4.852999999999955,-4.852999999999955,-0.007823876614890741,0.007823876614890741,1.0
4.853999999999956,-4.853999999999956,-0.007816060554336405,0.007816060554336405,1.0
4.854999999999956,-4.854999999999956,-0.0078082523020343705,0.0078082523020343705,1.0
4.855999999999956,-4.855999999999956,-0.007800451850184187,0.007800451850184187,1.0
4.856999999999957,-4.856999999999957,-0.007792659190993193,0.007792659190993193,1.0
4.857999999999957,-4.857999999999957,-0.007784874316676516,0.007784874316676516,1.0
4.858999999999957,-4.858999999999957,-0.0077770972194570595,0.0077770972194570595,1.0
4.859999999999958,-4.859999999999958,-0.007769327891565493,0.007769327891565493,1.0
4.860999999999958,-4.860999999999958,-0.007761566325240253,0.007761566325240253,1.0
4.861999999999958,-4.861999999999958,-0.007753812512727525,0.007753812512727525,1.0
4.862999999999959,-4.862999999999959,-0.007746066446281244,0.007746066446281244,1.0
4.863999999999959,-4.863999999999959,-0.00773832811816308,0.00773832811816308,1.0
4.864999999999959,-4.864999999999959,-0.007730597520642437,0.007730597520642437,1.0
4.86599999999996,-4.86599999999996,-0.007722874645996441,0.007722874645996441,1.0
4.86699999999996,-4.86699999999996,-0.007715159486509931,0.007715159486509931,1.0
4.86799999999996,-4.86799999999996,-0.0077074520344754555,0.0077074520344754555,1.0
4.868999999999961,-4.868999999999961,-0.0076997522821932625,0.0076997522821932625,1.0
4.869999999999961,-4.869999999999961,-0.007692060221971292,0.007692060221971292,1.0
4.870999999999961,-4.870999999999961,-0.007684375846125166,0.007684375846125166,1.0
4.871999999999962,-4.871999999999962,-0.007676699146978188,0.007676699146978188,1.0
4.872999999999962,-4.872999999999962,-0.0076690301168613265,0.0076690301168613265,1.0
4.873999999999962,-4.873999999999962,-0.007661368748113213,0.007661368748113213,1.0
4.874999999999963,-4.874999999999963,-0.0076537150330801326,0.0076537150330801326,1.0
4.875999999999963,-4.875999999999963,-0.007646068964116016,0.007646068964116016,1.0
4.876999999999963,-4.876999999999963,-0.007638430533582433,0.007638430533582433,1.0
4.877999999999964,-4.877999999999964,-0.007630799733848585,0.007630799733848585,1.0
4.878999999999964,-4.878999999999964,-0.007623176557291294,0.007623176557291294,1.0
4.879999999999964,-4.879999999999964,-0.007615560996294998,0.007615560996294998,1.0
4.880999999999965,-4.880999999999965,-0.007607953043251747,0.007607953043251747,1.0
4.881999999999965,-4.881999999999965,-0.007600352690561186,0.007600352690561186,1.0
4.882999999999965,-4.882999999999965,-0.007592759930630555,0.007592759930630555,1.0
4.883999999999966,-4.883999999999966,-0.00758517475587468,0.00758517475587468,1.0
4.884999999999966,-4.884999999999966,-0.007577597158715963,0.007577597158715963,1.0
4.885999999999966,-4.885999999999966,-0.00757002713158438,0.00757002713158438,1.0
4.886999999999967,-4.886999999999967,-0.007562464666917462,0.007562464666917462,1.0
4.887999999999967,-4.887999999999967,-0.007554909757160301,0.007554909757160301,1.0
4.888999999999967,-4.888999999999967,-0.0075473623947655355,0.0075473623947655355,1.0
4.889999999999968,-4.889999999999968,-0.007539822572193343,0.007539822572193343,1.0
4.890999999999968,-4.890999999999968,-0.007532290281911431,0.007532290281911431,1.0
4.891999999999968,-4.891999999999968,-0.007524765516395037,0.007524765516395037,1.0
4.892999999999969,-4.892999999999969,-0.007517248268126909,0.007517248268126909,1.0
4.893999999999969,-4.893999999999969,-0.007509738529597312,0.007509738529597312,1.0
4.894999999999969,-4.894999999999969,-0.0075022362933040085,0.0075022362933040085,1.0
4.89599999999997,-4.89599999999997,-0.007494741551752257,0.007494741551752257,1.0
4.89699999999997,-4.89699999999997,-0.007487254297454802,0.007487254297454802,1.0
4.89799999999997,-4.89799999999997,-0.00747977452293187,0.00747977452293187,1.0
4.898999999999971,-4.898999999999971,-0.007472302220711159,0.007472302220711159,1.0
4.899999999999971,-4.899999999999971,-0.007464837383327831,0.007464837383327831,1.0
4.900999999999971,-4.900999999999971,-0.007457380003324506,0.007457380003324506,1.0
4.901999999999972,-4.901999999999972,-0.0074499300732512545,0.0074499300732512545,1.0
4.902999999999972,-4.902999999999972,-0.007442487585665589,0.007442487585665589,1.0
4.903999999999972,-4.903999999999972,-0.007435052533132457,0.007435052533132457,1.0
4.904999999999973,-4.904999999999973,-0.007427624908224232,0.007427624908224232,1.0
4.905999999999973,-4.905999999999973,-0.007420204703520711,0.007420204703520711,1.0
4.906999999999973,-4.906999999999973,-0.007412791911609102,0.007412791911609102,1.0
4.907999999999974,-4.907999999999974,-0.007405386525084018,0.007405386525084018,1.0
4.908999999999974,-4.908999999999974,-0.007397988536547471,0.007397988536547471,1.0
4.909999999999974,-4.909999999999974,-0.007390597938608862,0.007390597938608862,1.0
4.910999999999975,-4.910999999999975,-0.007383214723884977,0.007383214723884977,1.0
4.911999999999975,-4.911999999999975,-0.007375838884999977,0.007375838884999977,1.0
4.912999999999975,-4.912999999999975,-0.007368470414585392,0.007368470414585392,1.0
4.913999999999976,-4.913999999999976,-0.007361109305280112,0.007361109305280112,1.0
4.914999999999976,-4.914999999999976,-0.007353755549730383,0.007353755549730383,1.0
4.915999999999976,-4.915999999999976,-0.007346409140589792,0.007346409140589792,1.0
4.916999999999977,-4.916999999999977,-0.007339070070519273,0.007339070070519273,1.0
4.917999999999977,-4.917999999999977,-0.007331738332187086,0.007331738332187086,1.0
4.918999999999977,-4.918999999999977,-0.007324413918268818,0.007324413918268818,1.0
4.919999999999978,-4.919999999999978,-0.0073170968214473706,0.0073170968214473706,1.0
4.920999999999978,-4.920999999999978,-0.007309787034412958,0.007309787034412958,1.0
4.921999999999978,-4.921999999999978,-0.007302484549863094,0.007302484549863094,1.0
4.922999999999979,-4.922999999999979,-0.007295189360502591,0.007295189360502591,1.0
4.923999999999979,-4.923999999999979,-0.007287901459043547,0.007287901459043547,1.0
4.924999999999979,-4.924999999999979,-0.007280620838205342,0.007280620838205342,1.0
4.92599999999998,-4.92599999999998,-0.007273347490714627,0.007273347490714627,1.0
4.92699999999998,-4.92699999999998,-0.007266081409305322,0.007266081409305322,1.0
4.92799999999998,-4.92799999999998,-0.007258822586718604,0.007258822586718604,1.0
4.928999999999981,-4.928999999999981,-0.007251571015702902,0.007251571015702902,1.0
4.929999999999981,-4.929999999999981,-0.007244326689013887,0.007244326689013887,1.0
4.930999999999981,-4.930999999999981,-0.007237089599414472,0.007237089599414472,1.0
4.931999999999982,-4.931999999999982,-0.007229859739674798,0.007229859739674798,1.0
4.932999999999982,-4.932999999999982,-0.0072226371025722255,0.0072226371025722255,1.0
4.933999999999982,-4.933999999999982,-0.007215421680891333,0.007215421680891333,1.0
4.934999999999983,-4.934999999999983,-0.007208213467423909,0.007208213467423909,1.0
4.935999999999983,-4.935999999999983,-0.00720101245496894,0.00720101245496894,1.0
4.936999999999983,-4.936999999999983,-0.007193818636332607,0.007193818636332607,1.0
4.937999999999984,-4.937999999999984,-0.007186632004328279,0.007186632004328279,1.0
4.938999999999984,-4.938999999999984,-0.007179452551776502,0.007179452551776502,1.0
4.939999999999984,-4.939999999999984,-0.007172280271504997,0.007172280271504997,1.0
4.940999999999985,-4.940999999999985,-0.007165115156348648,0.007165115156348648,1.0
4.941999999999985,-4.941999999999985,-0.0071579571991494985,0.0071579571991494985,1.0
4.942999999999985,-4.942999999999985,-0.007150806392756741,0.007150806392756741,1.0
4.943999999999986,-4.943999999999986,-0.007143662730026715,0.007143662730026715,1.0
4.944999999999986,-4.944999999999986,-0.007136526203822892,0.007136526203822892,1.0
4.945999999999986,-4.945999999999986,-0.0071293968070158765,0.0071293968070158765,1.0
4.946999999999987,-4.946999999999987,-0.007122274532483394,0.007122274532483394,1.0
4.947999999999987,-4.947999999999987,-0.007115159373110283,0.007115159373110283,1.0
4.948999999999987,-4.948999999999987,-0.007108051321788495,0.007108051321788495,1.0
4.949999999999988,-4.949999999999988,-0.0071009503714170785,0.0071009503714170785,1.0
4.950999999999988,-4.950999999999988,-0.0070938565149021755,0.0070938565149021755,1.0
4.951999999999988,-4.951999999999988,-0.007086769745157018,0.007086769745157018,1.0
4.952999999999989,-4.952999999999989,-0.007079690055101916,0.007079690055101916,1.0
4.953999999999989,-4.953999999999989,-0.007072617437664253,0.007072617437664253,1.0
4.954999999999989,-4.954999999999989,-0.007065551885778474,0.007065551885778474,1.0
4.95599999999999,-4.95599999999999,-0.007058493392386087,0.007058493392386087,1.0
4.95699999999999,-4.95699999999999,-0.0070514419504356515,0.0070514419504356515,1.0
4.95799999999999,-4.95799999999999,-0.007044397552882768,0.007044397552882768,1.0
4.958999999999991,-4.958999999999991,-0.007037360192690078,0.007037360192690078,1.0
4.959999999999991,-4.959999999999991,-0.007030329862827251,0.007030329862827251,1.0
4.960999999999991,-4.960999999999991,-0.00702330655627098,0.00702330655627098,1.0
4.961999999999992,-4.961999999999992,-0.007016290266004975,0.007016290266004975,1.0
4.962999999999992,-4.962999999999992,-0.007009280985019954,0.007009280985019954,1.0
4.963999999999992,-4.963999999999992,-0.007002278706313641,0.007002278706313641,1.0
4.964999999999993,-4.964999999999993,-0.00699528342289075,0.00699528342289075,1.0
4.965999999999993,-4.965999999999993,-0.006988295127762987,0.006988295127762987,1.0
4.966999999999993,-4.966999999999993,-0.006981313813949038,0.006981313813949038,1.0
4.967999999999994,-4.967999999999994,-0.006974339474474563,0.006974339474474563,1.0
4.968999999999994,-4.968999999999994,-0.006967372102372192,0.006967372102372192,1.0
4.969999999999994,-4.969999999999994,-0.006960411690681509,0.006960411690681509,1.0
4.970999999999995,-4.970999999999995,-0.006953458232449061,0.006953458232449061,1.0
4.971999999999995,-4.971999999999995,-0.006946511720728332,0.006946511720728332,1.0
4.972999999999995,-4.972999999999995,-0.006939572148579752,0.006939572148579752,1.0
4.973999999999996,-4.973999999999996,-0.006932639509070682,0.006932639509070682,1.0
4.974999999999996,-4.974999999999996,-0.006925713795275408,0.006925713795275408,1.0
4.975999999999996,-4.975999999999996,-0.0069187950002751325,0.0069187950002751325,1.0
4.976999999999997,-4.976999999999997,-0.006911883117157974,0.006911883117157974,1.0
4.977999999999997,-4.977999999999997,-0.006904978139018955,0.006904978139018955,1.0
4.978999999999997,-4.978999999999997,-0.006898080058959996,0.006898080058959996,1.0
4.979999999999998,-4.979999999999998,-0.006891188870089906,0.006891188870089906,1.0
4.980999999999998,-4.980999999999998,-0.006884304565524382,0.006884304565524382,1.0
4.981999999999998,-4.981999999999998,-0.0068774271383859956,0.0068774271383859956,1.0
4.982999999999999,-4.982999999999999,-0.006870556581804192,0.006870556581804192,1.0
4.983999999999999,-4.983999999999999,-0.006863692888915276,0.006863692888915276,1.0
4.984999999999999,-4.984999999999999,-0.006856836052862415,0.006856836052862415,1.0
4.986,-4.986,-0.006849986066795618,0.006849986066795618,1.0
4.987,-4.987,-0.0068431429238717464,0.0068431429238717464,1.0
4.988,-4.988,-0.006836306617254492,0.006836306617254492,1.0
4.989000000000001,-4.989000000000001,-0.006829477140114376,0.006829477140114376,1.0
4.990000000000001,-4.990000000000001,-0.006822654485628747,0.006822654485628747,1.0
4.991000000000001,-4.991000000000001,-0.006815838646981765,0.006815838646981765,1.0
4.992000000000002,-4.992000000000002,-0.0068090296173644,0.0068090296173644,1.0
4.993000000000002,-4.993000000000002,-0.006802227389974426,0.006802227389974426,1.0
4.994000000000002,-4.994000000000002,-0.0067954319580164095,0.0067954319580164095,1.0
4.995000000000003,-4.995000000000003,-0.006788643314701708,0.006788643314701708,1.0
4.996000000000003,-4.996000000000003,-0.00678186145324846,0.00678186145324846,1.0
4.997000000000003,-4.997000000000003,-0.0067750863668815785,0.0067750863668815785,1.0
4.998000000000004,-4.998000000000004,-0.006768318048832746,0.006768318048832746,1.0
4.999000000000004,-4.999000000000004,-0.006761556492340406,0.006761556492340406,1.0
5.000000000000004,-5.000000000000004,-0.0067548016906497565,0.0067548016906497565,1.0
5.001000000000005,-5.001000000000005,-0.006748053637012743,0.006748053637012743,1.0
5.002000000000005,-5.002000000000005,-0.006741312324688055,0.006741312324688055,1.0
5.003000000000005,-5.003000000000005,-0.006734577746941114,0.006734577746941114,1.0
5.004000000000006,-5.004000000000006,-0.006727849897044069,0.006727849897044069,1.0
5.005000000000006,-5.005000000000006,-0.0067211287682757935,0.0067211287682757935,1.0
5.0060000000000064,-5.0060000000000064,-0.006714414353921871,0.006714414353921871,1.0
5.007000000000007,-5.007000000000007,-0.0067077066472745975,0.0067077066472745975,1.0
5.008000000000007,-5.008000000000007,-0.006701005641632964,0.006701005641632964,1.0
5.0090000000000074,-5.0090000000000074,-0.006694311330302661,0.006694311330302661,1.0
5.010000000000008,-5.010000000000008,-0.006687623706596066,0.006687623706596066,1.0
5.011000000000008,-5.011000000000008,-0.006680942763832233,0.006680942763832233,1.0
5.0120000000000084,-5.0120000000000084,-0.006674268495336896,0.006674268495336896,1.0
5.013000000000009,-5.013000000000009,-0.006667600894442453,0.006667600894442453,1.0
5.014000000000009,-5.014000000000009,-0.0066609399544879655,0.0066609399544879655,1.0
5.0150000000000095,-5.0150000000000095,-0.006654285668819147,0.006654285668819147,1.0
5.01600000000001,-5.01600000000001,-0.006647638030788358,0.006647638030788358,1.0
5.01700000000001,-5.01700000000001,-0.006640997033754604,0.006640997033754604,1.0
5.0180000000000105,-5.0180000000000105,-0.006634362671083521,0.006634362671083521,1.0
5.019000000000011,-5.019000000000011,-0.006627734936147374,0.006627734936147374,1.0
5.020000000000011,-5.020000000000011,-0.006621113822325049,0.006621113822325049,1.0
5.0210000000000115,-5.0210000000000115,-0.006614499323002047,0.006614499323002047,1.0
5.022000000000012,-5.022000000000012,-0.006607891431570476,0.006607891431570476,1.0
5.023000000000012,-5.023000000000012,-0.006601290141429047,0.006601290141429047,1.0
5.0240000000000125,-5.0240000000000125,-0.006594695445983064,0.006594695445983064,1.0
5.025000000000013,-5.025000000000013,-0.00658810733864442,0.00658810733864442,1.0
5.026000000000013,-5.026000000000013,-0.006581525812831589,0.006581525812831589,1.0
5.0270000000000135,-5.0270000000000135,-0.0065749508619696185,0.0065749508619696185,1.0
5.028000000000014,-5.028000000000014,-0.006568382479490128,0.006568382479490128,1.0
5.029000000000014,-5.029000000000014,-0.006561820658831298,0.006561820658831298,1.0
5.0300000000000145,-5.0300000000000145,-0.006555265393437861,0.006555265393437861,1.0
5.031000000000015,-5.031000000000015,-0.006548716676761099,0.006548716676761099,1.0
5.032000000000015,-5.032000000000015,-0.00654217450225884,0.00654217450225884,1.0
5.0330000000000155,-5.0330000000000155,-0.006535638863395444,0.006535638863395444,1.0
5.034000000000016,-5.034000000000016,-0.006529109753641802,0.006529109753641802,1.0
5.035000000000016,-5.035000000000016,-0.006522587166475327,0.006522587166475327,1.0
5.0360000000000165,-5.0360000000000165,-0.006516071095379947,0.006516071095379947,1.0
5.037000000000017,-5.037000000000017,-0.006509561533846101,0.006509561533846101,1.0
5.038000000000017,-5.038000000000017,-0.00650305847537073,0.00650305847537073,1.0
5.0390000000000175,-5.0390000000000175,-0.006496561913457272,0.006496561913457272,1.0
5.040000000000018,-5.040000000000018,-0.0064900718416156565,0.0064900718416156565,1.0
5.041000000000018,-5.041000000000018,-0.006483588253362294,0.006483588253362294,1.0
5.0420000000000185,-5.0420000000000185,-0.006477111142220074,0.006477111142220074,1.0
5.043000000000019,-5.043000000000019,-0.006470640501718356,0.006470640501718356,1.0
5.044000000000019,-5.044000000000019,-0.006464176325392962,0.006464176325392962,1.0
5.0450000000000195,-5.0450000000000195,-0.0064577186067861754,0.0064577186067861754,1.0
5.04600000000002,-5.04600000000002,-0.0064512673394467295,0.0064512673394467295,1.0
5.04700000000002,-5.04700000000002,-0.0064448225169297995,0.0064448225169297995,1.0
5.0480000000000205,-5.0480000000000205,-0.006438384132797003,0.006438384132797003,1.0
5.049000000000021,-5.049000000000021,-0.006431952180616386,0.006431952180616386,1.0
5.050000000000021,-5.050000000000021,-0.006425526653962424,0.006425526653962424,1.0
5.0510000000000215,-5.0510000000000215,-0.006419107546416008,0.006419107546416008,1.0
5.052000000000022,-5.052000000000022,-0.006412694851564445,0.006412694851564445,1.0
5.053000000000022,-5.053000000000022,-0.006406288563001443,0.006406288563001443,1.0
5.0540000000000225,-5.0540000000000225,-0.006399888674327115,0.006399888674327115,1.0
5.055000000000023,-5.055000000000023,-0.006393495179147966,0.006393495179147966,1.0
5.056000000000023,-5.056000000000023,-0.006387108071076891,0.006387108071076891,1.0
5.0570000000000235,-5.0570000000000235,-0.006380727343733157,0.006380727343733157,1.0
5.058000000000024,-5.058000000000024,-0.006374352990742415,0.006374352990742415,1.0
5.059000000000024,-5.059000000000024,-0.006367985005736677,0.006367985005736677,1.0
5.0600000000000245,-5.0600000000000245,-0.006361623382354323,0.006361623382354323,1.0
5.061000000000025,-5.061000000000025,-0.0063552681142400825,0.0063552681142400825,1.0
5.062000000000025,-5.062000000000025,-0.006348919195045037,0.006348919195045037,1.0
5.0630000000000255,-5.0630000000000255,-0.006342576618426612,0.006342576618426612,1.0
5.064000000000026,-5.064000000000026,-0.006336240378048563,0.006336240378048563,1.0
5.065000000000026,-5.065000000000026,-0.006329910467580981,0.006329910467580981,1.0
5.0660000000000265,-5.0660000000000265,-0.006323586880700281,0.006323586880700281,1.0
5.067000000000027,-5.067000000000027,-0.006317269611089193,0.006317269611089193,1.0
5.068000000000027,-5.068000000000027,-0.006310958652436756,0.006310958652436756,1.0
5.0690000000000275,-5.0690000000000275,-0.006304653998438318,0.006304653998438318,1.0
5.070000000000028,-5.070000000000028,-0.006298355642795523,0.006298355642795523,1.0
5.071000000000028,-5.071000000000028,-0.006292063579216307,0.006292063579216307,1.0
5.0720000000000285,-5.0720000000000285,-0.006285777801414891,0.006285777801414891,1.0
5.073000000000029,-5.073000000000029,-0.00627949830311178,0.00627949830311178,1.0
5.074000000000029,-5.074000000000029,-0.0062732250780337465,0.0062732250780337465,1.0
5.0750000000000295,-5.0750000000000295,-0.006266958119913834,0.006266958119913834,1.0
5.07600000000003,-5.07600000000003,-0.006260697422491341,0.006260697422491341,1.0
5.07700000000003,-5.07700000000003,-0.006254442979511831,0.006254442979511831,1.0
5.0780000000000305,-5.0780000000000305,-0.006248194784727104,0.006248194784727104,1.0
5.079000000000031,-5.079000000000031,-0.006241952831895208,0.006241952831895208,1.0
5.080000000000031,-5.080000000000031,-0.006235717114780428,0.006235717114780428,1.0
5.0810000000000315,-5.0810000000000315,-0.006229487627153275,0.006229487627153275,1.0
5.082000000000032,-5.082000000000032,-0.006223264362790485,0.006223264362790485,1.0
5.083000000000032,-5.083000000000032,-0.00621704731547501,0.00621704731547501,1.0
5.0840000000000325,-5.0840000000000325,-0.006210836478996015,0.006210836478996015,1.0
5.085000000000033,-5.085000000000033,-0.006204631847148865,0.006204631847148865,1.0
5.086000000000033,-5.086000000000033,-0.00619843341373513,0.00619843341373513,1.0
5.0870000000000335,-5.0870000000000335,-0.006192241172562567,0.006192241172562567,1.0
5.088000000000034,-5.088000000000034,-0.006186055117445123,0.006186055117445123,1.0
5.089000000000034,-5.089000000000034,-0.0061798752422029205,0.0061798752422029205,1.0
5.0900000000000345,-5.0900000000000345,-0.006173701540662257,0.006173701540662257,1.0
5.091000000000035,-5.091000000000035,-0.006167534006655602,0.006167534006655602,1.0
5.092000000000035,-5.092000000000035,-0.00616137263402158,0.00616137263402158,1.0
5.0930000000000355,-5.0930000000000355,-0.0061552174166049755,0.0061552174166049755,1.0
5.094000000000036,-5.094000000000036,-0.006149068348256719,0.006149068348256719,1.0
5.095000000000036,-5.095000000000036,-0.0061429254228338856,0.0061429254228338856,1.0
5.0960000000000365,-5.0960000000000365,-0.006136788634199685,0.006136788634199685,1.0
5.097000000000037,-5.097000000000037,-0.006130657976223462,0.006130657976223462,1.0
5.098000000000037,-5.098000000000037,-0.006124533442780682,0.006124533442780682,1.0
5.0990000000000375,-5.0990000000000375,-0.00611841502775293,0.00611841502775293,1.0
5.100000000000038,-5.100000000000038,-0.006112302725027901,0.006112302725027901,1.0
5.101000000000038,-5.101000000000038,-0.006106196528499402,0.006106196528499402,1.0
5.1020000000000385,-5.1020000000000385,-0.006100096432067335,0.006100096432067335,1.0
5.103000000000039,-5.103000000000039,-0.006094002429637696,0.006094002429637696,1.0
5.104000000000039,-5.104000000000039,-0.006087914515122575,0.006087914515122575,1.0
5.1050000000000395,-5.1050000000000395,-0.0060818326824401345,0.0060818326824401345,1.0
5.10600000000004,-5.10600000000004,-0.00607575692551462,0.00607575692551462,1.0
5.10700000000004,-5.10700000000004,-0.006069687238276343,0.006069687238276343,1.0
5.1080000000000405,-5.1080000000000405,-0.006063623614661681,0.006063623614661681,1.0
5.109000000000041,-5.109000000000041,-0.006057566048613068,0.006057566048613068,1.0
5.110000000000041,-5.110000000000041,-0.006051514534078989,0.006051514534078989,1.0
5.1110000000000415,-5.1110000000000415,-0.006045469065013976,0.006045469065013976,1.0
5.112000000000042,-5.112000000000042,-0.006039429635378597,0.006039429635378597,1.0
5.113000000000042,-5.113000000000042,-0.006033396239139457,0.006033396239139457,1.0
5.1140000000000425,-5.1140000000000425,-0.006027368870269188,0.006027368870269188,1.0
5.115000000000043,-5.115000000000043,-0.006021347522746442,0.006021347522746442,1.0
5.116000000000043,-5.116000000000043,-0.006015332190555887,0.006015332190555887,1.0
5.1170000000000435,-5.1170000000000435,-0.006009322867688198,0.006009322867688198,1.0
5.118000000000044,-5.118000000000044,-0.0060033195481400585,0.0060033195481400585,1.0
5.119000000000044,-5.119000000000044,-0.005997322225914144,0.005997322225914144,1.0
5.1200000000000445,-5.1200000000000445,-0.005991330895019126,0.005991330895019126,1.0
5.121000000000045,-5.121000000000045,-0.005985345549469656,0.005985345549469656,1.0
5.122000000000045,-5.122000000000045,-0.0059793661832863694,0.0059793661832863694,1.0
5.1230000000000455,-5.1230000000000455,-0.005973392790495874,0.005973392790495874,1.0
5.124000000000046,-5.124000000000046,-0.0059674253651307435,0.0059674253651307435,1.0
5.125000000000046,-5.125000000000046,-0.005961463901229515,0.005961463901229515,1.0
5.1260000000000465,-5.1260000000000465,-0.005955508392836678,0.005955508392836678,1.0
5.127000000000047,-5.127000000000047,-0.005949558834002675,0.005949558834002675,1.0
5.128000000000047,-5.128000000000047,-0.0059436152187838905,0.0059436152187838905,1.0
5.1290000000000475,-5.1290000000000475,-0.005937677541242648,0.005937677541242648,1.0
5.130000000000048,-5.130000000000048,-0.005931745795447202,0.005931745795447202,1.0
5.131000000000048,-5.131000000000048,-0.005925819975471729,0.005925819975471729,1.0
5.1320000000000485,-5.1320000000000485,-0.005919900075396333,0.005919900075396333,1.0
5.133000000000049,-5.133000000000049,-0.005913986089307026,0.005913986089307026,1.0
5.134000000000049,-5.134000000000049,-0.005908078011295731,0.005908078011295731,1.0
5.1350000000000495,-5.1350000000000495,-0.00590217583546027,0.00590217583546027,1.0
5.13600000000005,-5.13600000000005,-0.005896279555904366,0.005896279555904366,1.0
5.13700000000005,-5.13700000000005,-0.005890389166737629,0.005890389166737629,1.0
5.1380000000000505,-5.1380000000000505,-0.005884504662075554,0.005884504662075554,1.0
5.139000000000051,-5.139000000000051,-0.005878626036039515,0.005878626036039515,1.0
5.140000000000051,-5.140000000000051,-0.005872753282756758,0.005872753282756758,1.0
5.1410000000000515,-5.1410000000000515,-0.005866886396360397,0.005866886396360397,1.0
5.142000000000052,-5.142000000000052,-0.005861025370989407,0.005861025370989407,1.0
5.143000000000052,-5.143000000000052,-0.005855170200788618,0.005855170200788618,1.0
5.1440000000000525,-5.1440000000000525,-0.005849320879908709,0.005849320879908709,1.0
5.145000000000053,-5.145000000000053,-0.0058434774025062025,0.0058434774025062025,1.0
5.146000000000053,-5.146000000000053,-0.005837639762743458,0.005837639762743458,1.0
5.1470000000000535,-5.1470000000000535,-0.00583180795478867,0.00583180795478867,1.0
5.148000000000054,-5.148000000000054,-0.005825981972815854,0.005825981972815854,1.0
5.149000000000054,-5.149000000000054,-0.005820161811004849,0.005820161811004849,1.0
5.1500000000000545,-5.1500000000000545,-0.005814347463541307,0.005814347463541307,1.0
5.151000000000055,-5.151000000000055,-0.005808538924616691,0.005808538924616691,1.0
5.152000000000055,-5.152000000000055,-0.005802736188428262,0.005802736188428262,1.0
5.1530000000000555,-5.1530000000000555,-0.005796939249179083,0.005796939249179083,1.0
5.154000000000056,-5.154000000000056,-0.005791148101078004,0.005791148101078004,1.0
5.155000000000056,-5.155000000000056,-0.005785362738339665,0.005785362738339665,1.0
5.1560000000000565,-5.1560000000000565,-0.00577958315518448,0.00577958315518448,1.0
5.157000000000057,-5.157000000000057,-0.005773809345838642,0.005773809345838642,1.0
5.158000000000057,-5.158000000000057,-0.005768041304534107,0.005768041304534107,1.0
5.1590000000000575,-5.1590000000000575,-0.005762279025508599,0.005762279025508599,1.0
5.160000000000058,-5.160000000000058,-0.005756522503005594,0.005756522503005594,1.0
5.161000000000058,-5.161000000000058,-0.00575077173127432,0.00575077173127432,1.0
5.1620000000000585,-5.1620000000000585,-0.00574502670456975,0.00574502670456975,1.0
5.163000000000059,-5.163000000000059,-0.005739287417152596,0.005739287417152596,1.0
5.164000000000059,-5.164000000000059,-0.005733553863289307,0.005733553863289307,1.0
5.1650000000000595,-5.1650000000000595,-0.005727826037252055,0.005727826037252055,1.0
5.16600000000006,-5.16600000000006,-0.005722103933318736,0.005722103933318736,1.0
5.16700000000006,-5.16700000000006,-0.005716387545772964,0.005716387545772964,1.0
5.1680000000000605,-5.1680000000000605,-0.005710676868904059,0.005710676868904059,1.0
5.169000000000061,-5.169000000000061,-0.0057049718970070525,0.0057049718970070525,1.0
5.170000000000061,-5.170000000000061,-0.005699272624382669,0.005699272624382669,1.0
5.1710000000000615,-5.1710000000000615,-0.005693579045337332,0.005693579045337332,1.0
5.172000000000062,-5.172000000000062,-0.005687891154183149,0.005687891154183149,1.0
5.173000000000062,-5.173000000000062,-0.005682208945237911,0.005682208945237911,1.0
5.1740000000000625,-5.1740000000000625,-0.005676532412825086,0.005676532412825086,1.0
5.175000000000063,-5.175000000000063,-0.005670861551273812,0.005670861551273812,1.0
5.176000000000063,-5.176000000000063,-0.005665196354918894,0.005665196354918894,1.0
5.1770000000000636,-5.1770000000000636,-0.0056595368181007934,0.0056595368181007934,1.0
5.178000000000064,-5.178000000000064,-0.005653882935165628,0.005653882935165628,1.0
5.179000000000064,-5.179000000000064,-0.005648234700465163,0.005648234700465163,1.0
5.1800000000000646,-5.1800000000000646,-0.005642592108356806,0.005642592108356806,1.0
5.181000000000065,-5.181000000000065,-0.005636955153203603,0.005636955153203603,1.0
5.182000000000065,-5.182000000000065,-0.00563132382937423,0.00563132382937423,1.0
5.1830000000000656,-5.1830000000000656,-0.005625698131242986,0.005625698131242986,1.0
5.184000000000066,-5.184000000000066,-0.005620078053189796,0.005620078053189796,1.0
5.185000000000066,-5.185000000000066,-0.005614463589600196,0.005614463589600196,1.0
5.186000000000067,-5.186000000000067,-0.00560885473486533,0.00560885473486533,1.0
5.187000000000067,-5.187000000000067,-0.005603251483381949,0.005603251483381949,1.0
5.188000000000067,-5.188000000000067,-0.005597653829552397,0.005597653829552397,1.0
5.189000000000068,-5.189000000000068,-0.005592061767784612,0.005592061767784612,1.0
5.190000000000068,-5.190000000000068,-0.0055864752924921195,0.0055864752924921195,1.0
5.191000000000068,-5.191000000000068,-0.005580894398094025,0.005580894398094025,1.0
5.192000000000069,-5.192000000000069,-0.005575319079015009,0.005575319079015009,1.0
5.193000000000069,-5.193000000000069,-0.005569749329685325,0.005569749329685325,1.0
5.194000000000069,-5.194000000000069,-0.005564185144540785,0.005564185144540785,1.0
5.19500000000007,-5.19500000000007,-0.0055586265180227615,0.0055586265180227615,1.0
5.19600000000007,-5.19600000000007,-0.005553073444578184,0.005553073444578184,1.0
5.19700000000007,-5.19700000000007,-0.005547525918659524,0.005547525918659524,1.0
5.198000000000071,-5.198000000000071,-0.005541983934724799,0.005541983934724799,1.0
5.199000000000071,-5.199000000000071,-0.005536447487237561,0.005536447487237561,1.0
5.200000000000071,-5.200000000000071,-0.005530916570666894,0.005530916570666894,1.0
5.201000000000072,-5.201000000000072,-0.005525391179487407,0.005525391179487407,1.0
5.202000000000072,-5.202000000000072,-0.005519871308179228,0.005519871308179228,1.0
5.203000000000072,-5.203000000000072,-0.005514356951228,0.005514356951228,1.0
5.204000000000073,-5.204000000000073,-0.005508848103124874,0.005508848103124874,1.0
5.205000000000073,-5.205000000000073,-0.005503344758366508,0.005503344758366508,1.0
5.206000000000073,-5.206000000000073,-0.005497846911455054,0.005497846911455054,1.0
5.207000000000074,-5.207000000000074,-0.005492354556898155,0.005492354556898155,1.0
5.208000000000074,-5.208000000000074,-0.005486867689208946,0.005486867689208946,1.0
5.209000000000074,-5.209000000000074,-0.00548138630290604,0.00548138630290604,1.0
5.210000000000075,-5.210000000000075,-0.0054759103925135265,0.0054759103925135265,1.0
5.211000000000075,-5.211000000000075,-0.005470439952560966,0.005470439952560966,1.0
5.212000000000075,-5.212000000000075,-0.005464974977583383,0.005464974977583383,1.0
5.213000000000076,-5.213000000000076,-0.005459515462121263,0.005459515462121263,1.0
5.214000000000076,-5.214000000000076,-0.0054540614007205414,0.0054540614007205414,1.0
5.215000000000076,-5.215000000000076,-0.00544861278793261,0.00544861278793261,1.0
5.216000000000077,-5.216000000000077,-0.005443169618314296,0.005443169618314296,1.0
5.217000000000077,-5.217000000000077,-0.005437731886427868,0.005437731886427868,1.0
5.218000000000077,-5.218000000000077,-0.005432299586841027,0.005432299586841027,1.0
5.219000000000078,-5.219000000000078,-0.0054268727141269,0.0054268727141269,1.0
5.220000000000078,-5.220000000000078,-0.005421451262864037,0.005421451262864037,1.0
5.221000000000078,-5.221000000000078,-0.0054160352276364,0.0054160352276364,1.0
5.222000000000079,-5.222000000000079,-0.0054106246030333665,0.0054106246030333665,1.0
5.223000000000079,-5.223000000000079,-0.005405219383649717,0.005405219383649717,1.0
5.224000000000079,-5.224000000000079,-0.005399819564085632,0.005399819564085632,1.0
5.22500000000008,-5.22500000000008,-0.0053944251389466845,0.0053944251389466845,1.0
5.22600000000008,-5.22600000000008,-0.005389036102843841,0.005389036102843841,1.0
5.22700000000008,-5.22700000000008,-0.0053836524503934466,0.0053836524503934466,1.0
5.228000000000081,-5.228000000000081,-0.00537827417621723,0.00537827417621723,1.0
5.229000000000081,-5.229000000000081,-0.005372901274942286,0.005372901274942286,1.0
5.230000000000081,-5.230000000000081,-0.005367533741201086,0.005367533741201086,1.0
5.231000000000082,-5.231000000000082,-0.005362171569631455,0.005362171569631455,1.0
5.232000000000082,-5.232000000000082,-0.005356814754876578,0.005356814754876578,1.0
5.233000000000082,-5.233000000000082,-0.005351463291584992,0.005351463291584992,1.0
5.234000000000083,-5.234000000000083,-0.0053461171744105815,0.0053461171744105815,1.0
5.235000000000083,-5.235000000000083,-0.005340776398012568,0.005340776398012568,1.0
5.236000000000083,-5.236000000000083,-0.005335440957055512,0.005335440957055512,1.0
5.237000000000084,-5.237000000000084,-0.005330110846209303,0.005330110846209303,1.0
5.238000000000084,-5.238000000000084,-0.005324786060149154,0.005324786060149154,1.0
5.239000000000084,-5.239000000000084,-0.005319466593555598,0.005319466593555598,1.0
5.240000000000085,-5.240000000000085,-0.0053141524411144826,0.0053141524411144826,1.0
5.241000000000085,-5.241000000000085,-0.005308843597516965,0.005308843597516965,1.0
5.242000000000085,-5.242000000000085,-0.005303540057459506,0.005303540057459506,1.0
5.243000000000086,-5.243000000000086,-0.005298241815643861,0.005298241815643861,1.0
5.244000000000086,-5.244000000000086,-0.005292948866777085,0.005292948866777085,1.0
5.245000000000086,-5.245000000000086,-0.005287661205571514,0.005287661205571514,1.0
5.246000000000087,-5.246000000000087,-0.005282378826744769,0.005282378826744769,1.0
5.247000000000087,-5.247000000000087,-0.005277101725019749,0.005277101725019749,1.0
5.248000000000087,-5.248000000000087,-0.005271829895124625,0.005271829895124625,1.0
5.249000000000088,-5.249000000000088,-0.005266563331792833,0.005266563331792833,1.0
5.250000000000088,-5.250000000000088,-0.0052613020297630686,0.0052613020297630686,1.0
5.251000000000088,-5.251000000000088,-0.00525604598377929,0.00525604598377929,1.0
5.252000000000089,-5.252000000000089,-0.0052507951885906986,0.0052507951885906986,1.0
5.253000000000089,-5.253000000000089,-0.005245549638951747,0.005245549638951747,1.0
5.254000000000089,-5.254000000000089,-0.005240309329622125,0.005240309329622125,1.0
5.25500000000009,-5.25500000000009,-0.005235074255366758,0.005235074255366758,1.0
5.25600000000009,-5.25600000000009,-0.005229844410955803,0.005229844410955803,1.0
5.25700000000009,-5.25700000000009,-0.005224619791164639,0.005224619791164639,1.0
5.258000000000091,-5.258000000000091,-0.0052194003907738646,0.0052194003907738646,1.0
5.259000000000091,-5.259000000000091,-0.0052141862045692955,0.0052141862045692955,1.0
5.260000000000091,-5.260000000000091,-0.0052089772273419535,0.0052089772273419535,1.0
5.261000000000092,-5.261000000000092,-0.005203773453888065,0.005203773453888065,1.0
5.262000000000092,-5.262000000000092,-0.005198574879009057,0.005198574879009057,1.0
5.263000000000092,-5.263000000000092,-0.0051933814975115445,0.0051933814975115445,1.0
5.264000000000093,-5.264000000000093,-0.005188193304207338,0.005188193304207338,1.0
5.265000000000093,-5.265000000000093,-0.005183010293913425,0.005183010293913425,1.0
5.266000000000093,-5.266000000000093,-0.005177832461451972,0.005177832461451972,1.0
5.267000000000094,-5.267000000000094,-0.005172659801650323,0.005172659801650323,1.0
5.268000000000094,-5.268000000000094,-0.005167492309340982,0.005167492309340982,1.0
5.269000000000094,-5.269000000000094,-0.00516232997936162,0.00516232997936162,1.0
5.270000000000095,-5.270000000000095,-0.005157172806555066,0.005157172806555066,1.0
5.271000000000095,-5.271000000000095,-0.005152020785769295,0.005152020785769295,1.0
5.272000000000095,-5.272000000000095,-0.005146873911857438,0.005146873911857438,1.0
5.273000000000096,-5.273000000000096,-0.005141732179677761,0.005141732179677761,1.0
5.274000000000096,-5.274000000000096,-0.0051365955840936665,0.0051365955840936665,1.0
5.275000000000096,-5.275000000000096,-0.005131464119973693,0.005131464119973693,1.0
5.276000000000097,-5.276000000000097,-0.005126337782191502,0.005126337782191502,1.0
5.277000000000097,-5.277000000000097,-0.005121216565625876,0.005121216565625876,1.0
5.278000000000097,-5.278000000000097,-0.005116100465160715,0.005116100465160715,1.0
5.279000000000098,-5.279000000000098,-0.00511098947568503,0.00511098947568503,1.0
5.280000000000098,-5.280000000000098,-0.005105883592092937,0.005105883592092937,1.0
5.281000000000098,-5.281000000000098,-0.005100782809283653,0.005100782809283653,1.0
5.282000000000099,-5.282000000000099,-0.005095687122161492,0.005095687122161492,1.0
5.283000000000099,-5.283000000000099,-0.005090596525635855,0.005090596525635855,1.0
5.284000000000099,-5.284000000000099,-0.005085511014621234,0.005085511014621234,1.0
5.2850000000001,-5.2850000000001,-0.005080430584037197,0.005080430584037197,1.0
5.2860000000001,-5.2860000000001,-0.005075355228808388,0.005075355228808388,1.0
5.2870000000001,-5.2870000000001,-0.005070284943864523,0.005070284943864523,1.0
5.288000000000101,-5.288000000000101,-0.005065219724140384,0.005065219724140384,1.0
5.289000000000101,-5.289000000000101,-0.005060159564575809,0.005060159564575809,1.0
5.290000000000101,-5.290000000000101,-0.0050551044601156924,0.0050551044601156924,1.0
5.291000000000102,-5.291000000000102,-0.005050054405709981,0.005050054405709981,1.0
5.292000000000102,-5.292000000000102,-0.005045009396313667,0.005045009396313667,1.0
5.293000000000102,-5.293000000000102,-0.00503996942688678,0.00503996942688678,1.0
5.294000000000103,-5.294000000000103,-0.005034934492394387,0.005034934492394387,1.0
5.295000000000103,-5.295000000000103,-0.005029904587806579,0.005029904587806579,1.0
5.296000000000103,-5.296000000000103,-0.005024879708098481,0.005024879708098481,1.0
5.297000000000104,-5.297000000000104,-0.005019859848250231,0.005019859848250231,1.0
5.298000000000104,-5.298000000000104,-0.005014845003246985,0.005014845003246985,1.0
5.299000000000104,-5.299000000000104,-0.005009835168078906,0.005009835168078906,1.0
5.300000000000105,-5.300000000000105,-0.005004830337741164,0.005004830337741164,1.0
5.301000000000105,-5.301000000000105,-0.0049998305072339305,0.0049998305072339305,1.0
5.302000000000105,-5.302000000000105,-0.004994835671562368,0.004994835671562368,1.0
5.303000000000106,-5.303000000000106,-0.004989845825736631,0.004989845825736631,1.0
5.304000000000106,-5.304000000000106,-0.004984860964771859,0.004984860964771859,1.0
5.305000000000106,-5.305000000000106,-0.00497988108368817,0.00497988108368817,1.0
5.306000000000107,-5.306000000000107,-0.00497490617751066,0.00497490617751066,1.0
5.307000000000107,-5.307000000000107,-0.00496993624126939,0.00496993624126939,1.0
5.308000000000107,-5.308000000000107,-0.004964971269999391,0.004964971269999391,1.0
5.309000000000108,-5.309000000000108,-0.004960011258740651,0.004960011258740651,1.0
5.310000000000108,-5.310000000000108,-0.004955056202538112,0.004955056202538112,1.0
5.311000000000108,-5.311000000000108,-0.004950106096441671,0.004950106096441671,1.0
5.312000000000109,-5.312000000000109,-0.004945160935506165,0.004945160935506165,1.0
5.313000000000109,-5.313000000000109,-0.004940220714791374,0.004940220714791374,1.0
5.314000000000109,-5.314000000000109,-0.004935285429362012,0.004935285429362012,1.0
5.31500000000011,-5.31500000000011,-0.004930355074287724,0.004930355074287724,1.0
5.31600000000011,-5.31600000000011,-0.004925429644643081,0.004925429644643081,1.0
5.31700000000011,-5.31700000000011,-0.004920509135507574,0.004920509135507574,1.0
5.318000000000111,-5.318000000000111,-0.004915593541965608,0.004915593541965608,1.0
5.319000000000111,-5.319000000000111,-0.004910682859106502,0.004910682859106502,1.0
5.320000000000111,-5.320000000000111,-0.004905777082024477,0.004905777082024477,1.0
5.321000000000112,-5.321000000000112,-0.004900876205818659,0.004900876205818659,1.0
5.322000000000112,-5.322000000000112,-0.004895980225593066,0.004895980225593066,1.0
5.323000000000112,-5.323000000000112,-0.004891089136456609,0.004891089136456609,1.0
5.324000000000113,-5.324000000000113,-0.004886202933523086,0.004886202933523086,1.0
5.325000000000113,-5.325000000000113,-0.004881321611911175,0.004881321611911175,1.0
5.326000000000113,-5.326000000000113,-0.00487644516674443,0.00487644516674443,1.0
5.327000000000114,-5.327000000000114,-0.004871573593151279,0.004871573593151279,1.0
5.328000000000114,-5.328000000000114,-0.004866706886265014,0.004866706886265014,1.0
5.329000000000114,-5.329000000000114,-0.00486184504122379,0.00486184504122379,1.0
5.330000000000115,-5.330000000000115,-0.0048569880531706185,0.0048569880531706185,1.0
5.331000000000115,-5.331000000000115,-0.004852135917253365,0.004852135917253365,1.0
5.332000000000115,-5.332000000000115,-0.00484728862862474,0.00484728862862474,1.0
5.333000000000116,-5.333000000000116,-0.004842446182442298,0.004842446182442298,1.0
5.334000000000116,-5.334000000000116,-0.0048376085738684295,0.0048376085738684295,1.0
5.335000000000116,-5.335000000000116,-0.00483277579807036,0.00483277579807036,1.0
5.336000000000117,-5.336000000000117,-0.004827947850220139,0.004827947850220139,1.0
5.337000000000117,-5.337000000000117,-0.004823124725494645,0.004823124725494645,1.0
5.338000000000117,-5.338000000000117,-0.004818306419075569,0.004818306419075569,1.0
5.339000000000118,-5.339000000000118,-0.004813492926149419,0.004813492926149419,1.0
5.340000000000118,-5.340000000000118,-0.004808684241907511,0.004808684241907511,1.0
5.341000000000118,-5.341000000000118,-0.004803880361545966,0.004803880361545966,1.0
5.342000000000119,-5.342000000000119,-0.0047990812802657,0.0047990812802657,1.0
5.343000000000119,-5.343000000000119,-0.004794286993272427,0.004794286993272427,1.0
5.344000000000119,-5.344000000000119,-0.00478949749577665,0.00478949749577665,1.0
5.34500000000012,-5.34500000000012,-0.004784712782993656,0.004784712782993656,1.0
5.34600000000012,-5.34600000000012,-0.004779932850143513,0.004779932850143513,1.0
5.34700000000012,-5.34700000000012,-0.004775157692451062,0.004775157692451062,1.0
5.348000000000121,-5.348000000000121,-0.004770387305145916,0.004770387305145916,1.0
5.349000000000121,-5.349000000000121,-0.0047656216834624536,0.0047656216834624536,1.0
5.350000000000121,-5.350000000000121,-0.004760860822639814,0.004760860822639814,1.0
5.351000000000122,-5.351000000000122,-0.004756104717921893,0.004756104717921893,1.0
5.352000000000122,-5.352000000000122,-0.0047513533645573355,0.0047513533645573355,1.0
5.353000000000122,-5.353000000000122,-0.004746606757799536,0.004746606757799536,1.0
5.354000000000123,-5.354000000000123,-0.00474186489290663,0.00474186489290663,1.0
5.355000000000123,-5.355000000000123,-0.004737127765141488,0.004737127765141488,1.0
5.356000000000123,-5.356000000000123,-0.004732395369771716,0.004732395369771716,1.0
5.357000000000124,-5.357000000000124,-0.004727667702069646,0.004727667702069646,1.0
5.358000000000124,-5.358000000000124,-0.004722944757312334,0.004722944757312334,1.0
5.359000000000124,-5.359000000000124,-0.004718226530781553,0.004718226530781553,1.0
5.360000000000125,-5.360000000000125,-0.0047135130177637895,0.0047135130177637895,1.0
5.361000000000125,-5.361000000000125,-0.00470880421355024,0.00470880421355024,1.0
5.362000000000125,-5.362000000000125,-0.004704100113436803,0.004704100113436803,1.0
5.363000000000126,-5.363000000000126,-0.004699400712724078,0.004699400712724078,1.0
5.364000000000126,-5.364000000000126,-0.00469470600671736,0.00469470600671736,1.0
5.365000000000126,-5.365000000000126,-0.004690015990726633,0.004690015990726633,1.0
5.366000000000127,-5.366000000000127,-0.004685330660066566,0.004685330660066566,1.0
5.367000000000127,-5.367000000000127,-0.00468065001005651,0.00468065001005651,1.0
5.368000000000127,-5.368000000000127,-0.00467597403602049,0.00467597403602049,1.0
5.369000000000128,-5.369000000000128,-0.004671302733287202,0.004671302733287202,1.0
5.370000000000128,-5.370000000000128,-0.004666636097190011,0.004666636097190011,1.0
5.371000000000128,-5.371000000000128,-0.004661974123066945,0.004661974123066945,1.0
5.372000000000129,-5.372000000000129,-0.004657316806260684,0.004657316806260684,1.0
5.373000000000129,-5.373000000000129,-0.004652664142118566,0.004652664142118566,1.0
5.374000000000129,-5.374000000000129,-0.004648016125992574,0.004648016125992574,1.0
5.37500000000013,-5.37500000000013,-0.004643372753239334,0.004643372753239334,1.0
5.37600000000013,-5.37600000000013,-0.004638734019220115,0.004638734019220115,1.0
5.37700000000013,-5.37700000000013,-0.004634099919300814,0.004634099919300814,1.0
5.378000000000131,-5.378000000000131,-0.004629470448851963,0.004629470448851963,1.0
5.379000000000131,-5.379000000000131,-0.004624845603248713,0.004624845603248713,1.0
5.380000000000131,-5.380000000000131,-0.004620225377870843,0.004620225377870843,1.0
5.381000000000132,-5.381000000000132,-0.00461560976810274,0.00461560976810274,1.0
5.382000000000132,-5.382000000000132,-0.004610998769333407,0.004610998769333407,1.0
5.383000000000132,-5.383000000000132,-0.0046063923769564495,0.0046063923769564495,1.0
5.384000000000133,-5.384000000000133,-0.004601790586370079,0.004601790586370079,1.0
5.385000000000133,-5.385000000000133,-0.004597193392977102,0.004597193392977102,1.0
5.386000000000133,-5.386000000000133,-0.004592600792184916,0.004592600792184916,1.0
5.387000000000134,-5.387000000000134,-0.0045880127794055104,0.0045880127794055104,1.0
5.388000000000134,-5.388000000000134,-0.004583429350055455,0.004583429350055455,1.0
5.389000000000134,-5.389000000000134,-0.004578850499555899,0.004578850499555899,1.0
5.390000000000135,-5.390000000000135,-0.004574276223332566,0.004574276223332566,1.0
5.391000000000135,-5.391000000000135,-0.00456970651681575,0.00456970651681575,1.0
5.392000000000135,-5.392000000000135,-0.00456514137544031,0.00456514137544031,1.0
5.393000000000136,-5.393000000000136,-0.004560580794645664,0.004560580794645664,1.0
5.394000000000136,-5.394000000000136,-0.004556024769875789,0.004556024769875789,1.0
5.395000000000136,-5.395000000000136,-0.004551473296579209,0.004551473296579209,1.0
5.396000000000137,-5.396000000000137,-0.004546926370209,0.004546926370209,1.0
5.397000000000137,-5.397000000000137,-0.004542383986222778,0.004542383986222778,1.0
5.398000000000137,-5.398000000000137,-0.0045378461400826945,0.0045378461400826945,1.0
5.399000000000138,-5.399000000000138,-0.00453331282725544,0.00453331282725544,1.0
5.400000000000138,-5.400000000000138,-0.004528784043212228,0.004528784043212228,1.0
5.401000000000138,-5.401000000000138,-0.004524259783428799,0.004524259783428799,1.0
5.402000000000139,-5.402000000000139,-0.004519740043385414,0.004519740043385414,1.0
5.403000000000139,-5.403000000000139,-0.004515224818566847,0.004515224818566847,1.0
5.404000000000139,-5.404000000000139,-0.004510714104462385,0.004510714104462385,1.0
5.40500000000014,-5.40500000000014,-0.00450620789656582,0.00450620789656582,1.0
5.40600000000014,-5.40600000000014,-0.004501706190375444,0.004501706190375444,1.0
5.40700000000014,-5.40700000000014,-0.004497208981394049,0.004497208981394049,1.0
5.408000000000141,-5.408000000000141,-0.00449271626512892,0.00449271626512892,1.0
5.409000000000141,-5.409000000000141,-0.004488228037091828,0.004488228037091828,1.0
5.410000000000141,-5.410000000000141,-0.004483744292799029,0.004483744292799029,1.0
5.411000000000142,-5.411000000000142,-0.004479265027771258,0.004479265027771258,1.0
5.412000000000142,-5.412000000000142,-0.004474790237533724,0.004474790237533724,1.0
5.413000000000142,-5.413000000000142,-0.004470319917616108,0.004470319917616108,1.0
5.414000000000143,-5.414000000000143,-0.004465854063552556,0.004465854063552556,1.0
5.415000000000143,-5.415000000000143,-0.004461392670881674,0.004461392670881674,1.0
5.416000000000143,-5.416000000000143,-0.004456935735146527,0.004456935735146527,1.0
5.417000000000144,-5.417000000000144,-0.004452483251894633,0.004452483251894633,1.0
5.418000000000144,-5.418000000000144,-0.004448035216677955,0.004448035216677955,1.0
5.419000000000144,-5.419000000000144,-0.004443591625052902,0.004443591625052902,1.0
5.420000000000145,-5.420000000000145,-0.004439152472580322,0.004439152472580322,1.0
5.421000000000145,-5.421000000000145,-0.004434717754825497,0.004434717754825497,1.0
5.422000000000145,-5.422000000000145,-0.004430287467358139,0.004430287467358139,1.0
5.423000000000146,-5.423000000000146,-0.004425861605752386,0.004425861605752386,1.0
5.424000000000146,-5.424000000000146,-0.004421440165586799,0.004421440165586799,1.0
5.425000000000146,-5.425000000000146,-0.004417023142444356,0.004417023142444356,1.0
5.426000000000147,-5.426000000000147,-0.004412610531912443,0.004412610531912443,1.0
5.427000000000147,-5.427000000000147,-0.00440820232958286,0.00440820232958286,1.0
5.428000000000147,-5.428000000000147,-0.004403798531051808,0.004403798531051808,1.0
5.429000000000148,-5.429000000000148,-0.004399399131919887,0.004399399131919887,1.0
5.430000000000148,-5.430000000000148,-0.004395004127792096,0.004395004127792096,1.0
5.431000000000148,-5.431000000000148,-0.004390613514277818,0.004390613514277818,1.0
5.432000000000149,-5.432000000000149,-0.004386227286990826,0.004386227286990826,1.0
5.433000000000149,-5.433000000000149,-0.004381845441549278,0.004381845441549278,1.0
5.434000000000149,-5.434000000000149,-0.004377467973575702,0.004377467973575702,1.0
5.43500000000015,-5.43500000000015,-0.004373094878697006,0.004373094878697006,1.0
5.43600000000015,-5.43600000000015,-0.004368726152544461,0.004368726152544461,1.0
5.43700000000015,-5.43700000000015,-0.004364361790753707,0.004364361790753707,1.0
5.438000000000151,-5.438000000000151,-0.004360001788964743,0.004360001788964743,1.0
5.439000000000151,-5.439000000000151,-0.004355646142821921,0.004355646142821921,1.0
5.440000000000151,-5.440000000000151,-0.004351294847973947,0.004351294847973947,1.0
5.441000000000152,-5.441000000000152,-0.0043469479000738725,0.0043469479000738725,1.0
5.442000000000152,-5.442000000000152,-0.004342605294779094,0.004342605294779094,1.0
5.443000000000152,-5.443000000000152,-0.004338267027751343,0.004338267027751343,1.0
5.444000000000153,-5.444000000000153,-0.004333933094656686,0.004333933094656686,1.0
5.445000000000153,-5.445000000000153,-0.004329603491165521,0.004329603491165521,1.0
5.446000000000153,-5.446000000000153,-0.004325278212952568,0.004325278212952568,1.0
5.447000000000154,-5.447000000000154,-0.004320957255696872,0.004320957255696872,1.0
5.448000000000154,-5.448000000000154,-0.00431664061508179,0.00431664061508179,1.0
5.449000000000154,-5.449000000000154,-0.0043123282867949956,0.0043123282867949956,1.0
5.450000000000155,-5.450000000000155,-0.004308020266528467,0.004308020266528467,1.0
5.451000000000155,-5.451000000000155,-0.004303716549978488,0.004303716549978488,1.0
5.452000000000155,-5.452000000000155,-0.004299417132845643,0.004299417132845643,1.0
5.453000000000156,-5.453000000000156,-0.004295122010834808,0.004295122010834808,1.0
5.454000000000156,-5.454000000000156,-0.004290831179655153,0.004290831179655153,1.0
5.455000000000156,-5.455000000000156,-0.0042865446350201335,0.0042865446350201335,1.0
5.456000000000157,-5.456000000000157,-0.004282262372647486,0.004282262372647486,1.0
5.457000000000157,-5.457000000000157,-0.004277984388259226,0.004277984388259226,1.0
5.458000000000157,-5.458000000000157,-0.0042737106775816444,0.0042737106775816444,1.0
5.459000000000158,-5.459000000000158,-0.004269441236345299,0.004269441236345299,1.0
5.460000000000158,-5.460000000000158,-0.004265176060285014,0.004265176060285014,1.0
5.461000000000158,-5.461000000000158,-0.004260915145139874,0.004260915145139874,1.0
5.462000000000159,-5.462000000000159,-0.00425665848665322,0.00425665848665322,1.0
5.463000000000159,-5.463000000000159,-0.004252406080572648,0.004252406080572648,1.0
5.464000000000159,-5.464000000000159,-0.004248157922649997,0.004248157922649997,1.0
5.46500000000016,-5.46500000000016,-0.0042439140086413555,0.0042439140086413555,1.0
5.46600000000016,-5.46600000000016,-0.004239674334307049,0.004239674334307049,1.0
5.46700000000016,-5.46700000000016,-0.004235438895411638,0.004235438895411638,1.0
5.468000000000161,-5.468000000000161,-0.004231207687723913,0.004231207687723913,1.0
5.469000000000161,-5.469000000000161,-0.004226980707016896,0.004226980707016896,1.0
5.470000000000161,-5.470000000000161,-0.004222757949067828,0.004222757949067828,1.0
5.471000000000162,-5.471000000000162,-0.0042185394096581705,0.0042185394096581705,1.0
5.472000000000162,-5.472000000000162,-0.004214325084573598,0.004214325084573598,1.0
5.473000000000162,-5.473000000000162,-0.0042101149696039935,0.0042101149696039935,1.0
5.474000000000163,-5.474000000000163,-0.00420590906054345,0.00420590906054345,1.0
5.475000000000163,-5.475000000000163,-0.00420170735319026,0.00420170735319026,1.0
5.476000000000163,-5.476000000000163,-0.004197509843346913,0.004197509843346913,1.0
5.477000000000164,-5.477000000000164,-0.0041933165268200935,0.0041933165268200935,1.0
5.478000000000164,-5.478000000000164,-0.004189127399420673,0.004189127399420673,1.0
5.479000000000164,-5.479000000000164,-0.004184942456963709,0.004184942456963709,1.0
5.480000000000165,-5.480000000000165,-0.004180761695268441,0.004180761695268441,1.0
5.481000000000165,-5.481000000000165,-0.004176585110158283,0.004176585110158283,1.0
5.482000000000165,-5.482000000000165,-0.004172412697460822,0.004172412697460822,1.0
5.483000000000166,-5.483000000000166,-0.004168244453007814,0.004168244453007814,1.0
5.484000000000166,-5.484000000000166,-0.004164080372635179,0.004164080372635179,1.0
5.485000000000166,-5.485000000000166,-0.004159920452182997,0.004159920452182997,1.0
5.486000000000167,-5.486000000000167,-0.004155764687495502,0.004155764687495502,1.0
5.487000000000167,-5.487000000000167,-0.00415161307442108,0.00415161307442108,1.0
5.488000000000167,-5.488000000000167,-0.0041474656088122674,0.0041474656088122674,1.0
5.489000000000168,-5.489000000000168,-0.004143322286525742,0.004143322286525742,1.0
5.490000000000168,-5.490000000000168,-0.00413918310342232,0.00413918310342232,1.0
5.491000000000168,-5.491000000000168,-0.004135048055366953,0.004135048055366953,1.0
5.492000000000169,-5.492000000000169,-0.004130917138228724,0.004130917138228724,1.0
5.493000000000169,-5.493000000000169,-0.004126790347880844,0.004126790347880844,1.0
5.494000000000169,-5.494000000000169,-0.004122667680200643,0.004122667680200643,1.0
5.49500000000017,-5.49500000000017,-0.0041185491310695745,0.0041185491310695745,1.0
5.49600000000017,-5.49600000000017,-0.0041144346963732014,0.0041144346963732014,1.0
5.49700000000017,-5.49700000000017,-0.0041103243720012,0.0041103243720012,1.0
5.498000000000171,-5.498000000000171,-0.004106218153847353,0.004106218153847353,1.0
5.499000000000171,-5.499000000000171,-0.004102116037809544,0.004102116037809544,1.0
5.500000000000171,-5.500000000000171,-0.004098018019789754,0.004098018019789754,1.0
5.501000000000172,-5.501000000000172,-0.00409392409569406,0.00409392409569406,1.0
5.502000000000172,-5.502000000000172,-0.004089834261432628,0.004089834261432628,1.0
5.503000000000172,-5.503000000000172,-0.004085748512919708,0.004085748512919708,1.0
5.504000000000173,-5.504000000000173,-0.004081666846073634,0.004081666846073634,1.0
5.505000000000173,-5.505000000000173,-0.004077589256816818,0.004077589256816818,1.0
5.506000000000173,-5.506000000000173,-0.004073515741075742,0.004073515741075742,1.0
5.507000000000174,-5.507000000000174,-0.004069446294780962,0.004069446294780962,1.0
5.508000000000174,-5.508000000000174,-0.004065380913867095,0.004065380913867095,1.0
5.509000000000174,-5.509000000000174,-0.004061319594272823,0.004061319594272823,1.0
5.510000000000175,-5.510000000000175,-0.004057262331940882,0.004057262331940882,1.0
5.511000000000175,-5.511000000000175,-0.004053209122818063,0.004053209122818063,1.0
5.512000000000175,-5.512000000000175,-0.004049159962855208,0.004049159962855208,1.0
5.513000000000176,-5.513000000000176,-0.004045114848007201,0.004045114848007201,1.0
5.514000000000176,-5.514000000000176,-0.004041073774232968,0.004041073774232968,1.0
5.515000000000176,-5.515000000000176,-0.004037036737495472,0.004037036737495472,1.0
5.516000000000177,-5.516000000000177,-0.00403300373376171,0.00403300373376171,1.0
5.517000000000177,-5.517000000000177,-0.004028974759002707,0.004028974759002707,1.0
5.518000000000177,-5.518000000000177,-0.004024949809193514,0.004024949809193514,1.0
5.519000000000178,-5.519000000000178,-0.004020928880313201,0.004020928880313201,1.0
5.520000000000178,-5.520000000000178,-0.004016911968344856,0.004016911968344856,1.0
5.521000000000178,-5.521000000000178,-0.00401289906927558,0.00401289906927558,1.0
5.522000000000179,-5.522000000000179,-0.0040088901790964835,0.0040088901790964835,1.0
5.523000000000179,-5.523000000000179,-0.004004885293802681,0.004004885293802681,1.0
5.524000000000179,-5.524000000000179,-0.004000884409393287,0.004000884409393287,1.0
5.52500000000018,-5.52500000000018,-0.003996887521871415,0.003996887521871415,1.0
5.52600000000018,-5.52600000000018,-0.003992894627244172,0.003992894627244172,1.0
5.52700000000018,-5.52700000000018,-0.003988905721522649,0.003988905721522649,1.0
5.528000000000181,-5.528000000000181,-0.003984920800721927,0.003984920800721927,1.0
5.529000000000181,-5.529000000000181,-0.003980939860861066,0.003980939860861066,1.0
5.530000000000181,-5.530000000000181,-0.003976962897963103,0.003976962897963103,1.0
5.531000000000182,-5.531000000000182,-0.0039729899080550475,0.0039729899080550475,1.0
5.532000000000182,-5.532000000000182,-0.003969020887167879,0.003969020887167879,1.0
5.533000000000182,-5.533000000000182,-0.0039650558313365425,0.0039650558313365425,1.0
5.534000000000183,-5.534000000000183,-0.003961094736599943,0.003961094736599943,1.0
5.535000000000183,-5.535000000000183,-0.003957137599000942,0.003957137599000942,1.0
5.536000000000183,-5.536000000000183,-0.003953184414586356,0.003953184414586356,1.0
5.537000000000184,-5.537000000000184,-0.00394923517940695,0.00394923517940695,1.0
5.538000000000184,-5.538000000000184,-0.003945289889517432,0.003945289889517432,1.0
5.539000000000184,-5.539000000000184,-0.003941348540976455,0.003941348540976455,1.0
5.540000000000185,-5.540000000000185,-0.003937411129846608,0.003937411129846608,1.0
5.541000000000185,-5.541000000000185,-0.003933477652194414,0.003933477652194414,1.0
5.5420000000001854,-5.5420000000001854,-0.003929548104090324,0.003929548104090324,1.0
5.543000000000186,-5.543000000000186,-0.003925622481608715,0.003925622481608715,1.0
5.544000000000186,-5.544000000000186,-0.003921700780827886,0.003921700780827886,1.0
5.5450000000001864,-5.5450000000001864,-0.003917782997830056,0.003917782997830056,1.0
5.546000000000187,-5.546000000000187,-0.003913869128701355,0.003913869128701355,1.0
5.547000000000187,-5.547000000000187,-0.003909959169531823,0.003909959169531823,1.0
5.5480000000001874,-5.5480000000001874,-0.0039060531164154077,0.0039060531164154077,1.0
5.549000000000188,-5.549000000000188,-0.0039021509654499575,0.0039021509654499575,1.0
5.550000000000188,-5.550000000000188,-0.00389825271273722,0.00389825271273722,1.0
5.5510000000001885,-5.5510000000001885,-0.003894358354382837,0.003894358354382837,1.0
5.552000000000189,-5.552000000000189,-0.0038904678864963406,0.0038904678864963406,1.0
5.553000000000189,-5.553000000000189,-0.0038865813051911493,0.0038865813051911493,1.0
5.5540000000001895,-5.5540000000001895,-0.0038826986065845647,0.0038826986065845647,1.0
5.55500000000019,-5.55500000000019,-0.003878819786797767,0.003878819786797767,1.0
5.55600000000019,-5.55600000000019,-0.003874944841955811,0.003874944841955811,1.0
5.5570000000001905,-5.5570000000001905,-0.0038710737681876234,0.0038710737681876234,1.0
5.558000000000191,-5.558000000000191,-0.003867206561625997,0.003867206561625997,1.0
5.559000000000191,-5.559000000000191,-0.0038633432184075897,0.0038633432184075897,1.0
5.5600000000001915,-5.5600000000001915,-0.003859483734672917,0.003859483734672917,1.0
5.561000000000192,-5.561000000000192,-0.00385562810656635,0.00385562810656635,1.0
5.562000000000192,-5.562000000000192,-0.0038517763302361144,0.0038517763302361144,1.0
5.5630000000001925,-5.5630000000001925,-0.0038479284018342803,0.0038479284018342803,1.0
5.564000000000193,-5.564000000000193,-0.003844084317516764,0.003844084317516764,1.0
5.565000000000193,-5.565000000000193,-0.0038402440734433205,0.0038402440734433205,1.0
5.5660000000001935,-5.5660000000001935,-0.003836407665777543,0.003836407665777543,1.0
5.567000000000194,-5.567000000000194,-0.003832575090686856,0.003832575090686856,1.0
5.568000000000194,-5.568000000000194,-0.0038287463443425138,0.0038287463443425138,1.0
5.5690000000001945,-5.5690000000001945,-0.003824921422919594,0.003824921422919594,1.0
5.570000000000195,-5.570000000000195,-0.0038211003225969977,0.0038211003225969977,1.0
5.571000000000195,-5.571000000000195,-0.00381728303955744,0.00381728303955744,1.0
5.5720000000001955,-5.5720000000001955,-0.003813469569987453,0.003813469569987453,1.0
5.573000000000196,-5.573000000000196,-0.003809659910077376,0.003809659910077376,1.0
5.574000000000196,-5.574000000000196,-0.0038058540560213542,0.0038058540560213542,1.0
5.5750000000001965,-5.5750000000001965,-0.0038020520040173366,0.0038020520040173366,1.0
5.576000000000197,-5.576000000000197,-0.0037982537502670695,0.0037982537502670695,1.0
5.577000000000197,-5.577000000000197,-0.0037944592909760935,0.0037944592909760935,1.0
5.5780000000001975,-5.5780000000001975,-0.00379066862235374,0.00379066862235374,1.0
5.579000000000198,-5.579000000000198,-0.0037868817406131266,0.0037868817406131266,1.0
5.580000000000198,-5.580000000000198,-0.0037830986419711554,0.0037830986419711554,1.0
5.5810000000001985,-5.5810000000001985,-0.0037793193226485066,0.0037793193226485066,1.0
5.582000000000199,-5.582000000000199,-0.0037755437788696373,0.0037755437788696373,1.0
5.583000000000199,-5.583000000000199,-0.0037717720068627743,0.0037717720068627743,1.0
5.5840000000001995,-5.5840000000001995,-0.0037680040028599143,0.0037680040028599143,1.0
5.5850000000002,-5.5850000000002,-0.0037642397630968175,0.0037642397630968175,1.0
5.5860000000002,-5.5860000000002,-0.0037604792838130045,0.0037604792838130045,1.0
5.5870000000002005,-5.5870000000002005,-0.0037567225612517526,0.0037567225612517526,1.0
5.588000000000201,-5.588000000000201,-0.0037529695916600925,0.0037529695916600925,1.0
5.589000000000201,-5.589000000000201,-0.0037492203712888037,0.0037492203712888037,1.0
5.5900000000002015,-5.5900000000002015,-0.0037454748963924116,0.0037454748963924116,1.0
5.591000000000202,-5.591000000000202,-0.0037417331632291825,0.0037417331632291825,1.0
5.592000000000202,-5.592000000000202,-0.003737995168061122,0.003737995168061122,1.0
5.5930000000002025,-5.5930000000002025,-0.003734260907153968,0.003734260907153968,1.0
5.594000000000203,-5.594000000000203,-0.0037305303767771907,0.0037305303767771907,1.0
5.595000000000203,-5.595000000000203,-0.003726803573203987,0.003726803573203987,1.0
5.5960000000002035,-5.5960000000002035,-0.0037230804927112756,0.0037230804927112756,1.0
5.597000000000204,-5.597000000000204,-0.003719361131579696,0.003719361131579696,1.0
5.598000000000204,-5.598000000000204,-0.003715645486093602,0.003715645486093602,1.0
5.5990000000002045,-5.5990000000002045,-0.0037119335525410612,0.0037119335525410612,1.0
5.600000000000205,-5.600000000000205,-0.0037082253272138475,0.0037082253272138475,1.0
5.601000000000205,-5.601000000000205,-0.00370452080640744,0.00370452080640744,1.0
5.6020000000002055,-5.6020000000002055,-0.0037008199864210197,0.0037008199864210197,1.0
5.603000000000206,-5.603000000000206,-0.003697122863557462,0.003697122863557462,1.0
5.604000000000206,-5.604000000000206,-0.003693429434123338,0.003693429434123338,1.0
5.6050000000002065,-5.6050000000002065,-0.0036897396944289094,0.0036897396944289094,1.0
5.606000000000207,-5.606000000000207,-0.0036860536407881217,0.0036860536407881217,1.0
5.607000000000207,-5.607000000000207,-0.003682371269518603,0.003682371269518603,1.0
5.6080000000002075,-5.6080000000002075,-0.0036786925769416614,0.0036786925769416614,1.0
5.609000000000208,-5.609000000000208,-0.0036750175593822793,0.0036750175593822793,1.0
5.610000000000208,-5.610000000000208,-0.00367134621316911,0.00367134621316911,1.0
5.6110000000002085,-5.6110000000002085,-0.0036676785346344753,0.0036676785346344753,1.0
5.612000000000209,-5.612000000000209,-0.0036640145201143606,0.0036640145201143606,1.0
5.613000000000209,-5.613000000000209,-0.0036603541659484128,0.0036603541659484128,1.0
5.6140000000002095,-5.6140000000002095,-0.003656697468479933,0.003656697468479933,1.0
5.61500000000021,-5.61500000000021,-0.0036530444240558766,0.0036530444240558766,1.0
5.61600000000021,-5.61600000000021,-0.00364939502902685,0.00364939502902685,1.0
5.6170000000002105,-5.6170000000002105,-0.0036457492797471033,0.0036457492797471033,1.0
5.618000000000211,-5.618000000000211,-0.0036421071725745288,0.0036421071725745288,1.0
5.619000000000211,-5.619000000000211,-0.003638468703870658,0.003638468703870658,1.0
5.6200000000002115,-5.6200000000002115,-0.003634833870000657,0.003634833870000657,1.0
5.621000000000212,-5.621000000000212,-0.003631202667333324,0.003631202667333324,1.0
5.622000000000212,-5.622000000000212,-0.0036275750922410825,0.0036275750922410825,1.0
5.6230000000002125,-5.6230000000002125,-0.0036239511410999826,0.0036239511410999826,1.0
5.624000000000213,-5.624000000000213,-0.003620330810289693,0.003620330810289693,1.0
5.625000000000213,-5.625000000000213,-0.0036167140961935,0.0036167140961935,1.0
5.6260000000002135,-5.6260000000002135,-0.003613100995198301,0.003613100995198301,1.0
5.627000000000214,-5.627000000000214,-0.0036094915036946067,0.0036094915036946067,1.0
5.628000000000214,-5.628000000000214,-0.00360588561807653,0.00360588561807653,1.0
5.6290000000002145,-5.6290000000002145,-0.003602283334741788,0.003602283334741788,1.0
5.630000000000215,-5.630000000000215,-0.0035986846500916966,0.0035986846500916966,1.0
5.631000000000215,-5.631000000000215,-0.0035950895605311654,0.0035950895605311654,1.0
5.6320000000002155,-5.6320000000002155,-0.003591498062468697,0.003591498062468697,1.0
5.633000000000216,-5.633000000000216,-0.00358791015231638,0.00358791015231638,1.0
5.634000000000216,-5.634000000000216,-0.0035843258264898906,0.0035843258264898906,1.0
5.6350000000002165,-5.6350000000002165,-0.003580745081408482,0.003580745081408482,1.0
5.636000000000217,-5.636000000000217,-0.0035771679134949876,0.0035771679134949876,1.0
5.637000000000217,-5.637000000000217,-0.0035735943191758115,0.0035735943191758115,1.0
5.6380000000002175,-5.6380000000002175,-0.00357002429488093,0.00357002429488093,1.0
5.639000000000218,-5.639000000000218,-0.0035664578370438868,0.0035664578370438868,1.0
5.640000000000218,-5.640000000000218,-0.0035628949421017846,0.0035628949421017846,1.0
5.6410000000002185,-5.6410000000002185,-0.0035593356064952896,0.0035593356064952896,1.0
5.642000000000219,-5.642000000000219,-0.003555779826668621,0.003555779826668621,1.0
5.643000000000219,-5.643000000000219,-0.0035522275990695516,0.0035522275990695516,1.0
5.6440000000002195,-5.6440000000002195,-0.0035486789201494015,0.0035486789201494015,1.0
5.64500000000022,-5.64500000000022,-0.0035451337863630387,0.0035451337863630387,1.0
5.64600000000022,-5.64600000000022,-0.0035415921941688694,0.0035415921941688694,1.0
5.6470000000002205,-5.6470000000002205,-0.0035380541400288406,0.0035380541400288406,1.0
5.648000000000221,-5.648000000000221,-0.0035345196204084324,0.0035345196204084324,1.0
5.649000000000221,-5.649000000000221,-0.0035309886317766554,0.0035309886317766554,1.0
5.6500000000002215,-5.6500000000002215,-0.0035274611706060497,0.0035274611706060497,1.0
5.651000000000222,-5.651000000000222,-0.003523937233372677,0.003523937233372677,1.0
5.652000000000222,-5.652000000000222,-0.003520416816556121,0.003520416816556121,1.0
5.6530000000002225,-5.6530000000002225,-0.0035168999166394813,0.0035168999166394813,1.0
5.654000000000223,-5.654000000000223,-0.003513386530109372,0.003513386530109372,1.0
5.655000000000223,-5.655000000000223,-0.0035098766534559156,0.0035098766534559156,1.0
5.6560000000002235,-5.6560000000002235,-0.003506370283172743,0.003506370283172743,1.0
5.657000000000224,-5.657000000000224,-0.0035028674157569864,0.0035028674157569864,1.0
5.658000000000224,-5.658000000000224,-0.003499368047709277,0.003499368047709277,1.0
5.6590000000002245,-5.6590000000002245,-0.003495872175533743,0.003495872175533743,1.0
5.660000000000225,-5.660000000000225,-0.0034923797957380053,0.0034923797957380053,1.0
5.661000000000225,-5.661000000000225,-0.003488890904833172,0.003488890904833172,1.0
5.6620000000002255,-5.6620000000002255,-0.003485405499333838,0.003485405499333838,1.0
5.663000000000226,-5.663000000000226,-0.00348192357575808,0.00348192357575808,1.0
5.664000000000226,-5.664000000000226,-0.003478445130627453,0.003478445130627453,1.0
5.6650000000002265,-5.6650000000002265,-0.003474970160466986,0.003474970160466986,1.0
5.666000000000227,-5.666000000000227,-0.003471498661805181,0.003471498661805181,1.0
5.667000000000227,-5.667000000000227,-0.003468030631174007,0.003468030631174007,1.0
5.6680000000002275,-5.6680000000002275,-0.0034645660651088984,0.0034645660651088984,1.0
5.669000000000228,-5.669000000000228,-0.0034611049601487496,0.0034611049601487496,1.0
5.670000000000228,-5.670000000000228,-0.0034576473128359137,0.0034576473128359137,1.0
5.6710000000002285,-5.6710000000002285,-0.003454193119716198,0.003454193119716198,1.0
5.672000000000229,-5.672000000000229,-0.003450742377338859,0.003450742377338859,1.0
5.673000000000229,-5.673000000000229,-0.003447295082256602,0.003447295082256602,1.0
5.6740000000002295,-5.6740000000002295,-0.0034438512310255767,0.0034438512310255767,1.0
5.67500000000023,-5.67500000000023,-0.0034404108202053716,0.0034404108202053716,1.0
5.67600000000023,-5.67600000000023,-0.0034369738463590122,0.0034369738463590122,1.0
5.6770000000002305,-5.6770000000002305,-0.003433540306052959,0.003433540306052959,1.0
5.678000000000231,-5.678000000000231,-0.0034301101958571023,0.0034301101958571023,1.0
5.679000000000231,-5.679000000000231,-0.003426683512344757,0.003426683512344757,1.0
5.6800000000002315,-5.6800000000002315,-0.003423260252092665,0.003423260252092665,1.0
5.681000000000232,-5.681000000000232,-0.0034198404116809835,0.0034198404116809835,1.0
5.682000000000232,-5.682000000000232,-0.0034164239876932905,0.0034164239876932905,1.0
5.6830000000002325,-5.6830000000002325,-0.0034130109767165737,0.0034130109767165737,1.0
5.684000000000233,-5.684000000000233,-0.003409601375341233,0.003409601375341233,1.0
5.685000000000233,-5.685000000000233,-0.0034061951801610717,0.0034061951801610717,1.0
5.6860000000002335,-5.6860000000002335,-0.0034027923877732987,0.0034027923877732987,1.0
5.687000000000234,-5.687000000000234,-0.00339939299477852,0.00339939299477852,1.0
5.688000000000234,-5.688000000000234,-0.0033959969977807396,0.0033959969977807396,1.0
5.6890000000002345,-5.6890000000002345,-0.0033926043933873527,0.0033926043933873527,1.0
5.690000000000235,-5.690000000000235,-0.003389215178209143,0.003389215178209143,1.0
5.691000000000235,-5.691000000000235,-0.0033858293488602826,0.0033858293488602826,1.0
5.6920000000002355,-5.6920000000002355,-0.0033824469019583248,0.0033824469019583248,1.0
5.693000000000236,-5.693000000000236,-0.0033790678341242,0.0033790678341242,1.0
5.694000000000236,-5.694000000000236,-0.003375692141982218,0.003375692141982218,1.0
5.6950000000002365,-5.6950000000002365,-0.0033723198221600583,0.0033723198221600583,1.0
5.696000000000237,-5.696000000000237,-0.0033689508712887698,0.0033689508712887698,1.0
5.697000000000237,-5.697000000000237,-0.0033655852860027665,0.0033655852860027665,1.0
5.6980000000002375,-5.6980000000002375,-0.0033622230629398266,0.0033622230629398266,1.0
5.699000000000238,-5.699000000000238,-0.003358864198741086,0.003358864198741086,1.0
5.700000000000238,-5.700000000000238,-0.0033555086900510346,0.0033555086900510346,1.0
5.7010000000002385,-5.7010000000002385,-0.0033521565335175173,0.0033521565335175173,1.0
5.702000000000239,-5.702000000000239,-0.003348807725791726,0.003348807725791726,1.0
5.703000000000239,-5.703000000000239,-0.003345462263528198,0.003345462263528198,1.0
5.7040000000002395,-5.7040000000002395,-0.0033421201433848128,0.0033421201433848128,1.0
5.70500000000024,-5.70500000000024,-0.00333878136202279,0.00333878136202279,1.0
5.70600000000024,-5.70600000000024,-0.0033354459161066834,0.0033354459161066834,1.0
5.7070000000002405,-5.7070000000002405,-0.0033321138023043794,0.0033321138023043794,1.0
5.708000000000241,-5.708000000000241,-0.0033287850172870927,0.0033287850172870927,1.0
5.709000000000241,-5.709000000000241,-0.0033254595577293634,0.0033254595577293634,1.0
5.7100000000002415,-5.7100000000002415,-0.0033221374203090542,0.0033221374203090542,1.0
5.711000000000242,-5.711000000000242,-0.003318818601707347,0.003318818601707347,1.0
5.712000000000242,-5.712000000000242,-0.0033155030986087384,0.0033155030986087384,1.0
5.7130000000002426,-5.7130000000002426,-0.003312190907701037,0.003312190907701037,1.0
5.714000000000243,-5.714000000000243,-0.003308882025675362,0.003308882025675362,1.0
5.715000000000243,-5.715000000000243,-0.0033055764492261356,0.0033055764492261356,1.0
5.7160000000002436,-5.7160000000002436,-0.0033022741750510847,0.0033022741750510847,1.0
5.717000000000244,-5.717000000000244,-0.003298975199851233,0.003298975199851233,1.0
5.718000000000244,-5.718000000000244,-0.003295679520330902,0.003295679520330902,1.0
5.7190000000002446,-5.7190000000002446,-0.0032923871331977045,0.0032923871331977045,1.0
5.720000000000245,-5.720000000000245,-0.003289098035162542,0.003289098035162542,1.0
5.721000000000245,-5.721000000000245,-0.003285812222939602,0.003285812222939602,1.0
5.722000000000246,-5.722000000000246,-0.003282529693246356,0.003282529693246356,1.0
5.723000000000246,-5.723000000000246,-0.0032792504428035526,0.0032792504428035526,1.0
5.724000000000246,-5.724000000000246,-0.003275974468335217,0.003275974468335217,1.0
5.725000000000247,-5.725000000000247,-0.0032727017665686482,0.0032727017665686482,1.0
5.726000000000247,-5.726000000000247,-0.0032694323342344137,0.0032694323342344137,1.0
5.727000000000247,-5.727000000000247,-0.0032661661680663473,0.0032661661680663473,1.0
5.728000000000248,-5.728000000000248,-0.003262903264801546,0.003262903264801546,1.0
5.729000000000248,-5.729000000000248,-0.0032596436211803654,0.0032596436211803654,1.0
5.730000000000248,-5.730000000000248,-0.003256387233946419,0.003256387233946419,1.0
5.731000000000249,-5.731000000000249,-0.0032531340998465724,0.0032531340998465724,1.0
5.732000000000249,-5.732000000000249,-0.0032498842156309417,0.0032498842156309417,1.0
5.733000000000249,-5.733000000000249,-0.003246637578052889,0.003246637578052889,1.0
5.73400000000025,-5.73400000000025,-0.0032433941838690195,0.0032433941838690195,1.0
5.73500000000025,-5.73500000000025,-0.0032401540298391805,0.0032401540298391805,1.0
5.73600000000025,-5.73600000000025,-0.0032369171127264542,0.0032369171127264542,1.0
5.737000000000251,-5.737000000000251,-0.003233683429297157,0.003233683429297157,1.0
5.738000000000251,-5.738000000000251,-0.0032304529763208362,0.0032304529763208362,1.0
5.739000000000251,-5.739000000000251,-0.0032272257505702663,0.0032272257505702663,1.0
5.740000000000252,-5.740000000000252,-0.0032240017488214447,0.0032240017488214447,1.0
5.741000000000252,-5.741000000000252,-0.003220780967853591,0.003220780967853591,1.0
5.742000000000252,-5.742000000000252,-0.0032175634044491423,0.0032175634044491423,1.0
5.743000000000253,-5.743000000000253,-0.0032143490553937486,0.0032143490553937486,1.0
5.744000000000253,-5.744000000000253,-0.0032111379174762722,0.0032111379174762722,1.0
5.745000000000253,-5.745000000000253,-0.003207929987488784,0.003207929987488784,1.0
5.746000000000254,-5.746000000000254,-0.0032047252622265576,0.0032047252622265576,1.0
5.747000000000254,-5.747000000000254,-0.0032015237384880693,0.0032015237384880693,1.0
5.748000000000254,-5.748000000000254,-0.003198325413074994,0.003198325413074994,1.0
5.749000000000255,-5.749000000000255,-0.003195130282792202,0.003195130282792202,1.0
5.750000000000255,-5.750000000000255,-0.003191938344447754,0.003191938344447754,1.0
5.751000000000255,-5.751000000000255,-0.003188749594852901,0.003188749594852901,1.0
5.752000000000256,-5.752000000000256,-0.0031855640308220785,0.0031855640308220785,1.0
5.753000000000256,-5.753000000000256,-0.0031823816491729057,0.0031823816491729057,1.0
5.754000000000256,-5.754000000000256,-0.00317920244672618,0.00317920244672618,1.0
5.755000000000257,-5.755000000000257,-0.003176026420305874,0.003176026420305874,1.0
5.756000000000257,-5.756000000000257,-0.003172853566739135,0.003172853566739135,1.0
5.757000000000257,-5.757000000000257,-0.003169683882856279,0.003169683882856279,1.0
5.758000000000258,-5.758000000000258,-0.003166517365490788,0.003166517365490788,1.0
5.759000000000258,-5.759000000000258,-0.003163354011479309,0.003163354011479309,1.0
5.760000000000258,-5.760000000000258,-0.003160193817661647,0.003160193817661647,1.0
5.761000000000259,-5.761000000000259,-0.003157036780880766,0.003157036780880766,1.0
5.762000000000259,-5.762000000000259,-0.0031538828979827834,0.0031538828979827834,1.0
5.763000000000259,-5.763000000000259,-0.003150732165816966,0.003150732165816966,1.0
5.76400000000026,-5.76400000000026,-0.0031475845812357307,0.0031475845812357307,1.0
5.76500000000026,-5.76500000000026,-0.003144440141094636,0.003144440141094636,1.0
5.76600000000026,-5.76600000000026,-0.0031412988422523836,0.0031412988422523836,1.0
5.767000000000261,-5.767000000000261,-0.0031381606815708125,0.0031381606815708125,1.0
5.768000000000261,-5.768000000000261,-0.003135025655914898,0.003135025655914898,1.0
5.769000000000261,-5.769000000000261,-0.0031318937621527447,0.0031318937621527447,1.0
5.770000000000262,-5.770000000000262,-0.0031287649971555895,0.0031287649971555895,1.0
5.771000000000262,-5.771000000000262,-0.0031256393577977913,0.0031256393577977913,1.0
5.772000000000262,-5.772000000000262,-0.0031225168409568346,0.0031225168409568346,1.0
5.773000000000263,-5.773000000000263,-0.003119397443513321,0.003119397443513321,1.0
5.774000000000263,-5.774000000000263,-0.0031162811623509697,0.0031162811623509697,1.0
5.775000000000263,-5.775000000000263,-0.0031131679943566136,0.0031131679943566136,1.0
5.776000000000264,-5.776000000000264,-0.0031100579364201934,0.0031100579364201934,1.0
5.777000000000264,-5.777000000000264,-0.0031069509854347588,0.0031069509854347588,1.0
5.778000000000264,-5.778000000000264,-0.0031038471382964627,0.0031038471382964627,1.0
5.779000000000265,-5.779000000000265,-0.0031007463919045576,0.0031007463919045576,1.0
5.780000000000265,-5.780000000000265,-0.0030976487431613967,0.0030976487431613967,1.0
5.781000000000265,-5.781000000000265,-0.0030945541889724243,0.0030945541889724243,1.0
5.782000000000266,-5.782000000000266,-0.003091462726246178,0.003091462726246178,1.0
5.783000000000266,-5.783000000000266,-0.0030883743518942837,0.0030883743518942837,1.0
5.784000000000266,-5.784000000000266,-0.0030852890628314525,0.0030852890628314525,1.0
5.785000000000267,-5.785000000000267,-0.0030822068559754772,0.0030822068559754772,1.0
5.786000000000267,-5.786000000000267,-0.00307912772824723,0.00307912772824723,1.0
5.787000000000267,-5.787000000000267,-0.0030760516765706595,0.0030760516765706595,1.0
5.788000000000268,-5.788000000000268,-0.0030729786978727865,0.0030729786978727865,1.0
5.789000000000268,-5.789000000000268,-0.0030699087890837034,0.0030699087890837034,1.0
5.790000000000268,-5.790000000000268,-0.003066841947136567,0.003066841947136567,1.0
5.791000000000269,-5.791000000000269,-0.003063778168967599,0.003063778168967599,1.0
5.792000000000269,-5.792000000000269,-0.003060717451516083,0.003060717451516083,1.0
5.793000000000269,-5.793000000000269,-0.0030576597917243587,0.0030576597917243587,1.0
5.79400000000027,-5.79400000000027,-0.003054605186537821,0.003054605186537821,1.0
5.79500000000027,-5.79500000000027,-0.003051553632904916,0.003051553632904916,1.0
5.79600000000027,-5.79600000000027,-0.0030485051277771387,0.0030485051277771387,1.0
5.797000000000271,-5.797000000000271,-0.0030454596681090294,0.0030454596681090294,1.0
5.798000000000271,-5.798000000000271,-0.0030424172508581714,0.0030424172508581714,1.0
5.799000000000271,-5.799000000000271,-0.0030393778729851857,0.0030393778729851857,1.0
5.800000000000272,-5.800000000000272,-0.0030363415314537327,0.0030363415314537327,1.0
5.801000000000272,-5.801000000000272,-0.003033308223230502,0.003033308223230502,1.0
5.802000000000272,-5.802000000000272,-0.003030277945285217,0.003030277945285217,1.0
5.803000000000273,-5.803000000000273,-0.0030272506945906263,0.0030272506945906263,1.0
5.804000000000273,-5.804000000000273,-0.0030242264681225035,0.0030242264681225035,1.0
5.805000000000273,-5.805000000000273,-0.0030212052628596437,0.0030212052628596437,1.0
5.806000000000274,-5.806000000000274,-0.0030181870757838604,0.0030181870757838604,1.0
5.807000000000274,-5.807000000000274,-0.0030151719038799805,0.0030151719038799805,1.0
5.808000000000274,-5.808000000000274,-0.0030121597441358445,0.0030121597441358445,1.0
5.809000000000275,-5.809000000000275,-0.003009150593542302,0.003009150593542302,1.0
5.810000000000275,-5.810000000000275,-0.003006144449093209,0.003006144449093209,1.0
5.811000000000275,-5.811000000000275,-0.003003141307785423,0.003003141307785423,1.0
5.812000000000276,-5.812000000000276,-0.0030001411666188047,0.0030001411666188047,1.0
5.813000000000276,-5.813000000000276,-0.002997144022596208,0.002997144022596208,1.0
5.814000000000276,-5.814000000000276,-0.002994149872723485,0.002994149872723485,1.0
5.815000000000277,-5.815000000000277,-0.0029911587140094755,0.0029911587140094755,1.0
5.816000000000277,-5.816000000000277,-0.0029881705434660097,0.0029881705434660097,1.0
5.817000000000277,-5.817000000000277,-0.002985185358107902,0.002985185358107902,1.0
5.818000000000278,-5.818000000000278,-0.0029822031549529486,0.0029822031549529486,1.0
5.819000000000278,-5.819000000000278,-0.002979223931021927,0.002979223931021927,1.0
5.820000000000278,-5.820000000000278,-0.002976247683338589,0.002976247683338589,1.0
5.821000000000279,-5.821000000000279,-0.0029732744089296585,0.0029732744089296585,1.0
5.822000000000279,-5.822000000000279,-0.0029703041048248337,0.0029703041048248337,1.0
5.823000000000279,-5.823000000000279,-0.0029673367680567767,0.0029673367680567767,1.0
5.82400000000028,-5.82400000000028,-0.0029643723956611157,0.0029643723956611157,1.0
5.82500000000028,-5.82500000000028,-0.002961410984676439,0.002961410984676439,1.0
5.82600000000028,-5.82600000000028,-0.002958452532144295,0.002958452532144295,1.0
5.827000000000281,-5.827000000000281,-0.0029554970351091856,0.0029554970351091856,1.0
5.828000000000281,-5.828000000000281,-0.002952544490618567,0.002952544490618567,1.0
5.829000000000281,-5.829000000000281,-0.0029495948957228442,0.0029495948957228442,1.0
5.830000000000282,-5.830000000000282,-0.0029466482474753693,0.0029466482474753693,1.0
5.831000000000282,-5.831000000000282,-0.002943704542932437,0.002943704542932437,1.0
5.832000000000282,-5.832000000000282,-0.0029407637791532834,0.0029407637791532834,1.0
5.833000000000283,-5.833000000000283,-0.002937825953200083,0.002937825953200083,1.0
5.834000000000283,-5.834000000000283,-0.002934891062137945,0.002934891062137945,1.0
5.835000000000283,-5.835000000000283,-0.00293195910303491,0.00293195910303491,1.0
5.836000000000284,-5.836000000000284,-0.0029290300729619486,0.0029290300729619486,1.0
5.837000000000284,-5.837000000000284,-0.0029261039689929555,0.0029261039689929555,1.0
5.838000000000284,-5.838000000000284,-0.002923180788204751,0.002923180788204751,1.0
5.839000000000285,-5.839000000000285,-0.002920260527677074,0.002920260527677074,1.0
5.840000000000285,-5.840000000000285,-0.0029173431844925816,0.0029173431844925816,1.0
5.841000000000285,-5.841000000000285,-0.002914428755736845,0.002914428755736845,1.0
5.842000000000286,-5.842000000000286,-0.0029115172384983463,0.0029115172384983463,1.0
5.843000000000286,-5.843000000000286,-0.0029086086298684777,0.0029086086298684777,1.0
5.844000000000286,-5.844000000000286,-0.002905702926941536,0.002905702926941536,1.0
5.845000000000287,-5.845000000000287,-0.002902800126814721,0.002902800126814721,1.0
5.846000000000287,-5.846000000000287,-0.0028999002265881328,0.0028999002265881328,1.0
5.847000000000287,-5.847000000000287,-0.002897003223364768,0.002897003223364768,1.0
5.848000000000288,-5.848000000000288,-0.002894109114250518,0.002894109114250518,1.0
5.849000000000288,-5.849000000000288,-0.002891217896354164,0.002891217896354164,1.0
5.850000000000288,-5.850000000000288,-0.0028883295667873764,0.0028883295667873764,1.0
5.851000000000289,-5.851000000000289,-0.0028854441226647113,0.0028854441226647113,1.0
5.852000000000289,-5.852000000000289,-0.002882561561103608,0.002882561561103608,1.0
5.853000000000289,-5.853000000000289,-0.0028796818792243837,0.0028796818792243837,1.0
5.85400000000029,-5.85400000000029,-0.0028768050741502338,0.0028768050741502338,1.0
5.85500000000029,-5.85500000000029,-0.002873931143007226,0.002873931143007226,1.0
5.85600000000029,-5.85600000000029,-0.002871060082924302,0.002871060082924302,1.0
5.857000000000291,-5.857000000000291,-0.0028681918910332684,0.0028681918910332684,1.0
5.858000000000291,-5.858000000000291,-0.0028653265644688,0.0028653265644688,1.0
5.859000000000291,-5.859000000000291,-0.0028624641003684313,0.0028624641003684313,1.0
5.860000000000292,-5.860000000000292,-0.002859604495872559,0.002859604495872559,1.0
5.861000000000292,-5.861000000000292,-0.002856747748124435,0.002856747748124435,1.0
5.862000000000292,-5.862000000000292,-0.0028538938542701647,0.0028538938542701647,1.0
5.863000000000293,-5.863000000000293,-0.0028510428114587065,0.0028510428114587065,1.0
5.864000000000293,-5.864000000000293,-0.002848194616841865,0.002848194616841865,1.0
5.865000000000293,-5.865000000000293,-0.00284534926757429,0.00284534926757429,1.0
5.866000000000294,-5.866000000000294,-0.002842506760813477,0.002842506760813477,1.0
5.867000000000294,-5.867000000000294,-0.0028396670937197574,0.0028396670937197574,1.0
5.868000000000294,-5.868000000000294,-0.002836830263456301,0.002836830263456301,1.0
5.869000000000295,-5.869000000000295,-0.0028339962671891116,0.0028339962671891116,1.0
5.870000000000295,-5.870000000000295,-0.0028311651020870242,0.0028311651020870242,1.0
5.871000000000295,-5.871000000000295,-0.0028283367653217026,0.0028283367653217026,1.0
5.872000000000296,-5.872000000000296,-0.0028255112540676347,0.0028255112540676347,1.0
5.873000000000296,-5.873000000000296,-0.0028226885655021324,0.0028226885655021324,1.0
5.874000000000296,-5.874000000000296,-0.002819868696805327,0.002819868696805327,1.0
5.875000000000297,-5.875000000000297,-0.002817051645160167,0.002817051645160167,1.0
5.876000000000297,-5.876000000000297,-0.002814237407752415,0.002814237407752415,1.0
5.877000000000297,-5.877000000000297,-0.002811425981770644,0.002811425981770644,1.0
5.878000000000298,-5.878000000000298,-0.002808617364406238,0.002808617364406238,1.0
5.879000000000298,-5.879000000000298,-0.0028058115528533847,0.0028058115528533847,1.0
5.880000000000298,-5.880000000000298,-0.0028030085443090757,0.0028030085443090757,1.0
5.881000000000299,-5.881000000000299,-0.002800208335973103,0.002800208335973103,1.0
5.882000000000299,-5.882000000000299,-0.002797410925048055,0.002797410925048055,1.0
5.883000000000299,-5.883000000000299,-0.0027946163087393156,0.0027946163087393156,1.0
5.8840000000003,-5.8840000000003,-0.00279182448425506,0.00279182448425506,1.0
5.8850000000003,-5.8850000000003,-0.002789035448806254,0.002789035448806254,1.0
5.8860000000003,-5.8860000000003,-0.002786249199606647,0.002786249199606647,1.0
5.887000000000301,-5.887000000000301,-0.0027834657338727748,0.0027834657338727748,1.0
5.888000000000301,-5.888000000000301,-0.0027806850488239507,0.0027806850488239507,1.0
5.889000000000301,-5.889000000000301,-0.002777907141682268,0.002777907141682268,1.0
5.890000000000302,-5.890000000000302,-0.0027751320096725957,0.0027751320096725957,1.0
5.891000000000302,-5.891000000000302,-0.002772359650022573,0.002772359650022573,1.0
5.892000000000302,-5.892000000000302,-0.0027695900599626106,0.0027695900599626106,1.0
5.893000000000303,-5.893000000000303,-0.0027668232367258844,0.0027668232367258844,1.0
5.894000000000303,-5.894000000000303,-0.002764059177548336,0.002764059177548336,1.0
5.895000000000303,-5.895000000000303,-0.002761297879668667,0.002761297879668667,1.0
5.896000000000304,-5.896000000000304,-0.002758539340328339,0.002758539340328339,1.0
5.897000000000304,-5.897000000000304,-0.002755783556771567,0.002755783556771567,1.0
5.898000000000304,-5.898000000000304,-0.0027530305262453217,0.0027530305262453217,1.0
5.899000000000305,-5.899000000000305,-0.0027502802459993224,0.0027502802459993224,1.0
5.900000000000305,-5.900000000000305,-0.002747532713286036,0.002747532713286036,1.0
5.901000000000305,-5.901000000000305,-0.002744787925360675,0.002744787925360675,1.0
5.902000000000306,-5.902000000000306,-0.002742045879481194,0.002742045879481194,1.0
5.903000000000306,-5.903000000000306,-0.002739306572908286,0.002739306572908286,1.0
5.904000000000306,-5.904000000000306,-0.00273657000290538,0.00273657000290538,1.0
5.905000000000307,-5.905000000000307,-0.002733836166738642,0.002733836166738642,1.0
5.906000000000307,-5.906000000000307,-0.0027311050616769645,0.0027311050616769645,1.0
5.907000000000307,-5.907000000000307,-0.0027283766849919722,0.0027283766849919722,1.0
5.908000000000308,-5.908000000000308,-0.0027256510339580143,0.0027256510339580143,1.0
5.909000000000308,-5.909000000000308,-0.0027229281058521624,0.0027229281058521624,1.0
5.910000000000308,-5.910000000000308,-0.0027202078979542085,0.0027202078979542085,1.0
5.911000000000309,-5.911000000000309,-0.002717490407546662,0.002717490407546662,1.0
5.912000000000309,-5.912000000000309,-0.002714775631914747,0.002714775631914747,1.0
5.913000000000309,-5.913000000000309,-0.002712063568346401,0.002712063568346401,1.0
5.91400000000031,-5.91400000000031,-0.002709354214132269,0.002709354214132269,1.0
5.91500000000031,-5.91500000000031,-0.0027066475665657036,0.0027066475665657036,1.0
5.91600000000031,-5.91600000000031,-0.00270394362294276,0.00270394362294276,1.0
5.917000000000311,-5.917000000000311,-0.0027012423805621985,0.0027012423805621985,1.0
5.918000000000311,-5.918000000000311,-0.002698543836725473,0.002698543836725473,1.0
5.919000000000311,-5.919000000000311,-0.0026958479887367365,0.0026958479887367365,1.0
5.920000000000312,-5.920000000000312,-0.0026931548339028336,0.0026931548339028336,1.0
5.921000000000312,-5.921000000000312,-0.0026904643695333003,0.0026904643695333003,1.0
5.922000000000312,-5.922000000000312,-0.00268777659294036,0.00268777659294036,1.0
5.923000000000313,-5.923000000000313,-0.002685091501438921,0.002685091501438921,1.0
5.924000000000313,-5.924000000000313,-0.002682409092346574,0.002682409092346574,1.0
5.925000000000313,-5.925000000000313,-0.0026797293629835903,0.0026797293629835903,1.0
5.926000000000314,-5.926000000000314,-0.0026770523106729176,0.0026770523106729176,1.0
5.927000000000314,-5.927000000000314,-0.0026743779327401775,0.0026743779327401775,1.0
5.928000000000314,-5.928000000000314,-0.002671706226513664,0.002671706226513664,1.0
5.929000000000315,-5.929000000000315,-0.00266903718932434,0.00266903718932434,1.0
5.930000000000315,-5.930000000000315,-0.0026663708185058342,0.0026663708185058342,1.0
5.931000000000315,-5.931000000000315,-0.0026637071113944396,0.0026637071113944396,1.0
5.932000000000316,-5.932000000000316,-0.002661046065329111,0.002661046065329111,1.0
5.933000000000316,-5.933000000000316,-0.002658387677651459,0.002658387677651459,1.0
5.934000000000316,-5.934000000000316,-0.002655731945705754,0.002655731945705754,1.0
5.935000000000317,-5.935000000000317,-0.0026530788668389146,0.0026530788668389146,1.0
5.936000000000317,-5.936000000000317,-0.002650428438400514,0.002650428438400514,1.0
5.937000000000317,-5.937000000000317,-0.0026477806577427715,0.0026477806577427715,1.0
5.938000000000318,-5.938000000000318,-0.002645135522220551,0.002645135522220551,1.0
5.939000000000318,-5.939000000000318,-0.0026424930291913595,0.0026424930291913595,1.0
5.940000000000318,-5.940000000000318,-0.002639853176015344,0.002639853176015344,1.0
5.941000000000319,-5.941000000000319,-0.0026372159600552884,0.0026372159600552884,1.0
5.942000000000319,-5.942000000000319,-0.0026345813786766118,0.0026345813786766118,1.0
5.943000000000319,-5.943000000000319,-0.0026319494292473644,0.0026319494292473644,1.0
5.94400000000032,-5.94400000000032,-0.0026293201091382263,0.0026293201091382263,1.0
5.94500000000032,-5.94500000000032,-0.0026266934157225036,0.0026266934157225036,1.0
5.94600000000032,-5.94600000000032,-0.002624069346376127,0.002624069346376127,1.0
5.947000000000321,-5.947000000000321,-0.0026214478984776498,0.0026214478984776498,1.0
5.948000000000321,-5.948000000000321,-0.0026188290694082413,0.0026188290694082413,1.0
5.949000000000321,-5.949000000000321,-0.0026162128565516895,0.0026162128565516895,1.0
5.950000000000322,-5.950000000000322,-0.0026135992572943953,0.0026135992572943953,1.0
5.951000000000322,-5.951000000000322,-0.00261098826902537,0.00261098826902537,1.0
5.952000000000322,-5.952000000000322,-0.0026083798891362335,0.0026083798891362335,1.0
5.953000000000323,-5.953000000000323,-0.002605774115021212,0.002605774115021212,1.0
5.954000000000323,-5.954000000000323,-0.002603170944077135,0.002603170944077135,1.0
5.955000000000323,-5.955000000000323,-0.002600570373703432,0.002600570373703432,1.0
5.956000000000324,-5.956000000000324,-0.0025979724013021296,0.0025979724013021296,1.0
5.957000000000324,-5.957000000000324,-0.0025953770242778517,0.0025953770242778517,1.0
5.958000000000324,-5.958000000000324,-0.002592784240037814,0.002592784240037814,1.0
5.959000000000325,-5.959000000000325,-0.0025901940459918224,0.0025901940459918224,1.0
5.960000000000325,-5.960000000000325,-0.00258760643955227,0.00258760643955227,1.0
5.961000000000325,-5.961000000000325,-0.002585021418134136,0.002585021418134136,1.0
5.962000000000326,-5.962000000000326,-0.002582438979154981,0.002582438979154981,1.0
5.963000000000326,-5.963000000000326,-0.002579859120034946,0.002579859120034946,1.0
5.964000000000326,-5.964000000000326,-0.002577281838196749,0.002577281838196749,1.0
5.965000000000327,-5.965000000000327,-0.0025747071310656833,0.0025747071310656833,1.0
5.966000000000327,-5.966000000000327,-0.0025721349960696137,0.0025721349960696137,1.0
5.967000000000327,-5.967000000000327,-0.0025695654306389752,0.0025695654306389752,1.0
5.968000000000328,-5.968000000000328,-0.0025669984322067682,0.0025669984322067682,1.0
5.969000000000328,-5.969000000000328,-0.0025644339982085597,0.0025644339982085597,1.0
5.970000000000328,-5.970000000000328,-0.002561872126082477,0.002561872126082477,1.0
5.971000000000329,-5.971000000000329,-0.002559312813269208,0.002559312813269208,1.0
5.972000000000329,-5.972000000000329,-0.002556756057211996,0.002556756057211996,1.0
5.973000000000329,-5.973000000000329,-0.0025542018553566396,0.0025542018553566396,1.0
5.97400000000033,-5.97400000000033,-0.002551650205151488,0.002551650205151488,1.0
5.97500000000033,-5.97500000000033,-0.002549101104047441,0.002549101104047441,1.0
5.97600000000033,-5.97600000000033,-0.0025465545494979427,0.0025465545494979427,1.0
5.977000000000331,-5.977000000000331,-0.002544010538958984,0.002544010538958984,1.0
5.978000000000331,-5.978000000000331,-0.0025414690698890956,0.0025414690698890956,1.0
5.979000000000331,-5.979000000000331,-0.0025389301397493458,0.0025389301397493458,1.0
5.980000000000332,-5.980000000000332,-0.002536393746003342,0.002536393746003342,1.0
5.981000000000332,-5.981000000000332,-0.002533859886117225,0.002533859886117225,1.0
5.982000000000332,-5.982000000000332,-0.0025313285575596653,0.0025313285575596653,1.0
5.983000000000333,-5.983000000000333,-0.0025287997578018633,0.0025287997578018633,1.0
5.984000000000333,-5.984000000000333,-0.002526273484317546,0.002526273484317546,1.0
5.985000000000333,-5.985000000000333,-0.002523749734582963,0.002523749734582963,1.0
5.986000000000334,-5.986000000000334,-0.0025212285060768865,0.0025212285060768865,1.0
5.987000000000334,-5.987000000000334,-0.0025187097962806057,0.0025187097962806057,1.0
5.988000000000334,-5.988000000000334,-0.002516193602677928,0.002516193602677928,1.0
5.989000000000335,-5.989000000000335,-0.002513679922755173,0.002513679922755173,1.0
5.990000000000335,-5.990000000000335,-0.002511168754001172,0.002511168754001172,1.0
5.991000000000335,-5.991000000000335,-0.0025086600939072646,0.0025086600939072646,1.0
5.992000000000336,-5.992000000000336,-0.0025061539399672977,0.0025061539399672977,1.0
5.993000000000336,-5.993000000000336,-0.00250365028967762,0.00250365028967762,1.0
5.994000000000336,-5.994000000000336,-0.0025011491405370827,0.0025011491405370827,1.0
5.995000000000337,-5.995000000000337,-0.0024986504900470353,0.0024986504900470353,1.0
5.996000000000337,-5.996000000000337,-0.002496154335711324,0.002496154335711324,1.0
5.997000000000337,-5.997000000000337,-0.002493660675036288,0.002493660675036288,1.0
5.998000000000338,-5.998000000000338,-0.0024911695055307576,0.0024911695055307576,1.0
5.999000000000338,-5.999000000000338,-0.0024886808247060513,0.0024886808247060513,1.0
6.000000000000338,-6.000000000000338,-0.0024861946300759755,0.0024861946300759755,1.0
6.001000000000339,-6.001000000000339,-0.002483710919156819,0.002483710919156819,1.0
6.002000000000339,-6.002000000000339,-0.002481229689467351,0.002481229689467351,1.0
6.003000000000339,-6.003000000000339,-0.0024787509385288224,0.0024787509385288224,1.0
6.00400000000034,-6.00400000000034,-0.0024762746638649575,0.0024762746638649575,1.0
6.00500000000034,-6.00500000000034,-0.002473800863001956,0.002473800863001956,1.0
6.00600000000034,-6.00600000000034,-0.0024713295334684877,0.0024713295334684877,1.0
6.007000000000341,-6.007000000000341,-0.002468860672795692,0.002468860672795692,1.0
6.008000000000341,-6.008000000000341,-0.002466394278517175,0.002466394278517175,1.0
6.009000000000341,-6.009000000000341,-0.002463930348169006,0.002463930348169006,1.0
6.010000000000342,-6.010000000000342,-0.002461468879289716,0.002461468879289716,1.0
6.011000000000342,-6.011000000000342,-0.002459009869420296,0.002459009869420296,1.0
6.012000000000342,-6.012000000000342,-0.0024565533161041916,0.0024565533161041916,1.0
6.013000000000343,-6.013000000000343,-0.002454099216887304,0.002454099216887304,1.0
6.014000000000343,-6.014000000000343,-0.002451647569317986,0.002451647569317986,1.0
6.015000000000343,-6.015000000000343,-0.002449198370947039,0.002449198370947039,1.0
6.016000000000344,-6.016000000000344,-0.002446751619327711,0.002446751619327711,1.0
6.017000000000344,-6.017000000000344,-0.002444307312015695,0.002444307312015695,1.0
6.018000000000344,-6.018000000000344,-0.0024418654465691264,0.0024418654465691264,1.0
6.019000000000345,-6.019000000000345,-0.0024394260205485778,0.0024394260205485778,1.0
6.020000000000345,-6.020000000000345,-0.0024369890315170607,0.0024369890315170607,1.0
6.021000000000345,-6.021000000000345,-0.002434554477040021,0.002434554477040021,1.0
6.022000000000346,-6.022000000000346,-0.0024321223546853355,0.0024321223546853355,1.0
6.023000000000346,-6.023000000000346,-0.0024296926620233123,0.0024296926620233123,1.0
6.024000000000346,-6.024000000000346,-0.002427265396626685,0.002427265396626685,1.0
6.025000000000347,-6.025000000000347,-0.002424840556070614,0.002424840556070614,1.0
6.026000000000347,-6.026000000000347,-0.0024224181379326817,0.0024224181379326817,1.0
6.027000000000347,-6.027000000000347,-0.002419998139792889,0.002419998139792889,1.0
6.028000000000348,-6.028000000000348,-0.0024175805592336554,0.0024175805592336554,1.0
6.029000000000348,-6.029000000000348,-0.0024151653938398153,0.0024151653938398153,1.0
6.030000000000348,-6.030000000000348,-0.0024127526411986166,0.0024127526411986166,1.0
6.031000000000349,-6.031000000000349,-0.0024103422988997173,0.0024103422988997173,1.0
6.032000000000349,-6.032000000000349,-0.002407934364535182,0.002407934364535182,1.0
6.033000000000349,-6.033000000000349,-0.002405528835699482,0.002405528835699482,1.0
6.03400000000035,-6.03400000000035,-0.0024031257099894924,0.0024031257099894924,1.0
6.03500000000035,-6.03500000000035,-0.002400724985004488,0.002400724985004488,1.0
6.03600000000035,-6.03600000000035,-0.002398326658346142,0.002398326658346142,1.0
6.037000000000351,-6.037000000000351,-0.0023959307276185233,0.0023959307276185233,1.0
6.038000000000351,-6.038000000000351,-0.002393537190428095,0.002393537190428095,1.0
6.039000000000351,-6.039000000000351,-0.002391146044383712,0.002391146044383712,1.0
6.040000000000352,-6.040000000000352,-0.002388757287096615,0.002388757287096615,1.0
6.041000000000352,-6.041000000000352,-0.002386370916180435,0.002386370916180435,1.0
6.042000000000352,-6.042000000000352,-0.002383986929251184,0.002383986929251184,1.0
6.043000000000353,-6.043000000000353,-0.0023816053239272563,0.0023816053239272563,1.0
6.044000000000353,-6.044000000000353,-0.002379226097829427,0.002379226097829427,1.0
6.045000000000353,-6.045000000000353,-0.0023768492485808463,0.0023768492485808463,1.0
6.046000000000354,-6.046000000000354,-0.0023744747738070394,0.0023744747738070394,1.0
6.047000000000354,-6.047000000000354,-0.0023721026711359034,0.0023721026711359034,1.0
6.048000000000354,-6.048000000000354,-0.002369732938197706,0.002369732938197706,1.0
6.049000000000355,-6.049000000000355,-0.0023673655726250808,0.0023673655726250808,1.0
6.050000000000355,-6.050000000000355,-0.0023650005720530277,0.0023650005720530277,1.0
6.051000000000355,-6.051000000000355,-0.0023626379341189093,0.0023626379341189093,1.0
6.052000000000356,-6.052000000000356,-0.002360277656462447,0.002360277656462447,1.0
6.053000000000356,-6.053000000000356,-0.002357919736725721,0.002357919736725721,1.0
6.054000000000356,-6.054000000000356,-0.0023555641725531676,0.0023555641725531676,1.0
6.055000000000357,-6.055000000000357,-0.0023532109615915764,0.0023532109615915764,1.0
6.056000000000357,-6.056000000000357,-0.0023508601014900865,0.0023508601014900865,1.0
6.057000000000357,-6.057000000000357,-0.002348511589900186,0.002348511589900186,1.0
6.058000000000358,-6.058000000000358,-0.0023461654244757105,0.0023461654244757105,1.0
6.059000000000358,-6.059000000000358,-0.002343821602872838,0.002343821602872838,1.0
6.060000000000358,-6.060000000000358,-0.002341480122750088,0.002341480122750088,1.0
6.061000000000359,-6.061000000000359,-0.0023391409817683194,0.0023391409817683194,1.0
6.062000000000359,-6.062000000000359,-0.0023368041775907286,0.0023368041775907286,1.0
6.063000000000359,-6.063000000000359,-0.0023344697078828457,0.0023344697078828457,1.0
6.06400000000036,-6.06400000000036,-0.002332137570312533,0.002332137570312533,1.0
6.06500000000036,-6.06500000000036,-0.0023298077625499834,0.0023298077625499834,1.0
6.06600000000036,-6.06600000000036,-0.0023274802822677155,0.0023274802822677155,1.0
6.067000000000361,-6.067000000000361,-0.002325155127140575,0.002325155127140575,1.0
6.068000000000361,-6.068000000000361,-0.0023228322948457294,0.0023228322948457294,1.0
6.069000000000361,-6.069000000000361,-0.0023205117830626667,0.0023205117830626667,1.0
6.070000000000362,-6.070000000000362,-0.0023181935894731934,0.0023181935894731934,1.0
6.071000000000362,-6.071000000000362,-0.002315877711761432,0.002315877711761432,1.0
6.072000000000362,-6.072000000000362,-0.0023135641476138176,0.0023135641476138176,1.0
6.073000000000363,-6.073000000000363,-0.0023112528947190985,0.0023112528947190985,1.0
6.074000000000363,-6.074000000000363,-0.00230894395076833,0.00230894395076833,1.0
6.075000000000363,-6.075000000000363,-0.002306637313454875,0.002306637313454875,1.0
6.076000000000364,-6.076000000000364,-0.002304332980474401,0.002304332980474401,1.0
6.077000000000364,-6.077000000000364,-0.0023020309495248763,0.0023020309495248763,1.0
6.0780000000003644,-6.0780000000003644,-0.0022997312183065696,0.0022997312183065696,1.0
6.079000000000365,-6.079000000000365,-0.0022974337845220474,0.0022974337845220474,1.0
6.080000000000365,-6.080000000000365,-0.0022951386458761715,0.0022951386458761715,1.0
6.0810000000003654,-6.0810000000003654,-0.002292845800076095,0.002292845800076095,1.0
6.082000000000366,-6.082000000000366,-0.0022905552448312643,0.0022905552448312643,1.0
6.083000000000366,-6.083000000000366,-0.002288266977853411,0.002288266977853411,1.0
6.0840000000003664,-6.0840000000003664,-0.0022859809968565543,0.0022859809968565543,1.0
6.085000000000367,-6.085000000000367,-0.0022836972995569976,0.0022836972995569976,1.0
6.086000000000367,-6.086000000000367,-0.002281415883673325,0.002281415883673325,1.0
6.0870000000003675,-6.0870000000003675,-0.002279136746926398,0.002279136746926398,1.0
6.088000000000368,-6.088000000000368,-0.0022768598870393586,0.0022768598870393586,1.0
6.089000000000368,-6.089000000000368,-0.002274585301737621,0.002274585301737621,1.0
6.0900000000003685,-6.0900000000003685,-0.0022723129887488717,0.0022723129887488717,1.0
6.091000000000369,-6.091000000000369,-0.002270042945803069,0.002270042945803069,1.0
6.092000000000369,-6.092000000000369,-0.0022677751706324367,0.0022677751706324367,1.0
6.0930000000003695,-6.0930000000003695,-0.0022655096609714652,0.0022655096609714652,1.0
6.09400000000037,-6.09400000000037,-0.002263246414556908,0.002263246414556908,1.0
6.09500000000037,-6.09500000000037,-0.0022609854291277803,0.0022609854291277803,1.0
6.0960000000003705,-6.0960000000003705,-0.002258726702425355,0.002258726702425355,1.0
6.097000000000371,-6.097000000000371,-0.0022564702321931614,0.0022564702321931614,1.0
6.098000000000371,-6.098000000000371,-0.0022542160161769845,0.0022542160161769845,1.0
6.0990000000003715,-6.0990000000003715,-0.00225196405212486,0.00225196405212486,1.0
6.100000000000372,-6.100000000000372,-0.002249714337787073,0.002249714337787073,1.0
6.101000000000372,-6.101000000000372,-0.0022474668709161565,0.0022474668709161565,1.0
6.1020000000003725,-6.1020000000003725,-0.0022452216492668898,0.0022452216492668898,1.0
6.103000000000373,-6.103000000000373,-0.002242978670596293,0.002242978670596293,1.0
6.104000000000373,-6.104000000000373,-0.0022407379326636295,0.0022407379326636295,1.0
6.1050000000003735,-6.1050000000003735,-0.002238499433230399,0.002238499433230399,1.0
6.106000000000374,-6.106000000000374,-0.002236263170060339,0.002236263170060339,1.0
6.107000000000374,-6.107000000000374,-0.0022340291409194196,0.0022340291409194196,1.0
6.1080000000003745,-6.1080000000003745,-0.0022317973435758438,0.0022317973435758438,1.0
6.109000000000375,-6.109000000000375,-0.0022295677758000436,0.0022295677758000436,1.0
6.110000000000375,-6.110000000000375,-0.0022273404353646787,0.0022273404353646787,1.0
6.1110000000003755,-6.1110000000003755,-0.002225115320044634,0.002225115320044634,1.0
6.112000000000376,-6.112000000000376,-0.0022228924276170175,0.0022228924276170175,1.0
6.113000000000376,-6.113000000000376,-0.002220671755861156,0.002220671755861156,1.0
6.1140000000003765,-6.1140000000003765,-0.0022184533025585975,0.0022184533025585975,1.0
6.115000000000377,-6.115000000000377,-0.0022162370654931047,0.0022162370654931047,1.0
6.116000000000377,-6.116000000000377,-0.0022140230424506535,0.0022140230424506535,1.0
6.1170000000003775,-6.1170000000003775,-0.0022118112312194344,0.0022118112312194344,1.0
6.118000000000378,-6.118000000000378,-0.0022096016295898445,0.0022096016295898445,1.0
6.119000000000378,-6.119000000000378,-0.00220739423535449,0.00220739423535449,1.0
6.1200000000003785,-6.1200000000003785,-0.002205189046308182,0.002205189046308182,1.0
6.121000000000379,-6.121000000000379,-0.002202986060247934,0.002202986060247934,1.0
6.122000000000379,-6.122000000000379,-0.002200785274972961,0.002200785274972961,1.0
6.1230000000003795,-6.1230000000003795,-0.002198586688284676,0.002198586688284676,1.0
6.12400000000038,-6.12400000000038,-0.0021963902979866895,0.0021963902979866895,1.0
6.12500000000038,-6.12500000000038,-0.002194196101884805,0.002194196101884805,1.0
6.1260000000003805,-6.1260000000003805,-0.002192004097787018,0.002192004097787018,1.0
6.127000000000381,-6.127000000000381,-0.0021898142835035145,0.0021898142835035145,1.0
6.128000000000381,-6.128000000000381,-0.002187626656846668,0.002187626656846668,1.0
6.1290000000003815,-6.1290000000003815,-0.002185441215631037,0.002185441215631037,1.0
6.130000000000382,-6.130000000000382,-0.0021832579576733634,0.0021832579576733634,1.0
6.131000000000382,-6.131000000000382,-0.0021810768807925714,0.0021810768807925714,1.0
6.1320000000003825,-6.1320000000003825,-0.0021788979828097615,0.0021788979828097615,1.0
6.133000000000383,-6.133000000000383,-0.002176721261548213,0.002176721261548213,1.0
6.134000000000383,-6.134000000000383,-0.00217454671483338,0.00217454671483338,1.0
6.1350000000003835,-6.1350000000003835,-0.002172374340492887,0.002172374340492887,1.0
6.136000000000384,-6.136000000000384,-0.00217020413635653,0.00217020413635653,1.0
6.137000000000384,-6.137000000000384,-0.0021680361002562737,0.0021680361002562737,1.0
6.1380000000003845,-6.1380000000003845,-0.0021658702300262475,0.0021658702300262475,1.0
6.139000000000385,-6.139000000000385,-0.002163706523502745,0.002163706523502745,1.0
6.140000000000385,-6.140000000000385,-0.002161544978524221,0.002161544978524221,1.0
6.1410000000003855,-6.1410000000003855,-0.0021593855929312893,0.0021593855929312893,1.0
6.142000000000386,-6.142000000000386,-0.0021572283645667225,0.0021572283645667225,1.0
6.143000000000386,-6.143000000000386,-0.002155073291275447,0.002155073291275447,1.0
6.1440000000003865,-6.1440000000003865,-0.0021529203709045423,0.0021529203709045423,1.0
6.145000000000387,-6.145000000000387,-0.002150769601303239,0.002150769601303239,1.0
6.146000000000387,-6.146000000000387,-0.002148620980322916,0.002148620980322916,1.0
6.1470000000003875,-6.1470000000003875,-0.002146474505817099,0.002146474505817099,1.0
6.148000000000388,-6.148000000000388,-0.0021443301756414574,0.0021443301756414574,1.0
6.149000000000388,-6.149000000000388,-0.0021421879876538036,0.0021421879876538036,1.0
6.1500000000003885,-6.1500000000003885,-0.0021400479397140895,0.0021400479397140895,1.0
6.151000000000389,-6.151000000000389,-0.0021379100296844054,0.0021379100296844054,1.0
6.152000000000389,-6.152000000000389,-0.002135774255428976,0.002135774255428976,1.0
6.1530000000003895,-6.1530000000003895,-0.0021336406148141623,0.0021336406148141623,1.0
6.15400000000039,-6.15400000000039,-0.002131509105708454,0.002131509105708454,1.0
6.15500000000039,-6.15500000000039,-0.0021293797259824714,0.0021293797259824714,1.0
6.1560000000003905,-6.1560000000003905,-0.002127252473508962,0.002127252473508962,1.0
6.157000000000391,-6.157000000000391,-0.0021251273461627995,0.0021251273461627995,1.0
6.158000000000391,-6.158000000000391,-0.0021230043418209786,0.0021230043418209786,1.0
6.1590000000003915,-6.1590000000003915,-0.002120883458362616,0.002120883458362616,1.0
6.160000000000392,-6.160000000000392,-0.0021187646936689473,0.0021187646936689473,1.0
6.161000000000392,-6.161000000000392,-0.002116648045623324,0.002116648045623324,1.0
6.1620000000003925,-6.1620000000003925,-0.0021145335121112133,0.0021145335121112133,1.0
6.163000000000393,-6.163000000000393,-0.002112421091020193,0.002112421091020193,1.0
6.164000000000393,-6.164000000000393,-0.002110310780239953,0.002110310780239953,1.0
6.1650000000003935,-6.1650000000003935,-0.002108202577662291,0.002108202577662291,1.0
6.166000000000394,-6.166000000000394,-0.0021060964811811097,0.0021060964811811097,1.0
6.167000000000394,-6.167000000000394,-0.0021039924886924175,0.0021039924886924175,1.0
6.1680000000003945,-6.1680000000003945,-0.002101890598094323,0.002101890598094323,1.0
6.169000000000395,-6.169000000000395,-0.002099790807287036,0.002099790807287036,1.0
6.170000000000395,-6.170000000000395,-0.0020976931141728633,0.0020976931141728633,1.0
6.1710000000003955,-6.1710000000003955,-0.002095597516656207,0.002095597516656207,1.0
6.172000000000396,-6.172000000000396,-0.0020935040126435637,0.0020935040126435637,1.0
6.173000000000396,-6.173000000000396,-0.00209141260004352,0.00209141260004352,1.0
6.1740000000003965,-6.1740000000003965,-0.0020893232767667537,0.0020893232767667537,1.0
6.175000000000397,-6.175000000000397,-0.0020872360407260277,0.0020872360407260277,1.0
6.176000000000397,-6.176000000000397,-0.0020851508898361913,0.0020851508898361913,1.0
6.1770000000003975,-6.1770000000003975,-0.0020830678220141773,0.0020830678220141773,1.0
6.178000000000398,-6.178000000000398,-0.002080986835178998,0.002080986835178998,1.0
6.179000000000398,-6.179000000000398,-0.0020789079272517464,0.0020789079272517464,1.0
6.1800000000003985,-6.1800000000003985,-0.0020768310961555908,0.0020768310961555908,1.0
6.181000000000399,-6.181000000000399,-0.0020747563398157754,0.0020747563398157754,1.0
6.182000000000399,-6.182000000000399,-0.002072683656159616,0.002072683656159616,1.0
6.1830000000003995,-6.1830000000003995,-0.0020706130431164993,0.0020706130431164993,1.0
6.1840000000004,-6.1840000000004,-0.0020685444986178816,0.0020685444986178816,1.0
6.1850000000004,-6.1850000000004,-0.002066478020597285,0.002066478020597285,1.0
6.1860000000004005,-6.1860000000004005,-0.0020644136069902946,0.0020644136069902946,1.0
6.187000000000401,-6.187000000000401,-0.0020623512557345603,0.0020623512557345603,1.0
6.188000000000401,-6.188000000000401,-0.0020602909647697903,0.0020602909647697903,1.0
6.1890000000004015,-6.1890000000004015,-0.0020582327320377526,0.0020582327320377526,1.0
6.190000000000402,-6.190000000000402,-0.0020561765554822707,0.0020561765554822707,1.0
6.191000000000402,-6.191000000000402,-0.0020541224330492213,0.0020541224330492213,1.0
6.1920000000004025,-6.1920000000004025,-0.002052070362686535,0.002052070362686535,1.0
6.193000000000403,-6.193000000000403,-0.002050020342344191,0.002050020342344191,1.0
6.194000000000403,-6.194000000000403,-0.0020479723699742165,0.0020479723699742165,1.0
6.1950000000004035,-6.1950000000004035,-0.0020459264435306857,0.0020459264435306857,1.0
6.196000000000404,-6.196000000000404,-0.0020438825609697163,0.0020438825609697163,1.0
6.197000000000404,-6.197000000000404,-0.002041840720249467,0.002041840720249467,1.0
6.1980000000004045,-6.1980000000004045,-0.002039800919330137,0.002039800919330137,1.0
6.199000000000405,-6.199000000000405,-0.002037763156173963,0.002037763156173963,1.0
6.200000000000405,-6.200000000000405,-0.0020357274287452175,0.0020357274287452175,1.0
6.2010000000004055,-6.2010000000004055,-0.002033693735010207,0.002033693735010207,1.0
6.202000000000406,-6.202000000000406,-0.0020316620729372696,0.0020316620729372696,1.0
6.203000000000406,-6.203000000000406,-0.0020296324404967727,0.0020296324404967727,1.0
6.2040000000004065,-6.2040000000004065,-0.002027604835661111,0.002027604835661111,1.0
6.205000000000407,-6.205000000000407,-0.0020255792564047065,0.0020255792564047065,1.0
6.206000000000407,-6.206000000000407,-0.0020235557007040024,0.0020235557007040024,1.0
6.2070000000004075,-6.2070000000004075,-0.0020215341665374646,0.0020215341665374646,1.0
6.208000000000408,-6.208000000000408,-0.002019514651885579,0.002019514651885579,1.0
6.209000000000408,-6.209000000000408,-0.002017497154730848,0.002017497154730848,1.0
6.2100000000004085,-6.2100000000004085,-0.00201548167305779,0.00201548167305779,1.0
6.211000000000409,-6.211000000000409,-0.002013468204852937,0.002013468204852937,1.0
6.212000000000409,-6.212000000000409,-0.002011456748104833,0.002011456748104833,1.0
6.2130000000004095,-6.2130000000004095,-0.0020094473008040285,0.0020094473008040285,1.0
6.21400000000041,-6.21400000000041,-0.0020074398609430857,0.0020074398609430857,1.0
6.21500000000041,-6.21500000000041,-0.002005434426516569,0.002005434426516569,1.0
6.2160000000004105,-6.2160000000004105,-0.0020034309955210485,0.0020034309955210485,1.0
6.217000000000411,-6.217000000000411,-0.0020014295659550934,0.0020014295659550934,1.0
6.218000000000411,-6.218000000000411,-0.001999430135819274,0.001999430135819274,1.0
6.2190000000004115,-6.2190000000004115,-0.001997432703116158,0.001997432703116158,1.0
6.220000000000412,-6.220000000000412,-0.0019954372658503076,0.0019954372658503076,1.0
6.221000000000412,-6.221000000000412,-0.0019934438220282793,0.0019934438220282793,1.0
6.2220000000004125,-6.2220000000004125,-0.001991452369658621,0.001991452369658621,1.0
6.223000000000413,-6.223000000000413,-0.0019894629067518693,0.0019894629067518693,1.0
6.224000000000413,-6.224000000000413,-0.0019874754313205486,0.0019874754313205486,1.0
6.2250000000004135,-6.2250000000004135,-0.0019854899413791695,0.0019854899413791695,1.0
6.226000000000414,-6.226000000000414,-0.001983506434944225,0.001983506434944225,1.0
6.227000000000414,-6.227000000000414,-0.0019815249100341905,0.0019815249100341905,1.0
6.2280000000004145,-6.2280000000004145,-0.0019795453646695212,0.0019795453646695212,1.0
6.229000000000415,-6.229000000000415,-0.0019775677968726485,0.0019775677968726485,1.0
6.230000000000415,-6.230000000000415,-0.0019755922046679805,0.0019755922046679805,1.0
6.2310000000004155,-6.2310000000004155,-0.0019736185860818986,0.0019736185860818986,1.0
6.232000000000416,-6.232000000000416,-0.0019716469391427563,0.0019716469391427563,1.0
6.233000000000416,-6.233000000000416,-0.0019696772618808755,0.0019696772618808755,1.0
6.2340000000004165,-6.2340000000004165,-0.001967709552328547,0.001967709552328547,1.0
6.235000000000417,-6.235000000000417,-0.001965743808520027,0.001965743808520027,1.0
6.236000000000417,-6.236000000000417,-0.001963780028491535,0.001963780028491535,1.0
6.2370000000004175,-6.2370000000004175,-0.001961818210281254,0.001961818210281254,1.0
6.238000000000418,-6.238000000000418,-0.0019598583519293243,0.0019598583519293243,1.0
6.239000000000418,-6.239000000000418,-0.0019579004514778467,0.0019579004514778467,1.0
6.2400000000004185,-6.2400000000004185,-0.0019559445069708757,0.0019559445069708757,1.0
6.241000000000419,-6.241000000000419,-0.0019539905164544214,0.0019539905164544214,1.0
6.242000000000419,-6.242000000000419,-0.001952038477976445,0.001952038477976445,1.0
6.2430000000004195,-6.2430000000004195,-0.0019500883895868582,0.0019500883895868582,1.0
6.24400000000042,-6.24400000000042,-0.0019481402493375208,0.0019481402493375208,1.0
6.24500000000042,-6.24500000000042,-0.0019461940552822387,0.0019461940552822387,1.0
6.2460000000004205,-6.2460000000004205,-0.0019442498054767618,0.0019442498054767618,1.0
6.247000000000421,-6.247000000000421,-0.001942307497978783,0.001942307497978783,1.0
6.248000000000421,-6.248000000000421,-0.0019403671308479353,0.0019403671308479353,1.0
6.2490000000004216,-6.2490000000004216,-0.0019384287021457893,0.0019384287021457893,1.0
6.250000000000422,-6.250000000000422,-0.0019364922099358534,0.0019364922099358534,1.0
6.251000000000422,-6.251000000000422,-0.0019345576522835698,0.0019345576522835698,1.0
6.2520000000004226,-6.2520000000004226,-0.0019326250272563134,0.0019326250272563134,1.0
6.253000000000423,-6.253000000000423,-0.0019306943329233898,0.0019306943329233898,1.0
6.254000000000423,-6.254000000000423,-0.0019287655673560337,0.0019287655673560337,1.0
6.2550000000004236,-6.2550000000004236,-0.0019268387286274064,0.0019268387286274064,1.0
6.256000000000424,-6.256000000000424,-0.0019249138148125938,0.0019249138148125938,1.0
6.257000000000424,-6.257000000000424,-0.001922990823988605,0.001922990823988605,1.0
6.258000000000425,-6.258000000000425,-0.0019210697542343708,0.0019210697542343708,1.0
6.259000000000425,-6.259000000000425,-0.0019191506036307401,0.0019191506036307401,1.0
6.260000000000425,-6.260000000000425,-0.0019172333702604796,0.0019172333702604796,1.0
6.261000000000426,-6.261000000000426,-0.0019153180522082714,0.0019153180522082714,1.0
6.262000000000426,-6.262000000000426,-0.0019134046475607106,0.0019134046475607106,1.0
6.263000000000426,-6.263000000000426,-0.0019114931544063044,0.0019114931544063044,1.0
6.264000000000427,-6.264000000000427,-0.0019095835708354686,0.0019095835708354686,1.0
6.265000000000427,-6.265000000000427,-0.001907675894940528,0.001907675894940528,1.0
6.266000000000427,-6.266000000000427,-0.0019057701248157122,0.0019057701248157122,1.0
6.267000000000428,-6.267000000000428,-0.0019038662585571552,0.0019038662585571552,1.0
6.268000000000428,-6.268000000000428,-0.0019019642942628922,0.0019019642942628922,1.0
6.269000000000428,-6.269000000000428,-0.0019000642300328592,0.0019000642300328592,1.0
6.270000000000429,-6.270000000000429,-0.0018981660639688903,0.0018981660639688903,1.0
6.271000000000429,-6.271000000000429,-0.0018962697941747155,0.0018962697941747155,1.0
6.272000000000429,-6.272000000000429,-0.0018943754187559594,0.0018943754187559594,1.0
6.27300000000043,-6.27300000000043,-0.0018924829358201393,0.0018924829358201393,1.0
6.27400000000043,-6.27400000000043,-0.0018905923434766624,0.0018905923434766624,1.0
6.27500000000043,-6.27500000000043,-0.0018887036398368257,0.0018887036398368257,1.0
6.276000000000431,-6.276000000000431,-0.001886816823013812,0.001886816823013812,1.0
6.277000000000431,-6.277000000000431,-0.0018849318911226892,0.0018849318911226892,1.0
6.278000000000431,-6.278000000000431,-0.0018830488422804088,0.0018830488422804088,1.0
6.279000000000432,-6.279000000000432,-0.001881167674605803,0.001881167674605803,1.0
6.280000000000432,-6.280000000000432,-0.0018792883862195837,0.0018792883862195837,1.0
6.281000000000432,-6.281000000000432,-0.0018774109752443392,0.0018774109752443392,1.0
6.282000000000433,-6.282000000000433,-0.0018755354398045346,0.0018755354398045346,1.0
6.283000000000433,-6.283000000000433,-0.0018736617780265078,0.0018736617780265078,1.0
6.284000000000433,-6.284000000000433,-0.0018717899880384692,0.0018717899880384692,1.0
6.285000000000434,-6.285000000000434,-0.001869920067970499,0.001869920067970499,1.0
6.286000000000434,-6.286000000000434,-0.0018680520159545444,0.0018680520159545444,1.0
6.287000000000434,-6.287000000000434,-0.00186618583012442,0.00186618583012442,1.0
6.288000000000435,-6.288000000000435,-0.001864321508615804,0.001864321508615804,1.0
6.289000000000435,-6.289000000000435,-0.0018624590495662377,0.0018624590495662377,1.0
6.290000000000435,-6.290000000000435,-0.0018605984511151227,0.0018605984511151227,1.0
6.291000000000436,-6.291000000000436,-0.0018587397114037188,0.0018587397114037188,1.0
6.292000000000436,-6.292000000000436,-0.0018568828285751436,0.0018568828285751436,1.0
6.293000000000436,-6.293000000000436,-0.0018550278007743693,0.0018550278007743693,1.0
6.294000000000437,-6.294000000000437,-0.0018531746261482211,0.0018531746261482211,1.0
6.295000000000437,-6.295000000000437,-0.001851323302845376,0.001851323302845376,1.0
6.296000000000437,-6.296000000000437,-0.0018494738290163596,0.0018494738290163596,1.0
6.297000000000438,-6.297000000000438,-0.001847626202813546,0.001847626202813546,1.0
6.298000000000438,-6.298000000000438,-0.0018457804223911548,0.0018457804223911548,1.0
6.299000000000438,-6.299000000000438,-0.0018439364859052494,0.0018439364859052494,1.0
6.300000000000439,-6.300000000000439,-0.0018420943915137358,0.0018420943915137358,1.0
6.301000000000439,-6.301000000000439,-0.0018402541373763594,0.0018402541373763594,1.0
6.302000000000439,-6.302000000000439,-0.0018384157216547047,0.0018384157216547047,1.0
6.30300000000044,-6.30300000000044,-0.0018365791425121927,0.0018365791425121927,1.0
6.30400000000044,-6.30400000000044,-0.0018347443981140785,0.0018347443981140785,1.0
6.30500000000044,-6.30500000000044,-0.001832911486627451,0.001832911486627451,1.0
6.306000000000441,-6.306000000000441,-0.00183108040622123,0.00183108040622123,1.0
6.307000000000441,-6.307000000000441,-0.0018292511550661637,0.0018292511550661637,1.0
6.308000000000441,-6.308000000000441,-0.001827423731334829,0.001827423731334829,1.0
6.309000000000442,-6.309000000000442,-0.0018255981332016274,0.0018255981332016274,1.0
6.310000000000442,-6.310000000000442,-0.0018237743588427847,0.0018237743588427847,1.0
6.311000000000442,-6.311000000000442,-0.0018219524064363485,0.0018219524064363485,1.0
6.312000000000443,-6.312000000000443,-0.0018201322741621864,0.0018201322741621864,1.0
6.313000000000443,-6.313000000000443,-0.0018183139602019843,0.0018183139602019843,1.0
6.314000000000443,-6.314000000000443,-0.001816497462739245,0.001816497462739245,1.0
6.315000000000444,-6.315000000000444,-0.0018146827799592857,0.0018146827799592857,1.0
6.316000000000444,-6.316000000000444,-0.0018128699100492364,0.0018128699100492364,1.0
6.317000000000444,-6.317000000000444,-0.0018110588511980386,0.0018110588511980386,1.0
6.318000000000445,-6.318000000000445,-0.0018092496015964421,0.0018092496015964421,1.0
6.319000000000445,-6.319000000000445,-0.001807442159437005,0.001807442159437005,1.0
6.320000000000445,-6.320000000000445,-0.001805636522914091,0.001805636522914091,1.0
6.321000000000446,-6.321000000000446,-0.0018038326902238672,0.0018038326902238672,1.0
6.322000000000446,-6.322000000000446,-0.0018020306595643027,0.0018020306595643027,1.0
6.323000000000446,-6.323000000000446,-0.0018002304291351676,0.0018002304291351676,1.0
6.324000000000447,-6.324000000000447,-0.0017984319971380296,0.0017984319971380296,1.0
6.325000000000447,-6.325000000000447,-0.0017966353617762535,0.0017966353617762535,1.0
6.326000000000447,-6.326000000000447,-0.0017948405212549984,0.0017948405212549984,1.0
6.327000000000448,-6.327000000000448,-0.001793047473781217,0.001793047473781217,1.0
6.328000000000448,-6.328000000000448,-0.0017912562175636533,0.0017912562175636533,1.0
6.329000000000448,-6.329000000000448,-0.0017894667508128407,0.0017894667508128407,1.0
6.330000000000449,-6.330000000000449,-0.0017876790717410995,0.0017876790717410995,1.0
6.331000000000449,-6.331000000000449,-0.001785893178562537,0.001785893178562537,1.0
6.332000000000449,-6.332000000000449,-0.001784109069493044,0.001784109069493044,1.0
6.33300000000045,-6.33300000000045,-0.0017823267427502934,0.0017823267427502934,1.0
6.33400000000045,-6.33400000000045,-0.0017805461965537397,0.0017805461965537397,1.0
6.33500000000045,-6.33500000000045,-0.001778767429124615,0.001778767429124615,1.0
6.336000000000451,-6.336000000000451,-0.0017769904386859292,0.0017769904386859292,1.0
6.337000000000451,-6.337000000000451,-0.0017752152234624668,0.0017752152234624668,1.0
6.338000000000451,-6.338000000000451,-0.0017734417816807862,0.0017734417816807862,1.0
6.339000000000452,-6.339000000000452,-0.001771670111569217,0.001771670111569217,1.0
6.340000000000452,-6.340000000000452,-0.0017699002113578592,0.0017699002113578592,1.0
6.341000000000452,-6.341000000000452,-0.0017681320792785806,0.0017681320792785806,1.0
6.342000000000453,-6.342000000000453,-0.0017663657135650157,0.0017663657135650157,1.0
6.343000000000453,-6.343000000000453,-0.0017646011124525633,0.0017646011124525633,1.0
6.344000000000453,-6.344000000000453,-0.0017628382741783847,0.0017628382741783847,1.0
6.345000000000454,-6.345000000000454,-0.0017610771969814032,0.0017610771969814032,1.0
6.346000000000454,-6.346000000000454,-0.0017593178791023012,0.0017593178791023012,1.0
6.347000000000454,-6.347000000000454,-0.0017575603187835176,0.0017575603187835176,1.0
6.348000000000455,-6.348000000000455,-0.0017558045142692482,0.0017558045142692482,1.0
6.349000000000455,-6.349000000000455,-0.0017540504638054429,0.0017540504638054429,1.0
6.350000000000455,-6.350000000000455,-0.001752298165639803,0.001752298165639803,1.0
6.351000000000456,-6.351000000000456,-0.0017505476180217814,0.0017505476180217814,1.0
6.352000000000456,-6.352000000000456,-0.001748798819202579,0.001748798819202579,1.0
6.353000000000456,-6.353000000000456,-0.001747051767435144,0.001747051767435144,1.0
6.354000000000457,-6.354000000000457,-0.0017453064609741697,0.0017453064609741697,1.0
6.355000000000457,-6.355000000000457,-0.001743562898076094,0.001743562898076094,1.0
6.356000000000457,-6.356000000000457,-0.0017418210769990948,0.0017418210769990948,1.0
6.357000000000458,-6.357000000000458,-0.0017400809960030916,0.0017400809960030916,1.0
6.358000000000458,-6.358000000000458,-0.0017383426533497419,0.0017383426533497419,1.0
6.359000000000458,-6.359000000000458,-0.0017366060473024394,0.0017366060473024394,1.0
6.360000000000459,-6.360000000000459,-0.0017348711761263132,0.0017348711761263132,1.0
6.361000000000459,-6.361000000000459,-0.0017331380380882252,0.0017331380380882252,1.0
6.362000000000459,-6.362000000000459,-0.0017314066314567684,0.0017314066314567684,1.0
6.36300000000046,-6.36300000000046,-0.0017296769545022662,0.0017296769545022662,1.0
6.36400000000046,-6.36400000000046,-0.0017279490054967694,0.0017279490054967694,1.0
6.36500000000046,-6.36500000000046,-0.0017262227827140552,0.0017262227827140552,1.0
6.366000000000461,-6.366000000000461,-0.0017244982844296253,0.0017244982844296253,1.0
6.367000000000461,-6.367000000000461,-0.0017227755089207048,0.0017227755089207048,1.0
6.368000000000461,-6.368000000000461,-0.0017210544544662386,0.0017210544544662386,1.0
6.369000000000462,-6.369000000000462,-0.0017193351193468917,0.0017193351193468917,1.0
6.370000000000462,-6.370000000000462,-0.0017176175018450467,0.0017176175018450467,1.0
6.371000000000462,-6.371000000000462,-0.0017159016002448021,0.0017159016002448021,1.0
6.372000000000463,-6.372000000000463,-0.00171418741283197,0.00171418741283197,1.0
6.373000000000463,-6.373000000000463,-0.001712474937894076,0.001712474937894076,1.0
6.374000000000463,-6.374000000000463,-0.0017107641737203554,0.0017107641737203554,1.0
6.375000000000464,-6.375000000000464,-0.001709055118601754,0.001709055118601754,1.0
6.376000000000464,-6.376000000000464,-0.001707347770830923,0.001707347770830923,1.0
6.377000000000464,-6.377000000000464,-0.0017056421287022208,0.0017056421287022208,1.0
6.378000000000465,-6.378000000000465,-0.001703938190511709,0.001703938190511709,1.0
6.379000000000465,-6.379000000000465,-0.001702235954557152,0.001702235954557152,1.0
6.380000000000465,-6.380000000000465,-0.0017005354191380138,0.0017005354191380138,1.0
6.381000000000466,-6.381000000000466,-0.0016988365825554583,0.0016988365825554583,1.0
6.382000000000466,-6.382000000000466,-0.001697139443112346,0.001697139443112346,1.0
6.383000000000466,-6.383000000000466,-0.0016954439991132327,0.0016954439991132327,1.0
6.384000000000467,-6.384000000000467,-0.001693750248864368,0.001693750248864368,1.0
6.385000000000467,-6.385000000000467,-0.0016920581906736945,0.0016920581906736945,1.0
6.386000000000467,-6.386000000000467,-0.0016903678228508436,0.0016903678228508436,1.0
6.387000000000468,-6.387000000000468,-0.0016886791437071365,0.0016886791437071365,1.0
6.388000000000468,-6.388000000000468,-0.001686992151555581,0.001686992151555581,1.0
6.389000000000468,-6.389000000000468,-0.0016853068447108702,0.0016853068447108702,1.0
6.390000000000469,-6.390000000000469,-0.0016836232214893808,0.0016836232214893808,1.0
6.391000000000469,-6.391000000000469,-0.0016819412802091716,0.0016819412802091716,1.0
6.392000000000469,-6.392000000000469,-0.0016802610191899818,0.0016802610191899818,1.0
6.39300000000047,-6.39300000000047,-0.0016785824367532285,0.0016785824367532285,1.0
6.39400000000047,-6.39400000000047,-0.0016769055312220065,0.0016769055312220065,1.0
6.39500000000047,-6.39500000000047,-0.0016752303009210856,0.0016752303009210856,1.0
6.396000000000471,-6.396000000000471,-0.0016735567441769086,0.0016735567441769086,1.0
6.397000000000471,-6.397000000000471,-0.001671884859317591,0.001671884859317591,1.0
6.398000000000471,-6.398000000000471,-0.001670214644672918,0.001670214644672918,1.0
6.399000000000472,-6.399000000000472,-0.0016685460985743437,0.0016685460985743437,1.0
6.400000000000472,-6.400000000000472,-0.0016668792193549886,0.0016668792193549886,1.0
6.401000000000472,-6.401000000000472,-0.001665214005349639,0.001665214005349639,1.0
6.402000000000473,-6.402000000000473,-0.0016635504548947442,0.0016635504548947442,1.0
6.403000000000473,-6.403000000000473,-0.0016618885663284156,0.0016618885663284156,1.0
6.404000000000473,-6.404000000000473,-0.0016602283379904253,0.0016602283379904253,1.0
6.405000000000474,-6.405000000000474,-0.0016585697682222032,0.0016585697682222032,1.0
6.406000000000474,-6.406000000000474,-0.0016569128553668366,0.0016569128553668366,1.0
6.407000000000474,-6.407000000000474,-0.0016552575977690674,0.0016552575977690674,1.0
6.408000000000475,-6.408000000000475,-0.001653603993775292,0.001653603993775292,1.0
6.409000000000475,-6.409000000000475,-0.0016519520417335586,0.0016519520417335586,1.0
6.410000000000475,-6.410000000000475,-0.001650301739993565,0.001650301739993565,1.0
6.411000000000476,-6.411000000000476,-0.0016486530869066582,0.0016486530869066582,1.0
6.412000000000476,-6.412000000000476,-0.0016470060808258325,0.0016470060808258325,1.0
6.413000000000476,-6.413000000000476,-0.0016453607201057266,0.0016453607201057266,1.0
6.414000000000477,-6.414000000000477,-0.001643717003102624,0.001643717003102624,1.0
6.415000000000477,-6.415000000000477,-0.0016420749281744495,0.0016420749281744495,1.0
6.416000000000477,-6.416000000000477,-0.0016404344936807687,0.0016404344936807687,1.0
6.417000000000478,-6.417000000000478,-0.001638795697982786,0.001638795697982786,1.0
6.418000000000478,-6.418000000000478,-0.0016371585394433423,0.0016371585394433423,1.0
6.419000000000478,-6.419000000000478,-0.0016355230164269154,0.0016355230164269154,1.0
6.420000000000479,-6.420000000000479,-0.0016338891272996159,0.0016338891272996159,1.0
6.421000000000479,-6.421000000000479,-0.0016322568704291865,0.0016322568704291865,1.0
6.422000000000479,-6.422000000000479,-0.0016306262441850017,0.0016306262441850017,1.0
6.42300000000048,-6.42300000000048,-0.0016289972469380634,0.0016289972469380634,1.0
6.42400000000048,-6.42400000000048,-0.0016273698770610024,0.0016273698770610024,1.0
6.42500000000048,-6.42500000000048,-0.0016257441329280743,0.0016257441329280743,1.0
6.426000000000481,-6.426000000000481,-0.0016241200129151591,0.0016241200129151591,1.0
6.427000000000481,-6.427000000000481,-0.0016224975153997592,0.0016224975153997592,1.0
6.428000000000481,-6.428000000000481,-0.0016208766387609983,0.0016208766387609983,1.0
6.429000000000482,-6.429000000000482,-0.0016192573813796185,0.0016192573813796185,1.0
6.430000000000482,-6.430000000000482,-0.0016176397416379803,0.0016176397416379803,1.0
6.431000000000482,-6.431000000000482,-0.0016160237179200605,0.0016160237179200605,1.0
6.432000000000483,-6.432000000000483,-0.001614409308611449,0.001614409308611449,1.0
6.433000000000483,-6.433000000000483,-0.0016127965120993498,0.0016127965120993498,1.0
6.434000000000483,-6.434000000000483,-0.001611185326772577,0.001611185326772577,1.0
6.435000000000484,-6.435000000000484,-0.0016095757510215557,0.0016095757510215557,1.0
6.436000000000484,-6.436000000000484,-0.0016079677832383176,0.0016079677832383176,1.0
6.437000000000484,-6.437000000000484,-0.0016063614218165012,0.0016063614218165012,1.0
6.438000000000485,-6.438000000000485,-0.0016047566651513497,0.0016047566651513497,1.0
6.439000000000485,-6.439000000000485,-0.0016031535116397102,0.0016031535116397102,1.0
6.440000000000485,-6.440000000000485,-0.00160155195968003,0.00160155195968003,1.0
6.441000000000486,-6.441000000000486,-0.0015999520076723575,0.0015999520076723575,1.0
6.442000000000486,-6.442000000000486,-0.0015983536540183393,0.0015983536540183393,1.0
6.443000000000486,-6.443000000000486,-0.0015967568971212182,0.0015967568971212182,1.0
6.444000000000487,-6.444000000000487,-0.0015951617353858324,0.0015951617353858324,1.0
6.445000000000487,-6.445000000000487,-0.0015935681672186136,0.0015935681672186136,1.0
6.446000000000487,-6.446000000000487,-0.001591976191027586,0.001591976191027586,1.0
6.447000000000488,-6.447000000000488,-0.0015903858052223638,0.0015903858052223638,1.0
6.448000000000488,-6.448000000000488,-0.0015887970082141495,0.0015887970082141495,1.0
6.449000000000488,-6.449000000000488,-0.0015872097984157337,0.0015872097984157337,1.0
6.450000000000489,-6.450000000000489,-0.001585624174241492,0.001585624174241492,1.0
6.451000000000489,-6.451000000000489,-0.0015840401341073848,0.0015840401341073848,1.0
6.452000000000489,-6.452000000000489,-0.0015824576764309538,0.0015824576764309538,1.0
6.45300000000049,-6.45300000000049,-0.0015808767996313225,0.0015808767996313225,1.0
6.45400000000049,-6.45400000000049,-0.0015792975021291932,0.0015792975021291932,1.0
6.45500000000049,-6.45500000000049,-0.0015777197823468462,0.0015777197823468462,1.0
6.456000000000491,-6.456000000000491,-0.0015761436387081381,0.0015761436387081381,1.0
6.457000000000491,-6.457000000000491,-0.0015745690696384997,0.0015745690696384997,1.0
6.458000000000491,-6.458000000000491,-0.0015729960735649346,0.0015729960735649346,1.0
6.459000000000492,-6.459000000000492,-0.0015714246489160189,0.0015714246489160189,1.0
6.460000000000492,-6.460000000000492,-0.0015698547941218968,0.0015698547941218968,1.0
6.461000000000492,-6.461000000000492,-0.0015682865076142828,0.0015682865076142828,1.0
6.462000000000493,-6.462000000000493,-0.0015667197878264563,0.0015667197878264563,1.0
6.463000000000493,-6.463000000000493,-0.0015651546331932633,0.0015651546331932633,1.0
6.464000000000493,-6.464000000000493,-0.001563591042151112,0.001563591042151112,1.0
6.465000000000494,-6.465000000000494,-0.0015620290131379742,0.0015620290131379742,1.0
6.466000000000494,-6.466000000000494,-0.0015604685445933808,0.0015604685445933808,1.0
6.467000000000494,-6.467000000000494,-0.0015589096349584222,0.0015589096349584222,1.0
6.468000000000495,-6.468000000000495,-0.0015573522826757467,0.0015573522826757467,1.0
6.469000000000495,-6.469000000000495,-0.001555796486189557,0.001555796486189557,1.0
6.470000000000495,-6.470000000000495,-0.0015542422439456115,0.0015542422439456115,1.0
6.471000000000496,-6.471000000000496,-0.00155268955439122,0.00155268955439122,1.0
6.472000000000496,-6.472000000000496,-0.0015511384159752448,0.0015511384159752448,1.0
6.473000000000496,-6.473000000000496,-0.0015495888271480967,0.0015495888271480967,1.0
6.474000000000497,-6.474000000000497,-0.001548040786361735,0.001548040786361735,1.0
6.475000000000497,-6.475000000000497,-0.0015464942920696651,0.0015464942920696651,1.0
6.476000000000497,-6.476000000000497,-0.0015449493427269383,0.0015449493427269383,1.0
6.477000000000498,-6.477000000000498,-0.0015434059367901484,0.0015434059367901484,1.0
6.478000000000498,-6.478000000000498,-0.0015418640727174308,0.0015418640727174308,1.0
6.479000000000498,-6.479000000000498,-0.001540323748968462,0.001540323748968462,1.0
6.480000000000499,-6.480000000000499,-0.0015387849640044575,0.0015387849640044575,1.0
6.481000000000499,-6.481000000000499,-0.0015372477162881695,0.0015372477162881695,1.0
6.482000000000499,-6.482000000000499,-0.0015357120042838854,0.0015357120042838854,1.0
6.4830000000005,-6.4830000000005,-0.001534177826457428,0.001534177826457428,1.0
6.4840000000005,-6.4840000000005,-0.0015326451812761519,0.0015326451812761519,1.0
6.4850000000005,-6.4850000000005,-0.0015311140672089427,0.0015311140672089427,1.0
6.486000000000501,-6.486000000000501,-0.0015295844827262165,0.0015295844827262165,1.0
6.487000000000501,-6.487000000000501,-0.0015280564262999167,0.0015280564262999167,1.0
6.488000000000501,-6.488000000000501,-0.001526529896403513,0.001526529896403513,1.0
6.489000000000502,-6.489000000000502,-0.0015250048915120009,0.0015250048915120009,1.0
6.490000000000502,-6.490000000000502,-0.0015234814101018988,0.0015234814101018988,1.0
6.491000000000502,-6.491000000000502,-0.0015219594506512475,0.0015219594506512475,1.0
6.492000000000503,-6.492000000000503,-0.0015204390116396078,0.0015204390116396078,1.0
6.493000000000503,-6.493000000000503,-0.00151892009154806,0.00151892009154806,1.0
6.494000000000503,-6.494000000000503,-0.0015174026888592007,0.0015174026888592007,1.0
6.495000000000504,-6.495000000000504,-0.0015158868020571437,0.0015158868020571437,1.0
6.496000000000504,-6.496000000000504,-0.0015143724296275162,0.0015143724296275162,1.0
6.497000000000504,-6.497000000000504,-0.0015128595700574586,0.0015128595700574586,1.0
6.498000000000505,-6.498000000000505,-0.001511348221835623,0.001511348221835623,1.0
6.499000000000505,-6.499000000000505,-0.0015098383834521707,0.0015098383834521707,1.0
6.500000000000505,-6.500000000000505,-0.0015083300533987717,0.0015083300533987717,1.0
6.501000000000506,-6.501000000000506,-0.0015068232301686034,0.0015068232301686034,1.0
6.502000000000506,-6.502000000000506,-0.001505317912256347,0.001505317912256347,1.0
6.503000000000506,-6.503000000000506,-0.001503814098158189,0.001503814098158189,1.0
6.504000000000507,-6.504000000000507,-0.001502311786371817,0.001502311786371817,1.0
6.505000000000507,-6.505000000000507,-0.0015008109753964205,0.0015008109753964205,1.0
6.506000000000507,-6.506000000000507,-0.001499311663732688,0.001499311663732688,1.0
6.507000000000508,-6.507000000000508,-0.0014978138498828052,0.0014978138498828052,1.0
6.508000000000508,-6.508000000000508,-0.0014963175323504548,0.0014963175323504548,1.0
6.509000000000508,-6.509000000000508,-0.0014948227096408138,0.0014948227096408138,1.0
6.510000000000509,-6.510000000000509,-0.0014933293802605534,0.0014933293802605534,1.0
6.511000000000509,-6.511000000000509,-0.0014918375427178357,0.0014918375427178357,1.0
6.512000000000509,-6.512000000000509,-0.0014903471955223133,0.0014903471955223133,1.0
6.51300000000051,-6.51300000000051,-0.0014888583371851284,0.0014888583371851284,1.0
6.51400000000051,-6.51400000000051,-0.0014873709662189096,0.0014873709662189096,1.0
6.51500000000051,-6.51500000000051,-0.0014858850811377716,0.0014858850811377716,1.0
6.516000000000511,-6.516000000000511,-0.0014844006804573143,0.0014844006804573143,1.0
6.517000000000511,-6.517000000000511,-0.0014829177626946197,0.0014829177626946197,1.0
6.518000000000511,-6.518000000000511,-0.0014814363263682517,0.0014814363263682517,1.0
6.519000000000512,-6.519000000000512,-0.0014799563699982531,0.0014799563699982531,1.0
6.520000000000512,-6.520000000000512,-0.001478477892106147,0.001478477892106147,1.0
6.521000000000512,-6.521000000000512,-0.0014770008912149322,0.0014770008912149322,1.0
6.522000000000513,-6.522000000000513,-0.0014755253658490831,0.0014755253658490831,1.0
6.523000000000513,-6.523000000000513,-0.0014740513145345487,0.0014740513145345487,1.0
6.524000000000513,-6.524000000000513,-0.00147257873579875,0.00147257873579875,1.0
6.525000000000514,-6.525000000000514,-0.0014711076281705793,0.0014711076281705793,1.0
6.526000000000514,-6.526000000000514,-0.001469637990180399,0.001469637990180399,1.0
6.527000000000514,-6.527000000000514,-0.0014681698203600389,0.0014681698203600389,1.0
6.528000000000515,-6.528000000000515,-0.0014667031172427962,0.0014667031172427962,1.0
6.529000000000515,-6.529000000000515,-0.0014652378793634329,0.0014652378793634329,1.0
6.530000000000515,-6.530000000000515,-0.0014637741052581747,0.0014637741052581747,1.0
6.531000000000516,-6.531000000000516,-0.0014623117934647102,0.0014623117934647102,1.0
6.532000000000516,-6.532000000000516,-0.001460850942522188,0.001460850942522188,1.0
6.533000000000516,-6.533000000000516,-0.0014593915509712168,0.0014593915509712168,1.0
6.534000000000517,-6.534000000000517,-0.0014579336173538627,0.0014579336173538627,1.0
6.535000000000517,-6.535000000000517,-0.0014564771402136491,0.0014564771402136491,1.0
6.536000000000517,-6.536000000000517,-0.0014550221180955533,0.0014550221180955533,1.0
6.537000000000518,-6.537000000000518,-0.0014535685495460074,0.0014535685495460074,1.0
6.538000000000518,-6.538000000000518,-0.0014521164331128945,0.0014521164331128945,1.0
6.539000000000518,-6.539000000000518,-0.0014506657673455492,0.0014506657673455492,1.0
6.540000000000519,-6.540000000000519,-0.0014492165507947546,0.0014492165507947546,1.0
6.541000000000519,-6.541000000000519,-0.0014477687820127416,0.0014477687820127416,1.0
6.542000000000519,-6.542000000000519,-0.0014463224595531886,0.0014463224595531886,1.0
6.54300000000052,-6.54300000000052,-0.0014448775819712173,0.0014448775819712173,1.0
6.54400000000052,-6.54400000000052,-0.0014434341478233937,0.0014434341478233937,1.0
6.54500000000052,-6.54500000000052,-0.0014419921556677261,0.0014419921556677261,1.0
6.546000000000521,-6.546000000000521,-0.0014405516040636626,0.0014405516040636626,1.0
6.547000000000521,-6.547000000000521,-0.0014391124915720907,0.0014391124915720907,1.0
6.548000000000521,-6.548000000000521,-0.0014376748167553351,0.0014376748167553351,1.0
6.549000000000522,-6.549000000000522,-0.0014362385781771581,0.0014362385781771581,1.0
6.550000000000522,-6.550000000000522,-0.0014348037744027554,0.0014348037744027554,1.0
6.551000000000522,-6.551000000000522,-0.0014333704039987565,0.0014333704039987565,1.0
6.552000000000523,-6.552000000000523,-0.0014319384655332233,0.0014319384655332233,1.0
6.553000000000523,-6.553000000000523,-0.0014305079575756476,0.0014305079575756476,1.0
6.554000000000523,-6.554000000000523,-0.0014290788786969508,0.0014290788786969508,1.0
6.555000000000524,-6.555000000000524,-0.0014276512274694812,0.0014276512274694812,1.0
6.556000000000524,-6.556000000000524,-0.0014262250024670144,0.0014262250024670144,1.0
6.557000000000524,-6.557000000000524,-0.0014248002022647496,0.0014248002022647496,1.0
6.558000000000525,-6.558000000000525,-0.0014233768254393105,0.0014233768254393105,1.0
6.559000000000525,-6.559000000000525,-0.0014219548705687417,0.0014219548705687417,1.0
6.560000000000525,-6.560000000000525,-0.001420534336232509,0.001420534336232509,1.0
6.561000000000526,-6.561000000000526,-0.0014191152210114976,0.0014191152210114976,1.0
6.562000000000526,-6.562000000000526,-0.0014176975234880093,0.0014176975234880093,1.0
6.563000000000526,-6.563000000000526,-0.001416281242245764,0.001416281242245764,1.0
6.564000000000527,-6.564000000000527,-0.001414866375869894,0.001414866375869894,1.0
6.565000000000527,-6.565000000000527,-0.001413452922946947,0.001413452922946947,1.0
6.566000000000527,-6.566000000000527,-0.0014120408820648821,0.0014120408820648821,1.0
6.567000000000528,-6.567000000000528,-0.001410630251813069,0.001410630251813069,1.0
6.568000000000528,-6.568000000000528,-0.0014092210307822869,0.0014092210307822869,1.0
6.569000000000528,-6.569000000000528,-0.0014078132175647223,0.0014078132175647223,1.0
6.570000000000529,-6.570000000000529,-0.001406406810753968,0.001406406810753968,1.0
6.571000000000529,-6.571000000000529,-0.0014050018089450233,0.0014050018089450233,1.0
6.572000000000529,-6.572000000000529,-0.001403598210734289,0.001403598210734289,1.0
6.57300000000053,-6.57300000000053,-0.0014021960147195696,0.0014021960147195696,1.0
6.57400000000053,-6.57400000000053,-0.0014007952195000692,0.0014007952195000692,1.0
6.57500000000053,-6.57500000000053,-0.001399395823676393,0.001399395823676393,1.0
6.576000000000531,-6.576000000000531,-0.0013979978258505425,0.0013979978258505425,1.0
6.577000000000531,-6.577000000000531,-0.0013966012246259165,0.0013966012246259165,1.0
6.578000000000531,-6.578000000000531,-0.0013952060186073092,0.0013952060186073092,1.0
6.579000000000532,-6.579000000000532,-0.0013938122064009086,0.0013938122064009086,1.0
6.580000000000532,-6.580000000000532,-0.001392419786614294,0.001392419786614294,1.0
6.581000000000532,-6.581000000000532,-0.0013910287578564379,0.0013910287578564379,1.0
6.582000000000533,-6.582000000000533,-0.0013896391187377002,0.0013896391187377002,1.0
6.583000000000533,-6.583000000000533,-0.0013882508678698302,0.0013882508678698302,1.0
6.584000000000533,-6.584000000000533,-0.0013868640038659642,0.0013868640038659642,1.0
6.585000000000534,-6.585000000000534,-0.0013854785253406238,0.0013854785253406238,1.0
6.586000000000534,-6.586000000000534,-0.001384094430909714,0.001384094430909714,1.0
6.587000000000534,-6.587000000000534,-0.0013827117191905233,0.0013827117191905233,1.0
6.588000000000535,-6.588000000000535,-0.0013813303888017218,0.0013813303888017218,1.0
6.589000000000535,-6.589000000000535,-0.0013799504383633584,0.0013799504383633584,1.0
6.590000000000535,-6.590000000000535,-0.0013785718664968616,0.0013785718664968616,1.0
6.591000000000536,-6.591000000000536,-0.0013771946718250366,0.0013771946718250366,1.0
6.592000000000536,-6.592000000000536,-0.0013758188529720645,0.0013758188529720645,1.0
6.593000000000536,-6.593000000000536,-0.001374444408563501,0.001374444408563501,1.0
6.594000000000537,-6.594000000000537,-0.001373071337226275,0.001373071337226275,1.0
6.595000000000537,-6.595000000000537,-0.0013716996375886862,0.0013716996375886862,1.0
6.596000000000537,-6.596000000000537,-0.0013703293082804058,0.0013703293082804058,1.0
6.597000000000538,-6.597000000000538,-0.0013689603479324732,0.0013689603479324732,1.0
6.598000000000538,-6.598000000000538,-0.0013675927551772959,0.0013675927551772959,1.0
6.599000000000538,-6.599000000000538,-0.0013662265286486471,0.0013662265286486471,1.0
6.600000000000539,-6.600000000000539,-0.0013648616669816654,0.0013648616669816654,1.0
6.601000000000539,-6.601000000000539,-0.0013634981688128525,0.0013634981688128525,1.0
6.602000000000539,-6.602000000000539,-0.0013621360327800726,0.0013621360327800726,1.0
6.60300000000054,-6.60300000000054,-0.00136077525752255,0.00136077525752255,1.0
6.60400000000054,-6.60400000000054,-0.001359415841680869,0.001359415841680869,1.0
6.60500000000054,-6.60500000000054,-0.0013580577838969718,0.0013580577838969718,1.0
6.606000000000541,-6.606000000000541,-0.0013567010828141577,0.0013567010828141577,1.0
6.607000000000541,-6.607000000000541,-0.0013553457370770806,0.0013553457370770806,1.0
6.608000000000541,-6.608000000000541,-0.001353991745331749,0.001353991745331749,1.0
6.609000000000542,-6.609000000000542,-0.0013526391062255233,0.0013526391062255233,1.0
6.610000000000542,-6.610000000000542,-0.001351287818407116,0.001351287818407116,1.0
6.611000000000542,-6.611000000000542,-0.0013499378805265896,0.0013499378805265896,1.0
6.612000000000543,-6.612000000000543,-0.0013485892912353543,0.0013485892912353543,1.0
6.613000000000543,-6.613000000000543,-0.001347242049186168,0.001347242049186168,1.0
6.6140000000005434,-6.6140000000005434,-0.0013458961530331348,0.0013458961530331348,1.0
6.615000000000544,-6.615000000000544,-0.0013445516014317033,0.0013445516014317033,1.0
6.616000000000544,-6.616000000000544,-0.0013432083930386646,0.0013432083930386646,1.0
6.6170000000005444,-6.6170000000005444,-0.0013418665265121526,0.0013418665265121526,1.0
6.618000000000545,-6.618000000000545,-0.001340526000511641,0.001340526000511641,1.0
6.619000000000545,-6.619000000000545,-0.001339186813697943,0.001339186813697943,1.0
6.6200000000005454,-6.6200000000005454,-0.00133784896473321,0.00133784896473321,1.0
6.621000000000546,-6.621000000000546,-0.001336512452280929,0.001336512452280929,1.0
6.622000000000546,-6.622000000000546,-0.0013351772750059233,0.0013351772750059233,1.0
6.6230000000005464,-6.6230000000005464,-0.0013338434315743489,0.0013338434315743489,1.0
6.624000000000547,-6.624000000000547,-0.001332510920653695,0.001332510920653695,1.0
6.625000000000547,-6.625000000000547,-0.0013311797409127821,0.0013311797409127821,1.0
6.6260000000005475,-6.6260000000005475,-0.0013298498910217604,0.0013298498910217604,1.0
6.627000000000548,-6.627000000000548,-0.0013285213696521084,0.0013285213696521084,1.0
6.628000000000548,-6.628000000000548,-0.0013271941754766318,0.0013271941754766318,1.0
6.6290000000005485,-6.6290000000005485,-0.0013258683071694624,0.0013258683071694624,1.0
6.630000000000549,-6.630000000000549,-0.0013245437634060563,0.0013245437634060563,1.0
6.631000000000549,-6.631000000000549,-0.0013232205428631932,0.0013232205428631932,1.0
6.6320000000005495,-6.6320000000005495,-0.0013218986442189743,0.0013218986442189743,1.0
6.63300000000055,-6.63300000000055,-0.0013205780661528217,0.0013205780661528217,1.0
6.63400000000055,-6.63400000000055,-0.001319258807345476,0.001319258807345476,1.0
6.6350000000005505,-6.6350000000005505,-0.0013179408664789971,0.0013179408664789971,1.0
6.636000000000551,-6.636000000000551,-0.0013166242422367603,0.0013166242422367603,1.0
6.637000000000551,-6.637000000000551,-0.0013153089333034571,0.0013153089333034571,1.0
6.6380000000005515,-6.6380000000005515,-0.0013139949383650922,0.0013139949383650922,1.0
6.639000000000552,-6.639000000000552,-0.0013126822561089829,0.0013126822561089829,1.0
6.640000000000552,-6.640000000000552,-0.0013113708852237594,0.0013113708852237594,1.0
6.6410000000005525,-6.6410000000005525,-0.00131006082439936,0.00131006082439936,1.0
6.642000000000553,-6.642000000000553,-0.001308752072327033,0.001308752072327033,1.0
6.643000000000553,-6.643000000000553,-0.0013074446276993338,0.0013074446276993338,1.0
6.6440000000005535,-6.6440000000005535,-0.0013061384892101235,0.0013061384892101235,1.0
6.645000000000554,-6.645000000000554,-0.0013048336555545688,0.0013048336555545688,1.0
6.646000000000554,-6.646000000000554,-0.0013035301254291397,0.0013035301254291397,1.0
6.6470000000005545,-6.6470000000005545,-0.001302227897531608,0.001302227897531608,1.0
6.648000000000555,-6.648000000000555,-0.0013009269705610473,0.0013009269705610473,1.0
6.649000000000555,-6.649000000000555,-0.0012996273432178292,0.0012996273432178292,1.0
6.6500000000005555,-6.6500000000005555,-0.0012983290142036257,0.0012983290142036257,1.0
6.651000000000556,-6.651000000000556,-0.0012970319822214042,0.0012970319822214042,1.0
6.652000000000556,-6.652000000000556,-0.0012957362459754289,0.0012957362459754289,1.0
6.6530000000005565,-6.6530000000005565,-0.0012944418041712575,0.0012944418041712575,1.0
6.654000000000557,-6.654000000000557,-0.001293148655515742,0.001293148655515742,1.0
6.655000000000557,-6.655000000000557,-0.001291856798717025,0.001291856798717025,1.0
6.6560000000005575,-6.6560000000005575,-0.0012905662324845405,0.0012905662324845405,1.0
6.657000000000558,-6.657000000000558,-0.0012892769555290116,0.0012892769555290116,1.0
6.658000000000558,-6.658000000000558,-0.0012879889665624491,0.0012879889665624491,1.0
6.6590000000005585,-6.6590000000005585,-0.0012867022642981509,0.0012867022642981509,1.0
6.660000000000559,-6.660000000000559,-0.0012854168474507,0.0012854168474507,1.0
6.661000000000559,-6.661000000000559,-0.001284132714735964,0.001284132714735964,1.0
6.6620000000005595,-6.6620000000005595,-0.001282849864871093,0.001282849864871093,1.0
6.66300000000056,-6.66300000000056,-0.0012815682965745185,0.0012815682965745185,1.0
6.66400000000056,-6.66400000000056,-0.0012802880085659523,0.0012802880085659523,1.0
6.6650000000005605,-6.6650000000005605,-0.001279008999566386,0.001279008999566386,1.0
6.666000000000561,-6.666000000000561,-0.001277731268298088,0.001277731268298088,1.0
6.667000000000561,-6.667000000000561,-0.0012764548134846035,0.0012764548134846035,1.0
6.6680000000005615,-6.6680000000005615,-0.001275179633850753,0.001275179633850753,1.0
6.669000000000562,-6.669000000000562,-0.00127390572812263,0.00127390572812263,1.0
6.670000000000562,-6.670000000000562,-0.0012726330950276026,0.0012726330950276026,1.0
6.6710000000005625,-6.6710000000005625,-0.0012713617332943085,0.0012713617332943085,1.0
6.672000000000563,-6.672000000000563,-0.0012700916416526556,0.0012700916416526556,1.0
6.673000000000563,-6.673000000000563,-0.0012688228188338219,0.0012688228188338219,1.0
6.6740000000005635,-6.6740000000005635,-0.0012675552635702516,0.0012675552635702516,1.0
6.675000000000564,-6.675000000000564,-0.001266288974595656,0.001266288974595656,1.0
6.676000000000564,-6.676000000000564,-0.001265023950645011,0.001265023950645011,1.0
6.6770000000005645,-6.6770000000005645,-0.0012637601904545565,0.0012637601904545565,1.0
6.678000000000565,-6.678000000000565,-0.0012624976927617948,0.0012624976927617948,1.0
6.679000000000565,-6.679000000000565,-0.0012612364563054893,0.0012612364563054893,1.0
6.6800000000005655,-6.6800000000005655,-0.0012599764798256637,0.0012599764798256637,1.0
6.681000000000566,-6.681000000000566,-0.0012587177620636,0.0012587177620636,1.0
6.682000000000566,-6.682000000000566,-0.0012574603017618381,0.0012574603017618381,1.0
6.6830000000005665,-6.6830000000005665,-0.001256204097664174,0.001256204097664174,1.0
6.684000000000567,-6.684000000000567,-0.0012549491485156583,0.0012549491485156583,1.0
6.685000000000567,-6.685000000000567,-0.0012536954530625959,0.0012536954530625959,1.0
6.6860000000005675,-6.6860000000005675,-0.0012524430100525432,0.0012524430100525432,1.0
6.687000000000568,-6.687000000000568,-0.0012511918182343089,0.0012511918182343089,1.0
6.688000000000568,-6.688000000000568,-0.0012499418763579511,0.0012499418763579511,1.0
6.6890000000005685,-6.6890000000005685,-0.0012486931831747763,0.0012486931831747763,1.0
6.690000000000569,-6.690000000000569,-0.0012474457374373389,0.0012474457374373389,1.0
6.691000000000569,-6.691000000000569,-0.0012461995378994395,0.0012461995378994395,1.0
6.6920000000005695,-6.6920000000005695,-0.0012449545833161234,0.0012449545833161234,1.0
6.69300000000057,-6.69300000000057,-0.0012437108724436799,0.0012437108724436799,1.0
6.69400000000057,-6.69400000000057,-0.0012424684040396401,0.0012424684040396401,1.0
6.6950000000005705,-6.6950000000005705,-0.0012412271768627774,0.0012412271768627774,1.0
6.696000000000571,-6.696000000000571,-0.0012399871896731042,0.0012399871896731042,1.0
6.697000000000571,-6.697000000000571,-0.0012387484412318722,0.0012387484412318722,1.0
6.6980000000005715,-6.6980000000005715,-0.0012375109303015706,0.0012375109303015706,1.0
6.699000000000572,-6.699000000000572,-0.0012362746556459246,0.0012362746556459246,1.0
6.700000000000572,-6.700000000000572,-0.0012350396160298947,0.0012350396160298947,1.0
6.7010000000005725,-6.7010000000005725,-0.001233805810219675,0.001233805810219675,1.0
6.702000000000573,-6.702000000000573,-0.0012325732369826922,0.0012325732369826922,1.0
6.703000000000573,-6.703000000000573,-0.0012313418950876047,0.0012313418950876047,1.0
6.7040000000005735,-6.7040000000005735,-0.0012301117833043002,0.0012301117833043002,1.0
6.705000000000574,-6.705000000000574,-0.0012288829004038963,0.0012288829004038963,1.0
6.706000000000574,-6.706000000000574,-0.0012276552451587375,0.0012276552451587375,1.0
6.7070000000005745,-6.7070000000005745,-0.001226428816342395,0.001226428816342395,1.0
6.708000000000575,-6.708000000000575,-0.0012252036127296652,0.0012252036127296652,1.0
6.709000000000575,-6.709000000000575,-0.0012239796330965687,0.0012239796330965687,1.0
6.7100000000005755,-6.7100000000005755,-0.0012227568762203484,0.0012227568762203484,1.0
6.711000000000576,-6.711000000000576,-0.001221535340879469,0.001221535340879469,1.0
6.712000000000576,-6.712000000000576,-0.0012203150258536153,0.0012203150258536153,1.0
6.7130000000005765,-6.7130000000005765,-0.0012190959299236916,0.0012190959299236916,1.0
6.714000000000577,-6.714000000000577,-0.0012178780518718197,0.0012178780518718197,1.0
6.715000000000577,-6.715000000000577,-0.0012166613904813386,0.0012166613904813386,1.0
6.7160000000005775,-6.7160000000005775,-0.0012154459445368015,0.0012154459445368015,1.0
6.717000000000578,-6.717000000000578,-0.0012142317128239777,0.0012142317128239777,1.0
6.718000000000578,-6.718000000000578,-0.001213018694129848,0.001213018694129848,1.0
6.7190000000005785,-6.7190000000005785,-0.001211806887242605,0.001211806887242605,1.0
6.720000000000579,-6.720000000000579,-0.0012105962909516536,0.0012105962909516536,1.0
6.721000000000579,-6.721000000000579,-0.001209386904047606,0.001209386904047606,1.0
6.7220000000005795,-6.7220000000005795,-0.0012081787253222839,0.0012081787253222839,1.0
6.72300000000058,-6.72300000000058,-0.001206971753568715,0.001206971753568715,1.0
6.72400000000058,-6.72400000000058,-0.0012057659875811342,0.0012057659875811342,1.0
6.7250000000005805,-6.7250000000005805,-0.001204561426154979,0.001204561426154979,1.0
6.726000000000581,-6.726000000000581,-0.001203358068086892,0.001203358068086892,1.0
6.727000000000581,-6.727000000000581,-0.0012021559121747174,0.0012021559121747174,1.0
6.7280000000005815,-6.7280000000005815,-0.0012009549572174999,0.0012009549572174999,1.0
6.729000000000582,-6.729000000000582,-0.0011997552020154847,0.0011997552020154847,1.0
6.730000000000582,-6.730000000000582,-0.0011985566453701143,0.0011985566453701143,1.0
6.7310000000005825,-6.7310000000005825,-0.0011973592860840304,0.0011973592860840304,1.0
6.732000000000583,-6.732000000000583,-0.0011961631229610694,0.0011961631229610694,1.0
6.733000000000583,-6.733000000000583,-0.001194968154806263,0.001194968154806263,1.0
6.7340000000005835,-6.7340000000005835,-0.0011937743804258372,0.0011937743804258372,1.0
6.735000000000584,-6.735000000000584,-0.00119258179862721,0.00119258179862721,1.0
6.736000000000584,-6.736000000000584,-0.001191390408218991,0.001191390408218991,1.0
6.7370000000005845,-6.7370000000005845,-0.00119020020801098,0.00119020020801098,1.0
6.738000000000585,-6.738000000000585,-0.0011890111968141661,0.0011890111968141661,1.0
6.739000000000585,-6.739000000000585,-0.0011878233734407254,0.0011878233734407254,1.0
6.7400000000005855,-6.7400000000005855,-0.0011866367367040212,0.0011866367367040212,1.0
6.741000000000586,-6.741000000000586,-0.0011854512854186025,0.0011854512854186025,1.0
6.742000000000586,-6.742000000000586,-0.0011842670184002023,0.0011842670184002023,1.0
6.7430000000005865,-6.7430000000005865,-0.0011830839344657365,0.0011830839344657365,1.0
6.744000000000587,-6.744000000000587,-0.001181902032433303,0.001181902032433303,1.0
6.745000000000587,-6.745000000000587,-0.001180721311122181,0.001180721311122181,1.0
6.7460000000005875,-6.7460000000005875,-0.001179541769352828,0.001179541769352828,1.0
6.747000000000588,-6.747000000000588,-0.0011783634059468811,0.0011783634059468811,1.0
6.748000000000588,-6.748000000000588,-0.0011771862197271542,0.0011771862197271542,1.0
6.7490000000005885,-6.7490000000005885,-0.0011760102095176364,0.0011760102095176364,1.0
6.750000000000589,-6.750000000000589,-0.001174835374143493,0.001174835374143493,1.0
6.751000000000589,-6.751000000000589,-0.001173661712431062,0.001173661712431062,1.0
6.7520000000005895,-6.7520000000005895,-0.001172489223207854,0.001172489223207854,1.0
6.75300000000059,-6.75300000000059,-0.0011713179053025513,0.0011713179053025513,1.0
6.75400000000059,-6.75400000000059,-0.0011701477575450064,0.0011701477575450064,1.0
6.7550000000005905,-6.7550000000005905,-0.0011689787787662403,0.0011689787787662403,1.0
6.756000000000591,-6.756000000000591,-0.001167810967798442,0.001167810967798442,1.0
6.757000000000591,-6.757000000000591,-0.001166644323474967,0.001166644323474967,1.0
6.7580000000005915,-6.7580000000005915,-0.0011654788446303365,0.0011654788446303365,1.0
6.759000000000592,-6.759000000000592,-0.0011643145301002363,0.0011643145301002363,1.0
6.760000000000592,-6.760000000000592,-0.0011631513787215147,0.0011631513787215147,1.0
6.7610000000005925,-6.7610000000005925,-0.0011619893893321826,0.0011619893893321826,1.0
6.762000000000593,-6.762000000000593,-0.0011608285607714113,0.0011608285607714113,1.0
6.763000000000593,-6.763000000000593,-0.0011596688918795318,0.0011596688918795318,1.0
6.7640000000005935,-6.7640000000005935,-0.0011585103814980339,0.0011585103814980339,1.0
6.765000000000594,-6.765000000000594,-0.001157353028469564,0.001157353028469564,1.0
6.766000000000594,-6.766000000000594,-0.0011561968316379262,0.0011561968316379262,1.0
6.7670000000005945,-6.7670000000005945,-0.001155041789848078,0.001155041789848078,1.0
6.768000000000595,-6.768000000000595,-0.001153887901946132,0.001153887901946132,1.0
6.769000000000595,-6.769000000000595,-0.0011527351667793527,0.0011527351667793527,1.0
6.7700000000005955,-6.7700000000005955,-0.0011515835831961566,0.0011515835831961566,1.0
6.771000000000596,-6.771000000000596,-0.0011504331500461105,0.0011504331500461105,1.0
6.772000000000596,-6.772000000000596,-0.0011492838661799304,0.0011492838661799304,1.0
6.7730000000005965,-6.7730000000005965,-0.001148135730449481,0.001148135730449481,1.0
6.774000000000597,-6.774000000000597,-0.0011469887417077734,0.0011469887417077734,1.0
6.775000000000597,-6.775000000000597,-0.001145842898808964,0.001145842898808964,1.0
6.7760000000005975,-6.7760000000005975,-0.0011446982006083559,0.0011446982006083559,1.0
6.777000000000598,-6.777000000000598,-0.0011435546459623934,0.0011435546459623934,1.0
6.778000000000598,-6.778000000000598,-0.0011424122337286647,0.0011424122337286647,1.0
6.7790000000005985,-6.7790000000005985,-0.0011412709627658987,0.0011412709627658987,1.0
6.780000000000599,-6.780000000000599,-0.0011401308319339647,0.0011401308319339647,1.0
6.781000000000599,-6.781000000000599,-0.0011389918400938706,0.0011389918400938706,1.0
6.7820000000005995,-6.7820000000005995,-0.0011378539861077628,0.0011378539861077628,1.0
6.7830000000006,-6.7830000000006,-0.0011367172688389238,0.0011367172688389238,1.0
6.7840000000006,-6.7840000000006,-0.0011355816871517718,0.0011355816871517718,1.0
6.7850000000006006,-6.7850000000006006,-0.00113444723991186,0.00113444723991186,1.0
6.786000000000601,-6.786000000000601,-0.0011333139259858739,0.0011333139259858739,1.0
6.787000000000601,-6.787000000000601,-0.0011321817442416324,0.0011321817442416324,1.0
6.7880000000006016,-6.7880000000006016,-0.0011310506935480844,0.0011310506935480844,1.0
6.789000000000602,-6.789000000000602,-0.0011299207727753092,0.0011299207727753092,1.0
6.790000000000602,-6.790000000000602,-0.0011287919807945147,0.0011287919807945147,1.0
6.7910000000006026,-6.7910000000006026,-0.0011276643164780365,0.0011276643164780365,1.0
6.792000000000603,-6.792000000000603,-0.0011265377786993372,0.0011265377786993372,1.0
6.793000000000603,-6.793000000000603,-0.001125412366333004,0.001125412366333004,1.0
6.794000000000604,-6.794000000000604,-0.0011242880782547492,0.0011242880782547492,1.0
6.795000000000604,-6.795000000000604,-0.0011231649133414078,0.0011231649133414078,1.0
6.796000000000604,-6.796000000000604,-0.0011220428704709368,0.0011220428704709368,1.0
6.797000000000605,-6.797000000000605,-0.0011209219485224142,0.0011209219485224142,1.0
6.798000000000605,-6.798000000000605,-0.0011198021463760383,0.0011198021463760383,1.0
6.799000000000605,-6.799000000000605,-0.0011186834629131252,0.0011186834629131252,1.0
6.800000000000606,-6.800000000000606,-0.001117565897016109,0.001117565897016109,1.0
6.801000000000606,-6.801000000000606,-0.0011164494475685404,0.0011164494475685404,1.0
6.802000000000606,-6.802000000000606,-0.0011153341134550851,0.0011153341134550851,1.0
6.803000000000607,-6.803000000000607,-0.0011142198935615237,0.0011142198935615237,1.0
6.804000000000607,-6.804000000000607,-0.0011131067867747489,0.0011131067867747489,1.0
6.805000000000607,-6.805000000000607,-0.001111994791982766,0.001111994791982766,1.0
6.806000000000608,-6.806000000000608,-0.0011108839080746916,0.0011108839080746916,1.0
6.807000000000608,-6.807000000000608,-0.0011097741339407509,0.0011097741339407509,1.0
6.808000000000608,-6.808000000000608,-0.0011086654684722785,0.0011086654684722785,1.0
6.809000000000609,-6.809000000000609,-0.0011075579105617169,0.0011075579105617169,1.0
6.810000000000609,-6.810000000000609,-0.001106451459102614,0.001106451459102614,1.0
6.811000000000609,-6.811000000000609,-0.0011053461129896243,0.0011053461129896243,1.0
6.81200000000061,-6.81200000000061,-0.0011042418711185058,0.0011042418711185058,1.0
6.81300000000061,-6.81300000000061,-0.0011031387323861197,0.0011031387323861197,1.0
6.81400000000061,-6.81400000000061,-0.0011020366956904293,0.0011020366956904293,1.0
6.815000000000611,-6.815000000000611,-0.0011009357599304989,0.0011009357599304989,1.0
6.816000000000611,-6.816000000000611,-0.0010998359240064924,0.0010998359240064924,1.0
6.817000000000611,-6.817000000000611,-0.0010987371868196726,0.0010987371868196726,1.0
6.818000000000612,-6.818000000000612,-0.0010976395472724,0.0010976395472724,1.0
6.819000000000612,-6.819000000000612,-0.0010965430042681318,0.0010965430042681318,1.0
6.820000000000612,-6.820000000000612,-0.0010954475567114203,0.0010954475567114203,1.0
6.821000000000613,-6.821000000000613,-0.0010943532035079125,0.0010943532035079125,1.0
6.822000000000613,-6.822000000000613,-0.001093259943564348,0.001093259943564348,1.0
6.823000000000613,-6.823000000000613,-0.0010921677757885595,0.0010921677757885595,1.0
6.824000000000614,-6.824000000000614,-0.0010910766990894702,0.0010910766990894702,1.0
6.825000000000614,-6.825000000000614,-0.0010899867123770931,0.0010899867123770931,1.0
6.826000000000614,-6.826000000000614,-0.0010888978145625304,0.0010888978145625304,1.0
6.827000000000615,-6.827000000000615,-0.0010878100045579725,0.0010878100045579725,1.0
6.828000000000615,-6.828000000000615,-0.0010867232812766959,0.0010867232812766959,1.0
6.829000000000615,-6.829000000000615,-0.0010856376436330628,0.0010856376436330628,1.0
6.830000000000616,-6.830000000000616,-0.0010845530905425203,0.0010845530905425203,1.0
6.831000000000616,-6.831000000000616,-0.0010834696209215987,0.0010834696209215987,1.0
6.832000000000616,-6.832000000000616,-0.0010823872336879108,0.0010823872336879108,1.0
6.833000000000617,-6.833000000000617,-0.0010813059277601507,0.0010813059277601507,1.0
6.834000000000617,-6.834000000000617,-0.0010802257020580924,0.0010802257020580924,1.0
6.835000000000617,-6.835000000000617,-0.00107914655550259,0.00107914655550259,1.0
6.836000000000618,-6.836000000000618,-0.0010780684870155743,0.0010780684870155743,1.0
6.837000000000618,-6.837000000000618,-0.0010769914955200543,0.0010769914955200543,1.0
6.838000000000618,-6.838000000000618,-0.0010759155799401141,0.0010759155799401141,1.0
6.839000000000619,-6.839000000000619,-0.0010748407392009132,0.0010748407392009132,1.0
6.840000000000619,-6.840000000000619,-0.0010737669722286846,0.0010737669722286846,1.0
6.841000000000619,-6.841000000000619,-0.0010726942779507337,0.0010726942779507337,1.0
6.84200000000062,-6.84200000000062,-0.0010716226552954383,0.0010716226552954383,1.0
6.84300000000062,-6.84300000000062,-0.001070552103192246,0.001070552103192246,1.0
6.84400000000062,-6.84400000000062,-0.0010694826205716744,0.0010694826205716744,1.0
6.845000000000621,-6.845000000000621,-0.0010684142063653091,0.0010684142063653091,1.0
6.846000000000621,-6.846000000000621,-0.0010673468595058034,0.0010673468595058034,1.0
6.847000000000621,-6.847000000000621,-0.0010662805789268765,0.0010662805789268765,1.0
6.848000000000622,-6.848000000000622,-0.0010652153635633131,0.0010652153635633131,1.0
6.849000000000622,-6.849000000000622,-0.0010641512123509623,0.0010641512123509623,1.0
6.850000000000622,-6.850000000000622,-0.0010630881242267355,0.0010630881242267355,1.0
6.851000000000623,-6.851000000000623,-0.0010620260981286068,0.0010620260981286068,1.0
6.852000000000623,-6.852000000000623,-0.0010609651329956111,0.0010609651329956111,1.0
6.853000000000623,-6.853000000000623,-0.001059905227767843,0.001059905227767843,1.0
6.854000000000624,-6.854000000000624,-0.0010588463813864567,0.0010588463813864567,1.0
6.855000000000624,-6.855000000000624,-0.0010577885927936632,0.0010577885927936632,1.0
6.856000000000624,-6.856000000000624,-0.0010567318609327305,0.0010567318609327305,1.0
6.857000000000625,-6.857000000000625,-0.0010556761847479823,0.0010556761847479823,1.0
6.858000000000625,-6.858000000000625,-0.0010546215631847976,0.0010546215631847976,1.0
6.859000000000625,-6.859000000000625,-0.0010535679951896079,0.0010535679951896079,1.0
6.860000000000626,-6.860000000000626,-0.0010525154797098979,0.0010525154797098979,1.0
6.861000000000626,-6.861000000000626,-0.0010514640156942038,0.0010514640156942038,1.0
6.862000000000626,-6.862000000000626,-0.0010504136020921117,0.0010504136020921117,1.0
6.863000000000627,-6.863000000000627,-0.0010493642378542575,0.0010493642378542575,1.0
6.864000000000627,-6.864000000000627,-0.0010483159219323252,0.0010483159219323252,1.0
6.865000000000627,-6.865000000000627,-0.0010472686532790462,0.0010472686532790462,1.0
6.866000000000628,-6.866000000000628,-0.001046222430848198,0.001046222430848198,1.0
6.867000000000628,-6.867000000000628,-0.0010451772535946034,0.0010451772535946034,1.0
6.868000000000628,-6.868000000000628,-0.0010441331204741294,0.0010441331204741294,1.0
6.869000000000629,-6.869000000000629,-0.0010430900304436858,0.0010430900304436858,1.0
6.870000000000629,-6.870000000000629,-0.0010420479824612245,0.0010420479824612245,1.0
6.871000000000629,-6.871000000000629,-0.0010410069754857388,0.0010410069754857388,1.0
6.87200000000063,-6.87200000000063,-0.0010399670084772616,0.0010399670084772616,1.0
6.87300000000063,-6.87300000000063,-0.0010389280803968647,0.0010389280803968647,1.0
6.87400000000063,-6.87400000000063,-0.0010378901902066578,0.0010378901902066578,1.0
6.875000000000631,-6.875000000000631,-0.001036853336869788,0.001036853336869788,1.0
6.876000000000631,-6.876000000000631,-0.0010358175193504375,0.0010358175193504375,1.0
6.877000000000631,-6.877000000000631,-0.0010347827366138237,0.0010347827366138237,1.0
6.878000000000632,-6.878000000000632,-0.0010337489876261973,0.0010337489876261973,1.0
6.879000000000632,-6.879000000000632,-0.0010327162713548426,0.0010327162713548426,1.0
6.880000000000632,-6.880000000000632,-0.0010316845867680744,0.0010316845867680744,1.0
6.881000000000633,-6.881000000000633,-0.0010306539328352393,0.0010306539328352393,1.0
6.882000000000633,-6.882000000000633,-0.0010296243085267125,0.0010296243085267125,1.0
6.883000000000633,-6.883000000000633,-0.0010285957128138988,0.0010285957128138988,1.0
6.884000000000634,-6.884000000000634,-0.0010275681446692297,0.0010275681446692297,1.0
6.885000000000634,-6.885000000000634,-0.0010265416030661634,0.0010265416030661634,1.0
6.886000000000634,-6.886000000000634,-0.0010255160869791842,0.0010255160869791842,1.0
6.887000000000635,-6.887000000000635,-0.0010244915953838004,0.0010244915953838004,1.0
6.888000000000635,-6.888000000000635,-0.001023468127256544,0.001023468127256544,1.0
6.889000000000635,-6.889000000000635,-0.001022445681574969,0.001022445681574969,1.0
6.890000000000636,-6.890000000000636,-0.0010214242573176515,0.0010214242573176515,1.0
6.891000000000636,-6.891000000000636,-0.0010204038534641871,0.0010204038534641871,1.0
6.892000000000636,-6.892000000000636,-0.001019384468995192,0.001019384468995192,1.0
6.893000000000637,-6.893000000000637,-0.0010183661028922996,0.0010183661028922996,1.0
6.894000000000637,-6.894000000000637,-0.0010173487541381614,0.0010173487541381614,1.0
6.895000000000637,-6.895000000000637,-0.001016332421716445,0.001016332421716445,1.0
6.896000000000638,-6.896000000000638,-0.001015317104611833,0.001015317104611833,1.0
6.897000000000638,-6.897000000000638,-0.001014302801810023,0.001014302801810023,1.0
6.898000000000638,-6.898000000000638,-0.0010132895122977252,0.0010132895122977252,1.0
6.899000000000639,-6.899000000000639,-0.0010122772350626625,0.0010122772350626625,1.0
6.900000000000639,-6.900000000000639,-0.001011265969093569,0.001011265969093569,1.0
6.901000000000639,-6.901000000000639,-0.0010102557133801885,0.0010102557133801885,1.0
6.90200000000064,-6.90200000000064,-0.0010092464669132753,0.0010092464669132753,1.0
6.90300000000064,-6.90300000000064,-0.0010082382286845906,0.0010082382286845906,1.0
6.90400000000064,-6.90400000000064,-0.0010072309976869038,0.0010072309976869038,1.0
6.905000000000641,-6.905000000000641,-0.0010062247729139898,0.0010062247729139898,1.0
6.906000000000641,-6.906000000000641,-0.0010052195533606291,0.0010052195533606291,1.0
6.907000000000641,-6.907000000000641,-0.0010042153380226064,0.0010042153380226064,1.0
6.908000000000642,-6.908000000000642,-0.0010032121258967098,0.0010032121258967098,1.0
6.909000000000642,-6.909000000000642,-0.001002209915980729,0.001002209915980729,1.0
6.910000000000642,-6.910000000000642,-0.0010012087072734555,0.0010012087072734555,1.0
6.911000000000643,-6.911000000000643,-0.0010002084987746809,0.0010002084987746809,1.0
6.912000000000643,-6.912000000000643,-0.0009992092894851958,0.0009992092894851958,1.0
6.913000000000643,-6.913000000000643,-0.000998211078406789,0.000998211078406789,1.0
6.914000000000644,-6.914000000000644,-0.0009972138645422469,0.0009972138645422469,1.0
6.915000000000644,-6.915000000000644,-0.0009962176468953515,0.0009962176468953515,1.0
6.916000000000644,-6.916000000000644,-0.0009952224244708806,0.0009952224244708806,1.0
6.917000000000645,-6.917000000000645,-0.000994228196274606,0.000994228196274606,1.0
6.918000000000645,-6.918000000000645,-0.0009932349613132928,0.0009932349613132928,1.0
6.919000000000645,-6.919000000000645,-0.000992242718594698,0.000992242718594698,1.0
6.920000000000646,-6.920000000000646,-0.0009912514671275704,0.0009912514671275704,1.0
6.921000000000646,-6.921000000000646,-0.0009902612059216487,0.0009902612059216487,1.0
6.922000000000646,-6.922000000000646,-0.000989271933987661,0.000989271933987661,1.0
6.923000000000647,-6.923000000000647,-0.0009882836503373234,0.0009882836503373234,1.0
6.924000000000647,-6.924000000000647,-0.0009872963539833402,0.0009872963539833402,1.0
6.925000000000647,-6.925000000000647,-0.000986310043939401,0.000986310043939401,1.0
6.926000000000648,-6.926000000000648,-0.0009853247192201807,0.0009853247192201807,1.0
6.927000000000648,-6.927000000000648,-0.0009843403788413394,0.0009843403788413394,1.0
6.928000000000648,-6.928000000000648,-0.0009833570218195197,0.0009833570218195197,1.0
6.929000000000649,-6.929000000000649,-0.0009823746471723474,0.0009823746471723474,1.0
6.930000000000649,-6.930000000000649,-0.0009813932539184291,0.0009813932539184291,1.0
6.931000000000649,-6.931000000000649,-0.0009804128410773518,0.0009804128410773518,1.0
6.93200000000065,-6.93200000000065,-0.0009794334076696821,0.0009794334076696821,1.0
6.93300000000065,-6.93300000000065,-0.0009784549527169651,0.0009784549527169651,1.0
6.93400000000065,-6.93400000000065,-0.0009774774752417236,0.0009774774752417236,1.0
6.935000000000651,-6.935000000000651,-0.000976500974267456,0.000976500974267456,1.0
6.936000000000651,-6.936000000000651,-0.0009755254488186374,0.0009755254488186374,1.0
6.937000000000651,-6.937000000000651,-0.0009745508979207166,0.0009745508979207166,1.0
6.938000000000652,-6.938000000000652,-0.0009735773206001165,0.0009735773206001165,1.0
6.939000000000652,-6.939000000000652,-0.0009726047158842324,0.0009726047158842324,1.0
6.940000000000652,-6.940000000000652,-0.0009716330828014309,0.0009716330828014309,1.0
6.941000000000653,-6.941000000000653,-0.0009706624203810499,0.0009706624203810499,1.0
6.942000000000653,-6.942000000000653,-0.0009696927276533965,0.0009696927276533965,1.0
6.943000000000653,-6.943000000000653,-0.0009687240036497468,0.0009687240036497468,1.0
6.944000000000654,-6.944000000000654,-0.0009677562474023444,0.0009677562474023444,1.0
6.945000000000654,-6.945000000000654,-0.0009667894579444001,0.0009667894579444001,1.0
6.946000000000654,-6.946000000000654,-0.00096582363431009,0.00096582363431009,1.0
6.947000000000655,-6.947000000000655,-0.0009648587755345556,0.0009648587755345556,1.0
6.948000000000655,-6.948000000000655,-0.0009638948806539017,0.0009638948806539017,1.0
6.949000000000655,-6.949000000000655,-0.0009629319487051965,0.0009629319487051965,1.0
6.950000000000656,-6.950000000000656,-0.00096196997872647,0.00096196997872647,1.0
6.951000000000656,-6.951000000000656,-0.0009610089697567133,0.0009610089697567133,1.0
6.952000000000656,-6.952000000000656,-0.0009600489208358775,0.0009600489208358775,1.0
6.953000000000657,-6.953000000000657,-0.0009590898310048725,0.0009590898310048725,1.0
6.954000000000657,-6.954000000000657,-0.000958131699305567,0.000958131699305567,1.0
6.955000000000657,-6.955000000000657,-0.0009571745247807862,0.0009571745247807862,1.0
6.956000000000658,-6.956000000000658,-0.000956218306474312,0.000956218306474312,1.0
6.957000000000658,-6.957000000000658,-0.0009552630434308811,0.0009552630434308811,1.0
6.958000000000658,-6.958000000000658,-0.0009543087346961848,0.0009543087346961848,1.0
6.959000000000659,-6.959000000000659,-0.0009533553793168681,0.0009533553793168681,1.0
6.960000000000659,-6.960000000000659,-0.0009524029763405275,0.0009524029763405275,1.0
6.961000000000659,-6.961000000000659,-0.0009514515248157118,0.0009514515248157118,1.0
6.96200000000066,-6.96200000000066,-0.0009505010237919199,0.0009505010237919199,1.0
6.96300000000066,-6.96300000000066,-0.0009495514723196004,0.0009495514723196004,1.0
6.96400000000066,-6.96400000000066,-0.0009486028694501502,0.0009486028694501502,1.0
6.965000000000661,-6.965000000000661,-0.0009476552142359143,0.0009476552142359143,1.0
6.966000000000661,-6.966000000000661,-0.0009467085057301842,0.0009467085057301842,1.0
6.967000000000661,-6.967000000000661,-0.000945762742987197,0.000945762742987197,1.0
6.968000000000662,-6.968000000000662,-0.000944817925062135,0.000944817925062135,1.0
6.969000000000662,-6.969000000000662,-0.0009438740510111239,0.0009438740510111239,1.0
6.970000000000662,-6.970000000000662,-0.0009429311198912326,0.0009429311198912326,1.0
6.971000000000663,-6.971000000000663,-0.0009419891307604722,0.0009419891307604722,1.0
6.972000000000663,-6.972000000000663,-0.0009410480826777943,0.0009410480826777943,1.0
6.973000000000663,-6.973000000000663,-0.0009401079747030913,0.0009401079747030913,1.0
6.974000000000664,-6.974000000000664,-0.000939168805897194,0.000939168805897194,1.0
6.975000000000664,-6.975000000000664,-0.0009382305753218721,0.0009382305753218721,1.0
6.976000000000664,-6.976000000000664,-0.0009372932820398323,0.0009372932820398323,1.0
6.977000000000665,-6.977000000000665,-0.0009363569251147175,0.0009363569251147175,1.0
6.978000000000665,-6.978000000000665,-0.0009354215036111065,0.0009354215036111065,1.0
6.979000000000665,-6.979000000000665,-0.000934487016594512,0.000934487016594512,1.0
6.980000000000666,-6.980000000000666,-0.0009335534631313805,0.0009335534631313805,1.0
6.981000000000666,-6.981000000000666,-0.0009326208422890914,0.0009326208422890914,1.0
6.982000000000666,-6.982000000000666,-0.0009316891531359555,0.0009316891531359555,1.0
6.983000000000667,-6.983000000000667,-0.0009307583947412143,0.0009307583947412143,1.0
6.984000000000667,-6.984000000000667,-0.0009298285661750391,0.0009298285661750391,1.0
6.985000000000667,-6.985000000000667,-0.0009288996665085307,0.0009288996665085307,1.0
6.986000000000668,-6.986000000000668,-0.000927971694813717,0.000927971694813717,1.0
6.987000000000668,-6.987000000000668,-0.0009270446501635534,0.0009270446501635534,1.0
6.988000000000668,-6.988000000000668,-0.0009261185316319216,0.0009261185316319216,1.0
6.989000000000669,-6.989000000000669,-0.000925193338293628,0.000925193338293628,1.0
6.990000000000669,-6.990000000000669,-0.0009242690692244036,0.0009242690692244036,1.0
6.991000000000669,-6.991000000000669,-0.0009233457235009026,0.0009233457235009026,1.0
6.99200000000067,-6.99200000000067,-0.000922423300200702,0.000922423300200702,1.0
6.99300000000067,-6.99300000000067,-0.0009215017984022996,0.0009215017984022996,1.0
6.99400000000067,-6.99400000000067,-0.0009205812171851145,0.0009205812171851145,1.0
6.995000000000671,-6.995000000000671,-0.0009196615556294849,0.0009196615556294849,1.0
6.996000000000671,-6.996000000000671,-0.0009187428128166683,0.0009187428128166683,1.0
6.997000000000671,-6.997000000000671,-0.0009178249878288395,0.0009178249878288395,1.0
6.998000000000672,-6.998000000000672,-0.0009169080797490904,0.0009169080797490904,1.0
6.999000000000672,-6.999000000000672,-0.000915992087661429,0.000915992087661429,1.0
7.000000000000672,-7.000000000000672,-0.0009150770106507784,0.0009150770106507784,1.0
7.001000000000673,-7.001000000000673,-0.0009141628478029753,0.0009141628478029753,1.0
7.002000000000673,-7.002000000000673,-0.0009132495982047706,0.0009132495982047706,1.0
7.003000000000673,-7.003000000000673,-0.0009123372609438268,0.0009123372609438268,1.0
7.004000000000674,-7.004000000000674,-0.0009114258351087182,0.0009114258351087182,1.0
7.005000000000674,-7.005000000000674,-0.0009105153197889293,0.0009105153197889293,1.0
7.006000000000674,-7.006000000000674,-0.0009096057140748543,0.0009096057140748543,1.0
7.007000000000675,-7.007000000000675,-0.0009086970170577966,0.0009086970170577966,1.0
7.008000000000675,-7.008000000000675,-0.0009077892278299666,0.0009077892278299666,1.0
7.009000000000675,-7.009000000000675,-0.0009068823454844822,0.0009068823454844822,1.0
7.010000000000676,-7.010000000000676,-0.0009059763691153668,0.0009059763691153668,1.0
7.011000000000676,-7.011000000000676,-0.0009050712978175493,0.0009050712978175493,1.0
7.012000000000676,-7.012000000000676,-0.0009041671306868625,0.0009041671306868625,1.0
7.013000000000677,-7.013000000000677,-0.0009032638668200424,0.0009032638668200424,1.0
7.014000000000677,-7.014000000000677,-0.0009023615053147276,0.0009023615053147276,1.0
7.015000000000677,-7.015000000000677,-0.0009014600452694582,0.0009014600452694582,1.0
7.016000000000678,-7.016000000000678,-0.0009005594857836746,0.0009005594857836746,1.0
7.017000000000678,-7.017000000000678,-0.0008996598259577169,0.0008996598259577169,1.0
7.018000000000678,-7.018000000000678,-0.000898761064892824,0.000898761064892824,1.0
7.019000000000679,-7.019000000000679,-0.0008978632016911328,0.0008978632016911328,1.0
7.020000000000679,-7.020000000000679,-0.0008969662354556771,0.0008969662354556771,1.0
7.021000000000679,-7.021000000000679,-0.0008960701652903867,0.0008960701652903867,1.0
7.02200000000068,-7.02200000000068,-0.0008951749903000866,0.0008951749903000866,1.0
7.02300000000068,-7.02300000000068,-0.0008942807095904962,0.0008942807095904962,1.0
7.02400000000068,-7.02400000000068,-0.0008933873222682279,0.0008933873222682279,1.0
7.025000000000681,-7.025000000000681,-0.0008924948274407872,0.0008924948274407872,1.0
7.026000000000681,-7.026000000000681,-0.0008916032242165707,0.0008916032242165707,1.0
7.027000000000681,-7.027000000000681,-0.0008907125117048658,0.0008907125117048658,1.0
7.028000000000682,-7.028000000000682,-0.0008898226890158499,0.0008898226890158499,1.0
7.029000000000682,-7.029000000000682,-0.0008889337552605893,0.0008889337552605893,1.0
7.030000000000682,-7.030000000000682,-0.0008880457095510382,0.0008880457095510382,1.0
7.031000000000683,-7.031000000000683,-0.0008871585510000382,0.0008871585510000382,1.0
7.032000000000683,-7.032000000000683,-0.0008862722787213169,0.0008862722787213169,1.0
7.033000000000683,-7.033000000000683,-0.0008853868918294875,0.0008853868918294875,1.0
7.034000000000684,-7.034000000000684,-0.0008845023894400474,0.0008845023894400474,1.0
7.035000000000684,-7.035000000000684,-0.0008836187706693781,0.0008836187706693781,1.0
7.036000000000684,-7.036000000000684,-0.0008827360346347434,0.0008827360346347434,1.0
7.037000000000685,-7.037000000000685,-0.0008818541804542892,0.0008818541804542892,1.0
7.038000000000685,-7.038000000000685,-0.0008809732072470422,0.0008809732072470422,1.0
7.039000000000685,-7.039000000000685,-0.0008800931141329092,0.0008800931141329092,1.0
7.040000000000686,-7.040000000000686,-0.0008792139002326766,0.0008792139002326766,1.0
7.041000000000686,-7.041000000000686,-0.0008783355646680086,0.0008783355646680086,1.0
7.042000000000686,-7.042000000000686,-0.0008774581065614472,0.0008774581065614472,1.0
7.043000000000687,-7.043000000000687,-0.0008765815250364107,0.0008765815250364107,1.0
7.044000000000687,-7.044000000000687,-0.0008757058192171936,0.0008757058192171936,1.0
7.045000000000687,-7.045000000000687,-0.0008748309882289646,0.0008748309882289646,1.0
7.046000000000688,-7.046000000000688,-0.0008739570311977669,0.0008739570311977669,1.0
7.047000000000688,-7.047000000000688,-0.0008730839472505164,0.0008730839472505164,1.0
7.048000000000688,-7.048000000000688,-0.0008722117355150015,0.0008722117355150015,1.0
7.049000000000689,-7.049000000000689,-0.0008713403951198815,0.0008713403951198815,1.0
7.050000000000689,-7.050000000000689,-0.0008704699251946868,0.0008704699251946868,1.0
7.051000000000689,-7.051000000000689,-0.000869600324869817,0.000869600324869817,1.0
7.05200000000069,-7.05200000000069,-0.0008687315932765404,0.0008687315932765404,1.0
7.05300000000069,-7.05300000000069,-0.0008678637295469934,0.0008678637295469934,1.0
7.05400000000069,-7.05400000000069,-0.0008669967328141793,0.0008669967328141793,1.0
7.055000000000691,-7.055000000000691,-0.0008661306022119674,0.0008661306022119674,1.0
7.056000000000691,-7.056000000000691,-0.0008652653368750923,0.0008652653368750923,1.0
7.057000000000691,-7.057000000000691,-0.0008644009359391532,0.0008644009359391532,1.0
7.058000000000692,-7.058000000000692,-0.0008635373985406126,0.0008635373985406126,1.0
7.059000000000692,-7.059000000000692,-0.0008626747238167958,0.0008626747238167958,1.0
7.060000000000692,-7.060000000000692,-0.00086181291090589,0.00086181291090589,1.0
7.061000000000693,-7.061000000000693,-0.0008609519589469429,0.0008609519589469429,1.0
7.062000000000693,-7.062000000000693,-0.0008600918670798631,0.0008600918670798631,1.0
7.063000000000693,-7.063000000000693,-0.0008592326344454178,0.0008592326344454178,1.0
7.064000000000694,-7.064000000000694,-0.0008583742601852325,0.0008583742601852325,1.0
7.065000000000694,-7.065000000000694,-0.0008575167434417907,0.0008575167434417907,1.0
7.066000000000694,-7.066000000000694,-0.0008566600833584322,0.0008566600833584322,1.0
7.067000000000695,-7.067000000000695,-0.0008558042790793528,0.0008558042790793528,1.0
7.068000000000695,-7.068000000000695,-0.0008549493297496032,0.0008549493297496032,1.0
7.069000000000695,-7.069000000000695,-0.000854095234515088,0.000854095234515088,1.0
7.070000000000696,-7.070000000000696,-0.0008532419925225656,0.0008532419925225656,1.0
7.071000000000696,-7.071000000000696,-0.0008523896029196459,0.0008523896029196459,1.0
7.072000000000696,-7.072000000000696,-0.0008515380648547912,0.0008515380648547912,1.0
7.073000000000697,-7.073000000000697,-0.0008506873774773138,0.0008506873774773138,1.0
7.074000000000697,-7.074000000000697,-0.0008498375399373764,0.0008498375399373764,1.0
7.075000000000697,-7.075000000000697,-0.0008489885513859904,0.0008489885513859904,1.0
7.076000000000698,-7.076000000000698,-0.0008481404109750154,0.0008481404109750154,1.0
7.077000000000698,-7.077000000000698,-0.0008472931178571581,0.0008472931178571581,1.0
7.078000000000698,-7.078000000000698,-0.0008464466711859723,0.0008464466711859723,1.0
7.079000000000699,-7.079000000000699,-0.0008456010701158563,0.0008456010701158563,1.0
7.080000000000699,-7.080000000000699,-0.0008447563138020542,0.0008447563138020542,1.0
7.081000000000699,-7.081000000000699,-0.0008439124014006536,0.0008439124014006536,1.0
7.0820000000007,-7.0820000000007,-0.0008430693320685852,0.0008430693320685852,1.0
7.0830000000007,-7.0830000000007,-0.0008422271049636215,0.0008422271049636215,1.0
7.0840000000007,-7.0840000000007,-0.0008413857192443772,0.0008413857192443772,1.0
7.085000000000701,-7.085000000000701,-0.0008405451740703069,0.0008405451740703069,1.0
7.086000000000701,-7.086000000000701,-0.0008397054686017051,0.0008397054686017051,1.0
7.087000000000701,-7.087000000000701,-0.0008388666019997054,0.0008388666019997054,1.0
7.088000000000702,-7.088000000000702,-0.0008380285734262792,0.0008380285734262792,1.0
7.089000000000702,-7.089000000000702,-0.0008371913820442349,0.0008371913820442349,1.0
7.090000000000702,-7.090000000000702,-0.0008363550270172177,0.0008363550270172177,1.0
7.091000000000703,-7.091000000000703,-0.000835519507509708,0.000835519507509708,1.0
7.092000000000703,-7.092000000000703,-0.0008346848226870211,0.0008346848226870211,1.0
7.093000000000703,-7.093000000000703,-0.0008338509717153058,0.0008338509717153058,1.0
7.094000000000704,-7.094000000000704,-0.0008330179537615443,0.0008330179537615443,1.0
7.095000000000704,-7.095000000000704,-0.0008321857679935507,0.0008321857679935507,1.0
7.096000000000704,-7.096000000000704,-0.0008313544135799707,0.0008313544135799707,1.0
7.097000000000705,-7.097000000000705,-0.0008305238896902804,0.0008305238896902804,1.0
7.098000000000705,-7.098000000000705,-0.0008296941954947856,0.0008296941954947856,1.0
7.099000000000705,-7.099000000000705,-0.000828865330164621,0.000828865330164621,1.0
7.100000000000706,-7.100000000000706,-0.0008280372928717492,0.0008280372928717492,1.0
7.101000000000706,-7.101000000000706,-0.0008272100827889604,0.0008272100827889604,1.0
7.102000000000706,-7.102000000000706,-0.0008263836990898705,0.0008263836990898705,1.0
7.103000000000707,-7.103000000000707,-0.0008255581409489217,0.0008255581409489217,1.0
7.104000000000707,-7.104000000000707,-0.0008247334075413802,0.0008247334075413802,1.0
7.105000000000707,-7.105000000000707,-0.0008239094980433369,0.0008239094980433369,1.0
7.106000000000708,-7.106000000000708,-0.0008230864116317051,0.0008230864116317051,1.0
7.107000000000708,-7.107000000000708,-0.000822264147484221,0.000822264147484221,1.0
7.108000000000708,-7.108000000000708,-0.0008214427047794415,0.0008214427047794415,1.0
7.109000000000709,-7.109000000000709,-0.0008206220826967448,0.0008206220826967448,1.0
7.110000000000709,-7.110000000000709,-0.0008198022804163285,0.0008198022804163285,1.0
7.111000000000709,-7.111000000000709,-0.0008189832971192094,0.0008189832971192094,1.0
7.11200000000071,-7.11200000000071,-0.0008181651319872222,0.0008181651319872222,1.0
7.11300000000071,-7.11300000000071,-0.0008173477842030192,0.0008173477842030192,1.0
7.11400000000071,-7.11400000000071,-0.0008165312529500692,0.0008165312529500692,1.0
7.115000000000711,-7.115000000000711,-0.0008157155374126564,0.0008157155374126564,1.0
7.116000000000711,-7.116000000000711,-0.0008149006367758806,0.0008149006367758806,1.0
7.117000000000711,-7.117000000000711,-0.0008140865502256549,0.0008140865502256549,1.0
7.118000000000712,-7.118000000000712,-0.0008132732769487063,0.0008132732769487063,1.0
7.119000000000712,-7.119000000000712,-0.0008124608161325737,0.0008124608161325737,1.0
7.120000000000712,-7.120000000000712,-0.0008116491669656081,0.0008116491669656081,1.0
7.121000000000713,-7.121000000000713,-0.0008108383286369712,0.0008108383286369712,1.0
7.122000000000713,-7.122000000000713,-0.0008100283003366345,0.0008100283003366345,1.0
7.123000000000713,-7.123000000000713,-0.0008092190812553792,0.0008092190812553792,1.0
7.124000000000714,-7.124000000000714,-0.0008084106705847944,0.0008084106705847944,1.0
7.125000000000714,-7.125000000000714,-0.0008076030675172771,0.0008076030675172771,1.0
7.126000000000714,-7.126000000000714,-0.000806796271246031,0.000806796271246031,1.0
7.127000000000715,-7.127000000000715,-0.0008059902809650659,0.0008059902809650659,1.0
7.128000000000715,-7.128000000000715,-0.0008051850958691966,0.0008051850958691966,1.0
7.129000000000715,-7.129000000000715,-0.0008043807151540426,0.0008043807151540426,1.0
7.130000000000716,-7.130000000000716,-0.0008035771380160266,0.0008035771380160266,1.0
7.131000000000716,-7.131000000000716,-0.0008027743636523742,0.0008027743636523742,1.0
7.132000000000716,-7.132000000000716,-0.0008019723912611131,0.0008019723912611131,1.0
7.133000000000717,-7.133000000000717,-0.000801171220041072,0.000801171220041072,1.0
7.134000000000717,-7.134000000000717,-0.00080037084919188,0.00080037084919188,1.0
7.135000000000717,-7.135000000000717,-0.000799571277913966,0.000799571277913966,1.0
7.136000000000718,-7.136000000000718,-0.0007987725054085576,0.0007987725054085576,1.0
7.137000000000718,-7.137000000000718,-0.0007979745308776798,0.0007979745308776798,1.0
7.138000000000718,-7.138000000000718,-0.0007971773535241556,0.0007971773535241556,1.0
7.139000000000719,-7.139000000000719,-0.0007963809725516041,0.0007963809725516041,1.0
7.140000000000719,-7.140000000000719,-0.0007955853871644396,0.0007955853871644396,1.0
7.141000000000719,-7.141000000000719,-0.0007947905965678718,0.0007947905965678718,1.0
7.14200000000072,-7.14200000000072,-0.0007939965999679039,0.0007939965999679039,1.0
7.14300000000072,-7.14300000000072,-0.0007932033965713324,0.0007932033965713324,1.0
7.14400000000072,-7.14400000000072,-0.0007924109855857466,0.0007924109855857466,1.0
7.145000000000721,-7.145000000000721,-0.0007916193662195272,0.0007916193662195272,1.0
7.146000000000721,-7.146000000000721,-0.0007908285376818453,0.0007908285376818453,1.0
7.147000000000721,-7.147000000000721,-0.0007900384991826627,0.0007900384991826627,1.0
7.148000000000722,-7.148000000000722,-0.0007892492499327299,0.0007892492499327299,1.0
7.149000000000722,-7.149000000000722,-0.0007884607891435862,0.0007884607891435862,1.0
7.1500000000007224,-7.1500000000007224,-0.0007876731160275589,0.0007876731160275589,1.0
7.151000000000723,-7.151000000000723,-0.000786886229797761,0.000786886229797761,1.0
7.152000000000723,-7.152000000000723,-0.000786100129668093,0.000786100129668093,1.0
7.1530000000007234,-7.1530000000007234,-0.0007853148148532396,0.0007853148148532396,1.0
7.154000000000724,-7.154000000000724,-0.000784530284568671,0.000784530284568671,1.0
7.155000000000724,-7.155000000000724,-0.0007837465380306403,0.0007837465380306403,1.0
7.1560000000007244,-7.1560000000007244,-0.0007829635744561841,0.0007829635744561841,1.0
7.157000000000725,-7.157000000000725,-0.000782181393063121,0.000782181393063121,1.0
7.158000000000725,-7.158000000000725,-0.000781399993070051,0.000781399993070051,1.0
7.1590000000007254,-7.1590000000007254,-0.0007806193736963547,0.0007806193736963547,1.0
7.160000000000726,-7.160000000000726,-0.0007798395341621925,0.0007798395341621925,1.0
7.161000000000726,-7.161000000000726,-0.0007790604736885039,0.0007790604736885039,1.0
7.1620000000007265,-7.1620000000007265,-0.0007782821914970069,0.0007782821914970069,1.0
7.163000000000727,-7.163000000000727,-0.0007775046868101968,0.0007775046868101968,1.0
7.164000000000727,-7.164000000000727,-0.0007767279588513454,0.0007767279588513454,1.0
7.1650000000007275,-7.1650000000007275,-0.0007759520068445009,0.0007759520068445009,1.0
7.166000000000728,-7.166000000000728,-0.0007751768300144864,0.0007751768300144864,1.0
7.167000000000728,-7.167000000000728,-0.0007744024275868995,0.0007744024275868995,1.0
7.1680000000007285,-7.1680000000007285,-0.0007736287987881113,0.0007736287987881113,1.0
7.169000000000729,-7.169000000000729,-0.000772855942845266,0.000772855942845266,1.0
7.170000000000729,-7.170000000000729,-0.0007720838589862798,0.0007720838589862798,1.0
7.1710000000007295,-7.1710000000007295,-0.0007713125464398399,0.0007713125464398399,1.0
7.17200000000073,-7.17200000000073,-0.0007705420044354046,0.0007705420044354046,1.0
7.17300000000073,-7.17300000000073,-0.0007697722322032013,0.0007697722322032013,1.0
7.1740000000007305,-7.1740000000007305,-0.0007690032289742271,0.0007690032289742271,1.0
7.175000000000731,-7.175000000000731,-0.0007682349939802469,0.0007682349939802469,1.0
7.176000000000731,-7.176000000000731,-0.0007674675264537931,0.0007674675264537931,1.0
7.1770000000007315,-7.1770000000007315,-0.0007667008256281648,0.0007667008256281648,1.0
7.178000000000732,-7.178000000000732,-0.0007659348907374275,0.0007659348907374275,1.0
7.179000000000732,-7.179000000000732,-0.0007651697210164111,0.0007651697210164111,1.0
7.1800000000007325,-7.1800000000007325,-0.0007644053157007103,0.0007644053157007103,1.0
7.181000000000733,-7.181000000000733,-0.0007636416740266837,0.0007636416740266837,1.0
7.182000000000733,-7.182000000000733,-0.0007628787952314522,0.0007628787952314522,1.0
7.1830000000007335,-7.1830000000007335,-0.0007621166785528994,0.0007621166785528994,1.0
7.184000000000734,-7.184000000000734,-0.0007613553232296697,0.0007613553232296697,1.0
7.185000000000734,-7.185000000000734,-0.0007605947285011685,0.0007605947285011685,1.0
7.1860000000007345,-7.1860000000007345,-0.0007598348936075609,0.0007598348936075609,1.0
7.187000000000735,-7.187000000000735,-0.000759075817789771,0.000759075817789771,1.0
7.188000000000735,-7.188000000000735,-0.0007583175002894816,0.0007583175002894816,1.0
7.1890000000007355,-7.1890000000007355,-0.0007575599403491325,0.0007575599403491325,1.0
7.190000000000736,-7.190000000000736,-0.0007568031372119207,0.0007568031372119207,1.0
7.191000000000736,-7.191000000000736,-0.0007560470901217988,0.0007560470901217988,1.0
7.1920000000007365,-7.1920000000007365,-0.0007552917983234754,0.0007552917983234754,1.0
7.193000000000737,-7.193000000000737,-0.000754537261062413,0.000754537261062413,1.0
7.194000000000737,-7.194000000000737,-0.0007537834775848283,0.0007537834775848283,1.0
7.1950000000007375,-7.1950000000007375,-0.0007530304471376906,0.0007530304471376906,1.0
7.196000000000738,-7.196000000000738,-0.0007522781689687218,0.0007522781689687218,1.0
7.197000000000738,-7.197000000000738,-0.0007515266423263954,0.0007515266423263954,1.0
7.1980000000007385,-7.1980000000007385,-0.0007507758664599355,0.0007507758664599355,1.0
7.199000000000739,-7.199000000000739,-0.0007500258406193161,0.0007500258406193161,1.0
7.200000000000739,-7.200000000000739,-0.0007492765640552609,0.0007492765640552609,1.0
7.2010000000007395,-7.2010000000007395,-0.0007485280360192417,0.0007485280360192417,1.0
7.20200000000074,-7.20200000000074,-0.0007477802557634783,0.0007477802557634783,1.0
7.20300000000074,-7.20300000000074,-0.0007470332225409373,0.0007470332225409373,1.0
7.2040000000007405,-7.2040000000007405,-0.000746286935605332,0.000746286935605332,1.0
7.205000000000741,-7.205000000000741,-0.0007455413942111208,0.0007455413942111208,1.0
7.206000000000741,-7.206000000000741,-0.0007447965976135073,0.0007447965976135073,1.0
7.2070000000007415,-7.2070000000007415,-0.0007440525450684388,0.0007440525450684388,1.0
7.208000000000742,-7.208000000000742,-0.0007433092358326063,0.0007433092358326063,1.0
7.209000000000742,-7.209000000000742,-0.0007425666691634428,0.0007425666691634428,1.0
7.2100000000007425,-7.2100000000007425,-0.0007418248443191236,0.0007418248443191236,1.0
7.211000000000743,-7.211000000000743,-0.0007410837605585651,0.0007410837605585651,1.0
7.212000000000743,-7.212000000000743,-0.0007403434171414237,0.0007403434171414237,1.0
7.2130000000007435,-7.2130000000007435,-0.0007396038133280957,0.0007396038133280957,1.0
7.214000000000744,-7.214000000000744,-0.0007388649483797159,0.0007388649483797159,1.0
7.215000000000744,-7.215000000000744,-0.0007381268215581578,0.0007381268215581578,1.0
7.2160000000007445,-7.2160000000007445,-0.0007373894321260317,0.0007373894321260317,1.0
7.217000000000745,-7.217000000000745,-0.0007366527793466849,0.0007366527793466849,1.0
7.218000000000745,-7.218000000000745,-0.0007359168624842007,0.0007359168624842007,1.0
7.2190000000007455,-7.2190000000007455,-0.0007351816808033974,0.0007351816808033974,1.0
7.220000000000746,-7.220000000000746,-0.0007344472335698276,0.0007344472335698276,1.0
7.221000000000746,-7.221000000000746,-0.0007337135200497779,0.0007337135200497779,1.0
7.2220000000007465,-7.2220000000007465,-0.0007329805395102676,0.0007329805395102676,1.0
7.223000000000747,-7.223000000000747,-0.0007322482912190485,0.0007322482912190485,1.0
7.224000000000747,-7.224000000000747,-0.0007315167744446039,0.0007315167744446039,1.0
7.2250000000007475,-7.2250000000007475,-0.0007307859884561477,0.0007307859884561477,1.0
7.226000000000748,-7.226000000000748,-0.0007300559325236243,0.0007300559325236243,1.0
7.227000000000748,-7.227000000000748,-0.0007293266059177065,0.0007293266059177065,1.0
7.2280000000007485,-7.2280000000007485,-0.0007285980079097966,0.0007285980079097966,1.0
7.229000000000749,-7.229000000000749,-0.0007278701377720246,0.0007278701377720246,1.0
7.230000000000749,-7.230000000000749,-0.0007271429947772473,0.0007271429947772473,1.0
7.2310000000007495,-7.2310000000007495,-0.0007264165781990481,0.0007264165781990481,1.0
7.23200000000075,-7.23200000000075,-0.0007256908873117364,0.0007256908873117364,1.0
7.23300000000075,-7.23300000000075,-0.000724965921390346,0.000724965921390346,1.0
7.2340000000007505,-7.2340000000007505,-0.0007242416797106355,0.0007242416797106355,1.0
7.235000000000751,-7.235000000000751,-0.0007235181615490863,0.0007235181615490863,1.0
7.236000000000751,-7.236000000000751,-0.0007227953661829034,0.0007227953661829034,1.0
7.2370000000007515,-7.2370000000007515,-0.0007220732928900133,0.0007220732928900133,1.0
7.238000000000752,-7.238000000000752,-0.0007213519409490644,0.0007213519409490644,1.0
7.239000000000752,-7.239000000000752,-0.0007206313096394249,0.0007206313096394249,1.0
7.2400000000007525,-7.2400000000007525,-0.0007199113982411838,0.0007199113982411838,1.0
7.241000000000753,-7.241000000000753,-0.0007191922060351487,0.0007191922060351487,1.0
7.242000000000753,-7.242000000000753,-0.0007184737323028458,0.0007184737323028458,1.0
7.2430000000007535,-7.2430000000007535,-0.0007177559763265192,0.0007177559763265192,1.0
7.244000000000754,-7.244000000000754,-0.0007170389373891301,0.0007170389373891301,1.0
7.245000000000754,-7.245000000000754,-0.0007163226147743557,0.0007163226147743557,1.0
7.2460000000007545,-7.2460000000007545,-0.0007156070077665892,0.0007156070077665892,1.0
7.247000000000755,-7.247000000000755,-0.0007148921156509382,0.0007148921156509382,1.0
7.248000000000755,-7.248000000000755,-0.0007141779377132251,0.0007141779377132251,1.0
7.2490000000007555,-7.2490000000007555,-0.000713464473239985,0.000713464473239985,1.0
7.250000000000756,-7.250000000000756,-0.0007127517215184666,0.0007127517215184666,1.0
7.251000000000756,-7.251000000000756,-0.0007120396818366299,0.0007120396818366299,1.0
7.2520000000007565,-7.2520000000007565,-0.0007113283534831468,0.0007113283534831468,1.0
7.253000000000757,-7.253000000000757,-0.0007106177357473994,0.0007106177357473994,1.0
7.254000000000757,-7.254000000000757,-0.00070990782791948,0.00070990782791948,1.0
7.2550000000007575,-7.2550000000007575,-0.0007091986292901899,0.0007091986292901899,1.0
7.256000000000758,-7.256000000000758,-0.0007084901391510388,0.0007084901391510388,1.0
7.257000000000758,-7.257000000000758,-0.0007077823567942447,0.0007077823567942447,1.0
7.2580000000007585,-7.2580000000007585,-0.0007070752815127319,0.0007070752815127319,1.0
7.259000000000759,-7.259000000000759,-0.0007063689126001317,0.0007063689126001317,1.0
7.260000000000759,-7.260000000000759,-0.0007056632493507809,0.0007056632493507809,1.0
7.2610000000007595,-7.2610000000007595,-0.0007049582910597212,0.0007049582910597212,1.0
7.26200000000076,-7.26200000000076,-0.0007042540370226985,0.0007042540370226985,1.0
7.26300000000076,-7.26300000000076,-0.0007035504865361623,0.0007035504865361623,1.0
7.2640000000007605,-7.2640000000007605,-0.000702847638897265,0.000702847638897265,1.0
7.265000000000761,-7.265000000000761,-0.0007021454934038611,0.0007021454934038611,1.0
7.266000000000761,-7.266000000000761,-0.0007014440493545067,0.0007014440493545067,1.0
7.2670000000007615,-7.2670000000007615,-0.0007007433060484583,0.0007007433060484583,1.0
7.268000000000762,-7.268000000000762,-0.0007000432627856726,0.0007000432627856726,1.0
7.269000000000762,-7.269000000000762,-0.0006993439188668057,0.0006993439188668057,1.0
7.2700000000007625,-7.2700000000007625,-0.0006986452735932124,0.0006986452735932124,1.0
7.271000000000763,-7.271000000000763,-0.0006979473262669455,0.0006979473262669455,1.0
7.272000000000763,-7.272000000000763,-0.0006972500761907546,0.0006972500761907546,1.0
7.2730000000007635,-7.2730000000007635,-0.0006965535226680866,0.0006965535226680866,1.0
7.274000000000764,-7.274000000000764,-0.0006958576650030836,0.0006958576650030836,1.0
7.275000000000764,-7.275000000000764,-0.000695162502500583,0.000695162502500583,1.0
7.2760000000007645,-7.2760000000007645,-0.0006944680344661168,0.0006944680344661168,1.0
7.277000000000765,-7.277000000000765,-0.0006937742602059108,0.0006937742602059108,1.0
7.278000000000765,-7.278000000000765,-0.0006930811790268839,0.0006930811790268839,1.0
7.2790000000007655,-7.2790000000007655,-0.0006923887902366472,0.0006923887902366472,1.0
7.280000000000766,-7.280000000000766,-0.0006916970931435038,0.0006916970931435038,1.0
7.281000000000766,-7.281000000000766,-0.0006910060870564473,0.0006910060870564473,1.0
7.2820000000007665,-7.2820000000007665,-0.0006903157712851621,0.0006903157712851621,1.0
7.283000000000767,-7.283000000000767,-0.000689626145140022,0.000689626145140022,1.0
7.284000000000767,-7.284000000000767,-0.0006889372079320899,0.0006889372079320899,1.0
7.2850000000007675,-7.2850000000007675,-0.0006882489589731169,0.0006882489589731169,1.0
7.286000000000768,-7.286000000000768,-0.0006875613975755412,0.0006875613975755412,1.0
7.287000000000768,-7.287000000000768,-0.0006868745230524887,0.0006868745230524887,1.0
7.2880000000007685,-7.2880000000007685,-0.0006861883347177709,0.0006861883347177709,1.0
7.289000000000769,-7.289000000000769,-0.000685502831885885,0.000685502831885885,1.0
7.290000000000769,-7.290000000000769,-0.0006848180138720129,0.0006848180138720129,1.0
7.2910000000007695,-7.2910000000007695,-0.0006841338799920208,0.0006841338799920208,1.0
7.29200000000077,-7.29200000000077,-0.0006834504295624585,0.0006834504295624585,1.0
7.29300000000077,-7.29300000000077,-0.0006827676619005579,0.0006827676619005579,1.0
7.2940000000007705,-7.2940000000007705,-0.0006820855763242337,0.0006820855763242337,1.0
7.295000000000771,-7.295000000000771,-0.0006814041721520816,0.0006814041721520816,1.0
7.296000000000771,-7.296000000000771,-0.0006807234487033782,0.0006807234487033782,1.0
7.2970000000007715,-7.2970000000007715,-0.0006800434052980801,0.0006800434052980801,1.0
7.298000000000772,-7.298000000000772,-0.0006793640412568233,0.0006793640412568233,1.0
7.299000000000772,-7.299000000000772,-0.0006786853559009224,0.0006786853559009224,1.0
7.3000000000007725,-7.3000000000007725,-0.00067800734855237,0.00067800734855237,1.0
7.301000000000773,-7.301000000000773,-0.0006773300185338361,0.0006773300185338361,1.0
7.302000000000773,-7.302000000000773,-0.0006766533651686675,0.0006766533651686675,1.0
7.3030000000007735,-7.3030000000007735,-0.0006759773877808865,0.0006759773877808865,1.0
7.304000000000774,-7.304000000000774,-0.0006753020856951913,0.0006753020856951913,1.0
7.305000000000774,-7.305000000000774,-0.0006746274582369543,0.0006746274582369543,1.0
7.3060000000007745,-7.3060000000007745,-0.0006739535047322221,0.0006739535047322221,1.0
7.307000000000775,-7.307000000000775,-0.0006732802245077145,0.0006732802245077145,1.0
7.308000000000775,-7.308000000000775,-0.0006726076168908237,0.0006726076168908237,1.0
7.3090000000007755,-7.3090000000007755,-0.000671935681209614,0.000671935681209614,1.0
7.310000000000776,-7.310000000000776,-0.0006712644167928213,0.0006712644167928213,1.0
7.311000000000776,-7.311000000000776,-0.0006705938229698515,0.0006705938229698515,1.0
7.3120000000007765,-7.3120000000007765,-0.0006699238990707806,0.0006699238990707806,1.0
7.313000000000777,-7.313000000000777,-0.0006692546444263543,0.0006692546444263543,1.0
7.314000000000777,-7.314000000000777,-0.0006685860583679862,0.0006685860583679862,1.0
7.3150000000007775,-7.3150000000007775,-0.0006679181402277585,0.0006679181402277585,1.0
7.316000000000778,-7.316000000000778,-0.0006672508893384202,0.0006672508893384202,1.0
7.317000000000778,-7.317000000000778,-0.0006665843050333868,0.0006665843050333868,1.0
7.3180000000007785,-7.3180000000007785,-0.0006659183866467401,0.0006659183866467401,1.0
7.319000000000779,-7.319000000000779,-0.0006652531335132268,0.0006652531335132268,1.0
7.320000000000779,-7.320000000000779,-0.0006645885449682586,0.0006645885449682586,1.0
7.3210000000007796,-7.3210000000007796,-0.0006639246203479106,0.0006639246203479106,1.0
7.32200000000078,-7.32200000000078,-0.0006632613589889217,0.0006632613589889217,1.0
7.32300000000078,-7.32300000000078,-0.0006625987602286929,0.0006625987602286929,1.0
7.3240000000007806,-7.3240000000007806,-0.0006619368234052877,0.0006619368234052877,1.0
7.325000000000781,-7.325000000000781,-0.0006612755478574302,0.0006612755478574302,1.0
7.326000000000781,-7.326000000000781,-0.0006606149329245057,0.0006606149329245057,1.0
7.3270000000007816,-7.3270000000007816,-0.0006599549779465592,0.0006599549779465592,1.0
7.328000000000782,-7.328000000000782,-0.0006592956822642949,0.0006592956822642949,1.0
7.329000000000782,-7.329000000000782,-0.0006586370452190758,0.0006586370452190758,1.0
7.330000000000783,-7.330000000000783,-0.0006579790661529229,0.0006579790661529229,1.0
7.331000000000783,-7.331000000000783,-0.0006573217444085144,0.0006573217444085144,1.0
7.332000000000783,-7.332000000000783,-0.0006566650793291852,0.0006566650793291852,1.0
7.333000000000784,-7.333000000000784,-0.0006560090702589263,0.0006560090702589263,1.0
7.334000000000784,-7.334000000000784,-0.0006553537165423839,0.0006553537165423839,1.0
7.335000000000784,-7.335000000000784,-0.000654699017524859,0.000654699017524859,1.0
7.336000000000785,-7.336000000000785,-0.0006540449725523066,0.0006540449725523066,1.0
7.337000000000785,-7.337000000000785,-0.0006533915809713353,0.0006533915809713353,1.0
7.338000000000785,-7.338000000000785,-0.000652738842129206,0.000652738842129206,1.0
7.339000000000786,-7.339000000000786,-0.0006520867553738323,0.0006520867553738323,1.0
7.340000000000786,-7.340000000000786,-0.0006514353200537784,0.0006514353200537784,1.0
7.341000000000786,-7.341000000000786,-0.0006507845355182601,0.0006507845355182601,1.0
7.342000000000787,-7.342000000000787,-0.000650134401117143,0.000650134401117143,1.0
7.343000000000787,-7.343000000000787,-0.000649484916200942,0.000649484916200942,1.0
7.344000000000787,-7.344000000000787,-0.0006488360801208211,0.0006488360801208211,1.0
7.345000000000788,-7.345000000000788,-0.0006481878922285925,0.0006481878922285925,1.0
7.346000000000788,-7.346000000000788,-0.0006475403518767159,0.0006475403518767159,1.0
7.347000000000788,-7.347000000000788,-0.0006468934584182976,0.0006468934584182976,1.0
7.348000000000789,-7.348000000000789,-0.0006462472112070904,0.0006462472112070904,1.0
7.349000000000789,-7.349000000000789,-0.0006456016095974929,0.0006456016095974929,1.0
7.350000000000789,-7.350000000000789,-0.0006449566529445484,0.0006449566529445484,1.0
7.35100000000079,-7.35100000000079,-0.0006443123406039444,0.0006443123406039444,1.0
7.35200000000079,-7.35200000000079,-0.0006436686719320125,0.0006436686719320125,1.0
7.35300000000079,-7.35300000000079,-0.0006430256462857267,0.0006430256462857267,1.0
7.354000000000791,-7.354000000000791,-0.000642383263022704,0.000642383263022704,1.0
7.355000000000791,-7.355000000000791,-0.0006417415215012028,0.0006417415215012028,1.0
7.356000000000791,-7.356000000000791,-0.0006411004210801227,0.0006411004210801227,1.0
7.357000000000792,-7.357000000000792,-0.0006404599611190038,0.0006404599611190038,1.0
7.358000000000792,-7.358000000000792,-0.0006398201409780257,0.0006398201409780257,1.0
7.359000000000792,-7.359000000000792,-0.0006391809600180078,0.0006391809600180078,1.0
7.360000000000793,-7.360000000000793,-0.0006385424176004074,0.0006385424176004074,1.0
7.361000000000793,-7.361000000000793,-0.00063790451308732,0.00063790451308732,1.0
7.362000000000793,-7.362000000000793,-0.0006372672458414786,0.0006372672458414786,1.0
7.363000000000794,-7.363000000000794,-0.0006366306152262523,0.0006366306152262523,1.0
7.364000000000794,-7.364000000000794,-0.0006359946206056467,0.0006359946206056467,1.0
7.365000000000794,-7.365000000000794,-0.0006353592613443024,0.0006353592613443024,1.0
7.366000000000795,-7.366000000000795,-0.0006347245368074949,0.0006347245368074949,1.0
7.367000000000795,-7.367000000000795,-0.0006340904463611337,0.0006340904463611337,1.0
7.368000000000795,-7.368000000000795,-0.000633456989371762,0.000633456989371762,1.0
7.369000000000796,-7.369000000000796,-0.0006328241652065555,0.0006328241652065555,1.0
7.370000000000796,-7.370000000000796,-0.0006321919732333222,0.0006321919732333222,1.0
7.371000000000796,-7.371000000000796,-0.0006315604128205017,0.0006315604128205017,1.0
7.372000000000797,-7.372000000000797,-0.0006309294833371646,0.0006309294833371646,1.0
7.373000000000797,-7.373000000000797,-0.0006302991841530115,0.0006302991841530115,1.0
7.374000000000797,-7.374000000000797,-0.0006296695146383732,0.0006296695146383732,1.0
7.375000000000798,-7.375000000000798,-0.000629040474164209,0.000629040474164209,1.0
7.376000000000798,-7.376000000000798,-0.0006284120621021068,0.0006284120621021068,1.0
7.377000000000798,-7.377000000000798,-0.0006277842778242826,0.0006277842778242826,1.0
7.378000000000799,-7.378000000000799,-0.000627157120703579,0.000627157120703579,1.0
7.379000000000799,-7.379000000000799,-0.0006265305901134655,0.0006265305901134655,1.0
7.380000000000799,-7.380000000000799,-0.0006259046854280374,0.0006259046854280374,1.0
7.3810000000008,-7.3810000000008,-0.0006252794060220154,0.0006252794060220154,1.0
7.3820000000008,-7.3820000000008,-0.0006246547512707447,0.0006246547512707447,1.0
7.3830000000008,-7.3830000000008,-0.0006240307205501944,0.0006240307205501944,1.0
7.384000000000801,-7.384000000000801,-0.0006234073132369575,0.0006234073132369575,1.0
7.385000000000801,-7.385000000000801,-0.0006227845287082493,0.0006227845287082493,1.0
7.386000000000801,-7.386000000000801,-0.0006221623663419073,0.0006221623663419073,1.0
7.387000000000802,-7.387000000000802,-0.000621540825516391,0.000621540825516391,1.0
7.388000000000802,-7.388000000000802,-0.0006209199056107802,0.0006209199056107802,1.0
7.389000000000802,-7.389000000000802,-0.0006202996060047755,0.0006202996060047755,1.0
7.390000000000803,-7.390000000000803,-0.0006196799260786967,0.0006196799260786967,1.0
7.391000000000803,-7.391000000000803,-0.0006190608652134832,0.0006190608652134832,1.0
7.392000000000803,-7.392000000000803,-0.0006184424227906925,0.0006184424227906925,1.0
7.393000000000804,-7.393000000000804,-0.0006178245981925,0.0006178245981925,1.0
7.394000000000804,-7.394000000000804,-0.0006172073908016983,0.0006172073908016983,1.0
7.395000000000804,-7.395000000000804,-0.0006165908000016967,0.0006165908000016967,1.0
7.396000000000805,-7.396000000000805,-0.0006159748251765201,0.0006159748251765201,1.0
7.397000000000805,-7.397000000000805,-0.0006153594657108094,0.0006153594657108094,1.0
7.398000000000805,-7.398000000000805,-0.0006147447209898196,0.0006147447209898196,1.0
7.399000000000806,-7.399000000000806,-0.0006141305903994202,0.0006141305903994202,1.0
7.400000000000806,-7.400000000000806,-0.0006135170733260941,0.0006135170733260941,1.0
7.401000000000806,-7.401000000000806,-0.0006129041691569372,0.0006129041691569372,1.0
7.402000000000807,-7.402000000000807,-0.0006122918772796576,0.0006122918772796576,1.0
7.403000000000807,-7.403000000000807,-0.0006116801970825751,0.0006116801970825751,1.0
7.404000000000807,-7.404000000000807,-0.0006110691279546204,0.0006110691279546204,1.0
7.405000000000808,-7.405000000000808,-0.000610458669285335,0.000610458669285335,1.0
7.406000000000808,-7.406000000000808,-0.0006098488204648702,0.0006098488204648702,1.0
7.407000000000808,-7.407000000000808,-0.0006092395808839862,0.0006092395808839862,1.0
7.408000000000809,-7.408000000000809,-0.0006086309499340522,0.0006086309499340522,1.0
7.409000000000809,-7.409000000000809,-0.0006080229270070451,0.0006080229270070451,1.0
7.410000000000809,-7.410000000000809,-0.0006074155114955496,0.0006074155114955496,1.0
7.41100000000081,-7.41100000000081,-0.0006068087027927568,0.0006068087027927568,1.0
7.41200000000081,-7.41200000000081,-0.0006062025002924644,0.0006062025002924644,1.0
7.41300000000081,-7.41300000000081,-0.0006055969033890754,0.0006055969033890754,1.0
7.414000000000811,-7.414000000000811,-0.0006049919114775979,0.0006049919114775979,1.0
7.415000000000811,-7.415000000000811,-0.0006043875239536441,0.0006043875239536441,1.0
7.416000000000811,-7.416000000000811,-0.0006037837402134307,0.0006037837402134307,1.0
7.417000000000812,-7.417000000000812,-0.0006031805596537769,0.0006031805596537769,1.0
7.418000000000812,-7.418000000000812,-0.0006025779816721047,0.0006025779816721047,1.0
7.419000000000812,-7.419000000000812,-0.0006019760056664382,0.0006019760056664382,1.0
7.420000000000813,-7.420000000000813,-0.0006013746310354029,0.0006013746310354029,1.0
7.421000000000813,-7.421000000000813,-0.0006007738571782246,0.0006007738571782246,1.0
7.422000000000813,-7.422000000000813,-0.00060017368349473,0.00060017368349473,1.0
7.423000000000814,-7.423000000000814,-0.0005995741093853445,0.0005995741093853445,1.0
7.424000000000814,-7.424000000000814,-0.0005989751342510934,0.0005989751342510934,1.0
7.425000000000814,-7.425000000000814,-0.0005983767574935998,0.0005983767574935998,1.0
7.426000000000815,-7.426000000000815,-0.0005977789785150848,0.0005977789785150848,1.0
7.427000000000815,-7.427000000000815,-0.0005971817967183665,0.0005971817967183665,1.0
7.428000000000815,-7.428000000000815,-0.0005965852115068597,0.0005965852115068597,1.0
7.429000000000816,-7.429000000000816,-0.0005959892222845751,0.0005959892222845751,1.0
7.430000000000816,-7.430000000000816,-0.000595393828456119,0.000595393828456119,1.0
7.431000000000816,-7.431000000000816,-0.0005947990294266922,0.0005947990294266922,1.0
7.432000000000817,-7.432000000000817,-0.0005942048246020903,0.0005942048246020903,1.0
7.433000000000817,-7.433000000000817,-0.0005936112133887015,0.0005936112133887015,1.0
7.434000000000817,-7.434000000000817,-0.000593018195193508,0.000593018195193508,1.0
7.435000000000818,-7.435000000000818,-0.0005924257694240838,0.0005924257694240838,1.0
7.436000000000818,-7.436000000000818,-0.0005918339354885953,0.0005918339354885953,1.0
7.437000000000818,-7.437000000000818,-0.0005912426927957994,0.0005912426927957994,1.0
7.438000000000819,-7.438000000000819,-0.0005906520407550443,0.0005906520407550443,1.0
7.439000000000819,-7.439000000000819,-0.0005900619787762681,0.0005900619787762681,1.0
7.440000000000819,-7.440000000000819,-0.0005894725062699982,0.0005894725062699982,1.0
7.44100000000082,-7.44100000000082,-0.0005888836226473508,0.0005888836226473508,1.0
7.44200000000082,-7.44200000000082,-0.0005882953273200307,0.0005882953273200307,1.0
7.44300000000082,-7.44300000000082,-0.0005877076197003305,0.0005877076197003305,1.0
7.444000000000821,-7.444000000000821,-0.0005871204992011292,0.0005871204992011292,1.0
7.445000000000821,-7.445000000000821,-0.0005865339652358934,0.0005865339652358934,1.0
7.446000000000821,-7.446000000000821,-0.0005859480172186746,0.0005859480172186746,1.0
7.447000000000822,-7.447000000000822,-0.0005853626545641106,0.0005853626545641106,1.0
7.448000000000822,-7.448000000000822,-0.0005847778766874232,0.0005847778766874232,1.0
7.449000000000822,-7.449000000000822,-0.0005841936830044186,0.0005841936830044186,1.0
7.450000000000823,-7.450000000000823,-0.0005836100729314872,0.0005836100729314872,1.0
7.451000000000823,-7.451000000000823,-0.0005830270458856015,0.0005830270458856015,1.0
7.452000000000823,-7.452000000000823,-0.0005824446012843171,0.0005824446012843171,1.0
7.453000000000824,-7.453000000000824,-0.0005818627385457714,0.0005818627385457714,1.0
7.454000000000824,-7.454000000000824,-0.0005812814570886826,0.0005812814570886826,1.0
7.455000000000824,-7.455000000000824,-0.0005807007563323502,0.0005807007563323502,1.0
7.456000000000825,-7.456000000000825,-0.0005801206356966537,0.0005801206356966537,1.0
7.457000000000825,-7.457000000000825,-0.0005795410946020517,0.0005795410946020517,1.0
7.458000000000825,-7.458000000000825,-0.0005789621324695821,0.0005789621324695821,1.0
7.459000000000826,-7.459000000000826,-0.0005783837487208613,0.0005783837487208613,1.0
7.460000000000826,-7.460000000000826,-0.0005778059427780832,0.0005778059427780832,1.0
7.461000000000826,-7.461000000000826,-0.0005772287140640191,0.0005772287140640191,1.0
7.462000000000827,-7.462000000000827,-0.0005766520620020171,0.0005766520620020171,1.0
7.463000000000827,-7.463000000000827,-0.0005760759860160011,0.0005760759860160011,1.0
7.464000000000827,-7.464000000000827,-0.0005755004855304705,0.0005755004855304705,1.0
7.465000000000828,-7.465000000000828,-0.0005749255599705,0.0005749255599705,1.0
7.466000000000828,-7.466000000000828,-0.0005743512087617383,0.0005743512087617383,1.0
7.467000000000828,-7.467000000000828,-0.0005737774313304078,0.0005737774313304078,1.0
7.468000000000829,-7.468000000000829,-0.0005732042271033046,0.0005732042271033046,1.0
7.469000000000829,-7.469000000000829,-0.0005726315955077968,0.0005726315955077968,1.0
7.470000000000829,-7.470000000000829,-0.000572059535971825,0.000572059535971825,1.0
7.47100000000083,-7.47100000000083,-0.0005714880479239011,0.0005714880479239011,1.0
7.47200000000083,-7.47200000000083,-0.000570917130793108,0.000570917130793108,1.0
7.47300000000083,-7.47300000000083,-0.0005703467840090989,0.0005703467840090989,1.0
7.474000000000831,-7.474000000000831,-0.0005697770070020968,0.0005697770070020968,1.0
7.475000000000831,-7.475000000000831,-0.0005692077992028938,0.0005692077992028938,1.0
7.476000000000831,-7.476000000000831,-0.000568639160042851,0.000568639160042851,1.0
7.477000000000832,-7.477000000000832,-0.0005680710889538969,0.0005680710889538969,1.0
7.478000000000832,-7.478000000000832,-0.0005675035853685285,0.0005675035853685285,1.0
7.479000000000832,-7.479000000000832,-0.0005669366487198086,0.0005669366487198086,1.0
7.480000000000833,-7.480000000000833,-0.0005663702784413674,0.0005663702784413674,1.0
7.481000000000833,-7.481000000000833,-0.0005658044739674,0.0005658044739674,1.0
7.482000000000833,-7.482000000000833,-0.0005652392347326673,0.0005652392347326673,1.0
7.483000000000834,-7.483000000000834,-0.0005646745601724948,0.0005646745601724948,1.0
7.484000000000834,-7.484000000000834,-0.000564110449722772,0.000564110449722772,1.0
7.485000000000834,-7.485000000000834,-0.0005635469028199521,0.0005635469028199521,1.0
7.486000000000835,-7.486000000000835,-0.000562983918901051,0.000562983918901051,1.0
7.487000000000835,-7.487000000000835,-0.0005624214974036474,0.0005624214974036474,1.0
7.488000000000835,-7.488000000000835,-0.0005618596377658815,0.0005618596377658815,1.0
7.489000000000836,-7.489000000000836,-0.000561298339426455,0.000561298339426455,1.0
7.490000000000836,-7.490000000000836,-0.0005607376018246304,0.0005607376018246304,1.0
7.491000000000836,-7.491000000000836,-0.0005601774244002302,0.0005601774244002302,1.0
7.492000000000837,-7.492000000000837,-0.0005596178065936365,0.0005596178065936365,1.0
7.493000000000837,-7.493000000000837,-0.0005590587478457906,0.0005590587478457906,1.0
7.494000000000837,-7.494000000000837,-0.0005585002475981925,0.0005585002475981925,1.0
7.495000000000838,-7.495000000000838,-0.0005579423052928995,0.0005579423052928995,1.0
7.496000000000838,-7.496000000000838,-0.000557384920372527,0.000557384920372527,1.0
7.497000000000838,-7.497000000000838,-0.0005568280922802468,0.0005568280922802468,1.0
7.498000000000839,-7.498000000000839,-0.000556271820459787,0.000556271820459787,1.0
7.499000000000839,-7.499000000000839,-0.0005557161043554316,0.0005557161043554316,1.0
7.500000000000839,-7.500000000000839,-0.0005551609434120196,0.0005551609434120196,1.0
7.50100000000084,-7.50100000000084,-0.0005546063370749446,0.0005546063370749446,1.0
7.50200000000084,-7.50200000000084,-0.0005540522847901544,0.0005540522847901544,1.0
7.50300000000084,-7.50300000000084,-0.0005534987860041503,0.0005534987860041503,1.0
7.504000000000841,-7.504000000000841,-0.0005529458401639862,0.0005529458401639862,1.0
7.505000000000841,-7.505000000000841,-0.000552393446717269,0.000552393446717269,1.0
7.506000000000841,-7.506000000000841,-0.0005518416051121567,0.0005518416051121567,1.0
7.507000000000842,-7.507000000000842,-0.0005512903147973595,0.0005512903147973595,1.0
7.508000000000842,-7.508000000000842,-0.0005507395752221374,0.0005507395752221374,1.0
7.509000000000842,-7.509000000000842,-0.000550189385836301,0.000550189385836301,1.0
7.510000000000843,-7.510000000000843,-0.0005496397460902109,0.0005496397460902109,1.0
7.511000000000843,-7.511000000000843,-0.000549090655434776,0.000549090655434776,1.0
7.512000000000843,-7.512000000000843,-0.0005485421133214546,0.0005485421133214546,1.0
7.513000000000844,-7.513000000000844,-0.0005479941192022525,0.0005479941192022525,1.0
7.514000000000844,-7.514000000000844,-0.0005474466725297227,0.0005474466725297227,1.0
7.515000000000844,-7.515000000000844,-0.0005468997727569657,0.0005468997727569657,1.0
7.516000000000845,-7.516000000000845,-0.0005463534193376282,0.0005463534193376282,1.0
7.517000000000845,-7.517000000000845,-0.0005458076117259022,0.0005458076117259022,1.0
7.518000000000845,-7.518000000000845,-0.0005452623493765257,0.0005452623493765257,1.0
7.519000000000846,-7.519000000000846,-0.0005447176317447807,0.0005447176317447807,1.0
7.520000000000846,-7.520000000000846,-0.0005441734582864943,0.0005441734582864943,1.0
7.521000000000846,-7.521000000000846,-0.0005436298284580362,0.0005436298284580362,1.0
7.522000000000847,-7.522000000000847,-0.0005430867417163199,0.0005430867417163199,1.0
7.523000000000847,-7.523000000000847,-0.0005425441975188011,0.0005425441975188011,1.0
7.524000000000847,-7.524000000000847,-0.0005420021953234775,0.0005420021953234775,1.0
7.525000000000848,-7.525000000000848,-0.0005414607345888885,0.0005414607345888885,1.0
7.526000000000848,-7.526000000000848,-0.0005409198147741144,0.0005409198147741144,1.0
7.527000000000848,-7.527000000000848,-0.0005403794353387757,0.0005403794353387757,1.0
7.528000000000849,-7.528000000000849,-0.0005398395957430327,0.0005398395957430327,1.0
7.529000000000849,-7.529000000000849,-0.0005393002954475851,0.0005393002954475851,1.0
7.530000000000849,-7.530000000000849,-0.0005387615339136714,0.0005387615339136714,1.0
7.53100000000085,-7.53100000000085,-0.0005382233106030683,0.0005382233106030683,1.0
7.53200000000085,-7.53200000000085,-0.0005376856249780902,0.0005376856249780902,1.0
7.53300000000085,-7.53300000000085,-0.0005371484765015886,0.0005371484765015886,1.0
7.534000000000851,-7.534000000000851,-0.0005366118646369517,0.0005366118646369517,1.0
7.535000000000851,-7.535000000000851,-0.0005360757888481036,0.0005360757888481036,1.0
7.536000000000851,-7.536000000000851,-0.0005355402485995041,0.0005355402485995041,1.0
7.537000000000852,-7.537000000000852,-0.0005350052433561479,0.0005350052433561479,1.0
7.538000000000852,-7.538000000000852,-0.0005344707725835644,0.0005344707725835644,1.0
7.539000000000852,-7.539000000000852,-0.0005339368357478166,0.0005339368357478166,1.0
7.540000000000853,-7.540000000000853,-0.0005334034323155011,0.0005334034323155011,1.0
7.541000000000853,-7.541000000000853,-0.0005328705617537473,0.0005328705617537473,1.0
7.542000000000853,-7.542000000000853,-0.0005323382235302172,0.0005323382235302172,1.0
7.543000000000854,-7.543000000000854,-0.000531806417113104,0.000531806417113104,1.0
7.544000000000854,-7.544000000000854,-0.000531275141971133,0.000531275141971133,1.0
7.545000000000854,-7.545000000000854,-0.0005307443975735595,0.0005307443975735595,1.0
7.546000000000855,-7.546000000000855,-0.0005302141833901693,0.0005302141833901693,1.0
7.547000000000855,-7.547000000000855,-0.000529684498891278,0.000529684498891278,1.0
7.548000000000855,-7.548000000000855,-0.0005291553435477302,0.0005291553435477302,1.0
7.549000000000856,-7.549000000000856,-0.0005286267168308992,0.0005286267168308992,1.0
7.550000000000856,-7.550000000000856,-0.0005280986182126866,0.0005280986182126866,1.0
7.551000000000856,-7.551000000000856,-0.0005275710471655212,0.0005275710471655212,1.0
7.552000000000857,-7.552000000000857,-0.0005270440031623589,0.0005270440031623589,1.0
7.553000000000857,-7.553000000000857,-0.0005265174856766821,0.0005265174856766821,1.0
7.554000000000857,-7.554000000000857,-0.0005259914941824996,0.0005259914941824996,1.0
7.555000000000858,-7.555000000000858,-0.0005254660281543453,0.0005254660281543453,1.0
7.556000000000858,-7.556000000000858,-0.000524941087067278,0.000524941087067278,1.0
7.557000000000858,-7.557000000000858,-0.0005244166703968812,0.0005244166703968812,1.0
7.558000000000859,-7.558000000000859,-0.0005238927776192619,0.0005238927776192619,1.0
7.559000000000859,-7.559000000000859,-0.0005233694082110508,0.0005233694082110508,1.0
7.560000000000859,-7.560000000000859,-0.0005228465616494015,0.0005228465616494015,1.0
7.56100000000086,-7.56100000000086,-0.0005223242374119895,0.0005223242374119895,1.0
7.56200000000086,-7.56200000000086,-0.0005218024349770124,0.0005218024349770124,1.0
7.56300000000086,-7.56300000000086,-0.0005212811538231893,0.0005212811538231893,1.0
7.564000000000861,-7.564000000000861,-0.0005207603934297595,0.0005207603934297595,1.0
7.565000000000861,-7.565000000000861,-0.000520240153276483,0.000520240153276483,1.0
7.566000000000861,-7.566000000000861,-0.0005197204328436394,0.0005197204328436394,1.0
7.567000000000862,-7.567000000000862,-0.0005192012316120274,0.0005192012316120274,1.0
7.568000000000862,-7.568000000000862,-0.0005186825490629644,0.0005186825490629644,1.0
7.569000000000862,-7.569000000000862,-0.0005181643846782861,0.0005181643846782861,1.0
7.570000000000863,-7.570000000000863,-0.0005176467379403456,0.0005176467379403456,1.0
7.571000000000863,-7.571000000000863,-0.0005171296083320136,0.0005171296083320136,1.0
7.572000000000863,-7.572000000000863,-0.000516612995336677,0.000516612995336677,1.0
7.573000000000864,-7.573000000000864,-0.0005160968984382387,0.0005160968984382387,1.0
7.574000000000864,-7.574000000000864,-0.0005155813171211175,0.0005155813171211175,1.0
7.575000000000864,-7.575000000000864,-0.0005150662508702473,0.0005150662508702473,1.0
7.576000000000865,-7.576000000000865,-0.0005145516991710763,0.0005145516991710763,1.0
7.577000000000865,-7.577000000000865,-0.0005140376615095668,0.0005140376615095668,1.0
7.578000000000865,-7.578000000000865,-0.0005135241373721945,0.0005135241373721945,1.0
7.579000000000866,-7.579000000000866,-0.0005130111262459485,0.0005130111262459485,1.0
7.580000000000866,-7.580000000000866,-0.0005124986276183303,0.0005124986276183303,1.0
7.581000000000866,-7.581000000000866,-0.0005119866409773528,0.0005119866409773528,1.0
7.582000000000867,-7.582000000000867,-0.0005114751658115412,0.0005114751658115412,1.0
7.583000000000867,-7.583000000000867,-0.0005109642016099313,0.0005109642016099313,1.0
7.584000000000867,-7.584000000000867,-0.0005104537478620692,0.0005104537478620692,1.0
7.585000000000868,-7.585000000000868,-0.000509943804058011,0.000509943804058011,1.0
7.586000000000868,-7.586000000000868,-0.0005094343696883227,0.0005094343696883227,1.0
7.587000000000868,-7.587000000000868,-0.0005089254442440786,0.0005089254442440786,1.0
7.588000000000869,-7.588000000000869,-0.0005084170272168617,0.0005084170272168617,1.0
7.589000000000869,-7.589000000000869,-0.000507909118098763,0.000507909118098763,1.0
7.590000000000869,-7.590000000000869,-0.0005074017163823806,0.0005074017163823806,1.0
7.59100000000087,-7.59100000000087,-0.0005068948215608198,0.0005068948215608198,1.0
7.59200000000087,-7.59200000000087,-0.0005063884331276921,0.0005063884331276921,1.0
7.59300000000087,-7.59300000000087,-0.0005058825505771151,0.0005058825505771151,1.0
7.594000000000871,-7.594000000000871,-0.0005053771734037114,0.0005053771734037114,1.0
7.595000000000871,-7.595000000000871,-0.0005048723011026088,0.0005048723011026088,1.0
7.596000000000871,-7.596000000000871,-0.0005043679331694394,0.0005043679331694394,1.0
7.597000000000872,-7.597000000000872,-0.0005038640691003391,0.0005038640691003391,1.0
7.598000000000872,-7.598000000000872,-0.0005033607083919471,0.0005033607083919471,1.0
7.599000000000872,-7.599000000000872,-0.0005028578505414058,0.0005028578505414058,1.0
7.600000000000873,-7.600000000000873,-0.0005023554950463594,0.0005023554950463594,1.0
7.601000000000873,-7.601000000000873,-0.0005018536414049545,0.0005018536414049545,1.0
7.602000000000873,-7.602000000000873,-0.0005013522891158386,0.0005013522891158386,1.0
7.603000000000874,-7.603000000000874,-0.0005008514376781604,0.0005008514376781604,1.0
7.604000000000874,-7.604000000000874,-0.0005003510865915688,0.0005003510865915688,1.0
7.605000000000874,-7.605000000000874,-0.0004998512353562125,0.0004998512353562125,1.0
7.606000000000875,-7.606000000000875,-0.0004993518834727398,0.0004993518834727398,1.0
7.607000000000875,-7.607000000000875,-0.0004988530304422974,0.0004988530304422974,1.0
7.608000000000875,-7.608000000000875,-0.0004983546757665308,0.0004983546757665308,1.0
7.609000000000876,-7.609000000000876,-0.0004978568189475832,0.0004978568189475832,1.0
7.610000000000876,-7.610000000000876,-0.0004973594594880951,0.0004973594594880951,1.0
7.611000000000876,-7.611000000000876,-0.0004968625968912039,0.0004968625968912039,1.0
7.612000000000877,-7.612000000000877,-0.0004963662306605434,0.0004963662306605434,1.0
7.613000000000877,-7.613000000000877,-0.0004958703603002432,0.0004958703603002432,1.0
7.614000000000877,-7.614000000000877,-0.0004953749853149283,0.0004953749853149283,1.0
7.615000000000878,-7.615000000000878,-0.0004948801052097186,0.0004948801052097186,1.0
7.616000000000878,-7.616000000000878,-0.0004943857194902284,0.0004943857194902284,1.0
7.617000000000878,-7.617000000000878,-0.0004938918276625659,0.0004938918276625659,1.0
7.618000000000879,-7.618000000000879,-0.0004933984292333325,0.0004933984292333325,1.0
7.619000000000879,-7.619000000000879,-0.000492905523709623,0.000492905523709623,1.0
7.620000000000879,-7.620000000000879,-0.0004924131105990239,0.0004924131105990239,1.0
7.62100000000088,-7.62100000000088,-0.0004919211894096143,0.0004919211894096143,1.0
7.62200000000088,-7.62200000000088,-0.0004914297596499644,0.0004914297596499644,1.0
7.62300000000088,-7.62300000000088,-0.0004909388208291352,0.0004909388208291352,1.0
7.624000000000881,-7.624000000000881,-0.0004904483724566786,0.0004904483724566786,1.0
7.625000000000881,-7.625000000000881,-0.0004899584140426359,0.0004899584140426359,1.0
7.626000000000881,-7.626000000000881,-0.0004894689450975384,0.0004894689450975384,1.0
7.627000000000882,-7.627000000000882,-0.000488979965132406,0.000488979965132406,1.0
7.628000000000882,-7.628000000000882,-0.0004884914736587472,0.0004884914736587472,1.0
7.629000000000882,-7.629000000000882,-0.0004880034701885587,0.0004880034701885587,1.0
7.630000000000883,-7.630000000000883,-0.0004875159542343244,0.0004875159542343244,1.0
7.631000000000883,-7.631000000000883,-0.0004870289253090154,0.0004870289253090154,1.0
7.632000000000883,-7.632000000000883,-0.00048654238292608935,0.00048654238292608935,1.0
7.633000000000884,-7.633000000000884,-0.00048605632659948987,0.00048605632659948987,1.0
7.634000000000884,-7.634000000000884,-0.0004855707558436463,0.0004855707558436463,1.0
7.635000000000884,-7.635000000000884,-0.0004850856701734728,0.0004850856701734728,1.0
7.636000000000885,-7.636000000000885,-0.0004846010691043684,0.0004846010691043684,1.0
7.637000000000885,-7.637000000000885,-0.0004841169521522162,0.0004841169521522162,1.0
7.638000000000885,-7.638000000000885,-0.00048363331883338284,0.00048363331883338284,1.0
7.639000000000886,-7.639000000000886,-0.0004831501686647181,0.0004831501686647181,1.0
7.640000000000886,-7.640000000000886,-0.00048266750116355455,0.00048266750116355455,1.0
7.641000000000886,-7.641000000000886,-0.00048218531584770687,0.00048218531584770687,1.0
7.642000000000887,-7.642000000000887,-0.0004817036122354714,0.0004817036122354714,1.0
7.643000000000887,-7.643000000000887,-0.00048122238984562573,0.00048122238984562573,1.0
7.644000000000887,-7.644000000000887,-0.0004807416481974283,0.0004807416481974283,1.0
7.645000000000888,-7.645000000000888,-0.0004802613868106177,0.0004802613868106177,1.0
7.646000000000888,-7.646000000000888,-0.0004797816052054123,0.0004797816052054123,1.0
7.647000000000888,-7.647000000000888,-0.0004793023029025098,0.0004793023029025098,1.0
7.648000000000889,-7.648000000000889,-0.00047882347942308675,0.00047882347942308675,1.0
7.649000000000889,-7.649000000000889,-0.00047834513428879794,0.00047834513428879794,1.0
7.650000000000889,-7.650000000000889,-0.0004778672670217762,0.0004778672670217762,1.0
7.65100000000089,-7.65100000000089,-0.0004773898771446316,0.0004773898771446316,1.0
7.65200000000089,-7.65200000000089,-0.0004769129641804511,0.0004769129641804511,1.0
7.65300000000089,-7.65300000000089,-0.00047643652765279836,0.00047643652765279836,1.0
7.654000000000891,-7.654000000000891,-0.00047596056708571263,0.00047596056708571263,1.0
7.655000000000891,-7.655000000000891,-0.0004754850820037089,0.0004754850820037089,1.0
7.656000000000891,-7.656000000000891,-0.0004750100719317771,0.0004750100719317771,1.0
7.657000000000892,-7.657000000000892,-0.0004745355363953817,0.0004745355363953817,1.0
7.658000000000892,-7.658000000000892,-0.00047406147492046126,0.00047406147492046126,1.0
7.659000000000892,-7.659000000000892,-0.00047358788703342786,0.00047358788703342786,1.0
7.660000000000893,-7.660000000000893,-0.00047311477226116665,0.00047311477226116665,1.0
7.661000000000893,-7.661000000000893,-0.00047264213013103556,0.00047264213013103556,1.0
7.662000000000893,-7.662000000000893,-0.0004721699601708648,0.0004721699601708648,1.0
7.663000000000894,-7.663000000000894,-0.0004716982619089558,0.0004716982619089558,1.0
7.664000000000894,-7.664000000000894,-0.0004712270348740817,0.0004712270348740817,1.0
7.665000000000894,-7.665000000000894,-0.0004707562785954862,0.0004707562785954862,1.0
7.666000000000895,-7.666000000000895,-0.0004702859926028833,0.0004702859926028833,1.0
7.667000000000895,-7.667000000000895,-0.0004698161764264569,0.0004698161764264569,1.0
7.668000000000895,-7.668000000000895,-0.00046934682959686005,0.00046934682959686005,1.0
7.669000000000896,-7.669000000000896,-0.00046887795164521486,0.00046887795164521486,1.0
7.670000000000896,-7.670000000000896,-0.00046840954210311173,0.00046840954210311173,1.0
7.671000000000896,-7.671000000000896,-0.00046794160050260916,0.00046794160050260916,1.0
7.672000000000897,-7.672000000000897,-0.00046747412637623294,0.00046747412637623294,1.0
7.673000000000897,-7.673000000000897,-0.000467007119256976,0.000467007119256976,1.0
7.674000000000897,-7.674000000000897,-0.0004665405786782977,0.0004665405786782977,1.0
7.675000000000898,-7.675000000000898,-0.00046607450417412354,0.00046607450417412354,1.0
7.676000000000898,-7.676000000000898,-0.0004656088952788447,0.0004656088952788447,1.0
7.677000000000898,-7.677000000000898,-0.00046514375152731743,0.00046514375152731743,1.0
7.678000000000899,-7.678000000000899,-0.00046467907245486255,0.00046467907245486255,1.0
7.679000000000899,-7.679000000000899,-0.0004642148575972653,0.0004642148575972653,1.0
7.680000000000899,-7.680000000000899,-0.00046375110649077457,0.00046375110649077457,1.0
7.6810000000009,-7.6810000000009,-0.0004632878186721025,0.0004632878186721025,1.0
7.6820000000009,-7.6820000000009,-0.0004628249936784241,0.0004628249936784241,1.0
7.6830000000009,-7.6830000000009,-0.0004623626310473767,0.0004623626310473767,1.0
7.684000000000901,-7.684000000000901,-0.00046190073031705965,0.00046190073031705965,1.0
7.685000000000901,-7.685000000000901,-0.00046143929102603363,0.00046143929102603363,1.0
7.6860000000009014,-7.6860000000009014,-0.00046097831271332037,0.00046097831271332037,1.0
7.687000000000902,-7.687000000000902,-0.0004605177949184019,0.0004605177949184019,1.0
7.688000000000902,-7.688000000000902,-0.00046005773718122073,0.00046005773718122073,1.0
7.6890000000009024,-7.6890000000009024,-0.00045959813904217857,0.00045959813904217857,1.0
7.690000000000903,-7.690000000000903,-0.00045913900004213644,0.00045913900004213644,1.0
7.691000000000903,-7.691000000000903,-0.000458680319722414,0.000458680319722414,1.0
7.6920000000009034,-7.6920000000009034,-0.00045822209762478916,0.00045822209762478916,1.0
7.693000000000904,-7.693000000000904,-0.00045776433329149763,0.00045776433329149763,1.0
7.694000000000904,-7.694000000000904,-0.00045730702626523245,0.00045730702626523245,1.0
7.6950000000009044,-7.6950000000009044,-0.0004568501760891433,0.0004568501760891433,1.0
7.696000000000905,-7.696000000000905,-0.0004563937823068364,0.0004563937823068364,1.0
7.697000000000905,-7.697000000000905,-0.00045593784446237406,0.00045593784446237406,1.0
7.6980000000009055,-7.6980000000009055,-0.0004554823621002738,0.0004554823621002738,1.0
7.699000000000906,-7.699000000000906,-0.0004550273347655083,0.0004550273347655083,1.0
7.700000000000906,-7.700000000000906,-0.00045457276200350477,0.00045457276200350477,1.0
7.7010000000009065,-7.7010000000009065,-0.0004541186433601446,0.0004541186433601446,1.0
7.702000000000907,-7.702000000000907,-0.00045366497838176287,0.00045366497838176287,1.0
7.703000000000907,-7.703000000000907,-0.00045321176661514774,0.00045321176661514774,1.0
7.7040000000009075,-7.7040000000009075,-0.0004527590076075402,0.0004527590076075402,1.0
7.705000000000908,-7.705000000000908,-0.00045230670090663354,0.00045230670090663354,1.0
7.706000000000908,-7.706000000000908,-0.000451854846060573,0.000451854846060573,1.0
7.7070000000009085,-7.7070000000009085,-0.00045140344261795505,0.00045140344261795505,1.0
7.708000000000909,-7.708000000000909,-0.00045095249012782723,0.00045095249012782723,1.0
7.709000000000909,-7.709000000000909,-0.0004505019881396876,0.0004505019881396876,1.0
7.7100000000009095,-7.7100000000009095,-0.00045005193620348407,0.00045005193620348407,1.0
7.71100000000091,-7.71100000000091,-0.0004496023338696144,0.0004496023338696144,1.0
7.71200000000091,-7.71200000000091,-0.00044915318068892556,0.00044915318068892556,1.0
7.7130000000009105,-7.7130000000009105,-0.0004487044762127128,0.0004487044762127128,1.0
7.714000000000911,-7.714000000000911,-0.0004482562199927201,0.0004482562199927201,1.0
7.715000000000911,-7.715000000000911,-0.00044780841158113897,0.00044780841158113897,1.0
7.7160000000009115,-7.7160000000009115,-0.0004473610505306083,0.0004473610505306083,1.0
7.717000000000912,-7.717000000000912,-0.00044691413639421414,0.00044691413639421414,1.0
7.718000000000912,-7.718000000000912,-0.0004464676687254886,0.0004464676687254886,1.0
7.7190000000009125,-7.7190000000009125,-0.0004460216470784102,0.0004460216470784102,1.0
7.720000000000913,-7.720000000000913,-0.0004455760710074028,0.0004455760710074028,1.0
7.721000000000913,-7.721000000000913,-0.0004451309400673355,0.0004451309400673355,1.0
7.7220000000009135,-7.7220000000009135,-0.0004446862538135219,0.0004446862538135219,1.0
7.723000000000914,-7.723000000000914,-0.00044424201180172027,0.00044424201180172027,1.0
7.724000000000914,-7.724000000000914,-0.0004437982135881321,0.0004437982135881321,1.0
7.7250000000009145,-7.7250000000009145,-0.0004433548587294027,0.0004433548587294027,1.0
7.726000000000915,-7.726000000000915,-0.00044291194678262007,0.00044291194678262007,1.0
7.727000000000915,-7.727000000000915,-0.00044246947730531476,0.00044246947730531476,1.0
7.7280000000009155,-7.7280000000009155,-0.0004420274498554593,0.0004420274498554593,1.0
7.729000000000916,-7.729000000000916,-0.00044158586399146787,0.00044158586399146787,1.0
7.730000000000916,-7.730000000000916,-0.00044114471927219565,0.00044114471927219565,1.0
7.7310000000009165,-7.7310000000009165,-0.0004407040152569387,0.0004407040152569387,1.0
7.732000000000917,-7.732000000000917,-0.00044026375150543333,0.00044026375150543333,1.0
7.733000000000917,-7.733000000000917,-0.00043982392757785545,0.00043982392757785545,1.0
7.7340000000009175,-7.7340000000009175,-0.00043938454303482064,0.00043938454303482064,1.0
7.735000000000918,-7.735000000000918,-0.00043894559743738325,0.00043894559743738325,1.0
7.736000000000918,-7.736000000000918,-0.0004385070903470362,0.0004385070903470362,1.0
7.7370000000009185,-7.7370000000009185,-0.0004380690213257105,0.0004380690213257105,1.0
7.738000000000919,-7.738000000000919,-0.0004376313899357747,0.0004376313899357747,1.0
7.739000000000919,-7.739000000000919,-0.0004371941957400347,0.0004371941957400347,1.0
7.7400000000009195,-7.7400000000009195,-0.000436757438301733,0.000436757438301733,1.0
7.74100000000092,-7.74100000000092,-0.00043632111718454845,0.00043632111718454845,1.0
7.74200000000092,-7.74200000000092,-0.0004358852319525959,0.0004358852319525959,1.0
7.7430000000009205,-7.7430000000009205,-0.00043544978217042546,0.00043544978217042546,1.0
7.744000000000921,-7.744000000000921,-0.00043501476740302243,0.00043501476740302243,1.0
7.745000000000921,-7.745000000000921,-0.0004345801872158066,0.0004345801872158066,1.0
7.7460000000009215,-7.7460000000009215,-0.000434146041174632,0.000434146041174632,1.0
7.747000000000922,-7.747000000000922,-0.00043371232884578616,0.00043371232884578616,1.0
7.748000000000922,-7.748000000000922,-0.00043327904979599026,0.00043327904979599026,1.0
7.7490000000009225,-7.7490000000009225,-0.0004328462035923978,0.0004328462035923978,1.0
7.750000000000923,-7.750000000000923,-0.0004324137898025952,0.0004324137898025952,1.0
7.751000000000923,-7.751000000000923,-0.0004319818079946006,0.0004319818079946006,1.0
7.7520000000009235,-7.7520000000009235,-0.00043155025773686375,0.00043155025773686375,1.0
7.753000000000924,-7.753000000000924,-0.00043111913859826545,0.00043111913859826545,1.0
7.754000000000924,-7.754000000000924,-0.0004306884501481174,0.0004306884501481174,1.0
7.7550000000009245,-7.7550000000009245,-0.00043025819195616124,0.00043025819195616124,1.0
7.756000000000925,-7.756000000000925,-0.00042982836359256864,0.00042982836359256864,1.0
7.757000000000925,-7.757000000000925,-0.0004293989646279407,0.0004293989646279407,1.0
7.7580000000009255,-7.7580000000009255,-0.0004289699946333073,0.0004289699946333073,1.0
7.759000000000926,-7.759000000000926,-0.00042854145318012727,0.00042854145318012727,1.0
7.760000000000926,-7.760000000000926,-0.0004281133398402869,0.0004281133398402869,1.0
7.7610000000009265,-7.7610000000009265,-0.00042768565418610077,0.00042768565418610077,1.0
7.762000000000927,-7.762000000000927,-0.0004272583957903105,0.0004272583957903105,1.0
7.763000000000927,-7.763000000000927,-0.0004268315642260844,0.0004268315642260844,1.0
7.7640000000009275,-7.7640000000009275,-0.00042640515906701735,0.00042640515906701735,1.0
7.765000000000928,-7.765000000000928,-0.0004259791798871302,0.0004259791798871302,1.0
7.766000000000928,-7.766000000000928,-0.0004255536262608693,0.0004255536262608693,1.0
7.7670000000009285,-7.7670000000009285,-0.0004251284977631062,0.0004251284977631062,1.0
7.768000000000929,-7.768000000000929,-0.00042470379396913703,0.00042470379396913703,1.0
7.769000000000929,-7.769000000000929,-0.0004242795144546823,0.0004242795144546823,1.0
7.7700000000009295,-7.7700000000009295,-0.0004238556587958864,0.0004238556587958864,1.0
7.77100000000093,-7.77100000000093,-0.0004234322265693171,0.0004234322265693171,1.0
7.77200000000093,-7.77200000000093,-0.0004230092173519651,0.0004230092173519651,1.0
7.7730000000009305,-7.7730000000009305,-0.0004225866307212439,0.0004225866307212439,1.0
7.774000000000931,-7.774000000000931,-0.00042216446625498893,0.00042216446625498893,1.0
7.775000000000931,-7.775000000000931,-0.0004217427235314574,0.0004217427235314574,1.0
7.7760000000009315,-7.7760000000009315,-0.0004213214021293281,0.0004213214021293281,1.0
7.777000000000932,-7.777000000000932,-0.0004209005016277004,0.0004209005016277004,1.0
7.778000000000932,-7.778000000000932,-0.0004204800216060943,0.0004204800216060943,1.0
7.7790000000009325,-7.7790000000009325,-0.0004200599616444498,0.0004200599616444498,1.0
7.780000000000933,-7.780000000000933,-0.0004196403213231267,0.0004196403213231267,1.0
7.781000000000933,-7.781000000000933,-0.00041922110022290376,0.00041922110022290376,1.0
7.7820000000009335,-7.7820000000009335,-0.0004188022979249788,0.0004188022979249788,1.0
7.783000000000934,-7.783000000000934,-0.0004183839140109679,0.0004183839140109679,1.0
7.784000000000934,-7.784000000000934,-0.00041796594806290494,0.00041796594806290494,1.0
7.7850000000009345,-7.7850000000009345,-0.00041754839966324175,0.00041754839966324175,1.0
7.786000000000935,-7.786000000000935,-0.00041713126839484693,0.00041713126839484693,1.0
7.787000000000935,-7.787000000000935,-0.0004167145538410059,0.0004167145538410059,1.0
7.7880000000009355,-7.7880000000009355,-0.00041629825558542045,0.00041629825558542045,1.0
7.789000000000936,-7.789000000000936,-0.0004158823732122083,0.0004158823732122083,1.0
7.790000000000936,-7.790000000000936,-0.00041546690630590237,0.00041546690630590237,1.0
7.7910000000009365,-7.7910000000009365,-0.0004150518544514509,0.0004150518544514509,1.0
7.792000000000937,-7.792000000000937,-0.00041463721723421665,0.00041463721723421665,1.0
7.793000000000937,-7.793000000000937,-0.00041422299423997665,0.00041422299423997665,1.0
7.7940000000009375,-7.7940000000009375,-0.00041380918505492175,0.00041380918505492175,1.0
7.795000000000938,-7.795000000000938,-0.0004133957892656561,0.0004133957892656561,1.0
7.796000000000938,-7.796000000000938,-0.00041298280645919684,0.00041298280645919684,1.0
7.7970000000009385,-7.7970000000009385,-0.00041257023622297387,0.00041257023622297387,1.0
7.798000000000939,-7.798000000000939,-0.000412158078144829,0.000412158078144829,1.0
7.799000000000939,-7.799000000000939,-0.00041174633181301597,0.00041174633181301597,1.0
7.8000000000009395,-7.8000000000009395,-0.00041133499681619975,0.00041133499681619975,1.0
7.80100000000094,-7.80100000000094,-0.00041092407274345624,0.00041092407274345624,1.0
7.80200000000094,-7.80200000000094,-0.00041051355918427196,0.00041051355918427196,1.0
7.8030000000009405,-7.8030000000009405,-0.0004101034557285435,0.0004101034557285435,1.0
7.804000000000941,-7.804000000000941,-0.0004096937619665769,0.0004096937619665769,1.0
7.805000000000941,-7.805000000000941,-0.00040928447748908787,0.00040928447748908787,1.0
7.8060000000009415,-7.8060000000009415,-0.0004088756018872007,0.0004088756018872007,1.0
7.807000000000942,-7.807000000000942,-0.00040846713475244816,0.00040846713475244816,1.0
7.808000000000942,-7.808000000000942,-0.00040805907567677144,0.00040805907567677144,1.0
7.8090000000009425,-7.8090000000009425,-0.00040765142425251894,0.00040765142425251894,1.0
7.810000000000943,-7.810000000000943,-0.0004072441800724465,0.0004072441800724465,1.0
7.811000000000943,-7.811000000000943,-0.0004068373427297168,0.0004068373427297168,1.0
7.8120000000009435,-7.8120000000009435,-0.00040643091181789896,0.00040643091181789896,1.0
7.813000000000944,-7.813000000000944,-0.00040602488693096796,0.00040602488693096796,1.0
7.814000000000944,-7.814000000000944,-0.0004056192676633047,0.0004056192676633047,1.0
7.8150000000009445,-7.8150000000009445,-0.00040521405360969496,0.00040521405360969496,1.0
7.816000000000945,-7.816000000000945,-0.00040480924436532963,0.00040480924436532963,1.0
7.817000000000945,-7.817000000000945,-0.00040440483952580383,0.00040440483952580383,1.0
7.8180000000009455,-7.8180000000009455,-0.00040400083868711667,0.00040400083868711667,1.0
7.819000000000946,-7.819000000000946,-0.000403597241445671,0.000403597241445671,1.0
7.820000000000946,-7.820000000000946,-0.00040319404739827275,0.00040319404739827275,1.0
7.8210000000009465,-7.8210000000009465,-0.0004027912561421306,0.0004027912561421306,1.0
7.822000000000947,-7.822000000000947,-0.00040238886727485577,0.00040238886727485577,1.0
7.823000000000947,-7.823000000000947,-0.0004019868803944613,0.0004019868803944613,1.0
7.8240000000009475,-7.8240000000009475,-0.000401585295099362,0.000401585295099362,1.0
7.825000000000948,-7.825000000000948,-0.00040118411098837356,0.00040118411098837356,1.0
7.826000000000948,-7.826000000000948,-0.00040078332766071284,0.00040078332766071284,1.0
7.8270000000009485,-7.8270000000009485,-0.00040038294471599685,0.00040038294471599685,1.0
7.828000000000949,-7.828000000000949,-0.0003999829617542426,0.0003999829617542426,1.0
7.829000000000949,-7.829000000000949,-0.00039958337837586673,0.00039958337837586673,1.0
7.8300000000009495,-7.8300000000009495,-0.0003991841941816851,0.0003991841941816851,1.0
7.83100000000095,-7.83100000000095,-0.0003987854087729122,0.0003987854087729122,1.0
7.83200000000095,-7.83200000000095,-0.00039838702175116103,0.00039838702175116103,1.0
7.8330000000009505,-7.8330000000009505,-0.00039798903271844255,0.00039798903271844255,1.0
7.834000000000951,-7.834000000000951,-0.0003975914412771654,0.0003975914412771654,1.0
7.835000000000951,-7.835000000000951,-0.0003971942470301353,0.0003971942470301353,1.0
7.8360000000009515,-7.8360000000009515,-0.00039679744958055475,0.00039679744958055475,1.0
7.837000000000952,-7.837000000000952,-0.0003964010485320228,0.0003964010485320228,1.0
7.838000000000952,-7.838000000000952,-0.0003960050434885342,0.0003960050434885342,1.0
7.8390000000009525,-7.8390000000009525,-0.0003956094340544797,0.0003956094340544797,1.0
7.840000000000953,-7.840000000000953,-0.0003952142198346451,0.0003952142198346451,1.0
7.841000000000953,-7.841000000000953,-0.0003948194004342109,0.0003948194004342109,1.0
7.8420000000009535,-7.8420000000009535,-0.0003944249754587522,0.0003944249754587522,1.0
7.843000000000954,-7.843000000000954,-0.00039403094451423795,0.00039403094451423795,1.0
7.844000000000954,-7.844000000000954,-0.000393637307207031,0.000393637307207031,1.0
7.8450000000009545,-7.8450000000009545,-0.00039324406314388704,0.00039324406314388704,1.0
7.846000000000955,-7.846000000000955,-0.0003928512119319551,0.0003928512119319551,1.0
7.847000000000955,-7.847000000000955,-0.00039245875317877633,0.00039245875317877633,1.0
7.8480000000009555,-7.8480000000009555,-0.000392066686492284,0.000392066686492284,1.0
7.849000000000956,-7.849000000000956,-0.00039167501148080325,0.00039167501148080325,1.0
7.850000000000956,-7.850000000000956,-0.0003912837277530502,0.0003912837277530502,1.0
7.8510000000009565,-7.8510000000009565,-0.000390892834918132,0.000390892834918132,1.0
7.852000000000957,-7.852000000000957,-0.0003905023325855465,0.0003905023325855465,1.0
7.853000000000957,-7.853000000000957,-0.0003901122203651813,0.0003901122203651813,1.0
7.8540000000009575,-7.8540000000009575,-0.000389722497867314,0.000389722497867314,1.0
7.855000000000958,-7.855000000000958,-0.0003893331647026114,0.0003893331647026114,1.0
7.856000000000958,-7.856000000000958,-0.00038894422048212925,0.00038894422048212925,1.0
7.8570000000009586,-7.8570000000009586,-0.000388555664817312,0.000388555664817312,1.0
7.858000000000959,-7.858000000000959,-0.00038816749731999196,0.00038816749731999196,1.0
7.859000000000959,-7.859000000000959,-0.00038777971760238955,0.00038777971760238955,1.0
7.8600000000009596,-7.8600000000009596,-0.0003873923252771124,0.0003873923252771124,1.0
7.86100000000096,-7.86100000000096,-0.0003870053199571552,0.0003870053199571552,1.0
7.86200000000096,-7.86200000000096,-0.0003866187012558993,0.0003866187012558993,1.0
7.8630000000009606,-7.8630000000009606,-0.00038623246878711224,0.00038623246878711224,1.0
7.864000000000961,-7.864000000000961,-0.00038584662216494724,0.00038584662216494724,1.0
7.865000000000961,-7.865000000000961,-0.00038546116100394333,0.00038546116100394333,1.0
7.866000000000962,-7.866000000000962,-0.0003850760849190243,0.0003850760849190243,1.0
7.867000000000962,-7.867000000000962,-0.0003846913935254988,0.0003846913935254988,1.0
7.868000000000962,-7.868000000000962,-0.00038430708643905976,0.00038430708643905976,1.0
7.869000000000963,-7.869000000000963,-0.000383923163275784,0.000383923163275784,1.0
7.870000000000963,-7.870000000000963,-0.0003835396236521319,0.0003835396236521319,1.0
7.871000000000963,-7.871000000000963,-0.00038315646718494687,0.00038315646718494687,1.0
7.872000000000964,-7.872000000000964,-0.00038277369349145544,0.00038277369349145544,1.0
7.873000000000964,-7.873000000000964,-0.0003823913021892662,0.0003823913021892662,1.0
7.874000000000964,-7.874000000000964,-0.0003820092928963698,0.0003820092928963698,1.0
7.875000000000965,-7.875000000000965,-0.0003816276652311386,0.0003816276652311386,1.0
7.876000000000965,-7.876000000000965,-0.0003812464188123263,0.0003812464188123263,1.0
7.877000000000965,-7.877000000000965,-0.0003808655532590673,0.0003808655532590673,1.0
7.878000000000966,-7.878000000000966,-0.0003804850681908764,0.0003804850681908764,1.0
7.879000000000966,-7.879000000000966,-0.00038010496322764877,0.00038010496322764877,1.0
7.880000000000966,-7.880000000000966,-0.00037972523798965915,0.00037972523798965915,1.0
7.881000000000967,-7.881000000000967,-0.0003793458920975616,0.0003793458920975616,1.0
7.882000000000967,-7.882000000000967,-0.00037896692517238917,0.00037896692517238917,1.0
7.883000000000967,-7.883000000000967,-0.0003785883368355536,0.0003785883368355536,1.0
7.884000000000968,-7.884000000000968,-0.0003782101267088448,0.0003782101267088448,1.0
7.885000000000968,-7.885000000000968,-0.0003778322944144303,0.0003778322944144303,1.0
7.886000000000968,-7.886000000000968,-0.00037745483957485543,0.00037745483957485543,1.0
7.887000000000969,-7.887000000000969,-0.00037707776181304236,0.00037707776181304236,1.0
7.888000000000969,-7.888000000000969,-0.0003767010607522901,0.0003767010607522901,1.0
7.889000000000969,-7.889000000000969,-0.00037632473601627384,0.00037632473601627384,1.0
7.89000000000097,-7.89000000000097,-0.00037594878722904484,0.00037594878722904484,1.0
7.89100000000097,-7.89100000000097,-0.0003755732140150298,0.0003755732140150298,1.0
7.89200000000097,-7.89200000000097,-0.00037519801599903075,0.00037519801599903075,1.0
7.893000000000971,-7.893000000000971,-0.0003748231928062245,0.0003748231928062245,1.0
7.894000000000971,-7.894000000000971,-0.0003744487440621623,0.0003744487440621623,1.0
7.895000000000971,-7.895000000000971,-0.0003740746693927695,0.0003740746693927695,1.0
7.896000000000972,-7.896000000000972,-0.0003737009684243452,0.0003737009684243452,1.0
7.897000000000972,-7.897000000000972,-0.00037332764078356164,0.00037332764078356164,1.0
7.898000000000972,-7.898000000000972,-0.0003729546860974642,0.0003729546860974642,1.0
7.899000000000973,-7.899000000000973,-0.00037258210399347073,0.00037258210399347073,1.0
7.900000000000973,-7.900000000000973,-0.00037220989409937134,0.00037220989409937134,1.0
7.901000000000973,-7.901000000000973,-0.000371838056043328,0.000371838056043328,1.0
7.902000000000974,-7.902000000000974,-0.00037146658945387415,0.00037146658945387415,1.0
7.903000000000974,-7.903000000000974,-0.0003710954939599142,0.0003710954939599142,1.0
7.904000000000974,-7.904000000000974,-0.00037072476919072344,0.00037072476919072344,1.0
7.905000000000975,-7.905000000000975,-0.0003703544147759475,0.0003703544147759475,1.0
7.906000000000975,-7.906000000000975,-0.00036998443034560194,0.00036998443034560194,1.0
7.907000000000975,-7.907000000000975,-0.0003696148155300719,0.0003696148155300719,1.0
7.908000000000976,-7.908000000000976,-0.00036924556996011175,0.00036924556996011175,1.0
7.909000000000976,-7.909000000000976,-0.0003688766932668449,0.0003688766932668449,1.0
7.910000000000976,-7.910000000000976,-0.0003685081850817631,0.0003685081850817631,1.0
7.911000000000977,-7.911000000000977,-0.0003681400450367264,0.0003681400450367264,1.0
7.912000000000977,-7.912000000000977,-0.00036777227276396245,0.00036777227276396245,1.0
7.913000000000977,-7.913000000000977,-0.00036740486789606637,0.00036740486789606637,1.0
7.914000000000978,-7.914000000000978,-0.0003670378300660004,0.0003670378300660004,1.0
7.915000000000978,-7.915000000000978,-0.0003666711589070933,0.0003666711589070933,1.0
7.916000000000978,-7.916000000000978,-0.0003663048540530403,0.0003663048540530403,1.0
7.917000000000979,-7.917000000000979,-0.0003659389151379024,0.0003659389151379024,1.0
7.918000000000979,-7.918000000000979,-0.00036557334179610634,0.00036557334179610634,1.0
7.919000000000979,-7.919000000000979,-0.00036520813366244386,0.00036520813366244386,1.0
7.92000000000098,-7.92000000000098,-0.00036484329037207177,0.00036484329037207177,1.0
7.92100000000098,-7.92100000000098,-0.0003644788115605113,0.0003644788115605113,1.0
7.92200000000098,-7.92200000000098,-0.00036411469686364764,0.00036411469686364764,1.0
7.923000000000981,-7.923000000000981,-0.0003637509459177299,0.0003637509459177299,1.0
7.924000000000981,-7.924000000000981,-0.0003633875583593705,0.0003633875583593705,1.0
7.925000000000981,-7.925000000000981,-0.00036302453382554495,0.00036302453382554495,1.0
7.926000000000982,-7.926000000000982,-0.0003626618719535913,0.0003626618719535913,1.0
7.927000000000982,-7.927000000000982,-0.0003622995723812101,0.0003622995723812101,1.0
7.928000000000982,-7.928000000000982,-0.0003619376347464636,0.0003619376347464636,1.0
7.929000000000983,-7.929000000000983,-0.00036157605868777584,0.00036157605868777584,1.0
7.930000000000983,-7.930000000000983,-0.0003612148438439319,0.0003612148438439319,1.0
7.931000000000983,-7.931000000000983,-0.0003608539898540778,0.0003608539898540778,1.0
7.932000000000984,-7.932000000000984,-0.0003604934963577201,0.0003604934963577201,1.0
7.933000000000984,-7.933000000000984,-0.0003601333629947253,0.0003601333629947253,1.0
7.934000000000984,-7.934000000000984,-0.00035977358940532004,0.00035977358940532004,1.0
7.935000000000985,-7.935000000000985,-0.00035941417523008994,0.00035941417523008994,1.0
7.936000000000985,-7.936000000000985,-0.00035905512010998,0.00035905512010998,1.0
7.937000000000985,-7.937000000000985,-0.00035869642368629366,0.00035869642368629366,1.0
7.938000000000986,-7.938000000000986,-0.000358338085600693,0.000358338085600693,1.0
7.939000000000986,-7.939000000000986,-0.0003579801054951978,0.0003579801054951978,1.0
7.940000000000986,-7.940000000000986,-0.00035762248301218557,0.00035762248301218557,1.0
7.941000000000987,-7.941000000000987,-0.00035726521779439125,0.00035726521779439125,1.0
7.942000000000987,-7.942000000000987,-0.0003569083094849063,0.0003569083094849063,1.0
7.943000000000987,-7.943000000000987,-0.00035655175772717916,0.00035655175772717916,1.0
7.944000000000988,-7.944000000000988,-0.00035619556216501415,0.00035619556216501415,1.0
7.945000000000988,-7.945000000000988,-0.0003558397224425716,0.0003558397224425716,1.0
7.946000000000988,-7.946000000000988,-0.00035548423820436724,0.00035548423820436724,1.0
7.947000000000989,-7.947000000000989,-0.000355129109095272,0.000355129109095272,1.0
7.948000000000989,-7.948000000000989,-0.0003547743347605115,0.0003547743347605115,1.0
7.949000000000989,-7.949000000000989,-0.0003544199148456658,0.0003544199148456658,1.0
7.95000000000099,-7.95000000000099,-0.0003540658489966691,0.0003540658489966691,1.0
7.95100000000099,-7.95100000000099,-0.0003537121368598093,0.0003537121368598093,1.0
7.95200000000099,-7.95200000000099,-0.0003533587780817276,0.0003533587780817276,1.0
7.953000000000991,-7.953000000000991,-0.00035300577230941817,0.00035300577230941817,1.0
7.954000000000991,-7.954000000000991,-0.00035265311919022797,0.00035265311919022797,1.0
7.955000000000991,-7.955000000000991,-0.0003523008183718562,0.0003523008183718562,1.0
7.956000000000992,-7.956000000000992,-0.0003519488695023538,0.0003519488695023538,1.0
7.957000000000992,-7.957000000000992,-0.0003515972722301237,0.0003515972722301237,1.0
7.958000000000992,-7.958000000000992,-0.0003512460262039198,0.0003512460262039198,1.0
7.959000000000993,-7.959000000000993,-0.00035089513107284696,0.00035089513107284696,1.0
7.960000000000993,-7.960000000000993,-0.0003505445864863606,0.0003505445864863606,1.0
7.961000000000993,-7.961000000000993,-0.00035019439209426636,0.00035019439209426636,1.0
7.962000000000994,-7.962000000000994,-0.0003498445475467197,0.0003498445475467197,1.0
7.963000000000994,-7.963000000000994,-0.0003494950524942254,0.0003494950524942254,1.0
7.964000000000994,-7.964000000000994,-0.00034914590658763784,0.00034914590658763784,1.0
7.965000000000995,-7.965000000000995,-0.00034879710947815964,0.00034879710947815964,1.0
7.966000000000995,-7.966000000000995,-0.00034844866081734226,0.00034844866081734226,1.0
7.967000000000995,-7.967000000000995,-0.00034810056025708525,0.00034810056025708525,1.0
7.968000000000996,-7.968000000000996,-0.0003477528074496356,0.0003477528074496356,1.0
7.969000000000996,-7.969000000000996,-0.000347405402047588,0.000347405402047588,1.0
7.970000000000996,-7.970000000000996,-0.0003470583437038841,0.0003470583437038841,1.0
7.971000000000997,-7.971000000000997,-0.0003467116320718123,0.0003467116320718123,1.0
7.972000000000997,-7.972000000000997,-0.0003463652668050073,0.0003463652668050073,1.0
7.973000000000997,-7.973000000000997,-0.00034601924755744984,0.00034601924755744984,1.0
7.974000000000998,-7.974000000000998,-0.0003456735739834664,0.0003456735739834664,1.0
7.975000000000998,-7.975000000000998,-0.0003453282457377286,0.0003453282457377286,1.0
7.976000000000998,-7.976000000000998,-0.0003449832624752534,0.0003449832624752534,1.0
7.977000000000999,-7.977000000000999,-0.000344638623851402,0.000344638623851402,1.0
7.978000000000999,-7.978000000000999,-0.00034429432952188014,0.00034429432952188014,1.0
7.979000000000999,-7.979000000000999,-0.00034395037914273737,0.00034395037914273737,1.0
7.980000000001,-7.980000000001,-0.000343606772370367,0.000343606772370367,1.0
7.981000000001,-7.981000000001,-0.0003432635088615055,0.0003432635088615055,1.0
7.982000000001,-7.982000000001,-0.0003429205882732323,0.0003429205882732323,1.0
7.983000000001001,-7.983000000001001,-0.0003425780102629693,0.0003425780102629693,1.0
7.984000000001001,-7.984000000001001,-0.00034223577448848087,0.00034223577448848087,1.0
7.985000000001001,-7.985000000001001,-0.000341893880607873,0.000341893880607873,1.0
7.986000000001002,-7.986000000001002,-0.0003415523282795934,0.0003415523282795934,1.0
7.987000000001002,-7.987000000001002,-0.00034121111716243097,0.00034121111716243097,1.0
7.988000000001002,-7.988000000001002,-0.00034087024691551544,0.00034087024691551544,1.0
7.989000000001003,-7.989000000001003,-0.0003405297171983171,0.0003405297171983171,1.0
7.990000000001003,-7.990000000001003,-0.00034018952767064645,0.00034018952767064645,1.0
7.991000000001003,-7.991000000001003,-0.00033984967799265375,0.00033984967799265375,1.0
7.992000000001004,-7.992000000001004,-0.0003395101678248289,0.0003395101678248289,1.0
7.993000000001004,-7.993000000001004,-0.0003391709968280009,0.0003391709968280009,1.0
7.994000000001004,-7.994000000001004,-0.00033883216466333756,0.00033883216466333756,1.0
7.995000000001005,-7.995000000001005,-0.00033849367099234517,0.00033849367099234517,1.0
7.996000000001005,-7.996000000001005,-0.0003381555154768683,0.0003381555154768683,1.0
7.997000000001005,-7.997000000001005,-0.00033781769777908925,0.00033781769777908925,1.0
7.998000000001006,-7.998000000001006,-0.00033748021756152774,0.00033748021756152774,1.0
7.999000000001006,-7.999000000001006,-0.0003371430744870407,0.0003371430744870407,1.0
8.000000000001005,-8.000000000001005,-0.0003368062682188222,0.0003368062682188222,1.0
8.001000000001005,-8.001000000001005,-0.0003364697984204018,0.0003364697984204018,1.0
8.002000000001004,-8.002000000001004,-0.0003361336647556461,0.0003361336647556461,1.0
8.003000000001004,-8.003000000001004,-0.0003357978668887574,0.0003357978668887574,1.0
8.004000000001003,-8.004000000001003,-0.00033546240448427314,0.00033546240448427314,1.0
8.005000000001003,-8.005000000001003,-0.00033512727720706606,0.00033512727720706606,1.0
8.006000000001002,-8.006000000001002,-0.00033479248472234374,0.00033479248472234374,1.0
8.007000000001002,-8.007000000001002,-0.0003344580266956481,0.0003344580266956481,1.0
8.008000000001001,-8.008000000001001,-0.00033412390279285526,0.00033412390279285526,1.0
8.009000000001,-8.009000000001,-0.0003337901126801751,0.0003337901126801751,1.0
8.010000000001,-8.010000000001,-0.0003334566560241509,0.0003334566560241509,1.0
8.011000000001,-8.011000000001,-0.0003331235324916593,0.0003331235324916593,1.0
8.012000000000999,-8.012000000000999,-0.0003327907417499094,0.0003327907417499094,1.0
8.013000000000998,-8.013000000000998,-0.00033245828346644297,0.00033245828346644297,1.0
8.014000000000998,-8.014000000000998,-0.0003321261573091338,0.0003321261573091338,1.0
8.015000000000997,-8.015000000000997,-0.0003317943629461876,0.0003317943629461876,1.0
8.016000000000997,-8.016000000000997,-0.0003314629000461415,0.0003314629000461415,1.0
8.017000000000996,-8.017000000000996,-0.0003311317682778636,0.0003311317682778636,1.0
8.018000000000995,-8.018000000000995,-0.000330800967310553,0.000330800967310553,1.0
8.019000000000995,-8.019000000000995,-0.0003304704968137393,0.0003304704968137393,1.0
8.020000000000994,-8.020000000000994,-0.000330140356457282,0.000330140356457282,1.0
8.021000000000994,-8.021000000000994,-0.0003298105459113707,0.0003298105459113707,1.0
8.022000000000993,-8.022000000000993,-0.00032948106484652416,0.00032948106484652416,1.0
8.023000000000993,-8.023000000000993,-0.00032915191293359056,0.00032915191293359056,1.0
8.024000000000992,-8.024000000000992,-0.00032882308984374676,0.00032882308984374676,1.0
8.025000000000992,-8.025000000000992,-0.00032849459524849825,0.00032849459524849825,1.0
8.026000000000991,-8.026000000000991,-0.00032816642881967857,0.00032816642881967857,1.0
8.02700000000099,-8.02700000000099,-0.0003278385902294491,0.0003278385902294491,1.0
8.02800000000099,-8.02800000000099,-0.0003275110791502988,0.0003275110791502988,1.0
8.02900000000099,-8.02900000000099,-0.00032718389525504375,0.00032718389525504375,1.0
8.030000000000989,-8.030000000000989,-0.00032685703821682684,0.00032685703821682684,1.0
8.031000000000988,-8.031000000000988,-0.0003265305077091178,0.0003265305077091178,1.0
8.032000000000988,-8.032000000000988,-0.00032620430340571204,0.00032620430340571204,1.0
8.033000000000987,-8.033000000000987,-0.0003258784249807313,0.0003258784249807313,1.0
8.034000000000987,-8.034000000000987,-0.0003255528721086227,0.0003255528721086227,1.0
8.035000000000986,-8.035000000000986,-0.00032522764446415856,0.00032522764446415856,1.0
8.036000000000985,-8.036000000000985,-0.0003249027417224361,0.0003249027417224361,1.0
8.037000000000985,-8.037000000000985,-0.0003245781635588772,0.0003245781635588772,1.0
8.038000000000984,-8.038000000000984,-0.000324253909649228,0.000324253909649228,1.0
8.039000000000984,-8.039000000000984,-0.0003239299796695584,0.0003239299796695584,1.0
8.040000000000983,-8.040000000000983,-0.0003236063732962621,0.0003236063732962621,1.0
8.041000000000983,-8.041000000000983,-0.0003232830902060561,0.0003232830902060561,1.0
8.042000000000982,-8.042000000000982,-0.0003229601300759801,0.0003229601300759801,1.0
8.043000000000982,-8.043000000000982,-0.00032263749258339673,0.00032263749258339673,1.0
8.044000000000981,-8.044000000000981,-0.0003223151774059907,0.0003223151774059907,1.0
8.04500000000098,-8.04500000000098,-0.00032199318422176893,0.00032199318422176893,1.0
8.04600000000098,-8.04600000000098,-0.0003216715127090599,0.0003216715127090599,1.0
8.04700000000098,-8.04700000000098,-0.0003213501625465134,0.0003213501625465134,1.0
8.048000000000979,-8.048000000000979,-0.00032102913341310025,0.00032102913341310025,1.0
8.049000000000978,-8.049000000000978,-0.00032070842498811215,0.00032070842498811215,1.0
8.050000000000978,-8.050000000000978,-0.000320388036951161,0.000320388036951161,1.0
8.051000000000977,-8.051000000000977,-0.00032006796898217883,0.00032006796898217883,1.0
8.052000000000977,-8.052000000000977,-0.0003197482207614174,0.0003197482207614174,1.0
8.053000000000976,-8.053000000000976,-0.000319428791969448,0.000319428791969448,1.0
8.054000000000975,-8.054000000000975,-0.00031910968228716083,0.00031910968228716083,1.0
8.055000000000975,-8.055000000000975,-0.0003187908913957651,0.0003187908913957651,1.0
8.056000000000974,-8.056000000000974,-0.00031847241897678836,0.00031847241897678836,1.0
8.057000000000974,-8.057000000000974,-0.0003181542647120762,0.0003181542647120762,1.0
8.058000000000973,-8.058000000000973,-0.0003178364282837925,0.0003178364282837925,1.0
8.059000000000973,-8.059000000000973,-0.0003175189093744181,0.0003175189093744181,1.0
8.060000000000972,-8.060000000000972,-0.00031720170766675134,0.00031720170766675134,1.0
8.061000000000972,-8.061000000000972,-0.0003168848228439074,0.0003168848228439074,1.0
8.062000000000971,-8.062000000000971,-0.00031656825458931814,0.00031656825458931814,1.0
8.06300000000097,-8.06300000000097,-0.00031625200258673144,0.00031625200258673144,1.0
8.06400000000097,-8.06400000000097,-0.0003159360665202112,0.0003159360665202112,1.0
8.06500000000097,-8.06500000000097,-0.00031562044607413706,0.00031562044607413706,1.0
8.066000000000969,-8.066000000000969,-0.0003153051409332039,0.0003153051409332039,1.0
8.067000000000968,-8.067000000000968,-0.0003149901507824215,0.0003149901507824215,1.0
8.068000000000968,-8.068000000000968,-0.00031467547530711435,0.00031467547530711435,1.0
8.069000000000967,-8.069000000000967,-0.00031436111419292143,0.00031436111419292143,1.0
8.070000000000967,-8.070000000000967,-0.0003140470671257956,0.0003140470671257956,1.0
8.071000000000966,-8.071000000000966,-0.00031373333379200354,0.00031373333379200354,1.0
8.072000000000966,-8.072000000000966,-0.0003134199138781254,0.0003134199138781254,1.0
8.073000000000965,-8.073000000000965,-0.00031310680707105436,0.00031310680707105436,1.0
8.074000000000964,-8.074000000000964,-0.0003127940130579964,0.0003127940130579964,1.0
8.075000000000964,-8.075000000000964,-0.0003124815315264699,0.0003124815315264699,1.0
8.076000000000963,-8.076000000000963,-0.00031216936216430565,0.00031216936216430565,1.0
8.077000000000963,-8.077000000000963,-0.000311857504659646,0.000311857504659646,1.0
8.078000000000962,-8.078000000000962,-0.00031154595870094506,0.00031154595870094506,1.0
8.079000000000962,-8.079000000000962,-0.00031123472397696813,0.00031123472397696813,1.0
8.080000000000961,-8.080000000000961,-0.00031092380017679137,0.00031092380017679137,1.0
8.08100000000096,-8.08100000000096,-0.0003106131869898016,0.0003106131869898016,1.0
8.08200000000096,-8.08200000000096,-0.00031030288410569586,0.00031030288410569586,1.0
8.08300000000096,-8.08300000000096,-0.0003099928912144814,0.0003099928912144814,1.0
8.084000000000959,-8.084000000000959,-0.0003096832080064749,0.0003096832080064749,1.0
8.085000000000958,-8.085000000000958,-0.00030937383417230257,0.00030937383417230257,1.0
8.086000000000958,-8.086000000000958,-0.0003090647694028997,0.0003090647694028997,1.0
8.087000000000957,-8.087000000000957,-0.00030875601338951024,0.00030875601338951024,1.0
8.088000000000957,-8.088000000000957,-0.0003084475658236865,0.0003084475658236865,1.0
8.089000000000956,-8.089000000000956,-0.0003081394263972892,0.0003081394263972892,1.0
8.090000000000956,-8.090000000000956,-0.0003078315948024867,0.0003078315948024867,1.0
8.091000000000955,-8.091000000000955,-0.00030752407073175497,0.00030752407073175497,1.0
8.092000000000954,-8.092000000000954,-0.00030721685387787706,0.00030721685387787706,1.0
8.093000000000954,-8.093000000000954,-0.0003069099439339432,0.0003069099439339432,1.0
8.094000000000953,-8.094000000000953,-0.0003066033405933498,0.0003066033405933498,1.0
8.095000000000953,-8.095000000000953,-0.0003062970435498001,0.0003062970435498001,1.0
8.096000000000952,-8.096000000000952,-0.0003059910524973028,0.0003059910524973028,1.0
8.097000000000952,-8.097000000000952,-0.0003056853671301726,0.0003056853671301726,1.0
8.098000000000951,-8.098000000000951,-0.00030537998714302964,0.00030537998714302964,1.0
8.09900000000095,-8.09900000000095,-0.00030507491223079883,0.00030507491223079883,1.0
8.10000000000095,-8.10000000000095,-0.0003047701420887101,0.0003047701420887101,1.0
8.10100000000095,-8.10100000000095,-0.00030446567641229783,0.00030446567641229783,1.0
8.102000000000949,-8.102000000000949,-0.00030416151489740044,0.00030416151489740044,1.0
8.103000000000948,-8.103000000000948,-0.00030385765724016034,0.00030385765724016034,1.0
8.104000000000948,-8.104000000000948,-0.0003035541031370233,0.0003035541031370233,1.0
8.105000000000947,-8.105000000000947,-0.0003032508522847386,0.0003032508522847386,1.0
8.106000000000947,-8.106000000000947,-0.00030294790438035817,0.00030294790438035817,1.0
8.107000000000946,-8.107000000000946,-0.00030264525912123693,0.00030264525912123693,1.0
8.108000000000946,-8.108000000000946,-0.00030234291620503186,0.00030234291620503186,1.0
8.109000000000945,-8.109000000000945,-0.00030204087532970217,0.00030204087532970217,1.0
8.110000000000944,-8.110000000000944,-0.00030173913619350865,0.00030173913619350865,1.0
8.111000000000944,-8.111000000000944,-0.0003014376984950136,0.0003014376984950136,1.0
8.112000000000943,-8.112000000000943,-0.00030113656193308055,0.00030113656193308055,1.0
8.113000000000943,-8.113000000000943,-0.00030083572620687366,0.00030083572620687366,1.0
8.114000000000942,-8.114000000000942,-0.0003005351910158578,0.0003005351910158578,1.0
8.115000000000942,-8.115000000000942,-0.000300234956059798,0.000300234956059798,1.0
8.116000000000941,-8.116000000000941,-0.0002999350210387592,0.0002999350210387592,1.0
8.11700000000094,-8.11700000000094,-0.00029963538565310605,0.00029963538565310605,1.0
8.11800000000094,-8.11800000000094,-0.00029933604960350255,0.00029933604960350255,1.0
8.11900000000094,-8.11900000000094,-0.00029903701259091165,0.00029903701259091165,1.0
8.120000000000939,-8.120000000000939,-0.0002987382743165951,0.0002987382743165951,1.0
8.121000000000938,-8.121000000000938,-0.00029843983448211303,0.00029843983448211303,1.0
8.122000000000938,-8.122000000000938,-0.0002981416927893237,0.0002981416927893237,1.0
8.123000000000937,-8.123000000000937,-0.0002978438489403833,0.0002978438489403833,1.0
8.124000000000937,-8.124000000000937,-0.0002975463026377456,0.0002975463026377456,1.0
8.125000000000936,-8.125000000000936,-0.0002972490535841614,0.0002972490535841614,1.0
8.126000000000936,-8.126000000000936,-0.00029695210148267866,0.00029695210148267866,1.0
8.127000000000935,-8.127000000000935,-0.000296655446036642,0.000296655446036642,1.0
8.128000000000934,-8.128000000000934,-0.0002963590869496924,0.0002963590869496924,1.0
8.129000000000934,-8.129000000000934,-0.00029606302392576664,0.00029606302392576664,1.0
8.130000000000933,-8.130000000000933,-0.00029576725666909755,0.00029576725666909755,1.0
8.131000000000933,-8.131000000000933,-0.0002954717848842133,0.0002954717848842133,1.0
8.132000000000932,-8.132000000000932,-0.00029517660827593734,0.00029517660827593734,1.0
8.133000000000932,-8.133000000000932,-0.00029488172654938797,0.00029488172654938797,1.0
8.134000000000931,-8.134000000000931,-0.000294587139409978,0.000294587139409978,1.0
8.13500000000093,-8.13500000000093,-0.00029429284656341456,0.00029429284656341456,1.0
8.13600000000093,-8.13600000000093,-0.00029399884771569887,0.00029399884771569887,1.0
8.13700000000093,-8.13700000000093,-0.00029370514257312573,0.00029370514257312573,1.0
8.138000000000929,-8.138000000000929,-0.00029341173084228343,0.00029341173084228343,1.0
8.139000000000928,-8.139000000000928,-0.0002931186122300534,0.0002931186122300534,1.0
8.140000000000928,-8.140000000000928,-0.0002928257864436098,0.0002928257864436098,1.0
8.141000000000927,-8.141000000000927,-0.00029253325319041935,0.00029253325319041935,1.0
8.142000000000927,-8.142000000000927,-0.0002922410121782411,0.0002922410121782411,1.0
8.143000000000926,-8.143000000000926,-0.000291949063115126,0.000291949063115126,1.0
8.144000000000926,-8.144000000000926,-0.00029165740570941655,0.00029165740570941655,1.0
8.145000000000925,-8.145000000000925,-0.00029136603966974675,0.00029136603966974675,1.0
8.146000000000925,-8.146000000000925,-0.0002910749647050417,0.0002910749647050417,1.0
8.147000000000924,-8.147000000000924,-0.0002907841805245172,0.0002907841805245172,1.0
8.148000000000923,-8.148000000000923,-0.0002904936868376795,0.0002904936868376795,1.0
8.149000000000923,-8.149000000000923,-0.00029020348335432515,0.00029020348335432515,1.0
8.150000000000922,-8.150000000000922,-0.0002899135697845406,0.0002899135697845406,1.0
8.151000000000922,-8.151000000000922,-0.0002896239458387019,0.0002896239458387019,1.0
8.152000000000921,-8.152000000000921,-0.00028933461122747443,0.00028933461122747443,1.0
8.15300000000092,-8.15300000000092,-0.0002890455656618126,0.0002890455656618126,1.0
8.15400000000092,-8.15400000000092,-0.00028875680885295964,0.00028875680885295964,1.0
8.15500000000092,-8.15500000000092,-0.00028846834051244724,0.00028846834051244724,1.0
8.156000000000919,-8.156000000000919,-0.0002881801603520952,0.0002881801603520952,1.0
8.157000000000918,-8.157000000000918,-0.00028789226808401114,0.00028789226808401114,1.0
8.158000000000918,-8.158000000000918,-0.00028760466342059055,0.00028760466342059055,1.0
8.159000000000917,-8.159000000000917,-0.000287317346074516,0.000287317346074516,1.0
8.160000000000917,-8.160000000000917,-0.0002870303157587572,0.0002870303157587572,1.0
8.161000000000916,-8.161000000000916,-0.00028674357218657064,0.00028674357218657064,1.0
8.162000000000916,-8.162000000000916,-0.00028645711507149915,0.00028645711507149915,1.0
8.163000000000915,-8.163000000000915,-0.0002861709441273718,0.0002861709441273718,1.0
8.164000000000915,-8.164000000000915,-0.00028588505906830346,0.00028588505906830346,1.0
8.165000000000914,-8.165000000000914,-0.0002855994596086948,0.0002855994596086948,1.0
8.166000000000913,-8.166000000000913,-0.0002853141454632316,0.0002853141454632316,1.0
8.167000000000913,-8.167000000000913,-0.00028502911634688467,0.00028502911634688467,1.0
8.168000000000912,-8.168000000000912,-0.0002847443719749098,0.0002847443719749098,1.0
8.169000000000912,-8.169000000000912,-0.00028445991206284694,0.00028445991206284694,1.0
8.170000000000911,-8.170000000000911,-0.00028417573632652044,0.00028417573632652044,1.0
8.17100000000091,-8.17100000000091,-0.0002838918444820384,0.0002838918444820384,1.0
8.17200000000091,-8.17200000000091,-0.00028360823624579265,0.00028360823624579265,1.0
8.17300000000091,-8.17300000000091,-0.0002833249113344582,0.0002833249113344582,1.0
8.174000000000909,-8.174000000000909,-0.0002830418694649932,0.0002830418694649932,1.0
8.175000000000908,-8.175000000000908,-0.0002827591103546386,0.0002827591103546386,1.0
8.176000000000908,-8.176000000000908,-0.0002824766337209177,0.0002824766337209177,1.0
8.177000000000907,-8.177000000000907,-0.000282194439281636,0.000282194439281636,1.0
8.178000000000907,-8.178000000000907,-0.00028191252675488114,0.00028191252675488114,1.0
8.179000000000906,-8.179000000000906,-0.0002816308958590221,0.0002816308958590221,1.0
8.180000000000906,-8.180000000000906,-0.0002813495463127094,0.0002813495463127094,1.0
8.181000000000905,-8.181000000000905,-0.0002810684778348745,0.0002810684778348745,1.0
8.182000000000905,-8.182000000000905,-0.00028078769014472984,0.00028078769014472984,1.0
8.183000000000904,-8.183000000000904,-0.00028050718296176807,0.00028050718296176807,1.0
8.184000000000903,-8.184000000000903,-0.0002802269560057623,0.0002802269560057623,1.0
8.185000000000903,-8.185000000000903,-0.0002799470089967655,0.0002799470089967655,1.0
8.186000000000902,-8.186000000000902,-0.00027966734165511044,0.00027966734165511044,1.0
8.187000000000902,-8.187000000000902,-0.000279387953701409,0.000279387953701409,1.0
8.188000000000901,-8.188000000000901,-0.0002791088448565524,0.0002791088448565524,1.0
8.1890000000009,-8.1890000000009,-0.00027883001484171074,0.00027883001484171074,1.0
8.1900000000009,-8.1900000000009,-0.0002785514633783324,0.0002785514633783324,1.0
8.1910000000009,-8.1910000000009,-0.00027827319018814426,0.00027827319018814426,1.0
8.192000000000899,-8.192000000000899,-0.00027799519499315114,0.00027799519499315114,1.0
8.193000000000898,-8.193000000000898,-0.0002777174775156355,0.0002777174775156355,1.0
8.194000000000898,-8.194000000000898,-0.00027744003747815735,0.00027744003747815735,1.0
8.195000000000897,-8.195000000000897,-0.00027716287460355376,0.00027716287460355376,1.0
8.196000000000897,-8.196000000000897,-0.0002768859886149388,0.0002768859886149388,1.0
8.197000000000896,-8.197000000000896,-0.00027660937923570315,0.00027660937923570315,1.0
8.198000000000896,-8.198000000000896,-0.00027633304618951367,0.00027633304618951367,1.0
8.199000000000895,-8.199000000000895,-0.0002760569892003133,0.0002760569892003133,1.0
8.200000000000895,-8.200000000000895,-0.000275781207992321,0.000275781207992321,1.0
8.201000000000894,-8.201000000000894,-0.000275505702290031,0.000275505702290031,1.0
8.202000000000893,-8.202000000000893,-0.00027523047181821276,0.00027523047181821276,1.0
8.203000000000893,-8.203000000000893,-0.00027495551630191085,0.00027495551630191085,1.0
8.204000000000892,-8.204000000000892,-0.0002746808354664444,0.0002746808354664444,1.0
8.205000000000892,-8.205000000000892,-0.00027440642903740704,0.00027440642903740704,1.0
8.206000000000891,-8.206000000000891,-0.0002741322967406664,0.0002741322967406664,1.0
8.20700000000089,-8.20700000000089,-0.000273858438302364,0.000273858438302364,1.0
8.20800000000089,-8.20800000000089,-0.00027358485344891506,0.00027358485344891506,1.0
8.20900000000089,-8.20900000000089,-0.000273311541907008,0.000273311541907008,1.0
8.210000000000889,-8.210000000000889,-0.00027303850340360447,0.00027303850340360447,1.0
8.211000000000888,-8.211000000000888,-0.0002727657376659385,0.0002727657376659385,1.0
8.212000000000888,-8.212000000000888,-0.000272493244421517,0.000272493244421517,1.0
8.213000000000887,-8.213000000000887,-0.00027222102339811895,0.00027222102339811895,1.0
8.214000000000887,-8.214000000000887,-0.0002719490743237952,0.0002719490743237952,1.0
8.215000000000886,-8.215000000000886,-0.0002716773969268683,0.0002716773969268683,1.0
8.216000000000886,-8.216000000000886,-0.00027140599093593233,0.00027140599093593233,1.0
8.217000000000885,-8.217000000000885,-0.0002711348560798525,0.0002711348560798525,1.0
8.218000000000885,-8.218000000000885,-0.0002708639920877647,0.0002708639920877647,1.0
8.219000000000884,-8.219000000000884,-0.0002705933986890756,0.0002705933986890756,1.0
8.220000000000883,-8.220000000000883,-0.00027032307561346215,0.00027032307561346215,1.0
8.221000000000883,-8.221000000000883,-0.00027005302259087126,0.00027005302259087126,1.0
8.222000000000882,-8.222000000000882,-0.0002697832393515197,0.0002697832393515197,1.0
8.223000000000882,-8.223000000000882,-0.0002695137256258938,0.0002695137256258938,1.0
8.224000000000881,-8.224000000000881,-0.00026924448114474907,0.00026924448114474907,1.0
8.22500000000088,-8.22500000000088,-0.00026897550563911,0.00026897550563911,1.0
8.22600000000088,-8.22600000000088,-0.00026870679884026966,0.00026870679884026966,1.0
8.22700000000088,-8.22700000000088,-0.0002684383604797899,0.0002684383604797899,1.0
8.228000000000879,-8.228000000000879,-0.00026817019028950044,0.00026817019028950044,1.0
8.229000000000879,-8.229000000000879,-0.000267902288001499,0.000267902288001499,1.0
8.230000000000878,-8.230000000000878,-0.00026763465334815086,0.00026763465334815086,1.0
8.231000000000877,-8.231000000000877,-0.0002673672860620888,0.0002673672860620888,1.0
8.232000000000877,-8.232000000000877,-0.0002671001858762126,0.0002671001858762126,1.0
8.233000000000876,-8.233000000000876,-0.00026683335252368885,0.00026683335252368885,1.0
8.234000000000876,-8.234000000000876,-0.0002665667857379509,0.0002665667857379509,1.0
8.235000000000875,-8.235000000000875,-0.00026630048525269823,0.00026630048525269823,1.0
8.236000000000875,-8.236000000000875,-0.0002660344508018963,0.0002660344508018963,1.0
8.237000000000874,-8.237000000000874,-0.0002657686821197765,0.0002657686821197765,1.0
8.238000000000874,-8.238000000000874,-0.00026550317894083567,0.00026550317894083567,1.0
8.239000000000873,-8.239000000000873,-0.0002652379409998358,0.0002652379409998358,1.0
8.240000000000872,-8.240000000000872,-0.000264972968031804,0.000264972968031804,1.0
8.241000000000872,-8.241000000000872,-0.00026470825977203196,0.00026470825977203196,1.0
8.242000000000871,-8.242000000000871,-0.00026444381595607593,0.00026444381595607593,1.0
8.24300000000087,-8.24300000000087,-0.00026417963631975613,0.00026417963631975613,1.0
8.24400000000087,-8.24400000000087,-0.00026391572059915704,0.00026391572059915704,1.0
8.24500000000087,-8.24500000000087,-0.0002636520685306264,0.0002636520685306264,1.0
8.246000000000869,-8.246000000000869,-0.0002633886798507756,0.0002633886798507756,1.0
8.247000000000869,-8.247000000000869,-0.00026312555429647917,0.00026312555429647917,1.0
8.248000000000868,-8.248000000000868,-0.00026286269160487433,0.00026286269160487433,1.0
8.249000000000867,-8.249000000000867,-0.00026260009151336095,0.00026260009151336095,1.0
8.250000000000867,-8.250000000000867,-0.0002623377537596013,0.0002623377537596013,1.0
8.251000000000866,-8.251000000000866,-0.00026207567808151977,0.00026207567808151977,1.0
8.252000000000866,-8.252000000000866,-0.0002618138642173025,0.0002618138642173025,1.0
8.253000000000865,-8.253000000000865,-0.0002615523119053971,0.0002615523119053971,1.0
8.254000000000865,-8.254000000000865,-0.0002612910208845126,0.0002612910208845126,1.0
8.255000000000864,-8.255000000000864,-0.0002610299908936189,0.0002610299908936189,1.0
8.256000000000864,-8.256000000000864,-0.00026076922167194696,0.00026076922167194696,1.0
8.257000000000863,-8.257000000000863,-0.0002605087129589879,0.0002605087129589879,1.0
8.258000000000862,-8.258000000000862,-0.0002602484644944934,0.0002602484644944934,1.0
8.259000000000862,-8.259000000000862,-0.0002599884760184749,0.0002599884760184749,1.0
8.260000000000861,-8.260000000000861,-0.0002597287472712037,0.0002597287472712037,1.0
8.26100000000086,-8.26100000000086,-0.00025946927799321056,0.00025946927799321056,1.0
8.26200000000086,-8.26200000000086,-0.0002592100679252853,0.0002592100679252853,1.0
8.26300000000086,-8.26300000000086,-0.0002589511168084768,0.0002589511168084768,1.0
8.264000000000859,-8.264000000000859,-0.0002586924243840927,0.0002586924243840927,1.0
8.265000000000859,-8.265000000000859,-0.00025843399039369893,0.00025843399039369893,1.0
8.266000000000858,-8.266000000000858,-0.00025817581457911984,0.00025817581457911984,1.0
8.267000000000857,-8.267000000000857,-0.00025791789668243737,0.00025791789668243737,1.0
8.268000000000857,-8.268000000000857,-0.0002576602364459914,0.0002576602364459914,1.0
8.269000000000856,-8.269000000000856,-0.000257402833612379,0.000257402833612379,1.0
8.270000000000856,-8.270000000000856,-0.0002571456879244545,0.0002571456879244545,1.0
8.271000000000855,-8.271000000000855,-0.0002568887991253292,0.0002568887991253292,1.0
8.272000000000855,-8.272000000000855,-0.00025663216695837087,0.00025663216695837087,1.0
8.273000000000854,-8.273000000000854,-0.0002563757911672037,0.0002563757911672037,1.0
8.274000000000854,-8.274000000000854,-0.000256119671495708,0.000256119671495708,1.0
8.275000000000853,-8.275000000000853,-0.0002558638076880199,0.0002558638076880199,1.0
8.276000000000852,-8.276000000000852,-0.00025560819948853143,0.00025560819948853143,1.0
8.277000000000852,-8.277000000000852,-0.00025535284664188955,0.00025535284664188955,1.0
8.278000000000851,-8.278000000000851,-0.0002550977488929966,0.0002550977488929966,1.0
8.27900000000085,-8.27900000000085,-0.0002548429059870096,0.0002548429059870096,1.0
8.28000000000085,-8.28000000000085,-0.00025458831766934025,0.00025458831766934025,1.0
8.28100000000085,-8.28100000000085,-0.00025433398368565456,0.00025433398368565456,1.0
8.28200000000085,-8.28200000000085,-0.0002540799037818727,0.0002540799037818727,1.0
8.283000000000849,-8.283000000000849,-0.0002538260777041685,0.0002538260777041685,1.0
8.284000000000848,-8.284000000000848,-0.00025357250519896955,0.00025357250519896955,1.0
8.285000000000847,-8.285000000000847,-0.00025331918601295656,0.00025331918601295656,1.0
8.286000000000847,-8.286000000000847,-0.0002530661198930635,0.0002530661198930635,1.0
8.287000000000846,-8.287000000000846,-0.00025281330658647697,0.00025281330658647697,1.0
8.288000000000846,-8.288000000000846,-0.00025256074584063636,0.00025256074584063636,1.0
8.289000000000845,-8.289000000000845,-0.0002523084374032331,0.0002523084374032331,1.0
8.290000000000845,-8.290000000000845,-0.0002520563810222109,0.0002520563810222109,1.0
8.291000000000844,-8.291000000000844,-0.00025180457644576515,0.00025180457644576515,1.0
8.292000000000844,-8.292000000000844,-0.0002515530234223428,0.0002515530234223428,1.0
8.293000000000843,-8.293000000000843,-0.0002513017217006422,0.0002513017217006422,1.0
8.294000000000842,-8.294000000000842,-0.00025105067102961263,0.00025105067102961263,1.0
8.295000000000842,-8.295000000000842,-0.0002507998711584542,0.0002507998711584542,1.0
8.296000000000841,-8.296000000000841,-0.0002505493218366176,0.0002505493218366176,1.0
8.29700000000084,-8.29700000000084,-0.0002502990228138038,0.0002502990228138038,1.0
8.29800000000084,-8.29800000000084,-0.00025004897383996386,0.00025004897383996386,1.0
8.29900000000084,-8.29900000000084,-0.0002497991746652986,0.0002497991746652986,1.0
8.30000000000084,-8.30000000000084,-0.00024954962504025827,0.00024954962504025827,1.0
8.301000000000839,-8.301000000000839,-0.00024930032471554275,0.00024930032471554275,1.0
8.302000000000838,-8.302000000000838,-0.00024905127344210064,0.00024905127344210064,1.0
8.303000000000837,-8.303000000000837,-0.0002488024709711295,0.0002488024709711295,1.0
8.304000000000837,-8.304000000000837,-0.0002485539170540754,0.0002485539170540754,1.0
8.305000000000836,-8.305000000000836,-0.0002483056114426328,0.0002483056114426328,1.0
8.306000000000836,-8.306000000000836,-0.000248057553888744,0.000248057553888744,1.0
8.307000000000835,-8.307000000000835,-0.00024780974414459944,0.00024780974414459944,1.0
8.308000000000835,-8.308000000000835,-0.0002475621819626368,0.0002475621819626368,1.0
8.309000000000834,-8.309000000000834,-0.00024731486709554125,0.00024731486709554125,1.0
8.310000000000834,-8.310000000000834,-0.0002470677992962451,0.0002470677992962451,1.0
8.311000000000833,-8.311000000000833,-0.00024682097831792713,0.00024682097831792713,1.0
8.312000000000833,-8.312000000000833,-0.0002465744039140131,0.0002465744039140131,1.0
8.313000000000832,-8.313000000000832,-0.0002463280758381749,0.0002463280758381749,1.0
8.314000000000831,-8.314000000000831,-0.00024608199384433055,0.00024608199384433055,1.0
8.31500000000083,-8.31500000000083,-0.00024583615768664394,0.00024583615768664394,1.0
8.31600000000083,-8.31600000000083,-0.0002455905671195244,0.0002455905671195244,1.0
8.31700000000083,-8.31700000000083,-0.0002453452218976268,0.0002453452218976268,1.0
8.31800000000083,-8.31800000000083,-0.00024510012177585095,0.00024510012177585095,1.0
8.319000000000829,-8.319000000000829,-0.00024485526650934165,0.00024485526650934165,1.0
8.320000000000828,-8.320000000000828,-0.0002446106558534882,0.0002446106558534882,1.0
8.321000000000828,-8.321000000000828,-0.00024436628956392425,0.00024436628956392425,1.0
8.322000000000827,-8.322000000000827,-0.0002441221673965277,0.0002441221673965277,1.0
8.323000000000826,-8.323000000000826,-0.00024387828910742027,0.00024387828910742027,1.0
8.324000000000826,-8.324000000000826,-0.0002436346544529673,0.0002436346544529673,1.0
8.325000000000825,-8.325000000000825,-0.0002433912631897775,0.0002433912631897775,1.0
8.326000000000825,-8.326000000000825,-0.0002431481150747028,0.0002431481150747028,1.0
8.327000000000824,-8.327000000000824,-0.00024290520986483796,0.00024290520986483796,1.0
8.328000000000824,-8.328000000000824,-0.00024266254731752045,0.00024266254731752045,1.0
8.329000000000823,-8.329000000000823,-0.0002424201271903301,0.0002424201271903301,1.0
8.330000000000823,-8.330000000000823,-0.000242177949241089,0.000242177949241089,1.0
8.331000000000822,-8.331000000000822,-0.00024193601322786116,0.00024193601322786116,1.0
8.332000000000821,-8.332000000000821,-0.0002416943189089522,0.0002416943189089522,1.0
8.33300000000082,-8.33300000000082,-0.0002414528660429093,0.0002414528660429093,1.0
8.33400000000082,-8.33400000000082,-0.00024121165438852077,0.00024121165438852077,1.0
8.33500000000082,-8.33500000000082,-0.00024097068370481595,0.00024097068370481595,1.0
8.33600000000082,-8.33600000000082,-0.00024072995375106488,0.00024072995375106488,1.0
8.337000000000819,-8.337000000000819,-0.0002404894642867781,0.0002404894642867781,1.0
8.338000000000818,-8.338000000000818,-0.0002402492150717064,0.0002402492150717064,1.0
8.339000000000818,-8.339000000000818,-0.00024000920586584055,0.00024000920586584055,1.0
8.340000000000817,-8.340000000000817,-0.00023976943642941114,0.00023976943642941114,1.0
8.341000000000816,-8.341000000000816,-0.00023952990652288824,0.00023952990652288824,1.0
8.342000000000816,-8.342000000000816,-0.00023929061590698125,0.00023929061590698125,1.0
8.343000000000815,-8.343000000000815,-0.0002390515643426386,0.0002390515643426386,1.0
8.344000000000815,-8.344000000000815,-0.00023881275159104757,0.00023881275159104757,1.0
8.345000000000814,-8.345000000000814,-0.00023857417741363394,0.00023857417741363394,1.0
8.346000000000814,-8.346000000000814,-0.00023833584157206188,0.00023833584157206188,1.0
8.347000000000813,-8.347000000000813,-0.00023809774382823367,0.00023809774382823367,1.0
8.348000000000813,-8.348000000000813,-0.0002378598839442894,0.0002378598839442894,1.0
8.349000000000812,-8.349000000000812,-0.00023762226168260676,0.00023762226168260676,1.0
8.350000000000811,-8.350000000000811,-0.00023738487680580097,0.00023738487680580097,1.0
8.35100000000081,-8.35100000000081,-0.00023714772907672426,0.00023714772907672426,1.0
8.35200000000081,-8.35200000000081,-0.0002369108182584658,0.0002369108182584658,1.0
8.35300000000081,-8.35300000000081,-0.00023667414411435145,0.00023667414411435145,1.0
8.35400000000081,-8.35400000000081,-0.00023643770640794352,0.00023643770640794352,1.0
8.355000000000809,-8.355000000000809,-0.00023620150490304048,0.00023620150490304048,1.0
8.356000000000808,-8.356000000000808,-0.0002359655393636768,0.0002359655393636768,1.0
8.357000000000808,-8.357000000000808,-0.0002357298095541227,0.0002357298095541227,1.0
8.358000000000807,-8.358000000000807,-0.00023549431523888382,0.00023549431523888382,1.0
8.359000000000806,-8.359000000000806,-0.0002352590561827011,0.0002352590561827011,1.0
8.360000000000806,-8.360000000000806,-0.00023502403215055058,0.00023502403215055058,1.0
8.361000000000805,-8.361000000000805,-0.00023478924290764293,0.00023478924290764293,1.0
8.362000000000805,-8.362000000000805,-0.0002345546882194235,0.0002345546882194235,1.0
8.363000000000804,-8.363000000000804,-0.00023432036785157192,0.00023432036785157192,1.0
8.364000000000804,-8.364000000000804,-0.0002340862815700019,0.0002340862815700019,1.0
8.365000000000803,-8.365000000000803,-0.00023385242914086105,0.00023385242914086105,1.0
8.366000000000803,-8.366000000000803,-0.00023361881033053054,0.00023361881033053054,1.0
8.367000000000802,-8.367000000000802,-0.00023338542490562492,0.00023338542490562492,1.0
8.368000000000801,-8.368000000000801,-0.00023315227263299193,0.00023315227263299193,1.0
8.369000000000801,-8.369000000000801,-0.0002329193532797122,0.0002329193532797122,1.0
8.3700000000008,-8.3700000000008,-0.0002326866666130991,0.0002326866666130991,1.0
8.3710000000008,-8.3710000000008,-0.0002324542124006984,0.0002324542124006984,1.0
8.3720000000008,-8.3720000000008,-0.00023222199041028808,0.00023222199041028808,1.0
8.373000000000799,-8.373000000000799,-0.00023199000040987822,0.00023199000040987822,1.0
8.374000000000798,-8.374000000000798,-0.0002317582421677105,0.0002317582421677105,1.0
8.375000000000798,-8.375000000000798,-0.00023152671545225825,0.00023152671545225825,1.0
8.376000000000797,-8.376000000000797,-0.00023129542003222603,0.00023129542003222603,1.0
8.377000000000796,-8.377000000000796,-0.00023106435567654947,0.00023106435567654947,1.0
8.378000000000796,-8.378000000000796,-0.00023083352215439508,0.00023083352215439508,1.0
8.379000000000795,-8.379000000000795,-0.00023060291923515994,0.00023060291923515994,1.0
8.380000000000795,-8.380000000000795,-0.00023037254668847147,0.00023037254668847147,1.0
8.381000000000794,-8.381000000000794,-0.00023014240428418728,0.00023014240428418728,1.0
8.382000000000794,-8.382000000000794,-0.00022991249179239487,0.00022991249179239487,1.0
8.383000000000793,-8.383000000000793,-0.00022968280898341147,0.00022968280898341147,1.0
8.384000000000793,-8.384000000000793,-0.0002294533556277837,0.0002294533556277837,1.0
8.385000000000792,-8.385000000000792,-0.0002292241314962874,0.0002292241314962874,1.0
8.386000000000791,-8.386000000000791,-0.00022899513635992749,0.00022899513635992749,1.0
8.387000000000791,-8.387000000000791,-0.00022876636998993754,0.00022876636998993754,1.0
8.38800000000079,-8.38800000000079,-0.00022853783215777976,0.00022853783215777976,1.0
8.38900000000079,-8.38900000000079,-0.0002283095226351446,0.0002283095226351446,1.0
8.39000000000079,-8.39000000000079,-0.00022808144119395066,0.00022808144119395066,1.0
8.391000000000789,-8.391000000000789,-0.0002278535876063443,0.0002278535876063443,1.0
8.392000000000788,-8.392000000000788,-0.00022762596164469962,0.00022762596164469962,1.0
8.393000000000788,-8.393000000000788,-0.000227398563081618,0.000227398563081618,1.0
8.394000000000787,-8.394000000000787,-0.00022717139168992808,0.00022717139168992808,1.0
8.395000000000786,-8.395000000000786,-0.0002269444472426854,0.0002269444472426854,1.0
8.396000000000786,-8.396000000000786,-0.00022671772951317223,0.00022671772951317223,1.0
8.397000000000785,-8.397000000000785,-0.00022649123827489734,0.00022649123827489734,1.0
8.398000000000785,-8.398000000000785,-0.00022626497330159576,0.00022626497330159576,1.0
8.399000000000784,-8.399000000000784,-0.00022603893436722852,0.00022603893436722852,1.0
8.400000000000784,-8.400000000000784,-0.00022581312124598255,0.00022581312124598255,1.0
8.401000000000783,-8.401000000000783,-0.00022558753371227028,0.00022558753371227028,1.0
8.402000000000783,-8.402000000000783,-0.00022536217154072957,0.00022536217154072957,1.0
8.403000000000782,-8.403000000000782,-0.00022513703450622335,0.00022513703450622335,1.0
8.404000000000782,-8.404000000000782,-0.00022491212238383952,0.00022491212238383952,1.0
8.405000000000781,-8.405000000000781,-0.00022468743494889062,0.00022468743494889062,1.0
8.40600000000078,-8.40600000000078,-0.0002244629719769137,0.0002244629719769137,1.0
8.40700000000078,-8.40700000000078,-0.00022423873324367005,0.00022423873324367005,1.0
8.40800000000078,-8.40800000000078,-0.0002240147185251449,0.0002240147185251449,1.0
8.409000000000779,-8.409000000000779,-0.00022379092759754733,0.00022379092759754733,1.0
8.410000000000778,-8.410000000000778,-0.00022356736023731002,0.00022356736023731002,1.0
8.411000000000778,-8.411000000000778,-0.00022334401622108895,0.00022334401622108895,1.0
8.412000000000777,-8.412000000000777,-0.00022312089532576317,0.00022312089532576317,1.0
8.413000000000777,-8.413000000000777,-0.0002228979973284347,0.0002228979973284347,1.0
8.414000000000776,-8.414000000000776,-0.00022267532200642828,0.00022267532200642828,1.0
8.415000000000775,-8.415000000000775,-0.000222452869137291,0.000222452869137291,1.0
8.416000000000775,-8.416000000000775,-0.00022223063849879221,0.00022223063849879221,1.0
8.417000000000774,-8.417000000000774,-0.0002220086298689233,0.0002220086298689233,1.0
8.418000000000774,-8.418000000000774,-0.0002217868430258974,0.0002217868430258974,1.0
8.419000000000773,-8.419000000000773,-0.00022156527774814928,0.00022156527774814928,1.0
8.420000000000773,-8.420000000000773,-0.00022134393381433495,0.00022134393381433495,1.0
8.421000000000772,-8.421000000000772,-0.0002211228110033316,0.0002211228110033316,1.0
8.422000000000772,-8.422000000000772,-0.00022090190909423735,0.00022090190909423735,1.0
8.423000000000771,-8.423000000000771,-0.00022068122786637098,0.00022068122786637098,1.0
8.42400000000077,-8.42400000000077,-0.0002204607670992717,0.0002204607670992717,1.0
8.42500000000077,-8.42500000000077,-0.000220240526572699,0.000220240526572699,1.0
8.42600000000077,-8.42600000000077,-0.00022002050606663236,0.00022002050606663236,1.0
8.427000000000769,-8.427000000000769,-0.00021980070536127108,0.00021980070536127108,1.0
8.428000000000768,-8.428000000000768,-0.00021958112423703404,0.00021958112423703404,1.0
8.429000000000768,-8.429000000000768,-0.00021936176247455949,0.00021936176247455949,1.0
8.430000000000767,-8.430000000000767,-0.00021914261985470478,0.00021914261985470478,1.0
8.431000000000767,-8.431000000000767,-0.00021892369615854625,0.00021892369615854625,1.0
8.432000000000766,-8.432000000000766,-0.00021870499116737887,0.00021870499116737887,1.0
8.433000000000765,-8.433000000000765,-0.00021848650466271615,0.00021848650466271615,1.0
8.434000000000765,-8.434000000000765,-0.00021826823642628985,0.00021826823642628985,1.0
8.435000000000764,-8.435000000000764,-0.0002180501862400498,0.0002180501862400498,1.0
8.436000000000764,-8.436000000000764,-0.00021783235388616364,0.00021783235388616364,1.0
8.437000000000763,-8.437000000000763,-0.00021761473914701663,0.00021761473914701663,1.0
8.438000000000763,-8.438000000000763,-0.00021739734180521145,0.00021739734180521145,1.0
8.439000000000762,-8.439000000000762,-0.00021718016164356787,0.00021718016164356787,1.0
8.440000000000762,-8.440000000000762,-0.00021696319844512275,0.00021696319844512275,1.0
8.441000000000761,-8.441000000000761,-0.0002167464519931296,0.0002167464519931296,1.0
8.44200000000076,-8.44200000000076,-0.00021652992207105856,0.00021652992207105856,1.0
8.44300000000076,-8.44300000000076,-0.00021631360846259597,0.00021631360846259597,1.0
8.44400000000076,-8.44400000000076,-0.0002160975109516443,0.0002160975109516443,1.0
8.445000000000759,-8.445000000000759,-0.00021588162932232197,0.00021588162932232197,1.0
8.446000000000758,-8.446000000000758,-0.00021566596335896303,0.00021566596335896303,1.0
8.447000000000758,-8.447000000000758,-0.0002154505128461169,0.0002154505128461169,1.0
8.448000000000757,-8.448000000000757,-0.00021523527756854831,0.00021523527756854831,1.0
8.449000000000757,-8.449000000000757,-0.0002150202573112371,0.0002150202573112371,1.0
8.450000000000756,-8.450000000000756,-0.0002148054518593777,0.0002148054518593777,1.0
8.451000000000755,-8.451000000000755,-0.00021459086099837935,0.00021459086099837935,1.0
8.452000000000755,-8.452000000000755,-0.00021437648451386548,0.00021437648451386548,1.0
8.453000000000754,-8.453000000000754,-0.00021416232219167379,0.00021416232219167379,1.0
8.454000000000754,-8.454000000000754,-0.00021394837381785592,0.00021394837381785592,1.0
8.455000000000753,-8.455000000000753,-0.00021373463917867725,0.00021373463917867725,1.0
8.456000000000753,-8.456000000000753,-0.00021352111806061664,0.00021352111806061664,1.0
8.457000000000752,-8.457000000000752,-0.0002133078102503663,0.0002133078102503663,1.0
8.458000000000752,-8.458000000000752,-0.00021309471553483146,0.00021309471553483146,1.0
8.459000000000751,-8.459000000000751,-0.00021288183370113037,0.00021288183370113037,1.0
8.46000000000075,-8.46000000000075,-0.00021266916453659376,0.00021266916453659376,1.0
8.46100000000075,-8.46100000000075,-0.000212456707828765,0.000212456707828765,1.0
8.46200000000075,-8.46200000000075,-0.0002122444633653996,0.0002122444633653996,1.0
8.463000000000749,-8.463000000000749,-0.00021203243093446513,0.00021203243093446513,1.0
8.464000000000748,-8.464000000000748,-0.000211820610324141,0.000211820610324141,1.0
8.465000000000748,-8.465000000000748,-0.00021160900132281818,0.00021160900132281818,1.0
8.466000000000747,-8.466000000000747,-0.0002113976037190991,0.0002113976037190991,1.0
8.467000000000747,-8.467000000000747,-0.0002111864173017973,0.0002111864173017973,1.0
8.468000000000746,-8.468000000000746,-0.00021097544185993736,0.00021097544185993736,1.0
8.469000000000745,-8.469000000000745,-0.00021076467718275462,0.00021076467718275462,1.0
8.470000000000745,-8.470000000000745,-0.0002105541230596949,0.0002105541230596949,1.0
8.471000000000744,-8.471000000000744,-0.00021034377928041446,0.00021034377928041446,1.0
8.472000000000744,-8.472000000000744,-0.0002101336456347797,0.0002101336456347797,1.0
8.473000000000743,-8.473000000000743,-0.00020992372191286682,0.00020992372191286682,1.0
8.474000000000743,-8.474000000000743,-0.00020971400790496187,0.00020971400790496187,1.0
8.475000000000742,-8.475000000000742,-0.00020950450340156032,0.00020950450340156032,1.0
8.476000000000742,-8.476000000000742,-0.00020929520819336695,0.00020929520819336695,1.0
8.477000000000741,-8.477000000000741,-0.00020908612207129565,0.00020908612207129565,1.0
8.47800000000074,-8.47800000000074,-0.00020887724482646918,0.00020887724482646918,1.0
8.47900000000074,-8.47900000000074,-0.00020866857625021897,0.00020866857625021897,1.0
8.48000000000074,-8.48000000000074,-0.0002084601161340849,0.0002084601161340849,1.0
8.481000000000739,-8.481000000000739,-0.0002082518642698151,0.0002082518642698151,1.0
8.482000000000738,-8.482000000000738,-0.0002080438204493657,0.0002080438204493657,1.0
8.483000000000738,-8.483000000000738,-0.00020783598446490084,0.00020783598446490084,1.0
8.484000000000737,-8.484000000000737,-0.00020762835610879204,0.00020762835610879204,1.0
8.485000000000737,-8.485000000000737,-0.00020742093517361844,0.00020742093517361844,1.0
8.486000000000736,-8.486000000000736,-0.00020721372145216627,0.00020721372145216627,1.0
8.487000000000736,-8.487000000000736,-0.00020700671473742883,0.00020700671473742883,1.0
8.488000000000735,-8.488000000000735,-0.00020679991482260626,0.00020679991482260626,1.0
8.489000000000734,-8.489000000000734,-0.00020659332150110512,0.00020659332150110512,1.0
8.490000000000734,-8.490000000000734,-0.0002063869345665386,0.0002063869345665386,1.0
8.491000000000733,-8.491000000000733,-0.00020618075381272587,0.00020618075381272587,1.0
8.492000000000733,-8.492000000000733,-0.0002059747790336922,0.0002059747790336922,1.0
8.493000000000732,-8.493000000000732,-0.00020576901002366854,0.00020576901002366854,1.0
8.494000000000732,-8.494000000000732,-0.00020556344657709147,0.00020556344657709147,1.0
8.495000000000731,-8.495000000000731,-0.00020535808848860283,0.00020535808848860283,1.0
8.49600000000073,-8.49600000000073,-0.00020515293555304977,0.00020515293555304977,1.0
8.49700000000073,-8.49700000000073,-0.0002049479875654843,0.0002049479875654843,1.0
8.49800000000073,-8.49800000000073,-0.00020474324432116314,0.00020474324432116314,1.0
8.499000000000729,-8.499000000000729,-0.00020453870561554759,0.00020453870561554759,1.0
8.500000000000728,-8.500000000000728,-0.00020433437124430328,0.00020433437124430328,1.0
8.501000000000728,-8.501000000000728,-0.00020413024100329998,0.00020413024100329998,1.0
8.502000000000727,-8.502000000000727,-0.00020392631468861135,0.00020392631468861135,1.0
8.503000000000727,-8.503000000000727,-0.00020372259209651484,0.00020372259209651484,1.0
8.504000000000726,-8.504000000000726,-0.00020351907302349135,0.00020351907302349135,1.0
8.505000000000726,-8.505000000000726,-0.00020331575726622512,0.00020331575726622512,1.0
8.506000000000725,-8.506000000000725,-0.0002031126446216035,0.0002031126446216035,1.0
8.507000000000724,-8.507000000000724,-0.00020290973488671678,0.00020290973488671678,1.0
8.508000000000724,-8.508000000000724,-0.0002027070278588579,0.0002027070278588579,1.0
8.509000000000723,-8.509000000000723,-0.00020250452333552238,0.00020250452333552238,1.0
8.510000000000723,-8.510000000000723,-0.00020230222111440797,0.00020230222111440797,1.0
8.511000000000722,-8.511000000000722,-0.00020210012099341454,0.00020210012099341454,1.0
8.512000000000722,-8.512000000000722,-0.0002018982227706439,0.0002018982227706439,1.0
8.513000000000721,-8.513000000000721,-0.00020169652624439947,0.00020169652624439947,1.0
8.51400000000072,-8.51400000000072,-0.0002014950312131863,0.0002014950312131863,1.0
8.51500000000072,-8.51500000000072,-0.00020129373747571058,0.00020129373747571058,1.0
8.51600000000072,-8.51600000000072,-0.0002010926448308797,0.0002010926448308797,1.0
8.517000000000719,-8.517000000000719,-0.0002008917530778019,0.0002008917530778019,1.0
8.518000000000718,-8.518000000000718,-0.00020069106201578614,0.00020069106201578614,1.0
8.519000000000718,-8.519000000000718,-0.0002004905714443418,0.0002004905714443418,1.0
8.520000000000717,-8.520000000000717,-0.00020029028116317862,0.00020029028116317862,1.0
8.521000000000717,-8.521000000000717,-0.00020009019097220644,0.00020009019097220644,1.0
8.522000000000716,-8.522000000000716,-0.0001998903006715349,0.0001998903006715349,1.0
8.523000000000716,-8.523000000000716,-0.00019969061006147343,0.00019969061006147343,1.0
8.524000000000715,-8.524000000000715,-0.0001994911189425309,0.0001994911189425309,1.0
8.525000000000714,-8.525000000000714,-0.00019929182711541548,0.00019929182711541548,1.0
8.526000000000714,-8.526000000000714,-0.00019909273438103442,0.00019909273438103442,1.0
8.527000000000713,-8.527000000000713,-0.00019889384054049393,0.00019889384054049393,1.0
8.528000000000713,-8.528000000000713,-0.00019869514539509885,0.00019869514539509885,1.0
8.529000000000712,-8.529000000000712,-0.0001984966487463525,0.0001984966487463525,1.0
8.530000000000712,-8.530000000000712,-0.00019829835039595654,0.00019829835039595654,1.0
8.531000000000711,-8.531000000000711,-0.00019810025014581074,0.00019810025014581074,1.0
8.53200000000071,-8.53200000000071,-0.00019790234779801274,0.00019790234779801274,1.0
8.53300000000071,-8.53300000000071,-0.00019770464315485787,0.00019770464315485787,1.0
8.53400000000071,-8.53400000000071,-0.00019750713601883905,0.00019750713601883905,1.0
8.535000000000709,-8.535000000000709,-0.0001973098261926464,0.0001973098261926464,1.0
8.536000000000708,-8.536000000000708,-0.00019711271347916723,0.00019711271347916723,1.0
8.537000000000708,-8.537000000000708,-0.00019691579768148573,0.00019691579768148573,1.0
8.538000000000707,-8.538000000000707,-0.00019671907860288287,0.00019671907860288287,1.0
8.539000000000707,-8.539000000000707,-0.00019652255604683602,0.00019652255604683602,1.0
8.540000000000706,-8.540000000000706,-0.00019632622981701902,0.00019632622981701902,1.0
8.541000000000706,-8.541000000000706,-0.00019613009971730172,0.00019613009971730172,1.0
8.542000000000705,-8.542000000000705,-0.00019593416555174997,0.00019593416555174997,1.0
8.543000000000704,-8.543000000000704,-0.00019573842712462537,0.00019573842712462537,1.0
8.544000000000704,-8.544000000000704,-0.00019554288424038498,0.00019554288424038498,1.0
8.545000000000703,-8.545000000000703,-0.0001953475367036813,0.0001953475367036813,1.0
8.546000000000703,-8.546000000000703,-0.00019515238431936193,0.00019515238431936193,1.0
8.547000000000702,-8.547000000000702,-0.00019495742689246948,0.00019495742689246948,1.0
8.548000000000702,-8.548000000000702,-0.00019476266422824125,0.00019476266422824125,1.0
8.549000000000701,-8.549000000000701,-0.00019456809613210913,0.00019456809613210913,1.0
8.5500000000007,-8.5500000000007,-0.00019437372240969943,0.00019437372240969943,1.0
8.5510000000007,-8.5510000000007,-0.0001941795428668326,0.0001941795428668326,1.0
8.5520000000007,-8.5520000000007,-0.00019398555730952308,0.00019398555730952308,1.0
8.553000000000699,-8.553000000000699,-0.0001937917655439791,0.0001937917655439791,1.0
8.554000000000698,-8.554000000000698,-0.0001935981673766025,0.0001935981673766025,1.0
8.555000000000698,-8.555000000000698,-0.00019340476261398853,0.00019340476261398853,1.0
8.556000000000697,-8.556000000000697,-0.00019321155106292561,0.00019321155106292561,1.0
8.557000000000697,-8.557000000000697,-0.0001930185325303952,0.0001930185325303952,1.0
8.558000000000696,-8.558000000000696,-0.00019282570682357163,0.00019282570682357163,1.0
8.559000000000696,-8.559000000000696,-0.0001926330737498218,0.0001926330737498218,1.0
8.560000000000695,-8.560000000000695,-0.00019244063311670508,0.00019244063311670508,1.0
8.561000000000694,-8.561000000000694,-0.00019224838473197312,0.00019224838473197312,1.0
8.562000000000694,-8.562000000000694,-0.00019205632840356955,0.00019205632840356955,1.0
8.563000000000693,-8.563000000000693,-0.00019186446393962994,0.00019186446393962994,1.0
8.564000000000693,-8.564000000000693,-0.00019167279114848146,0.00019167279114848146,1.0
8.565000000000692,-8.565000000000692,-0.00019148130983864285,0.00019148130983864285,1.0
8.566000000000692,-8.566000000000692,-0.00019129001981882404,0.00019129001981882404,1.0
8.567000000000691,-8.567000000000691,-0.00019109892089792612,0.00019109892089792612,1.0
8.56800000000069,-8.56800000000069,-0.00019090801288504107,0.00019090801288504107,1.0
8.56900000000069,-8.56900000000069,-0.0001907172955894516,0.0001907172955894516,1.0
8.57000000000069,-8.57000000000069,-0.00019052676882063096,0.00019052676882063096,1.0
8.571000000000689,-8.571000000000689,-0.0001903364323882427,0.0001903364323882427,1.0
8.572000000000688,-8.572000000000688,-0.00019014628610214057,0.00019014628610214057,1.0
8.573000000000688,-8.573000000000688,-0.0001899563297723682,0.0001899563297723682,1.0
8.574000000000687,-8.574000000000687,-0.00018976656320915904,0.00018976656320915904,1.0
8.575000000000687,-8.575000000000687,-0.00018957698622293608,0.00018957698622293608,1.0
8.576000000000686,-8.576000000000686,-0.00018938759862431178,0.00018938759862431178,1.0
8.577000000000686,-8.577000000000686,-0.0001891984002240877,0.0001891984002240877,1.0
8.578000000000685,-8.578000000000685,-0.00018900939083325442,0.00018900939083325442,1.0
8.579000000000685,-8.579000000000685,-0.00018882057026299145,0.00018882057026299145,1.0
8.580000000000684,-8.580000000000684,-0.0001886319383246668,0.0001886319383246668,1.0
8.581000000000683,-8.581000000000683,-0.00018844349482983696,0.00018844349482983696,1.0
8.582000000000683,-8.582000000000683,-0.0001882552395902467,0.0001882552395902467,1.0
8.583000000000682,-8.583000000000682,-0.00018806717241782886,0.00018806717241782886,1.0
8.584000000000682,-8.584000000000682,-0.00018787929312470418,0.00018787929312470418,1.0
8.585000000000681,-8.585000000000681,-0.000187691601523181,0.000187691601523181,1.0
8.58600000000068,-8.58600000000068,-0.00018750409742575522,0.00018750409742575522,1.0
8.58700000000068,-8.58700000000068,-0.00018731678064511014,0.00018731678064511014,1.0
8.58800000000068,-8.58800000000068,-0.000187129650994116,0.000187129650994116,1.0
8.589000000000679,-8.589000000000679,-0.0001869427082858302,0.0001869427082858302,1.0
8.590000000000678,-8.590000000000678,-0.00018675595233349669,0.00018675595233349669,1.0
8.591000000000678,-8.591000000000678,-0.00018656938295054612,0.00018656938295054612,1.0
8.592000000000677,-8.592000000000677,-0.00018638299995059552,0.00018638299995059552,1.0
8.593000000000677,-8.593000000000677,-0.0001861968031474481,0.0001861968031474481,1.0
8.594000000000676,-8.594000000000676,-0.00018601079235509299,0.00018601079235509299,1.0
8.595000000000676,-8.595000000000676,-0.00018582496738770525,0.00018582496738770525,1.0
8.596000000000675,-8.596000000000675,-0.00018563932805964564,0.00018563932805964564,1.0
8.597000000000675,-8.597000000000675,-0.00018545387418546016,0.00018545387418546016,1.0
8.598000000000674,-8.598000000000674,-0.00018526860557988028,0.00018526860557988028,1.0
8.599000000000673,-8.599000000000673,-0.00018508352205782246,0.00018508352205782246,1.0
8.600000000000673,-8.600000000000673,-0.0001848986234343881,0.0001848986234343881,1.0
8.601000000000672,-8.601000000000672,-0.00018471390952486323,0.00018471390952486323,1.0
8.602000000000672,-8.602000000000672,-0.0001845293801447185,0.0001845293801447185,1.0
8.603000000000671,-8.603000000000671,-0.00018434503510960892,0.00018434503510960892,1.0
8.60400000000067,-8.60400000000067,-0.00018416087423537352,0.00018416087423537352,1.0
8.60500000000067,-8.60500000000067,-0.0001839768973380355,0.0001839768973380355,1.0
8.60600000000067,-8.60600000000067,-0.0001837931042338017,0.0001837931042338017,1.0
8.607000000000669,-8.607000000000669,-0.00018360949473906265,0.00018360949473906265,1.0
8.608000000000668,-8.608000000000668,-0.00018342606867039225,0.00018342606867039225,1.0
8.609000000000668,-8.609000000000668,-0.00018324282584454771,0.00018324282584454771,1.0
8.610000000000667,-8.610000000000667,-0.00018305976607846923,0.00018305976607846923,1.0
8.611000000000667,-8.611000000000667,-0.00018287688918927996,0.00018287688918927996,1.0
8.612000000000666,-8.612000000000666,-0.00018269419499428565,0.00018269419499428565,1.0
8.613000000000666,-8.613000000000666,-0.00018251168331097467,0.00018251168331097467,1.0
8.614000000000665,-8.614000000000665,-0.00018232935395701765,0.00018232935395701765,1.0
8.615000000000665,-8.615000000000665,-0.00018214720675026737,0.00018214720675026737,1.0
8.616000000000664,-8.616000000000664,-0.00018196524150875863,0.00018196524150875863,1.0
8.617000000000663,-8.617000000000663,-0.0001817834580507079,0.0001817834580507079,1.0
8.618000000000663,-8.618000000000663,-0.00018160185619451338,0.00018160185619451338,1.0
8.619000000000662,-8.619000000000662,-0.00018142043575875464,0.00018142043575875464,1.0
8.620000000000662,-8.620000000000662,-0.00018123919656219247,0.00018123919656219247,1.0
8.621000000000661,-8.621000000000661,-0.00018105813842376868,0.00018105813842376868,1.0
8.62200000000066,-8.62200000000066,-0.0001808772611626061,0.0001808772611626061,1.0
8.62300000000066,-8.62300000000066,-0.0001806965645980081,0.0001806965645980081,1.0
8.62400000000066,-8.62400000000066,-0.00018051604854945865,0.00018051604854945865,1.0
8.625000000000659,-8.625000000000659,-0.00018033571283662203,0.00018033571283662203,1.0
8.626000000000658,-8.626000000000658,-0.0001801555572793427,0.0001801555572793427,1.0
8.627000000000658,-8.627000000000658,-0.00017997558169764505,0.00017997558169764505,1.0
8.628000000000657,-8.628000000000657,-0.0001797957859117333,0.0001797957859117333,1.0
8.629000000000657,-8.629000000000657,-0.00017961616974199133,0.00017961616974199133,1.0
8.630000000000656,-8.630000000000656,-0.0001794367330089823,0.0001794367330089823,1.0
8.631000000000656,-8.631000000000656,-0.00017925747553344888,0.00017925747553344888,1.0
8.632000000000655,-8.632000000000655,-0.00017907839713631255,0.00017907839713631255,1.0
8.633000000000655,-8.633000000000655,-0.00017889949763867386,0.00017889949763867386,1.0
8.634000000000654,-8.634000000000654,-0.00017872077686181205,0.00017872077686181205,1.0
8.635000000000653,-8.635000000000653,-0.00017854223462718485,0.00017854223462718485,1.0
8.636000000000653,-8.636000000000653,-0.0001783638707564284,0.0001783638707564284,1.0
8.637000000000652,-8.637000000000652,-0.00017818568507135704,0.00017818568507135704,1.0
8.638000000000652,-8.638000000000652,-0.0001780076773939631,0.0001780076773939631,1.0
8.639000000000651,-8.639000000000651,-0.00017782984754641668,0.00017782984754641668,1.0
8.64000000000065,-8.64000000000065,-0.0001776521953510656,0.0001776521953510656,1.0
8.64100000000065,-8.64100000000065,-0.00017747472063043516,0.00017747472063043516,1.0
8.64200000000065,-8.64200000000065,-0.00017729742320722795,0.00017729742320722795,1.0
8.643000000000649,-8.643000000000649,-0.00017712030290432362,0.00017712030290432362,1.0
8.644000000000648,-8.644000000000648,-0.00017694335954477884,0.00017694335954477884,1.0
8.645000000000648,-8.645000000000648,-0.00017676659295182698,0.00017676659295182698,1.0
8.646000000000647,-8.646000000000647,-0.0001765900029488781,0.0001765900029488781,1.0
8.647000000000647,-8.647000000000647,-0.00017641358935951862,0.00017641358935951862,1.0
8.648000000000646,-8.648000000000646,-0.0001762373520075111,0.0001762373520075111,1.0
8.649000000000646,-8.649000000000646,-0.00017606129071679431,0.00017606129071679431,1.0
8.650000000000645,-8.650000000000645,-0.00017588540531148284,0.00017588540531148284,1.0
8.651000000000645,-8.651000000000645,-0.00017570969561586696,0.00017570969561586696,1.0
8.652000000000644,-8.652000000000644,-0.00017553416145441256,0.00017553416145441256,1.0
8.653000000000644,-8.653000000000644,-0.0001753588026517608,0.0001753588026517608,1.0
8.654000000000643,-8.654000000000643,-0.00017518361903272808,0.00017518361903272808,1.0
8.655000000000642,-8.655000000000642,-0.00017500861042230576,0.00017500861042230576,1.0
8.656000000000642,-8.656000000000642,-0.0001748337766456601,0.0001748337766456601,1.0
8.657000000000641,-8.657000000000641,-0.00017465911752813197,0.00017465911752813197,1.0
8.65800000000064,-8.65800000000064,-0.00017448463289523674,0.00017448463289523674,1.0
8.65900000000064,-8.65900000000064,-0.00017431032257266409,0.00017431032257266409,1.0
8.66000000000064,-8.66000000000064,-0.0001741361863862778,0.0001741361863862778,1.0
8.661000000000639,-8.661000000000639,-0.00017396222416211568,0.00017396222416211568,1.0
8.662000000000639,-8.662000000000639,-0.0001737884357263893,0.0001737884357263893,1.0
8.663000000000638,-8.663000000000638,-0.0001736148209054838,0.0001736148209054838,1.0
8.664000000000637,-8.664000000000637,-0.00017344137952595784,0.00017344137952595784,1.0
8.665000000000637,-8.665000000000637,-0.00017326811141454328,0.00017326811141454328,1.0
8.666000000000636,-8.666000000000636,-0.00017309501639814514,0.00017309501639814514,1.0
8.667000000000636,-8.667000000000636,-0.0001729220943038413,0.0001729220943038413,1.0
8.668000000000635,-8.668000000000635,-0.0001727493449588824,0.0001727493449588824,1.0
8.669000000000635,-8.669000000000635,-0.00017257676819069172,0.00017257676819069172,1.0
8.670000000000634,-8.670000000000634,-0.00017240436382686485,0.00017240436382686485,1.0
8.671000000000634,-8.671000000000634,-0.0001722321316951697,0.0001722321316951697,1.0
8.672000000000633,-8.672000000000633,-0.00017206007162354613,0.00017206007162354613,1.0
8.673000000000632,-8.673000000000632,-0.00017188818344010602,0.00017188818344010602,1.0
8.674000000000632,-8.674000000000632,-0.00017171646697313289,0.00017171646697313289,1.0
8.675000000000631,-8.675000000000631,-0.00017154492205108182,0.00017154492205108182,1.0
8.67600000000063,-8.67600000000063,-0.00017137354850257924,0.00017137354850257924,1.0
8.67700000000063,-8.67700000000063,-0.00017120234615642283,0.00017120234615642283,1.0
8.67800000000063,-8.67800000000063,-0.00017103131484158123,0.00017103131484158123,1.0
8.679000000000629,-8.679000000000629,-0.00017086045438719405,0.00017086045438719405,1.0
8.680000000000629,-8.680000000000629,-0.00017068976462257147,0.00017068976462257147,1.0
8.681000000000628,-8.681000000000628,-0.00017051924537719428,0.00017051924537719428,1.0
8.682000000000627,-8.682000000000627,-0.00017034889648071355,0.00017034889648071355,1.0
8.683000000000627,-8.683000000000627,-0.0001701787177629506,0.0001701787177629506,1.0
8.684000000000626,-8.684000000000626,-0.0001700087090538967,0.0001700087090538967,1.0
8.685000000000626,-8.685000000000626,-0.000169838870183713,0.000169838870183713,1.0
8.686000000000625,-8.686000000000625,-0.00016966920098273025,0.00016966920098273025,1.0
8.687000000000625,-8.687000000000625,-0.0001694997012814488,0.0001694997012814488,1.0
8.688000000000624,-8.688000000000624,-0.00016933037091053827,0.00016933037091053827,1.0
8.689000000000624,-8.689000000000624,-0.00016916120970083745,0.00016916120970083745,1.0
8.690000000000623,-8.690000000000623,-0.00016899221748335408,0.00016899221748335408,1.0
8.691000000000622,-8.691000000000622,-0.00016882339408926482,0.00016882339408926482,1.0
8.692000000000622,-8.692000000000622,-0.00016865473934991488,0.00016865473934991488,1.0
8.693000000000621,-8.693000000000621,-0.00016848625309681808,0.00016848625309681808,1.0
8.69400000000062,-8.69400000000062,-0.0001683179351616564,0.0001683179351616564,1.0
8.69500000000062,-8.69500000000062,-0.00016814978537628016,0.00016814978537628016,1.0
8.69600000000062,-8.69600000000062,-0.00016798180357270744,0.00016798180357270744,1.0
8.69700000000062,-8.69700000000062,-0.00016781398958312432,0.00016781398958312432,1.0
8.698000000000619,-8.698000000000619,-0.00016764634323988443,0.00016764634323988443,1.0
8.699000000000618,-8.699000000000618,-0.0001674788643755089,0.0001674788643755089,1.0
8.700000000000617,-8.700000000000617,-0.0001673115528226862,0.0001673115528226862,1.0
8.701000000000617,-8.701000000000617,-0.00016714440841427195,0.00016714440841427195,1.0
8.702000000000616,-8.702000000000616,-0.00016697743098328865,0.00016697743098328865,1.0
8.703000000000616,-8.703000000000616,-0.0001668106203629257,0.0001668106203629257,1.0
8.704000000000615,-8.704000000000615,-0.00016664397638653918,0.00016664397638653918,1.0
8.705000000000615,-8.705000000000615,-0.0001664774988876515,0.0001664774988876515,1.0
8.706000000000614,-8.706000000000614,-0.00016631118769995157,0.00016631118769995157,1.0
8.707000000000614,-8.707000000000614,-0.00016614504265729426,0.00016614504265729426,1.0
8.708000000000613,-8.708000000000613,-0.00016597906359370055,0.00016597906359370055,1.0
8.709000000000612,-8.709000000000612,-0.00016581325034335722,0.00016581325034335722,1.0
8.710000000000612,-8.710000000000612,-0.00016564760274061658,0.00016564760274061658,1.0
8.711000000000611,-8.711000000000611,-0.00016548212061999657,0.00016548212061999657,1.0
8.71200000000061,-8.71200000000061,-0.00016531680381618038,0.00016531680381618038,1.0
8.71300000000061,-8.71300000000061,-0.00016515165216401639,0.00016515165216401639,1.0
8.71400000000061,-8.71400000000061,-0.00016498666549851786,0.00016498666549851786,1.0
8.71500000000061,-8.71500000000061,-0.000164821843654863,0.000164821843654863,1.0
8.716000000000609,-8.716000000000609,-0.00016465718646839462,0.00016465718646839462,1.0
8.717000000000608,-8.717000000000608,-0.00016449269377462,0.00016449269377462,1.0
8.718000000000607,-8.718000000000607,-0.00016432836540921077,0.00016432836540921077,1.0
8.719000000000607,-8.719000000000607,-0.00016416420120800277,0.00016416420120800277,1.0
8.720000000000606,-8.720000000000606,-0.00016400020100699577,0.00016400020100699577,1.0
8.721000000000606,-8.721000000000606,-0.00016383636464235342,0.00016383636464235342,1.0
8.722000000000605,-8.722000000000605,-0.000163672691950403,0.000163672691950403,1.0
8.723000000000605,-8.723000000000605,-0.00016350918276763536,0.00016350918276763536,1.0
8.724000000000604,-8.724000000000604,-0.00016334583693070466,0.00016334583693070466,1.0
8.725000000000604,-8.725000000000604,-0.0001631826542764282,0.0001631826542764282,1.0
8.726000000000603,-8.726000000000603,-0.0001630196346417864,0.0001630196346417864,1.0
8.727000000000602,-8.727000000000602,-0.0001628567778639225,0.0001628567778639225,1.0
8.728000000000602,-8.728000000000602,-0.00016269408378014234,0.00016269408378014234,1.0
8.729000000000601,-8.729000000000601,-0.00016253155222791443,0.00016253155222791443,1.0
8.7300000000006,-8.7300000000006,-0.00016236918304486956,0.00016236918304486956,1.0
8.7310000000006,-8.7310000000006,-0.00016220697606880076,0.00016220697606880076,1.0
8.7320000000006,-8.7320000000006,-0.0001620449311376631,0.0001620449311376631,1.0
8.7330000000006,-8.7330000000006,-0.00016188304808957354,0.00016188304808957354,1.0
8.734000000000599,-8.734000000000599,-0.00016172132676281074,0.00016172132676281074,1.0
8.735000000000598,-8.735000000000598,-0.0001615597669958149,0.0001615597669958149,1.0
8.736000000000598,-8.736000000000598,-0.0001613983686271877,0.0001613983686271877,1.0
8.737000000000597,-8.737000000000597,-0.000161237131495692,0.000161237131495692,1.0
8.738000000000596,-8.738000000000596,-0.00016107605544025177,0.00016107605544025177,1.0
8.739000000000596,-8.739000000000596,-0.00016091514029995183,0.00016091514029995183,1.0
8.740000000000595,-8.740000000000595,-0.0001607543859140378,0.0001607543859140378,1.0
8.741000000000595,-8.741000000000595,-0.00016059379212191586,0.00016059379212191586,1.0
8.742000000000594,-8.742000000000594,-0.0001604333587631527,0.0001604333587631527,1.0
8.743000000000594,-8.743000000000594,-0.00016027308567747523,0.00016027308567747523,1.0
8.744000000000593,-8.744000000000593,-0.00016011297270477048,0.00016011297270477048,1.0
8.745000000000593,-8.745000000000593,-0.0001599530196850854,0.0001599530196850854,1.0
8.746000000000592,-8.746000000000592,-0.00015979322645862676,0.00015979322645862676,1.0
8.747000000000591,-8.747000000000591,-0.000159633592865761,0.000159633592865761,1.0
8.74800000000059,-8.74800000000059,-0.00015947411874701396,0.00015947411874701396,1.0
8.74900000000059,-8.74900000000059,-0.0001593148039430709,0.0001593148039430709,1.0
8.75000000000059,-8.75000000000059,-0.00015915564829477611,0.00015915564829477611,1.0
8.75100000000059,-8.75100000000059,-0.000158996651643133,0.000158996651643133,1.0
8.752000000000589,-8.752000000000589,-0.0001588378138293037,0.0001588378138293037,1.0
8.753000000000588,-8.753000000000588,-0.0001586791346946091,0.0001586791346946091,1.0
8.754000000000588,-8.754000000000588,-0.00015852061408052855,0.00015852061408052855,1.0
8.755000000000587,-8.755000000000587,-0.00015836225182869985,0.00015836225182869985,1.0
8.756000000000586,-8.756000000000586,-0.00015820404778091893,0.00015820404778091893,1.0
8.757000000000586,-8.757000000000586,-0.0001580460017791398,0.0001580460017791398,1.0
8.758000000000585,-8.758000000000585,-0.00015788811366547432,0.00015788811366547432,1.0
8.759000000000585,-8.759000000000585,-0.00015773038328219214,0.00015773038328219214,1.0
8.760000000000584,-8.760000000000584,-0.00015757281047172042,0.00015757281047172042,1.0
8.761000000000584,-8.761000000000584,-0.0001574153950766438,0.0001574153950766438,1.0
8.762000000000583,-8.762000000000583,-0.00015725813693970406,0.00015725813693970406,1.0
8.763000000000583,-8.763000000000583,-0.00015710103590380026,0.00015710103590380026,1.0
8.764000000000582,-8.764000000000582,-0.00015694409181198828,0.00015694409181198828,1.0
8.765000000000581,-8.765000000000581,-0.00015678730450748078,0.00015678730450748078,1.0
8.76600000000058,-8.76600000000058,-0.00015663067383364713,0.00015663067383364713,1.0
8.76700000000058,-8.76700000000058,-0.00015647419963401313,0.00015647419963401313,1.0
8.76800000000058,-8.76800000000058,-0.00015631788175226086,0.00015631788175226086,1.0
8.76900000000058,-8.76900000000058,-0.00015616172003222865,0.00015616172003222865,1.0
8.770000000000579,-8.770000000000579,-0.00015600571431791072,0.00015600571431791072,1.0
8.771000000000578,-8.771000000000578,-0.00015584986445345728,0.00015584986445345728,1.0
8.772000000000578,-8.772000000000578,-0.00015569417028317412,0.00015569417028317412,1.0
8.773000000000577,-8.773000000000577,-0.0001555386316515226,0.0001555386316515226,1.0
8.774000000000576,-8.774000000000576,-0.0001553832484031195,0.0001553832484031195,1.0
8.775000000000576,-8.775000000000576,-0.00015522802038273674,0.00015522802038273674,1.0
8.776000000000575,-8.776000000000575,-0.00015507294743530146,0.00015507294743530146,1.0
8.777000000000575,-8.777000000000575,-0.00015491802940589556,0.00015491802940589556,1.0
8.778000000000574,-8.778000000000574,-0.0001547632661397558,0.0001547632661397558,1.0
8.779000000000574,-8.779000000000574,-0.00015460865748227352,0.00015460865748227352,1.0
8.780000000000573,-8.780000000000573,-0.00015445420327899454,0.00015445420327899454,1.0
8.781000000000573,-8.781000000000573,-0.00015429990337561893,0.00015429990337561893,1.0
8.782000000000572,-8.782000000000572,-0.00015414575761800095,0.00015414575761800095,1.0
8.783000000000571,-8.783000000000571,-0.00015399176585214878,0.00015399176585214878,1.0
8.784000000000571,-8.784000000000571,-0.00015383792792422456,0.00015383792792422456,1.0
8.78500000000057,-8.78500000000057,-0.00015368424368054402,0.00015368424368054402,1.0
8.78600000000057,-8.78600000000057,-0.00015353071296757645,0.00015353071296757645,1.0
8.78700000000057,-8.78700000000057,-0.0001533773356319445,0.0001533773356319445,1.0
8.788000000000569,-8.788000000000569,-0.00015322411152042406,0.00015322411152042406,1.0
8.789000000000568,-8.789000000000568,-0.00015307104047994412,0.00015307104047994412,1.0
8.790000000000568,-8.790000000000568,-0.00015291812235758653,0.00015291812235758653,1.0
8.791000000000567,-8.791000000000567,-0.00015276535700058596,0.00015276535700058596,1.0
8.792000000000566,-8.792000000000566,-0.00015261274425632963,0.00015261274425632963,1.0
8.793000000000566,-8.793000000000566,-0.00015246028397235728,0.00015246028397235728,1.0
8.794000000000565,-8.794000000000565,-0.00015230797599636092,0.00015230797599636092,1.0
8.795000000000565,-8.795000000000565,-0.00015215582017618474,0.00015215582017618474,1.0
8.796000000000564,-8.796000000000564,-0.0001520038163598249,0.0001520038163598249,1.0
8.797000000000564,-8.797000000000564,-0.00015185196439542947,0.00015185196439542947,1.0
8.798000000000563,-8.798000000000563,-0.0001517002641312982,0.0001517002641312982,1.0
8.799000000000563,-8.799000000000563,-0.00015154871541588232,0.00015154871541588232,1.0
8.800000000000562,-8.800000000000562,-0.00015139731809778452,0.00015139731809778452,1.0
8.801000000000561,-8.801000000000561,-0.00015124607202575877,0.00015124607202575877,1.0
8.802000000000561,-8.802000000000561,-0.00015109497704871006,0.00015109497704871006,1.0
8.80300000000056,-8.80300000000056,-0.00015094403301569437,0.00015094403301569437,1.0
8.80400000000056,-8.80400000000056,-0.00015079323977591844,0.00015079323977591844,1.0
8.80500000000056,-8.80500000000056,-0.00015064259717873968,0.00015064259717873968,1.0
8.806000000000559,-8.806000000000559,-0.00015049210507366603,0.00015049210507366603,1.0
8.807000000000558,-8.807000000000558,-0.0001503417633103557,0.0001503417633103557,1.0
8.808000000000558,-8.808000000000558,-0.00015019157173861707,0.00015019157173861707,1.0
8.809000000000557,-8.809000000000557,-0.00015004153020840868,0.00015004153020840868,1.0
8.810000000000556,-8.810000000000556,-0.00014989163856983883,0.00014989163856983883,1.0
8.811000000000556,-8.811000000000556,-0.00014974189667316565,0.00014974189667316565,1.0
8.812000000000555,-8.812000000000555,-0.00014959230436879686,0.00014959230436879686,1.0
8.813000000000555,-8.813000000000555,-0.00014944286150728956,0.00014944286150728956,1.0
8.814000000000554,-8.814000000000554,-0.0001492935679393502,0.0001492935679393502,1.0
8.815000000000554,-8.815000000000554,-0.00014914442351583436,0.00014914442351583436,1.0
8.816000000000553,-8.816000000000553,-0.0001489954280877466,0.0001489954280877466,1.0
8.817000000000553,-8.817000000000553,-0.00014884658150624038,0.00014884658150624038,1.0
8.818000000000552,-8.818000000000552,-0.00014869788362261777,0.00014869788362261777,1.0
8.819000000000552,-8.819000000000552,-0.00014854933428832943,0.00014854933428832943,1.0
8.820000000000551,-8.820000000000551,-0.00014840093335497445,0.00014840093335497445,1.0
8.82100000000055,-8.82100000000055,-0.00014825268067430016,0.00014825268067430016,1.0
8.82200000000055,-8.82200000000055,-0.00014810457609820197,0.00014810457609820197,1.0
8.82300000000055,-8.82300000000055,-0.00014795661947872323,0.00014795661947872323,1.0
8.824000000000549,-8.824000000000549,-0.00014780881066805518,0.00014780881066805518,1.0
8.825000000000548,-8.825000000000548,-0.00014766114951853663,0.00014766114951853663,1.0
8.826000000000548,-8.826000000000548,-0.00014751363588265398,0.00014751363588265398,1.0
8.827000000000547,-8.827000000000547,-0.00014736626961304094,0.00014736626961304094,1.0
8.828000000000547,-8.828000000000547,-0.00014721905056247847,0.00014721905056247847,1.0
8.829000000000546,-8.829000000000546,-0.00014707197858389458,0.00014707197858389458,1.0
8.830000000000545,-8.830000000000545,-0.0001469250535303642,0.0001469250535303642,1.0
8.831000000000545,-8.831000000000545,-0.0001467782752551091,0.0001467782752551091,1.0
8.832000000000544,-8.832000000000544,-0.00014663164361149758,0.00014663164361149758,1.0
8.833000000000544,-8.833000000000544,-0.00014648515845304454,0.00014648515845304454,1.0
8.834000000000543,-8.834000000000543,-0.00014633881963341114,0.00014633881963341114,1.0
8.835000000000543,-8.835000000000543,-0.00014619262700640476,0.00014619262700640476,1.0
8.836000000000542,-8.836000000000542,-0.00014604658042597878,0.00014604658042597878,1.0
8.837000000000542,-8.837000000000542,-0.00014590067974623255,0.00014590067974623255,1.0
8.838000000000541,-8.838000000000541,-0.00014575492482141113,0.00014575492482141113,1.0
8.83900000000054,-8.83900000000054,-0.00014560931550590525,0.00014560931550590525,1.0
8.84000000000054,-8.84000000000054,-0.000145463851654251,0.000145463851654251,1.0
8.84100000000054,-8.84100000000054,-0.00014531853312112986,0.00014531853312112986,1.0
8.842000000000539,-8.842000000000539,-0.00014517335976136847,0.00014517335976136847,1.0
8.843000000000538,-8.843000000000538,-0.00014502833142993854,0.00014502833142993854,1.0
8.844000000000538,-8.844000000000538,-0.00014488344798195657,0.00014488344798195657,1.0
8.845000000000537,-8.845000000000537,-0.0001447387092726839,0.0001447387092726839,1.0
8.846000000000537,-8.846000000000537,-0.00014459411515752637,0.00014459411515752637,1.0
8.847000000000536,-8.847000000000536,-0.0001444496654920343,0.0001444496654920343,1.0
8.848000000000535,-8.848000000000535,-0.00014430536013190242,0.00014430536013190242,1.0
8.849000000000535,-8.849000000000535,-0.00014416119893296945,0.00014416119893296945,1.0
8.850000000000534,-8.850000000000534,-0.00014401718175121824,0.00014401718175121824,1.0
8.851000000000534,-8.851000000000534,-0.00014387330844277548,0.00014387330844277548,1.0
8.852000000000533,-8.852000000000533,-0.00014372957886391158,0.00014372957886391158,1.0
8.853000000000533,-8.853000000000533,-0.00014358599287104054,0.00014358599287104054,1.0
8.854000000000532,-8.854000000000532,-0.00014344255032071982,0.00014344255032071982,1.0
8.855000000000532,-8.855000000000532,-0.0001432992510696502,0.0001432992510696502,1.0
8.856000000000531,-8.856000000000531,-0.00014315609497467553,0.00014315609497467553,1.0
8.85700000000053,-8.85700000000053,-0.00014301308189278272,0.00014301308189278272,1.0
8.85800000000053,-8.85800000000053,-0.00014287021168110162,0.00014287021168110162,1.0
8.85900000000053,-8.85900000000053,-0.0001427274841969047,0.0001427274841969047,1.0
8.860000000000529,-8.860000000000529,-0.0001425848992976071,0.0001425848992976071,1.0
8.861000000000528,-8.861000000000528,-0.00014244245684076634,0.00014244245684076634,1.0
8.862000000000528,-8.862000000000528,-0.00014230015668408226,0.00014230015668408226,1.0
8.863000000000527,-8.863000000000527,-0.00014215799868539687,0.00014215799868539687,1.0
8.864000000000527,-8.864000000000527,-0.0001420159827026942,0.0001420159827026942,1.0
8.865000000000526,-8.865000000000526,-0.0001418741085941001,0.0001418741085941001,1.0
8.866000000000525,-8.866000000000525,-0.0001417323762178822,0.0001417323762178822,1.0
8.867000000000525,-8.867000000000525,-0.00014159078543244977,0.00014159078543244977,1.0
8.868000000000524,-8.868000000000524,-0.00014144933609635342,0.00014144933609635342,1.0
8.869000000000524,-8.869000000000524,-0.00014130802806828512,0.00014130802806828512,1.0
8.870000000000523,-8.870000000000523,-0.00014116686120707803,0.00014116686120707803,1.0
8.871000000000523,-8.871000000000523,-0.00014102583537170632,0.00014102583537170632,1.0
8.872000000000522,-8.872000000000522,-0.00014088495042128505,0.00014088495042128505,1.0
8.873000000000522,-8.873000000000522,-0.00014074420621507,0.00014074420621507,1.0
8.874000000000521,-8.874000000000521,-0.00014060360261245752,0.00014060360261245752,1.0
8.87500000000052,-8.87500000000052,-0.00014046313947298453,0.00014046313947298453,1.0
8.87600000000052,-8.87600000000052,-0.0001403228166563282,0.0001403228166563282,1.0
8.87700000000052,-8.87700000000052,-0.00014018263402230588,0.00014018263402230588,1.0
8.878000000000519,-8.878000000000519,-0.000140042591430875,0.000140042591430875,1.0
8.879000000000518,-8.879000000000518,-0.00013990268874213287,0.00013990268874213287,1.0
8.880000000000518,-8.880000000000518,-0.00013976292581631655,0.00013976292581631655,1.0
8.881000000000517,-8.881000000000517,-0.00013962330251380276,0.00013962330251380276,1.0
8.882000000000517,-8.882000000000517,-0.00013948381869510764,0.00013948381869510764,1.0
8.883000000000516,-8.883000000000516,-0.00013934447422088675,0.00013934447422088675,1.0
8.884000000000515,-8.884000000000515,-0.00013920526895193483,0.00013920526895193483,1.0
8.885000000000515,-8.885000000000515,-0.0001390662027491856,0.0001390662027491856,1.0
8.886000000000514,-8.886000000000514,-0.00013892727547371194,0.00013892727547371194,1.0
8.887000000000514,-8.887000000000514,-0.0001387884869867252,0.0001387884869867252,1.0
8.888000000000513,-8.888000000000513,-0.00013864983714957562,0.00013864983714957562,1.0
8.889000000000513,-8.889000000000513,-0.00013851132582375187,0.00013851132582375187,1.0
8.890000000000512,-8.890000000000512,-0.000138372952870881,0.000138372952870881,1.0
8.891000000000512,-8.891000000000512,-0.00013823471815272828,0.00013823471815272828,1.0
8.892000000000511,-8.892000000000511,-0.00013809662153119707,0.00013809662153119707,1.0
8.89300000000051,-8.89300000000051,-0.00013795866286832876,0.00013795866286832876,1.0
8.89400000000051,-8.89400000000051,-0.00013782084202630245,0.00013782084202630245,1.0
8.89500000000051,-8.89500000000051,-0.000137683158867435,0.000137683158867435,1.0
8.896000000000509,-8.896000000000509,-0.00013754561325418085,0.00013754561325418085,1.0
8.897000000000508,-8.897000000000508,-0.00013740820504913172,0.00013740820504913172,1.0
8.898000000000508,-8.898000000000508,-0.00013727093411501672,0.00013727093411501672,1.0
8.899000000000507,-8.899000000000507,-0.000137133800314702,0.000137133800314702,1.0
8.900000000000507,-8.900000000000507,-0.00013699680351119078,0.00013699680351119078,1.0
8.901000000000506,-8.901000000000506,-0.00013685994356762318,0.00013685994356762318,1.0
8.902000000000506,-8.902000000000506,-0.00013672322034727588,0.00013672322034727588,1.0
8.903000000000505,-8.903000000000505,-0.00013658663371356232,0.00013658663371356232,1.0
8.904000000000504,-8.904000000000504,-0.0001364501835300323,0.0001364501835300323,1.0
8.905000000000504,-8.905000000000504,-0.00013631386966037195,0.00013631386966037195,1.0
8.906000000000503,-8.906000000000503,-0.00013617769196840355,0.00013617769196840355,1.0
8.907000000000503,-8.907000000000503,-0.00013604165031808548,0.00013604165031808548,1.0
8.908000000000502,-8.908000000000502,-0.00013590574457351197,0.00013590574457351197,1.0
8.909000000000502,-8.909000000000502,-0.00013576997459891307,0.00013576997459891307,1.0
8.910000000000501,-8.910000000000501,-0.00013563434025865443,0.00013563434025865443,1.0
8.9110000000005,-8.9110000000005,-0.0001354988414172372,0.0001354988414172372,1.0
8.9120000000005,-8.9120000000005,-0.0001353634779392979,0.0001353634779392979,1.0
8.9130000000005,-8.9130000000005,-0.00013522824968960828,0.00013522824968960828,1.0
8.914000000000499,-8.914000000000499,-0.0001350931565330752,0.0001350931565330752,1.0
8.915000000000498,-8.915000000000498,-0.00013495819833474047,0.00013495819833474047,1.0
8.916000000000498,-8.916000000000498,-0.00013482337495978068,0.00013482337495978068,1.0
8.917000000000497,-8.917000000000497,-0.00013468868627350717,0.00013468868627350717,1.0
8.918000000000497,-8.918000000000497,-0.00013455413214136577,0.00013455413214136577,1.0
8.919000000000496,-8.919000000000496,-0.00013441971242893685,0.00013441971242893685,1.0
8.920000000000496,-8.920000000000496,-0.00013428542700193492,0.00013428542700193492,1.0
8.921000000000495,-8.921000000000495,-0.00013415127572620873,0.00013415127572620873,1.0
8.922000000000494,-8.922000000000494,-0.000134017258467741,0.000134017258467741,1.0
8.923000000000494,-8.923000000000494,-0.00013388337509264835,0.00013388337509264835,1.0
8.924000000000493,-8.924000000000493,-0.00013374962546718115,0.00013374962546718115,1.0
8.925000000000493,-8.925000000000493,-0.00013361600945772345,0.00013361600945772345,1.0
8.926000000000492,-8.926000000000492,-0.00013348252693079268,0.00013348252693079268,1.0
8.927000000000492,-8.927000000000492,-0.0001333491777530396,0.0001333491777530396,1.0
8.928000000000491,-8.928000000000491,-0.0001332159617912484,0.0001332159617912484,1.0
8.92900000000049,-8.92900000000049,-0.00013308287891233606,0.00013308287891233606,1.0
8.93000000000049,-8.93000000000049,-0.0001329499289833527,0.0001329499289833527,1.0
8.93100000000049,-8.93100000000049,-0.00013281711187148123,0.00013281711187148123,1.0
8.932000000000489,-8.932000000000489,-0.0001326844274440372,0.0001326844274440372,1.0
8.933000000000488,-8.933000000000488,-0.00013255187556846873,0.00013255187556846873,1.0
8.934000000000488,-8.934000000000488,-0.00013241945611235637,0.00013241945611235637,1.0
8.935000000000487,-8.935000000000487,-0.00013228716894341297,0.00013228716894341297,1.0
8.936000000000487,-8.936000000000487,-0.00013215501392948347,0.00013215501392948347,1.0
8.937000000000486,-8.937000000000486,-0.00013202299093854496,0.00013202299093854496,1.0
8.938000000000486,-8.938000000000486,-0.00013189109983870626,0.00013189109983870626,1.0
8.939000000000485,-8.939000000000485,-0.00013175934049820804,0.00013175934049820804,1.0
8.940000000000484,-8.940000000000484,-0.00013162771278542258,0.00013162771278542258,1.0
8.941000000000484,-8.941000000000484,-0.00013149621656885374,0.00013149621656885374,1.0
8.942000000000483,-8.942000000000483,-0.0001313648517171366,0.0001313648517171366,1.0
8.943000000000483,-8.943000000000483,-0.00013123361809903755,0.00013123361809903755,1.0
8.944000000000482,-8.944000000000482,-0.0001311025155834541,0.0001311025155834541,1.0
8.945000000000482,-8.945000000000482,-0.0001309715440394147,0.0001309715440394147,1.0
8.946000000000481,-8.946000000000481,-0.00013084070333607863,0.00013084070333607863,1.0
8.94700000000048,-8.94700000000048,-0.0001307099933427359,0.0001307099933427359,1.0
8.94800000000048,-8.94800000000048,-0.0001305794139288071,0.0001305794139288071,1.0
8.94900000000048,-8.94900000000048,-0.00013044896496384326,0.00013044896496384326,1.0
8.950000000000479,-8.950000000000479,-0.0001303186463175257,0.0001303186463175257,1.0
8.951000000000478,-8.951000000000478,-0.00013018845785966606,0.00013018845785966606,1.0
8.952000000000478,-8.952000000000478,-0.00013005839946020586,0.00013005839946020586,1.0
8.953000000000477,-8.953000000000477,-0.00012992847098921664,0.00012992847098921664,1.0
8.954000000000477,-8.954000000000477,-0.00012979867231689975,0.00012979867231689975,1.0
8.955000000000476,-8.955000000000476,-0.00012966900331358618,0.00012966900331358618,1.0
8.956000000000476,-8.956000000000476,-0.00012953946384973645,0.00012953946384973645,1.0
8.957000000000475,-8.957000000000475,-0.0001294100537959405,0.0001294100537959405,1.0
8.958000000000474,-8.958000000000474,-0.00012928077302291758,0.00012928077302291758,1.0
8.959000000000474,-8.959000000000474,-0.00012915162140151608,0.00012915162140151608,1.0
8.960000000000473,-8.960000000000473,-0.00012902259880271337,0.00012902259880271337,1.0
8.961000000000473,-8.961000000000473,-0.00012889370509761578,0.00012889370509761578,1.0
8.962000000000472,-8.962000000000472,-0.00012876494015745833,0.00012876494015745833,1.0
8.963000000000472,-8.963000000000472,-0.00012863630385360475,0.00012863630385360475,1.0
8.964000000000471,-8.964000000000471,-0.00012850779605754717,0.00012850779605754717,1.0
8.96500000000047,-8.96500000000047,-0.0001283794166409063,0.0001283794166409063,1.0
8.96600000000047,-8.96600000000047,-0.00012825116547543087,0.00012825116547543087,1.0
8.96700000000047,-8.96700000000047,-0.00012812304243299788,0.00012812304243299788,1.0
8.968000000000469,-8.968000000000469,-0.00012799504738561225,0.00012799504738561225,1.0
8.969000000000468,-8.969000000000468,-0.00012786718020540687,0.00012786718020540687,1.0
8.970000000000468,-8.970000000000468,-0.00012773944076464224,0.00012773944076464224,1.0
8.971000000000467,-8.971000000000467,-0.00012761182893570653,0.00012761182893570653,1.0
8.972000000000467,-8.972000000000467,-0.00012748434459111544,0.00012748434459111544,1.0
8.973000000000466,-8.973000000000466,-0.00012735698760351193,0.00012735698760351193,1.0
8.974000000000466,-8.974000000000466,-0.00012722975784566626,0.00012722975784566626,1.0
8.975000000000465,-8.975000000000465,-0.0001271026551904758,0.0001271026551904758,1.0
8.976000000000464,-8.976000000000464,-0.0001269756795109648,0.0001269756795109648,1.0
8.977000000000464,-8.977000000000464,-0.00012684883068028453,0.00012684883068028453,1.0
8.978000000000463,-8.978000000000463,-0.0001267221085717128,0.0001267221085717128,1.0
8.979000000000463,-8.979000000000463,-0.00012659551305865414,0.00012659551305865414,1.0
8.980000000000462,-8.980000000000462,-0.00012646904401463947,0.00012646904401463947,1.0
8.981000000000462,-8.981000000000462,-0.00012634270131332614,0.00012634270131332614,1.0
8.982000000000461,-8.982000000000461,-0.00012621648482849762,0.00012621648482849762,1.0
8.98300000000046,-8.98300000000046,-0.00012609039443406357,0.00012609039443406357,1.0
8.98400000000046,-8.98400000000046,-0.00012596443000405952,0.00012596443000405952,1.0
8.98500000000046,-8.98500000000046,-0.00012583859141264685,0.00012583859141264685,1.0
8.986000000000459,-8.986000000000459,-0.00012571287853411275,0.00012571287853411275,1.0
8.987000000000458,-8.987000000000458,-0.00012558729124286988,0.00012558729124286988,1.0
8.988000000000458,-8.988000000000458,-0.00012546182941345642,0.00012546182941345642,1.0
8.989000000000457,-8.989000000000457,-0.0001253364929205359,0.0001253364929205359,1.0
8.990000000000457,-8.990000000000457,-0.000125211281638897,0.000125211281638897,1.0
8.991000000000456,-8.991000000000456,-0.00012508619544345358,0.00012508619544345358,1.0
8.992000000000456,-8.992000000000456,-0.00012496123420924435,0.00012496123420924435,1.0
8.993000000000455,-8.993000000000455,-0.0001248363978114329,0.0001248363978114329,1.0
8.994000000000455,-8.994000000000455,-0.00012471168612530762,0.00012471168612530762,1.0
8.995000000000454,-8.995000000000454,-0.00012458709902628135,0.00012458709902628135,1.0
8.996000000000453,-8.996000000000453,-0.00012446263638989146,0.00012446263638989146,1.0
8.997000000000453,-8.997000000000453,-0.00012433829809179966,0.00012433829809179966,1.0
8.998000000000452,-8.998000000000452,-0.00012421408400779187,0.00012421408400779187,1.0
8.999000000000452,-8.999000000000452,-0.00012408999401377808,0.00012408999401377808,1.0
9.000000000000451,-9.000000000000451,-0.0001239660279857923,0.0001239660279857923,1.0
9.00100000000045,-9.00100000000045,-0.00012384218579999232,0.00012384218579999232,1.0
9.00200000000045,-9.00200000000045,-0.00012371846733265964,0.00012371846733265964,1.0
9.00300000000045,-9.00300000000045,-0.00012359487246019945,0.00012359487246019945,1.0
9.004000000000449,-9.004000000000449,-0.0001234714010591403,0.0001234714010591403,1.0
9.005000000000448,-9.005000000000448,-0.0001233480530061342,0.0001233480530061342,1.0
9.006000000000448,-9.006000000000448,-0.0001232248281779562,0.0001232248281779562,1.0
9.007000000000447,-9.007000000000447,-0.00012310172645150472,0.00012310172645150472,1.0
9.008000000000447,-9.008000000000447,-0.0001229787477038009,0.0001229787477038009,1.0
9.009000000000446,-9.009000000000446,-0.00012285589181198892,0.00012285589181198892,1.0
9.010000000000446,-9.010000000000446,-0.00012273315865333562,0.00012273315865333562,1.0
9.011000000000445,-9.011000000000445,-0.00012261054810523039,0.00012261054810523039,1.0
9.012000000000445,-9.012000000000445,-0.00012248806004518518,0.00012248806004518518,1.0
9.013000000000444,-9.013000000000444,-0.00012236569435083436,0.00012236569435083436,1.0
9.014000000000443,-9.014000000000443,-0.00012224345089993446,0.00012224345089993446,1.0
9.015000000000443,-9.015000000000443,-0.00012212132957036407,0.00012212132957036407,1.0
9.016000000000442,-9.016000000000442,-0.00012199933024012395,0.00012199933024012395,1.0
9.017000000000442,-9.017000000000442,-0.00012187745278733662,0.00012187745278733662,1.0
9.018000000000441,-9.018000000000441,-0.00012175569709024637,0.00012175569709024637,1.0
9.01900000000044,-9.01900000000044,-0.00012163406302721914,0.00012163406302721914,1.0
9.02000000000044,-9.02000000000044,-0.00012151255047674242,0.00012151255047674242,1.0
9.02100000000044,-9.02100000000044,-0.00012139115931742499,0.00012139115931742499,1.0
9.022000000000439,-9.022000000000439,-0.000121269889427997,0.000121269889427997,1.0
9.023000000000438,-9.023000000000438,-0.00012114874068730968,0.00012114874068730968,1.0
9.024000000000438,-9.024000000000438,-0.00012102771297433534,0.00012102771297433534,1.0
9.025000000000437,-9.025000000000437,-0.00012090680616816716,0.00012090680616816716,1.0
9.026000000000437,-9.026000000000437,-0.00012078602014801915,0.00012078602014801915,1.0
9.027000000000436,-9.027000000000436,-0.00012066535479322592,0.00012066535479322592,1.0
9.028000000000436,-9.028000000000436,-0.00012054480998324269,0.00012054480998324269,1.0
9.029000000000435,-9.029000000000435,-0.00012042438559764505,0.00012042438559764505,1.0
9.030000000000435,-9.030000000000435,-0.00012030408151612892,0.00012030408151612892,1.0
9.031000000000434,-9.031000000000434,-0.00012018389761851043,0.00012018389761851043,1.0
9.032000000000433,-9.032000000000433,-0.00012006383378472569,0.00012006383378472569,1.0
9.033000000000433,-9.033000000000433,-0.00011994388989483087,0.00011994388989483087,1.0
9.034000000000432,-9.034000000000432,-0.00011982406582900187,0.00011982406582900187,1.0
9.035000000000432,-9.035000000000432,-0.00011970436146753432,0.00011970436146753432,1.0
9.036000000000431,-9.036000000000431,-0.00011958477669084348,0.00011958477669084348,1.0
9.03700000000043,-9.03700000000043,-0.00011946531137946402,0.00011946531137946402,1.0
9.03800000000043,-9.03800000000043,-0.00011934596541404998,0.00011934596541404998,1.0
9.03900000000043,-9.03900000000043,-0.0001192267386753746,0.0001192267386753746,1.0
9.040000000000429,-9.040000000000429,-0.00011910763104433027,0.00011910763104433027,1.0
9.041000000000428,-9.041000000000428,-0.00011898864240192833,0.00011898864240192833,1.0
9.042000000000428,-9.042000000000428,-0.00011886977262929903,0.00011886977262929903,1.0
9.043000000000427,-9.043000000000427,-0.00011875102160769135,0.00011875102160769135,1.0
9.044000000000427,-9.044000000000427,-0.0001186323892184729,0.0001186323892184729,1.0
9.045000000000426,-9.045000000000426,-0.00011851387534312976,0.00011851387534312976,1.0
9.046000000000426,-9.046000000000426,-0.0001183954798632665,0.0001183954798632665,1.0
9.047000000000425,-9.047000000000425,-0.0001182772026606059,0.0001182772026606059,1.0
9.048000000000425,-9.048000000000425,-0.00011815904361698892,0.00011815904361698892,1.0
9.049000000000424,-9.049000000000424,-0.00011804100261437454,0.00011804100261437454,1.0
9.050000000000423,-9.050000000000423,-0.0001179230795348397,0.0001179230795348397,1.0
9.051000000000423,-9.051000000000423,-0.00011780527426057912,0.00011780527426057912,1.0
9.052000000000422,-9.052000000000422,-0.0001176875866739052,0.0001176875866739052,1.0
9.053000000000422,-9.053000000000422,-0.00011757001665724796,0.00011757001665724796,1.0
9.054000000000421,-9.054000000000421,-0.0001174525640931548,0.0001174525640931548,1.0
9.05500000000042,-9.05500000000042,-0.0001173352288642905,0.0001173352288642905,1.0
9.05600000000042,-9.05600000000042,-0.00011721801085343706,0.00011721801085343706,1.0
9.05700000000042,-9.05700000000042,-0.00011710090994349356,0.00011710090994349356,1.0
9.058000000000419,-9.058000000000419,-0.00011698392601747609,0.00011698392601747609,1.0
9.059000000000418,-9.059000000000418,-0.00011686705895851758,0.00011686705895851758,1.0
9.060000000000418,-9.060000000000418,-0.00011675030864986771,0.00011675030864986771,1.0
9.061000000000417,-9.061000000000417,-0.00011663367497489281,0.00011663367497489281,1.0
9.062000000000417,-9.062000000000417,-0.00011651715781707573,0.00011651715781707573,1.0
9.063000000000416,-9.063000000000416,-0.00011640075706001572,0.00011640075706001572,1.0
9.064000000000416,-9.064000000000416,-0.0001162844725874283,0.0001162844725874283,1.0
9.065000000000415,-9.065000000000415,-0.00011616830428314515,0.00011616830428314515,1.0
9.066000000000415,-9.066000000000415,-0.00011605225203111403,0.00011605225203111403,1.0
9.067000000000414,-9.067000000000414,-0.00011593631571539864,0.00011593631571539864,1.0
9.068000000000414,-9.068000000000414,-0.00011582049522017846,0.00011582049522017846,1.0
9.069000000000413,-9.069000000000413,-0.00011570479042974871,0.00011570479042974871,1.0
9.070000000000412,-9.070000000000412,-0.0001155892012285202,0.0001155892012285202,1.0
9.071000000000412,-9.071000000000412,-0.00011547372750101917,0.00011547372750101917,1.0
9.072000000000411,-9.072000000000411,-0.00011535836913188728,0.00011535836913188728,1.0
9.07300000000041,-9.07300000000041,-0.0001152431260058814,0.0001152431260058814,1.0
9.07400000000041,-9.07400000000041,-0.00011512799800787352,0.00011512799800787352,1.0
9.07500000000041,-9.07500000000041,-0.00011501298502285067,0.00011501298502285067,1.0
9.076000000000409,-9.076000000000409,-0.00011489808693591475,0.00011489808693591475,1.0
9.077000000000409,-9.077000000000409,-0.00011478330363228246,0.00011478330363228246,1.0
9.078000000000408,-9.078000000000408,-0.00011466863499728518,0.00011466863499728518,1.0
9.079000000000407,-9.079000000000407,-0.0001145540809163688,0.0001145540809163688,1.0
9.080000000000407,-9.080000000000407,-0.0001144396412750937,0.0001144396412750937,1.0
9.081000000000406,-9.081000000000406,-0.00011432531595913459,0.00011432531595913459,1.0
9.082000000000406,-9.082000000000406,-0.0001142111048542803,0.0001142111048542803,1.0
9.083000000000405,-9.083000000000405,-0.00011409700784643386,0.00011409700784643386,1.0
9.084000000000405,-9.084000000000405,-0.00011398302482161225,0.00011398302482161225,1.0
9.085000000000404,-9.085000000000404,-0.0001138691556659463,0.0001138691556659463,1.0
9.086000000000404,-9.086000000000404,-0.00011375540026568062,0.00011375540026568062,1.0
9.087000000000403,-9.087000000000403,-0.00011364175850717344,0.00011364175850717344,1.0
9.088000000000402,-9.088000000000402,-0.00011352823027689655,0.00011352823027689655,1.0
9.089000000000402,-9.089000000000402,-0.00011341481546143511,0.00011341481546143511,1.0
9.090000000000401,-9.090000000000401,-0.00011330151394748763,0.00011330151394748763,1.0
9.0910000000004,-9.0910000000004,-0.00011318832562186576,0.00011318832562186576,1.0
9.0920000000004,-9.0920000000004,-0.00011307525037149427,0.00011307525037149427,1.0
9.0930000000004,-9.0930000000004,-0.00011296228808341085,0.00011296228808341085,1.0
9.094000000000399,-9.094000000000399,-0.00011284943864476609,0.00011284943864476609,1.0
9.095000000000399,-9.095000000000399,-0.00011273670194282326,0.00011273670194282326,1.0
9.096000000000398,-9.096000000000398,-0.0001126240778649583,0.0001126240778649583,1.0
9.097000000000397,-9.097000000000397,-0.00011251156629865963,0.00011251156629865963,1.0
9.098000000000397,-9.098000000000397,-0.0001123991671315281,0.0001123991671315281,1.0
9.099000000000396,-9.099000000000396,-0.00011228688025127683,0.00011228688025127683,1.0
9.100000000000396,-9.100000000000396,-0.00011217470554573109,0.00011217470554573109,1.0
9.101000000000395,-9.101000000000395,-0.00011206264290282828,0.00011206264290282828,1.0
9.102000000000395,-9.102000000000395,-0.00011195069221061765,0.00011195069221061765,1.0
9.103000000000394,-9.103000000000394,-0.0001118388533572604,0.0001118388533572604,1.0
9.104000000000394,-9.104000000000394,-0.00011172712623102937,0.00011172712623102937,1.0
9.105000000000393,-9.105000000000393,-0.00011161551072030906,0.00011161551072030906,1.0
9.106000000000392,-9.106000000000392,-0.00011150400671359547,0.00011150400671359547,1.0
9.107000000000392,-9.107000000000392,-0.00011139261409949598,0.00011139261409949598,1.0
9.108000000000391,-9.108000000000391,-0.00011128133276672925,0.00011128133276672925,1.0
9.10900000000039,-9.10900000000039,-0.00011117016260412512,0.00011117016260412512,1.0
9.11000000000039,-9.11000000000039,-0.0001110591035006245,0.0001110591035006245,1.0
9.11100000000039,-9.11100000000039,-0.00011094815534527922,0.00011094815534527922,1.0
9.11200000000039,-9.11200000000039,-0.00011083731802725199,0.00011083731802725199,1.0
9.113000000000389,-9.113000000000389,-0.00011072659143581617,0.00011072659143581617,1.0
9.114000000000388,-9.114000000000388,-0.00011061597546035581,0.00011061597546035581,1.0
9.115000000000387,-9.115000000000387,-0.00011050546999036545,0.00011050546999036545,1.0
9.116000000000387,-9.116000000000387,-0.00011039507491545,0.00011039507491545,1.0
9.117000000000386,-9.117000000000386,-0.00011028479012532465,0.00011028479012532465,1.0
9.118000000000386,-9.118000000000386,-0.00011017461550981485,0.00011017461550981485,1.0
9.119000000000385,-9.119000000000385,-0.000110064550958856,0.000110064550958856,1.0
9.120000000000385,-9.120000000000385,-0.00010995459636249348,0.00010995459636249348,1.0
9.121000000000384,-9.121000000000384,-0.0001098447516108826,0.0001098447516108826,1.0
9.122000000000384,-9.122000000000384,-0.0001097350165942883,0.0001097350165942883,1.0
9.123000000000383,-9.123000000000383,-0.00010962539120308522,0.00010962539120308522,1.0
9.124000000000382,-9.124000000000382,-0.00010951587532775747,0.00010951587532775747,1.0
9.125000000000382,-9.125000000000382,-0.00010940646885889858,0.00010940646885889858,1.0
9.126000000000381,-9.126000000000381,-0.00010929717168721137,0.00010929717168721137,1.0
9.12700000000038,-9.12700000000038,-0.00010918798370350788,0.00010918798370350788,1.0
9.12800000000038,-9.12800000000038,-0.00010907890479870916,0.00010907890479870916,1.0
9.12900000000038,-9.12900000000038,-0.0001089699348638453,0.0001089699348638453,1.0
9.13000000000038,-9.13000000000038,-0.00010886107379005526,0.00010886107379005526,1.0
9.131000000000379,-9.131000000000379,-0.00010875232146858667,0.00010875232146858667,1.0
9.132000000000378,-9.132000000000378,-0.00010864367779079587,0.00010864367779079587,1.0
9.133000000000377,-9.133000000000377,-0.00010853514264814772,0.00010853514264814772,1.0
9.134000000000377,-9.134000000000377,-0.00010842671593221551,0.00010842671593221551,1.0
9.135000000000376,-9.135000000000376,-0.00010831839753468084,0.00010831839753468084,1.0
9.136000000000376,-9.136000000000376,-0.0001082101873473335,0.0001082101873473335,1.0
9.137000000000375,-9.137000000000375,-0.00010810208526207143,0.00010810208526207143,1.0
9.138000000000375,-9.138000000000375,-0.00010799409117090054,0.00010799409117090054,1.0
9.139000000000374,-9.139000000000374,-0.00010788620496593461,0.00010788620496593461,1.0
9.140000000000374,-9.140000000000374,-0.00010777842653939522,0.00010777842653939522,1.0
9.141000000000373,-9.141000000000373,-0.0001076707557836116,0.0001076707557836116,1.0
9.142000000000372,-9.142000000000372,-0.00010756319259102058,0.00010756319259102058,1.0
9.143000000000372,-9.143000000000372,-0.00010745573685416641,0.00010745573685416641,1.0
9.144000000000371,-9.144000000000371,-0.0001073483884657007,0.0001073483884657007,1.0
9.14500000000037,-9.14500000000037,-0.00010724114731838232,0.00010724114731838232,1.0
9.14600000000037,-9.14600000000037,-0.00010713401330507724,0.00010713401330507724,1.0
9.14700000000037,-9.14700000000037,-0.00010702698631875847,0.00010702698631875847,1.0
9.14800000000037,-9.14800000000037,-0.00010692006625250598,0.00010692006625250598,1.0
9.149000000000369,-9.149000000000369,-0.00010681325299950647,0.00010681325299950647,1.0
9.150000000000368,-9.150000000000368,-0.00010670654645305341,0.00010670654645305341,1.0
9.151000000000368,-9.151000000000368,-0.00010659994650654686,0.00010659994650654686,1.0
9.152000000000367,-9.152000000000367,-0.00010649345305349336,0.00010649345305349336,1.0
9.153000000000366,-9.153000000000366,-0.00010638706598750585,0.00010638706598750585,1.0
9.154000000000366,-9.154000000000366,-0.00010628078520230355,0.00010628078520230355,1.0
9.155000000000365,-9.155000000000365,-0.00010617461059171185,0.00010617461059171185,1.0
9.156000000000365,-9.156000000000365,-0.00010606854204966217,0.00010606854204966217,1.0
9.157000000000364,-9.157000000000364,-0.00010596257947019199,0.00010596257947019199,1.0
9.158000000000364,-9.158000000000364,-0.00010585672274744455,0.00010585672274744455,1.0
9.159000000000363,-9.159000000000363,-0.0001057509717756689,0.0001057509717756689,1.0
9.160000000000363,-9.160000000000363,-0.00010564532644921966,0.00010564532644921966,1.0
9.161000000000362,-9.161000000000362,-0.0001055397866625571,0.0001055397866625571,1.0
9.162000000000361,-9.162000000000361,-0.00010543435231024686,0.00010543435231024686,1.0
9.16300000000036,-9.16300000000036,-0.0001053290232869599,0.0001053290232869599,1.0
9.16400000000036,-9.16400000000036,-0.00010522379948747242,0.00010522379948747242,1.0
9.16500000000036,-9.16500000000036,-0.00010511868080666574,0.00010511868080666574,1.0
9.16600000000036,-9.16600000000036,-0.00010501366713952622,0.00010501366713952622,1.0
9.167000000000359,-9.167000000000359,-0.00010490875838114508,0.00010490875838114508,1.0
9.168000000000358,-9.168000000000358,-0.00010480395442671837,0.00010480395442671837,1.0
9.169000000000358,-9.169000000000358,-0.00010469925517154682,0.00010469925517154682,1.0
9.170000000000357,-9.170000000000357,-0.0001045946605110358,0.0001045946605110358,1.0
9.171000000000356,-9.171000000000356,-0.0001044901703406951,0.0001044901703406951,1.0
9.172000000000356,-9.172000000000356,-0.00010438578455613897,0.00010438578455613897,1.0
9.173000000000355,-9.173000000000355,-0.00010428150305308588,0.00010428150305308588,1.0
9.174000000000355,-9.174000000000355,-0.00010417732572735853,0.00010417732572735853,1.0
9.175000000000354,-9.175000000000354,-0.00010407325247488364,0.00010407325247488364,1.0
9.176000000000354,-9.176000000000354,-0.00010396928319169196,0.00010396928319169196,1.0
9.177000000000353,-9.177000000000353,-0.00010386541777391804,0.00010386541777391804,1.0
9.178000000000353,-9.178000000000353,-0.00010376165611780024,0.00010376165611780024,1.0
9.179000000000352,-9.179000000000352,-0.00010365799811968055,0.00010365799811968055,1.0
9.180000000000351,-9.180000000000351,-0.00010355444367600455,0.00010355444367600455,1.0
9.18100000000035,-9.18100000000035,-0.00010345099268332121,0.00010345099268332121,1.0
9.18200000000035,-9.18200000000035,-0.00010334764503828294,0.00010334764503828294,1.0
9.18300000000035,-9.18300000000035,-0.00010324440063764528,0.00010324440063764528,1.0
9.18400000000035,-9.18400000000035,-0.00010314125937826701,0.00010314125937826701,1.0
9.185000000000349,-9.185000000000349,-0.0001030382211571099,0.0001030382211571099,1.0
9.186000000000348,-9.186000000000348,-0.00010293528587123866,0.00010293528587123866,1.0
9.187000000000348,-9.187000000000348,-0.00010283245341782083,0.00010283245341782083,1.0
9.188000000000347,-9.188000000000347,-0.0001027297236941267,0.0001027297236941267,1.0
9.189000000000346,-9.189000000000346,-0.00010262709659752916,0.00010262709659752916,1.0
9.190000000000346,-9.190000000000346,-0.00010252457202550366,0.00010252457202550366,1.0
9.191000000000345,-9.191000000000345,-0.00010242214987562804,0.00010242214987562804,1.0
9.192000000000345,-9.192000000000345,-0.00010231983004558246,0.00010231983004558246,1.0
9.193000000000344,-9.193000000000344,-0.0001022176124331493,0.0001022176124331493,1.0
9.194000000000344,-9.194000000000344,-0.00010211549693621309,0.00010211549693621309,1.0
9.195000000000343,-9.195000000000343,-0.00010201348345276033,0.00010201348345276033,1.0
9.196000000000343,-9.196000000000343,-0.00010191157188087945,0.00010191157188087945,1.0
9.197000000000342,-9.197000000000342,-0.00010180976211876069,0.00010180976211876069,1.0
9.198000000000341,-9.198000000000341,-0.000101708054064696,0.000101708054064696,1.0
9.199000000000341,-9.199000000000341,-0.0001016064476170789,0.0001016064476170789,1.0
9.20000000000034,-9.20000000000034,-0.0001015049426744045,0.0001015049426744045,1.0
9.20100000000034,-9.20100000000034,-0.00010140353913526923,0.00010140353913526923,1.0
9.20200000000034,-9.20200000000034,-0.00010130223689837086,0.00010130223689837086,1.0
9.203000000000339,-9.203000000000339,-0.00010120103586250835,0.00010120103586250835,1.0
9.204000000000338,-9.204000000000338,-0.00010109993592658176,0.00010109993592658176,1.0
9.205000000000338,-9.205000000000338,-0.00010099893698959218,0.00010099893698959218,1.0
9.206000000000337,-9.206000000000337,-0.00010089803895064154,0.00010089803895064154,1.0
9.207000000000336,-9.207000000000336,-0.0001007972417089326,0.0001007972417089326,1.0
9.208000000000336,-9.208000000000336,-0.00010069654516376884,0.00010069654516376884,1.0
9.209000000000335,-9.209000000000335,-0.00010059594921455427,0.00010059594921455427,1.0
9.210000000000335,-9.210000000000335,-0.00010049545376079347,0.00010049545376079347,1.0
9.211000000000334,-9.211000000000334,-0.00010039505870209138,0.00010039505870209138,1.0
9.212000000000334,-9.212000000000334,-0.00010029476393815323,0.00010029476393815323,1.0
9.213000000000333,-9.213000000000333,-0.00010019456936878444,0.00010019456936878444,1.0
9.214000000000333,-9.214000000000333,-0.00010009447489389056,0.00010009447489389056,1.0
9.215000000000332,-9.215000000000332,-9.999448041347708e-05,9.999448041347708e-05,1.0
9.216000000000331,-9.216000000000331,-9.989458582764944e-05,9.989458582764944e-05,1.0
9.217000000000331,-9.217000000000331,-9.979479103661284e-05,9.979479103661284e-05,1.0
9.21800000000033,-9.21800000000033,-9.969509594067217e-05,9.969509594067217e-05,1.0
9.21900000000033,-9.21900000000033,-9.959550044023194e-05,9.959550044023194e-05,1.0
9.22000000000033,-9.22000000000033,-9.949600443579614e-05,9.949600443579614e-05,1.0
9.221000000000329,-9.221000000000329,-9.939660782796817e-05,9.939660782796817e-05,1.0
9.222000000000328,-9.222000000000328,-9.929731051745071e-05,9.929731051745071e-05,1.0
9.223000000000328,-9.223000000000328,-9.919811240504567e-05,9.919811240504567e-05,1.0
9.224000000000327,-9.224000000000327,-9.909901339165402e-05,9.909901339165402e-05,1.0
9.225000000000326,-9.225000000000326,-9.900001337827574e-05,9.900001337827574e-05,1.0
9.226000000000326,-9.226000000000326,-9.890111226600973e-05,9.890111226600973e-05,1.0
9.227000000000325,-9.227000000000325,-9.880230995605368e-05,9.880230995605368e-05,1.0
9.228000000000325,-9.228000000000325,-9.870360634970397e-05,9.870360634970397e-05,1.0
9.229000000000324,-9.229000000000324,-9.860500134835563e-05,9.860500134835563e-05,1.0
9.230000000000324,-9.230000000000324,-9.850649485350212e-05,9.850649485350212e-05,1.0
9.231000000000323,-9.231000000000323,-9.840808676673538e-05,9.840808676673538e-05,1.0
9.232000000000323,-9.232000000000323,-9.830977698974562e-05,9.830977698974562e-05,1.0
9.233000000000322,-9.233000000000322,-9.821156542432131e-05,9.821156542432131e-05,1.0
9.234000000000322,-9.234000000000322,-9.811345197234895e-05,9.811345197234895e-05,1.0
9.235000000000321,-9.235000000000321,-9.801543653581313e-05,9.801543653581313e-05,1.0
9.23600000000032,-9.23600000000032,-9.791751901679634e-05,9.791751901679634e-05,1.0
9.23700000000032,-9.23700000000032,-9.781969931747886e-05,9.781969931747886e-05,1.0
9.23800000000032,-9.23800000000032,-9.772197734013873e-05,9.772197734013873e-05,1.0
9.239000000000319,-9.239000000000319,-9.762435298715158e-05,9.762435298715158e-05,1.0
9.240000000000318,-9.240000000000318,-9.752682616099059e-05,9.752682616099059e-05,1.0
9.241000000000318,-9.241000000000318,-9.742939676422636e-05,9.742939676422636e-05,1.0
9.242000000000317,-9.242000000000317,-9.733206469952683e-05,9.733206469952683e-05,1.0
9.243000000000317,-9.243000000000317,-9.723482986965718e-05,9.723482986965718e-05,1.0
9.244000000000316,-9.244000000000316,-9.713769217747971e-05,9.713769217747971e-05,1.0
9.245000000000315,-9.245000000000315,-9.704065152595374e-05,9.704065152595374e-05,1.0
9.246000000000315,-9.246000000000315,-9.694370781813562e-05,9.694370781813562e-05,1.0
9.247000000000314,-9.247000000000314,-9.684686095717844e-05,9.684686095717844e-05,1.0
9.248000000000314,-9.248000000000314,-9.67501108463321e-05,9.67501108463321e-05,1.0
9.249000000000313,-9.249000000000313,-9.665345738894316e-05,9.665345738894316e-05,1.0
9.250000000000313,-9.250000000000313,-9.65569004884547e-05,9.65569004884547e-05,1.0
9.251000000000312,-9.251000000000312,-9.64604400484063e-05,9.64604400484063e-05,1.0
9.252000000000312,-9.252000000000312,-9.636407597243387e-05,9.636407597243387e-05,1.0
9.253000000000311,-9.253000000000311,-9.626780816426961e-05,9.626780816426961e-05,1.0
9.25400000000031,-9.25400000000031,-9.617163652774188e-05,9.617163652774188e-05,1.0
9.25500000000031,-9.25500000000031,-9.60755609667751e-05,9.60755609667751e-05,1.0
9.25600000000031,-9.25600000000031,-9.59795813853897e-05,9.59795813853897e-05,1.0
9.257000000000309,-9.257000000000309,-9.5883697687702e-05,9.5883697687702e-05,1.0
9.258000000000308,-9.258000000000308,-9.578790977792405e-05,9.578790977792405e-05,1.0
9.259000000000308,-9.259000000000308,-9.569221756036369e-05,9.569221756036369e-05,1.0
9.260000000000307,-9.260000000000307,-9.559662093942427e-05,9.559662093942427e-05,1.0
9.261000000000307,-9.261000000000307,-9.550111981960467e-05,9.550111981960467e-05,1.0
9.262000000000306,-9.262000000000306,-9.540571410549917e-05,9.540571410549917e-05,1.0
9.263000000000305,-9.263000000000305,-9.531040370179737e-05,9.531040370179737e-05,1.0
9.264000000000305,-9.264000000000305,-9.521518851328409e-05,9.521518851328409e-05,1.0
9.265000000000304,-9.265000000000304,-9.512006844483926e-05,9.512006844483926e-05,1.0
9.266000000000304,-9.266000000000304,-9.502504340143782e-05,9.502504340143782e-05,1.0
9.267000000000303,-9.267000000000303,-9.493011328814967e-05,9.493011328814967e-05,1.0
9.268000000000303,-9.268000000000303,-9.483527801013954e-05,9.483527801013954e-05,1.0
9.269000000000302,-9.269000000000302,-9.474053747266687e-05,9.474053747266687e-05,1.0
9.270000000000302,-9.270000000000302,-9.464589158108579e-05,9.464589158108579e-05,1.0
9.271000000000301,-9.271000000000301,-9.455134024084495e-05,9.455134024084495e-05,1.0
9.2720000000003,-9.2720000000003,-9.445688335748746e-05,9.445688335748746e-05,1.0
9.2730000000003,-9.2730000000003,-9.436252083665081e-05,9.436252083665081e-05,1.0
9.2740000000003,-9.2740000000003,-9.426825258406674e-05,9.426825258406674e-05,1.0
9.275000000000299,-9.275000000000299,-9.417407850556118e-05,9.417407850556118e-05,1.0
9.276000000000298,-9.276000000000298,-9.407999850705413e-05,9.407999850705413e-05,1.0
9.277000000000298,-9.277000000000298,-9.398601249455956e-05,9.398601249455956e-05,1.0
9.278000000000297,-9.278000000000297,-9.389212037418537e-05,9.389212037418537e-05,1.0
9.279000000000297,-9.279000000000297,-9.379832205213325e-05,9.379832205213325e-05,1.0
9.280000000000296,-9.280000000000296,-9.370461743469854e-05,9.370461743469854e-05,1.0
9.281000000000295,-9.281000000000295,-9.361100642827028e-05,9.361100642827028e-05,1.0
9.282000000000295,-9.282000000000295,-9.351748893933095e-05,9.351748893933095e-05,1.0
9.283000000000294,-9.283000000000294,-9.34240648744565e-05,9.34240648744565e-05,1.0
9.284000000000294,-9.284000000000294,-9.333073414031618e-05,9.333073414031618e-05,1.0
9.285000000000293,-9.285000000000293,-9.32374966436725e-05,9.32374966436725e-05,1.0
9.286000000000293,-9.286000000000293,-9.314435229138113e-05,9.314435229138113e-05,1.0
9.287000000000292,-9.287000000000292,-9.305130099039072e-05,9.305130099039072e-05,1.0
9.288000000000292,-9.288000000000292,-9.295834264774297e-05,9.295834264774297e-05,1.0
9.289000000000291,-9.289000000000291,-9.28654771705724e-05,9.28654771705724e-05,1.0
9.29000000000029,-9.29000000000029,-9.27727044661063e-05,9.27727044661063e-05,1.0
9.29100000000029,-9.29100000000029,-9.268002444166463e-05,9.268002444166463e-05,1.0
9.29200000000029,-9.29200000000029,-9.258743700465998e-05,9.258743700465998e-05,1.0
9.293000000000289,-9.293000000000289,-9.249494206259738e-05,9.249494206259738e-05,1.0
9.294000000000288,-9.294000000000288,-9.24025395230743e-05,9.24025395230743e-05,1.0
9.295000000000288,-9.295000000000288,-9.231022929378051e-05,9.231022929378051e-05,1.0
9.296000000000287,-9.296000000000287,-9.221801128249802e-05,9.221801128249802e-05,1.0
9.297000000000287,-9.297000000000287,-9.212588539710092e-05,9.212588539710092e-05,1.0
9.298000000000286,-9.298000000000286,-9.203385154555536e-05,9.203385154555536e-05,1.0
9.299000000000285,-9.299000000000285,-9.194190963591945e-05,9.194190963591945e-05,1.0
9.300000000000285,-9.300000000000285,-9.18500595763431e-05,9.18500595763431e-05,1.0
9.301000000000284,-9.301000000000284,-9.175830127506802e-05,9.175830127506802e-05,1.0
9.302000000000284,-9.302000000000284,-9.166663464042759e-05,9.166663464042759e-05,1.0
9.303000000000283,-9.303000000000283,-9.157505958084673e-05,9.157505958084673e-05,1.0
9.304000000000283,-9.304000000000283,-9.14835760048419e-05,9.14835760048419e-05,1.0
9.305000000000282,-9.305000000000282,-9.139218382102089e-05,9.139218382102089e-05,1.0
9.306000000000282,-9.306000000000282,-9.130088293808279e-05,9.130088293808279e-05,1.0
9.307000000000281,-9.307000000000281,-9.120967326481797e-05,9.120967326481797e-05,1.0
9.30800000000028,-9.30800000000028,-9.111855471010786e-05,9.111855471010786e-05,1.0
9.30900000000028,-9.30900000000028,-9.102752718292494e-05,9.102752718292494e-05,1.0
9.31000000000028,-9.31000000000028,-9.093659059233259e-05,9.093659059233259e-05,1.0
9.311000000000279,-9.311000000000279,-9.084574484748511e-05,9.084574484748511e-05,1.0
9.312000000000278,-9.312000000000278,-9.07549898576275e-05,9.07549898576275e-05,1.0
9.313000000000278,-9.313000000000278,-9.06643255320954e-05,9.06643255320954e-05,1.0
9.314000000000277,-9.314000000000277,-9.057375178031509e-05,9.057375178031509e-05,1.0
9.315000000000277,-9.315000000000277,-9.048326851180328e-05,9.048326851180328e-05,1.0
9.316000000000276,-9.316000000000276,-9.039287563616712e-05,9.039287563616712e-05,1.0
9.317000000000276,-9.317000000000276,-9.030257306310401e-05,9.030257306310401e-05,1.0
9.318000000000275,-9.318000000000275,-9.02123607024016e-05,9.02123607024016e-05,1.0
9.319000000000274,-9.319000000000274,-9.012223846393766e-05,9.012223846393766e-05,1.0
9.320000000000274,-9.320000000000274,-9.003220625768e-05,9.003220625768e-05,1.0
9.321000000000273,-9.321000000000273,-8.99422639936863e-05,8.99422639936863e-05,1.0
9.322000000000273,-9.322000000000273,-8.98524115821042e-05,8.98524115821042e-05,1.0
9.323000000000272,-9.323000000000272,-8.976264893317103e-05,8.976264893317103e-05,1.0
9.324000000000272,-9.324000000000272,-8.967297595721383e-05,8.967297595721383e-05,1.0
9.325000000000271,-9.325000000000271,-8.958339256464918e-05,8.958339256464918e-05,1.0
9.32600000000027,-9.32600000000027,-8.94938986659832e-05,8.94938986659832e-05,1.0
9.32700000000027,-9.32700000000027,-8.940449417181138e-05,8.940449417181138e-05,1.0
9.32800000000027,-9.32800000000027,-8.931517899281857e-05,8.931517899281857e-05,1.0
9.329000000000269,-9.329000000000269,-8.922595303977878e-05,8.922595303977878e-05,1.0
9.330000000000268,-9.330000000000268,-8.913681622355522e-05,8.913681622355522e-05,1.0
9.331000000000268,-9.331000000000268,-8.904776845510013e-05,8.904776845510013e-05,1.0
9.332000000000267,-9.332000000000267,-8.895880964545468e-05,8.895880964545468e-05,1.0
9.333000000000267,-9.333000000000267,-8.886993970574894e-05,8.886993970574894e-05,1.0
9.334000000000266,-9.334000000000266,-8.878115854720174e-05,8.878115854720174e-05,1.0
9.335000000000266,-9.335000000000266,-8.869246608112062e-05,8.869246608112062e-05,1.0
9.336000000000265,-9.336000000000265,-8.860386221890171e-05,8.860386221890171e-05,1.0
9.337000000000264,-9.337000000000264,-8.851534687202968e-05,8.851534687202968e-05,1.0
9.338000000000264,-9.338000000000264,-8.842691995207759e-05,8.842691995207759e-05,1.0
9.339000000000263,-9.339000000000263,-8.833858137070689e-05,8.833858137070689e-05,1.0
9.340000000000263,-9.340000000000263,-8.825033103966721e-05,8.825033103966721e-05,1.0
9.341000000000262,-9.341000000000262,-8.816216887079642e-05,8.816216887079642e-05,1.0
9.342000000000262,-9.342000000000262,-8.807409477602039e-05,8.807409477602039e-05,1.0
9.343000000000261,-9.343000000000261,-8.798610866735304e-05,8.798610866735304e-05,1.0
9.34400000000026,-9.34400000000026,-8.789821045689614e-05,8.789821045689614e-05,1.0
9.34500000000026,-9.34500000000026,-8.78104000568393e-05,8.78104000568393e-05,1.0
9.34600000000026,-9.34600000000026,-8.772267737945984e-05,8.772267737945984e-05,1.0
9.347000000000259,-9.347000000000259,-8.763504233712272e-05,8.763504233712272e-05,1.0
9.348000000000258,-9.348000000000258,-8.754749484228044e-05,8.754749484228044e-05,1.0
9.349000000000258,-9.349000000000258,-8.746003480747298e-05,8.746003480747298e-05,1.0
9.350000000000257,-9.350000000000257,-8.737266214532765e-05,8.737266214532765e-05,1.0
9.351000000000257,-9.351000000000257,-8.72853767685591e-05,8.72853767685591e-05,1.0
9.352000000000256,-9.352000000000256,-8.719817858996912e-05,8.719817858996912e-05,1.0
9.353000000000256,-9.353000000000256,-8.711106752244667e-05,8.711106752244667e-05,1.0
9.354000000000255,-9.354000000000255,-8.702404347896771e-05,8.702404347896771e-05,1.0
9.355000000000254,-9.355000000000254,-8.693710637259511e-05,8.693710637259511e-05,1.0
9.356000000000254,-9.356000000000254,-8.685025611647862e-05,8.685025611647862e-05,1.0
9.357000000000253,-9.357000000000253,-8.676349262385476e-05,8.676349262385476e-05,1.0
9.358000000000253,-9.358000000000253,-8.667681580804672e-05,8.667681580804672e-05,1.0
9.359000000000252,-9.359000000000252,-8.659022558246426e-05,8.659022558246426e-05,1.0
9.360000000000252,-9.360000000000252,-8.650372186060366e-05,8.650372186060366e-05,1.0
9.361000000000251,-9.361000000000251,-8.641730455604761e-05,8.641730455604761e-05,1.0
9.36200000000025,-9.36200000000025,-8.633097358246514e-05,8.633097358246514e-05,1.0
9.36300000000025,-9.36300000000025,-8.624472885361152e-05,8.624472885361152e-05,1.0
9.36400000000025,-9.36400000000025,-8.61585702833282e-05,8.61585702833282e-05,1.0
9.365000000000249,-9.365000000000249,-8.607249778554266e-05,8.607249778554266e-05,1.0
9.366000000000248,-9.366000000000248,-8.598651127426839e-05,8.598651127426839e-05,1.0
9.367000000000248,-9.367000000000248,-8.590061066360478e-05,8.590061066360478e-05,1.0
9.368000000000247,-9.368000000000247,-8.581479586773703e-05,8.581479586773703e-05,1.0
9.369000000000247,-9.369000000000247,-8.57290668009361e-05,8.57290668009361e-05,1.0
9.370000000000246,-9.370000000000246,-8.564342337755854e-05,8.564342337755854e-05,1.0
9.371000000000246,-9.371000000000246,-8.555786551204648e-05,8.555786551204648e-05,1.0
9.372000000000245,-9.372000000000245,-8.547239311892756e-05,8.547239311892756e-05,1.0
9.373000000000244,-9.373000000000244,-8.538700611281474e-05,8.538700611281474e-05,1.0
9.374000000000244,-9.374000000000244,-8.530170440840632e-05,8.530170440840632e-05,1.0
9.375000000000243,-9.375000000000243,-8.521648792048584e-05,8.521648792048584e-05,1.0
9.376000000000243,-9.376000000000243,-8.513135656392191e-05,8.513135656392191e-05,1.0
9.377000000000242,-9.377000000000242,-8.504631025366824e-05,8.504631025366824e-05,1.0
9.378000000000242,-9.378000000000242,-8.496134890476348e-05,8.496134890476348e-05,1.0
9.379000000000241,-9.379000000000241,-8.487647243233116e-05,8.487647243233116e-05,1.0
9.38000000000024,-9.38000000000024,-8.479168075157959e-05,8.479168075157959e-05,1.0
9.38100000000024,-9.38100000000024,-8.470697377780177e-05,8.470697377780177e-05,1.0
9.38200000000024,-9.38200000000024,-8.46223514263754e-05,8.46223514263754e-05,1.0
9.383000000000239,-9.383000000000239,-8.453781361276265e-05,8.453781361276265e-05,1.0
9.384000000000238,-9.384000000000238,-8.445336025251013e-05,8.445336025251013e-05,1.0
9.385000000000238,-9.385000000000238,-8.436899126124887e-05,8.436899126124887e-05,1.0
9.386000000000237,-9.386000000000237,-8.428470655469417e-05,8.428470655469417e-05,1.0
9.387000000000237,-9.387000000000237,-8.420050604864552e-05,8.420050604864552e-05,1.0
9.388000000000236,-9.388000000000236,-8.411638965898653e-05,8.411638965898653e-05,1.0
9.389000000000236,-9.389000000000236,-8.403235730168486e-05,8.403235730168486e-05,1.0
9.390000000000235,-9.390000000000235,-8.394840889279208e-05,8.394840889279208e-05,1.0
9.391000000000234,-9.391000000000234,-8.386454434844364e-05,8.386454434844364e-05,1.0
9.392000000000234,-9.392000000000234,-8.378076358485878e-05,8.378076358485878e-05,1.0
9.393000000000233,-9.393000000000233,-8.369706651834045e-05,8.369706651834045e-05,1.0
9.394000000000233,-9.394000000000233,-8.361345306527517e-05,8.361345306527517e-05,1.0
9.395000000000232,-9.395000000000232,-8.352992314213304e-05,8.352992314213304e-05,1.0
9.396000000000232,-9.396000000000232,-8.344647666546757e-05,8.344647666546757e-05,1.0
9.397000000000231,-9.397000000000231,-8.336311355191564e-05,8.336311355191564e-05,1.0
9.39800000000023,-9.39800000000023,-8.327983371819744e-05,8.327983371819744e-05,1.0
9.39900000000023,-9.39900000000023,-8.319663708111632e-05,8.319663708111632e-05,1.0
9.40000000000023,-9.40000000000023,-8.311352355755876e-05,8.311352355755876e-05,1.0
9.401000000000229,-9.401000000000229,-8.303049306449426e-05,8.303049306449426e-05,1.0
9.402000000000228,-9.402000000000228,-8.294754551897528e-05,8.294754551897528e-05,1.0
9.403000000000228,-9.403000000000228,-8.286468083813714e-05,8.286468083813714e-05,1.0
9.404000000000227,-9.404000000000227,-8.278189893919793e-05,8.278189893919793e-05,1.0
9.405000000000227,-9.405000000000227,-8.269919973945848e-05,8.269919973945848e-05,1.0
9.406000000000226,-9.406000000000226,-8.261658315630217e-05,8.261658315630217e-05,1.0
9.407000000000226,-9.407000000000226,-8.253404910719497e-05,8.253404910719497e-05,1.0
9.408000000000225,-9.408000000000225,-8.245159750968528e-05,8.245159750968528e-05,1.0
9.409000000000225,-9.409000000000225,-8.236922828140388e-05,8.236922828140388e-05,1.0
9.410000000000224,-9.410000000000224,-8.228694134006382e-05,8.228694134006382e-05,1.0
9.411000000000223,-9.411000000000223,-8.220473660346036e-05,8.220473660346036e-05,1.0
9.412000000000223,-9.412000000000223,-8.212261398947088e-05,8.212261398947088e-05,1.0
9.413000000000222,-9.413000000000222,-8.204057341605483e-05,8.204057341605483e-05,1.0
9.414000000000222,-9.414000000000222,-8.195861480125356e-05,8.195861480125356e-05,1.0
9.415000000000221,-9.415000000000221,-8.187673806319036e-05,8.187673806319036e-05,1.0
9.41600000000022,-9.41600000000022,-8.17949431200703e-05,8.17949431200703e-05,1.0
9.41700000000022,-9.41700000000022,-8.171322989018013e-05,8.171322989018013e-05,1.0
9.41800000000022,-9.41800000000022,-8.163159829188825e-05,8.163159829188825e-05,1.0
9.419000000000219,-9.419000000000219,-8.155004824364458e-05,8.155004824364458e-05,1.0
9.420000000000218,-9.420000000000218,-8.14685796639806e-05,8.14685796639806e-05,1.0
9.421000000000218,-9.421000000000218,-8.138719247150909e-05,8.138719247150909e-05,1.0
9.422000000000217,-9.422000000000217,-8.130588658492418e-05,8.130588658492418e-05,1.0
9.423000000000217,-9.423000000000217,-8.122466192300119e-05,8.122466192300119e-05,1.0
9.424000000000216,-9.424000000000216,-8.114351840459659e-05,8.114351840459659e-05,1.0
9.425000000000216,-9.425000000000216,-8.106245594864793e-05,8.106245594864793e-05,1.0
9.426000000000215,-9.426000000000215,-8.098147447417375e-05,8.098147447417375e-05,1.0
9.427000000000215,-9.427000000000215,-8.090057390027347e-05,8.090057390027347e-05,1.0
9.428000000000214,-9.428000000000214,-8.081975414612734e-05,8.081975414612734e-05,1.0
9.429000000000213,-9.429000000000213,-8.073901513099634e-05,8.073901513099634e-05,1.0
9.430000000000213,-9.430000000000213,-8.065835677422212e-05,8.065835677422212e-05,1.0
9.431000000000212,-9.431000000000212,-8.057777899522688e-05,8.057777899522688e-05,1.0
9.432000000000212,-9.432000000000212,-8.049728171351337e-05,8.049728171351337e-05,1.0
9.433000000000211,-9.433000000000211,-8.041686484866471e-05,8.041686484866471e-05,1.0
9.43400000000021,-9.43400000000021,-8.033652832034437e-05,8.033652832034437e-05,1.0
9.43500000000021,-9.43500000000021,-8.025627204829607e-05,8.025627204829607e-05,1.0
9.43600000000021,-9.43600000000021,-8.017609595234374e-05,8.017609595234374e-05,1.0
9.437000000000209,-9.437000000000209,-8.009599995239134e-05,8.009599995239134e-05,1.0
9.438000000000208,-9.438000000000208,-8.001598396842291e-05,8.001598396842291e-05,1.0
9.439000000000208,-9.439000000000208,-7.993604792050241e-05,7.993604792050241e-05,1.0
9.440000000000207,-9.440000000000207,-7.985619172877363e-05,7.985619172877363e-05,1.0
9.441000000000207,-9.441000000000207,-7.977641531346017e-05,7.977641531346017e-05,1.0
9.442000000000206,-9.442000000000206,-7.96967185948653e-05,7.96967185948653e-05,1.0
9.443000000000206,-9.443000000000206,-7.961710149337193e-05,7.961710149337193e-05,1.0
9.444000000000205,-9.444000000000205,-7.953756392944247e-05,7.953756392944247e-05,1.0
9.445000000000205,-9.445000000000205,-7.945810582361885e-05,7.945810582361885e-05,1.0
9.446000000000204,-9.446000000000204,-7.937872709652231e-05,7.937872709652231e-05,1.0
9.447000000000203,-9.447000000000203,-7.929942766885346e-05,7.929942766885346e-05,1.0
9.448000000000203,-9.448000000000203,-7.922020746139208e-05,7.922020746139208e-05,1.0
9.449000000000202,-9.449000000000202,-7.914106639499706e-05,7.914106639499706e-05,1.0
9.450000000000202,-9.450000000000202,-7.906200439060646e-05,7.906200439060646e-05,1.0
9.451000000000201,-9.451000000000201,-7.898302136923723e-05,7.898302136923723e-05,1.0
9.4520000000002,-9.4520000000002,-7.890411725198524e-05,7.890411725198524e-05,1.0
9.4530000000002,-9.4530000000002,-7.882529196002521e-05,7.882529196002521e-05,1.0
9.4540000000002,-9.4540000000002,-7.874654541461059e-05,7.874654541461059e-05,1.0
9.455000000000199,-9.455000000000199,-7.866787753707351e-05,7.866787753707351e-05,1.0
9.456000000000198,-9.456000000000198,-7.858928824882469e-05,7.858928824882469e-05,1.0
9.457000000000198,-9.457000000000198,-7.851077747135333e-05,7.851077747135333e-05,1.0
9.458000000000197,-9.458000000000197,-7.84323451262271e-05,7.84323451262271e-05,1.0
9.459000000000197,-9.459000000000197,-7.835399113509201e-05,7.835399113509201e-05,1.0
9.460000000000196,-9.460000000000196,-7.827571541967232e-05,7.827571541967232e-05,1.0
9.461000000000196,-9.461000000000196,-7.819751790177057e-05,7.819751790177057e-05,1.0
9.462000000000195,-9.462000000000195,-7.811939850326728e-05,7.811939850326728e-05,1.0
9.463000000000195,-9.463000000000195,-7.804135714612116e-05,7.804135714612116e-05,1.0
9.464000000000194,-9.464000000000194,-7.796339375236879e-05,7.796339375236879e-05,1.0
9.465000000000193,-9.465000000000193,-7.788550824412466e-05,7.788550824412466e-05,1.0
9.466000000000193,-9.466000000000193,-7.780770054358108e-05,7.780770054358108e-05,1.0
9.467000000000192,-9.467000000000192,-7.772997057300809e-05,7.772997057300809e-05,1.0
9.468000000000192,-9.468000000000192,-7.765231825475333e-05,7.765231825475333e-05,1.0
9.469000000000191,-9.469000000000191,-7.757474351124209e-05,7.757474351124209e-05,1.0
9.47000000000019,-9.47000000000019,-7.749724626497713e-05,7.749724626497713e-05,1.0
9.47100000000019,-9.47100000000019,-7.741982643853859e-05,7.741982643853859e-05,1.0
9.47200000000019,-9.47200000000019,-7.7342483954584e-05,7.7342483954584e-05,1.0
9.473000000000189,-9.473000000000189,-7.726521873584816e-05,7.726521873584816e-05,1.0
9.474000000000188,-9.474000000000188,-7.718803070514301e-05,7.718803070514301e-05,1.0
9.475000000000188,-9.475000000000188,-7.711091978535766e-05,7.711091978535766e-05,1.0
9.476000000000187,-9.476000000000187,-7.703388589945822e-05,7.703388589945822e-05,1.0
9.477000000000187,-9.477000000000187,-7.695692897048772e-05,7.695692897048772e-05,1.0
9.478000000000186,-9.478000000000186,-7.688004892156615e-05,7.688004892156615e-05,1.0
9.479000000000186,-9.479000000000186,-7.680324567589027e-05,7.680324567589027e-05,1.0
9.480000000000185,-9.480000000000185,-7.672651915673354e-05,7.672651915673354e-05,1.0
9.481000000000185,-9.481000000000185,-7.664986928744608e-05,7.664986928744608e-05,1.0
9.482000000000184,-9.482000000000184,-7.657329599145463e-05,7.657329599145463e-05,1.0
9.483000000000184,-9.483000000000184,-7.649679919226236e-05,7.649679919226236e-05,1.0
9.484000000000183,-9.484000000000183,-7.64203788134489e-05,7.64203788134489e-05,1.0
9.485000000000182,-9.485000000000182,-7.634403477867023e-05,7.634403477867023e-05,1.0
9.486000000000182,-9.486000000000182,-7.626776701165858e-05,7.626776701165858e-05,1.0
9.487000000000181,-9.487000000000181,-7.619157543622236e-05,7.619157543622236e-05,1.0
9.48800000000018,-9.48800000000018,-7.611545997624611e-05,7.611545997624611e-05,1.0
9.48900000000018,-9.48900000000018,-7.603942055569042e-05,7.603942055569042e-05,1.0
9.49000000000018,-9.49000000000018,-7.596345709859182e-05,7.596345709859182e-05,1.0
9.491000000000179,-9.491000000000179,-7.588756952906275e-05,7.588756952906275e-05,1.0
9.492000000000179,-9.492000000000179,-7.581175777129146e-05,7.581175777129146e-05,1.0
9.493000000000178,-9.493000000000178,-7.573602174954191e-05,7.573602174954191e-05,1.0
9.494000000000177,-9.494000000000177,-7.566036138815375e-05,7.566036138815375e-05,1.0
9.495000000000177,-9.495000000000177,-7.558477661154222e-05,7.558477661154222e-05,1.0
9.496000000000176,-9.496000000000176,-7.550926734419802e-05,7.550926734419802e-05,1.0
9.497000000000176,-9.497000000000176,-7.543383351068733e-05,7.543383351068733e-05,1.0
9.498000000000175,-9.498000000000175,-7.535847503565168e-05,7.535847503565168e-05,1.0
9.499000000000175,-9.499000000000175,-7.528319184380788e-05,7.528319184380788e-05,1.0
9.500000000000174,-9.500000000000174,-7.520798385994794e-05,7.520798385994794e-05,1.0
9.501000000000174,-9.501000000000174,-7.5132851008939e-05,7.5132851008939e-05,1.0
9.502000000000173,-9.502000000000173,-7.505779321572327e-05,7.505779321572327e-05,1.0
9.503000000000172,-9.503000000000172,-7.498281040531796e-05,7.498281040531796e-05,1.0
9.504000000000172,-9.504000000000172,-7.490790250281515e-05,7.490790250281515e-05,1.0
9.505000000000171,-9.505000000000171,-7.483306943338177e-05,7.483306943338177e-05,1.0
9.50600000000017,-9.50600000000017,-7.47583111222595e-05,7.47583111222595e-05,1.0
9.50700000000017,-9.50700000000017,-7.468362749476474e-05,7.468362749476474e-05,1.0
9.50800000000017,-9.50800000000017,-7.460901847628846e-05,7.460901847628846e-05,1.0
9.509000000000169,-9.509000000000169,-7.453448399229615e-05,7.453448399229615e-05,1.0
9.510000000000169,-9.510000000000169,-7.446002396832783e-05,7.446002396832783e-05,1.0
9.511000000000168,-9.511000000000168,-7.438563832999781e-05,7.438563832999781e-05,1.0
9.512000000000167,-9.512000000000167,-7.431132700299482e-05,7.431132700299482e-05,1.0
9.513000000000167,-9.513000000000167,-7.423708991308176e-05,7.423708991308176e-05,1.0
9.514000000000166,-9.514000000000166,-7.416292698609566e-05,7.416292698609566e-05,1.0
9.515000000000166,-9.515000000000166,-7.40888381479477e-05,7.40888381479477e-05,1.0
9.516000000000165,-9.516000000000165,-7.401482332462308e-05,7.401482332462308e-05,1.0
9.517000000000165,-9.517000000000165,-7.39408824421809e-05,7.39408824421809e-05,1.0
9.518000000000164,-9.518000000000164,-7.386701542675414e-05,7.386701542675414e-05,1.0
9.519000000000164,-9.519000000000164,-7.37932222045496e-05,7.37932222045496e-05,1.0
9.520000000000163,-9.520000000000163,-7.371950270184775e-05,7.371950270184775e-05,1.0
9.521000000000162,-9.521000000000162,-7.364585684500275e-05,7.364585684500275e-05,1.0
9.522000000000162,-9.522000000000162,-7.35722845604423e-05,7.35722845604423e-05,1.0
9.523000000000161,-9.523000000000161,-7.349878577466763e-05,7.349878577466763e-05,1.0
9.52400000000016,-9.52400000000016,-7.342536041425337e-05,7.342536041425337e-05,1.0
9.52500000000016,-9.52500000000016,-7.335200840584752e-05,7.335200840584752e-05,1.0
9.52600000000016,-9.52600000000016,-7.327872967617134e-05,7.327872967617134e-05,1.0
9.52700000000016,-9.52700000000016,-7.320552415201933e-05,7.320552415201933e-05,1.0
9.528000000000159,-9.528000000000159,-7.313239176025908e-05,7.313239176025908e-05,1.0
9.529000000000158,-9.529000000000158,-7.305933242783125e-05,7.305933242783125e-05,1.0
9.530000000000157,-9.530000000000157,-7.29863460817495e-05,7.29863460817495e-05,1.0
9.531000000000157,-9.531000000000157,-7.291343264910041e-05,7.291343264910041e-05,1.0
9.532000000000156,-9.532000000000156,-7.284059205704337e-05,7.284059205704337e-05,1.0
9.533000000000156,-9.533000000000156,-7.276782423281056e-05,7.276782423281056e-05,1.0
9.534000000000155,-9.534000000000155,-7.269512910370685e-05,7.269512910370685e-05,1.0
9.535000000000155,-9.535000000000155,-7.262250659710974e-05,7.262250659710974e-05,1.0
9.536000000000154,-9.536000000000154,-7.254995664046927e-05,7.254995664046927e-05,1.0
9.537000000000154,-9.537000000000154,-7.247747916130797e-05,7.247747916130797e-05,1.0
9.538000000000153,-9.538000000000153,-7.240507408722076e-05,7.240507408722076e-05,1.0
9.539000000000152,-9.539000000000152,-7.233274134587488e-05,7.233274134587488e-05,1.0
9.540000000000152,-9.540000000000152,-7.226048086500987e-05,7.226048086500987e-05,1.0
9.541000000000151,-9.541000000000151,-7.218829257243744e-05,7.218829257243744e-05,1.0
9.54200000000015,-9.54200000000015,-7.211617639604138e-05,7.211617639604138e-05,1.0
9.54300000000015,-9.54300000000015,-7.204413226377761e-05,7.204413226377761e-05,1.0
9.54400000000015,-9.54400000000015,-7.197216010367394e-05,7.197216010367394e-05,1.0
9.54500000000015,-9.54500000000015,-7.190025984383011e-05,7.190025984383011e-05,1.0
9.546000000000149,-9.546000000000149,-7.182843141241769e-05,7.182843141241769e-05,1.0
9.547000000000148,-9.547000000000148,-7.175667473768002e-05,7.175667473768002e-05,1.0
9.548000000000147,-9.548000000000147,-7.168498974793208e-05,7.168498974793208e-05,1.0
9.549000000000147,-9.549000000000147,-7.161337637156053e-05,7.161337637156053e-05,1.0
9.550000000000146,-9.550000000000146,-7.154183453702351e-05,7.154183453702351e-05,1.0
9.551000000000146,-9.551000000000146,-7.147036417285065e-05,7.147036417285065e-05,1.0
9.552000000000145,-9.552000000000145,-7.1398965207643e-05,7.1398965207643e-05,1.0
9.553000000000145,-9.553000000000145,-7.132763757007294e-05,7.132763757007294e-05,1.0
9.554000000000144,-9.554000000000144,-7.125638118888406e-05,7.125638118888406e-05,1.0
9.555000000000144,-9.555000000000144,-7.118519599289118e-05,7.118519599289118e-05,1.0
9.556000000000143,-9.556000000000143,-7.111408191098019e-05,7.111408191098019e-05,1.0
9.557000000000142,-9.557000000000142,-7.104303887210809e-05,7.104303887210809e-05,1.0
9.558000000000142,-9.558000000000142,-7.097206680530278e-05,7.097206680530278e-05,1.0
9.559000000000141,-9.559000000000141,-7.090116563966311e-05,7.090116563966311e-05,1.0
9.56000000000014,-9.56000000000014,-7.083033530435875e-05,7.083033530435875e-05,1.0
9.56100000000014,-9.56100000000014,-7.075957572863013e-05,7.075957572863013e-05,1.0
9.56200000000014,-9.56200000000014,-7.068888684178834e-05,7.068888684178834e-05,1.0
9.56300000000014,-9.56300000000014,-7.061826857321512e-05,7.061826857321512e-05,1.0
9.564000000000139,-9.564000000000139,-7.054772085236276e-05,7.054772085236276e-05,1.0
9.565000000000138,-9.565000000000138,-7.047724360875402e-05,7.047724360875402e-05,1.0
9.566000000000138,-9.566000000000138,-7.040683677198203e-05,7.040683677198203e-05,1.0
9.567000000000137,-9.567000000000137,-7.033650027171033e-05,7.033650027171033e-05,1.0
9.568000000000136,-9.568000000000136,-7.026623403767266e-05,7.026623403767266e-05,1.0
9.569000000000136,-9.569000000000136,-7.019603799967298e-05,7.019603799967298e-05,1.0
9.570000000000135,-9.570000000000135,-7.012591208758539e-05,7.012591208758539e-05,1.0
9.571000000000135,-9.571000000000135,-7.005585623135403e-05,7.005585623135403e-05,1.0
9.572000000000134,-9.572000000000134,-6.998587036099304e-05,6.998587036099304e-05,1.0
9.573000000000134,-9.573000000000134,-6.991595440658645e-05,6.991595440658645e-05,1.0
9.574000000000133,-9.574000000000133,-6.984610829828817e-05,6.984610829828817e-05,1.0
9.575000000000133,-9.575000000000133,-6.977633196632184e-05,6.977633196632184e-05,1.0
9.576000000000132,-9.576000000000132,-6.970662534098086e-05,6.970662534098086e-05,1.0
9.577000000000131,-9.577000000000131,-6.963698835262825e-05,6.963698835262825e-05,1.0
9.57800000000013,-9.57800000000013,-6.956742093169654e-05,6.956742093169654e-05,1.0
9.57900000000013,-9.57900000000013,-6.949792300868786e-05,6.949792300868786e-05,1.0
9.58000000000013,-9.58000000000013,-6.942849451417368e-05,6.942849451417368e-05,1.0
9.58100000000013,-9.58100000000013,-6.935913537879488e-05,6.935913537879488e-05,1.0
9.582000000000129,-9.582000000000129,-6.928984553326162e-05,6.928984553326162e-05,1.0
9.583000000000128,-9.583000000000128,-6.922062490835327e-05,6.922062490835327e-05,1.0
9.584000000000128,-9.584000000000128,-6.915147343491836e-05,6.915147343491836e-05,1.0
9.585000000000127,-9.585000000000127,-6.908239104387449e-05,6.908239104387449e-05,1.0
9.586000000000126,-9.586000000000126,-6.90133776662083e-05,6.90133776662083e-05,1.0
9.587000000000126,-9.587000000000126,-6.894443323297531e-05,6.894443323297531e-05,1.0
9.588000000000125,-9.588000000000125,-6.887555767530002e-05,6.887555767530002e-05,1.0
9.589000000000125,-9.589000000000125,-6.880675092437564e-05,6.880675092437564e-05,1.0
9.590000000000124,-9.590000000000124,-6.873801291146417e-05,6.873801291146417e-05,1.0
9.591000000000124,-9.591000000000124,-6.866934356789626e-05,6.866934356789626e-05,1.0
9.592000000000123,-9.592000000000123,-6.86007428250712e-05,6.86007428250712e-05,1.0
9.593000000000123,-9.593000000000123,-6.853221061445674e-05,6.853221061445674e-05,1.0
9.594000000000122,-9.594000000000122,-6.846374686758916e-05,6.846374686758916e-05,1.0
9.595000000000121,-9.595000000000121,-6.839535151607308e-05,6.839535151607308e-05,1.0
9.59600000000012,-9.59600000000012,-6.83270244915815e-05,6.83270244915815e-05,1.0
9.59700000000012,-9.59700000000012,-6.825876572585564e-05,6.825876572585564e-05,1.0
9.59800000000012,-9.59800000000012,-6.819057515070494e-05,6.819057515070494e-05,1.0
9.59900000000012,-9.59900000000012,-6.812245269800694e-05,6.812245269800694e-05,1.0
9.600000000000119,-9.600000000000119,-6.805439829970724e-05,6.805439829970724e-05,1.0
9.601000000000118,-9.601000000000118,-6.798641188781942e-05,6.798641188781942e-05,1.0
9.602000000000118,-9.602000000000118,-6.7918493394425e-05,6.7918493394425e-05,1.0
9.603000000000117,-9.603000000000117,-6.785064275167333e-05,6.785064275167333e-05,1.0
9.604000000000116,-9.604000000000116,-6.778285989178157e-05,6.778285989178157e-05,1.0
9.605000000000116,-9.605000000000116,-6.771514474703453e-05,6.771514474703453e-05,1.0
9.606000000000115,-9.606000000000115,-6.764749724978475e-05,6.764749724978475e-05,1.0
9.607000000000115,-9.607000000000115,-6.757991733245229e-05,6.757991733245229e-05,1.0
9.608000000000114,-9.608000000000114,-6.751240492752477e-05,6.751240492752477e-05,1.0
9.609000000000114,-9.609000000000114,-6.74449599675572e-05,6.74449599675572e-05,1.0
9.610000000000113,-9.610000000000113,-6.737758238517203e-05,6.737758238517203e-05,1.0
9.611000000000113,-9.611000000000113,-6.731027211305896e-05,6.731027211305896e-05,1.0
9.612000000000112,-9.612000000000112,-6.724302908397498e-05,6.724302908397498e-05,1.0
9.613000000000111,-9.613000000000111,-6.717585323074423e-05,6.717585323074423e-05,1.0
9.614000000000111,-9.614000000000111,-6.710874448625798e-05,6.710874448625798e-05,1.0
9.61500000000011,-9.61500000000011,-6.70417027834745e-05,6.70417027834745e-05,1.0
9.61600000000011,-9.61600000000011,-6.697472805541911e-05,6.697472805541911e-05,1.0
9.61700000000011,-9.61700000000011,-6.690782023518392e-05,6.690782023518392e-05,1.0
9.618000000000109,-9.618000000000109,-6.684097925592799e-05,6.684097925592799e-05,1.0
9.619000000000108,-9.619000000000108,-6.677420505087711e-05,6.677420505087711e-05,1.0
9.620000000000108,-9.620000000000108,-6.67074975533238e-05,6.67074975533238e-05,1.0
9.621000000000107,-9.621000000000107,-6.664085669662717e-05,6.664085669662717e-05,1.0
9.622000000000106,-9.622000000000106,-6.657428241421296e-05,6.657428241421296e-05,1.0
9.623000000000106,-9.623000000000106,-6.650777463957339e-05,6.650777463957339e-05,1.0
9.624000000000105,-9.624000000000105,-6.644133330626712e-05,6.644133330626712e-05,1.0
9.625000000000105,-9.625000000000105,-6.637495834791921e-05,6.637495834791921e-05,1.0
9.626000000000104,-9.626000000000104,-6.630864969822099e-05,6.630864969822099e-05,1.0
9.627000000000104,-9.627000000000104,-6.624240729093007e-05,6.624240729093007e-05,1.0
9.628000000000103,-9.628000000000103,-6.617623105987021e-05,6.617623105987021e-05,1.0
9.629000000000103,-9.629000000000103,-6.611012093893129e-05,6.611012093893129e-05,1.0
9.630000000000102,-9.630000000000102,-6.604407686206922e-05,6.604407686206922e-05,1.0
9.631000000000101,-9.631000000000101,-6.597809876330591e-05,6.597809876330591e-05,1.0
9.632000000000101,-9.632000000000101,-6.591218657672918e-05,6.591218657672918e-05,1.0
9.6330000000001,-9.6330000000001,-6.58463402364927e-05,6.58463402364927e-05,1.0
9.6340000000001,-9.6340000000001,-6.578055967681589e-05,6.578055967681589e-05,1.0
9.6350000000001,-9.6350000000001,-6.57148448319839e-05,6.57148448319839e-05,1.0
9.636000000000099,-9.636000000000099,-6.564919563634754e-05,6.564919563634754e-05,1.0
9.637000000000098,-9.637000000000098,-6.558361202432323e-05,6.558361202432323e-05,1.0
9.638000000000098,-9.638000000000098,-6.551809393039282e-05,6.551809393039282e-05,1.0
9.639000000000097,-9.639000000000097,-6.545264128910373e-05,6.545264128910373e-05,1.0
9.640000000000096,-9.640000000000096,-6.538725403506866e-05,6.538725403506866e-05,1.0
9.641000000000096,-9.641000000000096,-6.53219321029657e-05,6.53219321029657e-05,1.0
9.642000000000095,-9.642000000000095,-6.525667542753816e-05,6.525667542753816e-05,1.0
9.643000000000095,-9.643000000000095,-6.519148394359456e-05,6.519148394359456e-05,1.0
9.644000000000094,-9.644000000000094,-6.512635758600855e-05,6.512635758600855e-05,1.0
9.645000000000094,-9.645000000000094,-6.506129628971881e-05,6.506129628971881e-05,1.0
9.646000000000093,-9.646000000000093,-6.49962999897291e-05,6.49962999897291e-05,1.0
9.647000000000093,-9.647000000000093,-6.493136862110798e-05,6.493136862110798e-05,1.0
9.648000000000092,-9.648000000000092,-6.486650211898899e-05,6.486650211898899e-05,1.0
9.649000000000092,-9.649000000000092,-6.480170041857041e-05,6.480170041857041e-05,1.0
9.650000000000091,-9.650000000000091,-6.473696345511529e-05,6.473696345511529e-05,1.0
9.65100000000009,-9.65100000000009,-6.467229116395134e-05,6.467229116395134e-05,1.0
9.65200000000009,-9.65200000000009,-6.460768348047087e-05,6.460768348047087e-05,1.0
9.65300000000009,-9.65300000000009,-6.454314034013075e-05,6.454314034013075e-05,1.0
9.654000000000089,-9.654000000000089,-6.447866167845229e-05,6.447866167845229e-05,1.0
9.655000000000088,-9.655000000000088,-6.441424743102127e-05,6.441424743102127e-05,1.0
9.656000000000088,-9.656000000000088,-6.434989753348779e-05,6.434989753348779e-05,1.0
9.657000000000087,-9.657000000000087,-6.428561192156622e-05,6.428561192156622e-05,1.0
9.658000000000087,-9.658000000000087,-6.422139053103518e-05,6.422139053103518e-05,1.0
9.659000000000086,-9.659000000000086,-6.415723329773744e-05,6.415723329773744e-05,1.0
9.660000000000085,-9.660000000000085,-6.409314015757986e-05,6.409314015757986e-05,1.0
9.661000000000085,-9.661000000000085,-6.402911104653332e-05,6.402911104653332e-05,1.0
9.662000000000084,-9.662000000000084,-6.396514590063268e-05,6.396514590063268e-05,1.0
9.663000000000084,-9.663000000000084,-6.390124465597671e-05,6.390124465597671e-05,1.0
9.664000000000083,-9.664000000000083,-6.383740724872799e-05,6.383740724872799e-05,1.0
9.665000000000083,-9.665000000000083,-6.377363361511288e-05,6.377363361511288e-05,1.0
9.666000000000082,-9.666000000000082,-6.370992369142146e-05,6.370992369142146e-05,1.0
9.667000000000082,-9.667000000000082,-6.364627741400745e-05,6.364627741400745e-05,1.0
9.668000000000081,-9.668000000000081,-6.358269471928816e-05,6.358269471928816e-05,1.0
9.66900000000008,-9.66900000000008,-6.351917554374442e-05,6.351917554374442e-05,1.0
9.67000000000008,-9.67000000000008,-6.345571982392049e-05,6.345571982392049e-05,1.0
9.67100000000008,-9.67100000000008,-6.339232749642408e-05,6.339232749642408e-05,1.0
9.672000000000079,-9.672000000000079,-6.332899849792615e-05,6.332899849792615e-05,1.0
9.673000000000078,-9.673000000000078,-6.326573276516098e-05,6.326573276516098e-05,1.0
9.674000000000078,-9.674000000000078,-6.320253023492606e-05,6.320253023492606e-05,1.0
9.675000000000077,-9.675000000000077,-6.313939084408199e-05,6.313939084408199e-05,1.0
9.676000000000077,-9.676000000000077,-6.307631452955245e-05,6.307631452955245e-05,1.0
9.677000000000076,-9.677000000000076,-6.30133012283241e-05,6.30133012283241e-05,1.0
9.678000000000075,-9.678000000000075,-6.295035087744666e-05,6.295035087744666e-05,1.0
9.679000000000075,-9.679000000000075,-6.288746341403263e-05,6.288746341403263e-05,1.0
9.680000000000074,-9.680000000000074,-6.282463877525736e-05,6.282463877525736e-05,1.0
9.681000000000074,-9.681000000000074,-6.276187689835901e-05,6.276187689835901e-05,1.0
9.682000000000073,-9.682000000000073,-6.269917772063838e-05,6.269917772063838e-05,1.0
9.683000000000073,-9.683000000000073,-6.263654117945891e-05,6.263654117945891e-05,1.0
9.684000000000072,-9.684000000000072,-6.257396721224667e-05,6.257396721224667e-05,1.0
9.685000000000072,-9.685000000000072,-6.251145575649018e-05,6.251145575649018e-05,1.0
9.686000000000071,-9.686000000000071,-6.244900674974044e-05,6.244900674974044e-05,1.0
9.68700000000007,-9.68700000000007,-6.238662012961084e-05,6.238662012961084e-05,1.0
9.68800000000007,-9.68800000000007,-6.232429583377707e-05,6.232429583377707e-05,1.0
9.68900000000007,-9.68900000000007,-6.22620337999771e-05,6.22620337999771e-05,1.0
9.690000000000069,-9.690000000000069,-6.219983396601108e-05,6.219983396601108e-05,1.0
9.691000000000068,-9.691000000000068,-6.213769626974133e-05,6.213769626974133e-05,1.0
9.692000000000068,-9.692000000000068,-6.207562064909225e-05,6.207562064909225e-05,1.0
9.693000000000067,-9.693000000000067,-6.20136070420502e-05,6.20136070420502e-05,1.0
9.694000000000067,-9.694000000000067,-6.195165538666354e-05,6.195165538666354e-05,1.0
9.695000000000066,-9.695000000000066,-6.188976562104249e-05,6.188976562104249e-05,1.0
9.696000000000065,-9.696000000000065,-6.182793768335913e-05,6.182793768335913e-05,1.0
9.697000000000065,-9.697000000000065,-6.176617151184728e-05,6.176617151184728e-05,1.0
9.698000000000064,-9.698000000000064,-6.170446704480248e-05,6.170446704480248e-05,1.0
9.699000000000064,-9.699000000000064,-6.16428242205819e-05,6.16428242205819e-05,1.0
9.700000000000063,-9.700000000000063,-6.15812429776043e-05,6.15812429776043e-05,1.0
9.701000000000063,-9.701000000000063,-6.151972325434994e-05,6.151972325434994e-05,1.0
9.702000000000062,-9.702000000000062,-6.145826498936058e-05,6.145826498936058e-05,1.0
9.703000000000062,-9.703000000000062,-6.139686812123933e-05,6.139686812123933e-05,1.0
9.704000000000061,-9.704000000000061,-6.133553258865068e-05,6.133553258865068e-05,1.0
9.70500000000006,-9.70500000000006,-6.127425833032036e-05,6.127425833032036e-05,1.0
9.70600000000006,-9.70600000000006,-6.121304528503534e-05,6.121304528503534e-05,1.0
9.70700000000006,-9.70700000000006,-6.11518933916437e-05,6.11518933916437e-05,1.0
9.708000000000059,-9.708000000000059,-6.109080258905464e-05,6.109080258905464e-05,1.0
9.709000000000058,-9.709000000000058,-6.102977281623841e-05,6.102977281623841e-05,1.0
9.710000000000058,-9.710000000000058,-6.0968804012226184e-05,6.0968804012226184e-05,1.0
9.711000000000057,-9.711000000000057,-6.090789611611007e-05,6.090789611611007e-05,1.0
9.712000000000057,-9.712000000000057,-6.0847049067043026e-05,6.0847049067043026e-05,1.0
9.713000000000056,-9.713000000000056,-6.078626280423879e-05,6.078626280423879e-05,1.0
9.714000000000055,-9.714000000000055,-6.0725537266971816e-05,6.0725537266971816e-05,1.0
9.715000000000055,-9.715000000000055,-6.066487239457724e-05,6.066487239457724e-05,1.0
9.716000000000054,-9.716000000000054,-6.0604268126450795e-05,6.0604268126450795e-05,1.0
9.717000000000054,-9.717000000000054,-6.054372440204875e-05,6.054372440204875e-05,1.0
9.718000000000053,-9.718000000000053,-6.048324116088786e-05,6.048324116088786e-05,1.0
9.719000000000053,-9.719000000000053,-6.042281834254532e-05,6.042281834254532e-05,1.0
9.720000000000052,-9.720000000000052,-6.036245588665865e-05,6.036245588665865e-05,1.0
9.721000000000052,-9.721000000000052,-6.030215373292573e-05,6.030215373292573e-05,1.0
9.722000000000051,-9.722000000000051,-6.0241911821104625e-05,6.0241911821104625e-05,1.0
9.72300000000005,-9.72300000000005,-6.018173009101361e-05,6.018173009101361e-05,1.0
9.72400000000005,-9.72400000000005,-6.012160848253108e-05,6.012160848253108e-05,1.0
9.72500000000005,-9.72500000000005,-6.006154693559548e-05,6.006154693559548e-05,1.0
9.726000000000049,-9.726000000000049,-6.000154539020527e-05,6.000154539020527e-05,1.0
9.727000000000048,-9.727000000000048,-5.994160378641886e-05,5.994160378641886e-05,1.0
9.728000000000048,-9.728000000000048,-5.98817220643545e-05,5.98817220643545e-05,1.0
9.729000000000047,-9.729000000000047,-5.9821900164190314e-05,5.9821900164190314e-05,1.0
9.730000000000047,-9.730000000000047,-5.976213802616414e-05,5.976213802616414e-05,1.0
9.731000000000046,-9.731000000000046,-5.970243559057357e-05,5.970243559057357e-05,1.0
9.732000000000046,-9.732000000000046,-5.9642792797775795e-05,5.9642792797775795e-05,1.0
9.733000000000045,-9.733000000000045,-5.958320958818761e-05,5.958320958818761e-05,1.0
9.734000000000044,-9.734000000000044,-5.952368590228532e-05,5.952368590228532e-05,1.0
9.735000000000044,-9.735000000000044,-5.946422168060472e-05,5.946422168060472e-05,1.0
9.736000000000043,-9.736000000000043,-5.940481686374098e-05,5.940481686374098e-05,1.0
9.737000000000043,-9.737000000000043,-5.934547139234863e-05,5.934547139234863e-05,1.0
9.738000000000042,-9.738000000000042,-5.9286185207141495e-05,5.9286185207141495e-05,1.0
9.739000000000042,-9.739000000000042,-5.9226958248892594e-05,5.9226958248892594e-05,1.0
9.740000000000041,-9.740000000000041,-5.916779045843416e-05,5.916779045843416e-05,1.0
9.74100000000004,-9.74100000000004,-5.91086817766575e-05,5.91086817766575e-05,1.0
9.74200000000004,-9.74200000000004,-5.904963214451298e-05,5.904963214451298e-05,1.0
9.74300000000004,-9.74300000000004,-5.8990641503009976e-05,5.8990641503009976e-05,1.0
9.744000000000039,-9.744000000000039,-5.893170979321676e-05,5.893170979321676e-05,1.0
9.745000000000038,-9.745000000000038,-5.8872836956260504e-05,5.8872836956260504e-05,1.0
9.746000000000038,-9.746000000000038,-5.8814022933327176e-05,5.8814022933327176e-05,1.0
9.747000000000037,-9.747000000000037,-5.8755267665661515e-05,5.8755267665661515e-05,1.0
9.748000000000037,-9.748000000000037,-5.869657109456695e-05,5.869657109456695e-05,1.0
9.749000000000036,-9.749000000000036,-5.863793316140554e-05,5.863793316140554e-05,1.0
9.750000000000036,-9.750000000000036,-5.857935380759795e-05,5.857935380759795e-05,1.0
9.751000000000035,-9.751000000000035,-5.852083297462333e-05,5.852083297462333e-05,1.0
9.752000000000034,-9.752000000000034,-5.8462370604019306e-05,5.8462370604019306e-05,1.0
9.753000000000034,-9.753000000000034,-5.840396663738193e-05,5.840396663738193e-05,1.0
9.754000000000033,-9.754000000000033,-5.834562101636556e-05,5.834562101636556e-05,1.0
9.755000000000033,-9.755000000000033,-5.8287333682682884e-05,5.8287333682682884e-05,1.0
9.756000000000032,-9.756000000000032,-5.8229104578104776e-05,5.8229104578104776e-05,1.0
9.757000000000032,-9.757000000000032,-5.8170933644460314e-05,5.8170933644460314e-05,1.0
9.758000000000031,-9.758000000000031,-5.8112820823636676e-05,5.8112820823636676e-05,1.0
9.75900000000003,-9.75900000000003,-5.805476605757909e-05,5.805476605757909e-05,1.0
9.76000000000003,-9.76000000000003,-5.79967692882908e-05,5.79967692882908e-05,1.0
9.76100000000003,-9.76100000000003,-5.7938830457832974e-05,5.7938830457832974e-05,1.0
9.762000000000029,-9.762000000000029,-5.788094950832465e-05,5.788094950832465e-05,1.0
9.763000000000028,-9.763000000000028,-5.7823126381942704e-05,5.7823126381942704e-05,1.0
9.764000000000028,-9.764000000000028,-5.776536102092178e-05,5.776536102092178e-05,1.0
9.765000000000027,-9.765000000000027,-5.770765336755423e-05,5.770765336755423e-05,1.0
9.766000000000027,-9.766000000000027,-5.7650003364190035e-05,5.7650003364190035e-05,1.0
9.767000000000026,-9.767000000000026,-5.75924109532368e-05,5.75924109532368e-05,1.0
9.768000000000026,-9.768000000000026,-5.7534876077159644e-05,5.7534876077159644e-05,1.0
9.769000000000025,-9.769000000000025,-5.747739867848116e-05,5.747739867848116e-05,1.0
9.770000000000024,-9.770000000000024,-5.7419978699781374e-05,5.7419978699781374e-05,1.0
9.771000000000024,-9.771000000000024,-5.736261608369768e-05,5.736261608369768e-05,1.0
9.772000000000023,-9.772000000000023,-5.730531077292475e-05,5.730531077292475e-05,1.0
9.773000000000023,-9.773000000000023,-5.724806271021454e-05,5.724806271021454e-05,1.0
9.774000000000022,-9.774000000000022,-5.719087183837616e-05,5.719087183837616e-05,1.0
9.775000000000022,-9.775000000000022,-5.713373810027588e-05,5.713373810027588e-05,1.0
9.776000000000021,-9.776000000000021,-5.7076661438837045e-05,5.7076661438837045e-05,1.0
9.77700000000002,-9.77700000000002,-5.701964179704e-05,5.701964179704e-05,1.0
9.77800000000002,-9.77800000000002,-5.696267911792208e-05,5.696267911792208e-05,1.0
9.77900000000002,-9.77900000000002,-5.69057733445775e-05,5.69057733445775e-05,1.0
9.780000000000019,-9.780000000000019,-5.684892442015735e-05,5.684892442015735e-05,1.0
9.781000000000018,-9.781000000000018,-5.679213228786948e-05,5.679213228786948e-05,1.0
9.782000000000018,-9.782000000000018,-5.67353968909785e-05,5.67353968909785e-05,1.0
9.783000000000017,-9.783000000000017,-5.66787181728057e-05,5.66787181728057e-05,1.0
9.784000000000017,-9.784000000000017,-5.662209607672897e-05,5.662209607672897e-05,1.0
9.785000000000016,-9.785000000000016,-5.656553054618278e-05,5.656553054618278e-05,1.0
9.786000000000016,-9.786000000000016,-5.6509021524658125e-05,5.6509021524658125e-05,1.0
9.787000000000015,-9.787000000000015,-5.645256895570242e-05,5.645256895570242e-05,1.0
9.788000000000014,-9.788000000000014,-5.6396172782919496e-05,5.6396172782919496e-05,1.0
9.789000000000014,-9.789000000000014,-5.633983294996953e-05,5.633983294996953e-05,1.0
9.790000000000013,-9.790000000000013,-5.628354940056895e-05,5.628354940056895e-05,1.0
9.791000000000013,-9.791000000000013,-5.622732207849047e-05,5.622732207849047e-05,1.0
9.792000000000012,-9.792000000000012,-5.61711509275629e-05,5.61711509275629e-05,1.0
9.793000000000012,-9.793000000000012,-5.6115035891671234e-05,5.6115035891671234e-05,1.0
9.794000000000011,-9.794000000000011,-5.605897691475648e-05,5.605897691475648e-05,1.0
9.79500000000001,-9.79500000000001,-5.600297394081566e-05,5.600297394081566e-05,1.0
9.79600000000001,-9.79600000000001,-5.5947026913901756e-05,5.5947026913901756e-05,1.0
9.79700000000001,-9.79700000000001,-5.589113577812363e-05,5.589113577812363e-05,1.0
9.798000000000009,-9.798000000000009,-5.583530047764599e-05,5.583530047764599e-05,1.0
9.799000000000008,-9.799000000000008,-5.57795209566893e-05,5.57795209566893e-05,1.0
9.800000000000008,-9.800000000000008,-5.5723797159529774e-05,5.5723797159529774e-05,1.0
9.801000000000007,-9.801000000000007,-5.566812903049928e-05,5.566812903049928e-05,1.0
9.802000000000007,-9.802000000000007,-5.561251651398529e-05,5.561251651398529e-05,1.0
9.803000000000006,-9.803000000000006,-5.555695955443086e-05,5.555695955443086e-05,1.0
9.804000000000006,-9.804000000000006,-5.550145809633453e-05,5.550145809633453e-05,1.0
9.805000000000005,-9.805000000000005,-5.544601208425028e-05,5.544601208425028e-05,1.0
9.806000000000004,-9.806000000000004,-5.5390621462787485e-05,5.5390621462787485e-05,1.0
9.807000000000004,-9.807000000000004,-5.5335286176610876e-05,5.5335286176610876e-05,1.0
9.808000000000003,-9.808000000000003,-5.528000617044043e-05,5.528000617044043e-05,1.0
9.809000000000003,-9.809000000000003,-5.522478138905138e-05,5.522478138905138e-05,1.0
9.810000000000002,-9.810000000000002,-5.516961177727411e-05,5.516961177727411e-05,1.0
9.811000000000002,-9.811000000000002,-5.5114497279994114e-05,5.5114497279994114e-05,1.0
9.812000000000001,-9.812000000000001,-5.5059437842151955e-05,5.5059437842151955e-05,1.0
9.813,-9.813,-5.500443340874321e-05,5.500443340874321e-05,1.0
9.814,-9.814,-5.4949483924818395e-05,5.4949483924818395e-05,1.0
9.815,-9.815,-5.489458933548291e-05,5.489458933548291e-05,1.0
9.815999999999999,-9.815999999999999,-5.4839749585897016e-05,5.4839749585897016e-05,1.0
9.816999999999998,-9.816999999999998,-5.478496462127574e-05,5.478496462127574e-05,1.0
9.817999999999998,-9.817999999999998,-5.473023438688885e-05,5.473023438688885e-05,1.0
9.818999999999997,-9.818999999999997,-5.467555882806079e-05,5.467555882806079e-05,1.0
9.819999999999997,-9.819999999999997,-5.462093789017062e-05,5.462093789017062e-05,1.0
9.820999999999996,-9.820999999999996,-5.456637151865197e-05,5.456637151865197e-05,1.0
9.821999999999996,-9.821999999999996,-5.451185965899298e-05,5.451185965899298e-05,1.0
9.822999999999995,-9.822999999999995,-5.445740225673624e-05,5.445740225673624e-05,1.0
9.823999999999995,-9.823999999999995,-5.440299925747876e-05,5.440299925747876e-05,1.0
9.824999999999994,-9.824999999999994,-5.434865060687189e-05,5.434865060687189e-05,1.0
9.825999999999993,-9.825999999999993,-5.429435625062127e-05,5.429435625062127e-05,1.0
9.826999999999993,-9.826999999999993,-5.424011613448679e-05,5.424011613448679e-05,1.0
9.827999999999992,-9.827999999999992,-5.418593020428251e-05,5.418593020428251e-05,1.0
9.828999999999992,-9.828999999999992,-5.413179840587663e-05,5.413179840587663e-05,1.0
9.829999999999991,-9.829999999999991,-5.407772068519144e-05,5.407772068519144e-05,1.0
9.83099999999999,-9.83099999999999,-5.4023696988203244e-05,5.4023696988203244e-05,1.0
9.83199999999999,-9.83199999999999,-5.39697272609423e-05,5.39697272609423e-05,1.0
9.83299999999999,-9.83299999999999,-5.3915811449492806e-05,5.3915811449492806e-05,1.0
9.833999999999989,-9.833999999999989,-5.386194949999281e-05,5.386194949999281e-05,1.0
9.834999999999988,-9.834999999999988,-5.380814135863417e-05,5.380814135863417e-05,1.0
9.835999999999988,-9.835999999999988,-5.375438697166251e-05,5.375438697166251e-05,1.0
9.836999999999987,-9.836999999999987,-5.370068628537713e-05,5.370068628537713e-05,1.0
9.837999999999987,-9.837999999999987,-5.3647039246131e-05,5.3647039246131e-05,1.0
9.838999999999986,-9.838999999999986,-5.359344580033067e-05,5.359344580033067e-05,1.0
9.839999999999986,-9.839999999999986,-5.353990589443623e-05,5.353990589443623e-05,1.0
9.840999999999985,-9.840999999999985,-5.348641947496127e-05,5.348641947496127e-05,1.0
9.841999999999985,-9.841999999999985,-5.34329864884728e-05,5.34329864884728e-05,1.0
9.842999999999984,-9.842999999999984,-5.33796068815912e-05,5.33796068815912e-05,1.0
9.843999999999983,-9.843999999999983,-5.3326280600990215e-05,5.3326280600990215e-05,1.0
9.844999999999983,-9.844999999999983,-5.3273007593396814e-05,5.3273007593396814e-05,1.0
9.845999999999982,-9.845999999999982,-5.321978780559123e-05,5.321978780559123e-05,1.0
9.846999999999982,-9.846999999999982,-5.316662118440682e-05,5.316662118440682e-05,1.0
9.847999999999981,-9.847999999999981,-5.31135076767301e-05,5.31135076767301e-05,1.0
9.84899999999998,-9.84899999999998,-5.30604472295006e-05,5.30604472295006e-05,1.0
9.84999999999998,-9.84999999999998,-5.300743978971089e-05,5.300743978971089e-05,1.0
9.85099999999998,-9.85099999999998,-5.2954485304406485e-05,5.2954485304406485e-05,1.0
9.851999999999979,-9.851999999999979,-5.29015837206858e-05,5.29015837206858e-05,1.0
9.852999999999978,-9.852999999999978,-5.28487349857001e-05,5.28487349857001e-05,1.0
9.853999999999978,-9.853999999999978,-5.279593904665346e-05,5.279593904665346e-05,1.0
9.854999999999977,-9.854999999999977,-5.2743195850802643e-05,5.2743195850802643e-05,1.0
9.855999999999977,-9.855999999999977,-5.269050534545719e-05,5.269050534545719e-05,1.0
9.856999999999976,-9.856999999999976,-5.263786747797922e-05,5.263786747797922e-05,1.0
9.857999999999976,-9.857999999999976,-5.258528219578342e-05,5.258528219578342e-05,1.0
9.858999999999975,-9.858999999999975,-5.253274944633709e-05,5.253274944633709e-05,1.0
9.859999999999975,-9.859999999999975,-5.248026917715994e-05,5.248026917715994e-05,1.0
9.860999999999974,-9.860999999999974,-5.242784133582411e-05,5.242784133582411e-05,1.0
9.861999999999973,-9.861999999999973,-5.237546586995416e-05,5.237546586995416e-05,1.0
9.862999999999973,-9.862999999999973,-5.2323142727226936e-05,5.2323142727226936e-05,1.0
9.863999999999972,-9.863999999999972,-5.227087185537156e-05,5.227087185537156e-05,1.0
9.864999999999972,-9.864999999999972,-5.22186532021694e-05,5.22186532021694e-05,1.0
9.865999999999971,-9.865999999999971,-5.2166486715453946e-05,5.2166486715453946e-05,1.0
9.86699999999997,-9.86699999999997,-5.211437234311084e-05,5.211437234311084e-05,1.0
9.86799999999997,-9.86799999999997,-5.206231003307775e-05,5.206231003307775e-05,1.0
9.86899999999997,-9.86899999999997,-5.201029973334442e-05,5.201029973334442e-05,1.0
9.869999999999969,-9.869999999999969,-5.195834139195246e-05,5.195834139195246e-05,1.0
9.870999999999968,-9.870999999999968,-5.1906434956995464e-05,5.1906434956995464e-05,1.0
9.871999999999968,-9.871999999999968,-5.185458037661885e-05,5.185458037661885e-05,1.0
9.872999999999967,-9.872999999999967,-5.180277759901983e-05,5.180277759901983e-05,1.0
9.873999999999967,-9.873999999999967,-5.175102657244739e-05,5.175102657244739e-05,1.0
9.874999999999966,-9.874999999999966,-5.1699327245202176e-05,5.1699327245202176e-05,1.0
9.875999999999966,-9.875999999999966,-5.1647679565636547e-05,5.1647679565636547e-05,1.0
9.876999999999965,-9.876999999999965,-5.159608348215439e-05,5.159608348215439e-05,1.0
9.877999999999965,-9.877999999999965,-5.154453894321118e-05,5.154453894321118e-05,1.0
9.878999999999964,-9.878999999999964,-5.149304589731387e-05,5.149304589731387e-05,1.0
9.879999999999963,-9.879999999999963,-5.1441604293020846e-05,5.1441604293020846e-05,1.0
9.880999999999963,-9.880999999999963,-5.1390214078941905e-05,5.1390214078941905e-05,1.0
9.881999999999962,-9.881999999999962,-5.1338875203738165e-05,5.1338875203738165e-05,1.0
9.882999999999962,-9.882999999999962,-5.128758761612204e-05,5.128758761612204e-05,1.0
9.883999999999961,-9.883999999999961,-5.123635126485718e-05,5.123635126485718e-05,1.0
9.88499999999996,-9.88499999999996,-5.1185166098758424e-05,5.1185166098758424e-05,1.0
9.88599999999996,-9.88599999999996,-5.113403206669174e-05,5.113403206669174e-05,1.0
9.88699999999996,-9.88699999999996,-5.108294911757416e-05,5.108294911757416e-05,1.0
9.887999999999959,-9.887999999999959,-5.103191720037379e-05,5.103191720037379e-05,1.0
9.888999999999958,-9.888999999999958,-5.098093626410969e-05,5.098093626410969e-05,1.0
9.889999999999958,-9.889999999999958,-5.093000625785184e-05,5.093000625785184e-05,1.0
9.890999999999957,-9.890999999999957,-5.087912713072112e-05,5.087912713072112e-05,1.0
9.891999999999957,-9.891999999999957,-5.082829883188923e-05,5.082829883188923e-05,1.0
9.892999999999956,-9.892999999999956,-5.077752131057865e-05,5.077752131057865e-05,1.0
9.893999999999956,-9.893999999999956,-5.072679451606258e-05,5.072679451606258e-05,1.0
9.894999999999955,-9.894999999999955,-5.067611839766491e-05,5.067611839766491e-05,1.0
9.895999999999955,-9.895999999999955,-5.062549290476015e-05,5.062549290476015e-05,1.0
9.896999999999954,-9.896999999999954,-5.057491798677338e-05,5.057491798677338e-05,1.0
9.897999999999954,-9.897999999999954,-5.05243935931802e-05,5.05243935931802e-05,1.0
9.898999999999953,-9.898999999999953,-5.04739196735067e-05,5.04739196735067e-05,1.0
9.899999999999952,-9.899999999999952,-5.042349617732937e-05,5.042349617732937e-05,1.0
9.900999999999952,-9.900999999999952,-5.037312305427509e-05,5.037312305427509e-05,1.0
9.901999999999951,-9.901999999999951,-5.032280025402107e-05,5.032280025402107e-05,1.0
9.90299999999995,-9.90299999999995,-5.0272527726294774e-05,5.0272527726294774e-05,1.0
9.90399999999995,-9.90399999999995,-5.02223054208739e-05,5.02223054208739e-05,1.0
9.90499999999995,-9.90499999999995,-5.017213328758632e-05,5.017213328758632e-05,1.0
9.905999999999949,-9.905999999999949,-5.0122011276310003e-05,5.0122011276310003e-05,1.0
9.906999999999949,-9.906999999999949,-5.007193933697302e-05,5.007193933697302e-05,1.0
9.907999999999948,-9.907999999999948,-5.002191741955347e-05,5.002191741955347e-05,1.0
9.908999999999947,-9.908999999999947,-4.997194547407939e-05,4.997194547407939e-05,1.0
9.909999999999947,-9.909999999999947,-4.992202345062876e-05,4.992202345062876e-05,1.0
9.910999999999946,-9.910999999999946,-4.9872151299329435e-05,4.9872151299329435e-05,1.0
9.911999999999946,-9.911999999999946,-4.9822328970359076e-05,4.9822328970359076e-05,1.0
9.912999999999945,-9.912999999999945,-4.9772556413945135e-05,4.9772556413945135e-05,1.0
9.913999999999945,-9.913999999999945,-4.972283358036477e-05,4.972283358036477e-05,1.0
9.914999999999944,-9.914999999999944,-4.967316041994483e-05,4.967316041994483e-05,1.0
9.915999999999944,-9.915999999999944,-4.962353688306177e-05,4.962353688306177e-05,1.0
9.916999999999943,-9.916999999999943,-4.957396292014162e-05,4.957396292014162e-05,1.0
9.917999999999942,-9.917999999999942,-4.9524438481659966e-05,4.9524438481659966e-05,1.0
9.918999999999942,-9.918999999999942,-4.947496351814182e-05,4.947496351814182e-05,1.0
9.919999999999941,-9.919999999999941,-4.9425537980161655e-05,4.9425537980161655e-05,1.0
9.92099999999994,-9.92099999999994,-4.9376161818343315e-05,4.9376161818343315e-05,1.0
9.92199999999994,-9.92199999999994,-4.9326834983359956e-05,4.9326834983359956e-05,1.0
9.92299999999994,-9.92299999999994,-4.927755742593403e-05,4.927755742593403e-05,1.0
9.923999999999939,-9.923999999999939,-4.922832909683719e-05,4.922832909683719e-05,1.0
9.924999999999939,-9.924999999999939,-4.91791499468903e-05,4.91791499468903e-05,1.0
9.925999999999938,-9.925999999999938,-4.913001992696333e-05,4.913001992696333e-05,1.0
9.926999999999937,-9.926999999999937,-4.908093898797535e-05,4.908093898797535e-05,1.0
9.927999999999937,-9.927999999999937,-4.903190708089446e-05,4.903190708089446e-05,1.0
9.928999999999936,-9.928999999999936,-4.898292415673772e-05,4.898292415673772e-05,1.0
9.929999999999936,-9.929999999999936,-4.8933990166571145e-05,4.8933990166571145e-05,1.0
9.930999999999935,-9.930999999999935,-4.888510506150964e-05,4.888510506150964e-05,1.0
9.931999999999935,-9.931999999999935,-4.883626879271692e-05,4.883626879271692e-05,1.0
9.932999999999934,-9.932999999999934,-4.878748131140552e-05,4.878748131140552e-05,1.0
9.933999999999934,-9.933999999999934,-4.873874256883668e-05,4.873874256883668e-05,1.0
9.934999999999933,-9.934999999999933,-4.869005251632036e-05,4.869005251632036e-05,1.0
9.935999999999932,-9.935999999999932,-4.864141110521515e-05,4.864141110521515e-05,1.0
9.936999999999932,-9.936999999999932,-4.859281828692821e-05,4.859281828692821e-05,1.0
9.937999999999931,-9.937999999999931,-4.85442740129153e-05,4.85442740129153e-05,1.0
9.93899999999993,-9.93899999999993,-4.849577823468062e-05,4.849577823468062e-05,1.0
9.93999999999993,-9.93999999999993,-4.844733090377684e-05,4.844733090377684e-05,1.0
9.94099999999993,-9.94099999999993,-4.8398931971805034e-05,4.8398931971805034e-05,1.0
9.94199999999993,-9.94199999999993,-4.835058139041462e-05,4.835058139041462e-05,1.0
9.942999999999929,-9.942999999999929,-4.830227911130332e-05,4.830227911130332e-05,1.0
9.943999999999928,-9.943999999999928,-4.8254025086217096e-05,4.8254025086217096e-05,1.0
9.944999999999927,-9.944999999999927,-4.820581926695014e-05,4.820581926695014e-05,1.0
9.945999999999927,-9.945999999999927,-4.81576616053448e-05,4.81576616053448e-05,1.0
9.946999999999926,-9.946999999999926,-4.810955205329151e-05,4.810955205329151e-05,1.0
9.947999999999926,-9.947999999999926,-4.8061490562728785e-05,4.8061490562728785e-05,1.0
9.948999999999925,-9.948999999999925,-4.801347708564315e-05,4.801347708564315e-05,1.0
9.949999999999925,-9.949999999999925,-4.796551157406908e-05,4.796551157406908e-05,1.0
9.950999999999924,-9.950999999999924,-4.791759398008899e-05,4.791759398008899e-05,1.0
9.951999999999924,-9.951999999999924,-4.786972425583316e-05,4.786972425583316e-05,1.0
9.952999999999923,-9.952999999999923,-4.782190235347968e-05,4.782190235347968e-05,1.0
9.953999999999922,-9.953999999999922,-4.777412822525443e-05,4.777412822525443e-05,1.0
9.954999999999922,-9.954999999999922,-4.7726401823431e-05,4.7726401823431e-05,1.0
9.955999999999921,-9.955999999999921,-4.7678723100330664e-05,4.7678723100330664e-05,1.0
9.95699999999992,-9.95699999999992,-4.7631092008322346e-05,4.7631092008322346e-05,1.0
9.95799999999992,-9.95799999999992,-4.7583508499822526e-05,4.7583508499822526e-05,1.0
9.95899999999992,-9.95899999999992,-4.7535972527295225e-05,4.7535972527295225e-05,1.0
9.95999999999992,-9.95999999999992,-4.7488484043251976e-05,4.7488484043251976e-05,1.0
9.960999999999919,-9.960999999999919,-4.744104300025173e-05,4.744104300025173e-05,1.0
9.961999999999918,-9.961999999999918,-4.739364935090082e-05,4.739364935090082e-05,1.0
9.962999999999917,-9.962999999999917,-4.734630304785297e-05,4.734630304785297e-05,1.0
9.963999999999917,-9.963999999999917,-4.729900404380916e-05,4.729900404380916e-05,1.0
9.964999999999916,-9.964999999999916,-4.725175229151764e-05,4.725175229151764e-05,1.0
9.965999999999916,-9.965999999999916,-4.720454774377387e-05,4.720454774377387e-05,1.0
9.966999999999915,-9.966999999999915,-4.715739035342045e-05,4.715739035342045e-05,1.0
9.967999999999915,-9.967999999999915,-4.7110280073347104e-05,4.7110280073347104e-05,1.0
9.968999999999914,-9.968999999999914,-4.7063216856490616e-05,4.7063216856490616e-05,1.0
9.969999999999914,-9.969999999999914,-4.701620065583478e-05,4.701620065583478e-05,1.0
9.970999999999913,-9.970999999999913,-4.6969231424410374e-05,4.6969231424410374e-05,1.0
9.971999999999912,-9.971999999999912,-4.6922309115295076e-05,4.6922309115295076e-05,1.0
9.972999999999912,-9.972999999999912,-4.687543368161346e-05,4.687543368161346e-05,1.0
9.973999999999911,-9.973999999999911,-4.682860507653693e-05,4.682860507653693e-05,1.0
9.97499999999991,-9.97499999999991,-4.6781823253283644e-05,4.6781823253283644e-05,1.0
9.97599999999991,-9.97599999999991,-4.673508816511852e-05,4.673508816511852e-05,1.0
9.97699999999991,-9.97699999999991,-4.668839976535317e-05,4.668839976535317e-05,1.0
9.97799999999991,-9.97799999999991,-4.6641758007345825e-05,4.6641758007345825e-05,1.0
9.978999999999909,-9.978999999999909,-4.659516284450132e-05,4.659516284450132e-05,1.0
9.979999999999908,-9.979999999999908,-4.654861423027105e-05,4.654861423027105e-05,1.0
9.980999999999908,-9.980999999999908,-4.6502112118152906e-05,4.6502112118152906e-05,1.0
9.981999999999907,-9.981999999999907,-4.645565646169122e-05,4.645565646169122e-05,1.0
9.982999999999906,-9.982999999999906,-4.6409247214476736e-05,4.6409247214476736e-05,1.0
9.983999999999906,-9.983999999999906,-4.636288433014659e-05,4.636288433014659e-05,1.0
9.984999999999905,-9.984999999999905,-4.631656776238421e-05,4.631656776238421e-05,1.0
9.985999999999905,-9.985999999999905,-4.627029746491929e-05,4.627029746491929e-05,1.0
9.986999999999904,-9.986999999999904,-4.622407339152777e-05,4.622407339152777e-05,1.0
9.987999999999904,-9.987999999999904,-4.6177895496031733e-05,4.6177895496031733e-05,1.0
9.988999999999903,-9.988999999999903,-4.613176373229943e-05,4.613176373229943e-05,1.0
9.989999999999903,-9.989999999999903,-4.608567805424518e-05,4.608567805424518e-05,1.0
9.990999999999902,-9.990999999999902,-4.603963841582936e-05,4.603963841582936e-05,1.0
9.991999999999901,-9.991999999999901,-4.599364477105829e-05,4.599364477105829e-05,1.0
9.9929999999999,-9.9929999999999,-4.5947697073984315e-05,4.5947697073984315e-05,1.0
9.9939999999999,-9.9939999999999,-4.590179527870561e-05,4.590179527870561e-05,1.0
9.9949999999999,-9.9949999999999,-4.5855939339366247e-05,4.5855939339366247e-05,1.0
9.9959999999999,-9.9959999999999,-4.5810129210156094e-05,4.5810129210156094e-05,1.0
9.996999999999899,-9.996999999999899,-4.576436484531078e-05,4.576436484531078e-05,1.0
9.997999999999898,-9.997999999999898,-4.5718646199111675e-05,4.5718646199111675e-05,1.0
9.998999999999898,-9.998999999999898,-4.5672973225885785e-05,4.5672973225885785e-05,1.0
9.999999999999897,-9.999999999999897,-4.562734588000578e-05,4.562734588000578e-05,1.0
10.0,-10.0,-4.5627345880001075e-05,4.5627345880001075e-05,1.0
